[0.000000] (-) TimerEvent: {}
[0.000267] (moveit_msgs) JobQueued: {'identifier': 'moveit_msgs', 'dependencies': OrderedDict()}
[0.000307] (robotiq_description) JobQueued: {'identifier': 'robotiq_description', 'dependencies': OrderedDict()}
[0.000326] (ros_tcp_endpoint) JobQueued: {'identifier': 'ros_tcp_endpoint', 'dependencies': OrderedDict()}
[0.000343] (unity_robotics_demo) JobQueued: {'identifier': 'unity_robotics_demo', 'dependencies': OrderedDict()}
[0.000358] (unity_robotics_demo_msgs) JobQueued: {'identifier': 'unity_robotics_demo_msgs', 'dependencies': OrderedDict()}
[0.000374] (unity_ros_msgs) JobQueued: {'identifier': 'unity_ros_msgs', 'dependencies': OrderedDict([('moveit_msgs', '/home/yadhu/ur3e/src/install/moveit_msgs')])}
[0.000392] (ur_description) JobQueued: {'identifier': 'ur_description', 'dependencies': OrderedDict([('robotiq_description', '/home/yadhu/ur3e/src/install/robotiq_description')])}
[0.000408] (ur_robotiq) JobQueued: {'identifier': 'ur_robotiq', 'dependencies': OrderedDict([('moveit_msgs', '/home/yadhu/ur3e/src/install/moveit_msgs')])}
[0.000425] (cppfile) JobQueued: {'identifier': 'cppfile', 'dependencies': OrderedDict([('moveit_msgs', '/home/yadhu/ur3e/src/install/moveit_msgs'), ('robotiq_description', '/home/yadhu/ur3e/src/install/robotiq_description'), ('unity_robotics_demo_msgs', '/home/yadhu/ur3e/src/install/unity_robotics_demo_msgs'), ('unity_ros_msgs', '/home/yadhu/ur3e/src/install/unity_ros_msgs'), ('ur_description', '/home/yadhu/ur3e/src/install/ur_description')])}
[0.000445] (pyfile) JobQueued: {'identifier': 'pyfile', 'dependencies': OrderedDict([('robotiq_description', '/home/yadhu/ur3e/src/install/robotiq_description'), ('ur_description', '/home/yadhu/ur3e/src/install/ur_description')])}
[0.000462] (ur3e_gripper_moveit) JobQueued: {'identifier': 'ur3e_gripper_moveit', 'dependencies': OrderedDict([('robotiq_description', '/home/yadhu/ur3e/src/install/robotiq_description'), ('ur_description', '/home/yadhu/ur3e/src/install/ur_description')])}
[0.000478] (ur_moveit_config) JobQueued: {'identifier': 'ur_moveit_config', 'dependencies': OrderedDict([('robotiq_description', '/home/yadhu/ur3e/src/install/robotiq_description'), ('ur_description', '/home/yadhu/ur3e/src/install/ur_description')])}
[0.000495] (robotiq_description) JobStarted: {'identifier': 'robotiq_description'}
[0.010531] (moveit_msgs) JobStarted: {'identifier': 'moveit_msgs'}
[0.014158] (unity_robotics_demo_msgs) JobStarted: {'identifier': 'unity_robotics_demo_msgs'}
[0.016891] (ros_tcp_endpoint) JobStarted: {'identifier': 'ros_tcp_endpoint'}
[0.021199] (unity_robotics_demo) JobStarted: {'identifier': 'unity_robotics_demo'}
[0.032565] (robotiq_description) JobProgress: {'identifier': 'robotiq_description', 'progress': 'cmake'}
[0.033260] (robotiq_description) JobProgress: {'identifier': 'robotiq_description', 'progress': 'build'}
[0.033772] (robotiq_description) Command: {'cmd': ['/usr/bin/cmake', '--build', '/home/yadhu/ur3e/src/build/robotiq_description', '--', '-j16', '-l16'], 'cwd': '/home/yadhu/ur3e/src/build/robotiq_description', 'env': OrderedDict([('HOSTNAME', 'yadhuk'), ('GIT_ASKPASS', '/vscode/vscode-server/bin/linux-x64/e54c774e0add60467559eb0d1e229c6452cf8447/extensions/git/dist/askpass.sh'), ('SHLVL', '2'), ('LD_LIBRARY_PATH', '/usr/lib/x86_64-linux-gnu/gazebo-11/plugins:/opt/ros/humble/opt/rviz_ogre_vendor/lib:/opt/ros/humble/lib/x86_64-linux-gnu:/opt/ros/humble/lib'), ('BROWSER', '/vscode/vscode-server/bin/linux-x64/e54c774e0add60467559eb0d1e229c6452cf8447/bin/helpers/browser.sh'), ('HOME', '/home/yadhu'), ('OLDPWD', '/home/yadhu/ur3e'), ('TERM_PROGRAM_VERSION', '1.97.2'), ('VSCODE_IPC_HOOK_CLI', '/tmp/vscode-ipc-191d809e-ad6a-48a3-8c83-2991c7349be6.sock'), ('DEBUGPY_ADAPTER_ENDPOINTS', '/home/yadhu/.vscode-server/extensions/ms-python.debugpy-2025.0.1-linux-x64/.noConfigDebugAdapterEndpoints/endpoint-00e5a96652343ffc.txt'), ('ROS_PYTHON_VERSION', '3'), ('VSCODE_GIT_ASKPASS_MAIN', '/vscode/vscode-server/bin/linux-x64/e54c774e0add60467559eb0d1e229c6452cf8447/extensions/git/dist/askpass-main.js'), ('VSCODE_GIT_ASKPASS_NODE', '/vscode/vscode-server/bin/linux-x64/e54c774e0add60467559eb0d1e229c6452cf8447/node'), ('PYDEVD_DISABLE_FILE_VALIDATION', '1'), ('BUNDLED_DEBUGPY_PATH', '/home/yadhu/.vscode-server/extensions/ms-python.debugpy-2025.0.1-linux-x64/bundled/libs/debugpy'), ('COLORTERM', 'truecolor'), ('REMOTE_CONTAINERS', 'true'), ('ROS_DISTRO', 'humble'), ('REMOTE_CONTAINERS_IPC', '/tmp/vscode-remote-containers-ipc-3b15b7cf-88ad-4a56-828c-69c61a495d31.sock'), ('_', '/usr/bin/colcon'), ('ROS_VERSION', '2'), ('TERM', 'xterm-256color'), ('ROS_LOCALHOST_ONLY', '0'), ('PATH', '/vscode/vscode-server/bin/linux-x64/e54c774e0add60467559eb0d1e229c6452cf8447/bin/remote-cli:/opt/ros/humble/bin:/usr/local/sbin:/usr/local/bin:/usr/sbin:/usr/bin:/sbin:/bin:/home/yadhu/.vscode-server/extensions/ms-python.debugpy-2025.0.1-linux-x64/bundled/scripts/noConfigScripts'), ('REMOTE_CONTAINERS_SOCKETS', '["/tmp/vscode-ssh-auth-3b15b7cf-88ad-4a56-828c-69c61a495d31.sock","/home/yadhu/.gnupg/S.gpg-agent"]'), ('DISPLAY', ':1'), ('LANG', 'C.UTF-8'), ('RMW_IMPLEMENTATION', 'rmw_cyclonedds_cpp'), ('LS_COLORS', 'rs=0:di=01;34:ln=01;36:mh=00:pi=40;33:so=01;35:do=01;35:bd=40;33;01:cd=40;33;01:or=40;31;01:mi=00:su=37;41:sg=30;43:ca=30;41:tw=30;42:ow=34;42:st=37;44:ex=01;32:*.tar=01;31:*.tgz=01;31:*.arc=01;31:*.arj=01;31:*.taz=01;31:*.lha=01;31:*.lz4=01;31:*.lzh=01;31:*.lzma=01;31:*.tlz=01;31:*.txz=01;31:*.tzo=01;31:*.t7z=01;31:*.zip=01;31:*.z=01;31:*.dz=01;31:*.gz=01;31:*.lrz=01;31:*.lz=01;31:*.lzo=01;31:*.xz=01;31:*.zst=01;31:*.tzst=01;31:*.bz2=01;31:*.bz=01;31:*.tbz=01;31:*.tbz2=01;31:*.tz=01;31:*.deb=01;31:*.rpm=01;31:*.jar=01;31:*.war=01;31:*.ear=01;31:*.sar=01;31:*.rar=01;31:*.alz=01;31:*.ace=01;31:*.zoo=01;31:*.cpio=01;31:*.7z=01;31:*.rz=01;31:*.cab=01;31:*.wim=01;31:*.swm=01;31:*.dwm=01;31:*.esd=01;31:*.jpg=01;35:*.jpeg=01;35:*.mjpg=01;35:*.mjpeg=01;35:*.gif=01;35:*.bmp=01;35:*.pbm=01;35:*.pgm=01;35:*.ppm=01;35:*.tga=01;35:*.xbm=01;35:*.xpm=01;35:*.tif=01;35:*.tiff=01;35:*.png=01;35:*.svg=01;35:*.svgz=01;35:*.mng=01;35:*.pcx=01;35:*.mov=01;35:*.mpg=01;35:*.mpeg=01;35:*.m2v=01;35:*.mkv=01;35:*.webm=01;35:*.webp=01;35:*.ogm=01;35:*.mp4=01;35:*.m4v=01;35:*.mp4v=01;35:*.vob=01;35:*.qt=01;35:*.nuv=01;35:*.wmv=01;35:*.asf=01;35:*.rm=01;35:*.rmvb=01;35:*.flc=01;35:*.avi=01;35:*.fli=01;35:*.flv=01;35:*.gl=01;35:*.dl=01;35:*.xcf=01;35:*.xwd=01;35:*.yuv=01;35:*.cgm=01;35:*.emf=01;35:*.ogv=01;35:*.ogx=01;35:*.aac=00;36:*.au=00;36:*.flac=00;36:*.m4a=00;36:*.mid=00;36:*.midi=00;36:*.mka=00;36:*.mp3=00;36:*.mpc=00;36:*.ogg=00;36:*.ra=00;36:*.wav=00;36:*.oga=00;36:*.opus=00;36:*.spx=00;36:*.xspf=00;36:'), ('VSCODE_GIT_IPC_HANDLE', '/tmp/vscode-git-09c052f1c4.sock'), ('TERM_PROGRAM', 'vscode'), ('SSH_AUTH_SOCK', '/tmp/vscode-ssh-auth-3b15b7cf-88ad-4a56-828c-69c61a495d31.sock'), ('ROS_DOMAIN_ID', '42'), ('AMENT_PREFIX_PATH', '/opt/ros/humble'), ('SHELL', '/bin/bash'), ('ROS_AUTOMATIC_DISCOVERY_RANGE', 'LOCALHOST'), ('VSCODE_GIT_ASKPASS_EXTRA_ARGS', ''), ('PWD', '/home/yadhu/ur3e/src/build/robotiq_description'), ('LC_ALL', 'C.UTF-8'), ('PYTHONPATH', '/opt/ros/humble/lib/python3.10/site-packages:/opt/ros/humble/local/lib/python3.10/dist-packages'), ('COLCON', '1'), ('CMAKE_PREFIX_PATH', '/opt/ros/humble')]), 'shell': False}
[0.035693] (moveit_msgs) JobProgress: {'identifier': 'moveit_msgs', 'progress': 'cmake'}
[0.036357] (moveit_msgs) JobProgress: {'identifier': 'moveit_msgs', 'progress': 'build'}
[0.036525] (moveit_msgs) Command: {'cmd': ['/usr/bin/cmake', '--build', '/home/yadhu/ur3e/src/build/moveit_msgs', '--', '-j16', '-l16'], 'cwd': '/home/yadhu/ur3e/src/build/moveit_msgs', 'env': OrderedDict([('HOSTNAME', 'yadhuk'), ('GIT_ASKPASS', '/vscode/vscode-server/bin/linux-x64/e54c774e0add60467559eb0d1e229c6452cf8447/extensions/git/dist/askpass.sh'), ('SHLVL', '2'), ('LD_LIBRARY_PATH', '/usr/lib/x86_64-linux-gnu/gazebo-11/plugins:/opt/ros/humble/opt/rviz_ogre_vendor/lib:/opt/ros/humble/lib/x86_64-linux-gnu:/opt/ros/humble/lib'), ('BROWSER', '/vscode/vscode-server/bin/linux-x64/e54c774e0add60467559eb0d1e229c6452cf8447/bin/helpers/browser.sh'), ('HOME', '/home/yadhu'), ('OLDPWD', '/home/yadhu/ur3e'), ('TERM_PROGRAM_VERSION', '1.97.2'), ('VSCODE_IPC_HOOK_CLI', '/tmp/vscode-ipc-191d809e-ad6a-48a3-8c83-2991c7349be6.sock'), ('DEBUGPY_ADAPTER_ENDPOINTS', '/home/yadhu/.vscode-server/extensions/ms-python.debugpy-2025.0.1-linux-x64/.noConfigDebugAdapterEndpoints/endpoint-00e5a96652343ffc.txt'), ('ROS_PYTHON_VERSION', '3'), ('VSCODE_GIT_ASKPASS_MAIN', '/vscode/vscode-server/bin/linux-x64/e54c774e0add60467559eb0d1e229c6452cf8447/extensions/git/dist/askpass-main.js'), ('VSCODE_GIT_ASKPASS_NODE', '/vscode/vscode-server/bin/linux-x64/e54c774e0add60467559eb0d1e229c6452cf8447/node'), ('PYDEVD_DISABLE_FILE_VALIDATION', '1'), ('BUNDLED_DEBUGPY_PATH', '/home/yadhu/.vscode-server/extensions/ms-python.debugpy-2025.0.1-linux-x64/bundled/libs/debugpy'), ('COLORTERM', 'truecolor'), ('REMOTE_CONTAINERS', 'true'), ('ROS_DISTRO', 'humble'), ('REMOTE_CONTAINERS_IPC', '/tmp/vscode-remote-containers-ipc-3b15b7cf-88ad-4a56-828c-69c61a495d31.sock'), ('_', '/usr/bin/colcon'), ('ROS_VERSION', '2'), ('TERM', 'xterm-256color'), ('ROS_LOCALHOST_ONLY', '0'), ('PATH', '/vscode/vscode-server/bin/linux-x64/e54c774e0add60467559eb0d1e229c6452cf8447/bin/remote-cli:/opt/ros/humble/bin:/usr/local/sbin:/usr/local/bin:/usr/sbin:/usr/bin:/sbin:/bin:/home/yadhu/.vscode-server/extensions/ms-python.debugpy-2025.0.1-linux-x64/bundled/scripts/noConfigScripts'), ('REMOTE_CONTAINERS_SOCKETS', '["/tmp/vscode-ssh-auth-3b15b7cf-88ad-4a56-828c-69c61a495d31.sock","/home/yadhu/.gnupg/S.gpg-agent"]'), ('DISPLAY', ':1'), ('LANG', 'C.UTF-8'), ('RMW_IMPLEMENTATION', 'rmw_cyclonedds_cpp'), ('LS_COLORS', 'rs=0:di=01;34:ln=01;36:mh=00:pi=40;33:so=01;35:do=01;35:bd=40;33;01:cd=40;33;01:or=40;31;01:mi=00:su=37;41:sg=30;43:ca=30;41:tw=30;42:ow=34;42:st=37;44:ex=01;32:*.tar=01;31:*.tgz=01;31:*.arc=01;31:*.arj=01;31:*.taz=01;31:*.lha=01;31:*.lz4=01;31:*.lzh=01;31:*.lzma=01;31:*.tlz=01;31:*.txz=01;31:*.tzo=01;31:*.t7z=01;31:*.zip=01;31:*.z=01;31:*.dz=01;31:*.gz=01;31:*.lrz=01;31:*.lz=01;31:*.lzo=01;31:*.xz=01;31:*.zst=01;31:*.tzst=01;31:*.bz2=01;31:*.bz=01;31:*.tbz=01;31:*.tbz2=01;31:*.tz=01;31:*.deb=01;31:*.rpm=01;31:*.jar=01;31:*.war=01;31:*.ear=01;31:*.sar=01;31:*.rar=01;31:*.alz=01;31:*.ace=01;31:*.zoo=01;31:*.cpio=01;31:*.7z=01;31:*.rz=01;31:*.cab=01;31:*.wim=01;31:*.swm=01;31:*.dwm=01;31:*.esd=01;31:*.jpg=01;35:*.jpeg=01;35:*.mjpg=01;35:*.mjpeg=01;35:*.gif=01;35:*.bmp=01;35:*.pbm=01;35:*.pgm=01;35:*.ppm=01;35:*.tga=01;35:*.xbm=01;35:*.xpm=01;35:*.tif=01;35:*.tiff=01;35:*.png=01;35:*.svg=01;35:*.svgz=01;35:*.mng=01;35:*.pcx=01;35:*.mov=01;35:*.mpg=01;35:*.mpeg=01;35:*.m2v=01;35:*.mkv=01;35:*.webm=01;35:*.webp=01;35:*.ogm=01;35:*.mp4=01;35:*.m4v=01;35:*.mp4v=01;35:*.vob=01;35:*.qt=01;35:*.nuv=01;35:*.wmv=01;35:*.asf=01;35:*.rm=01;35:*.rmvb=01;35:*.flc=01;35:*.avi=01;35:*.fli=01;35:*.flv=01;35:*.gl=01;35:*.dl=01;35:*.xcf=01;35:*.xwd=01;35:*.yuv=01;35:*.cgm=01;35:*.emf=01;35:*.ogv=01;35:*.ogx=01;35:*.aac=00;36:*.au=00;36:*.flac=00;36:*.m4a=00;36:*.mid=00;36:*.midi=00;36:*.mka=00;36:*.mp3=00;36:*.mpc=00;36:*.ogg=00;36:*.ra=00;36:*.wav=00;36:*.oga=00;36:*.opus=00;36:*.spx=00;36:*.xspf=00;36:'), ('VSCODE_GIT_IPC_HANDLE', '/tmp/vscode-git-09c052f1c4.sock'), ('TERM_PROGRAM', 'vscode'), ('SSH_AUTH_SOCK', '/tmp/vscode-ssh-auth-3b15b7cf-88ad-4a56-828c-69c61a495d31.sock'), ('ROS_DOMAIN_ID', '42'), ('AMENT_PREFIX_PATH', '/opt/ros/humble'), ('SHELL', '/bin/bash'), ('ROS_AUTOMATIC_DISCOVERY_RANGE', 'LOCALHOST'), ('VSCODE_GIT_ASKPASS_EXTRA_ARGS', ''), ('PWD', '/home/yadhu/ur3e/src/build/moveit_msgs'), ('LC_ALL', 'C.UTF-8'), ('PYTHONPATH', '/opt/ros/humble/lib/python3.10/site-packages:/opt/ros/humble/local/lib/python3.10/dist-packages'), ('COLCON', '1'), ('CMAKE_PREFIX_PATH', '/opt/ros/humble')]), 'shell': False}
[0.037669] (unity_robotics_demo_msgs) JobProgress: {'identifier': 'unity_robotics_demo_msgs', 'progress': 'cmake'}
[0.038124] (unity_robotics_demo_msgs) JobProgress: {'identifier': 'unity_robotics_demo_msgs', 'progress': 'build'}
[0.038341] (unity_robotics_demo_msgs) Command: {'cmd': ['/usr/bin/cmake', '--build', '/home/yadhu/ur3e/src/build/unity_robotics_demo_msgs', '--', '-j16', '-l16'], 'cwd': '/home/yadhu/ur3e/src/build/unity_robotics_demo_msgs', 'env': OrderedDict([('HOSTNAME', 'yadhuk'), ('GIT_ASKPASS', '/vscode/vscode-server/bin/linux-x64/e54c774e0add60467559eb0d1e229c6452cf8447/extensions/git/dist/askpass.sh'), ('SHLVL', '2'), ('LD_LIBRARY_PATH', '/usr/lib/x86_64-linux-gnu/gazebo-11/plugins:/opt/ros/humble/opt/rviz_ogre_vendor/lib:/opt/ros/humble/lib/x86_64-linux-gnu:/opt/ros/humble/lib'), ('BROWSER', '/vscode/vscode-server/bin/linux-x64/e54c774e0add60467559eb0d1e229c6452cf8447/bin/helpers/browser.sh'), ('HOME', '/home/yadhu'), ('OLDPWD', '/home/yadhu/ur3e'), ('TERM_PROGRAM_VERSION', '1.97.2'), ('VSCODE_IPC_HOOK_CLI', '/tmp/vscode-ipc-191d809e-ad6a-48a3-8c83-2991c7349be6.sock'), ('DEBUGPY_ADAPTER_ENDPOINTS', '/home/yadhu/.vscode-server/extensions/ms-python.debugpy-2025.0.1-linux-x64/.noConfigDebugAdapterEndpoints/endpoint-00e5a96652343ffc.txt'), ('ROS_PYTHON_VERSION', '3'), ('VSCODE_GIT_ASKPASS_MAIN', '/vscode/vscode-server/bin/linux-x64/e54c774e0add60467559eb0d1e229c6452cf8447/extensions/git/dist/askpass-main.js'), ('VSCODE_GIT_ASKPASS_NODE', '/vscode/vscode-server/bin/linux-x64/e54c774e0add60467559eb0d1e229c6452cf8447/node'), ('PYDEVD_DISABLE_FILE_VALIDATION', '1'), ('BUNDLED_DEBUGPY_PATH', '/home/yadhu/.vscode-server/extensions/ms-python.debugpy-2025.0.1-linux-x64/bundled/libs/debugpy'), ('COLORTERM', 'truecolor'), ('REMOTE_CONTAINERS', 'true'), ('ROS_DISTRO', 'humble'), ('REMOTE_CONTAINERS_IPC', '/tmp/vscode-remote-containers-ipc-3b15b7cf-88ad-4a56-828c-69c61a495d31.sock'), ('_', '/usr/bin/colcon'), ('ROS_VERSION', '2'), ('TERM', 'xterm-256color'), ('ROS_LOCALHOST_ONLY', '0'), ('PATH', '/vscode/vscode-server/bin/linux-x64/e54c774e0add60467559eb0d1e229c6452cf8447/bin/remote-cli:/opt/ros/humble/bin:/usr/local/sbin:/usr/local/bin:/usr/sbin:/usr/bin:/sbin:/bin:/home/yadhu/.vscode-server/extensions/ms-python.debugpy-2025.0.1-linux-x64/bundled/scripts/noConfigScripts'), ('REMOTE_CONTAINERS_SOCKETS', '["/tmp/vscode-ssh-auth-3b15b7cf-88ad-4a56-828c-69c61a495d31.sock","/home/yadhu/.gnupg/S.gpg-agent"]'), ('DISPLAY', ':1'), ('LANG', 'C.UTF-8'), ('RMW_IMPLEMENTATION', 'rmw_cyclonedds_cpp'), ('LS_COLORS', 'rs=0:di=01;34:ln=01;36:mh=00:pi=40;33:so=01;35:do=01;35:bd=40;33;01:cd=40;33;01:or=40;31;01:mi=00:su=37;41:sg=30;43:ca=30;41:tw=30;42:ow=34;42:st=37;44:ex=01;32:*.tar=01;31:*.tgz=01;31:*.arc=01;31:*.arj=01;31:*.taz=01;31:*.lha=01;31:*.lz4=01;31:*.lzh=01;31:*.lzma=01;31:*.tlz=01;31:*.txz=01;31:*.tzo=01;31:*.t7z=01;31:*.zip=01;31:*.z=01;31:*.dz=01;31:*.gz=01;31:*.lrz=01;31:*.lz=01;31:*.lzo=01;31:*.xz=01;31:*.zst=01;31:*.tzst=01;31:*.bz2=01;31:*.bz=01;31:*.tbz=01;31:*.tbz2=01;31:*.tz=01;31:*.deb=01;31:*.rpm=01;31:*.jar=01;31:*.war=01;31:*.ear=01;31:*.sar=01;31:*.rar=01;31:*.alz=01;31:*.ace=01;31:*.zoo=01;31:*.cpio=01;31:*.7z=01;31:*.rz=01;31:*.cab=01;31:*.wim=01;31:*.swm=01;31:*.dwm=01;31:*.esd=01;31:*.jpg=01;35:*.jpeg=01;35:*.mjpg=01;35:*.mjpeg=01;35:*.gif=01;35:*.bmp=01;35:*.pbm=01;35:*.pgm=01;35:*.ppm=01;35:*.tga=01;35:*.xbm=01;35:*.xpm=01;35:*.tif=01;35:*.tiff=01;35:*.png=01;35:*.svg=01;35:*.svgz=01;35:*.mng=01;35:*.pcx=01;35:*.mov=01;35:*.mpg=01;35:*.mpeg=01;35:*.m2v=01;35:*.mkv=01;35:*.webm=01;35:*.webp=01;35:*.ogm=01;35:*.mp4=01;35:*.m4v=01;35:*.mp4v=01;35:*.vob=01;35:*.qt=01;35:*.nuv=01;35:*.wmv=01;35:*.asf=01;35:*.rm=01;35:*.rmvb=01;35:*.flc=01;35:*.avi=01;35:*.fli=01;35:*.flv=01;35:*.gl=01;35:*.dl=01;35:*.xcf=01;35:*.xwd=01;35:*.yuv=01;35:*.cgm=01;35:*.emf=01;35:*.ogv=01;35:*.ogx=01;35:*.aac=00;36:*.au=00;36:*.flac=00;36:*.m4a=00;36:*.mid=00;36:*.midi=00;36:*.mka=00;36:*.mp3=00;36:*.mpc=00;36:*.ogg=00;36:*.ra=00;36:*.wav=00;36:*.oga=00;36:*.opus=00;36:*.spx=00;36:*.xspf=00;36:'), ('VSCODE_GIT_IPC_HANDLE', '/tmp/vscode-git-09c052f1c4.sock'), ('TERM_PROGRAM', 'vscode'), ('SSH_AUTH_SOCK', '/tmp/vscode-ssh-auth-3b15b7cf-88ad-4a56-828c-69c61a495d31.sock'), ('ROS_DOMAIN_ID', '42'), ('AMENT_PREFIX_PATH', '/opt/ros/humble'), ('SHELL', '/bin/bash'), ('ROS_AUTOMATIC_DISCOVERY_RANGE', 'LOCALHOST'), ('VSCODE_GIT_ASKPASS_EXTRA_ARGS', ''), ('PWD', '/home/yadhu/ur3e/src/build/unity_robotics_demo_msgs'), ('LC_ALL', 'C.UTF-8'), ('PYTHONPATH', '/opt/ros/humble/lib/python3.10/site-packages:/opt/ros/humble/local/lib/python3.10/dist-packages'), ('COLCON', '1'), ('CMAKE_PREFIX_PATH', '/opt/ros/humble')]), 'shell': False}
[0.099553] (-) TimerEvent: {}
[0.199812] (-) TimerEvent: {}
[0.231575] (moveit_msgs) StdoutLine: {'line': b'[  0%] Built target moveit_msgs__cpp\n'}
[0.232511] (moveit_msgs) StdoutLine: {'line': b'\x1b[35m\x1b[1mConsolidate compiler generated dependencies of target moveit_msgs__rosidl_generator_c\x1b[0m\n'}
[0.232572] (moveit_msgs) StdoutLine: {'line': b'\x1b[35m\x1b[1mConsolidate compiler generated dependencies of target moveit_msgs__rosidl_typesupport_cpp\x1b[0m\n'}
[0.232618] (moveit_msgs) StdoutLine: {'line': b'\x1b[35m\x1b[1mConsolidate compiler generated dependencies of target moveit_msgs__rosidl_typesupport_introspection_cpp\x1b[0m\n'}
[0.232661] (moveit_msgs) StdoutLine: {'line': b'\x1b[35m\x1b[1mConsolidate compiler generated dependencies of target moveit_msgs__rosidl_typesupport_fastrtps_cpp\x1b[0m\n'}
[0.232703] (moveit_msgs) StdoutLine: {'line': b'[ 12%] Built target moveit_msgs__rosidl_generator_c\n'}
[0.232746] (moveit_msgs) StdoutLine: {'line': b'[ 12%] Built target ament_cmake_python_copy_moveit_msgs\n'}
[0.232846] (moveit_msgs) StdoutLine: {'line': b'\x1b[35m\x1b[1mConsolidate compiler generated dependencies of target moveit_msgs__rosidl_typesupport_c\x1b[0m\n'}
[0.232901] (moveit_msgs) StdoutLine: {'line': b'\x1b[35m\x1b[1mConsolidate compiler generated dependencies of target moveit_msgs__rosidl_typesupport_introspection_c\x1b[0m\n'}
[0.232935] (moveit_msgs) StdoutLine: {'line': b'[ 37%] Built target moveit_msgs__rosidl_typesupport_introspection_cpp\n'}
[0.232967] (moveit_msgs) StdoutLine: {'line': b'[ 37%] Built target moveit_msgs__rosidl_typesupport_cpp\n'}
[0.232997] (moveit_msgs) StdoutLine: {'line': b'\x1b[35m\x1b[1mConsolidate compiler generated dependencies of target moveit_msgs__rosidl_typesupport_fastrtps_c\x1b[0m\n'}
[0.233026] (moveit_msgs) StdoutLine: {'line': b'[ 50%] Built target moveit_msgs__rosidl_typesupport_c\n'}
[0.233054] (moveit_msgs) StdoutLine: {'line': b'[ 63%] Built target moveit_msgs__rosidl_typesupport_introspection_c\n'}
[0.233083] (moveit_msgs) StdoutLine: {'line': b'[ 75%] Built target moveit_msgs__rosidl_typesupport_fastrtps_cpp\n'}
[0.233115] (unity_robotics_demo_msgs) StdoutLine: {'line': b'\x1b[35m\x1b[1mConsolidate compiler generated dependencies of target unity_robotics_demo_msgs__rosidl_generator_c\x1b[0m\n'}
[0.233294] (unity_robotics_demo_msgs) StdoutLine: {'line': b'[  1%] Built target unity_robotics_demo_msgs__cpp\n'}
[0.233331] (unity_robotics_demo_msgs) StdoutLine: {'line': b'[ 12%] Built target unity_robotics_demo_msgs__rosidl_generator_c\n'}
[0.233364] (unity_robotics_demo_msgs) StdoutLine: {'line': b'\x1b[35m\x1b[1mConsolidate compiler generated dependencies of target unity_robotics_demo_msgs__rosidl_typesupport_c\x1b[0m\n'}
[0.233395] (unity_robotics_demo_msgs) StdoutLine: {'line': b'\x1b[35m\x1b[1mConsolidate compiler generated dependencies of target unity_robotics_demo_msgs__rosidl_typesupport_fastrtps_cpp\x1b[0m\n'}
[0.233424] (unity_robotics_demo_msgs) StdoutLine: {'line': b'\x1b[35m\x1b[1mConsolidate compiler generated dependencies of target unity_robotics_demo_msgs__rosidl_typesupport_fastrtps_c\x1b[0m\n'}
[0.233452] (unity_robotics_demo_msgs) StdoutLine: {'line': b'\x1b[35m\x1b[1mConsolidate compiler generated dependencies of target unity_robotics_demo_msgs__rosidl_typesupport_cpp\x1b[0m\n'}
[0.233479] (unity_robotics_demo_msgs) StdoutLine: {'line': b'[ 12%] Built target ament_cmake_python_copy_unity_robotics_demo_msgs\n'}
[0.233507] (unity_robotics_demo_msgs) StdoutLine: {'line': b'\x1b[35m\x1b[1mConsolidate compiler generated dependencies of target unity_robotics_demo_msgs__rosidl_typesupport_introspection_c\x1b[0m\n'}
[0.233535] (unity_robotics_demo_msgs) StdoutLine: {'line': b'\x1b[35m\x1b[1mConsolidate compiler generated dependencies of target unity_robotics_demo_msgs__rosidl_typesupport_introspection_cpp\x1b[0m\n'}
[0.233562] (unity_robotics_demo_msgs) StdoutLine: {'line': b'[ 23%] Built target unity_robotics_demo_msgs__rosidl_typesupport_c\n'}
[0.233591] (unity_robotics_demo_msgs) StdoutLine: {'line': b'[ 34%] Built target unity_robotics_demo_msgs__rosidl_typesupport_introspection_c\n'}
[0.233618] (unity_robotics_demo_msgs) StdoutLine: {'line': b'[ 45%] Built target unity_robotics_demo_msgs__rosidl_typesupport_fastrtps_c\n'}
[0.233645] (unity_robotics_demo_msgs) StdoutLine: {'line': b'[ 56%] Built target unity_robotics_demo_msgs__rosidl_typesupport_cpp\n'}
[0.233673] (unity_robotics_demo_msgs) StdoutLine: {'line': b'[ 67%] Built target unity_robotics_demo_msgs__rosidl_typesupport_fastrtps_cpp\n'}
[0.233701] (unity_robotics_demo_msgs) StdoutLine: {'line': b'[ 78%] Built target unity_robotics_demo_msgs__rosidl_typesupport_introspection_cpp\n'}
[0.233729] (unity_robotics_demo_msgs) StdoutLine: {'line': b'[ 78%] Built target unity_robotics_demo_msgs\n'}
[0.233756] (unity_robotics_demo_msgs) StdoutLine: {'line': b'[ 80%] Built target unity_robotics_demo_msgs__py\n'}
[0.233795] (unity_robotics_demo_msgs) StdoutLine: {'line': b'\x1b[35m\x1b[1mConsolidate compiler generated dependencies of target unity_robotics_demo_msgs__rosidl_generator_py\x1b[0m\n'}
[0.233822] (unity_robotics_demo_msgs) StdoutLine: {'line': b'[ 89%] Built target unity_robotics_demo_msgs__rosidl_generator_py\n'}
[0.233850] (unity_robotics_demo_msgs) StdoutLine: {'line': b'\x1b[35m\x1b[1mConsolidate compiler generated dependencies of target unity_robotics_demo_msgs__rosidl_typesupport_introspection_c__pyext\x1b[0m\n'}
[0.233879] (unity_robotics_demo_msgs) StdoutLine: {'line': b'\x1b[35m\x1b[1mConsolidate compiler generated dependencies of target unity_robotics_demo_msgs__rosidl_typesupport_c__pyext\x1b[0m\n'}
[0.233906] (unity_robotics_demo_msgs) StdoutLine: {'line': b'\x1b[35m\x1b[1mConsolidate compiler generated dependencies of target unity_robotics_demo_msgs__rosidl_typesupport_fastrtps_c__pyext\x1b[0m\n'}
[0.233932] (unity_robotics_demo_msgs) StdoutLine: {'line': b'[ 92%] Built target unity_robotics_demo_msgs__rosidl_typesupport_c__pyext\n'}
[0.233960] (unity_robotics_demo_msgs) StdoutLine: {'line': b'[ 96%] Built target unity_robotics_demo_msgs__rosidl_typesupport_introspection_c__pyext\n'}
[0.233989] (unity_robotics_demo_msgs) StdoutLine: {'line': b'[100%] Built target unity_robotics_demo_msgs__rosidl_typesupport_fastrtps_c__pyext\n'}
[0.235183] (unity_robotics_demo_msgs) StdoutLine: {'line': b'running egg_info\n'}
[0.235850] (unity_robotics_demo_msgs) StdoutLine: {'line': b'writing unity_robotics_demo_msgs.egg-info/PKG-INFO\n'}
[0.235994] (unity_robotics_demo_msgs) StdoutLine: {'line': b'writing dependency_links to unity_robotics_demo_msgs.egg-info/dependency_links.txt\n'}
[0.236084] (unity_robotics_demo_msgs) StdoutLine: {'line': b'writing top-level names to unity_robotics_demo_msgs.egg-info/top_level.txt\n'}
[0.238082] (unity_robotics_demo_msgs) StdoutLine: {'line': b"reading manifest file 'unity_robotics_demo_msgs.egg-info/SOURCES.txt'\n"}
[0.238443] (unity_robotics_demo_msgs) StdoutLine: {'line': b"writing manifest file 'unity_robotics_demo_msgs.egg-info/SOURCES.txt'\n"}
[0.254210] (unity_robotics_demo_msgs) StdoutLine: {'line': b'[100%] Built target ament_cmake_python_build_unity_robotics_demo_msgs_egg\n'}
[0.257777] (moveit_msgs) StdoutLine: {'line': b'[ 88%] Built target moveit_msgs__rosidl_typesupport_fastrtps_c\n'}
[0.271952] (moveit_msgs) StdoutLine: {'line': b'[ 88%] Built target moveit_msgs\n'}
[0.291015] (moveit_msgs) StdoutLine: {'line': b'[ 88%] Built target moveit_msgs__py\n'}
[0.299930] (-) TimerEvent: {}
[0.306350] (moveit_msgs) StdoutLine: {'line': b'running egg_info\n'}
[0.306887] (moveit_msgs) StdoutLine: {'line': b'writing moveit_msgs.egg-info/PKG-INFO\n'}
[0.307070] (moveit_msgs) StdoutLine: {'line': b'writing dependency_links to moveit_msgs.egg-info/dependency_links.txt\n'}
[0.307108] (moveit_msgs) StdoutLine: {'line': b'writing top-level names to moveit_msgs.egg-info/top_level.txt\n'}
[0.309327] (moveit_msgs) StdoutLine: {'line': b"reading manifest file 'moveit_msgs.egg-info/SOURCES.txt'\n"}
[0.310084] (moveit_msgs) StdoutLine: {'line': b"writing manifest file 'moveit_msgs.egg-info/SOURCES.txt'\n"}
[0.326263] (moveit_msgs) StdoutLine: {'line': b'\x1b[35m\x1b[1mConsolidate compiler generated dependencies of target moveit_msgs__rosidl_generator_py\x1b[0m\n'}
[0.327528] (moveit_msgs) StdoutLine: {'line': b'[ 88%] Built target ament_cmake_python_build_moveit_msgs_egg\n'}
[0.366983] (moveit_msgs) StdoutLine: {'line': b'[100%] Built target moveit_msgs__rosidl_generator_py\n'}
[0.374184] (moveit_msgs) StdoutLine: {'line': b'\x1b[35m\x1b[1mConsolidate compiler generated dependencies of target moveit_msgs__rosidl_typesupport_c__pyext\x1b[0m\n'}
[0.374342] (moveit_msgs) StdoutLine: {'line': b'\x1b[35m\x1b[1mConsolidate compiler generated dependencies of target moveit_msgs__rosidl_typesupport_fastrtps_c__pyext\x1b[0m\n'}
[0.374433] (moveit_msgs) StdoutLine: {'line': b'\x1b[35m\x1b[1mConsolidate compiler generated dependencies of target moveit_msgs__rosidl_typesupport_introspection_c__pyext\x1b[0m\n'}
[0.386491] (moveit_msgs) StdoutLine: {'line': b'[100%] Built target moveit_msgs__rosidl_typesupport_introspection_c__pyext\n'}
[0.386609] (moveit_msgs) StdoutLine: {'line': b'[100%] Built target moveit_msgs__rosidl_typesupport_fastrtps_c__pyext\n'}
[0.388333] (moveit_msgs) StdoutLine: {'line': b'[100%] Built target moveit_msgs__rosidl_typesupport_c__pyext\n'}
[0.388448] (robotiq_description) CommandEnded: {'returncode': 0}
[0.393380] (unity_robotics_demo_msgs) CommandEnded: {'returncode': 0}
[0.396408] (moveit_msgs) CommandEnded: {'returncode': 0}
[0.400013] (-) TimerEvent: {}
[0.402409] (robotiq_description) JobProgress: {'identifier': 'robotiq_description', 'progress': 'install'}
[0.408699] (robotiq_description) Command: {'cmd': ['/usr/bin/cmake', '--install', '/home/yadhu/ur3e/src/build/robotiq_description'], 'cwd': '/home/yadhu/ur3e/src/build/robotiq_description', 'env': OrderedDict([('HOSTNAME', 'yadhuk'), ('GIT_ASKPASS', '/vscode/vscode-server/bin/linux-x64/e54c774e0add60467559eb0d1e229c6452cf8447/extensions/git/dist/askpass.sh'), ('SHLVL', '2'), ('LD_LIBRARY_PATH', '/usr/lib/x86_64-linux-gnu/gazebo-11/plugins:/opt/ros/humble/opt/rviz_ogre_vendor/lib:/opt/ros/humble/lib/x86_64-linux-gnu:/opt/ros/humble/lib'), ('BROWSER', '/vscode/vscode-server/bin/linux-x64/e54c774e0add60467559eb0d1e229c6452cf8447/bin/helpers/browser.sh'), ('HOME', '/home/yadhu'), ('OLDPWD', '/home/yadhu/ur3e'), ('TERM_PROGRAM_VERSION', '1.97.2'), ('VSCODE_IPC_HOOK_CLI', '/tmp/vscode-ipc-191d809e-ad6a-48a3-8c83-2991c7349be6.sock'), ('DEBUGPY_ADAPTER_ENDPOINTS', '/home/yadhu/.vscode-server/extensions/ms-python.debugpy-2025.0.1-linux-x64/.noConfigDebugAdapterEndpoints/endpoint-00e5a96652343ffc.txt'), ('ROS_PYTHON_VERSION', '3'), ('VSCODE_GIT_ASKPASS_MAIN', '/vscode/vscode-server/bin/linux-x64/e54c774e0add60467559eb0d1e229c6452cf8447/extensions/git/dist/askpass-main.js'), ('VSCODE_GIT_ASKPASS_NODE', '/vscode/vscode-server/bin/linux-x64/e54c774e0add60467559eb0d1e229c6452cf8447/node'), ('PYDEVD_DISABLE_FILE_VALIDATION', '1'), ('BUNDLED_DEBUGPY_PATH', '/home/yadhu/.vscode-server/extensions/ms-python.debugpy-2025.0.1-linux-x64/bundled/libs/debugpy'), ('COLORTERM', 'truecolor'), ('REMOTE_CONTAINERS', 'true'), ('ROS_DISTRO', 'humble'), ('REMOTE_CONTAINERS_IPC', '/tmp/vscode-remote-containers-ipc-3b15b7cf-88ad-4a56-828c-69c61a495d31.sock'), ('_', '/usr/bin/colcon'), ('ROS_VERSION', '2'), ('TERM', 'xterm-256color'), ('ROS_LOCALHOST_ONLY', '0'), ('PATH', '/vscode/vscode-server/bin/linux-x64/e54c774e0add60467559eb0d1e229c6452cf8447/bin/remote-cli:/opt/ros/humble/bin:/usr/local/sbin:/usr/local/bin:/usr/sbin:/usr/bin:/sbin:/bin:/home/yadhu/.vscode-server/extensions/ms-python.debugpy-2025.0.1-linux-x64/bundled/scripts/noConfigScripts'), ('REMOTE_CONTAINERS_SOCKETS', '["/tmp/vscode-ssh-auth-3b15b7cf-88ad-4a56-828c-69c61a495d31.sock","/home/yadhu/.gnupg/S.gpg-agent"]'), ('DISPLAY', ':1'), ('LANG', 'C.UTF-8'), ('RMW_IMPLEMENTATION', 'rmw_cyclonedds_cpp'), ('LS_COLORS', 'rs=0:di=01;34:ln=01;36:mh=00:pi=40;33:so=01;35:do=01;35:bd=40;33;01:cd=40;33;01:or=40;31;01:mi=00:su=37;41:sg=30;43:ca=30;41:tw=30;42:ow=34;42:st=37;44:ex=01;32:*.tar=01;31:*.tgz=01;31:*.arc=01;31:*.arj=01;31:*.taz=01;31:*.lha=01;31:*.lz4=01;31:*.lzh=01;31:*.lzma=01;31:*.tlz=01;31:*.txz=01;31:*.tzo=01;31:*.t7z=01;31:*.zip=01;31:*.z=01;31:*.dz=01;31:*.gz=01;31:*.lrz=01;31:*.lz=01;31:*.lzo=01;31:*.xz=01;31:*.zst=01;31:*.tzst=01;31:*.bz2=01;31:*.bz=01;31:*.tbz=01;31:*.tbz2=01;31:*.tz=01;31:*.deb=01;31:*.rpm=01;31:*.jar=01;31:*.war=01;31:*.ear=01;31:*.sar=01;31:*.rar=01;31:*.alz=01;31:*.ace=01;31:*.zoo=01;31:*.cpio=01;31:*.7z=01;31:*.rz=01;31:*.cab=01;31:*.wim=01;31:*.swm=01;31:*.dwm=01;31:*.esd=01;31:*.jpg=01;35:*.jpeg=01;35:*.mjpg=01;35:*.mjpeg=01;35:*.gif=01;35:*.bmp=01;35:*.pbm=01;35:*.pgm=01;35:*.ppm=01;35:*.tga=01;35:*.xbm=01;35:*.xpm=01;35:*.tif=01;35:*.tiff=01;35:*.png=01;35:*.svg=01;35:*.svgz=01;35:*.mng=01;35:*.pcx=01;35:*.mov=01;35:*.mpg=01;35:*.mpeg=01;35:*.m2v=01;35:*.mkv=01;35:*.webm=01;35:*.webp=01;35:*.ogm=01;35:*.mp4=01;35:*.m4v=01;35:*.mp4v=01;35:*.vob=01;35:*.qt=01;35:*.nuv=01;35:*.wmv=01;35:*.asf=01;35:*.rm=01;35:*.rmvb=01;35:*.flc=01;35:*.avi=01;35:*.fli=01;35:*.flv=01;35:*.gl=01;35:*.dl=01;35:*.xcf=01;35:*.xwd=01;35:*.yuv=01;35:*.cgm=01;35:*.emf=01;35:*.ogv=01;35:*.ogx=01;35:*.aac=00;36:*.au=00;36:*.flac=00;36:*.m4a=00;36:*.mid=00;36:*.midi=00;36:*.mka=00;36:*.mp3=00;36:*.mpc=00;36:*.ogg=00;36:*.ra=00;36:*.wav=00;36:*.oga=00;36:*.opus=00;36:*.spx=00;36:*.xspf=00;36:'), ('VSCODE_GIT_IPC_HANDLE', '/tmp/vscode-git-09c052f1c4.sock'), ('TERM_PROGRAM', 'vscode'), ('SSH_AUTH_SOCK', '/tmp/vscode-ssh-auth-3b15b7cf-88ad-4a56-828c-69c61a495d31.sock'), ('ROS_DOMAIN_ID', '42'), ('AMENT_PREFIX_PATH', '/opt/ros/humble'), ('SHELL', '/bin/bash'), ('ROS_AUTOMATIC_DISCOVERY_RANGE', 'LOCALHOST'), ('VSCODE_GIT_ASKPASS_EXTRA_ARGS', ''), ('PWD', '/home/yadhu/ur3e/src/build/robotiq_description'), ('LC_ALL', 'C.UTF-8'), ('PYTHONPATH', '/opt/ros/humble/lib/python3.10/site-packages:/opt/ros/humble/local/lib/python3.10/dist-packages'), ('COLCON', '1'), ('CMAKE_PREFIX_PATH', '/opt/ros/humble')]), 'shell': False}
[0.415166] (robotiq_description) StdoutLine: {'line': b'-- Install configuration: ""\n'}
[0.415783] (robotiq_description) StdoutLine: {'line': b'-- Installing: /home/yadhu/ur3e/src/install/robotiq_description/share/robotiq_description/config\n'}
[0.416190] (robotiq_description) StdoutLine: {'line': b'-- Installing: /home/yadhu/ur3e/src/install/robotiq_description/share/robotiq_description/config/robotiq_controllers.yaml\n'}
[0.416233] (robotiq_description) StdoutLine: {'line': b'-- Installing: /home/yadhu/ur3e/src/install/robotiq_description/share/robotiq_description/launch\n'}
[0.416274] (robotiq_description) StdoutLine: {'line': b'-- Installing: /home/yadhu/ur3e/src/install/robotiq_description/share/robotiq_description/launch/robotiq_control.launch.py\n'}
[0.417525] (robotiq_description) StdoutLine: {'line': b'-- Installing: /home/yadhu/ur3e/src/install/robotiq_description/share/robotiq_description/launch/view_gripper.launch.py\n'}
[0.417582] (robotiq_description) StdoutLine: {'line': b'-- Installing: /home/yadhu/ur3e/src/install/robotiq_description/share/robotiq_description/meshes\n'}
[0.418218] (robotiq_description) StdoutLine: {'line': b'-- Installing: /home/yadhu/ur3e/src/install/robotiq_description/share/robotiq_description/meshes/collision\n'}
[0.418361] (robotiq_description) StdoutLine: {'line': b'-- Installing: /home/yadhu/ur3e/src/install/robotiq_description/share/robotiq_description/meshes/collision/2f_85\n'}
[0.418406] (robotiq_description) StdoutLine: {'line': b'-- Installing: /home/yadhu/ur3e/src/install/robotiq_description/share/robotiq_description/meshes/collision/2f_85/ur_to_robotiq_adapter.stl\n'}
[0.420030] (robotiq_description) StdoutLine: {'line': b'-- Installing: /home/yadhu/ur3e/src/install/robotiq_description/share/robotiq_description/meshes/collision/2f_85/right_finger_tip.stl\n'}
[0.420318] (robotiq_description) StdoutLine: {'line': b'-- Installing: /home/yadhu/ur3e/src/install/robotiq_description/share/robotiq_description/meshes/collision/2f_85/left_inner_knuckle.stl\n'}
[0.420763] (robotiq_description) StdoutLine: {'line': b'-- Installing: /home/yadhu/ur3e/src/install/robotiq_description/share/robotiq_description/meshes/collision/2f_85/right_knuckle.stl\n'}
[0.421076] (robotiq_description) StdoutLine: {'line': b'-- Installing: /home/yadhu/ur3e/src/install/robotiq_description/share/robotiq_description/meshes/collision/2f_85/left_knuckle.stl\n'}
[0.421291] (robotiq_description) StdoutLine: {'line': b'-- Installing: /home/yadhu/ur3e/src/install/robotiq_description/share/robotiq_description/meshes/collision/2f_85/left_finger_tip.stl\n'}
[0.421620] (robotiq_description) StdoutLine: {'line': b'-- Installing: /home/yadhu/ur3e/src/install/robotiq_description/share/robotiq_description/meshes/collision/2f_85/right_inner_knuckle.stl\n'}
[0.421891] (robotiq_description) StdoutLine: {'line': b'-- Installing: /home/yadhu/ur3e/src/install/robotiq_description/share/robotiq_description/meshes/collision/2f_85/robotiq_base.stl\n'}
[0.422090] (robotiq_description) StdoutLine: {'line': b'-- Installing: /home/yadhu/ur3e/src/install/robotiq_description/share/robotiq_description/meshes/collision/2f_85/left_finger.stl\n'}
[0.422645] (robotiq_description) StdoutLine: {'line': b'-- Installing: /home/yadhu/ur3e/src/install/robotiq_description/share/robotiq_description/meshes/collision/2f_85/right_finger.stl\n'}
[0.422731] (robotiq_description) StdoutLine: {'line': b'-- Installing: /home/yadhu/ur3e/src/install/robotiq_description/share/robotiq_description/meshes/visual\n'}
[0.422906] (robotiq_description) StdoutLine: {'line': b'-- Installing: /home/yadhu/ur3e/src/install/robotiq_description/share/robotiq_description/meshes/visual/2f_85\n'}
[0.422976] (robotiq_description) StdoutLine: {'line': b'-- Installing: /home/yadhu/ur3e/src/install/robotiq_description/share/robotiq_description/meshes/visual/2f_85/right_finger.dae\n'}
[0.423526] (robotiq_description) StdoutLine: {'line': b'-- Installing: /home/yadhu/ur3e/src/install/robotiq_description/share/robotiq_description/meshes/visual/2f_85/left_finger_tip.dae\n'}
[0.424389] (robotiq_description) StdoutLine: {'line': b'-- Installing: /home/yadhu/ur3e/src/install/robotiq_description/share/robotiq_description/meshes/visual/2f_85/right_inner_knuckle.dae\n'}
[0.424985] (robotiq_description) StdoutLine: {'line': b'-- Installing: /home/yadhu/ur3e/src/install/robotiq_description/share/robotiq_description/meshes/visual/2f_85/right_knuckle.dae\n'}
[0.425339] (robotiq_description) StdoutLine: {'line': b'-- Installing: /home/yadhu/ur3e/src/install/robotiq_description/share/robotiq_description/meshes/visual/2f_85/right_finger_tip.dae\n'}
[0.425898] (robotiq_description) StdoutLine: {'line': b'-- Installing: /home/yadhu/ur3e/src/install/robotiq_description/share/robotiq_description/meshes/visual/2f_85/ur_to_robotiq_adapter.dae\n'}
[0.426793] (robotiq_description) StdoutLine: {'line': b'-- Installing: /home/yadhu/ur3e/src/install/robotiq_description/share/robotiq_description/meshes/visual/2f_85/left_inner_knuckle.dae\n'}
[0.427793] (robotiq_description) StdoutLine: {'line': b'-- Installing: /home/yadhu/ur3e/src/install/robotiq_description/share/robotiq_description/meshes/visual/2f_85/left_finger.dae\n'}
[0.428501] (robotiq_description) StdoutLine: {'line': b'-- Installing: /home/yadhu/ur3e/src/install/robotiq_description/share/robotiq_description/meshes/visual/2f_85/left_knuckle.dae\n'}
[0.428990] (robotiq_description) StdoutLine: {'line': b'-- Installing: /home/yadhu/ur3e/src/install/robotiq_description/share/robotiq_description/meshes/visual/2f_85/robotiq_base.dae\n'}
[0.432201] (robotiq_description) StdoutLine: {'line': b'-- Installing: /home/yadhu/ur3e/src/install/robotiq_description/share/robotiq_description/rviz\n'}
[0.432459] (robotiq_description) StdoutLine: {'line': b'-- Installing: /home/yadhu/ur3e/src/install/robotiq_description/share/robotiq_description/rviz/view_urdf.rviz\n'}
[0.432589] (robotiq_description) StdoutLine: {'line': b'-- Installing: /home/yadhu/ur3e/src/install/robotiq_description/share/robotiq_description/urdf\n'}
[0.432676] (robotiq_description) StdoutLine: {'line': b'-- Installing: /home/yadhu/ur3e/src/install/robotiq_description/share/robotiq_description/urdf/robotiq_2f_85_macro.urdf.xacro\n'}
[0.432885] (robotiq_description) StdoutLine: {'line': b'-- Installing: /home/yadhu/ur3e/src/install/robotiq_description/share/robotiq_description/urdf/2f_85.ros2_control.xacro\n'}
[0.433117] (robotiq_description) StdoutLine: {'line': b'-- Installing: /home/yadhu/ur3e/src/install/robotiq_description/share/robotiq_description/urdf/robotiq_2f_85_gripper.urdf.xacro\n'}
[0.433288] (robotiq_description) StdoutLine: {'line': b'-- Installing: /home/yadhu/ur3e/src/install/robotiq_description/share/robotiq_description/urdf/ur_to_robotiq_adapter.urdf.xacro\n'}
[0.433622] (robotiq_description) StdoutLine: {'line': b'-- Installing: /home/yadhu/ur3e/src/install/robotiq_description/share/ament_index/resource_index/package_run_dependencies/robotiq_description\n'}
[0.433839] (robotiq_description) StdoutLine: {'line': b'-- Installing: /home/yadhu/ur3e/src/install/robotiq_description/share/ament_index/resource_index/parent_prefix_path/robotiq_description\n'}
[0.434139] (robotiq_description) StdoutLine: {'line': b'-- Installing: /home/yadhu/ur3e/src/install/robotiq_description/share/robotiq_description/environment/ament_prefix_path.sh\n'}
[0.434400] (robotiq_description) StdoutLine: {'line': b'-- Installing: /home/yadhu/ur3e/src/install/robotiq_description/share/robotiq_description/environment/ament_prefix_path.dsv\n'}
[0.434672] (robotiq_description) StdoutLine: {'line': b'-- Installing: /home/yadhu/ur3e/src/install/robotiq_description/share/robotiq_description/environment/path.sh\n'}
[0.434905] (robotiq_description) StdoutLine: {'line': b'-- Installing: /home/yadhu/ur3e/src/install/robotiq_description/share/robotiq_description/environment/path.dsv\n'}
[0.435190] (robotiq_description) StdoutLine: {'line': b'-- Installing: /home/yadhu/ur3e/src/install/robotiq_description/share/robotiq_description/local_setup.bash\n'}
[0.435277] (robotiq_description) StdoutLine: {'line': b'-- Installing: /home/yadhu/ur3e/src/install/robotiq_description/share/robotiq_description/local_setup.sh\n'}
[0.435416] (robotiq_description) StdoutLine: {'line': b'-- Installing: /home/yadhu/ur3e/src/install/robotiq_description/share/robotiq_description/local_setup.zsh\n'}
[0.435540] (robotiq_description) StdoutLine: {'line': b'-- Installing: /home/yadhu/ur3e/src/install/robotiq_description/share/robotiq_description/local_setup.dsv\n'}
[0.435664] (robotiq_description) StdoutLine: {'line': b'-- Installing: /home/yadhu/ur3e/src/install/robotiq_description/share/robotiq_description/package.dsv\n'}
[0.435841] (robotiq_description) StdoutLine: {'line': b'-- Installing: /home/yadhu/ur3e/src/install/robotiq_description/share/ament_index/resource_index/packages/robotiq_description\n'}
[0.435995] (robotiq_description) StdoutLine: {'line': b'-- Installing: /home/yadhu/ur3e/src/install/robotiq_description/share/robotiq_description/cmake/robotiq_descriptionConfig.cmake\n'}
[0.436093] (robotiq_description) StdoutLine: {'line': b'-- Installing: /home/yadhu/ur3e/src/install/robotiq_description/share/robotiq_description/cmake/robotiq_descriptionConfig-version.cmake\n'}
[0.436213] (robotiq_description) StdoutLine: {'line': b'-- Installing: /home/yadhu/ur3e/src/install/robotiq_description/share/robotiq_description/package.xml\n'}
[0.437633] (robotiq_description) CommandEnded: {'returncode': 0}
[0.463055] (robotiq_description) JobEnded: {'identifier': 'robotiq_description', 'rc': 0}
[0.463507] (ur_description) JobStarted: {'identifier': 'ur_description'}
[0.466988] (ur_description) JobProgress: {'identifier': 'ur_description', 'progress': 'cmake'}
[0.467720] (ur_description) JobProgress: {'identifier': 'ur_description', 'progress': 'build'}
[0.468223] (ur_description) Command: {'cmd': ['/usr/bin/cmake', '--build', '/home/yadhu/ur3e/src/build/ur_description', '--', '-j16', '-l16'], 'cwd': '/home/yadhu/ur3e/src/build/ur_description', 'env': OrderedDict([('HOSTNAME', 'yadhuk'), ('GIT_ASKPASS', '/vscode/vscode-server/bin/linux-x64/e54c774e0add60467559eb0d1e229c6452cf8447/extensions/git/dist/askpass.sh'), ('SHLVL', '2'), ('LD_LIBRARY_PATH', '/usr/lib/x86_64-linux-gnu/gazebo-11/plugins:/opt/ros/humble/opt/rviz_ogre_vendor/lib:/opt/ros/humble/lib/x86_64-linux-gnu:/opt/ros/humble/lib'), ('BROWSER', '/vscode/vscode-server/bin/linux-x64/e54c774e0add60467559eb0d1e229c6452cf8447/bin/helpers/browser.sh'), ('HOME', '/home/yadhu'), ('OLDPWD', '/home/yadhu/ur3e'), ('TERM_PROGRAM_VERSION', '1.97.2'), ('VSCODE_IPC_HOOK_CLI', '/tmp/vscode-ipc-191d809e-ad6a-48a3-8c83-2991c7349be6.sock'), ('DEBUGPY_ADAPTER_ENDPOINTS', '/home/yadhu/.vscode-server/extensions/ms-python.debugpy-2025.0.1-linux-x64/.noConfigDebugAdapterEndpoints/endpoint-00e5a96652343ffc.txt'), ('ROS_PYTHON_VERSION', '3'), ('VSCODE_GIT_ASKPASS_MAIN', '/vscode/vscode-server/bin/linux-x64/e54c774e0add60467559eb0d1e229c6452cf8447/extensions/git/dist/askpass-main.js'), ('VSCODE_GIT_ASKPASS_NODE', '/vscode/vscode-server/bin/linux-x64/e54c774e0add60467559eb0d1e229c6452cf8447/node'), ('PYDEVD_DISABLE_FILE_VALIDATION', '1'), ('BUNDLED_DEBUGPY_PATH', '/home/yadhu/.vscode-server/extensions/ms-python.debugpy-2025.0.1-linux-x64/bundled/libs/debugpy'), ('COLORTERM', 'truecolor'), ('REMOTE_CONTAINERS', 'true'), ('ROS_DISTRO', 'humble'), ('REMOTE_CONTAINERS_IPC', '/tmp/vscode-remote-containers-ipc-3b15b7cf-88ad-4a56-828c-69c61a495d31.sock'), ('_', '/usr/bin/colcon'), ('ROS_VERSION', '2'), ('TERM', 'xterm-256color'), ('ROS_LOCALHOST_ONLY', '0'), ('PATH', '/vscode/vscode-server/bin/linux-x64/e54c774e0add60467559eb0d1e229c6452cf8447/bin/remote-cli:/opt/ros/humble/bin:/usr/local/sbin:/usr/local/bin:/usr/sbin:/usr/bin:/sbin:/bin:/home/yadhu/.vscode-server/extensions/ms-python.debugpy-2025.0.1-linux-x64/bundled/scripts/noConfigScripts'), ('REMOTE_CONTAINERS_SOCKETS', '["/tmp/vscode-ssh-auth-3b15b7cf-88ad-4a56-828c-69c61a495d31.sock","/home/yadhu/.gnupg/S.gpg-agent"]'), ('DISPLAY', ':1'), ('LANG', 'C.UTF-8'), ('RMW_IMPLEMENTATION', 'rmw_cyclonedds_cpp'), ('LS_COLORS', 'rs=0:di=01;34:ln=01;36:mh=00:pi=40;33:so=01;35:do=01;35:bd=40;33;01:cd=40;33;01:or=40;31;01:mi=00:su=37;41:sg=30;43:ca=30;41:tw=30;42:ow=34;42:st=37;44:ex=01;32:*.tar=01;31:*.tgz=01;31:*.arc=01;31:*.arj=01;31:*.taz=01;31:*.lha=01;31:*.lz4=01;31:*.lzh=01;31:*.lzma=01;31:*.tlz=01;31:*.txz=01;31:*.tzo=01;31:*.t7z=01;31:*.zip=01;31:*.z=01;31:*.dz=01;31:*.gz=01;31:*.lrz=01;31:*.lz=01;31:*.lzo=01;31:*.xz=01;31:*.zst=01;31:*.tzst=01;31:*.bz2=01;31:*.bz=01;31:*.tbz=01;31:*.tbz2=01;31:*.tz=01;31:*.deb=01;31:*.rpm=01;31:*.jar=01;31:*.war=01;31:*.ear=01;31:*.sar=01;31:*.rar=01;31:*.alz=01;31:*.ace=01;31:*.zoo=01;31:*.cpio=01;31:*.7z=01;31:*.rz=01;31:*.cab=01;31:*.wim=01;31:*.swm=01;31:*.dwm=01;31:*.esd=01;31:*.jpg=01;35:*.jpeg=01;35:*.mjpg=01;35:*.mjpeg=01;35:*.gif=01;35:*.bmp=01;35:*.pbm=01;35:*.pgm=01;35:*.ppm=01;35:*.tga=01;35:*.xbm=01;35:*.xpm=01;35:*.tif=01;35:*.tiff=01;35:*.png=01;35:*.svg=01;35:*.svgz=01;35:*.mng=01;35:*.pcx=01;35:*.mov=01;35:*.mpg=01;35:*.mpeg=01;35:*.m2v=01;35:*.mkv=01;35:*.webm=01;35:*.webp=01;35:*.ogm=01;35:*.mp4=01;35:*.m4v=01;35:*.mp4v=01;35:*.vob=01;35:*.qt=01;35:*.nuv=01;35:*.wmv=01;35:*.asf=01;35:*.rm=01;35:*.rmvb=01;35:*.flc=01;35:*.avi=01;35:*.fli=01;35:*.flv=01;35:*.gl=01;35:*.dl=01;35:*.xcf=01;35:*.xwd=01;35:*.yuv=01;35:*.cgm=01;35:*.emf=01;35:*.ogv=01;35:*.ogx=01;35:*.aac=00;36:*.au=00;36:*.flac=00;36:*.m4a=00;36:*.mid=00;36:*.midi=00;36:*.mka=00;36:*.mp3=00;36:*.mpc=00;36:*.ogg=00;36:*.ra=00;36:*.wav=00;36:*.oga=00;36:*.opus=00;36:*.spx=00;36:*.xspf=00;36:'), ('VSCODE_GIT_IPC_HANDLE', '/tmp/vscode-git-09c052f1c4.sock'), ('TERM_PROGRAM', 'vscode'), ('SSH_AUTH_SOCK', '/tmp/vscode-ssh-auth-3b15b7cf-88ad-4a56-828c-69c61a495d31.sock'), ('ROS_DOMAIN_ID', '42'), ('AMENT_PREFIX_PATH', '/home/yadhu/ur3e/src/install/robotiq_description:/opt/ros/humble'), ('SHELL', '/bin/bash'), ('ROS_AUTOMATIC_DISCOVERY_RANGE', 'LOCALHOST'), ('VSCODE_GIT_ASKPASS_EXTRA_ARGS', ''), ('PWD', '/home/yadhu/ur3e/src/build/ur_description'), ('LC_ALL', 'C.UTF-8'), ('PYTHONPATH', '/opt/ros/humble/lib/python3.10/site-packages:/opt/ros/humble/local/lib/python3.10/dist-packages'), ('COLCON', '1'), ('CMAKE_PREFIX_PATH', '/home/yadhu/ur3e/src/install/robotiq_description:/opt/ros/humble')]), 'shell': False}
[0.471727] (unity_robotics_demo_msgs) JobProgress: {'identifier': 'unity_robotics_demo_msgs', 'progress': 'install'}
[0.471935] (unity_robotics_demo_msgs) Command: {'cmd': ['/usr/bin/cmake', '--install', '/home/yadhu/ur3e/src/build/unity_robotics_demo_msgs'], 'cwd': '/home/yadhu/ur3e/src/build/unity_robotics_demo_msgs', 'env': OrderedDict([('HOSTNAME', 'yadhuk'), ('GIT_ASKPASS', '/vscode/vscode-server/bin/linux-x64/e54c774e0add60467559eb0d1e229c6452cf8447/extensions/git/dist/askpass.sh'), ('SHLVL', '2'), ('LD_LIBRARY_PATH', '/usr/lib/x86_64-linux-gnu/gazebo-11/plugins:/opt/ros/humble/opt/rviz_ogre_vendor/lib:/opt/ros/humble/lib/x86_64-linux-gnu:/opt/ros/humble/lib'), ('BROWSER', '/vscode/vscode-server/bin/linux-x64/e54c774e0add60467559eb0d1e229c6452cf8447/bin/helpers/browser.sh'), ('HOME', '/home/yadhu'), ('OLDPWD', '/home/yadhu/ur3e'), ('TERM_PROGRAM_VERSION', '1.97.2'), ('VSCODE_IPC_HOOK_CLI', '/tmp/vscode-ipc-191d809e-ad6a-48a3-8c83-2991c7349be6.sock'), ('DEBUGPY_ADAPTER_ENDPOINTS', '/home/yadhu/.vscode-server/extensions/ms-python.debugpy-2025.0.1-linux-x64/.noConfigDebugAdapterEndpoints/endpoint-00e5a96652343ffc.txt'), ('ROS_PYTHON_VERSION', '3'), ('VSCODE_GIT_ASKPASS_MAIN', '/vscode/vscode-server/bin/linux-x64/e54c774e0add60467559eb0d1e229c6452cf8447/extensions/git/dist/askpass-main.js'), ('VSCODE_GIT_ASKPASS_NODE', '/vscode/vscode-server/bin/linux-x64/e54c774e0add60467559eb0d1e229c6452cf8447/node'), ('PYDEVD_DISABLE_FILE_VALIDATION', '1'), ('BUNDLED_DEBUGPY_PATH', '/home/yadhu/.vscode-server/extensions/ms-python.debugpy-2025.0.1-linux-x64/bundled/libs/debugpy'), ('COLORTERM', 'truecolor'), ('REMOTE_CONTAINERS', 'true'), ('ROS_DISTRO', 'humble'), ('REMOTE_CONTAINERS_IPC', '/tmp/vscode-remote-containers-ipc-3b15b7cf-88ad-4a56-828c-69c61a495d31.sock'), ('_', '/usr/bin/colcon'), ('ROS_VERSION', '2'), ('TERM', 'xterm-256color'), ('ROS_LOCALHOST_ONLY', '0'), ('PATH', '/vscode/vscode-server/bin/linux-x64/e54c774e0add60467559eb0d1e229c6452cf8447/bin/remote-cli:/opt/ros/humble/bin:/usr/local/sbin:/usr/local/bin:/usr/sbin:/usr/bin:/sbin:/bin:/home/yadhu/.vscode-server/extensions/ms-python.debugpy-2025.0.1-linux-x64/bundled/scripts/noConfigScripts'), ('REMOTE_CONTAINERS_SOCKETS', '["/tmp/vscode-ssh-auth-3b15b7cf-88ad-4a56-828c-69c61a495d31.sock","/home/yadhu/.gnupg/S.gpg-agent"]'), ('DISPLAY', ':1'), ('LANG', 'C.UTF-8'), ('RMW_IMPLEMENTATION', 'rmw_cyclonedds_cpp'), ('LS_COLORS', 'rs=0:di=01;34:ln=01;36:mh=00:pi=40;33:so=01;35:do=01;35:bd=40;33;01:cd=40;33;01:or=40;31;01:mi=00:su=37;41:sg=30;43:ca=30;41:tw=30;42:ow=34;42:st=37;44:ex=01;32:*.tar=01;31:*.tgz=01;31:*.arc=01;31:*.arj=01;31:*.taz=01;31:*.lha=01;31:*.lz4=01;31:*.lzh=01;31:*.lzma=01;31:*.tlz=01;31:*.txz=01;31:*.tzo=01;31:*.t7z=01;31:*.zip=01;31:*.z=01;31:*.dz=01;31:*.gz=01;31:*.lrz=01;31:*.lz=01;31:*.lzo=01;31:*.xz=01;31:*.zst=01;31:*.tzst=01;31:*.bz2=01;31:*.bz=01;31:*.tbz=01;31:*.tbz2=01;31:*.tz=01;31:*.deb=01;31:*.rpm=01;31:*.jar=01;31:*.war=01;31:*.ear=01;31:*.sar=01;31:*.rar=01;31:*.alz=01;31:*.ace=01;31:*.zoo=01;31:*.cpio=01;31:*.7z=01;31:*.rz=01;31:*.cab=01;31:*.wim=01;31:*.swm=01;31:*.dwm=01;31:*.esd=01;31:*.jpg=01;35:*.jpeg=01;35:*.mjpg=01;35:*.mjpeg=01;35:*.gif=01;35:*.bmp=01;35:*.pbm=01;35:*.pgm=01;35:*.ppm=01;35:*.tga=01;35:*.xbm=01;35:*.xpm=01;35:*.tif=01;35:*.tiff=01;35:*.png=01;35:*.svg=01;35:*.svgz=01;35:*.mng=01;35:*.pcx=01;35:*.mov=01;35:*.mpg=01;35:*.mpeg=01;35:*.m2v=01;35:*.mkv=01;35:*.webm=01;35:*.webp=01;35:*.ogm=01;35:*.mp4=01;35:*.m4v=01;35:*.mp4v=01;35:*.vob=01;35:*.qt=01;35:*.nuv=01;35:*.wmv=01;35:*.asf=01;35:*.rm=01;35:*.rmvb=01;35:*.flc=01;35:*.avi=01;35:*.fli=01;35:*.flv=01;35:*.gl=01;35:*.dl=01;35:*.xcf=01;35:*.xwd=01;35:*.yuv=01;35:*.cgm=01;35:*.emf=01;35:*.ogv=01;35:*.ogx=01;35:*.aac=00;36:*.au=00;36:*.flac=00;36:*.m4a=00;36:*.mid=00;36:*.midi=00;36:*.mka=00;36:*.mp3=00;36:*.mpc=00;36:*.ogg=00;36:*.ra=00;36:*.wav=00;36:*.oga=00;36:*.opus=00;36:*.spx=00;36:*.xspf=00;36:'), ('VSCODE_GIT_IPC_HANDLE', '/tmp/vscode-git-09c052f1c4.sock'), ('TERM_PROGRAM', 'vscode'), ('SSH_AUTH_SOCK', '/tmp/vscode-ssh-auth-3b15b7cf-88ad-4a56-828c-69c61a495d31.sock'), ('ROS_DOMAIN_ID', '42'), ('AMENT_PREFIX_PATH', '/opt/ros/humble'), ('SHELL', '/bin/bash'), ('ROS_AUTOMATIC_DISCOVERY_RANGE', 'LOCALHOST'), ('VSCODE_GIT_ASKPASS_EXTRA_ARGS', ''), ('PWD', '/home/yadhu/ur3e/src/build/unity_robotics_demo_msgs'), ('LC_ALL', 'C.UTF-8'), ('PYTHONPATH', '/opt/ros/humble/lib/python3.10/site-packages:/opt/ros/humble/local/lib/python3.10/dist-packages'), ('COLCON', '1'), ('CMAKE_PREFIX_PATH', '/opt/ros/humble')]), 'shell': False}
[0.479348] (unity_robotics_demo_msgs) StdoutLine: {'line': b'-- Install configuration: ""\n'}
[0.479624] (unity_robotics_demo_msgs) StdoutLine: {'line': b'-- Installing: /home/yadhu/ur3e/src/install/unity_robotics_demo_msgs/share/ament_index/resource_index/rosidl_interfaces/unity_robotics_demo_msgs\n'}
[0.479703] (unity_robotics_demo_msgs) StdoutLine: {'line': b'-- Installing: /home/yadhu/ur3e/src/install/unity_robotics_demo_msgs/include/unity_robotics_demo_msgs/unity_robotics_demo_msgs\n'}
[0.480810] (unity_robotics_demo_msgs) StdoutLine: {'line': b'-- Installing: /home/yadhu/ur3e/src/install/unity_robotics_demo_msgs/include/unity_robotics_demo_msgs/unity_robotics_demo_msgs/msg\n'}
[0.480913] (unity_robotics_demo_msgs) StdoutLine: {'line': b'-- Installing: /home/yadhu/ur3e/src/install/unity_robotics_demo_msgs/include/unity_robotics_demo_msgs/unity_robotics_demo_msgs/msg/rosidl_generator_c__visibility_control.h\n'}
[0.480985] (unity_robotics_demo_msgs) StdoutLine: {'line': b'-- Installing: /home/yadhu/ur3e/src/install/unity_robotics_demo_msgs/include/unity_robotics_demo_msgs/unity_robotics_demo_msgs/msg/pos_rot.h\n'}
[0.482271] (unity_robotics_demo_msgs) StdoutLine: {'line': b'-- Installing: /home/yadhu/ur3e/src/install/unity_robotics_demo_msgs/include/unity_robotics_demo_msgs/unity_robotics_demo_msgs/msg/detail\n'}
[0.482345] (unity_robotics_demo_msgs) StdoutLine: {'line': b'-- Installing: /home/yadhu/ur3e/src/install/unity_robotics_demo_msgs/include/unity_robotics_demo_msgs/unity_robotics_demo_msgs/msg/detail/unity_color__functions.c\n'}
[0.482474] (unity_robotics_demo_msgs) StdoutLine: {'line': b'-- Installing: /home/yadhu/ur3e/src/install/unity_robotics_demo_msgs/include/unity_robotics_demo_msgs/unity_robotics_demo_msgs/msg/detail/pos_rot__struct.h\n'}
[0.482549] (unity_robotics_demo_msgs) StdoutLine: {'line': b'-- Installing: /home/yadhu/ur3e/src/install/unity_robotics_demo_msgs/include/unity_robotics_demo_msgs/unity_robotics_demo_msgs/msg/detail/pos_rot__type_support.h\n'}
[0.482607] (unity_robotics_demo_msgs) StdoutLine: {'line': b'-- Installing: /home/yadhu/ur3e/src/install/unity_robotics_demo_msgs/include/unity_robotics_demo_msgs/unity_robotics_demo_msgs/msg/detail/pos_rot__functions.h\n'}
[0.482650] (unity_robotics_demo_msgs) StdoutLine: {'line': b'-- Installing: /home/yadhu/ur3e/src/install/unity_robotics_demo_msgs/include/unity_robotics_demo_msgs/unity_robotics_demo_msgs/msg/detail/pos_rot__functions.c\n'}
[0.482692] (unity_robotics_demo_msgs) StdoutLine: {'line': b'-- Installing: /home/yadhu/ur3e/src/install/unity_robotics_demo_msgs/include/unity_robotics_demo_msgs/unity_robotics_demo_msgs/msg/detail/unity_color__type_support.h\n'}
[0.482733] (unity_robotics_demo_msgs) StdoutLine: {'line': b'-- Installing: /home/yadhu/ur3e/src/install/unity_robotics_demo_msgs/include/unity_robotics_demo_msgs/unity_robotics_demo_msgs/msg/detail/unity_color__struct.h\n'}
[0.482781] (unity_robotics_demo_msgs) StdoutLine: {'line': b'-- Installing: /home/yadhu/ur3e/src/install/unity_robotics_demo_msgs/include/unity_robotics_demo_msgs/unity_robotics_demo_msgs/msg/detail/unity_color__functions.h\n'}
[0.482828] (unity_robotics_demo_msgs) StdoutLine: {'line': b'-- Installing: /home/yadhu/ur3e/src/install/unity_robotics_demo_msgs/include/unity_robotics_demo_msgs/unity_robotics_demo_msgs/msg/unity_color.h\n'}
[0.482869] (unity_robotics_demo_msgs) StdoutLine: {'line': b'-- Installing: /home/yadhu/ur3e/src/install/unity_robotics_demo_msgs/include/unity_robotics_demo_msgs/unity_robotics_demo_msgs/srv\n'}
[0.482912] (unity_robotics_demo_msgs) StdoutLine: {'line': b'-- Installing: /home/yadhu/ur3e/src/install/unity_robotics_demo_msgs/include/unity_robotics_demo_msgs/unity_robotics_demo_msgs/srv/position_service.h\n'}
[0.482953] (unity_robotics_demo_msgs) StdoutLine: {'line': b'-- Installing: /home/yadhu/ur3e/src/install/unity_robotics_demo_msgs/include/unity_robotics_demo_msgs/unity_robotics_demo_msgs/srv/detail\n'}
[0.482993] (unity_robotics_demo_msgs) StdoutLine: {'line': b'-- Installing: /home/yadhu/ur3e/src/install/unity_robotics_demo_msgs/include/unity_robotics_demo_msgs/unity_robotics_demo_msgs/srv/detail/position_service__functions.h\n'}
[0.483034] (unity_robotics_demo_msgs) StdoutLine: {'line': b'-- Installing: /home/yadhu/ur3e/src/install/unity_robotics_demo_msgs/include/unity_robotics_demo_msgs/unity_robotics_demo_msgs/srv/detail/object_pose_service__functions.h\n'}
[0.483074] (unity_robotics_demo_msgs) StdoutLine: {'line': b'-- Installing: /home/yadhu/ur3e/src/install/unity_robotics_demo_msgs/include/unity_robotics_demo_msgs/unity_robotics_demo_msgs/srv/detail/object_pose_service__type_support.h\n'}
[0.483115] (unity_robotics_demo_msgs) StdoutLine: {'line': b'-- Installing: /home/yadhu/ur3e/src/install/unity_robotics_demo_msgs/include/unity_robotics_demo_msgs/unity_robotics_demo_msgs/srv/detail/position_service__functions.c\n'}
[0.483156] (unity_robotics_demo_msgs) StdoutLine: {'line': b'-- Installing: /home/yadhu/ur3e/src/install/unity_robotics_demo_msgs/include/unity_robotics_demo_msgs/unity_robotics_demo_msgs/srv/detail/position_service__struct.h\n'}
[0.483197] (unity_robotics_demo_msgs) StdoutLine: {'line': b'-- Installing: /home/yadhu/ur3e/src/install/unity_robotics_demo_msgs/include/unity_robotics_demo_msgs/unity_robotics_demo_msgs/srv/detail/object_pose_service__functions.c\n'}
[0.483236] (unity_robotics_demo_msgs) StdoutLine: {'line': b'-- Installing: /home/yadhu/ur3e/src/install/unity_robotics_demo_msgs/include/unity_robotics_demo_msgs/unity_robotics_demo_msgs/srv/detail/position_service__type_support.h\n'}
[0.483276] (unity_robotics_demo_msgs) StdoutLine: {'line': b'-- Installing: /home/yadhu/ur3e/src/install/unity_robotics_demo_msgs/include/unity_robotics_demo_msgs/unity_robotics_demo_msgs/srv/detail/object_pose_service__struct.h\n'}
[0.483316] (unity_robotics_demo_msgs) StdoutLine: {'line': b'-- Installing: /home/yadhu/ur3e/src/install/unity_robotics_demo_msgs/include/unity_robotics_demo_msgs/unity_robotics_demo_msgs/srv/object_pose_service.h\n'}
[0.483359] (unity_robotics_demo_msgs) StdoutLine: {'line': b'-- Installing: /home/yadhu/ur3e/src/install/unity_robotics_demo_msgs/share/unity_robotics_demo_msgs/environment/library_path.sh\n'}
[0.483399] (unity_robotics_demo_msgs) StdoutLine: {'line': b'-- Installing: /home/yadhu/ur3e/src/install/unity_robotics_demo_msgs/share/unity_robotics_demo_msgs/environment/library_path.dsv\n'}
[0.483701] (unity_robotics_demo_msgs) StdoutLine: {'line': b'-- Installing: /home/yadhu/ur3e/src/install/unity_robotics_demo_msgs/lib/libunity_robotics_demo_msgs__rosidl_generator_c.so\n'}
[0.484773] (unity_robotics_demo_msgs) StdoutLine: {'line': b'-- Set runtime path of "/home/yadhu/ur3e/src/install/unity_robotics_demo_msgs/lib/libunity_robotics_demo_msgs__rosidl_generator_c.so" to ""\n'}
[0.484861] (unity_robotics_demo_msgs) StdoutLine: {'line': b'-- Up-to-date: /home/yadhu/ur3e/src/install/unity_robotics_demo_msgs/include/unity_robotics_demo_msgs/unity_robotics_demo_msgs\n'}
[0.484913] (unity_robotics_demo_msgs) StdoutLine: {'line': b'-- Up-to-date: /home/yadhu/ur3e/src/install/unity_robotics_demo_msgs/include/unity_robotics_demo_msgs/unity_robotics_demo_msgs/msg\n'}
[0.485031] (unity_robotics_demo_msgs) StdoutLine: {'line': b'-- Installing: /home/yadhu/ur3e/src/install/unity_robotics_demo_msgs/include/unity_robotics_demo_msgs/unity_robotics_demo_msgs/msg/rosidl_typesupport_fastrtps_c__visibility_control.h\n'}
[0.485103] (unity_robotics_demo_msgs) StdoutLine: {'line': b'-- Up-to-date: /home/yadhu/ur3e/src/install/unity_robotics_demo_msgs/include/unity_robotics_demo_msgs/unity_robotics_demo_msgs/msg/detail\n'}
[0.485152] (unity_robotics_demo_msgs) StdoutLine: {'line': b'-- Installing: /home/yadhu/ur3e/src/install/unity_robotics_demo_msgs/include/unity_robotics_demo_msgs/unity_robotics_demo_msgs/msg/detail/pos_rot__rosidl_typesupport_fastrtps_c.h\n'}
[0.485198] (unity_robotics_demo_msgs) StdoutLine: {'line': b'-- Installing: /home/yadhu/ur3e/src/install/unity_robotics_demo_msgs/include/unity_robotics_demo_msgs/unity_robotics_demo_msgs/msg/detail/unity_color__rosidl_typesupport_fastrtps_c.h\n'}
[0.485237] (unity_robotics_demo_msgs) StdoutLine: {'line': b'-- Up-to-date: /home/yadhu/ur3e/src/install/unity_robotics_demo_msgs/include/unity_robotics_demo_msgs/unity_robotics_demo_msgs/srv\n'}
[0.485273] (unity_robotics_demo_msgs) StdoutLine: {'line': b'-- Up-to-date: /home/yadhu/ur3e/src/install/unity_robotics_demo_msgs/include/unity_robotics_demo_msgs/unity_robotics_demo_msgs/srv/detail\n'}
[0.485311] (unity_robotics_demo_msgs) StdoutLine: {'line': b'-- Installing: /home/yadhu/ur3e/src/install/unity_robotics_demo_msgs/include/unity_robotics_demo_msgs/unity_robotics_demo_msgs/srv/detail/position_service__rosidl_typesupport_fastrtps_c.h\n'}
[0.485354] (unity_robotics_demo_msgs) StdoutLine: {'line': b'-- Installing: /home/yadhu/ur3e/src/install/unity_robotics_demo_msgs/include/unity_robotics_demo_msgs/unity_robotics_demo_msgs/srv/detail/object_pose_service__rosidl_typesupport_fastrtps_c.h\n'}
[0.485396] (unity_robotics_demo_msgs) StdoutLine: {'line': b'-- Installing: /home/yadhu/ur3e/src/install/unity_robotics_demo_msgs/lib/libunity_robotics_demo_msgs__rosidl_typesupport_fastrtps_c.so\n'}
[0.485478] (unity_robotics_demo_msgs) StdoutLine: {'line': b'-- Set runtime path of "/home/yadhu/ur3e/src/install/unity_robotics_demo_msgs/lib/libunity_robotics_demo_msgs__rosidl_typesupport_fastrtps_c.so" to ""\n'}
[0.485528] (unity_robotics_demo_msgs) StdoutLine: {'line': b'-- Up-to-date: /home/yadhu/ur3e/src/install/unity_robotics_demo_msgs/include/unity_robotics_demo_msgs/unity_robotics_demo_msgs\n'}
[0.485571] (unity_robotics_demo_msgs) StdoutLine: {'line': b'-- Up-to-date: /home/yadhu/ur3e/src/install/unity_robotics_demo_msgs/include/unity_robotics_demo_msgs/unity_robotics_demo_msgs/msg\n'}
[0.485610] (unity_robotics_demo_msgs) StdoutLine: {'line': b'-- Up-to-date: /home/yadhu/ur3e/src/install/unity_robotics_demo_msgs/include/unity_robotics_demo_msgs/unity_robotics_demo_msgs/msg/detail\n'}
[0.485646] (unity_robotics_demo_msgs) StdoutLine: {'line': b'-- Installing: /home/yadhu/ur3e/src/install/unity_robotics_demo_msgs/include/unity_robotics_demo_msgs/unity_robotics_demo_msgs/msg/detail/pos_rot__type_support.c\n'}
[0.485688] (unity_robotics_demo_msgs) StdoutLine: {'line': b'-- Installing: /home/yadhu/ur3e/src/install/unity_robotics_demo_msgs/include/unity_robotics_demo_msgs/unity_robotics_demo_msgs/msg/detail/unity_color__rosidl_typesupport_introspection_c.h\n'}
[0.485765] (unity_robotics_demo_msgs) StdoutLine: {'line': b'-- Installing: /home/yadhu/ur3e/src/install/unity_robotics_demo_msgs/include/unity_robotics_demo_msgs/unity_robotics_demo_msgs/msg/detail/unity_color__type_support.c\n'}
[0.485862] (unity_robotics_demo_msgs) StdoutLine: {'line': b'-- Installing: /home/yadhu/ur3e/src/install/unity_robotics_demo_msgs/include/unity_robotics_demo_msgs/unity_robotics_demo_msgs/msg/detail/pos_rot__rosidl_typesupport_introspection_c.h\n'}
[0.485910] (unity_robotics_demo_msgs) StdoutLine: {'line': b'-- Installing: /home/yadhu/ur3e/src/install/unity_robotics_demo_msgs/include/unity_robotics_demo_msgs/unity_robotics_demo_msgs/msg/rosidl_typesupport_introspection_c__visibility_control.h\n'}
[0.485966] (unity_robotics_demo_msgs) StdoutLine: {'line': b'-- Up-to-date: /home/yadhu/ur3e/src/install/unity_robotics_demo_msgs/include/unity_robotics_demo_msgs/unity_robotics_demo_msgs/srv\n'}
[0.486010] (unity_robotics_demo_msgs) StdoutLine: {'line': b'-- Up-to-date: /home/yadhu/ur3e/src/install/unity_robotics_demo_msgs/include/unity_robotics_demo_msgs/unity_robotics_demo_msgs/srv/detail\n'}
[0.486391] (unity_robotics_demo_msgs) StdoutLine: {'line': b'-- Installing: /home/yadhu/ur3e/src/install/unity_robotics_demo_msgs/include/unity_robotics_demo_msgs/unity_robotics_demo_msgs/srv/detail/position_service__rosidl_typesupport_introspection_c.h\n'}
[0.486458] (unity_robotics_demo_msgs) StdoutLine: {'line': b'-- Installing: /home/yadhu/ur3e/src/install/unity_robotics_demo_msgs/include/unity_robotics_demo_msgs/unity_robotics_demo_msgs/srv/detail/position_service__type_support.c\n'}
[0.486503] (unity_robotics_demo_msgs) StdoutLine: {'line': b'-- Installing: /home/yadhu/ur3e/src/install/unity_robotics_demo_msgs/include/unity_robotics_demo_msgs/unity_robotics_demo_msgs/srv/detail/object_pose_service__rosidl_typesupport_introspection_c.h\n'}
[0.486547] (unity_robotics_demo_msgs) StdoutLine: {'line': b'-- Installing: /home/yadhu/ur3e/src/install/unity_robotics_demo_msgs/include/unity_robotics_demo_msgs/unity_robotics_demo_msgs/srv/detail/object_pose_service__type_support.c\n'}
[0.486845] (unity_robotics_demo_msgs) StdoutLine: {'line': b'-- Installing: /home/yadhu/ur3e/src/install/unity_robotics_demo_msgs/lib/libunity_robotics_demo_msgs__rosidl_typesupport_introspection_c.so\n'}
[0.487346] (unity_robotics_demo_msgs) StdoutLine: {'line': b'-- Set runtime path of "/home/yadhu/ur3e/src/install/unity_robotics_demo_msgs/lib/libunity_robotics_demo_msgs__rosidl_typesupport_introspection_c.so" to ""\n'}
[0.487445] (unity_robotics_demo_msgs) StdoutLine: {'line': b'-- Installing: /home/yadhu/ur3e/src/install/unity_robotics_demo_msgs/lib/libunity_robotics_demo_msgs__rosidl_typesupport_c.so\n'}
[0.488509] (unity_robotics_demo_msgs) StdoutLine: {'line': b'-- Set runtime path of "/home/yadhu/ur3e/src/install/unity_robotics_demo_msgs/lib/libunity_robotics_demo_msgs__rosidl_typesupport_c.so" to ""\n'}
[0.488788] (unity_robotics_demo_msgs) StdoutLine: {'line': b'-- Up-to-date: /home/yadhu/ur3e/src/install/unity_robotics_demo_msgs/include/unity_robotics_demo_msgs/unity_robotics_demo_msgs\n'}
[0.488835] (unity_robotics_demo_msgs) StdoutLine: {'line': b'-- Up-to-date: /home/yadhu/ur3e/src/install/unity_robotics_demo_msgs/include/unity_robotics_demo_msgs/unity_robotics_demo_msgs/msg\n'}
[0.488881] (unity_robotics_demo_msgs) StdoutLine: {'line': b'-- Installing: /home/yadhu/ur3e/src/install/unity_robotics_demo_msgs/include/unity_robotics_demo_msgs/unity_robotics_demo_msgs/msg/pos_rot.hpp\n'}
[0.488927] (unity_robotics_demo_msgs) StdoutLine: {'line': b'-- Up-to-date: /home/yadhu/ur3e/src/install/unity_robotics_demo_msgs/include/unity_robotics_demo_msgs/unity_robotics_demo_msgs/msg/detail\n'}
[0.488972] (unity_robotics_demo_msgs) StdoutLine: {'line': b'-- Installing: /home/yadhu/ur3e/src/install/unity_robotics_demo_msgs/include/unity_robotics_demo_msgs/unity_robotics_demo_msgs/msg/detail/unity_color__builder.hpp\n'}
[0.489016] (unity_robotics_demo_msgs) StdoutLine: {'line': b'-- Installing: /home/yadhu/ur3e/src/install/unity_robotics_demo_msgs/include/unity_robotics_demo_msgs/unity_robotics_demo_msgs/msg/detail/unity_color__traits.hpp\n'}
[0.489463] (unity_robotics_demo_msgs) StdoutLine: {'line': b'-- Installing: /home/yadhu/ur3e/src/install/unity_robotics_demo_msgs/include/unity_robotics_demo_msgs/unity_robotics_demo_msgs/msg/detail/pos_rot__struct.hpp\n'}
[0.489578] (unity_robotics_demo_msgs) StdoutLine: {'line': b'-- Installing: /home/yadhu/ur3e/src/install/unity_robotics_demo_msgs/include/unity_robotics_demo_msgs/unity_robotics_demo_msgs/msg/detail/pos_rot__builder.hpp\n'}
[0.489668] (unity_robotics_demo_msgs) StdoutLine: {'line': b'-- Installing: /home/yadhu/ur3e/src/install/unity_robotics_demo_msgs/include/unity_robotics_demo_msgs/unity_robotics_demo_msgs/msg/detail/unity_color__struct.hpp\n'}
[0.489722] (unity_robotics_demo_msgs) StdoutLine: {'line': b'-- Installing: /home/yadhu/ur3e/src/install/unity_robotics_demo_msgs/include/unity_robotics_demo_msgs/unity_robotics_demo_msgs/msg/detail/pos_rot__traits.hpp\n'}
[0.489763] (unity_robotics_demo_msgs) StdoutLine: {'line': b'-- Installing: /home/yadhu/ur3e/src/install/unity_robotics_demo_msgs/include/unity_robotics_demo_msgs/unity_robotics_demo_msgs/msg/unity_color.hpp\n'}
[0.489817] (unity_robotics_demo_msgs) StdoutLine: {'line': b'-- Up-to-date: /home/yadhu/ur3e/src/install/unity_robotics_demo_msgs/include/unity_robotics_demo_msgs/unity_robotics_demo_msgs/srv\n'}
[0.489887] (unity_robotics_demo_msgs) StdoutLine: {'line': b'-- Up-to-date: /home/yadhu/ur3e/src/install/unity_robotics_demo_msgs/include/unity_robotics_demo_msgs/unity_robotics_demo_msgs/srv/detail\n'}
[0.489932] (unity_robotics_demo_msgs) StdoutLine: {'line': b'-- Installing: /home/yadhu/ur3e/src/install/unity_robotics_demo_msgs/include/unity_robotics_demo_msgs/unity_robotics_demo_msgs/srv/detail/object_pose_service__struct.hpp\n'}
[0.490119] (unity_robotics_demo_msgs) StdoutLine: {'line': b'-- Installing: /home/yadhu/ur3e/src/install/unity_robotics_demo_msgs/include/unity_robotics_demo_msgs/unity_robotics_demo_msgs/srv/detail/object_pose_service__traits.hpp\n'}
[0.490210] (unity_robotics_demo_msgs) StdoutLine: {'line': b'-- Installing: /home/yadhu/ur3e/src/install/unity_robotics_demo_msgs/include/unity_robotics_demo_msgs/unity_robotics_demo_msgs/srv/detail/object_pose_service__builder.hpp\n'}
[0.491456] (unity_robotics_demo_msgs) StdoutLine: {'line': b'-- Installing: /home/yadhu/ur3e/src/install/unity_robotics_demo_msgs/include/unity_robotics_demo_msgs/unity_robotics_demo_msgs/srv/detail/position_service__builder.hpp\n'}
[0.491523] (unity_robotics_demo_msgs) StdoutLine: {'line': b'-- Installing: /home/yadhu/ur3e/src/install/unity_robotics_demo_msgs/include/unity_robotics_demo_msgs/unity_robotics_demo_msgs/srv/detail/position_service__traits.hpp\n'}
[0.491569] (unity_robotics_demo_msgs) StdoutLine: {'line': b'-- Installing: /home/yadhu/ur3e/src/install/unity_robotics_demo_msgs/include/unity_robotics_demo_msgs/unity_robotics_demo_msgs/srv/detail/position_service__struct.hpp\n'}
[0.491614] (unity_robotics_demo_msgs) StdoutLine: {'line': b'-- Installing: /home/yadhu/ur3e/src/install/unity_robotics_demo_msgs/include/unity_robotics_demo_msgs/unity_robotics_demo_msgs/srv/object_pose_service.hpp\n'}
[0.491657] (unity_robotics_demo_msgs) StdoutLine: {'line': b'-- Installing: /home/yadhu/ur3e/src/install/unity_robotics_demo_msgs/include/unity_robotics_demo_msgs/unity_robotics_demo_msgs/srv/position_service.hpp\n'}
[0.491698] (unity_robotics_demo_msgs) StdoutLine: {'line': b'-- Up-to-date: /home/yadhu/ur3e/src/install/unity_robotics_demo_msgs/include/unity_robotics_demo_msgs/unity_robotics_demo_msgs\n'}
[0.491748] (unity_robotics_demo_msgs) StdoutLine: {'line': b'-- Up-to-date: /home/yadhu/ur3e/src/install/unity_robotics_demo_msgs/include/unity_robotics_demo_msgs/unity_robotics_demo_msgs/msg\n'}
[0.491869] (unity_robotics_demo_msgs) StdoutLine: {'line': b'-- Installing: /home/yadhu/ur3e/src/install/unity_robotics_demo_msgs/include/unity_robotics_demo_msgs/unity_robotics_demo_msgs/msg/rosidl_typesupport_fastrtps_cpp__visibility_control.h\n'}
[0.491930] (unity_robotics_demo_msgs) StdoutLine: {'line': b'-- Up-to-date: /home/yadhu/ur3e/src/install/unity_robotics_demo_msgs/include/unity_robotics_demo_msgs/unity_robotics_demo_msgs/msg/detail\n'}
[0.491983] (unity_robotics_demo_msgs) StdoutLine: {'line': b'-- Installing: /home/yadhu/ur3e/src/install/unity_robotics_demo_msgs/include/unity_robotics_demo_msgs/unity_robotics_demo_msgs/msg/detail/dds_fastrtps\n'}
[0.492044] (unity_robotics_demo_msgs) StdoutLine: {'line': b'-- Installing: /home/yadhu/ur3e/src/install/unity_robotics_demo_msgs/include/unity_robotics_demo_msgs/unity_robotics_demo_msgs/msg/detail/unity_color__rosidl_typesupport_fastrtps_cpp.hpp\n'}
[0.492098] (unity_robotics_demo_msgs) StdoutLine: {'line': b'-- Installing: /home/yadhu/ur3e/src/install/unity_robotics_demo_msgs/include/unity_robotics_demo_msgs/unity_robotics_demo_msgs/msg/detail/pos_rot__rosidl_typesupport_fastrtps_cpp.hpp\n'}
[0.492148] (unity_robotics_demo_msgs) StdoutLine: {'line': b'-- Up-to-date: /home/yadhu/ur3e/src/install/unity_robotics_demo_msgs/include/unity_robotics_demo_msgs/unity_robotics_demo_msgs/srv\n'}
[0.492214] (unity_robotics_demo_msgs) StdoutLine: {'line': b'-- Up-to-date: /home/yadhu/ur3e/src/install/unity_robotics_demo_msgs/include/unity_robotics_demo_msgs/unity_robotics_demo_msgs/srv/detail\n'}
[0.492310] (unity_robotics_demo_msgs) StdoutLine: {'line': b'-- Installing: /home/yadhu/ur3e/src/install/unity_robotics_demo_msgs/include/unity_robotics_demo_msgs/unity_robotics_demo_msgs/srv/detail/object_pose_service__rosidl_typesupport_fastrtps_cpp.hpp\n'}
[0.492352] (unity_robotics_demo_msgs) StdoutLine: {'line': b'-- Installing: /home/yadhu/ur3e/src/install/unity_robotics_demo_msgs/include/unity_robotics_demo_msgs/unity_robotics_demo_msgs/srv/detail/dds_fastrtps\n'}
[0.492387] (unity_robotics_demo_msgs) StdoutLine: {'line': b'-- Installing: /home/yadhu/ur3e/src/install/unity_robotics_demo_msgs/include/unity_robotics_demo_msgs/unity_robotics_demo_msgs/srv/detail/position_service__rosidl_typesupport_fastrtps_cpp.hpp\n'}
[0.492419] (unity_robotics_demo_msgs) StdoutLine: {'line': b'-- Installing: /home/yadhu/ur3e/src/install/unity_robotics_demo_msgs/lib/libunity_robotics_demo_msgs__rosidl_typesupport_fastrtps_cpp.so\n'}
[0.492456] (unity_robotics_demo_msgs) StdoutLine: {'line': b'-- Set runtime path of "/home/yadhu/ur3e/src/install/unity_robotics_demo_msgs/lib/libunity_robotics_demo_msgs__rosidl_typesupport_fastrtps_cpp.so" to ""\n'}
[0.492498] (unity_robotics_demo_msgs) StdoutLine: {'line': b'-- Up-to-date: /home/yadhu/ur3e/src/install/unity_robotics_demo_msgs/include/unity_robotics_demo_msgs/unity_robotics_demo_msgs\n'}
[0.492557] (unity_robotics_demo_msgs) StdoutLine: {'line': b'-- Up-to-date: /home/yadhu/ur3e/src/install/unity_robotics_demo_msgs/include/unity_robotics_demo_msgs/unity_robotics_demo_msgs/msg\n'}
[0.492743] (unity_robotics_demo_msgs) StdoutLine: {'line': b'-- Up-to-date: /home/yadhu/ur3e/src/install/unity_robotics_demo_msgs/include/unity_robotics_demo_msgs/unity_robotics_demo_msgs/msg/detail\n'}
[0.492874] (unity_robotics_demo_msgs) StdoutLine: {'line': b'-- Installing: /home/yadhu/ur3e/src/install/unity_robotics_demo_msgs/include/unity_robotics_demo_msgs/unity_robotics_demo_msgs/msg/detail/pos_rot__rosidl_typesupport_introspection_cpp.hpp\n'}
[0.492934] (unity_robotics_demo_msgs) StdoutLine: {'line': b'-- Installing: /home/yadhu/ur3e/src/install/unity_robotics_demo_msgs/include/unity_robotics_demo_msgs/unity_robotics_demo_msgs/msg/detail/unity_color__rosidl_typesupport_introspection_cpp.hpp\n'}
[0.492979] (unity_robotics_demo_msgs) StdoutLine: {'line': b'-- Installing: /home/yadhu/ur3e/src/install/unity_robotics_demo_msgs/include/unity_robotics_demo_msgs/unity_robotics_demo_msgs/msg/detail/pos_rot__type_support.cpp\n'}
[0.493031] (unity_robotics_demo_msgs) StdoutLine: {'line': b'-- Installing: /home/yadhu/ur3e/src/install/unity_robotics_demo_msgs/include/unity_robotics_demo_msgs/unity_robotics_demo_msgs/msg/detail/unity_color__type_support.cpp\n'}
[0.493074] (unity_robotics_demo_msgs) StdoutLine: {'line': b'-- Up-to-date: /home/yadhu/ur3e/src/install/unity_robotics_demo_msgs/include/unity_robotics_demo_msgs/unity_robotics_demo_msgs/srv\n'}
[0.493114] (unity_robotics_demo_msgs) StdoutLine: {'line': b'-- Up-to-date: /home/yadhu/ur3e/src/install/unity_robotics_demo_msgs/include/unity_robotics_demo_msgs/unity_robotics_demo_msgs/srv/detail\n'}
[0.493154] (unity_robotics_demo_msgs) StdoutLine: {'line': b'-- Installing: /home/yadhu/ur3e/src/install/unity_robotics_demo_msgs/include/unity_robotics_demo_msgs/unity_robotics_demo_msgs/srv/detail/position_service__type_support.cpp\n'}
[0.493194] (unity_robotics_demo_msgs) StdoutLine: {'line': b'-- Installing: /home/yadhu/ur3e/src/install/unity_robotics_demo_msgs/include/unity_robotics_demo_msgs/unity_robotics_demo_msgs/srv/detail/position_service__rosidl_typesupport_introspection_cpp.hpp\n'}
[0.493291] (unity_robotics_demo_msgs) StdoutLine: {'line': b'-- Installing: /home/yadhu/ur3e/src/install/unity_robotics_demo_msgs/include/unity_robotics_demo_msgs/unity_robotics_demo_msgs/srv/detail/object_pose_service__type_support.cpp\n'}
[0.493410] (unity_robotics_demo_msgs) StdoutLine: {'line': b'-- Installing: /home/yadhu/ur3e/src/install/unity_robotics_demo_msgs/include/unity_robotics_demo_msgs/unity_robotics_demo_msgs/srv/detail/object_pose_service__rosidl_typesupport_introspection_cpp.hpp\n'}
[0.493606] (unity_robotics_demo_msgs) StdoutLine: {'line': b'-- Installing: /home/yadhu/ur3e/src/install/unity_robotics_demo_msgs/lib/libunity_robotics_demo_msgs__rosidl_typesupport_introspection_cpp.so\n'}
[0.493934] (unity_robotics_demo_msgs) StdoutLine: {'line': b'-- Set runtime path of "/home/yadhu/ur3e/src/install/unity_robotics_demo_msgs/lib/libunity_robotics_demo_msgs__rosidl_typesupport_introspection_cpp.so" to ""\n'}
[0.494054] (unity_robotics_demo_msgs) StdoutLine: {'line': b'-- Installing: /home/yadhu/ur3e/src/install/unity_robotics_demo_msgs/lib/libunity_robotics_demo_msgs__rosidl_typesupport_cpp.so\n'}
[0.495182] (unity_robotics_demo_msgs) StdoutLine: {'line': b'-- Set runtime path of "/home/yadhu/ur3e/src/install/unity_robotics_demo_msgs/lib/libunity_robotics_demo_msgs__rosidl_typesupport_cpp.so" to ""\n'}
[0.495305] (unity_robotics_demo_msgs) StdoutLine: {'line': b'-- Installing: /home/yadhu/ur3e/src/install/unity_robotics_demo_msgs/share/unity_robotics_demo_msgs/environment/pythonpath.sh\n'}
[0.495398] (unity_robotics_demo_msgs) StdoutLine: {'line': b'-- Installing: /home/yadhu/ur3e/src/install/unity_robotics_demo_msgs/share/unity_robotics_demo_msgs/environment/pythonpath.dsv\n'}
[0.495741] (unity_robotics_demo_msgs) StdoutLine: {'line': b'-- Installing: /home/yadhu/ur3e/src/install/unity_robotics_demo_msgs/local/lib/python3.10/dist-packages/unity_robotics_demo_msgs-0.0.1-py3.10.egg-info\n'}
[0.495921] (unity_robotics_demo_msgs) StdoutLine: {'line': b'-- Installing: /home/yadhu/ur3e/src/install/unity_robotics_demo_msgs/local/lib/python3.10/dist-packages/unity_robotics_demo_msgs-0.0.1-py3.10.egg-info/top_level.txt\n'}
[0.496042] (unity_robotics_demo_msgs) StdoutLine: {'line': b'-- Installing: /home/yadhu/ur3e/src/install/unity_robotics_demo_msgs/local/lib/python3.10/dist-packages/unity_robotics_demo_msgs-0.0.1-py3.10.egg-info/PKG-INFO\n'}
[0.496149] (unity_robotics_demo_msgs) StdoutLine: {'line': b'-- Installing: /home/yadhu/ur3e/src/install/unity_robotics_demo_msgs/local/lib/python3.10/dist-packages/unity_robotics_demo_msgs-0.0.1-py3.10.egg-info/dependency_links.txt\n'}
[0.496310] (unity_robotics_demo_msgs) StdoutLine: {'line': b'-- Installing: /home/yadhu/ur3e/src/install/unity_robotics_demo_msgs/local/lib/python3.10/dist-packages/unity_robotics_demo_msgs-0.0.1-py3.10.egg-info/SOURCES.txt\n'}
[0.496392] (unity_robotics_demo_msgs) StdoutLine: {'line': b'-- Installing: /home/yadhu/ur3e/src/install/unity_robotics_demo_msgs/local/lib/python3.10/dist-packages/unity_robotics_demo_msgs\n'}
[0.496501] (unity_robotics_demo_msgs) StdoutLine: {'line': b'-- Installing: /home/yadhu/ur3e/src/install/unity_robotics_demo_msgs/local/lib/python3.10/dist-packages/unity_robotics_demo_msgs/_unity_robotics_demo_msgs_s.ep.rosidl_typesupport_fastrtps_c.c\n'}
[0.496647] (unity_robotics_demo_msgs) StdoutLine: {'line': b'-- Installing: /home/yadhu/ur3e/src/install/unity_robotics_demo_msgs/local/lib/python3.10/dist-packages/unity_robotics_demo_msgs/_unity_robotics_demo_msgs_s.ep.rosidl_typesupport_introspection_c.c\n'}
[0.496814] (unity_robotics_demo_msgs) StdoutLine: {'line': b'-- Installing: /home/yadhu/ur3e/src/install/unity_robotics_demo_msgs/local/lib/python3.10/dist-packages/unity_robotics_demo_msgs/libunity_robotics_demo_msgs__rosidl_generator_py.so\n'}
[0.496956] (unity_robotics_demo_msgs) StdoutLine: {'line': b'-- Installing: /home/yadhu/ur3e/src/install/unity_robotics_demo_msgs/local/lib/python3.10/dist-packages/unity_robotics_demo_msgs/msg\n'}
[0.497015] (unity_robotics_demo_msgs) StdoutLine: {'line': b'-- Installing: /home/yadhu/ur3e/src/install/unity_robotics_demo_msgs/local/lib/python3.10/dist-packages/unity_robotics_demo_msgs/msg/_unity_color.py\n'}
[0.497138] (unity_robotics_demo_msgs) StdoutLine: {'line': b'-- Installing: /home/yadhu/ur3e/src/install/unity_robotics_demo_msgs/local/lib/python3.10/dist-packages/unity_robotics_demo_msgs/msg/_unity_color_s.c\n'}
[0.497580] (unity_robotics_demo_msgs) StdoutLine: {'line': b'-- Installing: /home/yadhu/ur3e/src/install/unity_robotics_demo_msgs/local/lib/python3.10/dist-packages/unity_robotics_demo_msgs/msg/__init__.py\n'}
[0.497651] (unity_robotics_demo_msgs) StdoutLine: {'line': b'-- Installing: /home/yadhu/ur3e/src/install/unity_robotics_demo_msgs/local/lib/python3.10/dist-packages/unity_robotics_demo_msgs/msg/_pos_rot.py\n'}
[0.497688] (unity_robotics_demo_msgs) StdoutLine: {'line': b'-- Installing: /home/yadhu/ur3e/src/install/unity_robotics_demo_msgs/local/lib/python3.10/dist-packages/unity_robotics_demo_msgs/msg/_pos_rot_s.c\n'}
[0.497723] (unity_robotics_demo_msgs) StdoutLine: {'line': b'-- Installing: /home/yadhu/ur3e/src/install/unity_robotics_demo_msgs/local/lib/python3.10/dist-packages/unity_robotics_demo_msgs/srv\n'}
[0.497758] (unity_robotics_demo_msgs) StdoutLine: {'line': b'-- Installing: /home/yadhu/ur3e/src/install/unity_robotics_demo_msgs/local/lib/python3.10/dist-packages/unity_robotics_demo_msgs/srv/_object_pose_service_s.c\n'}
[0.497831] (ur_description) CommandEnded: {'returncode': 0}
[0.498307] (unity_robotics_demo_msgs) StdoutLine: {'line': b'-- Installing: /home/yadhu/ur3e/src/install/unity_robotics_demo_msgs/local/lib/python3.10/dist-packages/unity_robotics_demo_msgs/srv/_position_service.py\n'}
[0.498379] (unity_robotics_demo_msgs) StdoutLine: {'line': b'-- Installing: /home/yadhu/ur3e/src/install/unity_robotics_demo_msgs/local/lib/python3.10/dist-packages/unity_robotics_demo_msgs/srv/__init__.py\n'}
[0.498416] (unity_robotics_demo_msgs) StdoutLine: {'line': b'-- Installing: /home/yadhu/ur3e/src/install/unity_robotics_demo_msgs/local/lib/python3.10/dist-packages/unity_robotics_demo_msgs/srv/_position_service_s.c\n'}
[0.498447] (unity_robotics_demo_msgs) StdoutLine: {'line': b'-- Installing: /home/yadhu/ur3e/src/install/unity_robotics_demo_msgs/local/lib/python3.10/dist-packages/unity_robotics_demo_msgs/srv/_object_pose_service.py\n'}
[0.498476] (unity_robotics_demo_msgs) StdoutLine: {'line': b'-- Installing: /home/yadhu/ur3e/src/install/unity_robotics_demo_msgs/local/lib/python3.10/dist-packages/unity_robotics_demo_msgs/__init__.py\n'}
[0.498504] (unity_robotics_demo_msgs) StdoutLine: {'line': b'-- Installing: /home/yadhu/ur3e/src/install/unity_robotics_demo_msgs/local/lib/python3.10/dist-packages/unity_robotics_demo_msgs/unity_robotics_demo_msgs_s__rosidl_typesupport_introspection_c.cpython-310-x86_64-linux-gnu.so\n'}
[0.498534] (unity_robotics_demo_msgs) StdoutLine: {'line': b'-- Installing: /home/yadhu/ur3e/src/install/unity_robotics_demo_msgs/local/lib/python3.10/dist-packages/unity_robotics_demo_msgs/unity_robotics_demo_msgs_s__rosidl_typesupport_c.cpython-310-x86_64-linux-gnu.so\n'}
[0.498563] (unity_robotics_demo_msgs) StdoutLine: {'line': b'-- Installing: /home/yadhu/ur3e/src/install/unity_robotics_demo_msgs/local/lib/python3.10/dist-packages/unity_robotics_demo_msgs/unity_robotics_demo_msgs_s__rosidl_typesupport_fastrtps_c.cpython-310-x86_64-linux-gnu.so\n'}
[0.498875] (unity_robotics_demo_msgs) StdoutLine: {'line': b'-- Installing: /home/yadhu/ur3e/src/install/unity_robotics_demo_msgs/local/lib/python3.10/dist-packages/unity_robotics_demo_msgs/_unity_robotics_demo_msgs_s.ep.rosidl_typesupport_c.c\n'}
[0.500077] (-) TimerEvent: {}
[0.511783] (ur_description) JobProgress: {'identifier': 'ur_description', 'progress': 'install'}
[0.512008] (ur_description) Command: {'cmd': ['/usr/bin/cmake', '--install', '/home/yadhu/ur3e/src/build/ur_description'], 'cwd': '/home/yadhu/ur3e/src/build/ur_description', 'env': OrderedDict([('HOSTNAME', 'yadhuk'), ('GIT_ASKPASS', '/vscode/vscode-server/bin/linux-x64/e54c774e0add60467559eb0d1e229c6452cf8447/extensions/git/dist/askpass.sh'), ('SHLVL', '2'), ('LD_LIBRARY_PATH', '/usr/lib/x86_64-linux-gnu/gazebo-11/plugins:/opt/ros/humble/opt/rviz_ogre_vendor/lib:/opt/ros/humble/lib/x86_64-linux-gnu:/opt/ros/humble/lib'), ('BROWSER', '/vscode/vscode-server/bin/linux-x64/e54c774e0add60467559eb0d1e229c6452cf8447/bin/helpers/browser.sh'), ('HOME', '/home/yadhu'), ('OLDPWD', '/home/yadhu/ur3e'), ('TERM_PROGRAM_VERSION', '1.97.2'), ('VSCODE_IPC_HOOK_CLI', '/tmp/vscode-ipc-191d809e-ad6a-48a3-8c83-2991c7349be6.sock'), ('DEBUGPY_ADAPTER_ENDPOINTS', '/home/yadhu/.vscode-server/extensions/ms-python.debugpy-2025.0.1-linux-x64/.noConfigDebugAdapterEndpoints/endpoint-00e5a96652343ffc.txt'), ('ROS_PYTHON_VERSION', '3'), ('VSCODE_GIT_ASKPASS_MAIN', '/vscode/vscode-server/bin/linux-x64/e54c774e0add60467559eb0d1e229c6452cf8447/extensions/git/dist/askpass-main.js'), ('VSCODE_GIT_ASKPASS_NODE', '/vscode/vscode-server/bin/linux-x64/e54c774e0add60467559eb0d1e229c6452cf8447/node'), ('PYDEVD_DISABLE_FILE_VALIDATION', '1'), ('BUNDLED_DEBUGPY_PATH', '/home/yadhu/.vscode-server/extensions/ms-python.debugpy-2025.0.1-linux-x64/bundled/libs/debugpy'), ('COLORTERM', 'truecolor'), ('REMOTE_CONTAINERS', 'true'), ('ROS_DISTRO', 'humble'), ('REMOTE_CONTAINERS_IPC', '/tmp/vscode-remote-containers-ipc-3b15b7cf-88ad-4a56-828c-69c61a495d31.sock'), ('_', '/usr/bin/colcon'), ('ROS_VERSION', '2'), ('TERM', 'xterm-256color'), ('ROS_LOCALHOST_ONLY', '0'), ('PATH', '/vscode/vscode-server/bin/linux-x64/e54c774e0add60467559eb0d1e229c6452cf8447/bin/remote-cli:/opt/ros/humble/bin:/usr/local/sbin:/usr/local/bin:/usr/sbin:/usr/bin:/sbin:/bin:/home/yadhu/.vscode-server/extensions/ms-python.debugpy-2025.0.1-linux-x64/bundled/scripts/noConfigScripts'), ('REMOTE_CONTAINERS_SOCKETS', '["/tmp/vscode-ssh-auth-3b15b7cf-88ad-4a56-828c-69c61a495d31.sock","/home/yadhu/.gnupg/S.gpg-agent"]'), ('DISPLAY', ':1'), ('LANG', 'C.UTF-8'), ('RMW_IMPLEMENTATION', 'rmw_cyclonedds_cpp'), ('LS_COLORS', 'rs=0:di=01;34:ln=01;36:mh=00:pi=40;33:so=01;35:do=01;35:bd=40;33;01:cd=40;33;01:or=40;31;01:mi=00:su=37;41:sg=30;43:ca=30;41:tw=30;42:ow=34;42:st=37;44:ex=01;32:*.tar=01;31:*.tgz=01;31:*.arc=01;31:*.arj=01;31:*.taz=01;31:*.lha=01;31:*.lz4=01;31:*.lzh=01;31:*.lzma=01;31:*.tlz=01;31:*.txz=01;31:*.tzo=01;31:*.t7z=01;31:*.zip=01;31:*.z=01;31:*.dz=01;31:*.gz=01;31:*.lrz=01;31:*.lz=01;31:*.lzo=01;31:*.xz=01;31:*.zst=01;31:*.tzst=01;31:*.bz2=01;31:*.bz=01;31:*.tbz=01;31:*.tbz2=01;31:*.tz=01;31:*.deb=01;31:*.rpm=01;31:*.jar=01;31:*.war=01;31:*.ear=01;31:*.sar=01;31:*.rar=01;31:*.alz=01;31:*.ace=01;31:*.zoo=01;31:*.cpio=01;31:*.7z=01;31:*.rz=01;31:*.cab=01;31:*.wim=01;31:*.swm=01;31:*.dwm=01;31:*.esd=01;31:*.jpg=01;35:*.jpeg=01;35:*.mjpg=01;35:*.mjpeg=01;35:*.gif=01;35:*.bmp=01;35:*.pbm=01;35:*.pgm=01;35:*.ppm=01;35:*.tga=01;35:*.xbm=01;35:*.xpm=01;35:*.tif=01;35:*.tiff=01;35:*.png=01;35:*.svg=01;35:*.svgz=01;35:*.mng=01;35:*.pcx=01;35:*.mov=01;35:*.mpg=01;35:*.mpeg=01;35:*.m2v=01;35:*.mkv=01;35:*.webm=01;35:*.webp=01;35:*.ogm=01;35:*.mp4=01;35:*.m4v=01;35:*.mp4v=01;35:*.vob=01;35:*.qt=01;35:*.nuv=01;35:*.wmv=01;35:*.asf=01;35:*.rm=01;35:*.rmvb=01;35:*.flc=01;35:*.avi=01;35:*.fli=01;35:*.flv=01;35:*.gl=01;35:*.dl=01;35:*.xcf=01;35:*.xwd=01;35:*.yuv=01;35:*.cgm=01;35:*.emf=01;35:*.ogv=01;35:*.ogx=01;35:*.aac=00;36:*.au=00;36:*.flac=00;36:*.m4a=00;36:*.mid=00;36:*.midi=00;36:*.mka=00;36:*.mp3=00;36:*.mpc=00;36:*.ogg=00;36:*.ra=00;36:*.wav=00;36:*.oga=00;36:*.opus=00;36:*.spx=00;36:*.xspf=00;36:'), ('VSCODE_GIT_IPC_HANDLE', '/tmp/vscode-git-09c052f1c4.sock'), ('TERM_PROGRAM', 'vscode'), ('SSH_AUTH_SOCK', '/tmp/vscode-ssh-auth-3b15b7cf-88ad-4a56-828c-69c61a495d31.sock'), ('ROS_DOMAIN_ID', '42'), ('AMENT_PREFIX_PATH', '/home/yadhu/ur3e/src/install/robotiq_description:/opt/ros/humble'), ('SHELL', '/bin/bash'), ('ROS_AUTOMATIC_DISCOVERY_RANGE', 'LOCALHOST'), ('VSCODE_GIT_ASKPASS_EXTRA_ARGS', ''), ('PWD', '/home/yadhu/ur3e/src/build/ur_description'), ('LC_ALL', 'C.UTF-8'), ('PYTHONPATH', '/opt/ros/humble/lib/python3.10/site-packages:/opt/ros/humble/local/lib/python3.10/dist-packages'), ('COLCON', '1'), ('CMAKE_PREFIX_PATH', '/home/yadhu/ur3e/src/install/robotiq_description:/opt/ros/humble')]), 'shell': False}
[0.518513] (ur_description) StdoutLine: {'line': b'-- Install configuration: ""\n'}
[0.518647] (ur_description) StdoutLine: {'line': b'-- Installing: /home/yadhu/ur3e/src/install/ur_description/share/ur_description/config\n'}
[0.518830] (ur_description) StdoutLine: {'line': b'-- Installing: /home/yadhu/ur3e/src/install/ur_description/share/ur_description/config/ur_controllers.yaml\n'}
[0.518990] (ur_description) StdoutLine: {'line': b'-- Installing: /home/yadhu/ur3e/src/install/ur_description/share/ur_description/config/ur10e\n'}
[0.519140] (ur_description) StdoutLine: {'line': b'-- Installing: /home/yadhu/ur3e/src/install/ur_description/share/ur_description/config/ur10e/joint_limits.yaml\n'}
[0.519436] (ur_description) StdoutLine: {'line': b'-- Installing: /home/yadhu/ur3e/src/install/ur_description/share/ur_description/config/ur10e/visual_parameters.yaml\n'}
[0.520049] (ur_description) StdoutLine: {'line': b'-- Installing: /home/yadhu/ur3e/src/install/ur_description/share/ur_description/config/ur10e/physical_parameters.yaml\n'}
[0.520586] (ur_description) StdoutLine: {'line': b'-- Installing: /home/yadhu/ur3e/src/install/ur_description/share/ur_description/config/ur10e/default_kinematics.yaml\n'}
[0.520648] (ur_description) StdoutLine: {'line': b'-- Installing: /home/yadhu/ur3e/src/install/ur_description/share/ur_description/config/ur30\n'}
[0.520695] (ur_description) StdoutLine: {'line': b'-- Installing: /home/yadhu/ur3e/src/install/ur_description/share/ur_description/config/ur30/joint_limits.yaml\n'}
[0.522688] (ur_description) StdoutLine: {'line': b'-- Installing: /home/yadhu/ur3e/src/install/ur_description/share/ur_description/config/ur30/visual_parameters.yaml\n'}
[0.522807] (ur_description) StdoutLine: {'line': b'-- Installing: /home/yadhu/ur3e/src/install/ur_description/share/ur_description/config/ur30/physical_parameters.yaml\n'}
[0.523036] (ur_description) StdoutLine: {'line': b'-- Installing: /home/yadhu/ur3e/src/install/ur_description/share/ur_description/config/ur30/default_kinematics.yaml\n'}
[0.523734] (ur_description) StdoutLine: {'line': b'-- Installing: /home/yadhu/ur3e/src/install/ur_description/share/ur_description/config/ur5e\n'}
[0.523829] (ur_description) StdoutLine: {'line': b'-- Installing: /home/yadhu/ur3e/src/install/ur_description/share/ur_description/config/ur5e/joint_limits.yaml\n'}
[0.523875] (ur_description) StdoutLine: {'line': b'-- Installing: /home/yadhu/ur3e/src/install/ur_description/share/ur_description/config/ur5e/visual_parameters.yaml\n'}
[0.523912] (ur_description) StdoutLine: {'line': b'-- Installing: /home/yadhu/ur3e/src/install/ur_description/share/ur_description/config/ur5e/physical_parameters.yaml\n'}
[0.524381] (ur_description) StdoutLine: {'line': b'-- Installing: /home/yadhu/ur3e/src/install/ur_description/share/ur_description/config/ur5e/default_kinematics.yaml\n'}
[0.524709] (ur_description) StdoutLine: {'line': b'-- Installing: /home/yadhu/ur3e/src/install/ur_description/share/ur_description/config/ur5\n'}
[0.524908] (ur_description) StdoutLine: {'line': b'-- Installing: /home/yadhu/ur3e/src/install/ur_description/share/ur_description/config/ur5/joint_limits.yaml\n'}
[0.525096] (ur_description) StdoutLine: {'line': b'-- Installing: /home/yadhu/ur3e/src/install/ur_description/share/ur_description/config/ur5/visual_parameters.yaml\n'}
[0.526484] (ur_description) StdoutLine: {'line': b'-- Installing: /home/yadhu/ur3e/src/install/ur_description/share/ur_description/config/ur5/physical_parameters.yaml\n'}
[0.526661] (ur_description) StdoutLine: {'line': b'-- Installing: /home/yadhu/ur3e/src/install/ur_description/share/ur_description/config/ur5/default_kinematics.yaml\n'}
[0.526844] (ur_description) StdoutLine: {'line': b'-- Installing: /home/yadhu/ur3e/src/install/ur_description/share/ur_description/config/ur3e\n'}
[0.526940] (ur_description) StdoutLine: {'line': b'-- Installing: /home/yadhu/ur3e/src/install/ur_description/share/ur_description/config/ur3e/joint_limits.yaml\n'}
[0.527140] (ur_description) StdoutLine: {'line': b'-- Installing: /home/yadhu/ur3e/src/install/ur_description/share/ur_description/config/ur3e/visual_parameters.yaml\n'}
[0.527240] (ur_description) StdoutLine: {'line': b'-- Installing: /home/yadhu/ur3e/src/install/ur_description/share/ur_description/config/ur3e/physical_parameters.yaml\n'}
[0.527580] (ur_description) StdoutLine: {'line': b'-- Installing: /home/yadhu/ur3e/src/install/ur_description/share/ur_description/config/ur3e/default_kinematics.yaml\n'}
[0.527883] (ur_description) StdoutLine: {'line': b'-- Installing: /home/yadhu/ur3e/src/install/ur_description/share/ur_description/config/ur10\n'}
[0.527944] (ur_description) StdoutLine: {'line': b'-- Installing: /home/yadhu/ur3e/src/install/ur_description/share/ur_description/config/ur10/joint_limits.yaml\n'}
[0.528160] (ur_description) StdoutLine: {'line': b'-- Installing: /home/yadhu/ur3e/src/install/ur_description/share/ur_description/config/ur10/visual_parameters.yaml\n'}
[0.528411] (ur_description) StdoutLine: {'line': b'-- Installing: /home/yadhu/ur3e/src/install/ur_description/share/ur_description/config/ur10/physical_parameters.yaml\n'}
[0.528647] (ur_description) StdoutLine: {'line': b'-- Installing: /home/yadhu/ur3e/src/install/ur_description/share/ur_description/config/ur10/default_kinematics.yaml\n'}
[0.528874] (ur_description) StdoutLine: {'line': b'-- Installing: /home/yadhu/ur3e/src/install/ur_description/share/ur_description/config/initial_positions.yaml\n'}
[0.529202] (ur_description) StdoutLine: {'line': b'-- Installing: /home/yadhu/ur3e/src/install/ur_description/share/ur_description/config/ros2control_controllers.yaml\n'}
[0.529419] (ur_description) StdoutLine: {'line': b'-- Installing: /home/yadhu/ur3e/src/install/ur_description/share/ur_description/config/ur20\n'}
[0.529574] (ur_description) StdoutLine: {'line': b'-- Installing: /home/yadhu/ur3e/src/install/ur_description/share/ur_description/config/ur20/joint_limits.yaml\n'}
[0.529747] (ur_description) StdoutLine: {'line': b'-- Installing: /home/yadhu/ur3e/src/install/ur_description/share/ur_description/config/ur20/visual_parameters.yaml\n'}
[0.529996] (ur_description) StdoutLine: {'line': b'-- Installing: /home/yadhu/ur3e/src/install/ur_description/share/ur_description/config/ur20/physical_parameters.yaml\n'}
[0.530265] (ur_description) StdoutLine: {'line': b'-- Installing: /home/yadhu/ur3e/src/install/ur_description/share/ur_description/config/ur20/default_kinematics.yaml\n'}
[0.530439] (ur_description) StdoutLine: {'line': b'-- Installing: /home/yadhu/ur3e/src/install/ur_description/share/ur_description/config/ur3\n'}
[0.530548] (ur_description) StdoutLine: {'line': b'-- Installing: /home/yadhu/ur3e/src/install/ur_description/share/ur_description/config/ur3/joint_limits.yaml\n'}
[0.530731] (ur_description) StdoutLine: {'line': b'-- Installing: /home/yadhu/ur3e/src/install/ur_description/share/ur_description/config/ur3/visual_parameters.yaml\n'}
[0.530953] (ur_description) StdoutLine: {'line': b'-- Installing: /home/yadhu/ur3e/src/install/ur_description/share/ur_description/config/ur3/physical_parameters.yaml\n'}
[0.531123] (ur_description) StdoutLine: {'line': b'-- Installing: /home/yadhu/ur3e/src/install/ur_description/share/ur_description/config/ur3/default_kinematics.yaml\n'}
[0.531342] (ur_description) StdoutLine: {'line': b'-- Installing: /home/yadhu/ur3e/src/install/ur_description/share/ur_description/config/ur16e\n'}
[0.531455] (ur_description) StdoutLine: {'line': b'-- Installing: /home/yadhu/ur3e/src/install/ur_description/share/ur_description/config/ur16e/joint_limits.yaml\n'}
[0.531646] (ur_description) StdoutLine: {'line': b'-- Installing: /home/yadhu/ur3e/src/install/ur_description/share/ur_description/config/ur16e/visual_parameters.yaml\n'}
[0.531755] (ur_description) StdoutLine: {'line': b'-- Installing: /home/yadhu/ur3e/src/install/ur_description/share/ur_description/config/ur16e/physical_parameters.yaml\n'}
[0.531876] (ur_description) StdoutLine: {'line': b'-- Installing: /home/yadhu/ur3e/src/install/ur_description/share/ur_description/config/ur16e/default_kinematics.yaml\n'}
[0.532037] (ur_description) StdoutLine: {'line': b'-- Installing: /home/yadhu/ur3e/src/install/ur_description/share/ur_description/launch\n'}
[0.532172] (ur_description) StdoutLine: {'line': b'-- Installing: /home/yadhu/ur3e/src/install/ur_description/share/ur_description/launch/gazebo.launch.py\n'}
[0.532650] (ur_description) StdoutLine: {'line': b'-- Installing: /home/yadhu/ur3e/src/install/ur_description/share/ur_description/launch/rviz.launch.py\n'}
[0.532760] (ur_description) StdoutLine: {'line': b'-- Installing: /home/yadhu/ur3e/src/install/ur_description/share/ur_description/meshes\n'}
[0.532874] (ur_description) StdoutLine: {'line': b'-- Installing: /home/yadhu/ur3e/src/install/ur_description/share/ur_description/meshes/ur10e\n'}
[0.532946] (ur_description) StdoutLine: {'line': b'-- Installing: /home/yadhu/ur3e/src/install/ur_description/share/ur_description/meshes/ur10e/collision\n'}
[0.533011] (ur_description) StdoutLine: {'line': b'-- Installing: /home/yadhu/ur3e/src/install/ur_description/share/ur_description/meshes/ur10e/collision/wrist2.stl\n'}
[0.533131] (ur_description) StdoutLine: {'line': b'-- Installing: /home/yadhu/ur3e/src/install/ur_description/share/ur_description/meshes/ur10e/collision/base.stl\n'}
[0.533496] (ur_description) StdoutLine: {'line': b'-- Installing: /home/yadhu/ur3e/src/install/ur_description/share/ur_description/meshes/ur10e/collision/upperarm.stl\n'}
[0.534062] (ur_description) StdoutLine: {'line': b'-- Installing: /home/yadhu/ur3e/src/install/ur_description/share/ur_description/meshes/ur10e/collision/forearm.stl\n'}
[0.534499] (unity_robotics_demo_msgs) StdoutLine: {'line': b"Listing '/home/yadhu/ur3e/src/install/unity_robotics_demo_msgs/local/lib/python3.10/dist-packages/unity_robotics_demo_msgs'...\n"}
[0.534640] (unity_robotics_demo_msgs) StdoutLine: {'line': b"Compiling '/home/yadhu/ur3e/src/install/unity_robotics_demo_msgs/local/lib/python3.10/dist-packages/unity_robotics_demo_msgs/__init__.py'...\n"}
[0.534719] (unity_robotics_demo_msgs) StdoutLine: {'line': b"Listing '/home/yadhu/ur3e/src/install/unity_robotics_demo_msgs/local/lib/python3.10/dist-packages/unity_robotics_demo_msgs/msg'...\n"}
[0.534814] (unity_robotics_demo_msgs) StdoutLine: {'line': b"Compiling '/home/yadhu/ur3e/src/install/unity_robotics_demo_msgs/local/lib/python3.10/dist-packages/unity_robotics_demo_msgs/msg/__init__.py'...\n"}
[0.535004] (unity_robotics_demo_msgs) StdoutLine: {'line': b"Compiling '/home/yadhu/ur3e/src/install/unity_robotics_demo_msgs/local/lib/python3.10/dist-packages/unity_robotics_demo_msgs/msg/_pos_rot.py'...\n"}
[0.535082] (unity_robotics_demo_msgs) StdoutLine: {'line': b"Compiling '/home/yadhu/ur3e/src/install/unity_robotics_demo_msgs/local/lib/python3.10/dist-packages/unity_robotics_demo_msgs/msg/_unity_color.py'...\n"}
[0.535154] (unity_robotics_demo_msgs) StdoutLine: {'line': b"Listing '/home/yadhu/ur3e/src/install/unity_robotics_demo_msgs/local/lib/python3.10/dist-packages/unity_robotics_demo_msgs/srv'...\n"}
[0.535228] (ur_description) StdoutLine: {'line': b'-- Installing: /home/yadhu/ur3e/src/install/ur_description/share/ur_description/meshes/ur10e/collision/wrist1.stl\n'}
[0.535383] (unity_robotics_demo_msgs) StdoutLine: {'line': b"Compiling '/home/yadhu/ur3e/src/install/unity_robotics_demo_msgs/local/lib/python3.10/dist-packages/unity_robotics_demo_msgs/srv/__init__.py'...\n"}
[0.535478] (unity_robotics_demo_msgs) StdoutLine: {'line': b"Compiling '/home/yadhu/ur3e/src/install/unity_robotics_demo_msgs/local/lib/python3.10/dist-packages/unity_robotics_demo_msgs/srv/_object_pose_service.py'...\n"}
[0.535528] (unity_robotics_demo_msgs) StdoutLine: {'line': b"Compiling '/home/yadhu/ur3e/src/install/unity_robotics_demo_msgs/local/lib/python3.10/dist-packages/unity_robotics_demo_msgs/srv/_position_service.py'...\n"}
[0.535573] (ur_description) StdoutLine: {'line': b'-- Installing: /home/yadhu/ur3e/src/install/ur_description/share/ur_description/meshes/ur10e/collision/shoulder.stl\n'}
[0.535621] (ur_description) StdoutLine: {'line': b'-- Installing: /home/yadhu/ur3e/src/install/ur_description/share/ur_description/meshes/ur10e/collision/wrist3.stl\n'}
[0.535704] (ur_description) StdoutLine: {'line': b'-- Installing: /home/yadhu/ur3e/src/install/ur_description/share/ur_description/meshes/ur10e/visual\n'}
[0.535844] (ur_description) StdoutLine: {'line': b'-- Installing: /home/yadhu/ur3e/src/install/ur_description/share/ur_description/meshes/ur10e/visual/wrist2.dae\n'}
[0.537789] (ur_description) StdoutLine: {'line': b'-- Installing: /home/yadhu/ur3e/src/install/ur_description/share/ur_description/meshes/ur10e/visual/base.dae\n'}
[0.538118] (unity_robotics_demo_msgs) StdoutLine: {'line': b'-- Installing: /home/yadhu/ur3e/src/install/unity_robotics_demo_msgs/local/lib/python3.10/dist-packages/unity_robotics_demo_msgs/unity_robotics_demo_msgs_s__rosidl_typesupport_fastrtps_c.cpython-310-x86_64-linux-gnu.so\n'}
[0.538249] (unity_robotics_demo_msgs) StdoutLine: {'line': b'-- Set runtime path of "/home/yadhu/ur3e/src/install/unity_robotics_demo_msgs/local/lib/python3.10/dist-packages/unity_robotics_demo_msgs/unity_robotics_demo_msgs_s__rosidl_typesupport_fastrtps_c.cpython-310-x86_64-linux-gnu.so" to ""\n'}
[0.538366] (unity_robotics_demo_msgs) StdoutLine: {'line': b'-- Installing: /home/yadhu/ur3e/src/install/unity_robotics_demo_msgs/local/lib/python3.10/dist-packages/unity_robotics_demo_msgs/unity_robotics_demo_msgs_s__rosidl_typesupport_introspection_c.cpython-310-x86_64-linux-gnu.so\n'}
[0.538490] (unity_robotics_demo_msgs) StdoutLine: {'line': b'-- Set runtime path of "/home/yadhu/ur3e/src/install/unity_robotics_demo_msgs/local/lib/python3.10/dist-packages/unity_robotics_demo_msgs/unity_robotics_demo_msgs_s__rosidl_typesupport_introspection_c.cpython-310-x86_64-linux-gnu.so" to ""\n'}
[0.538665] (unity_robotics_demo_msgs) StdoutLine: {'line': b'-- Installing: /home/yadhu/ur3e/src/install/unity_robotics_demo_msgs/local/lib/python3.10/dist-packages/unity_robotics_demo_msgs/unity_robotics_demo_msgs_s__rosidl_typesupport_c.cpython-310-x86_64-linux-gnu.so\n'}
[0.538778] (unity_robotics_demo_msgs) StdoutLine: {'line': b'-- Set runtime path of "/home/yadhu/ur3e/src/install/unity_robotics_demo_msgs/local/lib/python3.10/dist-packages/unity_robotics_demo_msgs/unity_robotics_demo_msgs_s__rosidl_typesupport_c.cpython-310-x86_64-linux-gnu.so" to ""\n'}
[0.538985] (unity_robotics_demo_msgs) StdoutLine: {'line': b'-- Installing: /home/yadhu/ur3e/src/install/unity_robotics_demo_msgs/lib/libunity_robotics_demo_msgs__rosidl_generator_py.so\n'}
[0.539058] (ur_description) StdoutLine: {'line': b'-- Installing: /home/yadhu/ur3e/src/install/ur_description/share/ur_description/meshes/ur10e/visual/wrist3.dae\n'}
[0.539141] (unity_robotics_demo_msgs) StdoutLine: {'line': b'-- Set runtime path of "/home/yadhu/ur3e/src/install/unity_robotics_demo_msgs/lib/libunity_robotics_demo_msgs__rosidl_generator_py.so" to ""\n'}
[0.539316] (unity_robotics_demo_msgs) StdoutLine: {'line': b'-- Installing: /home/yadhu/ur3e/src/install/unity_robotics_demo_msgs/share/unity_robotics_demo_msgs/msg/PosRot.idl\n'}
[0.539398] (unity_robotics_demo_msgs) StdoutLine: {'line': b'-- Installing: /home/yadhu/ur3e/src/install/unity_robotics_demo_msgs/share/unity_robotics_demo_msgs/msg/UnityColor.idl\n'}
[0.539471] (ur_description) StdoutLine: {'line': b'-- Installing: /home/yadhu/ur3e/src/install/ur_description/share/ur_description/meshes/ur10e/visual/upperarm.dae\n'}
[0.539543] (unity_robotics_demo_msgs) StdoutLine: {'line': b'-- Installing: /home/yadhu/ur3e/src/install/unity_robotics_demo_msgs/share/unity_robotics_demo_msgs/srv/PositionService.idl\n'}
[0.539611] (unity_robotics_demo_msgs) StdoutLine: {'line': b'-- Installing: /home/yadhu/ur3e/src/install/unity_robotics_demo_msgs/share/unity_robotics_demo_msgs/srv/ObjectPoseService.idl\n'}
[0.539700] (unity_robotics_demo_msgs) StdoutLine: {'line': b'-- Installing: /home/yadhu/ur3e/src/install/unity_robotics_demo_msgs/share/unity_robotics_demo_msgs/msg/PosRot.msg\n'}
[0.539836] (unity_robotics_demo_msgs) StdoutLine: {'line': b'-- Installing: /home/yadhu/ur3e/src/install/unity_robotics_demo_msgs/share/unity_robotics_demo_msgs/msg/UnityColor.msg\n'}
[0.539945] (unity_robotics_demo_msgs) StdoutLine: {'line': b'-- Installing: /home/yadhu/ur3e/src/install/unity_robotics_demo_msgs/share/unity_robotics_demo_msgs/srv/PositionService.srv\n'}
[0.540015] (unity_robotics_demo_msgs) StdoutLine: {'line': b'-- Installing: /home/yadhu/ur3e/src/install/unity_robotics_demo_msgs/share/unity_robotics_demo_msgs/srv/PositionService_Request.msg\n'}
[0.540177] (unity_robotics_demo_msgs) StdoutLine: {'line': b'-- Installing: /home/yadhu/ur3e/src/install/unity_robotics_demo_msgs/share/unity_robotics_demo_msgs/srv/PositionService_Response.msg\n'}
[0.540316] (unity_robotics_demo_msgs) StdoutLine: {'line': b'-- Installing: /home/yadhu/ur3e/src/install/unity_robotics_demo_msgs/share/unity_robotics_demo_msgs/srv/ObjectPoseService.srv\n'}
[0.540452] (unity_robotics_demo_msgs) StdoutLine: {'line': b'-- Installing: /home/yadhu/ur3e/src/install/unity_robotics_demo_msgs/share/unity_robotics_demo_msgs/srv/ObjectPoseService_Request.msg\n'}
[0.540542] (unity_robotics_demo_msgs) StdoutLine: {'line': b'-- Installing: /home/yadhu/ur3e/src/install/unity_robotics_demo_msgs/share/unity_robotics_demo_msgs/srv/ObjectPoseService_Response.msg\n'}
[0.540848] (unity_robotics_demo_msgs) StdoutLine: {'line': b'-- Installing: /home/yadhu/ur3e/src/install/unity_robotics_demo_msgs/share/ament_index/resource_index/package_run_dependencies/unity_robotics_demo_msgs\n'}
[0.541055] (unity_robotics_demo_msgs) StdoutLine: {'line': b'-- Installing: /home/yadhu/ur3e/src/install/unity_robotics_demo_msgs/share/ament_index/resource_index/parent_prefix_path/unity_robotics_demo_msgs\n'}
[0.541177] (unity_robotics_demo_msgs) StdoutLine: {'line': b'-- Installing: /home/yadhu/ur3e/src/install/unity_robotics_demo_msgs/share/unity_robotics_demo_msgs/environment/ament_prefix_path.sh\n'}
[0.541273] (unity_robotics_demo_msgs) StdoutLine: {'line': b'-- Installing: /home/yadhu/ur3e/src/install/unity_robotics_demo_msgs/share/unity_robotics_demo_msgs/environment/ament_prefix_path.dsv\n'}
[0.541361] (unity_robotics_demo_msgs) StdoutLine: {'line': b'-- Installing: /home/yadhu/ur3e/src/install/unity_robotics_demo_msgs/share/unity_robotics_demo_msgs/environment/path.sh\n'}
[0.541482] (unity_robotics_demo_msgs) StdoutLine: {'line': b'-- Installing: /home/yadhu/ur3e/src/install/unity_robotics_demo_msgs/share/unity_robotics_demo_msgs/environment/path.dsv\n'}
[0.541568] (unity_robotics_demo_msgs) StdoutLine: {'line': b'-- Installing: /home/yadhu/ur3e/src/install/unity_robotics_demo_msgs/share/unity_robotics_demo_msgs/local_setup.bash\n'}
[0.541667] (unity_robotics_demo_msgs) StdoutLine: {'line': b'-- Installing: /home/yadhu/ur3e/src/install/unity_robotics_demo_msgs/share/unity_robotics_demo_msgs/local_setup.sh\n'}
[0.541738] (unity_robotics_demo_msgs) StdoutLine: {'line': b'-- Installing: /home/yadhu/ur3e/src/install/unity_robotics_demo_msgs/share/unity_robotics_demo_msgs/local_setup.zsh\n'}
[0.541840] (unity_robotics_demo_msgs) StdoutLine: {'line': b'-- Installing: /home/yadhu/ur3e/src/install/unity_robotics_demo_msgs/share/unity_robotics_demo_msgs/local_setup.dsv\n'}
[0.541923] (unity_robotics_demo_msgs) StdoutLine: {'line': b'-- Installing: /home/yadhu/ur3e/src/install/unity_robotics_demo_msgs/share/unity_robotics_demo_msgs/package.dsv\n'}
[0.541990] (unity_robotics_demo_msgs) StdoutLine: {'line': b'-- Installing: /home/yadhu/ur3e/src/install/unity_robotics_demo_msgs/share/ament_index/resource_index/packages/unity_robotics_demo_msgs\n'}
[0.542074] (unity_robotics_demo_msgs) StdoutLine: {'line': b'-- Installing: /home/yadhu/ur3e/src/install/unity_robotics_demo_msgs/share/unity_robotics_demo_msgs/cmake/export_unity_robotics_demo_msgs__rosidl_generator_cExport.cmake\n'}
[0.542172] (unity_robotics_demo_msgs) StdoutLine: {'line': b'-- Installing: /home/yadhu/ur3e/src/install/unity_robotics_demo_msgs/share/unity_robotics_demo_msgs/cmake/export_unity_robotics_demo_msgs__rosidl_generator_cExport-noconfig.cmake\n'}
[0.542238] (unity_robotics_demo_msgs) StdoutLine: {'line': b'-- Installing: /home/yadhu/ur3e/src/install/unity_robotics_demo_msgs/share/unity_robotics_demo_msgs/cmake/export_unity_robotics_demo_msgs__rosidl_typesupport_fastrtps_cExport.cmake\n'}
[0.542301] (unity_robotics_demo_msgs) StdoutLine: {'line': b'-- Installing: /home/yadhu/ur3e/src/install/unity_robotics_demo_msgs/share/unity_robotics_demo_msgs/cmake/export_unity_robotics_demo_msgs__rosidl_typesupport_fastrtps_cExport-noconfig.cmake\n'}
[0.542442] (unity_robotics_demo_msgs) StdoutLine: {'line': b'-- Installing: /home/yadhu/ur3e/src/install/unity_robotics_demo_msgs/share/unity_robotics_demo_msgs/cmake/unity_robotics_demo_msgs__rosidl_typesupport_introspection_cExport.cmake\n'}
[0.542510] (unity_robotics_demo_msgs) StdoutLine: {'line': b'-- Installing: /home/yadhu/ur3e/src/install/unity_robotics_demo_msgs/share/unity_robotics_demo_msgs/cmake/unity_robotics_demo_msgs__rosidl_typesupport_introspection_cExport-noconfig.cmake\n'}
[0.542606] (unity_robotics_demo_msgs) StdoutLine: {'line': b'-- Installing: /home/yadhu/ur3e/src/install/unity_robotics_demo_msgs/share/unity_robotics_demo_msgs/cmake/unity_robotics_demo_msgs__rosidl_typesupport_cExport.cmake\n'}
[0.542718] (unity_robotics_demo_msgs) StdoutLine: {'line': b'-- Installing: /home/yadhu/ur3e/src/install/unity_robotics_demo_msgs/share/unity_robotics_demo_msgs/cmake/unity_robotics_demo_msgs__rosidl_typesupport_cExport-noconfig.cmake\n'}
[0.542858] (unity_robotics_demo_msgs) StdoutLine: {'line': b'-- Installing: /home/yadhu/ur3e/src/install/unity_robotics_demo_msgs/share/unity_robotics_demo_msgs/cmake/export_unity_robotics_demo_msgs__rosidl_generator_cppExport.cmake\n'}
[0.542993] (unity_robotics_demo_msgs) StdoutLine: {'line': b'-- Installing: /home/yadhu/ur3e/src/install/unity_robotics_demo_msgs/share/unity_robotics_demo_msgs/cmake/export_unity_robotics_demo_msgs__rosidl_typesupport_fastrtps_cppExport.cmake\n'}
[0.543081] (unity_robotics_demo_msgs) StdoutLine: {'line': b'-- Installing: /home/yadhu/ur3e/src/install/unity_robotics_demo_msgs/share/unity_robotics_demo_msgs/cmake/export_unity_robotics_demo_msgs__rosidl_typesupport_fastrtps_cppExport-noconfig.cmake\n'}
[0.543151] (unity_robotics_demo_msgs) StdoutLine: {'line': b'-- Installing: /home/yadhu/ur3e/src/install/unity_robotics_demo_msgs/share/unity_robotics_demo_msgs/cmake/unity_robotics_demo_msgs__rosidl_typesupport_introspection_cppExport.cmake\n'}
[0.543299] (unity_robotics_demo_msgs) StdoutLine: {'line': b'-- Installing: /home/yadhu/ur3e/src/install/unity_robotics_demo_msgs/share/unity_robotics_demo_msgs/cmake/unity_robotics_demo_msgs__rosidl_typesupport_introspection_cppExport-noconfig.cmake\n'}
[0.543392] (unity_robotics_demo_msgs) StdoutLine: {'line': b'-- Installing: /home/yadhu/ur3e/src/install/unity_robotics_demo_msgs/share/unity_robotics_demo_msgs/cmake/unity_robotics_demo_msgs__rosidl_typesupport_cppExport.cmake\n'}
[0.543466] (unity_robotics_demo_msgs) StdoutLine: {'line': b'-- Installing: /home/yadhu/ur3e/src/install/unity_robotics_demo_msgs/share/unity_robotics_demo_msgs/cmake/unity_robotics_demo_msgs__rosidl_typesupport_cppExport-noconfig.cmake\n'}
[0.543550] (unity_robotics_demo_msgs) StdoutLine: {'line': b'-- Installing: /home/yadhu/ur3e/src/install/unity_robotics_demo_msgs/share/unity_robotics_demo_msgs/cmake/export_unity_robotics_demo_msgs__rosidl_generator_pyExport.cmake\n'}
[0.543633] (unity_robotics_demo_msgs) StdoutLine: {'line': b'-- Installing: /home/yadhu/ur3e/src/install/unity_robotics_demo_msgs/share/unity_robotics_demo_msgs/cmake/export_unity_robotics_demo_msgs__rosidl_generator_pyExport-noconfig.cmake\n'}
[0.543792] (unity_robotics_demo_msgs) StdoutLine: {'line': b'-- Installing: /home/yadhu/ur3e/src/install/unity_robotics_demo_msgs/share/unity_robotics_demo_msgs/cmake/rosidl_cmake-extras.cmake\n'}
[0.543853] (unity_robotics_demo_msgs) StdoutLine: {'line': b'-- Installing: /home/yadhu/ur3e/src/install/unity_robotics_demo_msgs/share/unity_robotics_demo_msgs/cmake/ament_cmake_export_dependencies-extras.cmake\n'}
[0.543886] (unity_robotics_demo_msgs) StdoutLine: {'line': b'-- Installing: /home/yadhu/ur3e/src/install/unity_robotics_demo_msgs/share/unity_robotics_demo_msgs/cmake/ament_cmake_export_include_directories-extras.cmake\n'}
[0.543923] (unity_robotics_demo_msgs) StdoutLine: {'line': b'-- Installing: /home/yadhu/ur3e/src/install/unity_robotics_demo_msgs/share/unity_robotics_demo_msgs/cmake/ament_cmake_export_libraries-extras.cmake\n'}
[0.543952] (unity_robotics_demo_msgs) StdoutLine: {'line': b'-- Installing: /home/yadhu/ur3e/src/install/unity_robotics_demo_msgs/share/unity_robotics_demo_msgs/cmake/ament_cmake_export_targets-extras.cmake\n'}
[0.543979] (unity_robotics_demo_msgs) StdoutLine: {'line': b'-- Installing: /home/yadhu/ur3e/src/install/unity_robotics_demo_msgs/share/unity_robotics_demo_msgs/cmake/rosidl_cmake_export_typesupport_targets-extras.cmake\n'}
[0.544004] (unity_robotics_demo_msgs) StdoutLine: {'line': b'-- Installing: /home/yadhu/ur3e/src/install/unity_robotics_demo_msgs/share/unity_robotics_demo_msgs/cmake/rosidl_cmake_export_typesupport_libraries-extras.cmake\n'}
[0.544032] (unity_robotics_demo_msgs) StdoutLine: {'line': b'-- Installing: /home/yadhu/ur3e/src/install/unity_robotics_demo_msgs/share/unity_robotics_demo_msgs/cmake/unity_robotics_demo_msgsConfig.cmake\n'}
[0.544063] (unity_robotics_demo_msgs) StdoutLine: {'line': b'-- Installing: /home/yadhu/ur3e/src/install/unity_robotics_demo_msgs/share/unity_robotics_demo_msgs/cmake/unity_robotics_demo_msgsConfig-version.cmake\n'}
[0.544092] (unity_robotics_demo_msgs) StdoutLine: {'line': b'-- Installing: /home/yadhu/ur3e/src/install/unity_robotics_demo_msgs/share/unity_robotics_demo_msgs/package.xml\n'}
[0.545242] (ur_description) StdoutLine: {'line': b'-- Installing: /home/yadhu/ur3e/src/install/ur_description/share/ur_description/meshes/ur10e/visual/wrist1.dae\n'}
[0.545775] (unity_robotics_demo_msgs) CommandEnded: {'returncode': 0}
[0.547511] (ur_description) StdoutLine: {'line': b'-- Installing: /home/yadhu/ur3e/src/install/ur_description/share/ur_description/meshes/ur10e/visual/forearm.dae\n'}
[0.549605] (ur_description) StdoutLine: {'line': b'-- Installing: /home/yadhu/ur3e/src/install/ur_description/share/ur_description/meshes/ur10e/visual/shoulder.dae\n'}
[0.555141] (ur_description) StdoutLine: {'line': b'-- Installing: /home/yadhu/ur3e/src/install/ur_description/share/ur_description/meshes/ur30\n'}
[0.555418] (ur_description) StdoutLine: {'line': b'-- Installing: /home/yadhu/ur3e/src/install/ur_description/share/ur_description/meshes/ur30/LICENSE.txt\n'}
[0.555491] (ur_description) StdoutLine: {'line': b'-- Installing: /home/yadhu/ur3e/src/install/ur_description/share/ur_description/meshes/ur30/collision\n'}
[0.555540] (ur_description) StdoutLine: {'line': b'-- Installing: /home/yadhu/ur3e/src/install/ur_description/share/ur_description/meshes/ur30/collision/upperarm.stl\n'}
[0.555683] (ur_description) StdoutLine: {'line': b'-- Installing: /home/yadhu/ur3e/src/install/ur_description/share/ur_description/meshes/ur30/collision/forearm.stl\n'}
[0.556765] (ur_description) StdoutLine: {'line': b'-- Installing: /home/yadhu/ur3e/src/install/ur_description/share/ur_description/meshes/ur30/visual\n'}
[0.556906] (ur_description) StdoutLine: {'line': b'-- Installing: /home/yadhu/ur3e/src/install/ur_description/share/ur_description/meshes/ur30/visual/UR30_DIFF_8bit_2K.png\n'}
[0.558763] (ur_description) StdoutLine: {'line': b'-- Installing: /home/yadhu/ur3e/src/install/ur_description/share/ur_description/meshes/ur30/visual/upperarm.dae\n'}
[0.561766] (ur_description) StdoutLine: {'line': b'-- Installing: /home/yadhu/ur3e/src/install/ur_description/share/ur_description/meshes/ur30/visual/forearm.dae\n'}
[0.561986] (ur_description) StdoutLine: {'line': b'-- Installing: /home/yadhu/ur3e/src/install/ur_description/share/ur_description/meshes/ur5e\n'}
[0.562075] (ur_description) StdoutLine: {'line': b'-- Installing: /home/yadhu/ur3e/src/install/ur_description/share/ur_description/meshes/ur5e/collision\n'}
[0.562150] (ur_description) StdoutLine: {'line': b'-- Installing: /home/yadhu/ur3e/src/install/ur_description/share/ur_description/meshes/ur5e/collision/wrist2.stl\n'}
[0.562401] (ur_description) StdoutLine: {'line': b'-- Installing: /home/yadhu/ur3e/src/install/ur_description/share/ur_description/meshes/ur5e/collision/base.stl\n'}
[0.562927] (ur_description) StdoutLine: {'line': b'-- Installing: /home/yadhu/ur3e/src/install/ur_description/share/ur_description/meshes/ur5e/collision/upperarm.stl\n'}
[0.563461] (ur_description) StdoutLine: {'line': b'-- Installing: /home/yadhu/ur3e/src/install/ur_description/share/ur_description/meshes/ur5e/collision/forearm.stl\n'}
[0.564013] (ur_description) StdoutLine: {'line': b'-- Installing: /home/yadhu/ur3e/src/install/ur_description/share/ur_description/meshes/ur5e/collision/wrist1.stl\n'}
[0.564352] (ur_description) StdoutLine: {'line': b'-- Installing: /home/yadhu/ur3e/src/install/ur_description/share/ur_description/meshes/ur5e/collision/shoulder.stl\n'}
[0.564905] (ur_description) StdoutLine: {'line': b'-- Installing: /home/yadhu/ur3e/src/install/ur_description/share/ur_description/meshes/ur5e/collision/wrist3.stl\n'}
[0.565152] (ur_description) StdoutLine: {'line': b'-- Installing: /home/yadhu/ur3e/src/install/ur_description/share/ur_description/meshes/ur5e/visual\n'}
[0.565246] (ur_description) StdoutLine: {'line': b'-- Installing: /home/yadhu/ur3e/src/install/ur_description/share/ur_description/meshes/ur5e/visual/wrist2.dae\n'}
[0.569551] (ur_description) StdoutLine: {'line': b'-- Installing: /home/yadhu/ur3e/src/install/ur_description/share/ur_description/meshes/ur5e/visual/base.dae\n'}
[0.570468] (ur_description) StdoutLine: {'line': b'-- Installing: /home/yadhu/ur3e/src/install/ur_description/share/ur_description/meshes/ur5e/visual/wrist3.dae\n'}
[0.571110] (ur_description) StdoutLine: {'line': b'-- Installing: /home/yadhu/ur3e/src/install/ur_description/share/ur_description/meshes/ur5e/visual/upperarm.dae\n'}
[0.576441] (ur_description) StdoutLine: {'line': b'-- Installing: /home/yadhu/ur3e/src/install/ur_description/share/ur_description/meshes/ur5e/visual/wrist1.dae\n'}
[0.579227] (ur_description) StdoutLine: {'line': b'-- Installing: /home/yadhu/ur3e/src/install/ur_description/share/ur_description/meshes/ur5e/visual/forearm.dae\n'}
[0.584329] (ur_description) StdoutLine: {'line': b'-- Installing: /home/yadhu/ur3e/src/install/ur_description/share/ur_description/meshes/ur5e/visual/shoulder.dae\n'}
[0.588119] (ur_description) StdoutLine: {'line': b'-- Installing: /home/yadhu/ur3e/src/install/ur_description/share/ur_description/meshes/ur5\n'}
[0.588345] (ur_description) StdoutLine: {'line': b'-- Installing: /home/yadhu/ur3e/src/install/ur_description/share/ur_description/meshes/ur5/collision\n'}
[0.588489] (ur_description) StdoutLine: {'line': b'-- Installing: /home/yadhu/ur3e/src/install/ur_description/share/ur_description/meshes/ur5/collision/wrist2.stl\n'}
[0.588777] (ur_description) StdoutLine: {'line': b'-- Installing: /home/yadhu/ur3e/src/install/ur_description/share/ur_description/meshes/ur5/collision/base.stl\n'}
[0.589116] (ur_description) StdoutLine: {'line': b'-- Installing: /home/yadhu/ur3e/src/install/ur_description/share/ur_description/meshes/ur5/collision/upperarm.stl\n'}
[0.589613] (ur_description) StdoutLine: {'line': b'-- Installing: /home/yadhu/ur3e/src/install/ur_description/share/ur_description/meshes/ur5/collision/forearm.stl\n'}
[0.590088] (ur_description) StdoutLine: {'line': b'-- Installing: /home/yadhu/ur3e/src/install/ur_description/share/ur_description/meshes/ur5/collision/wrist1.stl\n'}
[0.590542] (ur_description) StdoutLine: {'line': b'-- Installing: /home/yadhu/ur3e/src/install/ur_description/share/ur_description/meshes/ur5/collision/shoulder.stl\n'}
[0.590821] (ur_description) StdoutLine: {'line': b'-- Installing: /home/yadhu/ur3e/src/install/ur_description/share/ur_description/meshes/ur5/collision/wrist3.stl\n'}
[0.591220] (ur_description) StdoutLine: {'line': b'-- Installing: /home/yadhu/ur3e/src/install/ur_description/share/ur_description/meshes/ur5/visual\n'}
[0.591302] (ur_description) StdoutLine: {'line': b'-- Installing: /home/yadhu/ur3e/src/install/ur_description/share/ur_description/meshes/ur5/visual/wrist2.dae\n'}
[0.593711] (ur_description) StdoutLine: {'line': b'-- Installing: /home/yadhu/ur3e/src/install/ur_description/share/ur_description/meshes/ur5/visual/base.dae\n'}
[0.594442] (ur_description) StdoutLine: {'line': b'-- Installing: /home/yadhu/ur3e/src/install/ur_description/share/ur_description/meshes/ur5/visual/wrist3.dae\n'}
[0.595105] (ur_description) StdoutLine: {'line': b'-- Installing: /home/yadhu/ur3e/src/install/ur_description/share/ur_description/meshes/ur5/visual/upperarm.dae\n'}
[0.598913] (ur_description) StdoutLine: {'line': b'-- Installing: /home/yadhu/ur3e/src/install/ur_description/share/ur_description/meshes/ur5/visual/wrist1.dae\n'}
[0.600156] (-) TimerEvent: {}
[0.600966] (ur_description) StdoutLine: {'line': b'-- Installing: /home/yadhu/ur3e/src/install/ur_description/share/ur_description/meshes/ur5/visual/forearm.dae\n'}
[0.604498] (ur_description) StdoutLine: {'line': b'-- Installing: /home/yadhu/ur3e/src/install/ur_description/share/ur_description/meshes/ur5/visual/shoulder.dae\n'}
[0.606962] (ur_description) StdoutLine: {'line': b'-- Installing: /home/yadhu/ur3e/src/install/ur_description/share/ur_description/meshes/ur3e\n'}
[0.607085] (ur_description) StdoutLine: {'line': b'-- Installing: /home/yadhu/ur3e/src/install/ur_description/share/ur_description/meshes/ur3e/collision\n'}
[0.607132] (ur_description) StdoutLine: {'line': b'-- Installing: /home/yadhu/ur3e/src/install/ur_description/share/ur_description/meshes/ur3e/collision/wrist2.stl\n'}
[0.607480] (ur_description) StdoutLine: {'line': b'-- Installing: /home/yadhu/ur3e/src/install/ur_description/share/ur_description/meshes/ur3e/collision/base.stl\n'}
[0.607710] (ur_description) StdoutLine: {'line': b'-- Installing: /home/yadhu/ur3e/src/install/ur_description/share/ur_description/meshes/ur3e/collision/upperarm.stl\n'}
[0.608463] (ur_description) StdoutLine: {'line': b'-- Installing: /home/yadhu/ur3e/src/install/ur_description/share/ur_description/meshes/ur3e/collision/forearm.stl\n'}
[0.608931] (ur_description) StdoutLine: {'line': b'-- Installing: /home/yadhu/ur3e/src/install/ur_description/share/ur_description/meshes/ur3e/collision/wrist1.stl\n'}
[0.609297] (ur_description) StdoutLine: {'line': b'-- Installing: /home/yadhu/ur3e/src/install/ur_description/share/ur_description/meshes/ur3e/collision/shoulder.stl\n'}
[0.609773] (ur_description) StdoutLine: {'line': b'-- Installing: /home/yadhu/ur3e/src/install/ur_description/share/ur_description/meshes/ur3e/collision/wrist3.stl\n'}
[0.610031] (ur_description) StdoutLine: {'line': b'-- Installing: /home/yadhu/ur3e/src/install/ur_description/share/ur_description/meshes/ur3e/visual\n'}
[0.610120] (ur_description) StdoutLine: {'line': b'-- Installing: /home/yadhu/ur3e/src/install/ur_description/share/ur_description/meshes/ur3e/visual/wrist2.dae\n'}
[0.613415] (ur_description) StdoutLine: {'line': b'-- Installing: /home/yadhu/ur3e/src/install/ur_description/share/ur_description/meshes/ur3e/visual/base.dae\n'}
[0.614185] (ur_description) StdoutLine: {'line': b'-- Installing: /home/yadhu/ur3e/src/install/ur_description/share/ur_description/meshes/ur3e/visual/wrist3.dae\n'}
[0.614776] (ur_description) StdoutLine: {'line': b'-- Installing: /home/yadhu/ur3e/src/install/ur_description/share/ur_description/meshes/ur3e/visual/upperarm.dae\n'}
[0.624866] (ur_description) StdoutLine: {'line': b'-- Installing: /home/yadhu/ur3e/src/install/ur_description/share/ur_description/meshes/ur3e/visual/wrist1.dae\n'}
[0.629123] (ur_description) StdoutLine: {'line': b'-- Installing: /home/yadhu/ur3e/src/install/ur_description/share/ur_description/meshes/ur3e/visual/forearm.dae\n'}
[0.631901] (ur_description) StdoutLine: {'line': b'-- Installing: /home/yadhu/ur3e/src/install/ur_description/share/ur_description/meshes/ur3e/visual/shoulder.dae\n'}
[0.636773] (ur_description) StdoutLine: {'line': b'-- Installing: /home/yadhu/ur3e/src/install/ur_description/share/ur_description/meshes/ur10\n'}
[0.637065] (ur_description) StdoutLine: {'line': b'-- Installing: /home/yadhu/ur3e/src/install/ur_description/share/ur_description/meshes/ur10/collision\n'}
[0.637155] (ur_description) StdoutLine: {'line': b'-- Installing: /home/yadhu/ur3e/src/install/ur_description/share/ur_description/meshes/ur10/collision/wrist2.stl\n'}
[0.637330] (ur_description) StdoutLine: {'line': b'-- Installing: /home/yadhu/ur3e/src/install/ur_description/share/ur_description/meshes/ur10/collision/base.stl\n'}
[0.637591] (ur_description) StdoutLine: {'line': b'-- Installing: /home/yadhu/ur3e/src/install/ur_description/share/ur_description/meshes/ur10/collision/upperarm.stl\n'}
[0.637998] (ur_description) StdoutLine: {'line': b'-- Installing: /home/yadhu/ur3e/src/install/ur_description/share/ur_description/meshes/ur10/collision/forearm.stl\n'}
[0.638387] (ur_description) StdoutLine: {'line': b'-- Installing: /home/yadhu/ur3e/src/install/ur_description/share/ur_description/meshes/ur10/collision/wrist1.stl\n'}
[0.638615] (ur_description) StdoutLine: {'line': b'-- Installing: /home/yadhu/ur3e/src/install/ur_description/share/ur_description/meshes/ur10/collision/shoulder.stl\n'}
[0.638877] (ur_description) StdoutLine: {'line': b'-- Installing: /home/yadhu/ur3e/src/install/ur_description/share/ur_description/meshes/ur10/collision/wrist3.stl\n'}
[0.639665] (ur_description) StdoutLine: {'line': b'-- Installing: /home/yadhu/ur3e/src/install/ur_description/share/ur_description/meshes/ur10/visual\n'}
[0.639729] (ur_description) StdoutLine: {'line': b'-- Installing: /home/yadhu/ur3e/src/install/ur_description/share/ur_description/meshes/ur10/visual/wrist2.dae\n'}
[0.641419] (unity_robotics_demo_msgs) JobEnded: {'identifier': 'unity_robotics_demo_msgs', 'rc': 0}
[0.643686] (ur_description) StdoutLine: {'line': b'-- Installing: /home/yadhu/ur3e/src/install/ur_description/share/ur_description/meshes/ur10/visual/base.dae\n'}
[0.644155] (ur_description) StdoutLine: {'line': b'-- Installing: /home/yadhu/ur3e/src/install/ur_description/share/ur_description/meshes/ur10/visual/wrist3.dae\n'}
[0.644592] (ur_description) StdoutLine: {'line': b'-- Installing: /home/yadhu/ur3e/src/install/ur_description/share/ur_description/meshes/ur10/visual/upperarm.dae\n'}
[0.648446] (ur_description) StdoutLine: {'line': b'-- Installing: /home/yadhu/ur3e/src/install/ur_description/share/ur_description/meshes/ur10/visual/wrist1.dae\n'}
[0.651565] (ur_description) StdoutLine: {'line': b'-- Installing: /home/yadhu/ur3e/src/install/ur_description/share/ur_description/meshes/ur10/visual/forearm.dae\n'}
[0.656601] (ur_description) StdoutLine: {'line': b'-- Installing: /home/yadhu/ur3e/src/install/ur_description/share/ur_description/meshes/ur10/visual/shoulder.dae\n'}
[0.658652] (ur_description) StdoutLine: {'line': b'-- Installing: /home/yadhu/ur3e/src/install/ur_description/share/ur_description/meshes/ur20\n'}
[0.658848] (ur_description) StdoutLine: {'line': b'-- Installing: /home/yadhu/ur3e/src/install/ur_description/share/ur_description/meshes/ur20/LICENSE.txt\n'}
[0.659026] (ur_description) StdoutLine: {'line': b'-- Installing: /home/yadhu/ur3e/src/install/ur_description/share/ur_description/meshes/ur20/collision\n'}
[0.659191] (ur_description) StdoutLine: {'line': b'-- Installing: /home/yadhu/ur3e/src/install/ur_description/share/ur_description/meshes/ur20/collision/wrist2.stl\n'}
[0.659521] (ur_description) StdoutLine: {'line': b'-- Installing: /home/yadhu/ur3e/src/install/ur_description/share/ur_description/meshes/ur20/collision/base.stl\n'}
[0.660480] (ur_description) StdoutLine: {'line': b'-- Installing: /home/yadhu/ur3e/src/install/ur_description/share/ur_description/meshes/ur20/collision/upperarm.stl\n'}
[0.661298] (ur_description) StdoutLine: {'line': b'-- Installing: /home/yadhu/ur3e/src/install/ur_description/share/ur_description/meshes/ur20/collision/forearm.stl\n'}
[0.661740] (ur_description) StdoutLine: {'line': b'-- Installing: /home/yadhu/ur3e/src/install/ur_description/share/ur_description/meshes/ur20/collision/wrist1.stl\n'}
[0.661922] (ur_description) StdoutLine: {'line': b'-- Installing: /home/yadhu/ur3e/src/install/ur_description/share/ur_description/meshes/ur20/collision/shoulder.stl\n'}
[0.662166] (ur_description) StdoutLine: {'line': b'-- Installing: /home/yadhu/ur3e/src/install/ur_description/share/ur_description/meshes/ur20/collision/wrist3.stl\n'}
[0.662400] (ur_description) StdoutLine: {'line': b'-- Installing: /home/yadhu/ur3e/src/install/ur_description/share/ur_description/meshes/ur20/visual\n'}
[0.662677] (ur_description) StdoutLine: {'line': b'-- Installing: /home/yadhu/ur3e/src/install/ur_description/share/ur_description/meshes/ur20/visual/wrist2.dae\n'}
[0.663533] (ur_description) StdoutLine: {'line': b'-- Installing: /home/yadhu/ur3e/src/install/ur_description/share/ur_description/meshes/ur20/visual/base.dae\n'}
[0.664744] (ur_description) StdoutLine: {'line': b'-- Installing: /home/yadhu/ur3e/src/install/ur_description/share/ur_description/meshes/ur20/visual/wrist3.dae\n'}
[0.665978] (ur_description) StdoutLine: {'line': b'-- Installing: /home/yadhu/ur3e/src/install/ur_description/share/ur_description/meshes/ur20/visual/upperarm.dae\n'}
[0.667756] (ur_description) StdoutLine: {'line': b'-- Installing: /home/yadhu/ur3e/src/install/ur_description/share/ur_description/meshes/ur20/visual/wrist1.dae\n'}
[0.668990] (ur_description) StdoutLine: {'line': b'-- Installing: /home/yadhu/ur3e/src/install/ur_description/share/ur_description/meshes/ur20/visual/forearm.dae\n'}
[0.671213] (ur_description) StdoutLine: {'line': b'-- Installing: /home/yadhu/ur3e/src/install/ur_description/share/ur_description/meshes/ur20/visual/UR20_DIFF_8bit_2K.png\n'}
[0.674658] (ur_description) StdoutLine: {'line': b'-- Installing: /home/yadhu/ur3e/src/install/ur_description/share/ur_description/meshes/ur20/visual/shoulder.dae\n'}
[0.675613] (ur_description) StdoutLine: {'line': b'-- Installing: /home/yadhu/ur3e/src/install/ur_description/share/ur_description/meshes/ur3\n'}
[0.675720] (ur_description) StdoutLine: {'line': b'-- Installing: /home/yadhu/ur3e/src/install/ur_description/share/ur_description/meshes/ur3/collision\n'}
[0.675825] (ur_description) StdoutLine: {'line': b'-- Installing: /home/yadhu/ur3e/src/install/ur_description/share/ur_description/meshes/ur3/collision/wrist2.stl\n'}
[0.677030] (ur_description) StdoutLine: {'line': b'-- Installing: /home/yadhu/ur3e/src/install/ur_description/share/ur_description/meshes/ur3/collision/base.stl\n'}
[0.677942] (ur_description) StdoutLine: {'line': b'-- Installing: /home/yadhu/ur3e/src/install/ur_description/share/ur_description/meshes/ur3/collision/upperarm.stl\n'}
[0.678994] (ur_description) StdoutLine: {'line': b'-- Installing: /home/yadhu/ur3e/src/install/ur_description/share/ur_description/meshes/ur3/collision/forearm.stl\n'}
[0.679608] (ur_description) StdoutLine: {'line': b'-- Installing: /home/yadhu/ur3e/src/install/ur_description/share/ur_description/meshes/ur3/collision/wrist1.stl\n'}
[0.680089] (ur_description) StdoutLine: {'line': b'-- Installing: /home/yadhu/ur3e/src/install/ur_description/share/ur_description/meshes/ur3/collision/shoulder.stl\n'}
[0.681056] (ur_description) StdoutLine: {'line': b'-- Installing: /home/yadhu/ur3e/src/install/ur_description/share/ur_description/meshes/ur3/collision/wrist3.stl\n'}
[0.681296] (ur_description) StdoutLine: {'line': b'-- Installing: /home/yadhu/ur3e/src/install/ur_description/share/ur_description/meshes/ur3/visual\n'}
[0.681402] (ur_description) StdoutLine: {'line': b'-- Installing: /home/yadhu/ur3e/src/install/ur_description/share/ur_description/meshes/ur3/visual/wrist2.dae\n'}
[0.682961] (ur_description) StdoutLine: {'line': b'-- Installing: /home/yadhu/ur3e/src/install/ur_description/share/ur_description/meshes/ur3/visual/base.dae\n'}
[0.684345] (ur_description) StdoutLine: {'line': b'-- Installing: /home/yadhu/ur3e/src/install/ur_description/share/ur_description/meshes/ur3/visual/wrist3.dae\n'}
[0.684843] (ur_description) StdoutLine: {'line': b'-- Installing: /home/yadhu/ur3e/src/install/ur_description/share/ur_description/meshes/ur3/visual/upperarm.dae\n'}
[0.689749] (ur_description) StdoutLine: {'line': b'-- Installing: /home/yadhu/ur3e/src/install/ur_description/share/ur_description/meshes/ur3/visual/wrist1.dae\n'}
[0.691234] (ur_description) StdoutLine: {'line': b'-- Installing: /home/yadhu/ur3e/src/install/ur_description/share/ur_description/meshes/ur3/visual/forearm.dae\n'}
[0.692922] (ur_description) StdoutLine: {'line': b'-- Installing: /home/yadhu/ur3e/src/install/ur_description/share/ur_description/meshes/ur3/visual/shoulder.dae\n'}
[0.696102] (ur_description) StdoutLine: {'line': b'-- Installing: /home/yadhu/ur3e/src/install/ur_description/share/ur_description/meshes/ur16e\n'}
[0.696219] (ur_description) StdoutLine: {'line': b'-- Installing: /home/yadhu/ur3e/src/install/ur_description/share/ur_description/meshes/ur16e/collision\n'}
[0.696274] (ur_description) StdoutLine: {'line': b'-- Installing: /home/yadhu/ur3e/src/install/ur_description/share/ur_description/meshes/ur16e/collision/upperarm.stl\n'}
[0.696776] (ur_description) StdoutLine: {'line': b'-- Installing: /home/yadhu/ur3e/src/install/ur_description/share/ur_description/meshes/ur16e/collision/forearm.stl\n'}
[0.697093] (ur_description) StdoutLine: {'line': b'-- Installing: /home/yadhu/ur3e/src/install/ur_description/share/ur_description/meshes/ur16e/visual\n'}
[0.697233] (ur_description) StdoutLine: {'line': b'-- Installing: /home/yadhu/ur3e/src/install/ur_description/share/ur_description/meshes/ur16e/visual/upperarm.dae\n'}
[0.700234] (-) TimerEvent: {}
[0.704087] (ur_description) StdoutLine: {'line': b'-- Installing: /home/yadhu/ur3e/src/install/ur_description/share/ur_description/meshes/ur16e/visual/forearm.dae\n'}
[0.706406] (ur_description) StdoutLine: {'line': b'-- Installing: /home/yadhu/ur3e/src/install/ur_description/share/ur_description/rviz\n'}
[0.706555] (ur_description) StdoutLine: {'line': b'-- Installing: /home/yadhu/ur3e/src/install/ur_description/share/ur_description/rviz/view_robot.rviz\n'}
[0.706689] (ur_description) StdoutLine: {'line': b'-- Installing: /home/yadhu/ur3e/src/install/ur_description/share/ur_description/urdf\n'}
[0.706751] (ur_description) StdoutLine: {'line': b'-- Installing: /home/yadhu/ur3e/src/install/ur_description/share/ur_description/urdf/ur.urdf\n'}
[0.707051] (ur_description) StdoutLine: {'line': b'-- Installing: /home/yadhu/ur3e/src/install/ur_description/share/ur_description/urdf/ur.ros2_control.xacro\n'}
[0.707265] (ur_description) StdoutLine: {'line': b'-- Installing: /home/yadhu/ur3e/src/install/ur_description/share/ur_description/urdf/ur.urdf.xacro\n'}
[0.707349] (ur_description) StdoutLine: {'line': b'-- Installing: /home/yadhu/ur3e/src/install/ur_description/share/ur_description/urdf/initial_positions.yaml\n'}
[0.707540] (ur_description) StdoutLine: {'line': b'-- Installing: /home/yadhu/ur3e/src/install/ur_description/share/ur_description/urdf/ur_gripper.xacro\n'}
[0.707645] (ur_description) StdoutLine: {'line': b'-- Installing: /home/yadhu/ur3e/src/install/ur_description/share/ur_description/urdf/ur_macro.xacro\n'}
[0.707845] (ur_description) StdoutLine: {'line': b'-- Installing: /home/yadhu/ur3e/src/install/ur_description/share/ur_description/urdf/inc\n'}
[0.707916] (ur_description) StdoutLine: {'line': b'-- Installing: /home/yadhu/ur3e/src/install/ur_description/share/ur_description/urdf/inc/ur_common.xacro\n'}
[0.708100] (ur_description) StdoutLine: {'line': b'-- Installing: /home/yadhu/ur3e/src/install/ur_description/share/ur_description/urdf/inc/ur_transmissions.xacro\n'}
[0.708181] (ur_description) StdoutLine: {'line': b'-- Installing: /home/yadhu/ur3e/src/install/ur_description/share/ur_description/test\n'}
[0.708249] (ur_description) StdoutLine: {'line': b'-- Installing: /home/yadhu/ur3e/src/install/ur_description/share/ur_description/test/test_ur_urdf_xacro.py\n'}
[0.708325] (ur_description) StdoutLine: {'line': b'-- Installing: /home/yadhu/ur3e/src/install/ur_description/share/ur_description/test/test_view_ur_launch.py\n'}
[0.708605] (ur_description) StdoutLine: {'line': b'-- Installing: /home/yadhu/ur3e/src/install/ur_description/share/ament_index/resource_index/package_run_dependencies/ur_description\n'}
[0.708726] (ur_description) StdoutLine: {'line': b'-- Installing: /home/yadhu/ur3e/src/install/ur_description/share/ament_index/resource_index/parent_prefix_path/ur_description\n'}
[0.708932] (ur_description) StdoutLine: {'line': b'-- Installing: /home/yadhu/ur3e/src/install/ur_description/share/ur_description/environment/ament_prefix_path.sh\n'}
[0.709028] (ur_description) StdoutLine: {'line': b'-- Installing: /home/yadhu/ur3e/src/install/ur_description/share/ur_description/environment/ament_prefix_path.dsv\n'}
[0.709260] (ur_description) StdoutLine: {'line': b'-- Installing: /home/yadhu/ur3e/src/install/ur_description/share/ur_description/environment/path.sh\n'}
[0.709348] (ur_description) StdoutLine: {'line': b'-- Installing: /home/yadhu/ur3e/src/install/ur_description/share/ur_description/environment/path.dsv\n'}
[0.709451] (ur_description) StdoutLine: {'line': b'-- Installing: /home/yadhu/ur3e/src/install/ur_description/share/ur_description/local_setup.bash\n'}
[0.709533] (ur_description) StdoutLine: {'line': b'-- Installing: /home/yadhu/ur3e/src/install/ur_description/share/ur_description/local_setup.sh\n'}
[0.709648] (ur_description) StdoutLine: {'line': b'-- Installing: /home/yadhu/ur3e/src/install/ur_description/share/ur_description/local_setup.zsh\n'}
[0.709717] (ur_description) StdoutLine: {'line': b'-- Installing: /home/yadhu/ur3e/src/install/ur_description/share/ur_description/local_setup.dsv\n'}
[0.709798] (ur_description) StdoutLine: {'line': b'-- Installing: /home/yadhu/ur3e/src/install/ur_description/share/ur_description/package.dsv\n'}
[0.709910] (ur_description) StdoutLine: {'line': b'-- Installing: /home/yadhu/ur3e/src/install/ur_description/share/ament_index/resource_index/packages/ur_description\n'}
[0.710022] (ur_description) StdoutLine: {'line': b'-- Installing: /home/yadhu/ur3e/src/install/ur_description/share/ur_description/cmake/ur_descriptionConfig.cmake\n'}
[0.710088] (ur_description) StdoutLine: {'line': b'-- Installing: /home/yadhu/ur3e/src/install/ur_description/share/ur_description/cmake/ur_descriptionConfig-version.cmake\n'}
[0.710161] (ur_description) StdoutLine: {'line': b'-- Installing: /home/yadhu/ur3e/src/install/ur_description/share/ur_description/package.xml\n'}
[0.711781] (ur_description) CommandEnded: {'returncode': 0}
[0.742971] (ur_description) JobEnded: {'identifier': 'ur_description', 'rc': 0}
[0.743900] (pyfile) JobStarted: {'identifier': 'pyfile'}
[0.747620] (ur3e_gripper_moveit) JobStarted: {'identifier': 'ur3e_gripper_moveit'}
[0.752879] (ur_moveit_config) JobStarted: {'identifier': 'ur_moveit_config'}
[0.759647] (ros_tcp_endpoint) Command: {'cmd': ['/usr/bin/python3', '-W', 'ignore:setup.py install is deprecated', 'setup.py', 'egg_info', '--egg-base', '../build/ros_tcp_endpoint', 'build', '--build-base', '/home/yadhu/ur3e/src/build/ros_tcp_endpoint/build', 'install', '--record', '/home/yadhu/ur3e/src/build/ros_tcp_endpoint/install.log', '--install-scripts', '$base/lib/ros_tcp_endpoint', '--single-version-externally-managed', 'install_data'], 'cwd': '/home/yadhu/ur3e/src/ROS-TCP-Endpoint-main-ros2', 'env': {'HOSTNAME': 'yadhuk', 'GIT_ASKPASS': '/vscode/vscode-server/bin/linux-x64/e54c774e0add60467559eb0d1e229c6452cf8447/extensions/git/dist/askpass.sh', 'SHLVL': '2', 'LD_LIBRARY_PATH': '/usr/lib/x86_64-linux-gnu/gazebo-11/plugins:/opt/ros/humble/opt/rviz_ogre_vendor/lib:/opt/ros/humble/lib/x86_64-linux-gnu:/opt/ros/humble/lib', 'BROWSER': '/vscode/vscode-server/bin/linux-x64/e54c774e0add60467559eb0d1e229c6452cf8447/bin/helpers/browser.sh', 'HOME': '/home/yadhu', 'OLDPWD': '/home/yadhu/ur3e', 'TERM_PROGRAM_VERSION': '1.97.2', 'VSCODE_IPC_HOOK_CLI': '/tmp/vscode-ipc-191d809e-ad6a-48a3-8c83-2991c7349be6.sock', 'DEBUGPY_ADAPTER_ENDPOINTS': '/home/yadhu/.vscode-server/extensions/ms-python.debugpy-2025.0.1-linux-x64/.noConfigDebugAdapterEndpoints/endpoint-00e5a96652343ffc.txt', 'ROS_PYTHON_VERSION': '3', 'VSCODE_GIT_ASKPASS_MAIN': '/vscode/vscode-server/bin/linux-x64/e54c774e0add60467559eb0d1e229c6452cf8447/extensions/git/dist/askpass-main.js', 'VSCODE_GIT_ASKPASS_NODE': '/vscode/vscode-server/bin/linux-x64/e54c774e0add60467559eb0d1e229c6452cf8447/node', 'PYDEVD_DISABLE_FILE_VALIDATION': '1', 'BUNDLED_DEBUGPY_PATH': '/home/yadhu/.vscode-server/extensions/ms-python.debugpy-2025.0.1-linux-x64/bundled/libs/debugpy', 'COLORTERM': 'truecolor', 'REMOTE_CONTAINERS': 'true', 'ROS_DISTRO': 'humble', 'REMOTE_CONTAINERS_IPC': '/tmp/vscode-remote-containers-ipc-3b15b7cf-88ad-4a56-828c-69c61a495d31.sock', '_': '/usr/bin/colcon', 'ROS_VERSION': '2', 'TERM': 'xterm-256color', 'ROS_LOCALHOST_ONLY': '0', 'PATH': '/vscode/vscode-server/bin/linux-x64/e54c774e0add60467559eb0d1e229c6452cf8447/bin/remote-cli:/opt/ros/humble/bin:/usr/local/sbin:/usr/local/bin:/usr/sbin:/usr/bin:/sbin:/bin:/home/yadhu/.vscode-server/extensions/ms-python.debugpy-2025.0.1-linux-x64/bundled/scripts/noConfigScripts', 'REMOTE_CONTAINERS_SOCKETS': '["/tmp/vscode-ssh-auth-3b15b7cf-88ad-4a56-828c-69c61a495d31.sock","/home/yadhu/.gnupg/S.gpg-agent"]', 'DISPLAY': ':1', 'LANG': 'C.UTF-8', 'RMW_IMPLEMENTATION': 'rmw_cyclonedds_cpp', 'LS_COLORS': 'rs=0:di=01;34:ln=01;36:mh=00:pi=40;33:so=01;35:do=01;35:bd=40;33;01:cd=40;33;01:or=40;31;01:mi=00:su=37;41:sg=30;43:ca=30;41:tw=30;42:ow=34;42:st=37;44:ex=01;32:*.tar=01;31:*.tgz=01;31:*.arc=01;31:*.arj=01;31:*.taz=01;31:*.lha=01;31:*.lz4=01;31:*.lzh=01;31:*.lzma=01;31:*.tlz=01;31:*.txz=01;31:*.tzo=01;31:*.t7z=01;31:*.zip=01;31:*.z=01;31:*.dz=01;31:*.gz=01;31:*.lrz=01;31:*.lz=01;31:*.lzo=01;31:*.xz=01;31:*.zst=01;31:*.tzst=01;31:*.bz2=01;31:*.bz=01;31:*.tbz=01;31:*.tbz2=01;31:*.tz=01;31:*.deb=01;31:*.rpm=01;31:*.jar=01;31:*.war=01;31:*.ear=01;31:*.sar=01;31:*.rar=01;31:*.alz=01;31:*.ace=01;31:*.zoo=01;31:*.cpio=01;31:*.7z=01;31:*.rz=01;31:*.cab=01;31:*.wim=01;31:*.swm=01;31:*.dwm=01;31:*.esd=01;31:*.jpg=01;35:*.jpeg=01;35:*.mjpg=01;35:*.mjpeg=01;35:*.gif=01;35:*.bmp=01;35:*.pbm=01;35:*.pgm=01;35:*.ppm=01;35:*.tga=01;35:*.xbm=01;35:*.xpm=01;35:*.tif=01;35:*.tiff=01;35:*.png=01;35:*.svg=01;35:*.svgz=01;35:*.mng=01;35:*.pcx=01;35:*.mov=01;35:*.mpg=01;35:*.mpeg=01;35:*.m2v=01;35:*.mkv=01;35:*.webm=01;35:*.webp=01;35:*.ogm=01;35:*.mp4=01;35:*.m4v=01;35:*.mp4v=01;35:*.vob=01;35:*.qt=01;35:*.nuv=01;35:*.wmv=01;35:*.asf=01;35:*.rm=01;35:*.rmvb=01;35:*.flc=01;35:*.avi=01;35:*.fli=01;35:*.flv=01;35:*.gl=01;35:*.dl=01;35:*.xcf=01;35:*.xwd=01;35:*.yuv=01;35:*.cgm=01;35:*.emf=01;35:*.ogv=01;35:*.ogx=01;35:*.aac=00;36:*.au=00;36:*.flac=00;36:*.m4a=00;36:*.mid=00;36:*.midi=00;36:*.mka=00;36:*.mp3=00;36:*.mpc=00;36:*.ogg=00;36:*.ra=00;36:*.wav=00;36:*.oga=00;36:*.opus=00;36:*.spx=00;36:*.xspf=00;36:', 'VSCODE_GIT_IPC_HANDLE': '/tmp/vscode-git-09c052f1c4.sock', 'TERM_PROGRAM': 'vscode', 'SSH_AUTH_SOCK': '/tmp/vscode-ssh-auth-3b15b7cf-88ad-4a56-828c-69c61a495d31.sock', 'ROS_DOMAIN_ID': '42', 'AMENT_PREFIX_PATH': '/opt/ros/humble', 'SHELL': '/bin/bash', 'ROS_AUTOMATIC_DISCOVERY_RANGE': 'LOCALHOST', 'VSCODE_GIT_ASKPASS_EXTRA_ARGS': '', 'PWD': '/home/yadhu/ur3e/src/build/ros_tcp_endpoint', 'LC_ALL': 'C.UTF-8', 'PYTHONPATH': '/home/yadhu/ur3e/src/build/ros_tcp_endpoint/prefix_override:/usr/lib/python3/dist-packages/colcon_core/task/python/colcon_distutils_commands:/home/yadhu/ur3e/src/install/ros_tcp_endpoint/lib/python3.10/site-packages:/opt/ros/humble/lib/python3.10/site-packages:/opt/ros/humble/local/lib/python3.10/dist-packages', 'COLCON': '1'}, 'shell': False}
[0.761766] (unity_robotics_demo) Command: {'cmd': ['/usr/bin/python3', '-W', 'ignore:setup.py install is deprecated', 'setup.py', 'egg_info', '--egg-base', '../build/unity_robotics_demo', 'build', '--build-base', '/home/yadhu/ur3e/src/build/unity_robotics_demo/build', 'install', '--record', '/home/yadhu/ur3e/src/build/unity_robotics_demo/install.log', '--install-scripts', '$base/lib/unity_robotics_demo', '--single-version-externally-managed', 'install_data'], 'cwd': '/home/yadhu/ur3e/src/unity_robotics_demo', 'env': {'HOSTNAME': 'yadhuk', 'GIT_ASKPASS': '/vscode/vscode-server/bin/linux-x64/e54c774e0add60467559eb0d1e229c6452cf8447/extensions/git/dist/askpass.sh', 'SHLVL': '2', 'LD_LIBRARY_PATH': '/usr/lib/x86_64-linux-gnu/gazebo-11/plugins:/opt/ros/humble/opt/rviz_ogre_vendor/lib:/opt/ros/humble/lib/x86_64-linux-gnu:/opt/ros/humble/lib', 'BROWSER': '/vscode/vscode-server/bin/linux-x64/e54c774e0add60467559eb0d1e229c6452cf8447/bin/helpers/browser.sh', 'HOME': '/home/yadhu', 'OLDPWD': '/home/yadhu/ur3e', 'TERM_PROGRAM_VERSION': '1.97.2', 'VSCODE_IPC_HOOK_CLI': '/tmp/vscode-ipc-191d809e-ad6a-48a3-8c83-2991c7349be6.sock', 'DEBUGPY_ADAPTER_ENDPOINTS': '/home/yadhu/.vscode-server/extensions/ms-python.debugpy-2025.0.1-linux-x64/.noConfigDebugAdapterEndpoints/endpoint-00e5a96652343ffc.txt', 'ROS_PYTHON_VERSION': '3', 'VSCODE_GIT_ASKPASS_MAIN': '/vscode/vscode-server/bin/linux-x64/e54c774e0add60467559eb0d1e229c6452cf8447/extensions/git/dist/askpass-main.js', 'VSCODE_GIT_ASKPASS_NODE': '/vscode/vscode-server/bin/linux-x64/e54c774e0add60467559eb0d1e229c6452cf8447/node', 'PYDEVD_DISABLE_FILE_VALIDATION': '1', 'BUNDLED_DEBUGPY_PATH': '/home/yadhu/.vscode-server/extensions/ms-python.debugpy-2025.0.1-linux-x64/bundled/libs/debugpy', 'COLORTERM': 'truecolor', 'REMOTE_CONTAINERS': 'true', 'ROS_DISTRO': 'humble', 'REMOTE_CONTAINERS_IPC': '/tmp/vscode-remote-containers-ipc-3b15b7cf-88ad-4a56-828c-69c61a495d31.sock', '_': '/usr/bin/colcon', 'ROS_VERSION': '2', 'TERM': 'xterm-256color', 'ROS_LOCALHOST_ONLY': '0', 'PATH': '/vscode/vscode-server/bin/linux-x64/e54c774e0add60467559eb0d1e229c6452cf8447/bin/remote-cli:/opt/ros/humble/bin:/usr/local/sbin:/usr/local/bin:/usr/sbin:/usr/bin:/sbin:/bin:/home/yadhu/.vscode-server/extensions/ms-python.debugpy-2025.0.1-linux-x64/bundled/scripts/noConfigScripts', 'REMOTE_CONTAINERS_SOCKETS': '["/tmp/vscode-ssh-auth-3b15b7cf-88ad-4a56-828c-69c61a495d31.sock","/home/yadhu/.gnupg/S.gpg-agent"]', 'DISPLAY': ':1', 'LANG': 'C.UTF-8', 'RMW_IMPLEMENTATION': 'rmw_cyclonedds_cpp', 'LS_COLORS': 'rs=0:di=01;34:ln=01;36:mh=00:pi=40;33:so=01;35:do=01;35:bd=40;33;01:cd=40;33;01:or=40;31;01:mi=00:su=37;41:sg=30;43:ca=30;41:tw=30;42:ow=34;42:st=37;44:ex=01;32:*.tar=01;31:*.tgz=01;31:*.arc=01;31:*.arj=01;31:*.taz=01;31:*.lha=01;31:*.lz4=01;31:*.lzh=01;31:*.lzma=01;31:*.tlz=01;31:*.txz=01;31:*.tzo=01;31:*.t7z=01;31:*.zip=01;31:*.z=01;31:*.dz=01;31:*.gz=01;31:*.lrz=01;31:*.lz=01;31:*.lzo=01;31:*.xz=01;31:*.zst=01;31:*.tzst=01;31:*.bz2=01;31:*.bz=01;31:*.tbz=01;31:*.tbz2=01;31:*.tz=01;31:*.deb=01;31:*.rpm=01;31:*.jar=01;31:*.war=01;31:*.ear=01;31:*.sar=01;31:*.rar=01;31:*.alz=01;31:*.ace=01;31:*.zoo=01;31:*.cpio=01;31:*.7z=01;31:*.rz=01;31:*.cab=01;31:*.wim=01;31:*.swm=01;31:*.dwm=01;31:*.esd=01;31:*.jpg=01;35:*.jpeg=01;35:*.mjpg=01;35:*.mjpeg=01;35:*.gif=01;35:*.bmp=01;35:*.pbm=01;35:*.pgm=01;35:*.ppm=01;35:*.tga=01;35:*.xbm=01;35:*.xpm=01;35:*.tif=01;35:*.tiff=01;35:*.png=01;35:*.svg=01;35:*.svgz=01;35:*.mng=01;35:*.pcx=01;35:*.mov=01;35:*.mpg=01;35:*.mpeg=01;35:*.m2v=01;35:*.mkv=01;35:*.webm=01;35:*.webp=01;35:*.ogm=01;35:*.mp4=01;35:*.m4v=01;35:*.mp4v=01;35:*.vob=01;35:*.qt=01;35:*.nuv=01;35:*.wmv=01;35:*.asf=01;35:*.rm=01;35:*.rmvb=01;35:*.flc=01;35:*.avi=01;35:*.fli=01;35:*.flv=01;35:*.gl=01;35:*.dl=01;35:*.xcf=01;35:*.xwd=01;35:*.yuv=01;35:*.cgm=01;35:*.emf=01;35:*.ogv=01;35:*.ogx=01;35:*.aac=00;36:*.au=00;36:*.flac=00;36:*.m4a=00;36:*.mid=00;36:*.midi=00;36:*.mka=00;36:*.mp3=00;36:*.mpc=00;36:*.ogg=00;36:*.ra=00;36:*.wav=00;36:*.oga=00;36:*.opus=00;36:*.spx=00;36:*.xspf=00;36:', 'VSCODE_GIT_IPC_HANDLE': '/tmp/vscode-git-09c052f1c4.sock', 'TERM_PROGRAM': 'vscode', 'SSH_AUTH_SOCK': '/tmp/vscode-ssh-auth-3b15b7cf-88ad-4a56-828c-69c61a495d31.sock', 'ROS_DOMAIN_ID': '42', 'AMENT_PREFIX_PATH': '/opt/ros/humble', 'SHELL': '/bin/bash', 'ROS_AUTOMATIC_DISCOVERY_RANGE': 'LOCALHOST', 'VSCODE_GIT_ASKPASS_EXTRA_ARGS': '', 'PWD': '/home/yadhu/ur3e/src/build/unity_robotics_demo', 'LC_ALL': 'C.UTF-8', 'PYTHONPATH': '/home/yadhu/ur3e/src/build/unity_robotics_demo/prefix_override:/usr/lib/python3/dist-packages/colcon_core/task/python/colcon_distutils_commands:/home/yadhu/ur3e/src/install/unity_robotics_demo/lib/python3.10/site-packages:/opt/ros/humble/lib/python3.10/site-packages:/opt/ros/humble/local/lib/python3.10/dist-packages', 'COLCON': '1'}, 'shell': False}
[0.800330] (-) TimerEvent: {}
[0.900632] (-) TimerEvent: {}
[0.904647] (unity_robotics_demo) StderrLine: {'line': b"/usr/lib/python3/dist-packages/setuptools/dist.py:723: UserWarning: Usage of dash-separated 'script-dir' will not be supported in future versions. Please use the underscore name 'script_dir' instead\n"}
[0.904900] (unity_robotics_demo) StderrLine: {'line': b'  warnings.warn(\n'}
[0.913134] (ros_tcp_endpoint) StderrLine: {'line': b"/usr/lib/python3/dist-packages/setuptools/dist.py:723: UserWarning: Usage of dash-separated 'script-dir' will not be supported in future versions. Please use the underscore name 'script_dir' instead\n"}
[0.913324] (ros_tcp_endpoint) StderrLine: {'line': b'  warnings.warn(\n'}
[0.914093] (unity_robotics_demo) StdoutLine: {'line': b'running egg_info\n'}
[0.914867] (unity_robotics_demo) StdoutLine: {'line': b'writing ../build/unity_robotics_demo/unity_robotics_demo.egg-info/PKG-INFO\n'}
[0.915313] (unity_robotics_demo) StdoutLine: {'line': b'writing dependency_links to ../build/unity_robotics_demo/unity_robotics_demo.egg-info/dependency_links.txt\n'}
[0.915403] (unity_robotics_demo) StdoutLine: {'line': b'writing entry points to ../build/unity_robotics_demo/unity_robotics_demo.egg-info/entry_points.txt\n'}
[0.915860] (unity_robotics_demo) StdoutLine: {'line': b'writing requirements to ../build/unity_robotics_demo/unity_robotics_demo.egg-info/requires.txt\n'}
[0.915957] (unity_robotics_demo) StdoutLine: {'line': b'writing top-level names to ../build/unity_robotics_demo/unity_robotics_demo.egg-info/top_level.txt\n'}
[0.917974] (unity_robotics_demo) StdoutLine: {'line': b"reading manifest file '../build/unity_robotics_demo/unity_robotics_demo.egg-info/SOURCES.txt'\n"}
[0.918253] (unity_robotics_demo) StdoutLine: {'line': b"writing manifest file '../build/unity_robotics_demo/unity_robotics_demo.egg-info/SOURCES.txt'\n"}
[0.918416] (unity_robotics_demo) StdoutLine: {'line': b'running build\n'}
[0.918471] (unity_robotics_demo) StdoutLine: {'line': b'running build_py\n'}
[0.918777] (unity_robotics_demo) StdoutLine: {'line': b'running install\n'}
[0.919133] (unity_robotics_demo) StdoutLine: {'line': b'running install_lib\n'}
[0.919332] (ros_tcp_endpoint) StdoutLine: {'line': b'running egg_info\n'}
[0.919942] (unity_robotics_demo) StdoutLine: {'line': b'creating /home/yadhu/ur3e/src/install/unity_robotics_demo/lib/python3.10/site-packages/unity_robotics_demo\n'}
[0.920016] (ros_tcp_endpoint) StdoutLine: {'line': b'writing ../build/ros_tcp_endpoint/ros_tcp_endpoint.egg-info/PKG-INFO\n'}
[0.920085] (unity_robotics_demo) StdoutLine: {'line': b'copying /home/yadhu/ur3e/src/build/unity_robotics_demo/build/lib/unity_robotics_demo/position_service.py -> /home/yadhu/ur3e/src/install/unity_robotics_demo/lib/python3.10/site-packages/unity_robotics_demo\n'}
[0.920149] (unity_robotics_demo) StdoutLine: {'line': b'copying /home/yadhu/ur3e/src/build/unity_robotics_demo/build/lib/unity_robotics_demo/color_publisher.py -> /home/yadhu/ur3e/src/install/unity_robotics_demo/lib/python3.10/site-packages/unity_robotics_demo\n'}
[0.920209] (ros_tcp_endpoint) StdoutLine: {'line': b'writing dependency_links to ../build/ros_tcp_endpoint/ros_tcp_endpoint.egg-info/dependency_links.txt\n'}
[0.920262] (unity_robotics_demo) StdoutLine: {'line': b'copying /home/yadhu/ur3e/src/build/unity_robotics_demo/build/lib/unity_robotics_demo/__init__.py -> /home/yadhu/ur3e/src/install/unity_robotics_demo/lib/python3.10/site-packages/unity_robotics_demo\n'}
[0.920324] (ros_tcp_endpoint) StdoutLine: {'line': b'writing entry points to ../build/ros_tcp_endpoint/ros_tcp_endpoint.egg-info/entry_points.txt\n'}
[0.920403] (ros_tcp_endpoint) StdoutLine: {'line': b'writing requirements to ../build/ros_tcp_endpoint/ros_tcp_endpoint.egg-info/requires.txt\n'}
[0.920453] (ros_tcp_endpoint) StdoutLine: {'line': b'writing top-level names to ../build/ros_tcp_endpoint/ros_tcp_endpoint.egg-info/top_level.txt\n'}
[0.920827] (unity_robotics_demo) StdoutLine: {'line': b'byte-compiling /home/yadhu/ur3e/src/install/unity_robotics_demo/lib/python3.10/site-packages/unity_robotics_demo/position_service.py to position_service.cpython-310.pyc\n'}
[0.921454] (unity_robotics_demo) StdoutLine: {'line': b'byte-compiling /home/yadhu/ur3e/src/install/unity_robotics_demo/lib/python3.10/site-packages/unity_robotics_demo/color_publisher.py to color_publisher.cpython-310.pyc\n'}
[0.921865] (ros_tcp_endpoint) StdoutLine: {'line': b"reading manifest file '../build/ros_tcp_endpoint/ros_tcp_endpoint.egg-info/SOURCES.txt'\n"}
[0.921920] (unity_robotics_demo) StdoutLine: {'line': b'byte-compiling /home/yadhu/ur3e/src/install/unity_robotics_demo/lib/python3.10/site-packages/unity_robotics_demo/__init__.py to __init__.cpython-310.pyc\n'}
[0.922043] (ros_tcp_endpoint) StdoutLine: {'line': b"adding license file 'LICENSE'\n"}
[0.922103] (unity_robotics_demo) StdoutLine: {'line': b'running install_data\n'}
[0.922150] (unity_robotics_demo) StdoutLine: {'line': b'creating /home/yadhu/ur3e/src/install/unity_robotics_demo/share/ament_index\n'}
[0.922210] (unity_robotics_demo) StdoutLine: {'line': b'creating /home/yadhu/ur3e/src/install/unity_robotics_demo/share/ament_index/resource_index\n'}
[0.922287] (unity_robotics_demo) StdoutLine: {'line': b'creating /home/yadhu/ur3e/src/install/unity_robotics_demo/share/ament_index/resource_index/packages\n'}
[0.922548] (unity_robotics_demo) StdoutLine: {'line': b'copying resource/unity_robotics_demo -> /home/yadhu/ur3e/src/install/unity_robotics_demo/share/ament_index/resource_index/packages\n'}
[0.922640] (unity_robotics_demo) StdoutLine: {'line': b'copying package.xml -> /home/yadhu/ur3e/src/install/unity_robotics_demo/share/unity_robotics_demo\n'}
[0.922729] (unity_robotics_demo) StdoutLine: {'line': b'running install_egg_info\n'}
[0.923514] (ros_tcp_endpoint) StdoutLine: {'line': b"writing manifest file '../build/ros_tcp_endpoint/ros_tcp_endpoint.egg-info/SOURCES.txt'\n"}
[0.923599] (ros_tcp_endpoint) StdoutLine: {'line': b'running build\n'}
[0.923668] (ros_tcp_endpoint) StdoutLine: {'line': b'running build_py\n'}
[0.923796] (ros_tcp_endpoint) StdoutLine: {'line': b'running install\n'}
[0.923878] (ros_tcp_endpoint) StdoutLine: {'line': b'running install_lib\n'}
[0.924364] (unity_robotics_demo) StdoutLine: {'line': b'Copying ../build/unity_robotics_demo/unity_robotics_demo.egg-info to /home/yadhu/ur3e/src/install/unity_robotics_demo/lib/python3.10/site-packages/unity_robotics_demo-0.0.1-py3.10.egg-info\n'}
[0.924457] (ros_tcp_endpoint) StdoutLine: {'line': b'creating /home/yadhu/ur3e/src/install/ros_tcp_endpoint/lib/python3.10/site-packages/ros_tcp_endpoint\n'}
[0.924526] (ros_tcp_endpoint) StdoutLine: {'line': b'copying /home/yadhu/ur3e/src/build/ros_tcp_endpoint/build/lib/ros_tcp_endpoint/publisher.py -> /home/yadhu/ur3e/src/install/ros_tcp_endpoint/lib/python3.10/site-packages/ros_tcp_endpoint\n'}
[0.925499] (unity_robotics_demo) StdoutLine: {'line': b'running install_scripts\n'}
[0.925590] (ros_tcp_endpoint) StdoutLine: {'line': b'copying /home/yadhu/ur3e/src/build/ros_tcp_endpoint/build/lib/ros_tcp_endpoint/thread_pauser.py -> /home/yadhu/ur3e/src/install/ros_tcp_endpoint/lib/python3.10/site-packages/ros_tcp_endpoint\n'}
[0.925663] (ros_tcp_endpoint) StdoutLine: {'line': b'copying /home/yadhu/ur3e/src/build/ros_tcp_endpoint/build/lib/ros_tcp_endpoint/default_server_endpoint.py -> /home/yadhu/ur3e/src/install/ros_tcp_endpoint/lib/python3.10/site-packages/ros_tcp_endpoint\n'}
[0.925747] (ros_tcp_endpoint) StdoutLine: {'line': b'copying /home/yadhu/ur3e/src/build/ros_tcp_endpoint/build/lib/ros_tcp_endpoint/unity_service.py -> /home/yadhu/ur3e/src/install/ros_tcp_endpoint/lib/python3.10/site-packages/ros_tcp_endpoint\n'}
[0.926068] (ros_tcp_endpoint) StdoutLine: {'line': b'copying /home/yadhu/ur3e/src/build/ros_tcp_endpoint/build/lib/ros_tcp_endpoint/exceptions.py -> /home/yadhu/ur3e/src/install/ros_tcp_endpoint/lib/python3.10/site-packages/ros_tcp_endpoint\n'}
[0.926357] (ros_tcp_endpoint) StdoutLine: {'line': b'copying /home/yadhu/ur3e/src/build/ros_tcp_endpoint/build/lib/ros_tcp_endpoint/subscriber.py -> /home/yadhu/ur3e/src/install/ros_tcp_endpoint/lib/python3.10/site-packages/ros_tcp_endpoint\n'}
[0.926466] (ros_tcp_endpoint) StdoutLine: {'line': b'copying /home/yadhu/ur3e/src/build/ros_tcp_endpoint/build/lib/ros_tcp_endpoint/client.py -> /home/yadhu/ur3e/src/install/ros_tcp_endpoint/lib/python3.10/site-packages/ros_tcp_endpoint\n'}
[0.926540] (ros_tcp_endpoint) StdoutLine: {'line': b'copying /home/yadhu/ur3e/src/build/ros_tcp_endpoint/build/lib/ros_tcp_endpoint/service.py -> /home/yadhu/ur3e/src/install/ros_tcp_endpoint/lib/python3.10/site-packages/ros_tcp_endpoint\n'}
[0.926613] (ros_tcp_endpoint) StdoutLine: {'line': b'copying /home/yadhu/ur3e/src/build/ros_tcp_endpoint/build/lib/ros_tcp_endpoint/tcp_sender.py -> /home/yadhu/ur3e/src/install/ros_tcp_endpoint/lib/python3.10/site-packages/ros_tcp_endpoint\n'}
[0.926674] (ros_tcp_endpoint) StdoutLine: {'line': b'copying /home/yadhu/ur3e/src/build/ros_tcp_endpoint/build/lib/ros_tcp_endpoint/__init__.py -> /home/yadhu/ur3e/src/install/ros_tcp_endpoint/lib/python3.10/site-packages/ros_tcp_endpoint\n'}
[0.926733] (ros_tcp_endpoint) StdoutLine: {'line': b'copying /home/yadhu/ur3e/src/build/ros_tcp_endpoint/build/lib/ros_tcp_endpoint/server.py -> /home/yadhu/ur3e/src/install/ros_tcp_endpoint/lib/python3.10/site-packages/ros_tcp_endpoint\n'}
[0.926801] (ros_tcp_endpoint) StdoutLine: {'line': b'copying /home/yadhu/ur3e/src/build/ros_tcp_endpoint/build/lib/ros_tcp_endpoint/communication.py -> /home/yadhu/ur3e/src/install/ros_tcp_endpoint/lib/python3.10/site-packages/ros_tcp_endpoint\n'}
[0.926874] (ros_tcp_endpoint) StdoutLine: {'line': b'byte-compiling /home/yadhu/ur3e/src/install/ros_tcp_endpoint/lib/python3.10/site-packages/ros_tcp_endpoint/publisher.py to publisher.cpython-310.pyc\n'}
[0.926936] (ros_tcp_endpoint) StdoutLine: {'line': b'byte-compiling /home/yadhu/ur3e/src/install/ros_tcp_endpoint/lib/python3.10/site-packages/ros_tcp_endpoint/thread_pauser.py to thread_pauser.cpython-310.pyc\n'}
[0.926999] (ros_tcp_endpoint) StdoutLine: {'line': b'byte-compiling /home/yadhu/ur3e/src/install/ros_tcp_endpoint/lib/python3.10/site-packages/ros_tcp_endpoint/default_server_endpoint.py to default_server_endpoint.cpython-310.pyc\n'}
[0.927098] (ros_tcp_endpoint) StdoutLine: {'line': b'byte-compiling /home/yadhu/ur3e/src/install/ros_tcp_endpoint/lib/python3.10/site-packages/ros_tcp_endpoint/unity_service.py to unity_service.cpython-310.pyc\n'}
[0.927183] (ros_tcp_endpoint) StdoutLine: {'line': b'byte-compiling /home/yadhu/ur3e/src/install/ros_tcp_endpoint/lib/python3.10/site-packages/ros_tcp_endpoint/exceptions.py to exceptions.cpython-310.pyc\n'}
[0.927291] (ros_tcp_endpoint) StdoutLine: {'line': b'byte-compiling /home/yadhu/ur3e/src/install/ros_tcp_endpoint/lib/python3.10/site-packages/ros_tcp_endpoint/subscriber.py to subscriber.cpython-310.pyc\n'}
[0.927366] (ros_tcp_endpoint) StdoutLine: {'line': b'byte-compiling /home/yadhu/ur3e/src/install/ros_tcp_endpoint/lib/python3.10/site-packages/ros_tcp_endpoint/client.py to client.cpython-310.pyc\n'}
[0.929037] (ros_tcp_endpoint) StdoutLine: {'line': b'byte-compiling /home/yadhu/ur3e/src/install/ros_tcp_endpoint/lib/python3.10/site-packages/ros_tcp_endpoint/service.py to service.cpython-310.pyc\n'}
[0.929471] (ros_tcp_endpoint) StdoutLine: {'line': b'byte-compiling /home/yadhu/ur3e/src/install/ros_tcp_endpoint/lib/python3.10/site-packages/ros_tcp_endpoint/tcp_sender.py to tcp_sender.cpython-310.pyc\n'}
[0.929714] (ros_tcp_endpoint) StdoutLine: {'line': b'byte-compiling /home/yadhu/ur3e/src/install/ros_tcp_endpoint/lib/python3.10/site-packages/ros_tcp_endpoint/__init__.py to __init__.cpython-310.pyc\n'}
[0.929809] (ros_tcp_endpoint) StdoutLine: {'line': b'byte-compiling /home/yadhu/ur3e/src/install/ros_tcp_endpoint/lib/python3.10/site-packages/ros_tcp_endpoint/server.py to server.cpython-310.pyc\n'}
[0.930704] (ros_tcp_endpoint) StdoutLine: {'line': b'byte-compiling /home/yadhu/ur3e/src/install/ros_tcp_endpoint/lib/python3.10/site-packages/ros_tcp_endpoint/communication.py to communication.cpython-310.pyc\n'}
[0.930922] (ros_tcp_endpoint) StdoutLine: {'line': b'running install_data\n'}
[0.931124] (ros_tcp_endpoint) StdoutLine: {'line': b'creating /home/yadhu/ur3e/src/install/ros_tcp_endpoint/share/ament_index\n'}
[0.931209] (ros_tcp_endpoint) StdoutLine: {'line': b'creating /home/yadhu/ur3e/src/install/ros_tcp_endpoint/share/ament_index/resource_index\n'}
[0.931284] (ros_tcp_endpoint) StdoutLine: {'line': b'creating /home/yadhu/ur3e/src/install/ros_tcp_endpoint/share/ament_index/resource_index/packages\n'}
[0.931386] (ros_tcp_endpoint) StdoutLine: {'line': b'copying resource/ros_tcp_endpoint -> /home/yadhu/ur3e/src/install/ros_tcp_endpoint/share/ament_index/resource_index/packages\n'}
[0.931462] (ros_tcp_endpoint) StdoutLine: {'line': b'copying package.xml -> /home/yadhu/ur3e/src/install/ros_tcp_endpoint/share/ros_tcp_endpoint\n'}
[0.931537] (ros_tcp_endpoint) StdoutLine: {'line': b'creating /home/yadhu/ur3e/src/install/ros_tcp_endpoint/share/ros_tcp_endpoint/launch\n'}
[0.931606] (ros_tcp_endpoint) StdoutLine: {'line': b'copying launch/endpoint.py -> /home/yadhu/ur3e/src/install/ros_tcp_endpoint/share/ros_tcp_endpoint/launch\n'}
[0.931674] (ros_tcp_endpoint) StdoutLine: {'line': b'running install_egg_info\n'}
[0.932993] (ros_tcp_endpoint) StdoutLine: {'line': b'Copying ../build/ros_tcp_endpoint/ros_tcp_endpoint.egg-info to /home/yadhu/ur3e/src/install/ros_tcp_endpoint/lib/python3.10/site-packages/ros_tcp_endpoint-0.0.1-py3.10.egg-info\n'}
[0.933478] (ur3e_gripper_moveit) JobProgress: {'identifier': 'ur3e_gripper_moveit', 'progress': 'cmake'}
[0.933902] (ur3e_gripper_moveit) Command: {'cmd': ['/usr/bin/cmake', '/home/yadhu/ur3e/src/ur3e_gripper_moveit', '-DCMAKE_INSTALL_PREFIX=/home/yadhu/ur3e/src/install/ur3e_gripper_moveit'], 'cwd': '/home/yadhu/ur3e/src/build/ur3e_gripper_moveit', 'env': OrderedDict([('HOSTNAME', 'yadhuk'), ('GIT_ASKPASS', '/vscode/vscode-server/bin/linux-x64/e54c774e0add60467559eb0d1e229c6452cf8447/extensions/git/dist/askpass.sh'), ('SHLVL', '2'), ('LD_LIBRARY_PATH', '/usr/lib/x86_64-linux-gnu/gazebo-11/plugins:/opt/ros/humble/opt/rviz_ogre_vendor/lib:/opt/ros/humble/lib/x86_64-linux-gnu:/opt/ros/humble/lib'), ('BROWSER', '/vscode/vscode-server/bin/linux-x64/e54c774e0add60467559eb0d1e229c6452cf8447/bin/helpers/browser.sh'), ('HOME', '/home/yadhu'), ('OLDPWD', '/home/yadhu/ur3e'), ('TERM_PROGRAM_VERSION', '1.97.2'), ('VSCODE_IPC_HOOK_CLI', '/tmp/vscode-ipc-191d809e-ad6a-48a3-8c83-2991c7349be6.sock'), ('DEBUGPY_ADAPTER_ENDPOINTS', '/home/yadhu/.vscode-server/extensions/ms-python.debugpy-2025.0.1-linux-x64/.noConfigDebugAdapterEndpoints/endpoint-00e5a96652343ffc.txt'), ('ROS_PYTHON_VERSION', '3'), ('VSCODE_GIT_ASKPASS_MAIN', '/vscode/vscode-server/bin/linux-x64/e54c774e0add60467559eb0d1e229c6452cf8447/extensions/git/dist/askpass-main.js'), ('VSCODE_GIT_ASKPASS_NODE', '/vscode/vscode-server/bin/linux-x64/e54c774e0add60467559eb0d1e229c6452cf8447/node'), ('PYDEVD_DISABLE_FILE_VALIDATION', '1'), ('BUNDLED_DEBUGPY_PATH', '/home/yadhu/.vscode-server/extensions/ms-python.debugpy-2025.0.1-linux-x64/bundled/libs/debugpy'), ('COLORTERM', 'truecolor'), ('REMOTE_CONTAINERS', 'true'), ('ROS_DISTRO', 'humble'), ('REMOTE_CONTAINERS_IPC', '/tmp/vscode-remote-containers-ipc-3b15b7cf-88ad-4a56-828c-69c61a495d31.sock'), ('_', '/usr/bin/colcon'), ('ROS_VERSION', '2'), ('TERM', 'xterm-256color'), ('ROS_LOCALHOST_ONLY', '0'), ('PATH', '/vscode/vscode-server/bin/linux-x64/e54c774e0add60467559eb0d1e229c6452cf8447/bin/remote-cli:/opt/ros/humble/bin:/usr/local/sbin:/usr/local/bin:/usr/sbin:/usr/bin:/sbin:/bin:/home/yadhu/.vscode-server/extensions/ms-python.debugpy-2025.0.1-linux-x64/bundled/scripts/noConfigScripts'), ('REMOTE_CONTAINERS_SOCKETS', '["/tmp/vscode-ssh-auth-3b15b7cf-88ad-4a56-828c-69c61a495d31.sock","/home/yadhu/.gnupg/S.gpg-agent"]'), ('DISPLAY', ':1'), ('LANG', 'C.UTF-8'), ('RMW_IMPLEMENTATION', 'rmw_cyclonedds_cpp'), ('LS_COLORS', 'rs=0:di=01;34:ln=01;36:mh=00:pi=40;33:so=01;35:do=01;35:bd=40;33;01:cd=40;33;01:or=40;31;01:mi=00:su=37;41:sg=30;43:ca=30;41:tw=30;42:ow=34;42:st=37;44:ex=01;32:*.tar=01;31:*.tgz=01;31:*.arc=01;31:*.arj=01;31:*.taz=01;31:*.lha=01;31:*.lz4=01;31:*.lzh=01;31:*.lzma=01;31:*.tlz=01;31:*.txz=01;31:*.tzo=01;31:*.t7z=01;31:*.zip=01;31:*.z=01;31:*.dz=01;31:*.gz=01;31:*.lrz=01;31:*.lz=01;31:*.lzo=01;31:*.xz=01;31:*.zst=01;31:*.tzst=01;31:*.bz2=01;31:*.bz=01;31:*.tbz=01;31:*.tbz2=01;31:*.tz=01;31:*.deb=01;31:*.rpm=01;31:*.jar=01;31:*.war=01;31:*.ear=01;31:*.sar=01;31:*.rar=01;31:*.alz=01;31:*.ace=01;31:*.zoo=01;31:*.cpio=01;31:*.7z=01;31:*.rz=01;31:*.cab=01;31:*.wim=01;31:*.swm=01;31:*.dwm=01;31:*.esd=01;31:*.jpg=01;35:*.jpeg=01;35:*.mjpg=01;35:*.mjpeg=01;35:*.gif=01;35:*.bmp=01;35:*.pbm=01;35:*.pgm=01;35:*.ppm=01;35:*.tga=01;35:*.xbm=01;35:*.xpm=01;35:*.tif=01;35:*.tiff=01;35:*.png=01;35:*.svg=01;35:*.svgz=01;35:*.mng=01;35:*.pcx=01;35:*.mov=01;35:*.mpg=01;35:*.mpeg=01;35:*.m2v=01;35:*.mkv=01;35:*.webm=01;35:*.webp=01;35:*.ogm=01;35:*.mp4=01;35:*.m4v=01;35:*.mp4v=01;35:*.vob=01;35:*.qt=01;35:*.nuv=01;35:*.wmv=01;35:*.asf=01;35:*.rm=01;35:*.rmvb=01;35:*.flc=01;35:*.avi=01;35:*.fli=01;35:*.flv=01;35:*.gl=01;35:*.dl=01;35:*.xcf=01;35:*.xwd=01;35:*.yuv=01;35:*.cgm=01;35:*.emf=01;35:*.ogv=01;35:*.ogx=01;35:*.aac=00;36:*.au=00;36:*.flac=00;36:*.m4a=00;36:*.mid=00;36:*.midi=00;36:*.mka=00;36:*.mp3=00;36:*.mpc=00;36:*.ogg=00;36:*.ra=00;36:*.wav=00;36:*.oga=00;36:*.opus=00;36:*.spx=00;36:*.xspf=00;36:'), ('VSCODE_GIT_IPC_HANDLE', '/tmp/vscode-git-09c052f1c4.sock'), ('TERM_PROGRAM', 'vscode'), ('SSH_AUTH_SOCK', '/tmp/vscode-ssh-auth-3b15b7cf-88ad-4a56-828c-69c61a495d31.sock'), ('ROS_DOMAIN_ID', '42'), ('AMENT_PREFIX_PATH', '/home/yadhu/ur3e/src/install/ur_description:/home/yadhu/ur3e/src/install/robotiq_description:/opt/ros/humble'), ('SHELL', '/bin/bash'), ('ROS_AUTOMATIC_DISCOVERY_RANGE', 'LOCALHOST'), ('VSCODE_GIT_ASKPASS_EXTRA_ARGS', ''), ('PWD', '/home/yadhu/ur3e/src/build/ur3e_gripper_moveit'), ('LC_ALL', 'C.UTF-8'), ('PYTHONPATH', '/opt/ros/humble/lib/python3.10/site-packages:/opt/ros/humble/local/lib/python3.10/dist-packages'), ('COLCON', '1'), ('CMAKE_PREFIX_PATH', '/home/yadhu/ur3e/src/install/ur_description:/home/yadhu/ur3e/src/install/robotiq_description:/opt/ros/humble')]), 'shell': False}
[0.935574] (ros_tcp_endpoint) StdoutLine: {'line': b'running install_scripts\n'}
[0.935695] (ur_moveit_config) JobProgress: {'identifier': 'ur_moveit_config', 'progress': 'cmake'}
[0.936301] (ur_moveit_config) JobProgress: {'identifier': 'ur_moveit_config', 'progress': 'build'}
[0.936623] (ur_moveit_config) Command: {'cmd': ['/usr/bin/cmake', '--build', '/home/yadhu/ur3e/src/build/ur_moveit_config', '--', '-j16', '-l16'], 'cwd': '/home/yadhu/ur3e/src/build/ur_moveit_config', 'env': OrderedDict([('HOSTNAME', 'yadhuk'), ('GIT_ASKPASS', '/vscode/vscode-server/bin/linux-x64/e54c774e0add60467559eb0d1e229c6452cf8447/extensions/git/dist/askpass.sh'), ('SHLVL', '2'), ('LD_LIBRARY_PATH', '/usr/lib/x86_64-linux-gnu/gazebo-11/plugins:/opt/ros/humble/opt/rviz_ogre_vendor/lib:/opt/ros/humble/lib/x86_64-linux-gnu:/opt/ros/humble/lib'), ('BROWSER', '/vscode/vscode-server/bin/linux-x64/e54c774e0add60467559eb0d1e229c6452cf8447/bin/helpers/browser.sh'), ('HOME', '/home/yadhu'), ('OLDPWD', '/home/yadhu/ur3e'), ('TERM_PROGRAM_VERSION', '1.97.2'), ('VSCODE_IPC_HOOK_CLI', '/tmp/vscode-ipc-191d809e-ad6a-48a3-8c83-2991c7349be6.sock'), ('DEBUGPY_ADAPTER_ENDPOINTS', '/home/yadhu/.vscode-server/extensions/ms-python.debugpy-2025.0.1-linux-x64/.noConfigDebugAdapterEndpoints/endpoint-00e5a96652343ffc.txt'), ('ROS_PYTHON_VERSION', '3'), ('VSCODE_GIT_ASKPASS_MAIN', '/vscode/vscode-server/bin/linux-x64/e54c774e0add60467559eb0d1e229c6452cf8447/extensions/git/dist/askpass-main.js'), ('VSCODE_GIT_ASKPASS_NODE', '/vscode/vscode-server/bin/linux-x64/e54c774e0add60467559eb0d1e229c6452cf8447/node'), ('PYDEVD_DISABLE_FILE_VALIDATION', '1'), ('BUNDLED_DEBUGPY_PATH', '/home/yadhu/.vscode-server/extensions/ms-python.debugpy-2025.0.1-linux-x64/bundled/libs/debugpy'), ('COLORTERM', 'truecolor'), ('REMOTE_CONTAINERS', 'true'), ('ROS_DISTRO', 'humble'), ('REMOTE_CONTAINERS_IPC', '/tmp/vscode-remote-containers-ipc-3b15b7cf-88ad-4a56-828c-69c61a495d31.sock'), ('_', '/usr/bin/colcon'), ('ROS_VERSION', '2'), ('TERM', 'xterm-256color'), ('ROS_LOCALHOST_ONLY', '0'), ('PATH', '/vscode/vscode-server/bin/linux-x64/e54c774e0add60467559eb0d1e229c6452cf8447/bin/remote-cli:/opt/ros/humble/bin:/usr/local/sbin:/usr/local/bin:/usr/sbin:/usr/bin:/sbin:/bin:/home/yadhu/.vscode-server/extensions/ms-python.debugpy-2025.0.1-linux-x64/bundled/scripts/noConfigScripts'), ('REMOTE_CONTAINERS_SOCKETS', '["/tmp/vscode-ssh-auth-3b15b7cf-88ad-4a56-828c-69c61a495d31.sock","/home/yadhu/.gnupg/S.gpg-agent"]'), ('DISPLAY', ':1'), ('LANG', 'C.UTF-8'), ('RMW_IMPLEMENTATION', 'rmw_cyclonedds_cpp'), ('LS_COLORS', 'rs=0:di=01;34:ln=01;36:mh=00:pi=40;33:so=01;35:do=01;35:bd=40;33;01:cd=40;33;01:or=40;31;01:mi=00:su=37;41:sg=30;43:ca=30;41:tw=30;42:ow=34;42:st=37;44:ex=01;32:*.tar=01;31:*.tgz=01;31:*.arc=01;31:*.arj=01;31:*.taz=01;31:*.lha=01;31:*.lz4=01;31:*.lzh=01;31:*.lzma=01;31:*.tlz=01;31:*.txz=01;31:*.tzo=01;31:*.t7z=01;31:*.zip=01;31:*.z=01;31:*.dz=01;31:*.gz=01;31:*.lrz=01;31:*.lz=01;31:*.lzo=01;31:*.xz=01;31:*.zst=01;31:*.tzst=01;31:*.bz2=01;31:*.bz=01;31:*.tbz=01;31:*.tbz2=01;31:*.tz=01;31:*.deb=01;31:*.rpm=01;31:*.jar=01;31:*.war=01;31:*.ear=01;31:*.sar=01;31:*.rar=01;31:*.alz=01;31:*.ace=01;31:*.zoo=01;31:*.cpio=01;31:*.7z=01;31:*.rz=01;31:*.cab=01;31:*.wim=01;31:*.swm=01;31:*.dwm=01;31:*.esd=01;31:*.jpg=01;35:*.jpeg=01;35:*.mjpg=01;35:*.mjpeg=01;35:*.gif=01;35:*.bmp=01;35:*.pbm=01;35:*.pgm=01;35:*.ppm=01;35:*.tga=01;35:*.xbm=01;35:*.xpm=01;35:*.tif=01;35:*.tiff=01;35:*.png=01;35:*.svg=01;35:*.svgz=01;35:*.mng=01;35:*.pcx=01;35:*.mov=01;35:*.mpg=01;35:*.mpeg=01;35:*.m2v=01;35:*.mkv=01;35:*.webm=01;35:*.webp=01;35:*.ogm=01;35:*.mp4=01;35:*.m4v=01;35:*.mp4v=01;35:*.vob=01;35:*.qt=01;35:*.nuv=01;35:*.wmv=01;35:*.asf=01;35:*.rm=01;35:*.rmvb=01;35:*.flc=01;35:*.avi=01;35:*.fli=01;35:*.flv=01;35:*.gl=01;35:*.dl=01;35:*.xcf=01;35:*.xwd=01;35:*.yuv=01;35:*.cgm=01;35:*.emf=01;35:*.ogv=01;35:*.ogx=01;35:*.aac=00;36:*.au=00;36:*.flac=00;36:*.m4a=00;36:*.mid=00;36:*.midi=00;36:*.mka=00;36:*.mp3=00;36:*.mpc=00;36:*.ogg=00;36:*.ra=00;36:*.wav=00;36:*.oga=00;36:*.opus=00;36:*.spx=00;36:*.xspf=00;36:'), ('VSCODE_GIT_IPC_HANDLE', '/tmp/vscode-git-09c052f1c4.sock'), ('TERM_PROGRAM', 'vscode'), ('SSH_AUTH_SOCK', '/tmp/vscode-ssh-auth-3b15b7cf-88ad-4a56-828c-69c61a495d31.sock'), ('ROS_DOMAIN_ID', '42'), ('AMENT_PREFIX_PATH', '/home/yadhu/ur3e/src/install/ur_description:/home/yadhu/ur3e/src/install/robotiq_description:/opt/ros/humble'), ('SHELL', '/bin/bash'), ('ROS_AUTOMATIC_DISCOVERY_RANGE', 'LOCALHOST'), ('VSCODE_GIT_ASKPASS_EXTRA_ARGS', ''), ('PWD', '/home/yadhu/ur3e/src/build/ur_moveit_config'), ('LC_ALL', 'C.UTF-8'), ('PYTHONPATH', '/opt/ros/humble/lib/python3.10/site-packages:/opt/ros/humble/local/lib/python3.10/dist-packages'), ('COLCON', '1'), ('CMAKE_PREFIX_PATH', '/home/yadhu/ur3e/src/install/ur_description:/home/yadhu/ur3e/src/install/robotiq_description:/opt/ros/humble')]), 'shell': False}
[0.944008] (unity_robotics_demo) StdoutLine: {'line': b'Installing color_publisher script to /home/yadhu/ur3e/src/install/unity_robotics_demo/lib/unity_robotics_demo\n'}
[0.944135] (unity_robotics_demo) StdoutLine: {'line': b'Installing position_service script to /home/yadhu/ur3e/src/install/unity_robotics_demo/lib/unity_robotics_demo\n'}
[0.944388] (unity_robotics_demo) StdoutLine: {'line': b"writing list of installed files to '/home/yadhu/ur3e/src/build/unity_robotics_demo/install.log'\n"}
[0.947737] (ros_tcp_endpoint) StdoutLine: {'line': b'Installing default_server_endpoint script to /home/yadhu/ur3e/src/install/ros_tcp_endpoint/lib/ros_tcp_endpoint\n'}
[0.948075] (ros_tcp_endpoint) StdoutLine: {'line': b"writing list of installed files to '/home/yadhu/ur3e/src/build/ros_tcp_endpoint/install.log'\n"}
[0.963026] (unity_robotics_demo) CommandEnded: {'returncode': 0}
[0.967312] (unity_robotics_demo) JobEnded: {'identifier': 'unity_robotics_demo', 'rc': 0}
[0.968387] (ros_tcp_endpoint) CommandEnded: {'returncode': 0}
[0.972326] (ros_tcp_endpoint) JobEnded: {'identifier': 'ros_tcp_endpoint', 'rc': 0}
[0.973572] (ur_moveit_config) StdoutLine: {'line': b'Built target ament_cmake_python_copy_ur_moveit_config\n'}
[1.000723] (-) TimerEvent: {}
[1.014813] (ur3e_gripper_moveit) StdoutLine: {'line': b'-- The C compiler identification is GNU 11.4.0\n'}
[1.080500] (ur3e_gripper_moveit) StdoutLine: {'line': b'-- The CXX compiler identification is GNU 11.4.0\n'}
[1.088337] (ur3e_gripper_moveit) StdoutLine: {'line': b'-- Detecting C compiler ABI info\n'}
[1.100792] (-) TimerEvent: {}
[1.132403] (ur_moveit_config) StdoutLine: {'line': b'running egg_info\n'}
[1.133580] (ur_moveit_config) StdoutLine: {'line': b'writing ur_moveit_config.egg-info/PKG-INFO\n'}
[1.133811] (ur_moveit_config) StdoutLine: {'line': b'writing dependency_links to ur_moveit_config.egg-info/dependency_links.txt\n'}
[1.134028] (ur_moveit_config) StdoutLine: {'line': b'writing top-level names to ur_moveit_config.egg-info/top_level.txt\n'}
[1.136390] (ur_moveit_config) StdoutLine: {'line': b"reading manifest file 'ur_moveit_config.egg-info/SOURCES.txt'\n"}
[1.136970] (ur_moveit_config) StdoutLine: {'line': b"writing manifest file 'ur_moveit_config.egg-info/SOURCES.txt'\n"}
[1.147548] (ur3e_gripper_moveit) StdoutLine: {'line': b'-- Detecting C compiler ABI info - done\n'}
[1.155568] (ur3e_gripper_moveit) StdoutLine: {'line': b'-- Check for working C compiler: /usr/bin/cc - skipped\n'}
[1.155929] (ur3e_gripper_moveit) StdoutLine: {'line': b'-- Detecting C compile features\n'}
[1.156492] (ur3e_gripper_moveit) StdoutLine: {'line': b'-- Detecting C compile features - done\n'}
[1.159259] (ur_moveit_config) StdoutLine: {'line': b'Built target ament_cmake_python_build_ur_moveit_config_egg\n'}
[1.159716] (ur3e_gripper_moveit) StdoutLine: {'line': b'-- Detecting CXX compiler ABI info\n'}
[1.167929] (ur_moveit_config) CommandEnded: {'returncode': 0}
[1.178645] (pyfile) Command: {'cmd': ['/usr/bin/python3', '-W', 'ignore:setup.py install is deprecated', 'setup.py', 'egg_info', '--egg-base', '../build/pyfile', 'build', '--build-base', '/home/yadhu/ur3e/src/build/pyfile/build', 'install', '--record', '/home/yadhu/ur3e/src/build/pyfile/install.log', '--single-version-externally-managed', 'install_data'], 'cwd': '/home/yadhu/ur3e/src/pyfile', 'env': {'HOSTNAME': 'yadhuk', 'GIT_ASKPASS': '/vscode/vscode-server/bin/linux-x64/e54c774e0add60467559eb0d1e229c6452cf8447/extensions/git/dist/askpass.sh', 'SHLVL': '2', 'LD_LIBRARY_PATH': '/usr/lib/x86_64-linux-gnu/gazebo-11/plugins:/opt/ros/humble/opt/rviz_ogre_vendor/lib:/opt/ros/humble/lib/x86_64-linux-gnu:/opt/ros/humble/lib', 'BROWSER': '/vscode/vscode-server/bin/linux-x64/e54c774e0add60467559eb0d1e229c6452cf8447/bin/helpers/browser.sh', 'HOME': '/home/yadhu', 'OLDPWD': '/home/yadhu/ur3e', 'TERM_PROGRAM_VERSION': '1.97.2', 'VSCODE_IPC_HOOK_CLI': '/tmp/vscode-ipc-191d809e-ad6a-48a3-8c83-2991c7349be6.sock', 'DEBUGPY_ADAPTER_ENDPOINTS': '/home/yadhu/.vscode-server/extensions/ms-python.debugpy-2025.0.1-linux-x64/.noConfigDebugAdapterEndpoints/endpoint-00e5a96652343ffc.txt', 'ROS_PYTHON_VERSION': '3', 'VSCODE_GIT_ASKPASS_MAIN': '/vscode/vscode-server/bin/linux-x64/e54c774e0add60467559eb0d1e229c6452cf8447/extensions/git/dist/askpass-main.js', 'VSCODE_GIT_ASKPASS_NODE': '/vscode/vscode-server/bin/linux-x64/e54c774e0add60467559eb0d1e229c6452cf8447/node', 'PYDEVD_DISABLE_FILE_VALIDATION': '1', 'BUNDLED_DEBUGPY_PATH': '/home/yadhu/.vscode-server/extensions/ms-python.debugpy-2025.0.1-linux-x64/bundled/libs/debugpy', 'COLORTERM': 'truecolor', 'REMOTE_CONTAINERS': 'true', 'ROS_DISTRO': 'humble', 'REMOTE_CONTAINERS_IPC': '/tmp/vscode-remote-containers-ipc-3b15b7cf-88ad-4a56-828c-69c61a495d31.sock', '_': '/usr/bin/colcon', 'ROS_VERSION': '2', 'TERM': 'xterm-256color', 'ROS_LOCALHOST_ONLY': '0', 'PATH': '/vscode/vscode-server/bin/linux-x64/e54c774e0add60467559eb0d1e229c6452cf8447/bin/remote-cli:/opt/ros/humble/bin:/usr/local/sbin:/usr/local/bin:/usr/sbin:/usr/bin:/sbin:/bin:/home/yadhu/.vscode-server/extensions/ms-python.debugpy-2025.0.1-linux-x64/bundled/scripts/noConfigScripts', 'REMOTE_CONTAINERS_SOCKETS': '["/tmp/vscode-ssh-auth-3b15b7cf-88ad-4a56-828c-69c61a495d31.sock","/home/yadhu/.gnupg/S.gpg-agent"]', 'DISPLAY': ':1', 'LANG': 'C.UTF-8', 'RMW_IMPLEMENTATION': 'rmw_cyclonedds_cpp', 'LS_COLORS': 'rs=0:di=01;34:ln=01;36:mh=00:pi=40;33:so=01;35:do=01;35:bd=40;33;01:cd=40;33;01:or=40;31;01:mi=00:su=37;41:sg=30;43:ca=30;41:tw=30;42:ow=34;42:st=37;44:ex=01;32:*.tar=01;31:*.tgz=01;31:*.arc=01;31:*.arj=01;31:*.taz=01;31:*.lha=01;31:*.lz4=01;31:*.lzh=01;31:*.lzma=01;31:*.tlz=01;31:*.txz=01;31:*.tzo=01;31:*.t7z=01;31:*.zip=01;31:*.z=01;31:*.dz=01;31:*.gz=01;31:*.lrz=01;31:*.lz=01;31:*.lzo=01;31:*.xz=01;31:*.zst=01;31:*.tzst=01;31:*.bz2=01;31:*.bz=01;31:*.tbz=01;31:*.tbz2=01;31:*.tz=01;31:*.deb=01;31:*.rpm=01;31:*.jar=01;31:*.war=01;31:*.ear=01;31:*.sar=01;31:*.rar=01;31:*.alz=01;31:*.ace=01;31:*.zoo=01;31:*.cpio=01;31:*.7z=01;31:*.rz=01;31:*.cab=01;31:*.wim=01;31:*.swm=01;31:*.dwm=01;31:*.esd=01;31:*.jpg=01;35:*.jpeg=01;35:*.mjpg=01;35:*.mjpeg=01;35:*.gif=01;35:*.bmp=01;35:*.pbm=01;35:*.pgm=01;35:*.ppm=01;35:*.tga=01;35:*.xbm=01;35:*.xpm=01;35:*.tif=01;35:*.tiff=01;35:*.png=01;35:*.svg=01;35:*.svgz=01;35:*.mng=01;35:*.pcx=01;35:*.mov=01;35:*.mpg=01;35:*.mpeg=01;35:*.m2v=01;35:*.mkv=01;35:*.webm=01;35:*.webp=01;35:*.ogm=01;35:*.mp4=01;35:*.m4v=01;35:*.mp4v=01;35:*.vob=01;35:*.qt=01;35:*.nuv=01;35:*.wmv=01;35:*.asf=01;35:*.rm=01;35:*.rmvb=01;35:*.flc=01;35:*.avi=01;35:*.fli=01;35:*.flv=01;35:*.gl=01;35:*.dl=01;35:*.xcf=01;35:*.xwd=01;35:*.yuv=01;35:*.cgm=01;35:*.emf=01;35:*.ogv=01;35:*.ogx=01;35:*.aac=00;36:*.au=00;36:*.flac=00;36:*.m4a=00;36:*.mid=00;36:*.midi=00;36:*.mka=00;36:*.mp3=00;36:*.mpc=00;36:*.ogg=00;36:*.ra=00;36:*.wav=00;36:*.oga=00;36:*.opus=00;36:*.spx=00;36:*.xspf=00;36:', 'VSCODE_GIT_IPC_HANDLE': '/tmp/vscode-git-09c052f1c4.sock', 'TERM_PROGRAM': 'vscode', 'SSH_AUTH_SOCK': '/tmp/vscode-ssh-auth-3b15b7cf-88ad-4a56-828c-69c61a495d31.sock', 'ROS_DOMAIN_ID': '42', 'AMENT_PREFIX_PATH': '/home/yadhu/ur3e/src/install/ur_description:/home/yadhu/ur3e/src/install/robotiq_description:/opt/ros/humble', 'SHELL': '/bin/bash', 'ROS_AUTOMATIC_DISCOVERY_RANGE': 'LOCALHOST', 'VSCODE_GIT_ASKPASS_EXTRA_ARGS': '', 'PWD': '/home/yadhu/ur3e/src/build/pyfile', 'LC_ALL': 'C.UTF-8', 'PYTHONPATH': '/home/yadhu/ur3e/src/build/pyfile/prefix_override:/usr/lib/python3/dist-packages/colcon_core/task/python/colcon_distutils_commands:/home/yadhu/ur3e/src/install/pyfile/lib/python3.10/site-packages:/opt/ros/humble/lib/python3.10/site-packages:/opt/ros/humble/local/lib/python3.10/dist-packages', 'COLCON': '1', 'CMAKE_PREFIX_PATH': '/home/yadhu/ur3e/src/install/ur_description:/home/yadhu/ur3e/src/install/robotiq_description'}, 'shell': False}
[1.182165] (ur_moveit_config) JobProgress: {'identifier': 'ur_moveit_config', 'progress': 'install'}
[1.182421] (ur_moveit_config) Command: {'cmd': ['/usr/bin/cmake', '--install', '/home/yadhu/ur3e/src/build/ur_moveit_config'], 'cwd': '/home/yadhu/ur3e/src/build/ur_moveit_config', 'env': OrderedDict([('HOSTNAME', 'yadhuk'), ('GIT_ASKPASS', '/vscode/vscode-server/bin/linux-x64/e54c774e0add60467559eb0d1e229c6452cf8447/extensions/git/dist/askpass.sh'), ('SHLVL', '2'), ('LD_LIBRARY_PATH', '/usr/lib/x86_64-linux-gnu/gazebo-11/plugins:/opt/ros/humble/opt/rviz_ogre_vendor/lib:/opt/ros/humble/lib/x86_64-linux-gnu:/opt/ros/humble/lib'), ('BROWSER', '/vscode/vscode-server/bin/linux-x64/e54c774e0add60467559eb0d1e229c6452cf8447/bin/helpers/browser.sh'), ('HOME', '/home/yadhu'), ('OLDPWD', '/home/yadhu/ur3e'), ('TERM_PROGRAM_VERSION', '1.97.2'), ('VSCODE_IPC_HOOK_CLI', '/tmp/vscode-ipc-191d809e-ad6a-48a3-8c83-2991c7349be6.sock'), ('DEBUGPY_ADAPTER_ENDPOINTS', '/home/yadhu/.vscode-server/extensions/ms-python.debugpy-2025.0.1-linux-x64/.noConfigDebugAdapterEndpoints/endpoint-00e5a96652343ffc.txt'), ('ROS_PYTHON_VERSION', '3'), ('VSCODE_GIT_ASKPASS_MAIN', '/vscode/vscode-server/bin/linux-x64/e54c774e0add60467559eb0d1e229c6452cf8447/extensions/git/dist/askpass-main.js'), ('VSCODE_GIT_ASKPASS_NODE', '/vscode/vscode-server/bin/linux-x64/e54c774e0add60467559eb0d1e229c6452cf8447/node'), ('PYDEVD_DISABLE_FILE_VALIDATION', '1'), ('BUNDLED_DEBUGPY_PATH', '/home/yadhu/.vscode-server/extensions/ms-python.debugpy-2025.0.1-linux-x64/bundled/libs/debugpy'), ('COLORTERM', 'truecolor'), ('REMOTE_CONTAINERS', 'true'), ('ROS_DISTRO', 'humble'), ('REMOTE_CONTAINERS_IPC', '/tmp/vscode-remote-containers-ipc-3b15b7cf-88ad-4a56-828c-69c61a495d31.sock'), ('_', '/usr/bin/colcon'), ('ROS_VERSION', '2'), ('TERM', 'xterm-256color'), ('ROS_LOCALHOST_ONLY', '0'), ('PATH', '/vscode/vscode-server/bin/linux-x64/e54c774e0add60467559eb0d1e229c6452cf8447/bin/remote-cli:/opt/ros/humble/bin:/usr/local/sbin:/usr/local/bin:/usr/sbin:/usr/bin:/sbin:/bin:/home/yadhu/.vscode-server/extensions/ms-python.debugpy-2025.0.1-linux-x64/bundled/scripts/noConfigScripts'), ('REMOTE_CONTAINERS_SOCKETS', '["/tmp/vscode-ssh-auth-3b15b7cf-88ad-4a56-828c-69c61a495d31.sock","/home/yadhu/.gnupg/S.gpg-agent"]'), ('DISPLAY', ':1'), ('LANG', 'C.UTF-8'), ('RMW_IMPLEMENTATION', 'rmw_cyclonedds_cpp'), ('LS_COLORS', 'rs=0:di=01;34:ln=01;36:mh=00:pi=40;33:so=01;35:do=01;35:bd=40;33;01:cd=40;33;01:or=40;31;01:mi=00:su=37;41:sg=30;43:ca=30;41:tw=30;42:ow=34;42:st=37;44:ex=01;32:*.tar=01;31:*.tgz=01;31:*.arc=01;31:*.arj=01;31:*.taz=01;31:*.lha=01;31:*.lz4=01;31:*.lzh=01;31:*.lzma=01;31:*.tlz=01;31:*.txz=01;31:*.tzo=01;31:*.t7z=01;31:*.zip=01;31:*.z=01;31:*.dz=01;31:*.gz=01;31:*.lrz=01;31:*.lz=01;31:*.lzo=01;31:*.xz=01;31:*.zst=01;31:*.tzst=01;31:*.bz2=01;31:*.bz=01;31:*.tbz=01;31:*.tbz2=01;31:*.tz=01;31:*.deb=01;31:*.rpm=01;31:*.jar=01;31:*.war=01;31:*.ear=01;31:*.sar=01;31:*.rar=01;31:*.alz=01;31:*.ace=01;31:*.zoo=01;31:*.cpio=01;31:*.7z=01;31:*.rz=01;31:*.cab=01;31:*.wim=01;31:*.swm=01;31:*.dwm=01;31:*.esd=01;31:*.jpg=01;35:*.jpeg=01;35:*.mjpg=01;35:*.mjpeg=01;35:*.gif=01;35:*.bmp=01;35:*.pbm=01;35:*.pgm=01;35:*.ppm=01;35:*.tga=01;35:*.xbm=01;35:*.xpm=01;35:*.tif=01;35:*.tiff=01;35:*.png=01;35:*.svg=01;35:*.svgz=01;35:*.mng=01;35:*.pcx=01;35:*.mov=01;35:*.mpg=01;35:*.mpeg=01;35:*.m2v=01;35:*.mkv=01;35:*.webm=01;35:*.webp=01;35:*.ogm=01;35:*.mp4=01;35:*.m4v=01;35:*.mp4v=01;35:*.vob=01;35:*.qt=01;35:*.nuv=01;35:*.wmv=01;35:*.asf=01;35:*.rm=01;35:*.rmvb=01;35:*.flc=01;35:*.avi=01;35:*.fli=01;35:*.flv=01;35:*.gl=01;35:*.dl=01;35:*.xcf=01;35:*.xwd=01;35:*.yuv=01;35:*.cgm=01;35:*.emf=01;35:*.ogv=01;35:*.ogx=01;35:*.aac=00;36:*.au=00;36:*.flac=00;36:*.m4a=00;36:*.mid=00;36:*.midi=00;36:*.mka=00;36:*.mp3=00;36:*.mpc=00;36:*.ogg=00;36:*.ra=00;36:*.wav=00;36:*.oga=00;36:*.opus=00;36:*.spx=00;36:*.xspf=00;36:'), ('VSCODE_GIT_IPC_HANDLE', '/tmp/vscode-git-09c052f1c4.sock'), ('TERM_PROGRAM', 'vscode'), ('SSH_AUTH_SOCK', '/tmp/vscode-ssh-auth-3b15b7cf-88ad-4a56-828c-69c61a495d31.sock'), ('ROS_DOMAIN_ID', '42'), ('AMENT_PREFIX_PATH', '/home/yadhu/ur3e/src/install/ur_description:/home/yadhu/ur3e/src/install/robotiq_description:/opt/ros/humble'), ('SHELL', '/bin/bash'), ('ROS_AUTOMATIC_DISCOVERY_RANGE', 'LOCALHOST'), ('VSCODE_GIT_ASKPASS_EXTRA_ARGS', ''), ('PWD', '/home/yadhu/ur3e/src/build/ur_moveit_config'), ('LC_ALL', 'C.UTF-8'), ('PYTHONPATH', '/opt/ros/humble/lib/python3.10/site-packages:/opt/ros/humble/local/lib/python3.10/dist-packages'), ('COLCON', '1'), ('CMAKE_PREFIX_PATH', '/home/yadhu/ur3e/src/install/ur_description:/home/yadhu/ur3e/src/install/robotiq_description:/opt/ros/humble')]), 'shell': False}
[1.186931] (ur_moveit_config) StdoutLine: {'line': b'-- Install configuration: ""\n'}
[1.187043] (ur_moveit_config) StdoutLine: {'line': b'-- Installing: /home/yadhu/ur3e/src/install/ur_moveit_config/share/ur_moveit_config/config\n'}
[1.187127] (ur_moveit_config) StdoutLine: {'line': b'-- Installing: /home/yadhu/ur3e/src/install/ur_moveit_config/share/ur_moveit_config/config/controllers.yaml\n'}
[1.187228] (ur_moveit_config) StdoutLine: {'line': b'-- Installing: /home/yadhu/ur3e/src/install/ur_moveit_config/share/ur_moveit_config/config/kinematics.yaml\n'}
[1.187332] (ur_moveit_config) StdoutLine: {'line': b'-- Installing: /home/yadhu/ur3e/src/install/ur_moveit_config/share/ur_moveit_config/config/joint_limits.yaml\n'}
[1.187441] (ur_moveit_config) StdoutLine: {'line': b'-- Installing: /home/yadhu/ur3e/src/install/ur_moveit_config/share/ur_moveit_config/config/ur_servo.yaml\n'}
[1.187585] (ur_moveit_config) StdoutLine: {'line': b'-- Installing: /home/yadhu/ur3e/src/install/ur_moveit_config/share/ur_moveit_config/config/ompl_planning.yaml\n'}
[1.187703] (ur_moveit_config) StdoutLine: {'line': b'-- Installing: /home/yadhu/ur3e/src/install/ur_moveit_config/share/ur_moveit_config/launch\n'}
[1.187745] (ur_moveit_config) StdoutLine: {'line': b'-- Installing: /home/yadhu/ur3e/src/install/ur_moveit_config/share/ur_moveit_config/launch/ur_moveit.launch.py\n'}
[1.188031] (ur_moveit_config) StdoutLine: {'line': b'-- Installing: /home/yadhu/ur3e/src/install/ur_moveit_config/share/ur_moveit_config/rviz\n'}
[1.188268] (ur_moveit_config) StdoutLine: {'line': b'-- Installing: /home/yadhu/ur3e/src/install/ur_moveit_config/share/ur_moveit_config/rviz/view_robot.rviz\n'}
[1.188353] (ur_moveit_config) StdoutLine: {'line': b'-- Installing: /home/yadhu/ur3e/src/install/ur_moveit_config/share/ur_moveit_config/srdf\n'}
[1.188444] (ur_moveit_config) StdoutLine: {'line': b'-- Installing: /home/yadhu/ur3e/src/install/ur_moveit_config/share/ur_moveit_config/srdf/ur_macro.srdf.xacro\n'}
[1.188530] (ur_moveit_config) StdoutLine: {'line': b'-- Installing: /home/yadhu/ur3e/src/install/ur_moveit_config/share/ur_moveit_config/srdf/ur.srdf.xacro\n'}
[1.188684] (ur_moveit_config) StdoutLine: {'line': b'-- Installing: /home/yadhu/ur3e/src/install/ur_moveit_config/share/ur_moveit_config/environment/pythonpath.sh\n'}
[1.188751] (ur_moveit_config) StdoutLine: {'line': b'-- Installing: /home/yadhu/ur3e/src/install/ur_moveit_config/share/ur_moveit_config/environment/pythonpath.dsv\n'}
[1.188868] (ur_moveit_config) StdoutLine: {'line': b'-- Installing: /home/yadhu/ur3e/src/install/ur_moveit_config/local/lib/python3.10/dist-packages/ur_moveit_config-2.2.16-py3.10.egg-info\n'}
[1.188956] (ur_moveit_config) StdoutLine: {'line': b'-- Installing: /home/yadhu/ur3e/src/install/ur_moveit_config/local/lib/python3.10/dist-packages/ur_moveit_config-2.2.16-py3.10.egg-info/top_level.txt\n'}
[1.189016] (ur_moveit_config) StdoutLine: {'line': b'-- Installing: /home/yadhu/ur3e/src/install/ur_moveit_config/local/lib/python3.10/dist-packages/ur_moveit_config-2.2.16-py3.10.egg-info/PKG-INFO\n'}
[1.189149] (ur_moveit_config) StdoutLine: {'line': b'-- Installing: /home/yadhu/ur3e/src/install/ur_moveit_config/local/lib/python3.10/dist-packages/ur_moveit_config-2.2.16-py3.10.egg-info/dependency_links.txt\n'}
[1.189237] (ur_moveit_config) StdoutLine: {'line': b'-- Installing: /home/yadhu/ur3e/src/install/ur_moveit_config/local/lib/python3.10/dist-packages/ur_moveit_config-2.2.16-py3.10.egg-info/SOURCES.txt\n'}
[1.189295] (ur_moveit_config) StdoutLine: {'line': b'-- Installing: /home/yadhu/ur3e/src/install/ur_moveit_config/local/lib/python3.10/dist-packages/ur_moveit_config\n'}
[1.189350] (ur_moveit_config) StdoutLine: {'line': b'-- Installing: /home/yadhu/ur3e/src/install/ur_moveit_config/local/lib/python3.10/dist-packages/ur_moveit_config/launch_common.py\n'}
[1.189403] (ur_moveit_config) StdoutLine: {'line': b'-- Installing: /home/yadhu/ur3e/src/install/ur_moveit_config/local/lib/python3.10/dist-packages/ur_moveit_config/__init__.py\n'}
[1.200877] (-) TimerEvent: {}
[1.208310] (ur_moveit_config) StdoutLine: {'line': b"Listing '/home/yadhu/ur3e/src/install/ur_moveit_config/local/lib/python3.10/dist-packages/ur_moveit_config'...\n"}
[1.208457] (ur_moveit_config) StdoutLine: {'line': b"Compiling '/home/yadhu/ur3e/src/install/ur_moveit_config/local/lib/python3.10/dist-packages/ur_moveit_config/__init__.py'...\n"}
[1.208528] (ur_moveit_config) StdoutLine: {'line': b"Compiling '/home/yadhu/ur3e/src/install/ur_moveit_config/local/lib/python3.10/dist-packages/ur_moveit_config/launch_common.py'...\n"}
[1.212231] (ur_moveit_config) StdoutLine: {'line': b'-- Installing: /home/yadhu/ur3e/src/install/ur_moveit_config/local/lib/python3.10/dist-packages/launch_common.py\n'}
[1.213246] (ur3e_gripper_moveit) StdoutLine: {'line': b'-- Detecting CXX compiler ABI info - done\n'}
[1.221247] (ur3e_gripper_moveit) StdoutLine: {'line': b'-- Check for working CXX compiler: /usr/bin/c++ - skipped\n'}
[1.221716] (ur3e_gripper_moveit) StdoutLine: {'line': b'-- Detecting CXX compile features\n'}
[1.222332] (ur3e_gripper_moveit) StdoutLine: {'line': b'-- Detecting CXX compile features - done\n'}
[1.226712] (ur3e_gripper_moveit) StdoutLine: {'line': b'-- Found ament_cmake: 1.3.10 (/opt/ros/humble/share/ament_cmake/cmake)\n'}
[1.236135] (ur_moveit_config) StdoutLine: {'line': b"Compiling '/home/yadhu/ur3e/src/install/ur_moveit_config/local/lib/python3.10/dist-packages/launch_common.py'...\n"}
[1.239294] (ur_moveit_config) StdoutLine: {'line': b'-- Installing: /home/yadhu/ur3e/src/install/ur_moveit_config/share/ament_index/resource_index/package_run_dependencies/ur_moveit_config\n'}
[1.239474] (ur_moveit_config) StdoutLine: {'line': b'-- Installing: /home/yadhu/ur3e/src/install/ur_moveit_config/share/ament_index/resource_index/parent_prefix_path/ur_moveit_config\n'}
[1.239604] (ur_moveit_config) StdoutLine: {'line': b'-- Installing: /home/yadhu/ur3e/src/install/ur_moveit_config/share/ur_moveit_config/environment/ament_prefix_path.sh\n'}
[1.239765] (ur_moveit_config) StdoutLine: {'line': b'-- Installing: /home/yadhu/ur3e/src/install/ur_moveit_config/share/ur_moveit_config/environment/ament_prefix_path.dsv\n'}
[1.240041] (ur_moveit_config) StdoutLine: {'line': b'-- Installing: /home/yadhu/ur3e/src/install/ur_moveit_config/share/ur_moveit_config/environment/path.sh\n'}
[1.240188] (ur_moveit_config) StdoutLine: {'line': b'-- Installing: /home/yadhu/ur3e/src/install/ur_moveit_config/share/ur_moveit_config/environment/path.dsv\n'}
[1.240466] (ur_moveit_config) StdoutLine: {'line': b'-- Installing: /home/yadhu/ur3e/src/install/ur_moveit_config/share/ur_moveit_config/local_setup.bash\n'}
[1.240656] (ur_moveit_config) StdoutLine: {'line': b'-- Installing: /home/yadhu/ur3e/src/install/ur_moveit_config/share/ur_moveit_config/local_setup.sh\n'}
[1.240760] (ur_moveit_config) StdoutLine: {'line': b'-- Installing: /home/yadhu/ur3e/src/install/ur_moveit_config/share/ur_moveit_config/local_setup.zsh\n'}
[1.240886] (ur_moveit_config) StdoutLine: {'line': b'-- Installing: /home/yadhu/ur3e/src/install/ur_moveit_config/share/ur_moveit_config/local_setup.dsv\n'}
[1.241022] (ur_moveit_config) StdoutLine: {'line': b'-- Installing: /home/yadhu/ur3e/src/install/ur_moveit_config/share/ur_moveit_config/package.dsv\n'}
[1.241175] (ur_moveit_config) StdoutLine: {'line': b'-- Installing: /home/yadhu/ur3e/src/install/ur_moveit_config/share/ament_index/resource_index/packages/ur_moveit_config\n'}
[1.241335] (ur_moveit_config) StdoutLine: {'line': b'-- Installing: /home/yadhu/ur3e/src/install/ur_moveit_config/share/ur_moveit_config/cmake/ur_moveit_configConfig.cmake\n'}
[1.241434] (ur_moveit_config) StdoutLine: {'line': b'-- Installing: /home/yadhu/ur3e/src/install/ur_moveit_config/share/ur_moveit_config/cmake/ur_moveit_configConfig-version.cmake\n'}
[1.241554] (ur_moveit_config) StdoutLine: {'line': b'-- Installing: /home/yadhu/ur3e/src/install/ur_moveit_config/share/ur_moveit_config/package.xml\n'}
[1.243044] (ur_moveit_config) CommandEnded: {'returncode': 0}
[1.270140] (ur_moveit_config) JobEnded: {'identifier': 'ur_moveit_config', 'rc': 0}
[1.300970] (-) TimerEvent: {}
[1.314998] (pyfile) StdoutLine: {'line': b'running egg_info\n'}
[1.315475] (pyfile) StdoutLine: {'line': b'writing ../build/pyfile/pyfile.egg-info/PKG-INFO\n'}
[1.315599] (pyfile) StdoutLine: {'line': b'writing dependency_links to ../build/pyfile/pyfile.egg-info/dependency_links.txt\n'}
[1.315687] (pyfile) StdoutLine: {'line': b'writing entry points to ../build/pyfile/pyfile.egg-info/entry_points.txt\n'}
[1.315757] (pyfile) StdoutLine: {'line': b'writing requirements to ../build/pyfile/pyfile.egg-info/requires.txt\n'}
[1.315968] (pyfile) StdoutLine: {'line': b'writing top-level names to ../build/pyfile/pyfile.egg-info/top_level.txt\n'}
[1.316744] (pyfile) StdoutLine: {'line': b"reading manifest file '../build/pyfile/pyfile.egg-info/SOURCES.txt'\n"}
[1.317124] (pyfile) StdoutLine: {'line': b"writing manifest file '../build/pyfile/pyfile.egg-info/SOURCES.txt'\n"}
[1.317236] (pyfile) StdoutLine: {'line': b'running build\n'}
[1.317307] (pyfile) StdoutLine: {'line': b'running build_py\n'}
[1.317391] (pyfile) StdoutLine: {'line': b'running install\n'}
[1.317544] (pyfile) StdoutLine: {'line': b'running install_lib\n'}
[1.317921] (pyfile) StdoutLine: {'line': b'creating /home/yadhu/ur3e/src/install/pyfile/lib/python3.10/site-packages/pyfile\n'}
[1.318082] (pyfile) StdoutLine: {'line': b'copying /home/yadhu/ur3e/src/build/pyfile/build/lib/pyfile/move.py -> /home/yadhu/ur3e/src/install/pyfile/lib/python3.10/site-packages/pyfile\n'}
[1.318162] (pyfile) StdoutLine: {'line': b'copying /home/yadhu/ur3e/src/build/pyfile/build/lib/pyfile/__init__.py -> /home/yadhu/ur3e/src/install/pyfile/lib/python3.10/site-packages/pyfile\n'}
[1.318290] (pyfile) StdoutLine: {'line': b'byte-compiling /home/yadhu/ur3e/src/install/pyfile/lib/python3.10/site-packages/pyfile/move.py to move.cpython-310.pyc\n'}
[1.318704] (pyfile) StdoutLine: {'line': b'byte-compiling /home/yadhu/ur3e/src/install/pyfile/lib/python3.10/site-packages/pyfile/__init__.py to __init__.cpython-310.pyc\n'}
[1.318819] (pyfile) StdoutLine: {'line': b'running install_data\n'}
[1.318902] (pyfile) StdoutLine: {'line': b'creating /home/yadhu/ur3e/src/install/pyfile/share/ament_index\n'}
[1.318968] (pyfile) StdoutLine: {'line': b'creating /home/yadhu/ur3e/src/install/pyfile/share/ament_index/resource_index\n'}
[1.319030] (pyfile) StdoutLine: {'line': b'creating /home/yadhu/ur3e/src/install/pyfile/share/ament_index/resource_index/packages\n'}
[1.319091] (pyfile) StdoutLine: {'line': b'copying resource/pyfile -> /home/yadhu/ur3e/src/install/pyfile/share/ament_index/resource_index/packages\n'}
[1.319218] (pyfile) StdoutLine: {'line': b'copying package.xml -> /home/yadhu/ur3e/src/install/pyfile/share/pyfile\n'}
[1.319278] (pyfile) StdoutLine: {'line': b'running install_egg_info\n'}
[1.320029] (pyfile) StdoutLine: {'line': b'Copying ../build/pyfile/pyfile.egg-info to /home/yadhu/ur3e/src/install/pyfile/lib/python3.10/site-packages/pyfile-0.0.0-py3.10.egg-info\n'}
[1.320466] (pyfile) StdoutLine: {'line': b'running install_scripts\n'}
[1.335370] (pyfile) StdoutLine: {'line': b'Installing move_bot script to /home/yadhu/ur3e/src/install/pyfile/lib/pyfile\n'}
[1.335748] (pyfile) StdoutLine: {'line': b"writing list of installed files to '/home/yadhu/ur3e/src/build/pyfile/install.log'\n"}
[1.339085] (ur3e_gripper_moveit) StdoutLine: {'line': b'-- Found Python3: /usr/bin/python3 (found version "3.10.12") found components: Interpreter \n'}
[1.353406] (pyfile) CommandEnded: {'returncode': 0}
[1.357109] (pyfile) JobEnded: {'identifier': 'pyfile', 'rc': 0}
[1.401042] (-) TimerEvent: {}
[1.471930] (ur3e_gripper_moveit) StdoutLine: {'line': b'-- Configuring done\n'}
[1.474250] (ur3e_gripper_moveit) StdoutLine: {'line': b'-- Generating done\n'}
[1.475028] (ur3e_gripper_moveit) StdoutLine: {'line': b'-- Build files have been written to: /home/yadhu/ur3e/src/build/ur3e_gripper_moveit\n'}
[1.477742] (ur3e_gripper_moveit) CommandEnded: {'returncode': 0}
[1.478056] (ur3e_gripper_moveit) JobProgress: {'identifier': 'ur3e_gripper_moveit', 'progress': 'build'}
[1.478296] (ur3e_gripper_moveit) Command: {'cmd': ['/usr/bin/cmake', '--build', '/home/yadhu/ur3e/src/build/ur3e_gripper_moveit', '--', '-j16', '-l16'], 'cwd': '/home/yadhu/ur3e/src/build/ur3e_gripper_moveit', 'env': OrderedDict([('HOSTNAME', 'yadhuk'), ('GIT_ASKPASS', '/vscode/vscode-server/bin/linux-x64/e54c774e0add60467559eb0d1e229c6452cf8447/extensions/git/dist/askpass.sh'), ('SHLVL', '2'), ('LD_LIBRARY_PATH', '/usr/lib/x86_64-linux-gnu/gazebo-11/plugins:/opt/ros/humble/opt/rviz_ogre_vendor/lib:/opt/ros/humble/lib/x86_64-linux-gnu:/opt/ros/humble/lib'), ('BROWSER', '/vscode/vscode-server/bin/linux-x64/e54c774e0add60467559eb0d1e229c6452cf8447/bin/helpers/browser.sh'), ('HOME', '/home/yadhu'), ('OLDPWD', '/home/yadhu/ur3e'), ('TERM_PROGRAM_VERSION', '1.97.2'), ('VSCODE_IPC_HOOK_CLI', '/tmp/vscode-ipc-191d809e-ad6a-48a3-8c83-2991c7349be6.sock'), ('DEBUGPY_ADAPTER_ENDPOINTS', '/home/yadhu/.vscode-server/extensions/ms-python.debugpy-2025.0.1-linux-x64/.noConfigDebugAdapterEndpoints/endpoint-00e5a96652343ffc.txt'), ('ROS_PYTHON_VERSION', '3'), ('VSCODE_GIT_ASKPASS_MAIN', '/vscode/vscode-server/bin/linux-x64/e54c774e0add60467559eb0d1e229c6452cf8447/extensions/git/dist/askpass-main.js'), ('VSCODE_GIT_ASKPASS_NODE', '/vscode/vscode-server/bin/linux-x64/e54c774e0add60467559eb0d1e229c6452cf8447/node'), ('PYDEVD_DISABLE_FILE_VALIDATION', '1'), ('BUNDLED_DEBUGPY_PATH', '/home/yadhu/.vscode-server/extensions/ms-python.debugpy-2025.0.1-linux-x64/bundled/libs/debugpy'), ('COLORTERM', 'truecolor'), ('REMOTE_CONTAINERS', 'true'), ('ROS_DISTRO', 'humble'), ('REMOTE_CONTAINERS_IPC', '/tmp/vscode-remote-containers-ipc-3b15b7cf-88ad-4a56-828c-69c61a495d31.sock'), ('_', '/usr/bin/colcon'), ('ROS_VERSION', '2'), ('TERM', 'xterm-256color'), ('ROS_LOCALHOST_ONLY', '0'), ('PATH', '/vscode/vscode-server/bin/linux-x64/e54c774e0add60467559eb0d1e229c6452cf8447/bin/remote-cli:/opt/ros/humble/bin:/usr/local/sbin:/usr/local/bin:/usr/sbin:/usr/bin:/sbin:/bin:/home/yadhu/.vscode-server/extensions/ms-python.debugpy-2025.0.1-linux-x64/bundled/scripts/noConfigScripts'), ('REMOTE_CONTAINERS_SOCKETS', '["/tmp/vscode-ssh-auth-3b15b7cf-88ad-4a56-828c-69c61a495d31.sock","/home/yadhu/.gnupg/S.gpg-agent"]'), ('DISPLAY', ':1'), ('LANG', 'C.UTF-8'), ('RMW_IMPLEMENTATION', 'rmw_cyclonedds_cpp'), ('LS_COLORS', 'rs=0:di=01;34:ln=01;36:mh=00:pi=40;33:so=01;35:do=01;35:bd=40;33;01:cd=40;33;01:or=40;31;01:mi=00:su=37;41:sg=30;43:ca=30;41:tw=30;42:ow=34;42:st=37;44:ex=01;32:*.tar=01;31:*.tgz=01;31:*.arc=01;31:*.arj=01;31:*.taz=01;31:*.lha=01;31:*.lz4=01;31:*.lzh=01;31:*.lzma=01;31:*.tlz=01;31:*.txz=01;31:*.tzo=01;31:*.t7z=01;31:*.zip=01;31:*.z=01;31:*.dz=01;31:*.gz=01;31:*.lrz=01;31:*.lz=01;31:*.lzo=01;31:*.xz=01;31:*.zst=01;31:*.tzst=01;31:*.bz2=01;31:*.bz=01;31:*.tbz=01;31:*.tbz2=01;31:*.tz=01;31:*.deb=01;31:*.rpm=01;31:*.jar=01;31:*.war=01;31:*.ear=01;31:*.sar=01;31:*.rar=01;31:*.alz=01;31:*.ace=01;31:*.zoo=01;31:*.cpio=01;31:*.7z=01;31:*.rz=01;31:*.cab=01;31:*.wim=01;31:*.swm=01;31:*.dwm=01;31:*.esd=01;31:*.jpg=01;35:*.jpeg=01;35:*.mjpg=01;35:*.mjpeg=01;35:*.gif=01;35:*.bmp=01;35:*.pbm=01;35:*.pgm=01;35:*.ppm=01;35:*.tga=01;35:*.xbm=01;35:*.xpm=01;35:*.tif=01;35:*.tiff=01;35:*.png=01;35:*.svg=01;35:*.svgz=01;35:*.mng=01;35:*.pcx=01;35:*.mov=01;35:*.mpg=01;35:*.mpeg=01;35:*.m2v=01;35:*.mkv=01;35:*.webm=01;35:*.webp=01;35:*.ogm=01;35:*.mp4=01;35:*.m4v=01;35:*.mp4v=01;35:*.vob=01;35:*.qt=01;35:*.nuv=01;35:*.wmv=01;35:*.asf=01;35:*.rm=01;35:*.rmvb=01;35:*.flc=01;35:*.avi=01;35:*.fli=01;35:*.flv=01;35:*.gl=01;35:*.dl=01;35:*.xcf=01;35:*.xwd=01;35:*.yuv=01;35:*.cgm=01;35:*.emf=01;35:*.ogv=01;35:*.ogx=01;35:*.aac=00;36:*.au=00;36:*.flac=00;36:*.m4a=00;36:*.mid=00;36:*.midi=00;36:*.mka=00;36:*.mp3=00;36:*.mpc=00;36:*.ogg=00;36:*.ra=00;36:*.wav=00;36:*.oga=00;36:*.opus=00;36:*.spx=00;36:*.xspf=00;36:'), ('VSCODE_GIT_IPC_HANDLE', '/tmp/vscode-git-09c052f1c4.sock'), ('TERM_PROGRAM', 'vscode'), ('SSH_AUTH_SOCK', '/tmp/vscode-ssh-auth-3b15b7cf-88ad-4a56-828c-69c61a495d31.sock'), ('ROS_DOMAIN_ID', '42'), ('AMENT_PREFIX_PATH', '/home/yadhu/ur3e/src/install/ur_description:/home/yadhu/ur3e/src/install/robotiq_description:/opt/ros/humble'), ('SHELL', '/bin/bash'), ('ROS_AUTOMATIC_DISCOVERY_RANGE', 'LOCALHOST'), ('VSCODE_GIT_ASKPASS_EXTRA_ARGS', ''), ('PWD', '/home/yadhu/ur3e/src/build/ur3e_gripper_moveit'), ('LC_ALL', 'C.UTF-8'), ('PYTHONPATH', '/opt/ros/humble/lib/python3.10/site-packages:/opt/ros/humble/local/lib/python3.10/dist-packages'), ('COLCON', '1'), ('CMAKE_PREFIX_PATH', '/home/yadhu/ur3e/src/install/ur_description:/home/yadhu/ur3e/src/install/robotiq_description:/opt/ros/humble')]), 'shell': False}
[1.501138] (-) TimerEvent: {}
[1.504803] (moveit_msgs) JobProgress: {'identifier': 'moveit_msgs', 'progress': 'install'}
[1.505011] (moveit_msgs) Command: {'cmd': ['/usr/bin/cmake', '--install', '/home/yadhu/ur3e/src/build/moveit_msgs'], 'cwd': '/home/yadhu/ur3e/src/build/moveit_msgs', 'env': OrderedDict([('HOSTNAME', 'yadhuk'), ('GIT_ASKPASS', '/vscode/vscode-server/bin/linux-x64/e54c774e0add60467559eb0d1e229c6452cf8447/extensions/git/dist/askpass.sh'), ('SHLVL', '2'), ('LD_LIBRARY_PATH', '/usr/lib/x86_64-linux-gnu/gazebo-11/plugins:/opt/ros/humble/opt/rviz_ogre_vendor/lib:/opt/ros/humble/lib/x86_64-linux-gnu:/opt/ros/humble/lib'), ('BROWSER', '/vscode/vscode-server/bin/linux-x64/e54c774e0add60467559eb0d1e229c6452cf8447/bin/helpers/browser.sh'), ('HOME', '/home/yadhu'), ('OLDPWD', '/home/yadhu/ur3e'), ('TERM_PROGRAM_VERSION', '1.97.2'), ('VSCODE_IPC_HOOK_CLI', '/tmp/vscode-ipc-191d809e-ad6a-48a3-8c83-2991c7349be6.sock'), ('DEBUGPY_ADAPTER_ENDPOINTS', '/home/yadhu/.vscode-server/extensions/ms-python.debugpy-2025.0.1-linux-x64/.noConfigDebugAdapterEndpoints/endpoint-00e5a96652343ffc.txt'), ('ROS_PYTHON_VERSION', '3'), ('VSCODE_GIT_ASKPASS_MAIN', '/vscode/vscode-server/bin/linux-x64/e54c774e0add60467559eb0d1e229c6452cf8447/extensions/git/dist/askpass-main.js'), ('VSCODE_GIT_ASKPASS_NODE', '/vscode/vscode-server/bin/linux-x64/e54c774e0add60467559eb0d1e229c6452cf8447/node'), ('PYDEVD_DISABLE_FILE_VALIDATION', '1'), ('BUNDLED_DEBUGPY_PATH', '/home/yadhu/.vscode-server/extensions/ms-python.debugpy-2025.0.1-linux-x64/bundled/libs/debugpy'), ('COLORTERM', 'truecolor'), ('REMOTE_CONTAINERS', 'true'), ('ROS_DISTRO', 'humble'), ('REMOTE_CONTAINERS_IPC', '/tmp/vscode-remote-containers-ipc-3b15b7cf-88ad-4a56-828c-69c61a495d31.sock'), ('_', '/usr/bin/colcon'), ('ROS_VERSION', '2'), ('TERM', 'xterm-256color'), ('ROS_LOCALHOST_ONLY', '0'), ('PATH', '/vscode/vscode-server/bin/linux-x64/e54c774e0add60467559eb0d1e229c6452cf8447/bin/remote-cli:/opt/ros/humble/bin:/usr/local/sbin:/usr/local/bin:/usr/sbin:/usr/bin:/sbin:/bin:/home/yadhu/.vscode-server/extensions/ms-python.debugpy-2025.0.1-linux-x64/bundled/scripts/noConfigScripts'), ('REMOTE_CONTAINERS_SOCKETS', '["/tmp/vscode-ssh-auth-3b15b7cf-88ad-4a56-828c-69c61a495d31.sock","/home/yadhu/.gnupg/S.gpg-agent"]'), ('DISPLAY', ':1'), ('LANG', 'C.UTF-8'), ('RMW_IMPLEMENTATION', 'rmw_cyclonedds_cpp'), ('LS_COLORS', 'rs=0:di=01;34:ln=01;36:mh=00:pi=40;33:so=01;35:do=01;35:bd=40;33;01:cd=40;33;01:or=40;31;01:mi=00:su=37;41:sg=30;43:ca=30;41:tw=30;42:ow=34;42:st=37;44:ex=01;32:*.tar=01;31:*.tgz=01;31:*.arc=01;31:*.arj=01;31:*.taz=01;31:*.lha=01;31:*.lz4=01;31:*.lzh=01;31:*.lzma=01;31:*.tlz=01;31:*.txz=01;31:*.tzo=01;31:*.t7z=01;31:*.zip=01;31:*.z=01;31:*.dz=01;31:*.gz=01;31:*.lrz=01;31:*.lz=01;31:*.lzo=01;31:*.xz=01;31:*.zst=01;31:*.tzst=01;31:*.bz2=01;31:*.bz=01;31:*.tbz=01;31:*.tbz2=01;31:*.tz=01;31:*.deb=01;31:*.rpm=01;31:*.jar=01;31:*.war=01;31:*.ear=01;31:*.sar=01;31:*.rar=01;31:*.alz=01;31:*.ace=01;31:*.zoo=01;31:*.cpio=01;31:*.7z=01;31:*.rz=01;31:*.cab=01;31:*.wim=01;31:*.swm=01;31:*.dwm=01;31:*.esd=01;31:*.jpg=01;35:*.jpeg=01;35:*.mjpg=01;35:*.mjpeg=01;35:*.gif=01;35:*.bmp=01;35:*.pbm=01;35:*.pgm=01;35:*.ppm=01;35:*.tga=01;35:*.xbm=01;35:*.xpm=01;35:*.tif=01;35:*.tiff=01;35:*.png=01;35:*.svg=01;35:*.svgz=01;35:*.mng=01;35:*.pcx=01;35:*.mov=01;35:*.mpg=01;35:*.mpeg=01;35:*.m2v=01;35:*.mkv=01;35:*.webm=01;35:*.webp=01;35:*.ogm=01;35:*.mp4=01;35:*.m4v=01;35:*.mp4v=01;35:*.vob=01;35:*.qt=01;35:*.nuv=01;35:*.wmv=01;35:*.asf=01;35:*.rm=01;35:*.rmvb=01;35:*.flc=01;35:*.avi=01;35:*.fli=01;35:*.flv=01;35:*.gl=01;35:*.dl=01;35:*.xcf=01;35:*.xwd=01;35:*.yuv=01;35:*.cgm=01;35:*.emf=01;35:*.ogv=01;35:*.ogx=01;35:*.aac=00;36:*.au=00;36:*.flac=00;36:*.m4a=00;36:*.mid=00;36:*.midi=00;36:*.mka=00;36:*.mp3=00;36:*.mpc=00;36:*.ogg=00;36:*.ra=00;36:*.wav=00;36:*.oga=00;36:*.opus=00;36:*.spx=00;36:*.xspf=00;36:'), ('VSCODE_GIT_IPC_HANDLE', '/tmp/vscode-git-09c052f1c4.sock'), ('TERM_PROGRAM', 'vscode'), ('SSH_AUTH_SOCK', '/tmp/vscode-ssh-auth-3b15b7cf-88ad-4a56-828c-69c61a495d31.sock'), ('ROS_DOMAIN_ID', '42'), ('AMENT_PREFIX_PATH', '/opt/ros/humble'), ('SHELL', '/bin/bash'), ('ROS_AUTOMATIC_DISCOVERY_RANGE', 'LOCALHOST'), ('VSCODE_GIT_ASKPASS_EXTRA_ARGS', ''), ('PWD', '/home/yadhu/ur3e/src/build/moveit_msgs'), ('LC_ALL', 'C.UTF-8'), ('PYTHONPATH', '/opt/ros/humble/lib/python3.10/site-packages:/opt/ros/humble/local/lib/python3.10/dist-packages'), ('COLCON', '1'), ('CMAKE_PREFIX_PATH', '/opt/ros/humble')]), 'shell': False}
[1.506176] (ur3e_gripper_moveit) CommandEnded: {'returncode': 0}
[1.513731] (moveit_msgs) StdoutLine: {'line': b'-- Install configuration: ""\n'}
[1.514128] (moveit_msgs) StdoutLine: {'line': b'-- Installing: /home/yadhu/ur3e/src/install/moveit_msgs/share/ament_index/resource_index/rosidl_interfaces/moveit_msgs\n'}
[1.514184] (moveit_msgs) StdoutLine: {'line': b'-- Installing: /home/yadhu/ur3e/src/install/moveit_msgs/include/moveit_msgs/moveit_msgs\n'}
[1.514428] (moveit_msgs) StdoutLine: {'line': b'-- Installing: /home/yadhu/ur3e/src/install/moveit_msgs/include/moveit_msgs/moveit_msgs/action\n'}
[1.514524] (moveit_msgs) StdoutLine: {'line': b'-- Installing: /home/yadhu/ur3e/src/install/moveit_msgs/include/moveit_msgs/moveit_msgs/action/place.h\n'}
[1.514566] (moveit_msgs) StdoutLine: {'line': b'-- Installing: /home/yadhu/ur3e/src/install/moveit_msgs/include/moveit_msgs/moveit_msgs/action/move_group_sequence.h\n'}
[1.514645] (moveit_msgs) StdoutLine: {'line': b'-- Installing: /home/yadhu/ur3e/src/install/moveit_msgs/include/moveit_msgs/moveit_msgs/action/execute_trajectory.h\n'}
[1.514689] (moveit_msgs) StdoutLine: {'line': b'-- Installing: /home/yadhu/ur3e/src/install/moveit_msgs/include/moveit_msgs/moveit_msgs/action/hybrid_planner.h\n'}
[1.514742] (moveit_msgs) StdoutLine: {'line': b'-- Installing: /home/yadhu/ur3e/src/install/moveit_msgs/include/moveit_msgs/moveit_msgs/action/move_group.h\n'}
[1.514787] (moveit_msgs) StdoutLine: {'line': b'-- Installing: /home/yadhu/ur3e/src/install/moveit_msgs/include/moveit_msgs/moveit_msgs/action/detail\n'}
[1.514827] (moveit_msgs) StdoutLine: {'line': b'-- Installing: /home/yadhu/ur3e/src/install/moveit_msgs/include/moveit_msgs/moveit_msgs/action/detail/local_planner__functions.c\n'}
[1.514970] (moveit_msgs) StdoutLine: {'line': b'-- Installing: /home/yadhu/ur3e/src/install/moveit_msgs/include/moveit_msgs/moveit_msgs/action/detail/place__functions.h\n'}
[1.515371] (moveit_msgs) StdoutLine: {'line': b'-- Installing: /home/yadhu/ur3e/src/install/moveit_msgs/include/moveit_msgs/moveit_msgs/action/detail/place__type_support.h\n'}
[1.515629] (moveit_msgs) StdoutLine: {'line': b'-- Installing: /home/yadhu/ur3e/src/install/moveit_msgs/include/moveit_msgs/moveit_msgs/action/detail/local_planner__struct.h\n'}
[1.515706] (moveit_msgs) StdoutLine: {'line': b'-- Installing: /home/yadhu/ur3e/src/install/moveit_msgs/include/moveit_msgs/moveit_msgs/action/detail/pickup__type_support.h\n'}
[1.515755] (moveit_msgs) StdoutLine: {'line': b'-- Installing: /home/yadhu/ur3e/src/install/moveit_msgs/include/moveit_msgs/moveit_msgs/action/detail/move_group_sequence__functions.c\n'}
[1.515950] (moveit_msgs) StdoutLine: {'line': b'-- Installing: /home/yadhu/ur3e/src/install/moveit_msgs/include/moveit_msgs/moveit_msgs/action/detail/move_group_sequence__functions.h\n'}
[1.516384] (moveit_msgs) StdoutLine: {'line': b'-- Installing: /home/yadhu/ur3e/src/install/moveit_msgs/include/moveit_msgs/moveit_msgs/action/detail/hybrid_planner__functions.h\n'}
[1.516789] (moveit_msgs) StdoutLine: {'line': b'-- Installing: /home/yadhu/ur3e/src/install/moveit_msgs/include/moveit_msgs/moveit_msgs/action/detail/hybrid_planner__type_support.h\n'}
[1.516875] (moveit_msgs) StdoutLine: {'line': b'-- Installing: /home/yadhu/ur3e/src/install/moveit_msgs/include/moveit_msgs/moveit_msgs/action/detail/pickup__struct.h\n'}
[1.517112] (moveit_msgs) StdoutLine: {'line': b'-- Installing: /home/yadhu/ur3e/src/install/moveit_msgs/include/moveit_msgs/moveit_msgs/action/detail/pickup__functions.c\n'}
[1.517416] (moveit_msgs) StdoutLine: {'line': b'-- Installing: /home/yadhu/ur3e/src/install/moveit_msgs/include/moveit_msgs/moveit_msgs/action/detail/execute_trajectory__functions.h\n'}
[1.517915] (moveit_msgs) StdoutLine: {'line': b'-- Installing: /home/yadhu/ur3e/src/install/moveit_msgs/include/moveit_msgs/moveit_msgs/action/detail/move_group__functions.c\n'}
[1.518358] (moveit_msgs) StdoutLine: {'line': b'-- Installing: /home/yadhu/ur3e/src/install/moveit_msgs/include/moveit_msgs/moveit_msgs/action/detail/move_group__type_support.h\n'}
[1.518603] (moveit_msgs) StdoutLine: {'line': b'-- Installing: /home/yadhu/ur3e/src/install/moveit_msgs/include/moveit_msgs/moveit_msgs/action/detail/move_group__struct.h\n'}
[1.518676] (moveit_msgs) StdoutLine: {'line': b'-- Installing: /home/yadhu/ur3e/src/install/moveit_msgs/include/moveit_msgs/moveit_msgs/action/detail/local_planner__functions.h\n'}
[1.518906] (moveit_msgs) StdoutLine: {'line': b'-- Installing: /home/yadhu/ur3e/src/install/moveit_msgs/include/moveit_msgs/moveit_msgs/action/detail/execute_trajectory__functions.c\n'}
[1.519622] (moveit_msgs) StdoutLine: {'line': b'-- Installing: /home/yadhu/ur3e/src/install/moveit_msgs/include/moveit_msgs/moveit_msgs/action/detail/local_planner__type_support.h\n'}
[1.519686] (moveit_msgs) StdoutLine: {'line': b'-- Installing: /home/yadhu/ur3e/src/install/moveit_msgs/include/moveit_msgs/moveit_msgs/action/detail/global_planner__functions.c\n'}
[1.519792] (moveit_msgs) StdoutLine: {'line': b'-- Installing: /home/yadhu/ur3e/src/install/moveit_msgs/include/moveit_msgs/moveit_msgs/action/detail/execute_trajectory__type_support.h\n'}
[1.520003] (moveit_msgs) StdoutLine: {'line': b'-- Installing: /home/yadhu/ur3e/src/install/moveit_msgs/include/moveit_msgs/moveit_msgs/action/detail/move_group_sequence__type_support.h\n'}
[1.520081] (moveit_msgs) StdoutLine: {'line': b'-- Installing: /home/yadhu/ur3e/src/install/moveit_msgs/include/moveit_msgs/moveit_msgs/action/detail/global_planner__type_support.h\n'}
[1.520198] (moveit_msgs) StdoutLine: {'line': b'-- Installing: /home/yadhu/ur3e/src/install/moveit_msgs/include/moveit_msgs/moveit_msgs/action/detail/global_planner__functions.h\n'}
[1.520309] (moveit_msgs) StdoutLine: {'line': b'-- Installing: /home/yadhu/ur3e/src/install/moveit_msgs/include/moveit_msgs/moveit_msgs/action/detail/place__struct.h\n'}
[1.520568] (moveit_msgs) StdoutLine: {'line': b'-- Installing: /home/yadhu/ur3e/src/install/moveit_msgs/include/moveit_msgs/moveit_msgs/action/detail/global_planner__struct.h\n'}
[1.520699] (moveit_msgs) StdoutLine: {'line': b'-- Installing: /home/yadhu/ur3e/src/install/moveit_msgs/include/moveit_msgs/moveit_msgs/action/detail/move_group__functions.h\n'}
[1.521056] (moveit_msgs) StdoutLine: {'line': b'-- Installing: /home/yadhu/ur3e/src/install/moveit_msgs/include/moveit_msgs/moveit_msgs/action/detail/move_group_sequence__struct.h\n'}
[1.521145] (moveit_msgs) StdoutLine: {'line': b'-- Installing: /home/yadhu/ur3e/src/install/moveit_msgs/include/moveit_msgs/moveit_msgs/action/detail/place__functions.c\n'}
[1.522618] (ur3e_gripper_moveit) JobProgress: {'identifier': 'ur3e_gripper_moveit', 'progress': 'install'}
[1.522654] (moveit_msgs) StdoutLine: {'line': b'-- Installing: /home/yadhu/ur3e/src/install/moveit_msgs/include/moveit_msgs/moveit_msgs/action/detail/execute_trajectory__struct.h\n'}
[1.522733] (ur3e_gripper_moveit) Command: {'cmd': ['/usr/bin/cmake', '--install', '/home/yadhu/ur3e/src/build/ur3e_gripper_moveit'], 'cwd': '/home/yadhu/ur3e/src/build/ur3e_gripper_moveit', 'env': OrderedDict([('HOSTNAME', 'yadhuk'), ('GIT_ASKPASS', '/vscode/vscode-server/bin/linux-x64/e54c774e0add60467559eb0d1e229c6452cf8447/extensions/git/dist/askpass.sh'), ('SHLVL', '2'), ('LD_LIBRARY_PATH', '/usr/lib/x86_64-linux-gnu/gazebo-11/plugins:/opt/ros/humble/opt/rviz_ogre_vendor/lib:/opt/ros/humble/lib/x86_64-linux-gnu:/opt/ros/humble/lib'), ('BROWSER', '/vscode/vscode-server/bin/linux-x64/e54c774e0add60467559eb0d1e229c6452cf8447/bin/helpers/browser.sh'), ('HOME', '/home/yadhu'), ('OLDPWD', '/home/yadhu/ur3e'), ('TERM_PROGRAM_VERSION', '1.97.2'), ('VSCODE_IPC_HOOK_CLI', '/tmp/vscode-ipc-191d809e-ad6a-48a3-8c83-2991c7349be6.sock'), ('DEBUGPY_ADAPTER_ENDPOINTS', '/home/yadhu/.vscode-server/extensions/ms-python.debugpy-2025.0.1-linux-x64/.noConfigDebugAdapterEndpoints/endpoint-00e5a96652343ffc.txt'), ('ROS_PYTHON_VERSION', '3'), ('VSCODE_GIT_ASKPASS_MAIN', '/vscode/vscode-server/bin/linux-x64/e54c774e0add60467559eb0d1e229c6452cf8447/extensions/git/dist/askpass-main.js'), ('VSCODE_GIT_ASKPASS_NODE', '/vscode/vscode-server/bin/linux-x64/e54c774e0add60467559eb0d1e229c6452cf8447/node'), ('PYDEVD_DISABLE_FILE_VALIDATION', '1'), ('BUNDLED_DEBUGPY_PATH', '/home/yadhu/.vscode-server/extensions/ms-python.debugpy-2025.0.1-linux-x64/bundled/libs/debugpy'), ('COLORTERM', 'truecolor'), ('REMOTE_CONTAINERS', 'true'), ('ROS_DISTRO', 'humble'), ('REMOTE_CONTAINERS_IPC', '/tmp/vscode-remote-containers-ipc-3b15b7cf-88ad-4a56-828c-69c61a495d31.sock'), ('_', '/usr/bin/colcon'), ('ROS_VERSION', '2'), ('TERM', 'xterm-256color'), ('ROS_LOCALHOST_ONLY', '0'), ('PATH', '/vscode/vscode-server/bin/linux-x64/e54c774e0add60467559eb0d1e229c6452cf8447/bin/remote-cli:/opt/ros/humble/bin:/usr/local/sbin:/usr/local/bin:/usr/sbin:/usr/bin:/sbin:/bin:/home/yadhu/.vscode-server/extensions/ms-python.debugpy-2025.0.1-linux-x64/bundled/scripts/noConfigScripts'), ('REMOTE_CONTAINERS_SOCKETS', '["/tmp/vscode-ssh-auth-3b15b7cf-88ad-4a56-828c-69c61a495d31.sock","/home/yadhu/.gnupg/S.gpg-agent"]'), ('DISPLAY', ':1'), ('LANG', 'C.UTF-8'), ('RMW_IMPLEMENTATION', 'rmw_cyclonedds_cpp'), ('LS_COLORS', 'rs=0:di=01;34:ln=01;36:mh=00:pi=40;33:so=01;35:do=01;35:bd=40;33;01:cd=40;33;01:or=40;31;01:mi=00:su=37;41:sg=30;43:ca=30;41:tw=30;42:ow=34;42:st=37;44:ex=01;32:*.tar=01;31:*.tgz=01;31:*.arc=01;31:*.arj=01;31:*.taz=01;31:*.lha=01;31:*.lz4=01;31:*.lzh=01;31:*.lzma=01;31:*.tlz=01;31:*.txz=01;31:*.tzo=01;31:*.t7z=01;31:*.zip=01;31:*.z=01;31:*.dz=01;31:*.gz=01;31:*.lrz=01;31:*.lz=01;31:*.lzo=01;31:*.xz=01;31:*.zst=01;31:*.tzst=01;31:*.bz2=01;31:*.bz=01;31:*.tbz=01;31:*.tbz2=01;31:*.tz=01;31:*.deb=01;31:*.rpm=01;31:*.jar=01;31:*.war=01;31:*.ear=01;31:*.sar=01;31:*.rar=01;31:*.alz=01;31:*.ace=01;31:*.zoo=01;31:*.cpio=01;31:*.7z=01;31:*.rz=01;31:*.cab=01;31:*.wim=01;31:*.swm=01;31:*.dwm=01;31:*.esd=01;31:*.jpg=01;35:*.jpeg=01;35:*.mjpg=01;35:*.mjpeg=01;35:*.gif=01;35:*.bmp=01;35:*.pbm=01;35:*.pgm=01;35:*.ppm=01;35:*.tga=01;35:*.xbm=01;35:*.xpm=01;35:*.tif=01;35:*.tiff=01;35:*.png=01;35:*.svg=01;35:*.svgz=01;35:*.mng=01;35:*.pcx=01;35:*.mov=01;35:*.mpg=01;35:*.mpeg=01;35:*.m2v=01;35:*.mkv=01;35:*.webm=01;35:*.webp=01;35:*.ogm=01;35:*.mp4=01;35:*.m4v=01;35:*.mp4v=01;35:*.vob=01;35:*.qt=01;35:*.nuv=01;35:*.wmv=01;35:*.asf=01;35:*.rm=01;35:*.rmvb=01;35:*.flc=01;35:*.avi=01;35:*.fli=01;35:*.flv=01;35:*.gl=01;35:*.dl=01;35:*.xcf=01;35:*.xwd=01;35:*.yuv=01;35:*.cgm=01;35:*.emf=01;35:*.ogv=01;35:*.ogx=01;35:*.aac=00;36:*.au=00;36:*.flac=00;36:*.m4a=00;36:*.mid=00;36:*.midi=00;36:*.mka=00;36:*.mp3=00;36:*.mpc=00;36:*.ogg=00;36:*.ra=00;36:*.wav=00;36:*.oga=00;36:*.opus=00;36:*.spx=00;36:*.xspf=00;36:'), ('VSCODE_GIT_IPC_HANDLE', '/tmp/vscode-git-09c052f1c4.sock'), ('TERM_PROGRAM', 'vscode'), ('SSH_AUTH_SOCK', '/tmp/vscode-ssh-auth-3b15b7cf-88ad-4a56-828c-69c61a495d31.sock'), ('ROS_DOMAIN_ID', '42'), ('AMENT_PREFIX_PATH', '/home/yadhu/ur3e/src/install/ur_description:/home/yadhu/ur3e/src/install/robotiq_description:/opt/ros/humble'), ('SHELL', '/bin/bash'), ('ROS_AUTOMATIC_DISCOVERY_RANGE', 'LOCALHOST'), ('VSCODE_GIT_ASKPASS_EXTRA_ARGS', ''), ('PWD', '/home/yadhu/ur3e/src/build/ur3e_gripper_moveit'), ('LC_ALL', 'C.UTF-8'), ('PYTHONPATH', '/opt/ros/humble/lib/python3.10/site-packages:/opt/ros/humble/local/lib/python3.10/dist-packages'), ('COLCON', '1'), ('CMAKE_PREFIX_PATH', '/home/yadhu/ur3e/src/install/ur_description:/home/yadhu/ur3e/src/install/robotiq_description:/opt/ros/humble')]), 'shell': False}
[1.523327] (moveit_msgs) StdoutLine: {'line': b'-- Installing: /home/yadhu/ur3e/src/install/moveit_msgs/include/moveit_msgs/moveit_msgs/action/detail/hybrid_planner__struct.h\n'}
[1.523415] (moveit_msgs) StdoutLine: {'line': b'-- Installing: /home/yadhu/ur3e/src/install/moveit_msgs/include/moveit_msgs/moveit_msgs/action/detail/pickup__functions.h\n'}
[1.523468] (moveit_msgs) StdoutLine: {'line': b'-- Installing: /home/yadhu/ur3e/src/install/moveit_msgs/include/moveit_msgs/moveit_msgs/action/detail/hybrid_planner__functions.c\n'}
[1.523519] (moveit_msgs) StdoutLine: {'line': b'-- Installing: /home/yadhu/ur3e/src/install/moveit_msgs/include/moveit_msgs/moveit_msgs/action/global_planner.h\n'}
[1.523591] (moveit_msgs) StdoutLine: {'line': b'-- Installing: /home/yadhu/ur3e/src/install/moveit_msgs/include/moveit_msgs/moveit_msgs/action/local_planner.h\n'}
[1.523642] (moveit_msgs) StdoutLine: {'line': b'-- Installing: /home/yadhu/ur3e/src/install/moveit_msgs/include/moveit_msgs/moveit_msgs/action/pickup.h\n'}
[1.523699] (moveit_msgs) StdoutLine: {'line': b'-- Installing: /home/yadhu/ur3e/src/install/moveit_msgs/include/moveit_msgs/moveit_msgs/msg\n'}
[1.523819] (moveit_msgs) StdoutLine: {'line': b'-- Installing: /home/yadhu/ur3e/src/install/moveit_msgs/include/moveit_msgs/moveit_msgs/msg/planning_scene.h\n'}
[1.523895] (moveit_msgs) StdoutLine: {'line': b'-- Installing: /home/yadhu/ur3e/src/install/moveit_msgs/include/moveit_msgs/moveit_msgs/msg/move_it_error_codes.h\n'}
[1.523960] (moveit_msgs) StdoutLine: {'line': b'-- Installing: /home/yadhu/ur3e/src/install/moveit_msgs/include/moveit_msgs/moveit_msgs/msg/display_robot_state.h\n'}
[1.524029] (moveit_msgs) StdoutLine: {'line': b'-- Installing: /home/yadhu/ur3e/src/install/moveit_msgs/include/moveit_msgs/moveit_msgs/msg/link_scale.h\n'}
[1.524075] (moveit_msgs) StdoutLine: {'line': b'-- Installing: /home/yadhu/ur3e/src/install/moveit_msgs/include/moveit_msgs/moveit_msgs/msg/generic_trajectory.h\n'}
[1.524136] (moveit_msgs) StdoutLine: {'line': b'-- Installing: /home/yadhu/ur3e/src/install/moveit_msgs/include/moveit_msgs/moveit_msgs/msg/cartesian_trajectory_point.h\n'}
[1.524199] (moveit_msgs) StdoutLine: {'line': b'-- Installing: /home/yadhu/ur3e/src/install/moveit_msgs/include/moveit_msgs/moveit_msgs/msg/allowed_collision_matrix.h\n'}
[1.524250] (moveit_msgs) StdoutLine: {'line': b'-- Installing: /home/yadhu/ur3e/src/install/moveit_msgs/include/moveit_msgs/moveit_msgs/msg/contact_information.h\n'}
[1.524321] (moveit_msgs) StdoutLine: {'line': b'-- Installing: /home/yadhu/ur3e/src/install/moveit_msgs/include/moveit_msgs/moveit_msgs/msg/workspace_parameters.h\n'}
[1.524372] (moveit_msgs) StdoutLine: {'line': b'-- Installing: /home/yadhu/ur3e/src/install/moveit_msgs/include/moveit_msgs/moveit_msgs/msg/robot_trajectory.h\n'}
[1.524461] (moveit_msgs) StdoutLine: {'line': b'-- Installing: /home/yadhu/ur3e/src/install/moveit_msgs/include/moveit_msgs/moveit_msgs/msg/grasp.h\n'}
[1.524512] (moveit_msgs) StdoutLine: {'line': b'-- Installing: /home/yadhu/ur3e/src/install/moveit_msgs/include/moveit_msgs/moveit_msgs/msg/cartesian_trajectory.h\n'}
[1.524556] (moveit_msgs) StdoutLine: {'line': b'-- Installing: /home/yadhu/ur3e/src/install/moveit_msgs/include/moveit_msgs/moveit_msgs/msg/visibility_constraint.h\n'}
[1.524641] (moveit_msgs) StdoutLine: {'line': b'-- Installing: /home/yadhu/ur3e/src/install/moveit_msgs/include/moveit_msgs/moveit_msgs/msg/robot_state.h\n'}
[1.524704] (moveit_msgs) StdoutLine: {'line': b'-- Installing: /home/yadhu/ur3e/src/install/moveit_msgs/include/moveit_msgs/moveit_msgs/msg/position_ik_request.h\n'}
[1.524752] (moveit_msgs) StdoutLine: {'line': b'-- Installing: /home/yadhu/ur3e/src/install/moveit_msgs/include/moveit_msgs/moveit_msgs/msg/trajectory_constraints.h\n'}
[1.524832] (moveit_msgs) StdoutLine: {'line': b'-- Installing: /home/yadhu/ur3e/src/install/moveit_msgs/include/moveit_msgs/moveit_msgs/msg/gripper_translation.h\n'}
[1.524970] (moveit_msgs) StdoutLine: {'line': b'-- Installing: /home/yadhu/ur3e/src/install/moveit_msgs/include/moveit_msgs/moveit_msgs/msg/joint_constraint.h\n'}
[1.525073] (moveit_msgs) StdoutLine: {'line': b'-- Installing: /home/yadhu/ur3e/src/install/moveit_msgs/include/moveit_msgs/moveit_msgs/msg/rosidl_generator_c__visibility_control.h\n'}
[1.525174] (moveit_msgs) StdoutLine: {'line': b'-- Installing: /home/yadhu/ur3e/src/install/moveit_msgs/include/moveit_msgs/moveit_msgs/msg/motion_sequence_request.h\n'}
[1.525251] (moveit_msgs) StdoutLine: {'line': b'-- Installing: /home/yadhu/ur3e/src/install/moveit_msgs/include/moveit_msgs/moveit_msgs/msg/object_color.h\n'}
[1.525322] (moveit_msgs) StdoutLine: {'line': b'-- Installing: /home/yadhu/ur3e/src/install/moveit_msgs/include/moveit_msgs/moveit_msgs/msg/link_padding.h\n'}
[1.525392] (moveit_msgs) StdoutLine: {'line': b'-- Installing: /home/yadhu/ur3e/src/install/moveit_msgs/include/moveit_msgs/moveit_msgs/msg/motion_plan_request.h\n'}
[1.525461] (moveit_msgs) StdoutLine: {'line': b'-- Installing: /home/yadhu/ur3e/src/install/moveit_msgs/include/moveit_msgs/moveit_msgs/msg/position_constraint.h\n'}
[1.525529] (moveit_msgs) StdoutLine: {'line': b'-- Installing: /home/yadhu/ur3e/src/install/moveit_msgs/include/moveit_msgs/moveit_msgs/msg/detail\n'}
[1.525597] (moveit_msgs) StdoutLine: {'line': b'-- Installing: /home/yadhu/ur3e/src/install/moveit_msgs/include/moveit_msgs/moveit_msgs/msg/detail/move_it_error_codes__struct.h\n'}
[1.525700] (moveit_msgs) StdoutLine: {'line': b'-- Installing: /home/yadhu/ur3e/src/install/moveit_msgs/include/moveit_msgs/moveit_msgs/msg/detail/orientation_constraint__struct.h\n'}
[1.525776] (moveit_msgs) StdoutLine: {'line': b'-- Installing: /home/yadhu/ur3e/src/install/moveit_msgs/include/moveit_msgs/moveit_msgs/msg/detail/position_constraint__struct.h\n'}
[1.525886] (moveit_msgs) StdoutLine: {'line': b'-- Installing: /home/yadhu/ur3e/src/install/moveit_msgs/include/moveit_msgs/moveit_msgs/msg/detail/robot_state__functions.h\n'}
[1.525933] (moveit_msgs) StdoutLine: {'line': b'-- Installing: /home/yadhu/ur3e/src/install/moveit_msgs/include/moveit_msgs/moveit_msgs/msg/detail/planner_interface_description__functions.c\n'}
[1.525968] (moveit_msgs) StdoutLine: {'line': b'-- Installing: /home/yadhu/ur3e/src/install/moveit_msgs/include/moveit_msgs/moveit_msgs/msg/detail/display_robot_state__struct.h\n'}
[1.526000] (moveit_msgs) StdoutLine: {'line': b'-- Installing: /home/yadhu/ur3e/src/install/moveit_msgs/include/moveit_msgs/moveit_msgs/msg/detail/robot_trajectory__functions.h\n'}
[1.526056] (moveit_msgs) StdoutLine: {'line': b'-- Installing: /home/yadhu/ur3e/src/install/moveit_msgs/include/moveit_msgs/moveit_msgs/msg/detail/planning_scene__functions.h\n'}
[1.526091] (moveit_msgs) StdoutLine: {'line': b'-- Installing: /home/yadhu/ur3e/src/install/moveit_msgs/include/moveit_msgs/moveit_msgs/msg/detail/bounding_volume__functions.h\n'}
[1.526121] (moveit_msgs) StdoutLine: {'line': b'-- Installing: /home/yadhu/ur3e/src/install/moveit_msgs/include/moveit_msgs/moveit_msgs/msg/detail/visibility_constraint__functions.h\n'}
[1.526150] (moveit_msgs) StdoutLine: {'line': b'-- Installing: /home/yadhu/ur3e/src/install/moveit_msgs/include/moveit_msgs/moveit_msgs/msg/detail/planner_params__functions.h\n'}
[1.526178] (moveit_msgs) StdoutLine: {'line': b'-- Installing: /home/yadhu/ur3e/src/install/moveit_msgs/include/moveit_msgs/moveit_msgs/msg/detail/motion_plan_detailed_response__struct.h\n'}
[1.526225] (moveit_msgs) StdoutLine: {'line': b'-- Installing: /home/yadhu/ur3e/src/install/moveit_msgs/include/moveit_msgs/moveit_msgs/msg/detail/motion_plan_detailed_response__type_support.h\n'}
[1.526254] (moveit_msgs) StdoutLine: {'line': b'-- Installing: /home/yadhu/ur3e/src/install/moveit_msgs/include/moveit_msgs/moveit_msgs/msg/detail/motion_sequence_item__struct.h\n'}
[1.526283] (moveit_msgs) StdoutLine: {'line': b'-- Installing: /home/yadhu/ur3e/src/install/moveit_msgs/include/moveit_msgs/moveit_msgs/msg/detail/robot_state__type_support.h\n'}
[1.526311] (moveit_msgs) StdoutLine: {'line': b'-- Installing: /home/yadhu/ur3e/src/install/moveit_msgs/include/moveit_msgs/moveit_msgs/msg/detail/motion_plan_request__type_support.h\n'}
[1.526339] (moveit_msgs) StdoutLine: {'line': b'-- Installing: /home/yadhu/ur3e/src/install/moveit_msgs/include/moveit_msgs/moveit_msgs/msg/detail/link_padding__functions.c\n'}
[1.526367] (moveit_msgs) StdoutLine: {'line': b'-- Installing: /home/yadhu/ur3e/src/install/moveit_msgs/include/moveit_msgs/moveit_msgs/msg/detail/planning_options__type_support.h\n'}
[1.526395] (moveit_msgs) StdoutLine: {'line': b'-- Installing: /home/yadhu/ur3e/src/install/moveit_msgs/include/moveit_msgs/moveit_msgs/msg/detail/gripper_translation__struct.h\n'}
[1.526423] (moveit_msgs) StdoutLine: {'line': b'-- Installing: /home/yadhu/ur3e/src/install/moveit_msgs/include/moveit_msgs/moveit_msgs/msg/detail/allowed_collision_matrix__functions.c\n'}
[1.526467] (moveit_msgs) StdoutLine: {'line': b'-- Installing: /home/yadhu/ur3e/src/install/moveit_msgs/include/moveit_msgs/moveit_msgs/msg/detail/motion_sequence_request__functions.c\n'}
[1.526518] (moveit_msgs) StdoutLine: {'line': b'-- Installing: /home/yadhu/ur3e/src/install/moveit_msgs/include/moveit_msgs/moveit_msgs/msg/detail/display_trajectory__struct.h\n'}
[1.526547] (moveit_msgs) StdoutLine: {'line': b'-- Installing: /home/yadhu/ur3e/src/install/moveit_msgs/include/moveit_msgs/moveit_msgs/msg/detail/place_location__functions.h\n'}
[1.526584] (moveit_msgs) StdoutLine: {'line': b'-- Installing: /home/yadhu/ur3e/src/install/moveit_msgs/include/moveit_msgs/moveit_msgs/msg/detail/planner_params__type_support.h\n'}
[1.526612] (moveit_msgs) StdoutLine: {'line': b'-- Installing: /home/yadhu/ur3e/src/install/moveit_msgs/include/moveit_msgs/moveit_msgs/msg/detail/joint_constraint__functions.c\n'}
[1.526641] (moveit_msgs) StdoutLine: {'line': b'-- Installing: /home/yadhu/ur3e/src/install/moveit_msgs/include/moveit_msgs/moveit_msgs/msg/detail/cartesian_point__functions.h\n'}
[1.526686] (moveit_msgs) StdoutLine: {'line': b'-- Installing: /home/yadhu/ur3e/src/install/moveit_msgs/include/moveit_msgs/moveit_msgs/msg/detail/motion_sequence_response__type_support.h\n'}
[1.526715] (moveit_msgs) StdoutLine: {'line': b'-- Installing: /home/yadhu/ur3e/src/install/moveit_msgs/include/moveit_msgs/moveit_msgs/msg/detail/display_robot_state__functions.c\n'}
[1.526788] (moveit_msgs) StdoutLine: {'line': b'-- Installing: /home/yadhu/ur3e/src/install/moveit_msgs/include/moveit_msgs/moveit_msgs/msg/detail/collision_object__functions.h\n'}
[1.526836] (moveit_msgs) StdoutLine: {'line': b'-- Installing: /home/yadhu/ur3e/src/install/moveit_msgs/include/moveit_msgs/moveit_msgs/msg/detail/robot_state__functions.c\n'}
[1.527006] (moveit_msgs) StdoutLine: {'line': b'-- Installing: /home/yadhu/ur3e/src/install/moveit_msgs/include/moveit_msgs/moveit_msgs/msg/detail/cartesian_trajectory__struct.h\n'}
[1.527061] (moveit_msgs) StdoutLine: {'line': b'-- Installing: /home/yadhu/ur3e/src/install/moveit_msgs/include/moveit_msgs/moveit_msgs/msg/detail/bounding_volume__struct.h\n'}
[1.527153] (moveit_msgs) StdoutLine: {'line': b'-- Installing: /home/yadhu/ur3e/src/install/moveit_msgs/include/moveit_msgs/moveit_msgs/msg/detail/link_scale__functions.h\n'}
[1.527283] (moveit_msgs) StdoutLine: {'line': b'-- Installing: /home/yadhu/ur3e/src/install/moveit_msgs/include/moveit_msgs/moveit_msgs/msg/detail/cartesian_trajectory__functions.c\n'}
[1.527415] (ur3e_gripper_moveit) StdoutLine: {'line': b'-- Install configuration: ""\n'}
[1.527540] (moveit_msgs) StdoutLine: {'line': b'-- Installing: /home/yadhu/ur3e/src/install/moveit_msgs/include/moveit_msgs/moveit_msgs/msg/detail/cost_source__type_support.h\n'}
[1.527589] (ur3e_gripper_moveit) StdoutLine: {'line': b'-- Installing: /home/yadhu/ur3e/src/install/ur3e_gripper_moveit/share/ament_index/resource_index/package_run_dependencies/ur3e_gripper_moveit\n'}
[1.527624] (ur3e_gripper_moveit) StdoutLine: {'line': b'-- Installing: /home/yadhu/ur3e/src/install/ur3e_gripper_moveit/share/ament_index/resource_index/parent_prefix_path/ur3e_gripper_moveit\n'}
[1.527748] (ur3e_gripper_moveit) StdoutLine: {'line': b'-- Installing: /home/yadhu/ur3e/src/install/ur3e_gripper_moveit/share/ur3e_gripper_moveit/environment/ament_prefix_path.sh\n'}
[1.527899] (ur3e_gripper_moveit) StdoutLine: {'line': b'-- Installing: /home/yadhu/ur3e/src/install/ur3e_gripper_moveit/share/ur3e_gripper_moveit/environment/ament_prefix_path.dsv\n'}
[1.527957] (ur3e_gripper_moveit) StdoutLine: {'line': b'-- Installing: /home/yadhu/ur3e/src/install/ur3e_gripper_moveit/share/ur3e_gripper_moveit/environment/path.sh\n'}
[1.527997] (moveit_msgs) StdoutLine: {'line': b'-- Installing: /home/yadhu/ur3e/src/install/moveit_msgs/include/moveit_msgs/moveit_msgs/msg/detail/cartesian_trajectory_point__functions.c\n'}
[1.528030] (ur3e_gripper_moveit) StdoutLine: {'line': b'-- Installing: /home/yadhu/ur3e/src/install/ur3e_gripper_moveit/share/ur3e_gripper_moveit/environment/path.dsv\n'}
[1.528061] (moveit_msgs) StdoutLine: {'line': b'-- Installing: /home/yadhu/ur3e/src/install/moveit_msgs/include/moveit_msgs/moveit_msgs/msg/detail/contact_information__functions.c\n'}
[1.528103] (ur3e_gripper_moveit) StdoutLine: {'line': b'-- Installing: /home/yadhu/ur3e/src/install/ur3e_gripper_moveit/share/ur3e_gripper_moveit/local_setup.bash\n'}
[1.528173] (moveit_msgs) StdoutLine: {'line': b'-- Installing: /home/yadhu/ur3e/src/install/moveit_msgs/include/moveit_msgs/moveit_msgs/msg/detail/link_padding__type_support.h\n'}
[1.528205] (ur3e_gripper_moveit) StdoutLine: {'line': b'-- Installing: /home/yadhu/ur3e/src/install/ur3e_gripper_moveit/share/ur3e_gripper_moveit/local_setup.sh\n'}
[1.528279] (moveit_msgs) StdoutLine: {'line': b'-- Installing: /home/yadhu/ur3e/src/install/moveit_msgs/include/moveit_msgs/moveit_msgs/msg/detail/collision_object__functions.c\n'}
[1.528311] (moveit_msgs) StdoutLine: {'line': b'-- Installing: /home/yadhu/ur3e/src/install/moveit_msgs/include/moveit_msgs/moveit_msgs/msg/detail/motion_plan_request__struct.h\n'}
[1.528356] (moveit_msgs) StdoutLine: {'line': b'-- Installing: /home/yadhu/ur3e/src/install/moveit_msgs/include/moveit_msgs/moveit_msgs/msg/detail/place_location__struct.h\n'}
[1.528396] (moveit_msgs) StdoutLine: {'line': b'-- Installing: /home/yadhu/ur3e/src/install/moveit_msgs/include/moveit_msgs/moveit_msgs/msg/detail/allowed_collision_entry__functions.c\n'}
[1.528496] (ur3e_gripper_moveit) StdoutLine: {'line': b'-- Installing: /home/yadhu/ur3e/src/install/ur3e_gripper_moveit/share/ur3e_gripper_moveit/local_setup.zsh\n'}
[1.528528] (ur3e_gripper_moveit) StdoutLine: {'line': b'-- Installing: /home/yadhu/ur3e/src/install/ur3e_gripper_moveit/share/ur3e_gripper_moveit/local_setup.dsv\n'}
[1.528555] (ur3e_gripper_moveit) StdoutLine: {'line': b'-- Installing: /home/yadhu/ur3e/src/install/ur3e_gripper_moveit/share/ur3e_gripper_moveit/package.dsv\n'}
[1.528582] (ur3e_gripper_moveit) StdoutLine: {'line': b'-- Installing: /home/yadhu/ur3e/src/install/ur3e_gripper_moveit/share/ament_index/resource_index/packages/ur3e_gripper_moveit\n'}
[1.528609] (ur3e_gripper_moveit) StdoutLine: {'line': b'-- Installing: /home/yadhu/ur3e/src/install/ur3e_gripper_moveit/share/ur3e_gripper_moveit/cmake/ur3e_gripper_moveitConfig.cmake\n'}
[1.528635] (ur3e_gripper_moveit) StdoutLine: {'line': b'-- Installing: /home/yadhu/ur3e/src/install/ur3e_gripper_moveit/share/ur3e_gripper_moveit/cmake/ur3e_gripper_moveitConfig-version.cmake\n'}
[1.528661] (ur3e_gripper_moveit) StdoutLine: {'line': b'-- Installing: /home/yadhu/ur3e/src/install/ur3e_gripper_moveit/share/ur3e_gripper_moveit/package.xml\n'}
[1.528687] (ur3e_gripper_moveit) StdoutLine: {'line': b'-- Installing: /home/yadhu/ur3e/src/install/ur3e_gripper_moveit/share/ur3e_gripper_moveit/launch\n'}
[1.528712] (ur3e_gripper_moveit) StdoutLine: {'line': b'-- Installing: /home/yadhu/ur3e/src/install/ur3e_gripper_moveit/share/ur3e_gripper_moveit/launch/rsp.launch.py\n'}
[1.528738] (ur3e_gripper_moveit) StdoutLine: {'line': b'-- Installing: /home/yadhu/ur3e/src/install/ur3e_gripper_moveit/share/ur3e_gripper_moveit/launch/warehouse_db.launch.py\n'}
[1.528763] (ur3e_gripper_moveit) StdoutLine: {'line': b'-- Installing: /home/yadhu/ur3e/src/install/ur3e_gripper_moveit/share/ur3e_gripper_moveit/launch/demo.launch.py\n'}
[1.528798] (ur3e_gripper_moveit) StdoutLine: {'line': b'-- Installing: /home/yadhu/ur3e/src/install/ur3e_gripper_moveit/share/ur3e_gripper_moveit/launch/move_group.launch.py\n'}
[1.528825] (moveit_msgs) StdoutLine: {'line': b'-- Installing: /home/yadhu/ur3e/src/install/moveit_msgs/include/moveit_msgs/moveit_msgs/msg/detail/display_robot_state__functions.h\n'}
[1.528890] (ur3e_gripper_moveit) StdoutLine: {'line': b'-- Installing: /home/yadhu/ur3e/src/install/ur3e_gripper_moveit/share/ur3e_gripper_moveit/launch/moveit_rviz.launch.py\n'}
[1.528919] (ur3e_gripper_moveit) StdoutLine: {'line': b'-- Installing: /home/yadhu/ur3e/src/install/ur3e_gripper_moveit/share/ur3e_gripper_moveit/launch/setup_assistant.launch.py\n'}
[1.528945] (ur3e_gripper_moveit) StdoutLine: {'line': b'-- Installing: /home/yadhu/ur3e/src/install/ur3e_gripper_moveit/share/ur3e_gripper_moveit/launch/static_virtual_joint_tfs.launch.py\n'}
[1.528971] (ur3e_gripper_moveit) StdoutLine: {'line': b'-- Installing: /home/yadhu/ur3e/src/install/ur3e_gripper_moveit/share/ur3e_gripper_moveit/launch/spawn_controllers.launch.py\n'}
[1.528997] (ur3e_gripper_moveit) StdoutLine: {'line': b'-- Installing: /home/yadhu/ur3e/src/install/ur3e_gripper_moveit/share/ur3e_gripper_moveit/config\n'}
[1.529056] (ur3e_gripper_moveit) StdoutLine: {'line': b'-- Installing: /home/yadhu/ur3e/src/install/ur3e_gripper_moveit/share/ur3e_gripper_moveit/config/ur_gripper.ros2_control.xacro\n'}
[1.529084] (ur3e_gripper_moveit) StdoutLine: {'line': b'-- Installing: /home/yadhu/ur3e/src/install/ur3e_gripper_moveit/share/ur3e_gripper_moveit/config/ur_gripper.srdf\n'}
[1.529110] (moveit_msgs) StdoutLine: {'line': b'-- Installing: /home/yadhu/ur3e/src/install/moveit_msgs/include/moveit_msgs/moveit_msgs/msg/detail/attached_collision_object__functions.h\n'}
[1.529139] (moveit_msgs) StdoutLine: {'line': b'-- Installing: /home/yadhu/ur3e/src/install/moveit_msgs/include/moveit_msgs/moveit_msgs/msg/detail/kinematic_solver_info__struct.h\n'}
[1.529165] (moveit_msgs) StdoutLine: {'line': b'-- Installing: /home/yadhu/ur3e/src/install/moveit_msgs/include/moveit_msgs/moveit_msgs/msg/detail/motion_sequence_response__struct.h\n'}
[1.529191] (ur3e_gripper_moveit) StdoutLine: {'line': b'-- Installing: /home/yadhu/ur3e/src/install/ur3e_gripper_moveit/share/ur3e_gripper_moveit/config/moveit_controllers.yaml\n'}
[1.529293] (moveit_msgs) StdoutLine: {'line': b'-- Installing: /home/yadhu/ur3e/src/install/moveit_msgs/include/moveit_msgs/moveit_msgs/msg/detail/link_scale__type_support.h\n'}
[1.529320] (moveit_msgs) StdoutLine: {'line': b'-- Installing: /home/yadhu/ur3e/src/install/moveit_msgs/include/moveit_msgs/moveit_msgs/msg/detail/position_constraint__functions.h\n'}
[1.529346] (moveit_msgs) StdoutLine: {'line': b'-- Installing: /home/yadhu/ur3e/src/install/moveit_msgs/include/moveit_msgs/moveit_msgs/msg/detail/motion_plan_response__struct.h\n'}
[1.529372] (moveit_msgs) StdoutLine: {'line': b'-- Installing: /home/yadhu/ur3e/src/install/moveit_msgs/include/moveit_msgs/moveit_msgs/msg/detail/workspace_parameters__functions.h\n'}
[1.529505] (moveit_msgs) StdoutLine: {'line': b'-- Installing: /home/yadhu/ur3e/src/install/moveit_msgs/include/moveit_msgs/moveit_msgs/msg/detail/link_scale__functions.c\n'}
[1.529628] (moveit_msgs) StdoutLine: {'line': b'-- Installing: /home/yadhu/ur3e/src/install/moveit_msgs/include/moveit_msgs/moveit_msgs/msg/detail/joint_constraint__type_support.h\n'}
[1.529714] (moveit_msgs) StdoutLine: {'line': b'-- Installing: /home/yadhu/ur3e/src/install/moveit_msgs/include/moveit_msgs/moveit_msgs/msg/detail/planning_scene_components__functions.h\n'}
[1.529803] (moveit_msgs) StdoutLine: {'line': b'-- Installing: /home/yadhu/ur3e/src/install/moveit_msgs/include/moveit_msgs/moveit_msgs/msg/detail/allowed_collision_matrix__functions.h\n'}
[1.529895] (moveit_msgs) StdoutLine: {'line': b'-- Installing: /home/yadhu/ur3e/src/install/moveit_msgs/include/moveit_msgs/moveit_msgs/msg/detail/workspace_parameters__functions.c\n'}
[1.529932] (ur3e_gripper_moveit) StdoutLine: {'line': b'-- Installing: /home/yadhu/ur3e/src/install/ur3e_gripper_moveit/share/ur3e_gripper_moveit/config/kinematics.yaml\n'}
[1.529991] (ur3e_gripper_moveit) StdoutLine: {'line': b'-- Installing: /home/yadhu/ur3e/src/install/ur3e_gripper_moveit/share/ur3e_gripper_moveit/config/joint_limits.yaml\n'}
[1.530031] (moveit_msgs) StdoutLine: {'line': b'-- Installing: /home/yadhu/ur3e/src/install/moveit_msgs/include/moveit_msgs/moveit_msgs/msg/detail/allowed_collision_matrix__type_support.h\n'}
[1.530069] (moveit_msgs) StdoutLine: {'line': b'-- Installing: /home/yadhu/ur3e/src/install/moveit_msgs/include/moveit_msgs/moveit_msgs/msg/detail/robot_trajectory__struct.h\n'}
[1.530104] (moveit_msgs) StdoutLine: {'line': b'-- Installing: /home/yadhu/ur3e/src/install/moveit_msgs/include/moveit_msgs/moveit_msgs/msg/detail/move_it_error_codes__functions.h\n'}
[1.530141] (ur3e_gripper_moveit) StdoutLine: {'line': b'-- Installing: /home/yadhu/ur3e/src/install/ur3e_gripper_moveit/share/ur3e_gripper_moveit/config/moveit.rviz\n'}
[1.530244] (ur3e_gripper_moveit) StdoutLine: {'line': b'-- Installing: /home/yadhu/ur3e/src/install/ur3e_gripper_moveit/share/ur3e_gripper_moveit/config/initial_positions.yaml\n'}
[1.530297] (ur3e_gripper_moveit) StdoutLine: {'line': b'-- Installing: /home/yadhu/ur3e/src/install/ur3e_gripper_moveit/share/ur3e_gripper_moveit/config/ur_gripper.urdf.xacro\n'}
[1.530409] (ur3e_gripper_moveit) StdoutLine: {'line': b'-- Installing: /home/yadhu/ur3e/src/install/ur3e_gripper_moveit/share/ur3e_gripper_moveit/config/pilz_cartesian_limits.yaml\n'}
[1.530443] (ur3e_gripper_moveit) StdoutLine: {'line': b'-- Installing: /home/yadhu/ur3e/src/install/ur3e_gripper_moveit/share/ur3e_gripper_moveit/config/ros2_controllers.yaml\n'}
[1.530474] (ur3e_gripper_moveit) StdoutLine: {'line': b'-- Installing: /home/yadhu/ur3e/src/install/ur3e_gripper_moveit/share/ur3e_gripper_moveit/.setup_assistant\n'}
[1.530505] (moveit_msgs) StdoutLine: {'line': b'-- Installing: /home/yadhu/ur3e/src/install/moveit_msgs/include/moveit_msgs/moveit_msgs/msg/detail/move_it_error_codes__functions.c\n'}
[1.530607] (moveit_msgs) StdoutLine: {'line': b'-- Installing: /home/yadhu/ur3e/src/install/moveit_msgs/include/moveit_msgs/moveit_msgs/msg/detail/planner_interface_description__functions.h\n'}
[1.530647] (moveit_msgs) StdoutLine: {'line': b'-- Installing: /home/yadhu/ur3e/src/install/moveit_msgs/include/moveit_msgs/moveit_msgs/msg/detail/motion_plan_request__functions.h\n'}
[1.530679] (moveit_msgs) StdoutLine: {'line': b'-- Installing: /home/yadhu/ur3e/src/install/moveit_msgs/include/moveit_msgs/moveit_msgs/msg/detail/planner_interface_description__type_support.h\n'}
[1.530709] (moveit_msgs) StdoutLine: {'line': b'-- Installing: /home/yadhu/ur3e/src/install/moveit_msgs/include/moveit_msgs/moveit_msgs/msg/detail/cartesian_trajectory_point__functions.h\n'}
[1.530738] (moveit_msgs) StdoutLine: {'line': b'-- Installing: /home/yadhu/ur3e/src/install/moveit_msgs/include/moveit_msgs/moveit_msgs/msg/detail/planning_scene__struct.h\n'}
[1.530783] (moveit_msgs) StdoutLine: {'line': b'-- Installing: /home/yadhu/ur3e/src/install/moveit_msgs/include/moveit_msgs/moveit_msgs/msg/detail/orientation_constraint__functions.c\n'}
[1.530828] (moveit_msgs) StdoutLine: {'line': b'-- Installing: /home/yadhu/ur3e/src/install/moveit_msgs/include/moveit_msgs/moveit_msgs/msg/detail/planner_params__functions.c\n'}
[1.530856] (moveit_msgs) StdoutLine: {'line': b'-- Installing: /home/yadhu/ur3e/src/install/moveit_msgs/include/moveit_msgs/moveit_msgs/msg/detail/planning_scene_world__functions.c\n'}
[1.530883] (moveit_msgs) StdoutLine: {'line': b'-- Installing: /home/yadhu/ur3e/src/install/moveit_msgs/include/moveit_msgs/moveit_msgs/msg/detail/motion_sequence_item__functions.c\n'}
[1.531029] (moveit_msgs) StdoutLine: {'line': b'-- Installing: /home/yadhu/ur3e/src/install/moveit_msgs/include/moveit_msgs/moveit_msgs/msg/detail/collision_object__struct.h\n'}
[1.531066] (moveit_msgs) StdoutLine: {'line': b'-- Installing: /home/yadhu/ur3e/src/install/moveit_msgs/include/moveit_msgs/moveit_msgs/msg/detail/contact_information__type_support.h\n'}
[1.531203] (moveit_msgs) StdoutLine: {'line': b'-- Installing: /home/yadhu/ur3e/src/install/moveit_msgs/include/moveit_msgs/moveit_msgs/msg/detail/constraints__functions.c\n'}
[1.531378] (moveit_msgs) StdoutLine: {'line': b'-- Installing: /home/yadhu/ur3e/src/install/moveit_msgs/include/moveit_msgs/moveit_msgs/msg/detail/orientation_constraint__functions.h\n'}
[1.531706] (moveit_msgs) StdoutLine: {'line': b'-- Installing: /home/yadhu/ur3e/src/install/moveit_msgs/include/moveit_msgs/moveit_msgs/msg/detail/oriented_bounding_box__struct.h\n'}
[1.531790] (moveit_msgs) StdoutLine: {'line': b'-- Installing: /home/yadhu/ur3e/src/install/moveit_msgs/include/moveit_msgs/moveit_msgs/msg/detail/allowed_collision_matrix__struct.h\n'}
[1.532348] (moveit_msgs) StdoutLine: {'line': b'-- Installing: /home/yadhu/ur3e/src/install/moveit_msgs/include/moveit_msgs/moveit_msgs/msg/detail/cartesian_trajectory_point__type_support.h\n'}
[1.532402] (moveit_msgs) StdoutLine: {'line': b'-- Installing: /home/yadhu/ur3e/src/install/moveit_msgs/include/moveit_msgs/moveit_msgs/msg/detail/position_ik_request__functions.c\n'}
[1.532437] (moveit_msgs) StdoutLine: {'line': b'-- Installing: /home/yadhu/ur3e/src/install/moveit_msgs/include/moveit_msgs/moveit_msgs/msg/detail/grasp__struct.h\n'}
[1.532594] (moveit_msgs) StdoutLine: {'line': b'-- Installing: /home/yadhu/ur3e/src/install/moveit_msgs/include/moveit_msgs/moveit_msgs/msg/detail/cartesian_trajectory_point__struct.h\n'}
[1.532722] (moveit_msgs) StdoutLine: {'line': b'-- Installing: /home/yadhu/ur3e/src/install/moveit_msgs/include/moveit_msgs/moveit_msgs/msg/detail/motion_sequence_request__struct.h\n'}
[1.532761] (moveit_msgs) StdoutLine: {'line': b'-- Installing: /home/yadhu/ur3e/src/install/moveit_msgs/include/moveit_msgs/moveit_msgs/msg/detail/generic_trajectory__functions.h\n'}
[1.533038] (moveit_msgs) StdoutLine: {'line': b'-- Installing: /home/yadhu/ur3e/src/install/moveit_msgs/include/moveit_msgs/moveit_msgs/msg/detail/contact_information__functions.h\n'}
[1.533137] (moveit_msgs) StdoutLine: {'line': b'-- Installing: /home/yadhu/ur3e/src/install/moveit_msgs/include/moveit_msgs/moveit_msgs/msg/detail/generic_trajectory__struct.h\n'}
[1.533211] (moveit_msgs) StdoutLine: {'line': b'-- Installing: /home/yadhu/ur3e/src/install/moveit_msgs/include/moveit_msgs/moveit_msgs/msg/detail/planning_options__struct.h\n'}
[1.533277] (moveit_msgs) StdoutLine: {'line': b'-- Installing: /home/yadhu/ur3e/src/install/moveit_msgs/include/moveit_msgs/moveit_msgs/msg/detail/contact_information__struct.h\n'}
[1.533341] (moveit_msgs) StdoutLine: {'line': b'-- Installing: /home/yadhu/ur3e/src/install/moveit_msgs/include/moveit_msgs/moveit_msgs/msg/detail/collision_object__type_support.h\n'}
[1.533404] (moveit_msgs) StdoutLine: {'line': b'-- Installing: /home/yadhu/ur3e/src/install/moveit_msgs/include/moveit_msgs/moveit_msgs/msg/detail/joint_limits__struct.h\n'}
[1.533467] (ur3e_gripper_moveit) CommandEnded: {'returncode': 0}
[1.533722] (moveit_msgs) StdoutLine: {'line': b'-- Installing: /home/yadhu/ur3e/src/install/moveit_msgs/include/moveit_msgs/moveit_msgs/msg/detail/cost_source__struct.h\n'}
[1.533874] (moveit_msgs) StdoutLine: {'line': b'-- Installing: /home/yadhu/ur3e/src/install/moveit_msgs/include/moveit_msgs/moveit_msgs/msg/detail/motion_sequence_request__functions.h\n'}
[1.533973] (moveit_msgs) StdoutLine: {'line': b'-- Installing: /home/yadhu/ur3e/src/install/moveit_msgs/include/moveit_msgs/moveit_msgs/msg/detail/orientation_constraint__type_support.h\n'}
[1.534110] (moveit_msgs) StdoutLine: {'line': b'-- Installing: /home/yadhu/ur3e/src/install/moveit_msgs/include/moveit_msgs/moveit_msgs/msg/detail/planning_scene__type_support.h\n'}
[1.534197] (moveit_msgs) StdoutLine: {'line': b'-- Installing: /home/yadhu/ur3e/src/install/moveit_msgs/include/moveit_msgs/moveit_msgs/msg/detail/position_constraint__functions.c\n'}
[1.534266] (moveit_msgs) StdoutLine: {'line': b'-- Installing: /home/yadhu/ur3e/src/install/moveit_msgs/include/moveit_msgs/moveit_msgs/msg/detail/planning_options__functions.c\n'}
[1.534331] (moveit_msgs) StdoutLine: {'line': b'-- Installing: /home/yadhu/ur3e/src/install/moveit_msgs/include/moveit_msgs/moveit_msgs/msg/detail/display_trajectory__functions.c\n'}
[1.534393] (moveit_msgs) StdoutLine: {'line': b'-- Installing: /home/yadhu/ur3e/src/install/moveit_msgs/include/moveit_msgs/moveit_msgs/msg/detail/grasp__functions.c\n'}
[1.534461] (moveit_msgs) StdoutLine: {'line': b'-- Installing: /home/yadhu/ur3e/src/install/moveit_msgs/include/moveit_msgs/moveit_msgs/msg/detail/robot_trajectory__functions.c\n'}
[1.534524] (moveit_msgs) StdoutLine: {'line': b'-- Installing: /home/yadhu/ur3e/src/install/moveit_msgs/include/moveit_msgs/moveit_msgs/msg/detail/gripper_translation__type_support.h\n'}
[1.534585] (moveit_msgs) StdoutLine: {'line': b'-- Installing: /home/yadhu/ur3e/src/install/moveit_msgs/include/moveit_msgs/moveit_msgs/msg/detail/constraints__functions.h\n'}
[1.534644] (moveit_msgs) StdoutLine: {'line': b'-- Installing: /home/yadhu/ur3e/src/install/moveit_msgs/include/moveit_msgs/moveit_msgs/msg/detail/planning_scene_components__type_support.h\n'}
[1.534704] (moveit_msgs) StdoutLine: {'line': b'-- Installing: /home/yadhu/ur3e/src/install/moveit_msgs/include/moveit_msgs/moveit_msgs/msg/detail/cartesian_point__type_support.h\n'}
[1.534961] (moveit_msgs) StdoutLine: {'line': b'-- Installing: /home/yadhu/ur3e/src/install/moveit_msgs/include/moveit_msgs/moveit_msgs/msg/detail/motion_sequence_response__functions.c\n'}
[1.535011] (moveit_msgs) StdoutLine: {'line': b'-- Installing: /home/yadhu/ur3e/src/install/moveit_msgs/include/moveit_msgs/moveit_msgs/msg/detail/position_ik_request__functions.h\n'}
[1.535044] (moveit_msgs) StdoutLine: {'line': b'-- Installing: /home/yadhu/ur3e/src/install/moveit_msgs/include/moveit_msgs/moveit_msgs/msg/detail/motion_plan_response__type_support.h\n'}
[1.535075] (moveit_msgs) StdoutLine: {'line': b'-- Installing: /home/yadhu/ur3e/src/install/moveit_msgs/include/moveit_msgs/moveit_msgs/msg/detail/planner_params__struct.h\n'}
[1.535126] (moveit_msgs) StdoutLine: {'line': b'-- Installing: /home/yadhu/ur3e/src/install/moveit_msgs/include/moveit_msgs/moveit_msgs/msg/detail/workspace_parameters__type_support.h\n'}
[1.535165] (moveit_msgs) StdoutLine: {'line': b'-- Installing: /home/yadhu/ur3e/src/install/moveit_msgs/include/moveit_msgs/moveit_msgs/msg/detail/move_it_error_codes__type_support.h\n'}
[1.535199] (moveit_msgs) StdoutLine: {'line': b'-- Installing: /home/yadhu/ur3e/src/install/moveit_msgs/include/moveit_msgs/moveit_msgs/msg/detail/grasp__type_support.h\n'}
[1.535285] (moveit_msgs) StdoutLine: {'line': b'-- Installing: /home/yadhu/ur3e/src/install/moveit_msgs/include/moveit_msgs/moveit_msgs/msg/detail/planning_scene_world__functions.h\n'}
[1.535317] (moveit_msgs) StdoutLine: {'line': b'-- Installing: /home/yadhu/ur3e/src/install/moveit_msgs/include/moveit_msgs/moveit_msgs/msg/detail/motion_plan_detailed_response__functions.h\n'}
[1.535347] (moveit_msgs) StdoutLine: {'line': b'-- Installing: /home/yadhu/ur3e/src/install/moveit_msgs/include/moveit_msgs/moveit_msgs/msg/detail/joint_limits__functions.h\n'}
[1.535376] (moveit_msgs) StdoutLine: {'line': b'-- Installing: /home/yadhu/ur3e/src/install/moveit_msgs/include/moveit_msgs/moveit_msgs/msg/detail/planning_options__functions.h\n'}
[1.535407] (moveit_msgs) StdoutLine: {'line': b'-- Installing: /home/yadhu/ur3e/src/install/moveit_msgs/include/moveit_msgs/moveit_msgs/msg/detail/planner_interface_description__struct.h\n'}
[1.535435] (moveit_msgs) StdoutLine: {'line': b'-- Installing: /home/yadhu/ur3e/src/install/moveit_msgs/include/moveit_msgs/moveit_msgs/msg/detail/generic_trajectory__functions.c\n'}
[1.535465] (moveit_msgs) StdoutLine: {'line': b'-- Installing: /home/yadhu/ur3e/src/install/moveit_msgs/include/moveit_msgs/moveit_msgs/msg/detail/gripper_translation__functions.c\n'}
[1.535494] (moveit_msgs) StdoutLine: {'line': b'-- Installing: /home/yadhu/ur3e/src/install/moveit_msgs/include/moveit_msgs/moveit_msgs/msg/detail/trajectory_constraints__functions.c\n'}
[1.535522] (moveit_msgs) StdoutLine: {'line': b'-- Installing: /home/yadhu/ur3e/src/install/moveit_msgs/include/moveit_msgs/moveit_msgs/msg/detail/visibility_constraint__type_support.h\n'}
[1.535550] (moveit_msgs) StdoutLine: {'line': b'-- Installing: /home/yadhu/ur3e/src/install/moveit_msgs/include/moveit_msgs/moveit_msgs/msg/detail/cost_source__functions.h\n'}
[1.535579] (moveit_msgs) StdoutLine: {'line': b'-- Installing: /home/yadhu/ur3e/src/install/moveit_msgs/include/moveit_msgs/moveit_msgs/msg/detail/place_location__functions.c\n'}
[1.535608] (moveit_msgs) StdoutLine: {'line': b'-- Installing: /home/yadhu/ur3e/src/install/moveit_msgs/include/moveit_msgs/moveit_msgs/msg/detail/motion_sequence_item__type_support.h\n'}
[1.535657] (moveit_msgs) StdoutLine: {'line': b'-- Installing: /home/yadhu/ur3e/src/install/moveit_msgs/include/moveit_msgs/moveit_msgs/msg/detail/allowed_collision_entry__functions.h\n'}
[1.535688] (moveit_msgs) StdoutLine: {'line': b'-- Installing: /home/yadhu/ur3e/src/install/moveit_msgs/include/moveit_msgs/moveit_msgs/msg/detail/gripper_translation__functions.h\n'}
[1.535719] (moveit_msgs) StdoutLine: {'line': b'-- Installing: /home/yadhu/ur3e/src/install/moveit_msgs/include/moveit_msgs/moveit_msgs/msg/detail/display_trajectory__functions.h\n'}
[1.535748] (moveit_msgs) StdoutLine: {'line': b'-- Installing: /home/yadhu/ur3e/src/install/moveit_msgs/include/moveit_msgs/moveit_msgs/msg/detail/display_trajectory__type_support.h\n'}
[1.535903] (moveit_msgs) StdoutLine: {'line': b'-- Installing: /home/yadhu/ur3e/src/install/moveit_msgs/include/moveit_msgs/moveit_msgs/msg/detail/planning_scene_world__type_support.h\n'}
[1.536059] (moveit_msgs) StdoutLine: {'line': b'-- Installing: /home/yadhu/ur3e/src/install/moveit_msgs/include/moveit_msgs/moveit_msgs/msg/detail/object_color__type_support.h\n'}
[1.536123] (moveit_msgs) StdoutLine: {'line': b'-- Installing: /home/yadhu/ur3e/src/install/moveit_msgs/include/moveit_msgs/moveit_msgs/msg/detail/oriented_bounding_box__type_support.h\n'}
[1.536173] (moveit_msgs) StdoutLine: {'line': b'-- Installing: /home/yadhu/ur3e/src/install/moveit_msgs/include/moveit_msgs/moveit_msgs/msg/detail/motion_plan_response__functions.c\n'}
[1.536219] (moveit_msgs) StdoutLine: {'line': b'-- Installing: /home/yadhu/ur3e/src/install/moveit_msgs/include/moveit_msgs/moveit_msgs/msg/detail/grasp__functions.h\n'}
[1.536264] (moveit_msgs) StdoutLine: {'line': b'-- Installing: /home/yadhu/ur3e/src/install/moveit_msgs/include/moveit_msgs/moveit_msgs/msg/detail/display_robot_state__type_support.h\n'}
[1.536306] (moveit_msgs) StdoutLine: {'line': b'-- Installing: /home/yadhu/ur3e/src/install/moveit_msgs/include/moveit_msgs/moveit_msgs/msg/detail/motion_sequence_item__functions.h\n'}
[1.536348] (moveit_msgs) StdoutLine: {'line': b'-- Installing: /home/yadhu/ur3e/src/install/moveit_msgs/include/moveit_msgs/moveit_msgs/msg/detail/trajectory_constraints__struct.h\n'}
[1.536386] (moveit_msgs) StdoutLine: {'line': b'-- Installing: /home/yadhu/ur3e/src/install/moveit_msgs/include/moveit_msgs/moveit_msgs/msg/detail/kinematic_solver_info__type_support.h\n'}
[1.536430] (moveit_msgs) StdoutLine: {'line': b'-- Installing: /home/yadhu/ur3e/src/install/moveit_msgs/include/moveit_msgs/moveit_msgs/msg/detail/cartesian_point__functions.c\n'}
[1.536476] (moveit_msgs) StdoutLine: {'line': b'-- Installing: /home/yadhu/ur3e/src/install/moveit_msgs/include/moveit_msgs/moveit_msgs/msg/detail/oriented_bounding_box__functions.c\n'}
[1.536521] (moveit_msgs) StdoutLine: {'line': b'-- Installing: /home/yadhu/ur3e/src/install/moveit_msgs/include/moveit_msgs/moveit_msgs/msg/detail/joint_limits__functions.c\n'}
[1.536567] (moveit_msgs) StdoutLine: {'line': b'-- Installing: /home/yadhu/ur3e/src/install/moveit_msgs/include/moveit_msgs/moveit_msgs/msg/detail/link_padding__struct.h\n'}
[1.536611] (moveit_msgs) StdoutLine: {'line': b'-- Installing: /home/yadhu/ur3e/src/install/moveit_msgs/include/moveit_msgs/moveit_msgs/msg/detail/constraint_eval_result__functions.c\n'}
[1.536677] (moveit_msgs) StdoutLine: {'line': b'-- Installing: /home/yadhu/ur3e/src/install/moveit_msgs/include/moveit_msgs/moveit_msgs/msg/detail/joint_limits__type_support.h\n'}
[1.536765] (moveit_msgs) StdoutLine: {'line': b'-- Installing: /home/yadhu/ur3e/src/install/moveit_msgs/include/moveit_msgs/moveit_msgs/msg/detail/object_color__struct.h\n'}
[1.536929] (moveit_msgs) StdoutLine: {'line': b'-- Installing: /home/yadhu/ur3e/src/install/moveit_msgs/include/moveit_msgs/moveit_msgs/msg/detail/allowed_collision_entry__struct.h\n'}
[1.537001] (moveit_msgs) StdoutLine: {'line': b'-- Installing: /home/yadhu/ur3e/src/install/moveit_msgs/include/moveit_msgs/moveit_msgs/msg/detail/visibility_constraint__struct.h\n'}
[1.537062] (moveit_msgs) StdoutLine: {'line': b'-- Installing: /home/yadhu/ur3e/src/install/moveit_msgs/include/moveit_msgs/moveit_msgs/msg/detail/generic_trajectory__type_support.h\n'}
[1.537122] (moveit_msgs) StdoutLine: {'line': b'-- Installing: /home/yadhu/ur3e/src/install/moveit_msgs/include/moveit_msgs/moveit_msgs/msg/detail/constraints__struct.h\n'}
[1.537185] (moveit_msgs) StdoutLine: {'line': b'-- Installing: /home/yadhu/ur3e/src/install/moveit_msgs/include/moveit_msgs/moveit_msgs/msg/detail/robot_trajectory__type_support.h\n'}
[1.537244] (moveit_msgs) StdoutLine: {'line': b'-- Installing: /home/yadhu/ur3e/src/install/moveit_msgs/include/moveit_msgs/moveit_msgs/msg/detail/bounding_volume__type_support.h\n'}
[1.537388] (moveit_msgs) StdoutLine: {'line': b'-- Installing: /home/yadhu/ur3e/src/install/moveit_msgs/include/moveit_msgs/moveit_msgs/msg/detail/constraints__type_support.h\n'}
[1.537450] (moveit_msgs) StdoutLine: {'line': b'-- Installing: /home/yadhu/ur3e/src/install/moveit_msgs/include/moveit_msgs/moveit_msgs/msg/detail/robot_state__struct.h\n'}
[1.537511] (moveit_msgs) StdoutLine: {'line': b'-- Installing: /home/yadhu/ur3e/src/install/moveit_msgs/include/moveit_msgs/moveit_msgs/msg/detail/cartesian_trajectory__type_support.h\n'}
[1.537629] (moveit_msgs) StdoutLine: {'line': b'-- Installing: /home/yadhu/ur3e/src/install/moveit_msgs/include/moveit_msgs/moveit_msgs/msg/detail/motion_sequence_response__functions.h\n'}
[1.537689] (moveit_msgs) StdoutLine: {'line': b'-- Installing: /home/yadhu/ur3e/src/install/moveit_msgs/include/moveit_msgs/moveit_msgs/msg/detail/attached_collision_object__type_support.h\n'}
[1.537749] (moveit_msgs) StdoutLine: {'line': b'-- Installing: /home/yadhu/ur3e/src/install/moveit_msgs/include/moveit_msgs/moveit_msgs/msg/detail/visibility_constraint__functions.c\n'}
[1.537840] (moveit_msgs) StdoutLine: {'line': b'-- Installing: /home/yadhu/ur3e/src/install/moveit_msgs/include/moveit_msgs/moveit_msgs/msg/detail/trajectory_constraints__type_support.h\n'}
[1.537903] (moveit_msgs) StdoutLine: {'line': b'-- Installing: /home/yadhu/ur3e/src/install/moveit_msgs/include/moveit_msgs/moveit_msgs/msg/detail/link_scale__struct.h\n'}
[1.537963] (moveit_msgs) StdoutLine: {'line': b'-- Installing: /home/yadhu/ur3e/src/install/moveit_msgs/include/moveit_msgs/moveit_msgs/msg/detail/cartesian_trajectory__functions.h\n'}
[1.538021] (moveit_msgs) StdoutLine: {'line': b'-- Installing: /home/yadhu/ur3e/src/install/moveit_msgs/include/moveit_msgs/moveit_msgs/msg/detail/constraint_eval_result__type_support.h\n'}
[1.538078] (moveit_msgs) StdoutLine: {'line': b'-- Installing: /home/yadhu/ur3e/src/install/moveit_msgs/include/moveit_msgs/moveit_msgs/msg/detail/constraint_eval_result__struct.h\n'}
[1.538135] (moveit_msgs) StdoutLine: {'line': b'-- Installing: /home/yadhu/ur3e/src/install/moveit_msgs/include/moveit_msgs/moveit_msgs/msg/detail/position_ik_request__struct.h\n'}
[1.538193] (moveit_msgs) StdoutLine: {'line': b'-- Installing: /home/yadhu/ur3e/src/install/moveit_msgs/include/moveit_msgs/moveit_msgs/msg/detail/attached_collision_object__functions.c\n'}
[1.538274] (moveit_msgs) StdoutLine: {'line': b'-- Installing: /home/yadhu/ur3e/src/install/moveit_msgs/include/moveit_msgs/moveit_msgs/msg/detail/oriented_bounding_box__functions.h\n'}
[1.538315] (moveit_msgs) StdoutLine: {'line': b'-- Installing: /home/yadhu/ur3e/src/install/moveit_msgs/include/moveit_msgs/moveit_msgs/msg/detail/motion_sequence_request__type_support.h\n'}
[1.538359] (moveit_msgs) StdoutLine: {'line': b'-- Installing: /home/yadhu/ur3e/src/install/moveit_msgs/include/moveit_msgs/moveit_msgs/msg/detail/cartesian_point__struct.h\n'}
[1.538402] (moveit_msgs) StdoutLine: {'line': b'-- Installing: /home/yadhu/ur3e/src/install/moveit_msgs/include/moveit_msgs/moveit_msgs/msg/detail/cost_source__functions.c\n'}
[1.538444] (moveit_msgs) StdoutLine: {'line': b'-- Installing: /home/yadhu/ur3e/src/install/moveit_msgs/include/moveit_msgs/moveit_msgs/msg/detail/attached_collision_object__struct.h\n'}
[1.538541] (moveit_msgs) StdoutLine: {'line': b'-- Installing: /home/yadhu/ur3e/src/install/moveit_msgs/include/moveit_msgs/moveit_msgs/msg/detail/planning_scene_components__struct.h\n'}
[1.538650] (moveit_msgs) StdoutLine: {'line': b'-- Installing: /home/yadhu/ur3e/src/install/moveit_msgs/include/moveit_msgs/moveit_msgs/msg/detail/motion_plan_request__functions.c\n'}
[1.538687] (moveit_msgs) StdoutLine: {'line': b'-- Installing: /home/yadhu/ur3e/src/install/moveit_msgs/include/moveit_msgs/moveit_msgs/msg/detail/joint_constraint__functions.h\n'}
[1.538725] (moveit_msgs) StdoutLine: {'line': b'-- Installing: /home/yadhu/ur3e/src/install/moveit_msgs/include/moveit_msgs/moveit_msgs/msg/detail/kinematic_solver_info__functions.c\n'}
[1.538799] (moveit_msgs) StdoutLine: {'line': b'-- Installing: /home/yadhu/ur3e/src/install/moveit_msgs/include/moveit_msgs/moveit_msgs/msg/detail/allowed_collision_entry__type_support.h\n'}
[1.538866] (moveit_msgs) StdoutLine: {'line': b'-- Installing: /home/yadhu/ur3e/src/install/moveit_msgs/include/moveit_msgs/moveit_msgs/msg/detail/place_location__type_support.h\n'}
[1.538989] (moveit_msgs) StdoutLine: {'line': b'-- Installing: /home/yadhu/ur3e/src/install/moveit_msgs/include/moveit_msgs/moveit_msgs/msg/detail/planning_scene__functions.c\n'}
[1.539051] (moveit_msgs) StdoutLine: {'line': b'-- Installing: /home/yadhu/ur3e/src/install/moveit_msgs/include/moveit_msgs/moveit_msgs/msg/detail/object_color__functions.c\n'}
[1.539111] (moveit_msgs) StdoutLine: {'line': b'-- Installing: /home/yadhu/ur3e/src/install/moveit_msgs/include/moveit_msgs/moveit_msgs/msg/detail/workspace_parameters__struct.h\n'}
[1.539169] (moveit_msgs) StdoutLine: {'line': b'-- Installing: /home/yadhu/ur3e/src/install/moveit_msgs/include/moveit_msgs/moveit_msgs/msg/detail/motion_plan_detailed_response__functions.c\n'}
[1.539230] (moveit_msgs) StdoutLine: {'line': b'-- Installing: /home/yadhu/ur3e/src/install/moveit_msgs/include/moveit_msgs/moveit_msgs/msg/detail/planning_scene_components__functions.c\n'}
[1.539287] (moveit_msgs) StdoutLine: {'line': b'-- Installing: /home/yadhu/ur3e/src/install/moveit_msgs/include/moveit_msgs/moveit_msgs/msg/detail/trajectory_constraints__functions.h\n'}
[1.539345] (moveit_msgs) StdoutLine: {'line': b'-- Installing: /home/yadhu/ur3e/src/install/moveit_msgs/include/moveit_msgs/moveit_msgs/msg/detail/planning_scene_world__struct.h\n'}
[1.539450] (moveit_msgs) StdoutLine: {'line': b'-- Installing: /home/yadhu/ur3e/src/install/moveit_msgs/include/moveit_msgs/moveit_msgs/msg/detail/joint_constraint__struct.h\n'}
[1.539562] (moveit_msgs) StdoutLine: {'line': b'-- Installing: /home/yadhu/ur3e/src/install/moveit_msgs/include/moveit_msgs/moveit_msgs/msg/detail/position_constraint__type_support.h\n'}
[1.539611] (moveit_msgs) StdoutLine: {'line': b'-- Installing: /home/yadhu/ur3e/src/install/moveit_msgs/include/moveit_msgs/moveit_msgs/msg/detail/motion_plan_response__functions.h\n'}
[1.539647] (moveit_msgs) StdoutLine: {'line': b'-- Installing: /home/yadhu/ur3e/src/install/moveit_msgs/include/moveit_msgs/moveit_msgs/msg/detail/object_color__functions.h\n'}
[1.539691] (moveit_msgs) StdoutLine: {'line': b'-- Installing: /home/yadhu/ur3e/src/install/moveit_msgs/include/moveit_msgs/moveit_msgs/msg/detail/link_padding__functions.h\n'}
[1.539721] (moveit_msgs) StdoutLine: {'line': b'-- Installing: /home/yadhu/ur3e/src/install/moveit_msgs/include/moveit_msgs/moveit_msgs/msg/detail/kinematic_solver_info__functions.h\n'}
[1.539752] (moveit_msgs) StdoutLine: {'line': b'-- Installing: /home/yadhu/ur3e/src/install/moveit_msgs/include/moveit_msgs/moveit_msgs/msg/detail/position_ik_request__type_support.h\n'}
[1.539810] (moveit_msgs) StdoutLine: {'line': b'-- Installing: /home/yadhu/ur3e/src/install/moveit_msgs/include/moveit_msgs/moveit_msgs/msg/detail/constraint_eval_result__functions.h\n'}
[1.539845] (moveit_msgs) StdoutLine: {'line': b'-- Installing: /home/yadhu/ur3e/src/install/moveit_msgs/include/moveit_msgs/moveit_msgs/msg/detail/bounding_volume__functions.c\n'}
[1.539888] (moveit_msgs) StdoutLine: {'line': b'-- Installing: /home/yadhu/ur3e/src/install/moveit_msgs/include/moveit_msgs/moveit_msgs/msg/oriented_bounding_box.h\n'}
[1.539916] (moveit_msgs) StdoutLine: {'line': b'-- Installing: /home/yadhu/ur3e/src/install/moveit_msgs/include/moveit_msgs/moveit_msgs/msg/constraints.h\n'}
[1.539946] (moveit_msgs) StdoutLine: {'line': b'-- Installing: /home/yadhu/ur3e/src/install/moveit_msgs/include/moveit_msgs/moveit_msgs/msg/bounding_volume.h\n'}
[1.539974] (moveit_msgs) StdoutLine: {'line': b'-- Installing: /home/yadhu/ur3e/src/install/moveit_msgs/include/moveit_msgs/moveit_msgs/msg/constraint_eval_result.h\n'}
[1.540000] (moveit_msgs) StdoutLine: {'line': b'-- Installing: /home/yadhu/ur3e/src/install/moveit_msgs/include/moveit_msgs/moveit_msgs/msg/attached_collision_object.h\n'}
[1.540311] (moveit_msgs) StdoutLine: {'line': b'-- Installing: /home/yadhu/ur3e/src/install/moveit_msgs/include/moveit_msgs/moveit_msgs/msg/planner_interface_description.h\n'}
[1.540339] (moveit_msgs) StdoutLine: {'line': b'-- Installing: /home/yadhu/ur3e/src/install/moveit_msgs/include/moveit_msgs/moveit_msgs/msg/collision_object.h\n'}
[1.540368] (moveit_msgs) StdoutLine: {'line': b'-- Installing: /home/yadhu/ur3e/src/install/moveit_msgs/include/moveit_msgs/moveit_msgs/msg/motion_sequence_response.h\n'}
[1.540397] (moveit_msgs) StdoutLine: {'line': b'-- Installing: /home/yadhu/ur3e/src/install/moveit_msgs/include/moveit_msgs/moveit_msgs/msg/planning_scene_components.h\n'}
[1.540423] (moveit_msgs) StdoutLine: {'line': b'-- Installing: /home/yadhu/ur3e/src/install/moveit_msgs/include/moveit_msgs/moveit_msgs/msg/planning_options.h\n'}
[1.540452] (moveit_msgs) StdoutLine: {'line': b'-- Installing: /home/yadhu/ur3e/src/install/moveit_msgs/include/moveit_msgs/moveit_msgs/msg/joint_limits.h\n'}
[1.540569] (moveit_msgs) StdoutLine: {'line': b'-- Installing: /home/yadhu/ur3e/src/install/moveit_msgs/include/moveit_msgs/moveit_msgs/msg/orientation_constraint.h\n'}
[1.540645] (moveit_msgs) StdoutLine: {'line': b'-- Installing: /home/yadhu/ur3e/src/install/moveit_msgs/include/moveit_msgs/moveit_msgs/msg/planning_scene_world.h\n'}
[1.540675] (moveit_msgs) StdoutLine: {'line': b'-- Installing: /home/yadhu/ur3e/src/install/moveit_msgs/include/moveit_msgs/moveit_msgs/msg/motion_sequence_item.h\n'}
[1.540706] (moveit_msgs) StdoutLine: {'line': b'-- Installing: /home/yadhu/ur3e/src/install/moveit_msgs/include/moveit_msgs/moveit_msgs/msg/motion_plan_response.h\n'}
[1.540732] (moveit_msgs) StdoutLine: {'line': b'-- Installing: /home/yadhu/ur3e/src/install/moveit_msgs/include/moveit_msgs/moveit_msgs/msg/place_location.h\n'}
[1.540762] (moveit_msgs) StdoutLine: {'line': b'-- Installing: /home/yadhu/ur3e/src/install/moveit_msgs/include/moveit_msgs/moveit_msgs/msg/planner_params.h\n'}
[1.540823] (moveit_msgs) StdoutLine: {'line': b'-- Installing: /home/yadhu/ur3e/src/install/moveit_msgs/include/moveit_msgs/moveit_msgs/msg/display_trajectory.h\n'}
[1.540854] (moveit_msgs) StdoutLine: {'line': b'-- Installing: /home/yadhu/ur3e/src/install/moveit_msgs/include/moveit_msgs/moveit_msgs/msg/kinematic_solver_info.h\n'}
[1.540881] (moveit_msgs) StdoutLine: {'line': b'-- Installing: /home/yadhu/ur3e/src/install/moveit_msgs/include/moveit_msgs/moveit_msgs/msg/cost_source.h\n'}
[1.540910] (moveit_msgs) StdoutLine: {'line': b'-- Installing: /home/yadhu/ur3e/src/install/moveit_msgs/include/moveit_msgs/moveit_msgs/msg/allowed_collision_entry.h\n'}
[1.540936] (moveit_msgs) StdoutLine: {'line': b'-- Installing: /home/yadhu/ur3e/src/install/moveit_msgs/include/moveit_msgs/moveit_msgs/msg/cartesian_point.h\n'}
[1.540965] (moveit_msgs) StdoutLine: {'line': b'-- Installing: /home/yadhu/ur3e/src/install/moveit_msgs/include/moveit_msgs/moveit_msgs/msg/motion_plan_detailed_response.h\n'}
[1.540992] (moveit_msgs) StdoutLine: {'line': b'-- Installing: /home/yadhu/ur3e/src/install/moveit_msgs/include/moveit_msgs/moveit_msgs/srv\n'}
[1.541177] (moveit_msgs) StdoutLine: {'line': b'-- Installing: /home/yadhu/ur3e/src/install/moveit_msgs/include/moveit_msgs/moveit_msgs/srv/get_planner_params.h\n'}
[1.541207] (moveit_msgs) StdoutLine: {'line': b'-- Installing: /home/yadhu/ur3e/src/install/moveit_msgs/include/moveit_msgs/moveit_msgs/srv/change_control_dimensions.h\n'}
[1.541272] (moveit_msgs) StdoutLine: {'line': b'-- Installing: /home/yadhu/ur3e/src/install/moveit_msgs/include/moveit_msgs/moveit_msgs/srv/rename_robot_state_in_warehouse.h\n'}
[1.541303] (moveit_msgs) StdoutLine: {'line': b'-- Installing: /home/yadhu/ur3e/src/install/moveit_msgs/include/moveit_msgs/moveit_msgs/srv/delete_robot_state_from_warehouse.h\n'}
[1.541331] (moveit_msgs) StdoutLine: {'line': b'-- Installing: /home/yadhu/ur3e/src/install/moveit_msgs/include/moveit_msgs/moveit_msgs/srv/get_planning_scene.h\n'}
[1.541379] (moveit_msgs) StdoutLine: {'line': b'-- Installing: /home/yadhu/ur3e/src/install/moveit_msgs/include/moveit_msgs/moveit_msgs/srv/query_planner_interfaces.h\n'}
[1.541408] (moveit_msgs) StdoutLine: {'line': b'-- Installing: /home/yadhu/ur3e/src/install/moveit_msgs/include/moveit_msgs/moveit_msgs/srv/set_planner_params.h\n'}
[1.541434] (moveit_msgs) StdoutLine: {'line': b'-- Installing: /home/yadhu/ur3e/src/install/moveit_msgs/include/moveit_msgs/moveit_msgs/srv/grasp_planning.h\n'}
[1.541463] (moveit_msgs) StdoutLine: {'line': b'-- Installing: /home/yadhu/ur3e/src/install/moveit_msgs/include/moveit_msgs/moveit_msgs/srv/get_cartesian_path.h\n'}
[1.541488] (moveit_msgs) StdoutLine: {'line': b'-- Installing: /home/yadhu/ur3e/src/install/moveit_msgs/include/moveit_msgs/moveit_msgs/srv/list_robot_states_in_warehouse.h\n'}
[1.541516] (moveit_msgs) StdoutLine: {'line': b'-- Installing: /home/yadhu/ur3e/src/install/moveit_msgs/include/moveit_msgs/moveit_msgs/srv/get_state_validity.h\n'}
[1.541544] (moveit_msgs) StdoutLine: {'line': b'-- Installing: /home/yadhu/ur3e/src/install/moveit_msgs/include/moveit_msgs/moveit_msgs/srv/update_pointcloud_octomap.h\n'}
[1.541569] (moveit_msgs) StdoutLine: {'line': b'-- Installing: /home/yadhu/ur3e/src/install/moveit_msgs/include/moveit_msgs/moveit_msgs/srv/get_motion_sequence.h\n'}
[1.541609] (moveit_msgs) StdoutLine: {'line': b'-- Installing: /home/yadhu/ur3e/src/install/moveit_msgs/include/moveit_msgs/moveit_msgs/srv/detail\n'}
[1.541661] (moveit_msgs) StdoutLine: {'line': b'-- Installing: /home/yadhu/ur3e/src/install/moveit_msgs/include/moveit_msgs/moveit_msgs/srv/detail/apply_planning_scene__struct.h\n'}
[1.541694] (moveit_msgs) StdoutLine: {'line': b'-- Installing: /home/yadhu/ur3e/src/install/moveit_msgs/include/moveit_msgs/moveit_msgs/srv/detail/get_robot_state_from_warehouse__functions.c\n'}
[1.541749] (moveit_msgs) StdoutLine: {'line': b'-- Installing: /home/yadhu/ur3e/src/install/moveit_msgs/include/moveit_msgs/moveit_msgs/srv/detail/update_pointcloud_octomap__functions.h\n'}
[1.541921] (moveit_msgs) StdoutLine: {'line': b'-- Installing: /home/yadhu/ur3e/src/install/moveit_msgs/include/moveit_msgs/moveit_msgs/srv/detail/save_map__struct.h\n'}
[1.541968] (moveit_msgs) StdoutLine: {'line': b'-- Installing: /home/yadhu/ur3e/src/install/moveit_msgs/include/moveit_msgs/moveit_msgs/srv/detail/change_drift_dimensions__type_support.h\n'}
[1.542072] (moveit_msgs) StdoutLine: {'line': b'-- Installing: /home/yadhu/ur3e/src/install/moveit_msgs/include/moveit_msgs/moveit_msgs/srv/detail/delete_robot_state_from_warehouse__struct.h\n'}
[1.542103] (moveit_msgs) StdoutLine: {'line': b'-- Installing: /home/yadhu/ur3e/src/install/moveit_msgs/include/moveit_msgs/moveit_msgs/srv/detail/get_planner_params__functions.c\n'}
[1.542397] (moveit_msgs) StdoutLine: {'line': b'-- Installing: /home/yadhu/ur3e/src/install/moveit_msgs/include/moveit_msgs/moveit_msgs/srv/detail/get_robot_state_from_warehouse__functions.h\n'}
[1.542598] (moveit_msgs) StdoutLine: {'line': b'-- Installing: /home/yadhu/ur3e/src/install/moveit_msgs/include/moveit_msgs/moveit_msgs/srv/detail/get_motion_plan__struct.h\n'}
[1.542661] (moveit_msgs) StdoutLine: {'line': b'-- Installing: /home/yadhu/ur3e/src/install/moveit_msgs/include/moveit_msgs/moveit_msgs/srv/detail/change_control_dimensions__functions.c\n'}
[1.542909] (moveit_msgs) StdoutLine: {'line': b'-- Installing: /home/yadhu/ur3e/src/install/moveit_msgs/include/moveit_msgs/moveit_msgs/srv/detail/check_if_robot_state_exists_in_warehouse__functions.c\n'}
[1.543045] (moveit_msgs) StdoutLine: {'line': b'-- Installing: /home/yadhu/ur3e/src/install/moveit_msgs/include/moveit_msgs/moveit_msgs/srv/detail/change_drift_dimensions__functions.h\n'}
[1.543596] (moveit_msgs) StdoutLine: {'line': b'-- Installing: /home/yadhu/ur3e/src/install/moveit_msgs/include/moveit_msgs/moveit_msgs/srv/detail/load_map__struct.h\n'}
[1.543946] (moveit_msgs) StdoutLine: {'line': b'-- Installing: /home/yadhu/ur3e/src/install/moveit_msgs/include/moveit_msgs/moveit_msgs/srv/detail/update_pointcloud_octomap__type_support.h\n'}
[1.544030] (moveit_msgs) StdoutLine: {'line': b'-- Installing: /home/yadhu/ur3e/src/install/moveit_msgs/include/moveit_msgs/moveit_msgs/srv/detail/get_position_ik__struct.h\n'}
[1.544061] (moveit_msgs) StdoutLine: {'line': b'-- Installing: /home/yadhu/ur3e/src/install/moveit_msgs/include/moveit_msgs/moveit_msgs/srv/detail/get_position_ik__type_support.h\n'}
[1.544091] (moveit_msgs) StdoutLine: {'line': b'-- Installing: /home/yadhu/ur3e/src/install/moveit_msgs/include/moveit_msgs/moveit_msgs/srv/detail/query_planner_interfaces__functions.h\n'}
[1.544120] (moveit_msgs) StdoutLine: {'line': b'-- Installing: /home/yadhu/ur3e/src/install/moveit_msgs/include/moveit_msgs/moveit_msgs/srv/detail/set_planner_params__struct.h\n'}
[1.544150] (moveit_msgs) StdoutLine: {'line': b'-- Installing: /home/yadhu/ur3e/src/install/moveit_msgs/include/moveit_msgs/moveit_msgs/srv/detail/save_robot_state_to_warehouse__type_support.h\n'}
[1.544185] (moveit_msgs) StdoutLine: {'line': b'-- Installing: /home/yadhu/ur3e/src/install/moveit_msgs/include/moveit_msgs/moveit_msgs/srv/detail/save_robot_state_to_warehouse__functions.c\n'}
[1.544212] (moveit_msgs) StdoutLine: {'line': b'-- Installing: /home/yadhu/ur3e/src/install/moveit_msgs/include/moveit_msgs/moveit_msgs/srv/detail/get_robot_state_from_warehouse__type_support.h\n'}
[1.544238] (moveit_msgs) StdoutLine: {'line': b'-- Installing: /home/yadhu/ur3e/src/install/moveit_msgs/include/moveit_msgs/moveit_msgs/srv/detail/get_cartesian_path__functions.h\n'}
[1.544291] (moveit_msgs) StdoutLine: {'line': b'-- Installing: /home/yadhu/ur3e/src/install/moveit_msgs/include/moveit_msgs/moveit_msgs/srv/detail/get_position_fk__functions.h\n'}
[1.544321] (moveit_msgs) StdoutLine: {'line': b'-- Installing: /home/yadhu/ur3e/src/install/moveit_msgs/include/moveit_msgs/moveit_msgs/srv/detail/get_motion_plan__functions.c\n'}
[1.544366] (moveit_msgs) StdoutLine: {'line': b'-- Installing: /home/yadhu/ur3e/src/install/moveit_msgs/include/moveit_msgs/moveit_msgs/srv/detail/get_cartesian_path__type_support.h\n'}
[1.544428] (moveit_msgs) StdoutLine: {'line': b'-- Installing: /home/yadhu/ur3e/src/install/moveit_msgs/include/moveit_msgs/moveit_msgs/srv/detail/save_robot_state_to_warehouse__struct.h\n'}
[1.544458] (moveit_msgs) StdoutLine: {'line': b'-- Installing: /home/yadhu/ur3e/src/install/moveit_msgs/include/moveit_msgs/moveit_msgs/srv/detail/change_control_dimensions__functions.h\n'}
[1.544652] (moveit_msgs) StdoutLine: {'line': b'-- Installing: /home/yadhu/ur3e/src/install/moveit_msgs/include/moveit_msgs/moveit_msgs/srv/detail/change_drift_dimensions__struct.h\n'}
[1.544721] (moveit_msgs) StdoutLine: {'line': b'-- Installing: /home/yadhu/ur3e/src/install/moveit_msgs/include/moveit_msgs/moveit_msgs/srv/detail/change_control_dimensions__type_support.h\n'}
[1.544840] (moveit_msgs) StdoutLine: {'line': b'-- Installing: /home/yadhu/ur3e/src/install/moveit_msgs/include/moveit_msgs/moveit_msgs/srv/detail/set_planner_params__functions.c\n'}
[1.544988] (moveit_msgs) StdoutLine: {'line': b'-- Installing: /home/yadhu/ur3e/src/install/moveit_msgs/include/moveit_msgs/moveit_msgs/srv/detail/rename_robot_state_in_warehouse__functions.h\n'}
[1.545247] (moveit_msgs) StdoutLine: {'line': b'-- Installing: /home/yadhu/ur3e/src/install/moveit_msgs/include/moveit_msgs/moveit_msgs/srv/detail/delete_robot_state_from_warehouse__functions.c\n'}
[1.545452] (moveit_msgs) StdoutLine: {'line': b'-- Installing: /home/yadhu/ur3e/src/install/moveit_msgs/include/moveit_msgs/moveit_msgs/srv/detail/get_position_fk__functions.c\n'}
[1.545670] (moveit_msgs) StdoutLine: {'line': b'-- Installing: /home/yadhu/ur3e/src/install/moveit_msgs/include/moveit_msgs/moveit_msgs/srv/detail/save_map__functions.h\n'}
[1.545894] (moveit_msgs) StdoutLine: {'line': b'-- Installing: /home/yadhu/ur3e/src/install/moveit_msgs/include/moveit_msgs/moveit_msgs/srv/detail/load_map__functions.c\n'}
[1.546113] (moveit_msgs) StdoutLine: {'line': b'-- Installing: /home/yadhu/ur3e/src/install/moveit_msgs/include/moveit_msgs/moveit_msgs/srv/detail/get_state_validity__type_support.h\n'}
[1.546297] (moveit_msgs) StdoutLine: {'line': b'-- Installing: /home/yadhu/ur3e/src/install/moveit_msgs/include/moveit_msgs/moveit_msgs/srv/detail/update_pointcloud_octomap__struct.h\n'}
[1.546389] (moveit_msgs) StdoutLine: {'line': b'-- Installing: /home/yadhu/ur3e/src/install/moveit_msgs/include/moveit_msgs/moveit_msgs/srv/detail/rename_robot_state_in_warehouse__functions.c\n'}
[1.546595] (moveit_msgs) StdoutLine: {'line': b'-- Installing: /home/yadhu/ur3e/src/install/moveit_msgs/include/moveit_msgs/moveit_msgs/srv/detail/grasp_planning__functions.h\n'}
[1.546790] (moveit_msgs) StdoutLine: {'line': b'-- Installing: /home/yadhu/ur3e/src/install/moveit_msgs/include/moveit_msgs/moveit_msgs/srv/detail/get_cartesian_path__struct.h\n'}
[1.546975] (moveit_msgs) StdoutLine: {'line': b'-- Installing: /home/yadhu/ur3e/src/install/moveit_msgs/include/moveit_msgs/moveit_msgs/srv/detail/get_motion_plan__functions.h\n'}
[1.547218] (moveit_msgs) StdoutLine: {'line': b'-- Installing: /home/yadhu/ur3e/src/install/moveit_msgs/include/moveit_msgs/moveit_msgs/srv/detail/apply_planning_scene__type_support.h\n'}
[1.547282] (moveit_msgs) StdoutLine: {'line': b'-- Installing: /home/yadhu/ur3e/src/install/moveit_msgs/include/moveit_msgs/moveit_msgs/srv/detail/query_planner_interfaces__type_support.h\n'}
[1.547340] (moveit_msgs) StdoutLine: {'line': b'-- Installing: /home/yadhu/ur3e/src/install/moveit_msgs/include/moveit_msgs/moveit_msgs/srv/detail/apply_planning_scene__functions.h\n'}
[1.547517] (moveit_msgs) StdoutLine: {'line': b'-- Installing: /home/yadhu/ur3e/src/install/moveit_msgs/include/moveit_msgs/moveit_msgs/srv/detail/get_motion_plan__type_support.h\n'}
[1.547622] (moveit_msgs) StdoutLine: {'line': b'-- Installing: /home/yadhu/ur3e/src/install/moveit_msgs/include/moveit_msgs/moveit_msgs/srv/detail/delete_robot_state_from_warehouse__type_support.h\n'}
[1.547701] (moveit_msgs) StdoutLine: {'line': b'-- Installing: /home/yadhu/ur3e/src/install/moveit_msgs/include/moveit_msgs/moveit_msgs/srv/detail/delete_robot_state_from_warehouse__functions.h\n'}
[1.547779] (moveit_msgs) StdoutLine: {'line': b'-- Installing: /home/yadhu/ur3e/src/install/moveit_msgs/include/moveit_msgs/moveit_msgs/srv/detail/list_robot_states_in_warehouse__type_support.h\n'}
[1.547912] (moveit_msgs) StdoutLine: {'line': b'-- Installing: /home/yadhu/ur3e/src/install/moveit_msgs/include/moveit_msgs/moveit_msgs/srv/detail/list_robot_states_in_warehouse__functions.c\n'}
[1.547955] (moveit_msgs) StdoutLine: {'line': b'-- Installing: /home/yadhu/ur3e/src/install/moveit_msgs/include/moveit_msgs/moveit_msgs/srv/detail/save_map__functions.c\n'}
[1.548051] (moveit_msgs) StdoutLine: {'line': b'-- Installing: /home/yadhu/ur3e/src/install/moveit_msgs/include/moveit_msgs/moveit_msgs/srv/detail/get_position_ik__functions.h\n'}
[1.548305] (moveit_msgs) StdoutLine: {'line': b'-- Installing: /home/yadhu/ur3e/src/install/moveit_msgs/include/moveit_msgs/moveit_msgs/srv/detail/get_motion_sequence__struct.h\n'}
[1.548347] (moveit_msgs) StdoutLine: {'line': b'-- Installing: /home/yadhu/ur3e/src/install/moveit_msgs/include/moveit_msgs/moveit_msgs/srv/detail/check_if_robot_state_exists_in_warehouse__struct.h\n'}
[1.548385] (moveit_msgs) StdoutLine: {'line': b'-- Installing: /home/yadhu/ur3e/src/install/moveit_msgs/include/moveit_msgs/moveit_msgs/srv/detail/update_pointcloud_octomap__functions.c\n'}
[1.548710] (moveit_msgs) StdoutLine: {'line': b'-- Installing: /home/yadhu/ur3e/src/install/moveit_msgs/include/moveit_msgs/moveit_msgs/srv/detail/get_planning_scene__functions.c\n'}
[1.548810] (moveit_msgs) StdoutLine: {'line': b'-- Installing: /home/yadhu/ur3e/src/install/moveit_msgs/include/moveit_msgs/moveit_msgs/srv/detail/check_if_robot_state_exists_in_warehouse__functions.h\n'}
[1.549262] (moveit_msgs) StdoutLine: {'line': b'-- Installing: /home/yadhu/ur3e/src/install/moveit_msgs/include/moveit_msgs/moveit_msgs/srv/detail/get_cartesian_path__functions.c\n'}
[1.549582] (moveit_msgs) StdoutLine: {'line': b'-- Installing: /home/yadhu/ur3e/src/install/moveit_msgs/include/moveit_msgs/moveit_msgs/srv/detail/rename_robot_state_in_warehouse__struct.h\n'}
[1.549653] (moveit_msgs) StdoutLine: {'line': b'-- Installing: /home/yadhu/ur3e/src/install/moveit_msgs/include/moveit_msgs/moveit_msgs/srv/detail/grasp_planning__type_support.h\n'}
[1.549728] (moveit_msgs) StdoutLine: {'line': b'-- Installing: /home/yadhu/ur3e/src/install/moveit_msgs/include/moveit_msgs/moveit_msgs/srv/detail/get_position_ik__functions.c\n'}
[1.549924] (moveit_msgs) StdoutLine: {'line': b'-- Installing: /home/yadhu/ur3e/src/install/moveit_msgs/include/moveit_msgs/moveit_msgs/srv/detail/load_map__functions.h\n'}
[1.550104] (moveit_msgs) StdoutLine: {'line': b'-- Installing: /home/yadhu/ur3e/src/install/moveit_msgs/include/moveit_msgs/moveit_msgs/srv/detail/get_planner_params__type_support.h\n'}
[1.550184] (moveit_msgs) StdoutLine: {'line': b'-- Installing: /home/yadhu/ur3e/src/install/moveit_msgs/include/moveit_msgs/moveit_msgs/srv/detail/get_state_validity__functions.c\n'}
[1.550510] (moveit_msgs) StdoutLine: {'line': b'-- Installing: /home/yadhu/ur3e/src/install/moveit_msgs/include/moveit_msgs/moveit_msgs/srv/detail/get_motion_sequence__type_support.h\n'}
[1.550581] (moveit_msgs) StdoutLine: {'line': b'-- Installing: /home/yadhu/ur3e/src/install/moveit_msgs/include/moveit_msgs/moveit_msgs/srv/detail/apply_planning_scene__functions.c\n'}
[1.550778] (moveit_msgs) StdoutLine: {'line': b'-- Installing: /home/yadhu/ur3e/src/install/moveit_msgs/include/moveit_msgs/moveit_msgs/srv/detail/query_planner_interfaces__functions.c\n'}
[1.551011] (moveit_msgs) StdoutLine: {'line': b'-- Installing: /home/yadhu/ur3e/src/install/moveit_msgs/include/moveit_msgs/moveit_msgs/srv/detail/get_position_fk__type_support.h\n'}
[1.551115] (moveit_msgs) StdoutLine: {'line': b'-- Installing: /home/yadhu/ur3e/src/install/moveit_msgs/include/moveit_msgs/moveit_msgs/srv/detail/get_state_validity__struct.h\n'}
[1.551200] (moveit_msgs) StdoutLine: {'line': b'-- Installing: /home/yadhu/ur3e/src/install/moveit_msgs/include/moveit_msgs/moveit_msgs/srv/detail/change_control_dimensions__struct.h\n'}
[1.551293] (moveit_msgs) StdoutLine: {'line': b'-- Installing: /home/yadhu/ur3e/src/install/moveit_msgs/include/moveit_msgs/moveit_msgs/srv/detail/get_planner_params__functions.h\n'}
[1.551502] (moveit_msgs) StdoutLine: {'line': b'-- Installing: /home/yadhu/ur3e/src/install/moveit_msgs/include/moveit_msgs/moveit_msgs/srv/detail/list_robot_states_in_warehouse__struct.h\n'}
[1.551587] (moveit_msgs) StdoutLine: {'line': b'-- Installing: /home/yadhu/ur3e/src/install/moveit_msgs/include/moveit_msgs/moveit_msgs/srv/detail/query_planner_interfaces__struct.h\n'}
[1.551672] (moveit_msgs) StdoutLine: {'line': b'-- Installing: /home/yadhu/ur3e/src/install/moveit_msgs/include/moveit_msgs/moveit_msgs/srv/detail/get_position_fk__struct.h\n'}
[1.551766] (moveit_msgs) StdoutLine: {'line': b'-- Installing: /home/yadhu/ur3e/src/install/moveit_msgs/include/moveit_msgs/moveit_msgs/srv/detail/rename_robot_state_in_warehouse__type_support.h\n'}
[1.551881] (moveit_msgs) StdoutLine: {'line': b'-- Installing: /home/yadhu/ur3e/src/install/moveit_msgs/include/moveit_msgs/moveit_msgs/srv/detail/set_planner_params__type_support.h\n'}
[1.551976] (moveit_msgs) StdoutLine: {'line': b'-- Installing: /home/yadhu/ur3e/src/install/moveit_msgs/include/moveit_msgs/moveit_msgs/srv/detail/check_if_robot_state_exists_in_warehouse__type_support.h\n'}
[1.552116] (moveit_msgs) StdoutLine: {'line': b'-- Installing: /home/yadhu/ur3e/src/install/moveit_msgs/include/moveit_msgs/moveit_msgs/srv/detail/grasp_planning__functions.c\n'}
[1.552363] (moveit_msgs) StdoutLine: {'line': b'-- Installing: /home/yadhu/ur3e/src/install/moveit_msgs/include/moveit_msgs/moveit_msgs/srv/detail/get_planning_scene__type_support.h\n'}
[1.552447] (moveit_msgs) StdoutLine: {'line': b'-- Installing: /home/yadhu/ur3e/src/install/moveit_msgs/include/moveit_msgs/moveit_msgs/srv/detail/get_planning_scene__functions.h\n'}
[1.552601] (moveit_msgs) StdoutLine: {'line': b'-- Installing: /home/yadhu/ur3e/src/install/moveit_msgs/include/moveit_msgs/moveit_msgs/srv/detail/grasp_planning__struct.h\n'}
[1.552660] (moveit_msgs) StdoutLine: {'line': b'-- Installing: /home/yadhu/ur3e/src/install/moveit_msgs/include/moveit_msgs/moveit_msgs/srv/detail/set_planner_params__functions.h\n'}
[1.552811] (moveit_msgs) StdoutLine: {'line': b'-- Installing: /home/yadhu/ur3e/src/install/moveit_msgs/include/moveit_msgs/moveit_msgs/srv/detail/change_drift_dimensions__functions.c\n'}
[1.553002] (moveit_msgs) StdoutLine: {'line': b'-- Installing: /home/yadhu/ur3e/src/install/moveit_msgs/include/moveit_msgs/moveit_msgs/srv/detail/list_robot_states_in_warehouse__functions.h\n'}
[1.553125] (moveit_msgs) StdoutLine: {'line': b'-- Installing: /home/yadhu/ur3e/src/install/moveit_msgs/include/moveit_msgs/moveit_msgs/srv/detail/get_motion_sequence__functions.h\n'}
[1.553340] (moveit_msgs) StdoutLine: {'line': b'-- Installing: /home/yadhu/ur3e/src/install/moveit_msgs/include/moveit_msgs/moveit_msgs/srv/detail/get_planner_params__struct.h\n'}
[1.553470] (moveit_msgs) StdoutLine: {'line': b'-- Installing: /home/yadhu/ur3e/src/install/moveit_msgs/include/moveit_msgs/moveit_msgs/srv/detail/save_map__type_support.h\n'}
[1.553531] (moveit_msgs) StdoutLine: {'line': b'-- Installing: /home/yadhu/ur3e/src/install/moveit_msgs/include/moveit_msgs/moveit_msgs/srv/detail/get_robot_state_from_warehouse__struct.h\n'}
[1.553590] (moveit_msgs) StdoutLine: {'line': b'-- Installing: /home/yadhu/ur3e/src/install/moveit_msgs/include/moveit_msgs/moveit_msgs/srv/detail/load_map__type_support.h\n'}
[1.553663] (moveit_msgs) StdoutLine: {'line': b'-- Installing: /home/yadhu/ur3e/src/install/moveit_msgs/include/moveit_msgs/moveit_msgs/srv/detail/get_state_validity__functions.h\n'}
[1.553754] (moveit_msgs) StdoutLine: {'line': b'-- Installing: /home/yadhu/ur3e/src/install/moveit_msgs/include/moveit_msgs/moveit_msgs/srv/detail/save_robot_state_to_warehouse__functions.h\n'}
[1.553899] (moveit_msgs) StdoutLine: {'line': b'-- Installing: /home/yadhu/ur3e/src/install/moveit_msgs/include/moveit_msgs/moveit_msgs/srv/detail/get_motion_sequence__functions.c\n'}
[1.554139] (moveit_msgs) StdoutLine: {'line': b'-- Installing: /home/yadhu/ur3e/src/install/moveit_msgs/include/moveit_msgs/moveit_msgs/srv/detail/get_planning_scene__struct.h\n'}
[1.554206] (moveit_msgs) StdoutLine: {'line': b'-- Installing: /home/yadhu/ur3e/src/install/moveit_msgs/include/moveit_msgs/moveit_msgs/srv/change_drift_dimensions.h\n'}
[1.554264] (moveit_msgs) StdoutLine: {'line': b'-- Installing: /home/yadhu/ur3e/src/install/moveit_msgs/include/moveit_msgs/moveit_msgs/srv/get_motion_plan.h\n'}
[1.554350] (moveit_msgs) StdoutLine: {'line': b'-- Installing: /home/yadhu/ur3e/src/install/moveit_msgs/include/moveit_msgs/moveit_msgs/srv/save_map.h\n'}
[1.554451] (moveit_msgs) StdoutLine: {'line': b'-- Installing: /home/yadhu/ur3e/src/install/moveit_msgs/include/moveit_msgs/moveit_msgs/srv/get_robot_state_from_warehouse.h\n'}
[1.554517] (moveit_msgs) StdoutLine: {'line': b'-- Installing: /home/yadhu/ur3e/src/install/moveit_msgs/include/moveit_msgs/moveit_msgs/srv/apply_planning_scene.h\n'}
[1.554547] (moveit_msgs) StdoutLine: {'line': b'-- Installing: /home/yadhu/ur3e/src/install/moveit_msgs/include/moveit_msgs/moveit_msgs/srv/get_position_fk.h\n'}
[1.554576] (moveit_msgs) StdoutLine: {'line': b'-- Installing: /home/yadhu/ur3e/src/install/moveit_msgs/include/moveit_msgs/moveit_msgs/srv/get_position_ik.h\n'}
[1.554603] (moveit_msgs) StdoutLine: {'line': b'-- Installing: /home/yadhu/ur3e/src/install/moveit_msgs/include/moveit_msgs/moveit_msgs/srv/load_map.h\n'}
[1.554630] (moveit_msgs) StdoutLine: {'line': b'-- Installing: /home/yadhu/ur3e/src/install/moveit_msgs/include/moveit_msgs/moveit_msgs/srv/save_robot_state_to_warehouse.h\n'}
[1.554671] (moveit_msgs) StdoutLine: {'line': b'-- Installing: /home/yadhu/ur3e/src/install/moveit_msgs/include/moveit_msgs/moveit_msgs/srv/check_if_robot_state_exists_in_warehouse.h\n'}
[1.554721] (moveit_msgs) StdoutLine: {'line': b'-- Installing: /home/yadhu/ur3e/src/install/moveit_msgs/share/moveit_msgs/environment/library_path.sh\n'}
[1.554827] (moveit_msgs) StdoutLine: {'line': b'-- Installing: /home/yadhu/ur3e/src/install/moveit_msgs/share/moveit_msgs/environment/library_path.dsv\n'}
[1.555019] (moveit_msgs) StdoutLine: {'line': b'-- Installing: /home/yadhu/ur3e/src/install/moveit_msgs/lib/libmoveit_msgs__rosidl_generator_c.so\n'}
[1.556638] (moveit_msgs) StdoutLine: {'line': b'-- Set runtime path of "/home/yadhu/ur3e/src/install/moveit_msgs/lib/libmoveit_msgs__rosidl_generator_c.so" to ""\n'}
[1.556691] (moveit_msgs) StdoutLine: {'line': b'-- Up-to-date: /home/yadhu/ur3e/src/install/moveit_msgs/include/moveit_msgs/moveit_msgs\n'}
[1.556756] (moveit_msgs) StdoutLine: {'line': b'-- Up-to-date: /home/yadhu/ur3e/src/install/moveit_msgs/include/moveit_msgs/moveit_msgs/action\n'}
[1.556789] (moveit_msgs) StdoutLine: {'line': b'-- Up-to-date: /home/yadhu/ur3e/src/install/moveit_msgs/include/moveit_msgs/moveit_msgs/action/detail\n'}
[1.556829] (moveit_msgs) StdoutLine: {'line': b'-- Installing: /home/yadhu/ur3e/src/install/moveit_msgs/include/moveit_msgs/moveit_msgs/action/detail/local_planner__rosidl_typesupport_fastrtps_c.h\n'}
[1.556966] (moveit_msgs) StdoutLine: {'line': b'-- Installing: /home/yadhu/ur3e/src/install/moveit_msgs/include/moveit_msgs/moveit_msgs/action/detail/place__rosidl_typesupport_fastrtps_c.h\n'}
[1.557267] (moveit_msgs) StdoutLine: {'line': b'-- Installing: /home/yadhu/ur3e/src/install/moveit_msgs/include/moveit_msgs/moveit_msgs/action/detail/global_planner__rosidl_typesupport_fastrtps_c.h\n'}
[1.557558] (moveit_msgs) StdoutLine: {'line': b'-- Installing: /home/yadhu/ur3e/src/install/moveit_msgs/include/moveit_msgs/moveit_msgs/action/detail/move_group__rosidl_typesupport_fastrtps_c.h\n'}
[1.557849] (moveit_msgs) StdoutLine: {'line': b'-- Installing: /home/yadhu/ur3e/src/install/moveit_msgs/include/moveit_msgs/moveit_msgs/action/detail/pickup__rosidl_typesupport_fastrtps_c.h\n'}
[1.558065] (moveit_msgs) StdoutLine: {'line': b'-- Installing: /home/yadhu/ur3e/src/install/moveit_msgs/include/moveit_msgs/moveit_msgs/action/detail/move_group_sequence__rosidl_typesupport_fastrtps_c.h\n'}
[1.558278] (moveit_msgs) StdoutLine: {'line': b'-- Installing: /home/yadhu/ur3e/src/install/moveit_msgs/include/moveit_msgs/moveit_msgs/action/detail/hybrid_planner__rosidl_typesupport_fastrtps_c.h\n'}
[1.558509] (moveit_msgs) StdoutLine: {'line': b'-- Installing: /home/yadhu/ur3e/src/install/moveit_msgs/include/moveit_msgs/moveit_msgs/action/detail/execute_trajectory__rosidl_typesupport_fastrtps_c.h\n'}
[1.558784] (moveit_msgs) StdoutLine: {'line': b'-- Up-to-date: /home/yadhu/ur3e/src/install/moveit_msgs/include/moveit_msgs/moveit_msgs/msg\n'}
[1.558855] (moveit_msgs) StdoutLine: {'line': b'-- Installing: /home/yadhu/ur3e/src/install/moveit_msgs/include/moveit_msgs/moveit_msgs/msg/rosidl_typesupport_fastrtps_c__visibility_control.h\n'}
[1.558904] (moveit_msgs) StdoutLine: {'line': b'-- Up-to-date: /home/yadhu/ur3e/src/install/moveit_msgs/include/moveit_msgs/moveit_msgs/msg/detail\n'}
[1.558940] (moveit_msgs) StdoutLine: {'line': b'-- Installing: /home/yadhu/ur3e/src/install/moveit_msgs/include/moveit_msgs/moveit_msgs/msg/detail/robot_state__rosidl_typesupport_fastrtps_c.h\n'}
[1.559043] (moveit_msgs) StdoutLine: {'line': b'-- Installing: /home/yadhu/ur3e/src/install/moveit_msgs/include/moveit_msgs/moveit_msgs/msg/detail/motion_sequence_request__rosidl_typesupport_fastrtps_c.h\n'}
[1.559197] (moveit_msgs) StdoutLine: {'line': b'-- Installing: /home/yadhu/ur3e/src/install/moveit_msgs/include/moveit_msgs/moveit_msgs/msg/detail/planner_interface_description__rosidl_typesupport_fastrtps_c.h\n'}
[1.559306] (moveit_msgs) StdoutLine: {'line': b'-- Installing: /home/yadhu/ur3e/src/install/moveit_msgs/include/moveit_msgs/moveit_msgs/msg/detail/planning_scene_components__rosidl_typesupport_fastrtps_c.h\n'}
[1.559377] (moveit_msgs) StdoutLine: {'line': b'-- Installing: /home/yadhu/ur3e/src/install/moveit_msgs/include/moveit_msgs/moveit_msgs/msg/detail/kinematic_solver_info__rosidl_typesupport_fastrtps_c.h\n'}
[1.559457] (moveit_msgs) StdoutLine: {'line': b'-- Installing: /home/yadhu/ur3e/src/install/moveit_msgs/include/moveit_msgs/moveit_msgs/msg/detail/allowed_collision_matrix__rosidl_typesupport_fastrtps_c.h\n'}
[1.559598] (moveit_msgs) StdoutLine: {'line': b'-- Installing: /home/yadhu/ur3e/src/install/moveit_msgs/include/moveit_msgs/moveit_msgs/msg/detail/display_robot_state__rosidl_typesupport_fastrtps_c.h\n'}
[1.559683] (moveit_msgs) StdoutLine: {'line': b'-- Installing: /home/yadhu/ur3e/src/install/moveit_msgs/include/moveit_msgs/moveit_msgs/msg/detail/place_location__rosidl_typesupport_fastrtps_c.h\n'}
[1.559784] (moveit_msgs) StdoutLine: {'line': b'-- Installing: /home/yadhu/ur3e/src/install/moveit_msgs/include/moveit_msgs/moveit_msgs/msg/detail/gripper_translation__rosidl_typesupport_fastrtps_c.h\n'}
[1.559874] (moveit_msgs) StdoutLine: {'line': b'-- Installing: /home/yadhu/ur3e/src/install/moveit_msgs/include/moveit_msgs/moveit_msgs/msg/detail/constraint_eval_result__rosidl_typesupport_fastrtps_c.h\n'}
[1.559976] (moveit_msgs) StdoutLine: {'line': b'-- Installing: /home/yadhu/ur3e/src/install/moveit_msgs/include/moveit_msgs/moveit_msgs/msg/detail/collision_object__rosidl_typesupport_fastrtps_c.h\n'}
[1.560076] (moveit_msgs) StdoutLine: {'line': b'-- Installing: /home/yadhu/ur3e/src/install/moveit_msgs/include/moveit_msgs/moveit_msgs/msg/detail/planning_scene__rosidl_typesupport_fastrtps_c.h\n'}
[1.560178] (moveit_msgs) StdoutLine: {'line': b'-- Installing: /home/yadhu/ur3e/src/install/moveit_msgs/include/moveit_msgs/moveit_msgs/msg/detail/bounding_volume__rosidl_typesupport_fastrtps_c.h\n'}
[1.560290] (moveit_msgs) StdoutLine: {'line': b'-- Installing: /home/yadhu/ur3e/src/install/moveit_msgs/include/moveit_msgs/moveit_msgs/msg/detail/planning_scene_world__rosidl_typesupport_fastrtps_c.h\n'}
[1.560398] (moveit_msgs) StdoutLine: {'line': b'-- Installing: /home/yadhu/ur3e/src/install/moveit_msgs/include/moveit_msgs/moveit_msgs/msg/detail/contact_information__rosidl_typesupport_fastrtps_c.h\n'}
[1.560482] (moveit_msgs) StdoutLine: {'line': b'-- Installing: /home/yadhu/ur3e/src/install/moveit_msgs/include/moveit_msgs/moveit_msgs/msg/detail/link_scale__rosidl_typesupport_fastrtps_c.h\n'}
[1.560581] (moveit_msgs) StdoutLine: {'line': b'-- Installing: /home/yadhu/ur3e/src/install/moveit_msgs/include/moveit_msgs/moveit_msgs/msg/detail/motion_sequence_response__rosidl_typesupport_fastrtps_c.h\n'}
[1.560676] (moveit_msgs) StdoutLine: {'line': b'-- Installing: /home/yadhu/ur3e/src/install/moveit_msgs/include/moveit_msgs/moveit_msgs/msg/detail/motion_plan_detailed_response__rosidl_typesupport_fastrtps_c.h\n'}
[1.560776] (moveit_msgs) StdoutLine: {'line': b'-- Installing: /home/yadhu/ur3e/src/install/moveit_msgs/include/moveit_msgs/moveit_msgs/msg/detail/position_ik_request__rosidl_typesupport_fastrtps_c.h\n'}
[1.560949] (moveit_msgs) StdoutLine: {'line': b'-- Installing: /home/yadhu/ur3e/src/install/moveit_msgs/include/moveit_msgs/moveit_msgs/msg/detail/grasp__rosidl_typesupport_fastrtps_c.h\n'}
[1.561036] (moveit_msgs) StdoutLine: {'line': b'-- Installing: /home/yadhu/ur3e/src/install/moveit_msgs/include/moveit_msgs/moveit_msgs/msg/detail/generic_trajectory__rosidl_typesupport_fastrtps_c.h\n'}
[1.561103] (moveit_msgs) StdoutLine: {'line': b'-- Installing: /home/yadhu/ur3e/src/install/moveit_msgs/include/moveit_msgs/moveit_msgs/msg/detail/cartesian_trajectory_point__rosidl_typesupport_fastrtps_c.h\n'}
[1.561177] (moveit_msgs) StdoutLine: {'line': b'-- Installing: /home/yadhu/ur3e/src/install/moveit_msgs/include/moveit_msgs/moveit_msgs/msg/detail/cost_source__rosidl_typesupport_fastrtps_c.h\n'}
[1.561258] (moveit_msgs) StdoutLine: {'line': b'-- Installing: /home/yadhu/ur3e/src/install/moveit_msgs/include/moveit_msgs/moveit_msgs/msg/detail/visibility_constraint__rosidl_typesupport_fastrtps_c.h\n'}
[1.561315] (moveit_msgs) StdoutLine: {'line': b'-- Installing: /home/yadhu/ur3e/src/install/moveit_msgs/include/moveit_msgs/moveit_msgs/msg/detail/constraints__rosidl_typesupport_fastrtps_c.h\n'}
[1.561477] (moveit_msgs) StdoutLine: {'line': b'-- Installing: /home/yadhu/ur3e/src/install/moveit_msgs/include/moveit_msgs/moveit_msgs/msg/detail/link_padding__rosidl_typesupport_fastrtps_c.h\n'}
[1.561542] (moveit_msgs) StdoutLine: {'line': b'-- Installing: /home/yadhu/ur3e/src/install/moveit_msgs/include/moveit_msgs/moveit_msgs/msg/detail/position_constraint__rosidl_typesupport_fastrtps_c.h\n'}
[1.561599] (moveit_msgs) StdoutLine: {'line': b'-- Installing: /home/yadhu/ur3e/src/install/moveit_msgs/include/moveit_msgs/moveit_msgs/msg/detail/display_trajectory__rosidl_typesupport_fastrtps_c.h\n'}
[1.561654] (moveit_msgs) StdoutLine: {'line': b'-- Installing: /home/yadhu/ur3e/src/install/moveit_msgs/include/moveit_msgs/moveit_msgs/msg/detail/motion_sequence_item__rosidl_typesupport_fastrtps_c.h\n'}
[1.561738] (moveit_msgs) StdoutLine: {'line': b'-- Installing: /home/yadhu/ur3e/src/install/moveit_msgs/include/moveit_msgs/moveit_msgs/msg/detail/robot_trajectory__rosidl_typesupport_fastrtps_c.h\n'}
[1.561845] (moveit_msgs) StdoutLine: {'line': b'-- Installing: /home/yadhu/ur3e/src/install/moveit_msgs/include/moveit_msgs/moveit_msgs/msg/detail/allowed_collision_entry__rosidl_typesupport_fastrtps_c.h\n'}
[1.561893] (moveit_msgs) StdoutLine: {'line': b'-- Installing: /home/yadhu/ur3e/src/install/moveit_msgs/include/moveit_msgs/moveit_msgs/msg/detail/joint_limits__rosidl_typesupport_fastrtps_c.h\n'}
[1.561925] (moveit_msgs) StdoutLine: {'line': b'-- Installing: /home/yadhu/ur3e/src/install/moveit_msgs/include/moveit_msgs/moveit_msgs/msg/detail/trajectory_constraints__rosidl_typesupport_fastrtps_c.h\n'}
[1.561953] (moveit_msgs) StdoutLine: {'line': b'-- Installing: /home/yadhu/ur3e/src/install/moveit_msgs/include/moveit_msgs/moveit_msgs/msg/detail/motion_plan_request__rosidl_typesupport_fastrtps_c.h\n'}
[1.562052] (moveit_msgs) StdoutLine: {'line': b'-- Installing: /home/yadhu/ur3e/src/install/moveit_msgs/include/moveit_msgs/moveit_msgs/msg/detail/motion_plan_response__rosidl_typesupport_fastrtps_c.h\n'}
[1.562105] (moveit_msgs) StdoutLine: {'line': b'-- Installing: /home/yadhu/ur3e/src/install/moveit_msgs/include/moveit_msgs/moveit_msgs/msg/detail/workspace_parameters__rosidl_typesupport_fastrtps_c.h\n'}
[1.562132] (moveit_msgs) StdoutLine: {'line': b'-- Installing: /home/yadhu/ur3e/src/install/moveit_msgs/include/moveit_msgs/moveit_msgs/msg/detail/joint_constraint__rosidl_typesupport_fastrtps_c.h\n'}
[1.562158] (moveit_msgs) StdoutLine: {'line': b'-- Installing: /home/yadhu/ur3e/src/install/moveit_msgs/include/moveit_msgs/moveit_msgs/msg/detail/orientation_constraint__rosidl_typesupport_fastrtps_c.h\n'}
[1.562198] (moveit_msgs) StdoutLine: {'line': b'-- Installing: /home/yadhu/ur3e/src/install/moveit_msgs/include/moveit_msgs/moveit_msgs/msg/detail/planning_options__rosidl_typesupport_fastrtps_c.h\n'}
[1.562225] (moveit_msgs) StdoutLine: {'line': b'-- Installing: /home/yadhu/ur3e/src/install/moveit_msgs/include/moveit_msgs/moveit_msgs/msg/detail/planner_params__rosidl_typesupport_fastrtps_c.h\n'}
[1.562263] (moveit_msgs) StdoutLine: {'line': b'-- Installing: /home/yadhu/ur3e/src/install/moveit_msgs/include/moveit_msgs/moveit_msgs/msg/detail/move_it_error_codes__rosidl_typesupport_fastrtps_c.h\n'}
[1.562303] (moveit_msgs) StdoutLine: {'line': b'-- Installing: /home/yadhu/ur3e/src/install/moveit_msgs/include/moveit_msgs/moveit_msgs/msg/detail/attached_collision_object__rosidl_typesupport_fastrtps_c.h\n'}
[1.562341] (moveit_msgs) StdoutLine: {'line': b'-- Installing: /home/yadhu/ur3e/src/install/moveit_msgs/include/moveit_msgs/moveit_msgs/msg/detail/cartesian_trajectory__rosidl_typesupport_fastrtps_c.h\n'}
[1.562395] (moveit_msgs) StdoutLine: {'line': b'-- Installing: /home/yadhu/ur3e/src/install/moveit_msgs/include/moveit_msgs/moveit_msgs/msg/detail/cartesian_point__rosidl_typesupport_fastrtps_c.h\n'}
[1.562446] (moveit_msgs) StdoutLine: {'line': b'-- Installing: /home/yadhu/ur3e/src/install/moveit_msgs/include/moveit_msgs/moveit_msgs/msg/detail/object_color__rosidl_typesupport_fastrtps_c.h\n'}
[1.562495] (moveit_msgs) StdoutLine: {'line': b'-- Installing: /home/yadhu/ur3e/src/install/moveit_msgs/include/moveit_msgs/moveit_msgs/msg/detail/oriented_bounding_box__rosidl_typesupport_fastrtps_c.h\n'}
[1.562546] (moveit_msgs) StdoutLine: {'line': b'-- Up-to-date: /home/yadhu/ur3e/src/install/moveit_msgs/include/moveit_msgs/moveit_msgs/srv\n'}
[1.562580] (moveit_msgs) StdoutLine: {'line': b'-- Up-to-date: /home/yadhu/ur3e/src/install/moveit_msgs/include/moveit_msgs/moveit_msgs/srv/detail\n'}
[1.562615] (moveit_msgs) StdoutLine: {'line': b'-- Installing: /home/yadhu/ur3e/src/install/moveit_msgs/include/moveit_msgs/moveit_msgs/srv/detail/get_motion_sequence__rosidl_typesupport_fastrtps_c.h\n'}
[1.562687] (moveit_msgs) StdoutLine: {'line': b'-- Installing: /home/yadhu/ur3e/src/install/moveit_msgs/include/moveit_msgs/moveit_msgs/srv/detail/get_state_validity__rosidl_typesupport_fastrtps_c.h\n'}
[1.562737] (moveit_msgs) StdoutLine: {'line': b'-- Installing: /home/yadhu/ur3e/src/install/moveit_msgs/include/moveit_msgs/moveit_msgs/srv/detail/get_planning_scene__rosidl_typesupport_fastrtps_c.h\n'}
[1.562790] (moveit_msgs) StdoutLine: {'line': b'-- Installing: /home/yadhu/ur3e/src/install/moveit_msgs/include/moveit_msgs/moveit_msgs/srv/detail/load_map__rosidl_typesupport_fastrtps_c.h\n'}
[1.562845] (moveit_msgs) StdoutLine: {'line': b'-- Installing: /home/yadhu/ur3e/src/install/moveit_msgs/include/moveit_msgs/moveit_msgs/srv/detail/get_motion_plan__rosidl_typesupport_fastrtps_c.h\n'}
[1.562898] (moveit_msgs) StdoutLine: {'line': b'-- Installing: /home/yadhu/ur3e/src/install/moveit_msgs/include/moveit_msgs/moveit_msgs/srv/detail/save_robot_state_to_warehouse__rosidl_typesupport_fastrtps_c.h\n'}
[1.562952] (moveit_msgs) StdoutLine: {'line': b'-- Installing: /home/yadhu/ur3e/src/install/moveit_msgs/include/moveit_msgs/moveit_msgs/srv/detail/list_robot_states_in_warehouse__rosidl_typesupport_fastrtps_c.h\n'}
[1.563110] (moveit_msgs) StdoutLine: {'line': b'-- Installing: /home/yadhu/ur3e/src/install/moveit_msgs/include/moveit_msgs/moveit_msgs/srv/detail/get_robot_state_from_warehouse__rosidl_typesupport_fastrtps_c.h\n'}
[1.563139] (moveit_msgs) StdoutLine: {'line': b'-- Installing: /home/yadhu/ur3e/src/install/moveit_msgs/include/moveit_msgs/moveit_msgs/srv/detail/save_map__rosidl_typesupport_fastrtps_c.h\n'}
[1.563196] (moveit_msgs) StdoutLine: {'line': b'-- Installing: /home/yadhu/ur3e/src/install/moveit_msgs/include/moveit_msgs/moveit_msgs/srv/detail/grasp_planning__rosidl_typesupport_fastrtps_c.h\n'}
[1.563224] (moveit_msgs) StdoutLine: {'line': b'-- Installing: /home/yadhu/ur3e/src/install/moveit_msgs/include/moveit_msgs/moveit_msgs/srv/detail/query_planner_interfaces__rosidl_typesupport_fastrtps_c.h\n'}
[1.563269] (moveit_msgs) StdoutLine: {'line': b'-- Installing: /home/yadhu/ur3e/src/install/moveit_msgs/include/moveit_msgs/moveit_msgs/srv/detail/get_position_fk__rosidl_typesupport_fastrtps_c.h\n'}
[1.563297] (moveit_msgs) StdoutLine: {'line': b'-- Installing: /home/yadhu/ur3e/src/install/moveit_msgs/include/moveit_msgs/moveit_msgs/srv/detail/rename_robot_state_in_warehouse__rosidl_typesupport_fastrtps_c.h\n'}
[1.563332] (moveit_msgs) StdoutLine: {'line': b'-- Installing: /home/yadhu/ur3e/src/install/moveit_msgs/include/moveit_msgs/moveit_msgs/srv/detail/check_if_robot_state_exists_in_warehouse__rosidl_typesupport_fastrtps_c.h\n'}
[1.563415] (moveit_msgs) StdoutLine: {'line': b'-- Installing: /home/yadhu/ur3e/src/install/moveit_msgs/include/moveit_msgs/moveit_msgs/srv/detail/delete_robot_state_from_warehouse__rosidl_typesupport_fastrtps_c.h\n'}
[1.563905] (moveit_msgs) StdoutLine: {'line': b'-- Installing: /home/yadhu/ur3e/src/install/moveit_msgs/include/moveit_msgs/moveit_msgs/srv/detail/get_cartesian_path__rosidl_typesupport_fastrtps_c.h\n'}
[1.564170] (moveit_msgs) StdoutLine: {'line': b'-- Installing: /home/yadhu/ur3e/src/install/moveit_msgs/include/moveit_msgs/moveit_msgs/srv/detail/get_planner_params__rosidl_typesupport_fastrtps_c.h\n'}
[1.564217] (moveit_msgs) StdoutLine: {'line': b'-- Installing: /home/yadhu/ur3e/src/install/moveit_msgs/include/moveit_msgs/moveit_msgs/srv/detail/apply_planning_scene__rosidl_typesupport_fastrtps_c.h\n'}
[1.564258] (moveit_msgs) StdoutLine: {'line': b'-- Installing: /home/yadhu/ur3e/src/install/moveit_msgs/include/moveit_msgs/moveit_msgs/srv/detail/get_position_ik__rosidl_typesupport_fastrtps_c.h\n'}
[1.564444] (moveit_msgs) StdoutLine: {'line': b'-- Installing: /home/yadhu/ur3e/src/install/moveit_msgs/include/moveit_msgs/moveit_msgs/srv/detail/change_control_dimensions__rosidl_typesupport_fastrtps_c.h\n'}
[1.564475] (moveit_msgs) StdoutLine: {'line': b'-- Installing: /home/yadhu/ur3e/src/install/moveit_msgs/include/moveit_msgs/moveit_msgs/srv/detail/update_pointcloud_octomap__rosidl_typesupport_fastrtps_c.h\n'}
[1.564502] (moveit_msgs) StdoutLine: {'line': b'-- Installing: /home/yadhu/ur3e/src/install/moveit_msgs/include/moveit_msgs/moveit_msgs/srv/detail/set_planner_params__rosidl_typesupport_fastrtps_c.h\n'}
[1.564531] (moveit_msgs) StdoutLine: {'line': b'-- Installing: /home/yadhu/ur3e/src/install/moveit_msgs/include/moveit_msgs/moveit_msgs/srv/detail/change_drift_dimensions__rosidl_typesupport_fastrtps_c.h\n'}
[1.564557] (moveit_msgs) StdoutLine: {'line': b'-- Installing: /home/yadhu/ur3e/src/install/moveit_msgs/lib/libmoveit_msgs__rosidl_typesupport_fastrtps_c.so\n'}
[1.565123] (moveit_msgs) StdoutLine: {'line': b'-- Set runtime path of "/home/yadhu/ur3e/src/install/moveit_msgs/lib/libmoveit_msgs__rosidl_typesupport_fastrtps_c.so" to ""\n'}
[1.565189] (moveit_msgs) StdoutLine: {'line': b'-- Up-to-date: /home/yadhu/ur3e/src/install/moveit_msgs/include/moveit_msgs/moveit_msgs\n'}
[1.565267] (moveit_msgs) StdoutLine: {'line': b'-- Up-to-date: /home/yadhu/ur3e/src/install/moveit_msgs/include/moveit_msgs/moveit_msgs/action\n'}
[1.565378] (moveit_msgs) StdoutLine: {'line': b'-- Up-to-date: /home/yadhu/ur3e/src/install/moveit_msgs/include/moveit_msgs/moveit_msgs/action/detail\n'}
[1.565438] (moveit_msgs) StdoutLine: {'line': b'-- Installing: /home/yadhu/ur3e/src/install/moveit_msgs/include/moveit_msgs/moveit_msgs/action/detail/hybrid_planner__rosidl_typesupport_introspection_c.h\n'}
[1.565495] (moveit_msgs) StdoutLine: {'line': b'-- Installing: /home/yadhu/ur3e/src/install/moveit_msgs/include/moveit_msgs/moveit_msgs/action/detail/pickup__rosidl_typesupport_introspection_c.h\n'}
[1.565580] (moveit_msgs) StdoutLine: {'line': b'-- Installing: /home/yadhu/ur3e/src/install/moveit_msgs/include/moveit_msgs/moveit_msgs/action/detail/local_planner__rosidl_typesupport_introspection_c.h\n'}
[1.565638] (moveit_msgs) StdoutLine: {'line': b'-- Installing: /home/yadhu/ur3e/src/install/moveit_msgs/include/moveit_msgs/moveit_msgs/action/detail/place__rosidl_typesupport_introspection_c.h\n'}
[1.565694] (moveit_msgs) StdoutLine: {'line': b'-- Installing: /home/yadhu/ur3e/src/install/moveit_msgs/include/moveit_msgs/moveit_msgs/action/detail/execute_trajectory__rosidl_typesupport_introspection_c.h\n'}
[1.565749] (moveit_msgs) StdoutLine: {'line': b'-- Installing: /home/yadhu/ur3e/src/install/moveit_msgs/include/moveit_msgs/moveit_msgs/action/detail/place__type_support.c\n'}
[1.565867] (moveit_msgs) StdoutLine: {'line': b'-- Installing: /home/yadhu/ur3e/src/install/moveit_msgs/include/moveit_msgs/moveit_msgs/action/detail/global_planner__rosidl_typesupport_introspection_c.h\n'}
[1.565944] (moveit_msgs) StdoutLine: {'line': b'-- Installing: /home/yadhu/ur3e/src/install/moveit_msgs/include/moveit_msgs/moveit_msgs/action/detail/local_planner__type_support.c\n'}
[1.566298] (moveit_msgs) StdoutLine: {'line': b'-- Installing: /home/yadhu/ur3e/src/install/moveit_msgs/include/moveit_msgs/moveit_msgs/action/detail/hybrid_planner__type_support.c\n'}
[1.566558] (moveit_msgs) StdoutLine: {'line': b'-- Installing: /home/yadhu/ur3e/src/install/moveit_msgs/include/moveit_msgs/moveit_msgs/action/detail/move_group_sequence__rosidl_typesupport_introspection_c.h\n'}
[1.566632] (moveit_msgs) StdoutLine: {'line': b'-- Installing: /home/yadhu/ur3e/src/install/moveit_msgs/include/moveit_msgs/moveit_msgs/action/detail/pickup__type_support.c\n'}
[1.567003] (moveit_msgs) StdoutLine: {'line': b'-- Installing: /home/yadhu/ur3e/src/install/moveit_msgs/include/moveit_msgs/moveit_msgs/action/detail/move_group__rosidl_typesupport_introspection_c.h\n'}
[1.567116] (moveit_msgs) StdoutLine: {'line': b'-- Installing: /home/yadhu/ur3e/src/install/moveit_msgs/include/moveit_msgs/moveit_msgs/action/detail/move_group_sequence__type_support.c\n'}
[1.567428] (moveit_msgs) StdoutLine: {'line': b'-- Installing: /home/yadhu/ur3e/src/install/moveit_msgs/include/moveit_msgs/moveit_msgs/action/detail/move_group__type_support.c\n'}
[1.567714] (moveit_msgs) StdoutLine: {'line': b'-- Installing: /home/yadhu/ur3e/src/install/moveit_msgs/include/moveit_msgs/moveit_msgs/action/detail/global_planner__type_support.c\n'}
[1.568152] (moveit_msgs) StdoutLine: {'line': b'-- Installing: /home/yadhu/ur3e/src/install/moveit_msgs/include/moveit_msgs/moveit_msgs/action/detail/execute_trajectory__type_support.c\n'}
[1.568799] (moveit_msgs) StdoutLine: {'line': b'-- Up-to-date: /home/yadhu/ur3e/src/install/moveit_msgs/include/moveit_msgs/moveit_msgs/msg\n'}
[1.568931] (moveit_msgs) StdoutLine: {'line': b'-- Up-to-date: /home/yadhu/ur3e/src/install/moveit_msgs/include/moveit_msgs/moveit_msgs/msg/detail\n'}
[1.568970] (moveit_msgs) StdoutLine: {'line': b'-- Installing: /home/yadhu/ur3e/src/install/moveit_msgs/include/moveit_msgs/moveit_msgs/msg/detail/workspace_parameters__type_support.c\n'}
[1.569000] (moveit_msgs) StdoutLine: {'line': b'-- Installing: /home/yadhu/ur3e/src/install/moveit_msgs/include/moveit_msgs/moveit_msgs/msg/detail/motion_plan_detailed_response__type_support.c\n'}
[1.569028] (moveit_msgs) StdoutLine: {'line': b'-- Installing: /home/yadhu/ur3e/src/install/moveit_msgs/include/moveit_msgs/moveit_msgs/msg/detail/motion_plan_request__type_support.c\n'}
[1.569327] (moveit_msgs) StdoutLine: {'line': b'-- Installing: /home/yadhu/ur3e/src/install/moveit_msgs/include/moveit_msgs/moveit_msgs/msg/detail/position_ik_request__type_support.c\n'}
[1.569383] (moveit_msgs) StdoutLine: {'line': b'-- Installing: /home/yadhu/ur3e/src/install/moveit_msgs/include/moveit_msgs/moveit_msgs/msg/detail/motion_plan_response__type_support.c\n'}
[1.569462] (moveit_msgs) StdoutLine: {'line': b'-- Installing: /home/yadhu/ur3e/src/install/moveit_msgs/include/moveit_msgs/moveit_msgs/msg/detail/cartesian_trajectory__rosidl_typesupport_introspection_c.h\n'}
[1.569523] (moveit_msgs) StdoutLine: {'line': b'-- Installing: /home/yadhu/ur3e/src/install/moveit_msgs/include/moveit_msgs/moveit_msgs/msg/detail/contact_information__rosidl_typesupport_introspection_c.h\n'}
[1.569607] (moveit_msgs) StdoutLine: {'line': b'-- Installing: /home/yadhu/ur3e/src/install/moveit_msgs/include/moveit_msgs/moveit_msgs/msg/detail/trajectory_constraints__type_support.c\n'}
[1.569777] (moveit_msgs) StdoutLine: {'line': b'-- Installing: /home/yadhu/ur3e/src/install/moveit_msgs/include/moveit_msgs/moveit_msgs/msg/detail/robot_trajectory__rosidl_typesupport_introspection_c.h\n'}
[1.569846] (moveit_msgs) StdoutLine: {'line': b'-- Installing: /home/yadhu/ur3e/src/install/moveit_msgs/include/moveit_msgs/moveit_msgs/msg/detail/oriented_bounding_box__type_support.c\n'}
[1.569875] (moveit_msgs) StdoutLine: {'line': b'-- Installing: /home/yadhu/ur3e/src/install/moveit_msgs/include/moveit_msgs/moveit_msgs/msg/detail/planning_options__rosidl_typesupport_introspection_c.h\n'}
[1.569902] (moveit_msgs) StdoutLine: {'line': b'-- Installing: /home/yadhu/ur3e/src/install/moveit_msgs/include/moveit_msgs/moveit_msgs/msg/detail/visibility_constraint__rosidl_typesupport_introspection_c.h\n'}
[1.569958] (moveit_msgs) StdoutLine: {'line': b'-- Installing: /home/yadhu/ur3e/src/install/moveit_msgs/include/moveit_msgs/moveit_msgs/msg/detail/planning_scene__rosidl_typesupport_introspection_c.h\n'}
[1.569987] (moveit_msgs) StdoutLine: {'line': b'-- Installing: /home/yadhu/ur3e/src/install/moveit_msgs/include/moveit_msgs/moveit_msgs/msg/detail/oriented_bounding_box__rosidl_typesupport_introspection_c.h\n'}
[1.570036] (moveit_msgs) StdoutLine: {'line': b'-- Installing: /home/yadhu/ur3e/src/install/moveit_msgs/include/moveit_msgs/moveit_msgs/msg/detail/planning_scene_components__type_support.c\n'}
[1.570075] (moveit_msgs) StdoutLine: {'line': b'-- Installing: /home/yadhu/ur3e/src/install/moveit_msgs/include/moveit_msgs/moveit_msgs/msg/detail/grasp__rosidl_typesupport_introspection_c.h\n'}
[1.570105] (moveit_msgs) StdoutLine: {'line': b'-- Installing: /home/yadhu/ur3e/src/install/moveit_msgs/include/moveit_msgs/moveit_msgs/msg/detail/grasp__type_support.c\n'}
[1.570367] (moveit_msgs) StdoutLine: {'line': b'-- Installing: /home/yadhu/ur3e/src/install/moveit_msgs/include/moveit_msgs/moveit_msgs/msg/detail/planning_options__type_support.c\n'}
[1.570421] (moveit_msgs) StdoutLine: {'line': b'-- Installing: /home/yadhu/ur3e/src/install/moveit_msgs/include/moveit_msgs/moveit_msgs/msg/detail/motion_plan_detailed_response__rosidl_typesupport_introspection_c.h\n'}
[1.570485] (moveit_msgs) StdoutLine: {'line': b'-- Installing: /home/yadhu/ur3e/src/install/moveit_msgs/include/moveit_msgs/moveit_msgs/msg/detail/link_padding__type_support.c\n'}
[1.570555] (moveit_msgs) StdoutLine: {'line': b'-- Installing: /home/yadhu/ur3e/src/install/moveit_msgs/include/moveit_msgs/moveit_msgs/msg/detail/robot_state__type_support.c\n'}
[1.570721] (moveit_msgs) StdoutLine: {'line': b'-- Installing: /home/yadhu/ur3e/src/install/moveit_msgs/include/moveit_msgs/moveit_msgs/msg/detail/cartesian_point__type_support.c\n'}
[1.570752] (moveit_msgs) StdoutLine: {'line': b'-- Installing: /home/yadhu/ur3e/src/install/moveit_msgs/include/moveit_msgs/moveit_msgs/msg/detail/place_location__rosidl_typesupport_introspection_c.h\n'}
[1.570838] (moveit_msgs) StdoutLine: {'line': b'-- Installing: /home/yadhu/ur3e/src/install/moveit_msgs/include/moveit_msgs/moveit_msgs/msg/detail/object_color__type_support.c\n'}
[1.570868] (moveit_msgs) StdoutLine: {'line': b'-- Installing: /home/yadhu/ur3e/src/install/moveit_msgs/include/moveit_msgs/moveit_msgs/msg/detail/planner_params__type_support.c\n'}
[1.571089] (moveit_msgs) StdoutLine: {'line': b'-- Installing: /home/yadhu/ur3e/src/install/moveit_msgs/include/moveit_msgs/moveit_msgs/msg/detail/allowed_collision_entry__rosidl_typesupport_introspection_c.h\n'}
[1.571120] (moveit_msgs) StdoutLine: {'line': b'-- Installing: /home/yadhu/ur3e/src/install/moveit_msgs/include/moveit_msgs/moveit_msgs/msg/detail/gripper_translation__rosidl_typesupport_introspection_c.h\n'}
[1.571170] (moveit_msgs) StdoutLine: {'line': b'-- Installing: /home/yadhu/ur3e/src/install/moveit_msgs/include/moveit_msgs/moveit_msgs/msg/detail/allowed_collision_entry__type_support.c\n'}
[1.571197] (moveit_msgs) StdoutLine: {'line': b'-- Installing: /home/yadhu/ur3e/src/install/moveit_msgs/include/moveit_msgs/moveit_msgs/msg/detail/planning_scene_world__rosidl_typesupport_introspection_c.h\n'}
[1.571252] (moveit_msgs) StdoutLine: {'line': b'-- Installing: /home/yadhu/ur3e/src/install/moveit_msgs/include/moveit_msgs/moveit_msgs/msg/detail/move_it_error_codes__type_support.c\n'}
[1.571281] (moveit_msgs) StdoutLine: {'line': b'-- Installing: /home/yadhu/ur3e/src/install/moveit_msgs/include/moveit_msgs/moveit_msgs/msg/detail/bounding_volume__rosidl_typesupport_introspection_c.h\n'}
[1.571332] (moveit_msgs) StdoutLine: {'line': b'-- Installing: /home/yadhu/ur3e/src/install/moveit_msgs/include/moveit_msgs/moveit_msgs/msg/detail/link_scale__type_support.c\n'}
[1.571391] (moveit_msgs) StdoutLine: {'line': b'-- Installing: /home/yadhu/ur3e/src/install/moveit_msgs/include/moveit_msgs/moveit_msgs/msg/detail/constraints__rosidl_typesupport_introspection_c.h\n'}
[1.571420] (moveit_msgs) StdoutLine: {'line': b'-- Installing: /home/yadhu/ur3e/src/install/moveit_msgs/include/moveit_msgs/moveit_msgs/msg/detail/move_it_error_codes__rosidl_typesupport_introspection_c.h\n'}
[1.571472] (moveit_msgs) StdoutLine: {'line': b'-- Installing: /home/yadhu/ur3e/src/install/moveit_msgs/include/moveit_msgs/moveit_msgs/msg/detail/cost_source__rosidl_typesupport_introspection_c.h\n'}
[1.571521] (moveit_msgs) StdoutLine: {'line': b'-- Installing: /home/yadhu/ur3e/src/install/moveit_msgs/include/moveit_msgs/moveit_msgs/msg/detail/display_robot_state__rosidl_typesupport_introspection_c.h\n'}
[1.571596] (moveit_msgs) StdoutLine: {'line': b'-- Installing: /home/yadhu/ur3e/src/install/moveit_msgs/include/moveit_msgs/moveit_msgs/msg/detail/gripper_translation__type_support.c\n'}
[1.571629] (moveit_msgs) StdoutLine: {'line': b'-- Installing: /home/yadhu/ur3e/src/install/moveit_msgs/include/moveit_msgs/moveit_msgs/msg/detail/motion_sequence_request__type_support.c\n'}
[1.571786] (moveit_msgs) StdoutLine: {'line': b'-- Installing: /home/yadhu/ur3e/src/install/moveit_msgs/include/moveit_msgs/moveit_msgs/msg/detail/planner_interface_description__type_support.c\n'}
[1.571864] (moveit_msgs) StdoutLine: {'line': b'-- Installing: /home/yadhu/ur3e/src/install/moveit_msgs/include/moveit_msgs/moveit_msgs/msg/detail/orientation_constraint__rosidl_typesupport_introspection_c.h\n'}
[1.571907] (moveit_msgs) StdoutLine: {'line': b'-- Installing: /home/yadhu/ur3e/src/install/moveit_msgs/include/moveit_msgs/moveit_msgs/msg/detail/motion_sequence_item__type_support.c\n'}
[1.571945] (moveit_msgs) StdoutLine: {'line': b'-- Installing: /home/yadhu/ur3e/src/install/moveit_msgs/include/moveit_msgs/moveit_msgs/msg/detail/constraints__type_support.c\n'}
[1.572169] (moveit_msgs) StdoutLine: {'line': b'-- Installing: /home/yadhu/ur3e/src/install/moveit_msgs/include/moveit_msgs/moveit_msgs/msg/detail/cartesian_trajectory__type_support.c\n'}
[1.572305] (moveit_msgs) StdoutLine: {'line': b'-- Installing: /home/yadhu/ur3e/src/install/moveit_msgs/include/moveit_msgs/moveit_msgs/msg/detail/position_constraint__rosidl_typesupport_introspection_c.h\n'}
[1.572411] (moveit_msgs) StdoutLine: {'line': b'-- Installing: /home/yadhu/ur3e/src/install/moveit_msgs/include/moveit_msgs/moveit_msgs/msg/detail/link_scale__rosidl_typesupport_introspection_c.h\n'}
[1.572442] (moveit_msgs) StdoutLine: {'line': b'-- Installing: /home/yadhu/ur3e/src/install/moveit_msgs/include/moveit_msgs/moveit_msgs/msg/detail/robot_state__rosidl_typesupport_introspection_c.h\n'}
[1.572499] (moveit_msgs) StdoutLine: {'line': b'-- Installing: /home/yadhu/ur3e/src/install/moveit_msgs/include/moveit_msgs/moveit_msgs/msg/detail/trajectory_constraints__rosidl_typesupport_introspection_c.h\n'}
[1.572527] (moveit_msgs) StdoutLine: {'line': b'-- Installing: /home/yadhu/ur3e/src/install/moveit_msgs/include/moveit_msgs/moveit_msgs/msg/detail/orientation_constraint__type_support.c\n'}
[1.572702] (moveit_msgs) StdoutLine: {'line': b'-- Installing: /home/yadhu/ur3e/src/install/moveit_msgs/include/moveit_msgs/moveit_msgs/msg/detail/cartesian_trajectory_point__type_support.c\n'}
[1.572778] (moveit_msgs) StdoutLine: {'line': b'-- Installing: /home/yadhu/ur3e/src/install/moveit_msgs/include/moveit_msgs/moveit_msgs/msg/detail/robot_trajectory__type_support.c\n'}
[1.572810] (moveit_msgs) StdoutLine: {'line': b'-- Installing: /home/yadhu/ur3e/src/install/moveit_msgs/include/moveit_msgs/moveit_msgs/msg/detail/allowed_collision_matrix__rosidl_typesupport_introspection_c.h\n'}
[1.572839] (moveit_msgs) StdoutLine: {'line': b'-- Installing: /home/yadhu/ur3e/src/install/moveit_msgs/include/moveit_msgs/moveit_msgs/msg/detail/constraint_eval_result__rosidl_typesupport_introspection_c.h\n'}
[1.572898] (moveit_msgs) StdoutLine: {'line': b'-- Installing: /home/yadhu/ur3e/src/install/moveit_msgs/include/moveit_msgs/moveit_msgs/msg/detail/joint_limits__type_support.c\n'}
[1.572973] (moveit_msgs) StdoutLine: {'line': b'-- Installing: /home/yadhu/ur3e/src/install/moveit_msgs/include/moveit_msgs/moveit_msgs/msg/detail/position_ik_request__rosidl_typesupport_introspection_c.h\n'}
[1.573098] (moveit_msgs) StdoutLine: {'line': b'-- Installing: /home/yadhu/ur3e/src/install/moveit_msgs/include/moveit_msgs/moveit_msgs/msg/detail/cartesian_point__rosidl_typesupport_introspection_c.h\n'}
[1.573131] (moveit_msgs) StdoutLine: {'line': b'-- Installing: /home/yadhu/ur3e/src/install/moveit_msgs/include/moveit_msgs/moveit_msgs/msg/detail/motion_sequence_response__type_support.c\n'}
[1.573409] (ur3e_gripper_moveit) JobEnded: {'identifier': 'ur3e_gripper_moveit', 'rc': 0}
[1.573625] (moveit_msgs) StdoutLine: {'line': b'-- Installing: /home/yadhu/ur3e/src/install/moveit_msgs/include/moveit_msgs/moveit_msgs/msg/detail/display_robot_state__type_support.c\n'}
[1.573673] (moveit_msgs) StdoutLine: {'line': b'-- Installing: /home/yadhu/ur3e/src/install/moveit_msgs/include/moveit_msgs/moveit_msgs/msg/detail/planning_scene_components__rosidl_typesupport_introspection_c.h\n'}
[1.573700] (moveit_msgs) StdoutLine: {'line': b'-- Installing: /home/yadhu/ur3e/src/install/moveit_msgs/include/moveit_msgs/moveit_msgs/msg/detail/bounding_volume__type_support.c\n'}
[1.573781] (moveit_msgs) StdoutLine: {'line': b'-- Installing: /home/yadhu/ur3e/src/install/moveit_msgs/include/moveit_msgs/moveit_msgs/msg/detail/planner_interface_description__rosidl_typesupport_introspection_c.h\n'}
[1.573828] (moveit_msgs) StdoutLine: {'line': b'-- Installing: /home/yadhu/ur3e/src/install/moveit_msgs/include/moveit_msgs/moveit_msgs/msg/detail/motion_sequence_request__rosidl_typesupport_introspection_c.h\n'}
[1.573873] (moveit_msgs) StdoutLine: {'line': b'-- Installing: /home/yadhu/ur3e/src/install/moveit_msgs/include/moveit_msgs/moveit_msgs/msg/detail/display_trajectory__rosidl_typesupport_introspection_c.h\n'}
[1.573917] (moveit_msgs) StdoutLine: {'line': b'-- Installing: /home/yadhu/ur3e/src/install/moveit_msgs/include/moveit_msgs/moveit_msgs/msg/detail/display_trajectory__type_support.c\n'}
[1.574070] (moveit_msgs) StdoutLine: {'line': b'-- Installing: /home/yadhu/ur3e/src/install/moveit_msgs/include/moveit_msgs/moveit_msgs/msg/detail/link_padding__rosidl_typesupport_introspection_c.h\n'}
[1.574115] (moveit_msgs) StdoutLine: {'line': b'-- Installing: /home/yadhu/ur3e/src/install/moveit_msgs/include/moveit_msgs/moveit_msgs/msg/detail/motion_plan_response__rosidl_typesupport_introspection_c.h\n'}
[1.574160] (moveit_msgs) StdoutLine: {'line': b'-- Installing: /home/yadhu/ur3e/src/install/moveit_msgs/include/moveit_msgs/moveit_msgs/msg/detail/motion_sequence_item__rosidl_typesupport_introspection_c.h\n'}
[1.574205] (moveit_msgs) StdoutLine: {'line': b'-- Installing: /home/yadhu/ur3e/src/install/moveit_msgs/include/moveit_msgs/moveit_msgs/msg/detail/planning_scene_world__type_support.c\n'}
[1.574403] (moveit_msgs) StdoutLine: {'line': b'-- Installing: /home/yadhu/ur3e/src/install/moveit_msgs/include/moveit_msgs/moveit_msgs/msg/detail/contact_information__type_support.c\n'}
[1.574605] (moveit_msgs) StdoutLine: {'line': b'-- Installing: /home/yadhu/ur3e/src/install/moveit_msgs/include/moveit_msgs/moveit_msgs/msg/detail/object_color__rosidl_typesupport_introspection_c.h\n'}
[1.574647] (moveit_msgs) StdoutLine: {'line': b'-- Installing: /home/yadhu/ur3e/src/install/moveit_msgs/include/moveit_msgs/moveit_msgs/msg/detail/collision_object__rosidl_typesupport_introspection_c.h\n'}
[1.574691] (moveit_msgs) StdoutLine: {'line': b'-- Installing: /home/yadhu/ur3e/src/install/moveit_msgs/include/moveit_msgs/moveit_msgs/msg/detail/visibility_constraint__type_support.c\n'}
[1.574841] (moveit_msgs) StdoutLine: {'line': b'-- Installing: /home/yadhu/ur3e/src/install/moveit_msgs/include/moveit_msgs/moveit_msgs/msg/detail/attached_collision_object__rosidl_typesupport_introspection_c.h\n'}
[1.574885] (moveit_msgs) StdoutLine: {'line': b'-- Installing: /home/yadhu/ur3e/src/install/moveit_msgs/include/moveit_msgs/moveit_msgs/msg/detail/workspace_parameters__rosidl_typesupport_introspection_c.h\n'}
[1.574928] (moveit_msgs) StdoutLine: {'line': b'-- Installing: /home/yadhu/ur3e/src/install/moveit_msgs/include/moveit_msgs/moveit_msgs/msg/detail/cost_source__type_support.c\n'}
[1.574972] (moveit_msgs) StdoutLine: {'line': b'-- Installing: /home/yadhu/ur3e/src/install/moveit_msgs/include/moveit_msgs/moveit_msgs/msg/detail/motion_plan_request__rosidl_typesupport_introspection_c.h\n'}
[1.575017] (moveit_msgs) StdoutLine: {'line': b'-- Installing: /home/yadhu/ur3e/src/install/moveit_msgs/include/moveit_msgs/moveit_msgs/msg/detail/generic_trajectory__rosidl_typesupport_introspection_c.h\n'}
[1.575057] (moveit_msgs) StdoutLine: {'line': b'-- Installing: /home/yadhu/ur3e/src/install/moveit_msgs/include/moveit_msgs/moveit_msgs/msg/detail/motion_sequence_response__rosidl_typesupport_introspection_c.h\n'}
[1.575103] (moveit_msgs) StdoutLine: {'line': b'-- Installing: /home/yadhu/ur3e/src/install/moveit_msgs/include/moveit_msgs/moveit_msgs/msg/detail/joint_constraint__rosidl_typesupport_introspection_c.h\n'}
[1.575146] (moveit_msgs) StdoutLine: {'line': b'-- Installing: /home/yadhu/ur3e/src/install/moveit_msgs/include/moveit_msgs/moveit_msgs/msg/detail/kinematic_solver_info__rosidl_typesupport_introspection_c.h\n'}
[1.575190] (moveit_msgs) StdoutLine: {'line': b'-- Installing: /home/yadhu/ur3e/src/install/moveit_msgs/include/moveit_msgs/moveit_msgs/msg/detail/kinematic_solver_info__type_support.c\n'}
[1.575358] (moveit_msgs) StdoutLine: {'line': b'-- Installing: /home/yadhu/ur3e/src/install/moveit_msgs/include/moveit_msgs/moveit_msgs/msg/detail/position_constraint__type_support.c\n'}
[1.575506] (moveit_msgs) StdoutLine: {'line': b'-- Installing: /home/yadhu/ur3e/src/install/moveit_msgs/include/moveit_msgs/moveit_msgs/msg/detail/generic_trajectory__type_support.c\n'}
[1.575687] (moveit_msgs) StdoutLine: {'line': b'-- Installing: /home/yadhu/ur3e/src/install/moveit_msgs/include/moveit_msgs/moveit_msgs/msg/detail/collision_object__type_support.c\n'}
[1.575985] (moveit_msgs) StdoutLine: {'line': b'-- Installing: /home/yadhu/ur3e/src/install/moveit_msgs/include/moveit_msgs/moveit_msgs/msg/detail/allowed_collision_matrix__type_support.c\n'}
[1.576217] (moveit_msgs) StdoutLine: {'line': b'-- Installing: /home/yadhu/ur3e/src/install/moveit_msgs/include/moveit_msgs/moveit_msgs/msg/detail/planning_scene__type_support.c\n'}
[1.576476] (moveit_msgs) StdoutLine: {'line': b'-- Installing: /home/yadhu/ur3e/src/install/moveit_msgs/include/moveit_msgs/moveit_msgs/msg/detail/constraint_eval_result__type_support.c\n'}
[1.576519] (moveit_msgs) StdoutLine: {'line': b'-- Installing: /home/yadhu/ur3e/src/install/moveit_msgs/include/moveit_msgs/moveit_msgs/msg/detail/attached_collision_object__type_support.c\n'}
[1.576655] (moveit_msgs) StdoutLine: {'line': b'-- Installing: /home/yadhu/ur3e/src/install/moveit_msgs/include/moveit_msgs/moveit_msgs/msg/detail/cartesian_trajectory_point__rosidl_typesupport_introspection_c.h\n'}
[1.576700] (moveit_msgs) StdoutLine: {'line': b'-- Installing: /home/yadhu/ur3e/src/install/moveit_msgs/include/moveit_msgs/moveit_msgs/msg/detail/place_location__type_support.c\n'}
[1.576869] (moveit_msgs) StdoutLine: {'line': b'-- Installing: /home/yadhu/ur3e/src/install/moveit_msgs/include/moveit_msgs/moveit_msgs/msg/detail/joint_constraint__type_support.c\n'}
[1.576916] (moveit_msgs) StdoutLine: {'line': b'-- Installing: /home/yadhu/ur3e/src/install/moveit_msgs/include/moveit_msgs/moveit_msgs/msg/detail/joint_limits__rosidl_typesupport_introspection_c.h\n'}
[1.576960] (moveit_msgs) StdoutLine: {'line': b'-- Installing: /home/yadhu/ur3e/src/install/moveit_msgs/include/moveit_msgs/moveit_msgs/msg/detail/planner_params__rosidl_typesupport_introspection_c.h\n'}
[1.577006] (moveit_msgs) StdoutLine: {'line': b'-- Installing: /home/yadhu/ur3e/src/install/moveit_msgs/include/moveit_msgs/moveit_msgs/msg/rosidl_typesupport_introspection_c__visibility_control.h\n'}
[1.577052] (moveit_msgs) StdoutLine: {'line': b'-- Up-to-date: /home/yadhu/ur3e/src/install/moveit_msgs/include/moveit_msgs/moveit_msgs/srv\n'}
[1.577101] (moveit_msgs) StdoutLine: {'line': b'-- Up-to-date: /home/yadhu/ur3e/src/install/moveit_msgs/include/moveit_msgs/moveit_msgs/srv/detail\n'}
[1.577127] (moveit_msgs) StdoutLine: {'line': b'-- Installing: /home/yadhu/ur3e/src/install/moveit_msgs/include/moveit_msgs/moveit_msgs/srv/detail/check_if_robot_state_exists_in_warehouse__type_support.c\n'}
[1.577275] (moveit_msgs) StdoutLine: {'line': b'-- Installing: /home/yadhu/ur3e/src/install/moveit_msgs/include/moveit_msgs/moveit_msgs/srv/detail/get_planning_scene__type_support.c\n'}
[1.577425] (moveit_msgs) StdoutLine: {'line': b'-- Installing: /home/yadhu/ur3e/src/install/moveit_msgs/include/moveit_msgs/moveit_msgs/srv/detail/query_planner_interfaces__type_support.c\n'}
[1.577683] (moveit_msgs) StdoutLine: {'line': b'-- Installing: /home/yadhu/ur3e/src/install/moveit_msgs/include/moveit_msgs/moveit_msgs/srv/detail/set_planner_params__type_support.c\n'}
[1.577850] (moveit_msgs) StdoutLine: {'line': b'-- Installing: /home/yadhu/ur3e/src/install/moveit_msgs/include/moveit_msgs/moveit_msgs/srv/detail/load_map__type_support.c\n'}
[1.577990] (moveit_msgs) StdoutLine: {'line': b'-- Installing: /home/yadhu/ur3e/src/install/moveit_msgs/include/moveit_msgs/moveit_msgs/srv/detail/change_drift_dimensions__rosidl_typesupport_introspection_c.h\n'}
[1.578035] (moveit_msgs) StdoutLine: {'line': b'-- Installing: /home/yadhu/ur3e/src/install/moveit_msgs/include/moveit_msgs/moveit_msgs/srv/detail/get_planner_params__type_support.c\n'}
[1.578179] (moveit_msgs) StdoutLine: {'line': b'-- Installing: /home/yadhu/ur3e/src/install/moveit_msgs/include/moveit_msgs/moveit_msgs/srv/detail/get_planner_params__rosidl_typesupport_introspection_c.h\n'}
[1.578223] (moveit_msgs) StdoutLine: {'line': b'-- Installing: /home/yadhu/ur3e/src/install/moveit_msgs/include/moveit_msgs/moveit_msgs/srv/detail/grasp_planning__type_support.c\n'}
[1.578377] (moveit_msgs) StdoutLine: {'line': b'-- Installing: /home/yadhu/ur3e/src/install/moveit_msgs/include/moveit_msgs/moveit_msgs/srv/detail/get_motion_sequence__rosidl_typesupport_introspection_c.h\n'}
[1.578421] (moveit_msgs) StdoutLine: {'line': b'-- Installing: /home/yadhu/ur3e/src/install/moveit_msgs/include/moveit_msgs/moveit_msgs/srv/detail/save_map__rosidl_typesupport_introspection_c.h\n'}
[1.578469] (moveit_msgs) StdoutLine: {'line': b'-- Installing: /home/yadhu/ur3e/src/install/moveit_msgs/include/moveit_msgs/moveit_msgs/srv/detail/list_robot_states_in_warehouse__rosidl_typesupport_introspection_c.h\n'}
[1.578513] (moveit_msgs) StdoutLine: {'line': b'-- Installing: /home/yadhu/ur3e/src/install/moveit_msgs/include/moveit_msgs/moveit_msgs/srv/detail/get_position_ik__rosidl_typesupport_introspection_c.h\n'}
[1.578558] (moveit_msgs) StdoutLine: {'line': b'-- Installing: /home/yadhu/ur3e/src/install/moveit_msgs/include/moveit_msgs/moveit_msgs/srv/detail/get_motion_plan__rosidl_typesupport_introspection_c.h\n'}
[1.578606] (moveit_msgs) StdoutLine: {'line': b'-- Installing: /home/yadhu/ur3e/src/install/moveit_msgs/include/moveit_msgs/moveit_msgs/srv/detail/get_position_fk__rosidl_typesupport_introspection_c.h\n'}
[1.578649] (moveit_msgs) StdoutLine: {'line': b'-- Installing: /home/yadhu/ur3e/src/install/moveit_msgs/include/moveit_msgs/moveit_msgs/srv/detail/get_motion_plan__type_support.c\n'}
[1.578857] (moveit_msgs) StdoutLine: {'line': b'-- Installing: /home/yadhu/ur3e/src/install/moveit_msgs/include/moveit_msgs/moveit_msgs/srv/detail/list_robot_states_in_warehouse__type_support.c\n'}
[1.579054] (moveit_msgs) StdoutLine: {'line': b'-- Installing: /home/yadhu/ur3e/src/install/moveit_msgs/include/moveit_msgs/moveit_msgs/srv/detail/load_map__rosidl_typesupport_introspection_c.h\n'}
[1.579099] (moveit_msgs) StdoutLine: {'line': b'-- Installing: /home/yadhu/ur3e/src/install/moveit_msgs/include/moveit_msgs/moveit_msgs/srv/detail/get_cartesian_path__rosidl_typesupport_introspection_c.h\n'}
[1.579145] (moveit_msgs) StdoutLine: {'line': b'-- Installing: /home/yadhu/ur3e/src/install/moveit_msgs/include/moveit_msgs/moveit_msgs/srv/detail/update_pointcloud_octomap__type_support.c\n'}
[1.579321] (moveit_msgs) StdoutLine: {'line': b'-- Installing: /home/yadhu/ur3e/src/install/moveit_msgs/include/moveit_msgs/moveit_msgs/srv/detail/query_planner_interfaces__rosidl_typesupport_introspection_c.h\n'}
[1.579367] (moveit_msgs) StdoutLine: {'line': b'-- Installing: /home/yadhu/ur3e/src/install/moveit_msgs/include/moveit_msgs/moveit_msgs/srv/detail/get_motion_sequence__type_support.c\n'}
[1.579600] (moveit_msgs) StdoutLine: {'line': b'-- Installing: /home/yadhu/ur3e/src/install/moveit_msgs/include/moveit_msgs/moveit_msgs/srv/detail/rename_robot_state_in_warehouse__rosidl_typesupport_introspection_c.h\n'}
[1.579644] (moveit_msgs) StdoutLine: {'line': b'-- Installing: /home/yadhu/ur3e/src/install/moveit_msgs/include/moveit_msgs/moveit_msgs/srv/detail/delete_robot_state_from_warehouse__rosidl_typesupport_introspection_c.h\n'}
[1.579686] (moveit_msgs) StdoutLine: {'line': b'-- Installing: /home/yadhu/ur3e/src/install/moveit_msgs/include/moveit_msgs/moveit_msgs/srv/detail/delete_robot_state_from_warehouse__type_support.c\n'}
[1.579872] (moveit_msgs) StdoutLine: {'line': b'-- Installing: /home/yadhu/ur3e/src/install/moveit_msgs/include/moveit_msgs/moveit_msgs/srv/detail/set_planner_params__rosidl_typesupport_introspection_c.h\n'}
[1.579914] (moveit_msgs) StdoutLine: {'line': b'-- Installing: /home/yadhu/ur3e/src/install/moveit_msgs/include/moveit_msgs/moveit_msgs/srv/detail/update_pointcloud_octomap__rosidl_typesupport_introspection_c.h\n'}
[1.579963] (moveit_msgs) StdoutLine: {'line': b'-- Installing: /home/yadhu/ur3e/src/install/moveit_msgs/include/moveit_msgs/moveit_msgs/srv/detail/save_map__type_support.c\n'}
[1.580120] (moveit_msgs) StdoutLine: {'line': b'-- Installing: /home/yadhu/ur3e/src/install/moveit_msgs/include/moveit_msgs/moveit_msgs/srv/detail/get_state_validity__type_support.c\n'}
[1.580421] (moveit_msgs) StdoutLine: {'line': b'-- Installing: /home/yadhu/ur3e/src/install/moveit_msgs/include/moveit_msgs/moveit_msgs/srv/detail/check_if_robot_state_exists_in_warehouse__rosidl_typesupport_introspection_c.h\n'}
[1.580492] (moveit_msgs) StdoutLine: {'line': b'-- Installing: /home/yadhu/ur3e/src/install/moveit_msgs/include/moveit_msgs/moveit_msgs/srv/detail/get_cartesian_path__type_support.c\n'}
[1.580655] (moveit_msgs) StdoutLine: {'line': b'-- Installing: /home/yadhu/ur3e/src/install/moveit_msgs/include/moveit_msgs/moveit_msgs/srv/detail/save_robot_state_to_warehouse__type_support.c\n'}
[1.580886] (moveit_msgs) StdoutLine: {'line': b'-- Installing: /home/yadhu/ur3e/src/install/moveit_msgs/include/moveit_msgs/moveit_msgs/srv/detail/get_position_ik__type_support.c\n'}
[1.581087] (moveit_msgs) StdoutLine: {'line': b'-- Installing: /home/yadhu/ur3e/src/install/moveit_msgs/include/moveit_msgs/moveit_msgs/srv/detail/apply_planning_scene__rosidl_typesupport_introspection_c.h\n'}
[1.581133] (moveit_msgs) StdoutLine: {'line': b'-- Installing: /home/yadhu/ur3e/src/install/moveit_msgs/include/moveit_msgs/moveit_msgs/srv/detail/apply_planning_scene__type_support.c\n'}
[1.581276] (moveit_msgs) StdoutLine: {'line': b'-- Installing: /home/yadhu/ur3e/src/install/moveit_msgs/include/moveit_msgs/moveit_msgs/srv/detail/get_planning_scene__rosidl_typesupport_introspection_c.h\n'}
[1.581330] (moveit_msgs) StdoutLine: {'line': b'-- Installing: /home/yadhu/ur3e/src/install/moveit_msgs/include/moveit_msgs/moveit_msgs/srv/detail/change_drift_dimensions__type_support.c\n'}
[1.581612] (moveit_msgs) StdoutLine: {'line': b'-- Installing: /home/yadhu/ur3e/src/install/moveit_msgs/include/moveit_msgs/moveit_msgs/srv/detail/get_robot_state_from_warehouse__type_support.c\n'}
[1.581791] (moveit_msgs) StdoutLine: {'line': b'-- Installing: /home/yadhu/ur3e/src/install/moveit_msgs/include/moveit_msgs/moveit_msgs/srv/detail/get_state_validity__rosidl_typesupport_introspection_c.h\n'}
[1.581867] (moveit_msgs) StdoutLine: {'line': b'-- Installing: /home/yadhu/ur3e/src/install/moveit_msgs/include/moveit_msgs/moveit_msgs/srv/detail/get_position_fk__type_support.c\n'}
[1.582002] (moveit_msgs) StdoutLine: {'line': b'-- Installing: /home/yadhu/ur3e/src/install/moveit_msgs/include/moveit_msgs/moveit_msgs/srv/detail/grasp_planning__rosidl_typesupport_introspection_c.h\n'}
[1.582049] (moveit_msgs) StdoutLine: {'line': b'-- Installing: /home/yadhu/ur3e/src/install/moveit_msgs/include/moveit_msgs/moveit_msgs/srv/detail/save_robot_state_to_warehouse__rosidl_typesupport_introspection_c.h\n'}
[1.582094] (moveit_msgs) StdoutLine: {'line': b'-- Installing: /home/yadhu/ur3e/src/install/moveit_msgs/include/moveit_msgs/moveit_msgs/srv/detail/get_robot_state_from_warehouse__rosidl_typesupport_introspection_c.h\n'}
[1.582146] (moveit_msgs) StdoutLine: {'line': b'-- Installing: /home/yadhu/ur3e/src/install/moveit_msgs/include/moveit_msgs/moveit_msgs/srv/detail/rename_robot_state_in_warehouse__type_support.c\n'}
[1.582324] (moveit_msgs) StdoutLine: {'line': b'-- Installing: /home/yadhu/ur3e/src/install/moveit_msgs/include/moveit_msgs/moveit_msgs/srv/detail/change_control_dimensions__rosidl_typesupport_introspection_c.h\n'}
[1.582376] (moveit_msgs) StdoutLine: {'line': b'-- Installing: /home/yadhu/ur3e/src/install/moveit_msgs/include/moveit_msgs/moveit_msgs/srv/detail/change_control_dimensions__type_support.c\n'}
[1.582749] (moveit_msgs) StdoutLine: {'line': b'-- Installing: /home/yadhu/ur3e/src/install/moveit_msgs/lib/libmoveit_msgs__rosidl_typesupport_introspection_c.so\n'}
[1.584432] (moveit_msgs) StdoutLine: {'line': b'-- Set runtime path of "/home/yadhu/ur3e/src/install/moveit_msgs/lib/libmoveit_msgs__rosidl_typesupport_introspection_c.so" to ""\n'}
[1.584510] (moveit_msgs) StdoutLine: {'line': b'-- Installing: /home/yadhu/ur3e/src/install/moveit_msgs/lib/libmoveit_msgs__rosidl_typesupport_c.so\n'}
[1.585485] (moveit_msgs) StdoutLine: {'line': b'-- Set runtime path of "/home/yadhu/ur3e/src/install/moveit_msgs/lib/libmoveit_msgs__rosidl_typesupport_c.so" to ""\n'}
[1.585631] (moveit_msgs) StdoutLine: {'line': b'-- Up-to-date: /home/yadhu/ur3e/src/install/moveit_msgs/include/moveit_msgs/moveit_msgs\n'}
[1.585680] (moveit_msgs) StdoutLine: {'line': b'-- Up-to-date: /home/yadhu/ur3e/src/install/moveit_msgs/include/moveit_msgs/moveit_msgs/action\n'}
[1.585723] (moveit_msgs) StdoutLine: {'line': b'-- Installing: /home/yadhu/ur3e/src/install/moveit_msgs/include/moveit_msgs/moveit_msgs/action/local_planner.hpp\n'}
[1.585807] (moveit_msgs) StdoutLine: {'line': b'-- Installing: /home/yadhu/ur3e/src/install/moveit_msgs/include/moveit_msgs/moveit_msgs/action/place.hpp\n'}
[1.585930] (moveit_msgs) StdoutLine: {'line': b'-- Up-to-date: /home/yadhu/ur3e/src/install/moveit_msgs/include/moveit_msgs/moveit_msgs/action/detail\n'}
[1.585990] (moveit_msgs) StdoutLine: {'line': b'-- Installing: /home/yadhu/ur3e/src/install/moveit_msgs/include/moveit_msgs/moveit_msgs/action/detail/local_planner__struct.hpp\n'}
[1.586234] (moveit_msgs) StdoutLine: {'line': b'-- Installing: /home/yadhu/ur3e/src/install/moveit_msgs/include/moveit_msgs/moveit_msgs/action/detail/global_planner__builder.hpp\n'}
[1.586490] (moveit_msgs) StdoutLine: {'line': b'-- Installing: /home/yadhu/ur3e/src/install/moveit_msgs/include/moveit_msgs/moveit_msgs/action/detail/place__struct.hpp\n'}
[1.586868] (moveit_msgs) StdoutLine: {'line': b'-- Installing: /home/yadhu/ur3e/src/install/moveit_msgs/include/moveit_msgs/moveit_msgs/action/detail/global_planner__struct.hpp\n'}
[1.587293] (moveit_msgs) StdoutLine: {'line': b'-- Installing: /home/yadhu/ur3e/src/install/moveit_msgs/include/moveit_msgs/moveit_msgs/action/detail/move_group__struct.hpp\n'}
[1.587716] (moveit_msgs) StdoutLine: {'line': b'-- Installing: /home/yadhu/ur3e/src/install/moveit_msgs/include/moveit_msgs/moveit_msgs/action/detail/move_group__builder.hpp\n'}
[1.588111] (moveit_msgs) StdoutLine: {'line': b'-- Installing: /home/yadhu/ur3e/src/install/moveit_msgs/include/moveit_msgs/moveit_msgs/action/detail/move_group_sequence__builder.hpp\n'}
[1.588278] (moveit_msgs) StdoutLine: {'line': b'-- Installing: /home/yadhu/ur3e/src/install/moveit_msgs/include/moveit_msgs/moveit_msgs/action/detail/pickup__struct.hpp\n'}
[1.588752] (moveit_msgs) StdoutLine: {'line': b'-- Installing: /home/yadhu/ur3e/src/install/moveit_msgs/include/moveit_msgs/moveit_msgs/action/detail/place__builder.hpp\n'}
[1.589000] (moveit_msgs) StdoutLine: {'line': b'-- Installing: /home/yadhu/ur3e/src/install/moveit_msgs/include/moveit_msgs/moveit_msgs/action/detail/place__traits.hpp\n'}
[1.589341] (moveit_msgs) StdoutLine: {'line': b'-- Installing: /home/yadhu/ur3e/src/install/moveit_msgs/include/moveit_msgs/moveit_msgs/action/detail/move_group_sequence__struct.hpp\n'}
[1.589740] (moveit_msgs) StdoutLine: {'line': b'-- Installing: /home/yadhu/ur3e/src/install/moveit_msgs/include/moveit_msgs/moveit_msgs/action/detail/execute_trajectory__builder.hpp\n'}
[1.589894] (moveit_msgs) StdoutLine: {'line': b'-- Installing: /home/yadhu/ur3e/src/install/moveit_msgs/include/moveit_msgs/moveit_msgs/action/detail/execute_trajectory__traits.hpp\n'}
[1.590248] (moveit_msgs) StdoutLine: {'line': b'-- Installing: /home/yadhu/ur3e/src/install/moveit_msgs/include/moveit_msgs/moveit_msgs/action/detail/execute_trajectory__struct.hpp\n'}
[1.590617] (moveit_msgs) StdoutLine: {'line': b'-- Installing: /home/yadhu/ur3e/src/install/moveit_msgs/include/moveit_msgs/moveit_msgs/action/detail/local_planner__builder.hpp\n'}
[1.591062] (moveit_msgs) StdoutLine: {'line': b'-- Installing: /home/yadhu/ur3e/src/install/moveit_msgs/include/moveit_msgs/moveit_msgs/action/detail/local_planner__traits.hpp\n'}
[1.591396] (moveit_msgs) StdoutLine: {'line': b'-- Installing: /home/yadhu/ur3e/src/install/moveit_msgs/include/moveit_msgs/moveit_msgs/action/detail/global_planner__traits.hpp\n'}
[1.591762] (moveit_msgs) StdoutLine: {'line': b'-- Installing: /home/yadhu/ur3e/src/install/moveit_msgs/include/moveit_msgs/moveit_msgs/action/detail/pickup__builder.hpp\n'}
[1.592062] (moveit_msgs) StdoutLine: {'line': b'-- Installing: /home/yadhu/ur3e/src/install/moveit_msgs/include/moveit_msgs/moveit_msgs/action/detail/pickup__traits.hpp\n'}
[1.592400] (moveit_msgs) StdoutLine: {'line': b'-- Installing: /home/yadhu/ur3e/src/install/moveit_msgs/include/moveit_msgs/moveit_msgs/action/detail/hybrid_planner__traits.hpp\n'}
[1.592714] (moveit_msgs) StdoutLine: {'line': b'-- Installing: /home/yadhu/ur3e/src/install/moveit_msgs/include/moveit_msgs/moveit_msgs/action/detail/hybrid_planner__builder.hpp\n'}
[1.592884] (moveit_msgs) StdoutLine: {'line': b'-- Installing: /home/yadhu/ur3e/src/install/moveit_msgs/include/moveit_msgs/moveit_msgs/action/detail/move_group__traits.hpp\n'}
[1.593135] (moveit_msgs) StdoutLine: {'line': b'-- Installing: /home/yadhu/ur3e/src/install/moveit_msgs/include/moveit_msgs/moveit_msgs/action/detail/move_group_sequence__traits.hpp\n'}
[1.593405] (moveit_msgs) StdoutLine: {'line': b'-- Installing: /home/yadhu/ur3e/src/install/moveit_msgs/include/moveit_msgs/moveit_msgs/action/detail/hybrid_planner__struct.hpp\n'}
[1.593693] (moveit_msgs) StdoutLine: {'line': b'-- Installing: /home/yadhu/ur3e/src/install/moveit_msgs/include/moveit_msgs/moveit_msgs/action/pickup.hpp\n'}
[1.593740] (moveit_msgs) StdoutLine: {'line': b'-- Installing: /home/yadhu/ur3e/src/install/moveit_msgs/include/moveit_msgs/moveit_msgs/action/move_group_sequence.hpp\n'}
[1.593786] (moveit_msgs) StdoutLine: {'line': b'-- Installing: /home/yadhu/ur3e/src/install/moveit_msgs/include/moveit_msgs/moveit_msgs/action/move_group.hpp\n'}
[1.593831] (moveit_msgs) StdoutLine: {'line': b'-- Installing: /home/yadhu/ur3e/src/install/moveit_msgs/include/moveit_msgs/moveit_msgs/action/execute_trajectory.hpp\n'}
[1.593876] (moveit_msgs) StdoutLine: {'line': b'-- Installing: /home/yadhu/ur3e/src/install/moveit_msgs/include/moveit_msgs/moveit_msgs/action/hybrid_planner.hpp\n'}
[1.593916] (moveit_msgs) StdoutLine: {'line': b'-- Installing: /home/yadhu/ur3e/src/install/moveit_msgs/include/moveit_msgs/moveit_msgs/action/global_planner.hpp\n'}
[1.593967] (moveit_msgs) StdoutLine: {'line': b'-- Up-to-date: /home/yadhu/ur3e/src/install/moveit_msgs/include/moveit_msgs/moveit_msgs/msg\n'}
[1.594027] (moveit_msgs) StdoutLine: {'line': b'-- Installing: /home/yadhu/ur3e/src/install/moveit_msgs/include/moveit_msgs/moveit_msgs/msg/planning_options.hpp\n'}
[1.594055] (moveit_msgs) StdoutLine: {'line': b'-- Installing: /home/yadhu/ur3e/src/install/moveit_msgs/include/moveit_msgs/moveit_msgs/msg/collision_object.hpp\n'}
[1.594096] (moveit_msgs) StdoutLine: {'line': b'-- Installing: /home/yadhu/ur3e/src/install/moveit_msgs/include/moveit_msgs/moveit_msgs/msg/motion_sequence_request.hpp\n'}
[1.594139] (moveit_msgs) StdoutLine: {'line': b'-- Installing: /home/yadhu/ur3e/src/install/moveit_msgs/include/moveit_msgs/moveit_msgs/msg/attached_collision_object.hpp\n'}
[1.594184] (moveit_msgs) StdoutLine: {'line': b'-- Installing: /home/yadhu/ur3e/src/install/moveit_msgs/include/moveit_msgs/moveit_msgs/msg/planning_scene_world.hpp\n'}
[1.594227] (moveit_msgs) StdoutLine: {'line': b'-- Installing: /home/yadhu/ur3e/src/install/moveit_msgs/include/moveit_msgs/moveit_msgs/msg/object_color.hpp\n'}
[1.594271] (moveit_msgs) StdoutLine: {'line': b'-- Installing: /home/yadhu/ur3e/src/install/moveit_msgs/include/moveit_msgs/moveit_msgs/msg/constraint_eval_result.hpp\n'}
[1.594309] (moveit_msgs) StdoutLine: {'line': b'-- Installing: /home/yadhu/ur3e/src/install/moveit_msgs/include/moveit_msgs/moveit_msgs/msg/position_constraint.hpp\n'}
[1.594351] (moveit_msgs) StdoutLine: {'line': b'-- Installing: /home/yadhu/ur3e/src/install/moveit_msgs/include/moveit_msgs/moveit_msgs/msg/joint_limits.hpp\n'}
[1.594393] (moveit_msgs) StdoutLine: {'line': b'-- Installing: /home/yadhu/ur3e/src/install/moveit_msgs/include/moveit_msgs/moveit_msgs/msg/link_scale.hpp\n'}
[1.594435] (moveit_msgs) StdoutLine: {'line': b'-- Installing: /home/yadhu/ur3e/src/install/moveit_msgs/include/moveit_msgs/moveit_msgs/msg/motion_sequence_item.hpp\n'}
[1.594472] (moveit_msgs) StdoutLine: {'line': b'-- Installing: /home/yadhu/ur3e/src/install/moveit_msgs/include/moveit_msgs/moveit_msgs/msg/trajectory_constraints.hpp\n'}
[1.594525] (moveit_msgs) StdoutLine: {'line': b'-- Installing: /home/yadhu/ur3e/src/install/moveit_msgs/include/moveit_msgs/moveit_msgs/msg/constraints.hpp\n'}
[1.594567] (moveit_msgs) StdoutLine: {'line': b'-- Installing: /home/yadhu/ur3e/src/install/moveit_msgs/include/moveit_msgs/moveit_msgs/msg/cartesian_point.hpp\n'}
[1.594611] (moveit_msgs) StdoutLine: {'line': b'-- Installing: /home/yadhu/ur3e/src/install/moveit_msgs/include/moveit_msgs/moveit_msgs/msg/generic_trajectory.hpp\n'}
[1.594656] (moveit_msgs) StdoutLine: {'line': b'-- Installing: /home/yadhu/ur3e/src/install/moveit_msgs/include/moveit_msgs/moveit_msgs/msg/oriented_bounding_box.hpp\n'}
[1.594701] (moveit_msgs) StdoutLine: {'line': b'-- Installing: /home/yadhu/ur3e/src/install/moveit_msgs/include/moveit_msgs/moveit_msgs/msg/planning_scene.hpp\n'}
[1.594746] (moveit_msgs) StdoutLine: {'line': b'-- Installing: /home/yadhu/ur3e/src/install/moveit_msgs/include/moveit_msgs/moveit_msgs/msg/display_trajectory.hpp\n'}
[1.594794] (moveit_msgs) StdoutLine: {'line': b'-- Installing: /home/yadhu/ur3e/src/install/moveit_msgs/include/moveit_msgs/moveit_msgs/msg/contact_information.hpp\n'}
[1.594841] (moveit_msgs) StdoutLine: {'line': b'-- Installing: /home/yadhu/ur3e/src/install/moveit_msgs/include/moveit_msgs/moveit_msgs/msg/position_ik_request.hpp\n'}
[1.594886] (moveit_msgs) StdoutLine: {'line': b'-- Up-to-date: /home/yadhu/ur3e/src/install/moveit_msgs/include/moveit_msgs/moveit_msgs/msg/detail\n'}
[1.594929] (moveit_msgs) StdoutLine: {'line': b'-- Installing: /home/yadhu/ur3e/src/install/moveit_msgs/include/moveit_msgs/moveit_msgs/msg/detail/robot_trajectory__struct.hpp\n'}
[1.594970] (moveit_msgs) StdoutLine: {'line': b'-- Installing: /home/yadhu/ur3e/src/install/moveit_msgs/include/moveit_msgs/moveit_msgs/msg/detail/allowed_collision_entry__traits.hpp\n'}
[1.595011] (moveit_msgs) StdoutLine: {'line': b'-- Installing: /home/yadhu/ur3e/src/install/moveit_msgs/include/moveit_msgs/moveit_msgs/msg/detail/cartesian_trajectory_point__traits.hpp\n'}
[1.595053] (moveit_msgs) StdoutLine: {'line': b'-- Installing: /home/yadhu/ur3e/src/install/moveit_msgs/include/moveit_msgs/moveit_msgs/msg/detail/trajectory_constraints__traits.hpp\n'}
[1.595104] (moveit_msgs) StdoutLine: {'line': b'-- Installing: /home/yadhu/ur3e/src/install/moveit_msgs/include/moveit_msgs/moveit_msgs/msg/detail/cartesian_trajectory__builder.hpp\n'}
[1.595141] (moveit_msgs) StdoutLine: {'line': b'-- Installing: /home/yadhu/ur3e/src/install/moveit_msgs/include/moveit_msgs/moveit_msgs/msg/detail/cartesian_point__traits.hpp\n'}
[1.595181] (moveit_msgs) StdoutLine: {'line': b'-- Installing: /home/yadhu/ur3e/src/install/moveit_msgs/include/moveit_msgs/moveit_msgs/msg/detail/joint_limits__struct.hpp\n'}
[1.595226] (moveit_msgs) StdoutLine: {'line': b'-- Installing: /home/yadhu/ur3e/src/install/moveit_msgs/include/moveit_msgs/moveit_msgs/msg/detail/position_ik_request__traits.hpp\n'}
[1.595270] (moveit_msgs) StdoutLine: {'line': b'-- Installing: /home/yadhu/ur3e/src/install/moveit_msgs/include/moveit_msgs/moveit_msgs/msg/detail/motion_plan_request__traits.hpp\n'}
[1.595508] (moveit_msgs) StdoutLine: {'line': b'-- Installing: /home/yadhu/ur3e/src/install/moveit_msgs/include/moveit_msgs/moveit_msgs/msg/detail/motion_plan_response__struct.hpp\n'}
[1.595552] (moveit_msgs) StdoutLine: {'line': b'-- Installing: /home/yadhu/ur3e/src/install/moveit_msgs/include/moveit_msgs/moveit_msgs/msg/detail/planning_scene_world__struct.hpp\n'}
[1.595594] (moveit_msgs) StdoutLine: {'line': b'-- Installing: /home/yadhu/ur3e/src/install/moveit_msgs/include/moveit_msgs/moveit_msgs/msg/detail/grasp__builder.hpp\n'}
[1.595647] (moveit_msgs) StdoutLine: {'line': b'-- Installing: /home/yadhu/ur3e/src/install/moveit_msgs/include/moveit_msgs/moveit_msgs/msg/detail/allowed_collision_matrix__struct.hpp\n'}
[1.595690] (moveit_msgs) StdoutLine: {'line': b'-- Installing: /home/yadhu/ur3e/src/install/moveit_msgs/include/moveit_msgs/moveit_msgs/msg/detail/motion_sequence_request__traits.hpp\n'}
[1.595735] (moveit_msgs) StdoutLine: {'line': b'-- Installing: /home/yadhu/ur3e/src/install/moveit_msgs/include/moveit_msgs/moveit_msgs/msg/detail/joint_limits__builder.hpp\n'}
[1.595797] (moveit_msgs) StdoutLine: {'line': b'-- Installing: /home/yadhu/ur3e/src/install/moveit_msgs/include/moveit_msgs/moveit_msgs/msg/detail/position_ik_request__struct.hpp\n'}
[1.595951] (moveit_msgs) StdoutLine: {'line': b'-- Installing: /home/yadhu/ur3e/src/install/moveit_msgs/include/moveit_msgs/moveit_msgs/msg/detail/contact_information__traits.hpp\n'}
[1.595998] (moveit_msgs) StdoutLine: {'line': b'-- Installing: /home/yadhu/ur3e/src/install/moveit_msgs/include/moveit_msgs/moveit_msgs/msg/detail/object_color__traits.hpp\n'}
[1.596048] (moveit_msgs) StdoutLine: {'line': b'-- Installing: /home/yadhu/ur3e/src/install/moveit_msgs/include/moveit_msgs/moveit_msgs/msg/detail/collision_object__struct.hpp\n'}
[1.596210] (moveit_msgs) StdoutLine: {'line': b'-- Installing: /home/yadhu/ur3e/src/install/moveit_msgs/include/moveit_msgs/moveit_msgs/msg/detail/joint_constraint__builder.hpp\n'}
[1.596255] (moveit_msgs) StdoutLine: {'line': b'-- Installing: /home/yadhu/ur3e/src/install/moveit_msgs/include/moveit_msgs/moveit_msgs/msg/detail/planner_params__builder.hpp\n'}
[1.596300] (moveit_msgs) StdoutLine: {'line': b'-- Installing: /home/yadhu/ur3e/src/install/moveit_msgs/include/moveit_msgs/moveit_msgs/msg/detail/motion_sequence_request__struct.hpp\n'}
[1.596349] (moveit_msgs) StdoutLine: {'line': b'-- Installing: /home/yadhu/ur3e/src/install/moveit_msgs/include/moveit_msgs/moveit_msgs/msg/detail/planning_scene__traits.hpp\n'}
[1.596513] (moveit_msgs) StdoutLine: {'line': b'-- Installing: /home/yadhu/ur3e/src/install/moveit_msgs/include/moveit_msgs/moveit_msgs/msg/detail/display_trajectory__builder.hpp\n'}
[1.596558] (moveit_msgs) StdoutLine: {'line': b'-- Installing: /home/yadhu/ur3e/src/install/moveit_msgs/include/moveit_msgs/moveit_msgs/msg/detail/link_scale__struct.hpp\n'}
[1.596605] (moveit_msgs) StdoutLine: {'line': b'-- Installing: /home/yadhu/ur3e/src/install/moveit_msgs/include/moveit_msgs/moveit_msgs/msg/detail/robot_state__struct.hpp\n'}
[1.596665] (moveit_msgs) StdoutLine: {'line': b'-- Installing: /home/yadhu/ur3e/src/install/moveit_msgs/include/moveit_msgs/moveit_msgs/msg/detail/motion_plan_detailed_response__traits.hpp\n'}
[1.596717] (moveit_msgs) StdoutLine: {'line': b'-- Installing: /home/yadhu/ur3e/src/install/moveit_msgs/include/moveit_msgs/moveit_msgs/msg/detail/display_trajectory__traits.hpp\n'}
[1.596761] (moveit_msgs) StdoutLine: {'line': b'-- Installing: /home/yadhu/ur3e/src/install/moveit_msgs/include/moveit_msgs/moveit_msgs/msg/detail/allowed_collision_entry__builder.hpp\n'}
[1.596811] (moveit_msgs) StdoutLine: {'line': b'-- Installing: /home/yadhu/ur3e/src/install/moveit_msgs/include/moveit_msgs/moveit_msgs/msg/detail/joint_constraint__struct.hpp\n'}
[1.596860] (moveit_msgs) StdoutLine: {'line': b'-- Installing: /home/yadhu/ur3e/src/install/moveit_msgs/include/moveit_msgs/moveit_msgs/msg/detail/oriented_bounding_box__traits.hpp\n'}
[1.596919] (moveit_msgs) StdoutLine: {'line': b'-- Installing: /home/yadhu/ur3e/src/install/moveit_msgs/include/moveit_msgs/moveit_msgs/msg/detail/workspace_parameters__struct.hpp\n'}
[1.596967] (moveit_msgs) StdoutLine: {'line': b'-- Installing: /home/yadhu/ur3e/src/install/moveit_msgs/include/moveit_msgs/moveit_msgs/msg/detail/position_constraint__traits.hpp\n'}
[1.597010] (moveit_msgs) StdoutLine: {'line': b'-- Installing: /home/yadhu/ur3e/src/install/moveit_msgs/include/moveit_msgs/moveit_msgs/msg/detail/cost_source__traits.hpp\n'}
[1.597054] (moveit_msgs) StdoutLine: {'line': b'-- Installing: /home/yadhu/ur3e/src/install/moveit_msgs/include/moveit_msgs/moveit_msgs/msg/detail/constraint_eval_result__struct.hpp\n'}
[1.597097] (moveit_msgs) StdoutLine: {'line': b'-- Installing: /home/yadhu/ur3e/src/install/moveit_msgs/include/moveit_msgs/moveit_msgs/msg/detail/generic_trajectory__traits.hpp\n'}
[1.597145] (moveit_msgs) StdoutLine: {'line': b'-- Installing: /home/yadhu/ur3e/src/install/moveit_msgs/include/moveit_msgs/moveit_msgs/msg/detail/cartesian_point__struct.hpp\n'}
[1.597192] (moveit_msgs) StdoutLine: {'line': b'-- Installing: /home/yadhu/ur3e/src/install/moveit_msgs/include/moveit_msgs/moveit_msgs/msg/detail/motion_sequence_request__builder.hpp\n'}
[1.597237] (moveit_msgs) StdoutLine: {'line': b'-- Installing: /home/yadhu/ur3e/src/install/moveit_msgs/include/moveit_msgs/moveit_msgs/msg/detail/cartesian_trajectory_point__builder.hpp\n'}
[1.597282] (moveit_msgs) StdoutLine: {'line': b'-- Installing: /home/yadhu/ur3e/src/install/moveit_msgs/include/moveit_msgs/moveit_msgs/msg/detail/motion_plan_detailed_response__builder.hpp\n'}
[1.597326] (moveit_msgs) StdoutLine: {'line': b'-- Installing: /home/yadhu/ur3e/src/install/moveit_msgs/include/moveit_msgs/moveit_msgs/msg/detail/cartesian_trajectory__traits.hpp\n'}
[1.597373] (moveit_msgs) StdoutLine: {'line': b'-- Installing: /home/yadhu/ur3e/src/install/moveit_msgs/include/moveit_msgs/moveit_msgs/msg/detail/visibility_constraint__builder.hpp\n'}
[1.597419] (moveit_msgs) StdoutLine: {'line': b'-- Installing: /home/yadhu/ur3e/src/install/moveit_msgs/include/moveit_msgs/moveit_msgs/msg/detail/generic_trajectory__struct.hpp\n'}
[1.597469] (moveit_msgs) StdoutLine: {'line': b'-- Installing: /home/yadhu/ur3e/src/install/moveit_msgs/include/moveit_msgs/moveit_msgs/msg/detail/trajectory_constraints__struct.hpp\n'}
[1.597516] (moveit_msgs) StdoutLine: {'line': b'-- Installing: /home/yadhu/ur3e/src/install/moveit_msgs/include/moveit_msgs/moveit_msgs/msg/detail/planning_scene_world__traits.hpp\n'}
[1.597564] (moveit_msgs) StdoutLine: {'line': b'-- Installing: /home/yadhu/ur3e/src/install/moveit_msgs/include/moveit_msgs/moveit_msgs/msg/detail/gripper_translation__traits.hpp\n'}
[1.597608] (moveit_msgs) StdoutLine: {'line': b'-- Installing: /home/yadhu/ur3e/src/install/moveit_msgs/include/moveit_msgs/moveit_msgs/msg/detail/constraints__struct.hpp\n'}
[1.597656] (moveit_msgs) StdoutLine: {'line': b'-- Installing: /home/yadhu/ur3e/src/install/moveit_msgs/include/moveit_msgs/moveit_msgs/msg/detail/link_scale__builder.hpp\n'}
[1.597705] (moveit_msgs) StdoutLine: {'line': b'-- Installing: /home/yadhu/ur3e/src/install/moveit_msgs/include/moveit_msgs/moveit_msgs/msg/detail/contact_information__builder.hpp\n'}
[1.597752] (moveit_msgs) StdoutLine: {'line': b'-- Installing: /home/yadhu/ur3e/src/install/moveit_msgs/include/moveit_msgs/moveit_msgs/msg/detail/bounding_volume__struct.hpp\n'}
[1.597808] (moveit_msgs) StdoutLine: {'line': b'-- Installing: /home/yadhu/ur3e/src/install/moveit_msgs/include/moveit_msgs/moveit_msgs/msg/detail/grasp__struct.hpp\n'}
[1.597961] (moveit_msgs) StdoutLine: {'line': b'-- Installing: /home/yadhu/ur3e/src/install/moveit_msgs/include/moveit_msgs/moveit_msgs/msg/detail/kinematic_solver_info__struct.hpp\n'}
[1.598009] (moveit_msgs) StdoutLine: {'line': b'-- Installing: /home/yadhu/ur3e/src/install/moveit_msgs/include/moveit_msgs/moveit_msgs/msg/detail/orientation_constraint__traits.hpp\n'}
[1.598062] (moveit_msgs) StdoutLine: {'line': b'-- Installing: /home/yadhu/ur3e/src/install/moveit_msgs/include/moveit_msgs/moveit_msgs/msg/detail/attached_collision_object__traits.hpp\n'}
[1.598108] (moveit_msgs) StdoutLine: {'line': b'-- Installing: /home/yadhu/ur3e/src/install/moveit_msgs/include/moveit_msgs/moveit_msgs/msg/detail/planner_interface_description__struct.hpp\n'}
[1.598188] (moveit_msgs) StdoutLine: {'line': b'-- Installing: /home/yadhu/ur3e/src/install/moveit_msgs/include/moveit_msgs/moveit_msgs/msg/detail/robot_state__traits.hpp\n'}
[1.598231] (moveit_msgs) StdoutLine: {'line': b'-- Installing: /home/yadhu/ur3e/src/install/moveit_msgs/include/moveit_msgs/moveit_msgs/msg/detail/allowed_collision_matrix__traits.hpp\n'}
[1.598276] (moveit_msgs) StdoutLine: {'line': b'-- Installing: /home/yadhu/ur3e/src/install/moveit_msgs/include/moveit_msgs/moveit_msgs/msg/detail/constraints__traits.hpp\n'}
[1.598320] (moveit_msgs) StdoutLine: {'line': b'-- Installing: /home/yadhu/ur3e/src/install/moveit_msgs/include/moveit_msgs/moveit_msgs/msg/detail/planning_options__struct.hpp\n'}
[1.598361] (moveit_msgs) StdoutLine: {'line': b'-- Installing: /home/yadhu/ur3e/src/install/moveit_msgs/include/moveit_msgs/moveit_msgs/msg/detail/kinematic_solver_info__builder.hpp\n'}
[1.598407] (moveit_msgs) StdoutLine: {'line': b'-- Installing: /home/yadhu/ur3e/src/install/moveit_msgs/include/moveit_msgs/moveit_msgs/msg/detail/motion_sequence_response__traits.hpp\n'}
[1.598450] (moveit_msgs) StdoutLine: {'line': b'-- Installing: /home/yadhu/ur3e/src/install/moveit_msgs/include/moveit_msgs/moveit_msgs/msg/detail/place_location__traits.hpp\n'}
[1.598491] (moveit_msgs) StdoutLine: {'line': b'-- Installing: /home/yadhu/ur3e/src/install/moveit_msgs/include/moveit_msgs/moveit_msgs/msg/detail/link_padding__traits.hpp\n'}
[1.598547] (moveit_msgs) StdoutLine: {'line': b'-- Installing: /home/yadhu/ur3e/src/install/moveit_msgs/include/moveit_msgs/moveit_msgs/msg/detail/move_it_error_codes__struct.hpp\n'}
[1.598764] (moveit_msgs) StdoutLine: {'line': b'-- Installing: /home/yadhu/ur3e/src/install/moveit_msgs/include/moveit_msgs/moveit_msgs/msg/detail/object_color__struct.hpp\n'}
[1.598814] (moveit_msgs) StdoutLine: {'line': b'-- Installing: /home/yadhu/ur3e/src/install/moveit_msgs/include/moveit_msgs/moveit_msgs/msg/detail/cartesian_trajectory_point__struct.hpp\n'}
[1.598860] (moveit_msgs) StdoutLine: {'line': b'-- Installing: /home/yadhu/ur3e/src/install/moveit_msgs/include/moveit_msgs/moveit_msgs/msg/detail/position_ik_request__builder.hpp\n'}
[1.598908] (moveit_msgs) StdoutLine: {'line': b'-- Installing: /home/yadhu/ur3e/src/install/moveit_msgs/include/moveit_msgs/moveit_msgs/msg/detail/display_trajectory__struct.hpp\n'}
[1.598986] (moveit_msgs) StdoutLine: {'line': b'-- Installing: /home/yadhu/ur3e/src/install/moveit_msgs/include/moveit_msgs/moveit_msgs/msg/detail/visibility_constraint__struct.hpp\n'}
[1.599074] (moveit_msgs) StdoutLine: {'line': b'-- Installing: /home/yadhu/ur3e/src/install/moveit_msgs/include/moveit_msgs/moveit_msgs/msg/detail/move_it_error_codes__traits.hpp\n'}
[1.599100] (moveit_msgs) StdoutLine: {'line': b'-- Installing: /home/yadhu/ur3e/src/install/moveit_msgs/include/moveit_msgs/moveit_msgs/msg/detail/motion_plan_response__traits.hpp\n'}
[1.599145] (moveit_msgs) StdoutLine: {'line': b'-- Installing: /home/yadhu/ur3e/src/install/moveit_msgs/include/moveit_msgs/moveit_msgs/msg/detail/attached_collision_object__struct.hpp\n'}
[1.599171] (moveit_msgs) StdoutLine: {'line': b'-- Installing: /home/yadhu/ur3e/src/install/moveit_msgs/include/moveit_msgs/moveit_msgs/msg/detail/attached_collision_object__builder.hpp\n'}
[1.599233] (moveit_msgs) StdoutLine: {'line': b'-- Installing: /home/yadhu/ur3e/src/install/moveit_msgs/include/moveit_msgs/moveit_msgs/msg/detail/place_location__builder.hpp\n'}
[1.599261] (moveit_msgs) StdoutLine: {'line': b'-- Installing: /home/yadhu/ur3e/src/install/moveit_msgs/include/moveit_msgs/moveit_msgs/msg/detail/planning_scene__builder.hpp\n'}
[1.599325] (moveit_msgs) StdoutLine: {'line': b'-- Installing: /home/yadhu/ur3e/src/install/moveit_msgs/include/moveit_msgs/moveit_msgs/msg/detail/planner_interface_description__builder.hpp\n'}
[1.599351] (moveit_msgs) StdoutLine: {'line': b'-- Installing: /home/yadhu/ur3e/src/install/moveit_msgs/include/moveit_msgs/moveit_msgs/msg/detail/display_robot_state__struct.hpp\n'}
[1.599414] (moveit_msgs) StdoutLine: {'line': b'-- Installing: /home/yadhu/ur3e/src/install/moveit_msgs/include/moveit_msgs/moveit_msgs/msg/detail/motion_sequence_item__builder.hpp\n'}
[1.599440] (moveit_msgs) StdoutLine: {'line': b'-- Installing: /home/yadhu/ur3e/src/install/moveit_msgs/include/moveit_msgs/moveit_msgs/msg/detail/planner_interface_description__traits.hpp\n'}
[1.599484] (moveit_msgs) StdoutLine: {'line': b'-- Installing: /home/yadhu/ur3e/src/install/moveit_msgs/include/moveit_msgs/moveit_msgs/msg/detail/planning_scene_components__struct.hpp\n'}
[1.599520] (moveit_msgs) StdoutLine: {'line': b'-- Installing: /home/yadhu/ur3e/src/install/moveit_msgs/include/moveit_msgs/moveit_msgs/msg/detail/motion_sequence_response__builder.hpp\n'}
[1.599555] (moveit_msgs) StdoutLine: {'line': b'-- Installing: /home/yadhu/ur3e/src/install/moveit_msgs/include/moveit_msgs/moveit_msgs/msg/detail/planning_scene_components__traits.hpp\n'}
[1.599600] (moveit_msgs) StdoutLine: {'line': b'-- Installing: /home/yadhu/ur3e/src/install/moveit_msgs/include/moveit_msgs/moveit_msgs/msg/detail/orientation_constraint__struct.hpp\n'}
[1.599744] (moveit_msgs) StdoutLine: {'line': b'-- Installing: /home/yadhu/ur3e/src/install/moveit_msgs/include/moveit_msgs/moveit_msgs/msg/detail/cost_source__builder.hpp\n'}
[1.599794] (moveit_msgs) StdoutLine: {'line': b'-- Installing: /home/yadhu/ur3e/src/install/moveit_msgs/include/moveit_msgs/moveit_msgs/msg/detail/contact_information__struct.hpp\n'}
[1.599933] (moveit_msgs) StdoutLine: {'line': b'-- Installing: /home/yadhu/ur3e/src/install/moveit_msgs/include/moveit_msgs/moveit_msgs/msg/detail/link_scale__traits.hpp\n'}
[1.599980] (moveit_msgs) StdoutLine: {'line': b'-- Installing: /home/yadhu/ur3e/src/install/moveit_msgs/include/moveit_msgs/moveit_msgs/msg/detail/robot_trajectory__traits.hpp\n'}
[1.600029] (moveit_msgs) StdoutLine: {'line': b'-- Installing: /home/yadhu/ur3e/src/install/moveit_msgs/include/moveit_msgs/moveit_msgs/msg/detail/allowed_collision_entry__struct.hpp\n'}
[1.600076] (moveit_msgs) StdoutLine: {'line': b'-- Installing: /home/yadhu/ur3e/src/install/moveit_msgs/include/moveit_msgs/moveit_msgs/msg/detail/motion_plan_request__struct.hpp\n'}
[1.600260] (moveit_msgs) StdoutLine: {'line': b'-- Installing: /home/yadhu/ur3e/src/install/moveit_msgs/include/moveit_msgs/moveit_msgs/msg/detail/object_color__builder.hpp\n'}
[1.600307] (moveit_msgs) StdoutLine: {'line': b'-- Installing: /home/yadhu/ur3e/src/install/moveit_msgs/include/moveit_msgs/moveit_msgs/msg/detail/allowed_collision_matrix__builder.hpp\n'}
[1.600349] (moveit_msgs) StdoutLine: {'line': b'-- Installing: /home/yadhu/ur3e/src/install/moveit_msgs/include/moveit_msgs/moveit_msgs/msg/detail/planning_scene_components__builder.hpp\n'}
[1.600394] (moveit_msgs) StdoutLine: {'line': b'-- Installing: /home/yadhu/ur3e/src/install/moveit_msgs/include/moveit_msgs/moveit_msgs/msg/detail/gripper_translation__struct.hpp\n'}
[1.600447] (moveit_msgs) StdoutLine: {'line': b'-- Installing: /home/yadhu/ur3e/src/install/moveit_msgs/include/moveit_msgs/moveit_msgs/msg/detail/orientation_constraint__builder.hpp\n'}
[1.600492] (moveit_msgs) StdoutLine: {'line': b'-- Installing: /home/yadhu/ur3e/src/install/moveit_msgs/include/moveit_msgs/moveit_msgs/msg/detail/position_constraint__builder.hpp\n'}
[1.600538] (moveit_msgs) StdoutLine: {'line': b'-- Installing: /home/yadhu/ur3e/src/install/moveit_msgs/include/moveit_msgs/moveit_msgs/msg/detail/cartesian_point__builder.hpp\n'}
[1.600590] (moveit_msgs) StdoutLine: {'line': b'-- Installing: /home/yadhu/ur3e/src/install/moveit_msgs/include/moveit_msgs/moveit_msgs/msg/detail/collision_object__builder.hpp\n'}
[1.600637] (moveit_msgs) StdoutLine: {'line': b'-- Installing: /home/yadhu/ur3e/src/install/moveit_msgs/include/moveit_msgs/moveit_msgs/msg/detail/grasp__traits.hpp\n'}
[1.600682] (moveit_msgs) StdoutLine: {'line': b'-- Installing: /home/yadhu/ur3e/src/install/moveit_msgs/include/moveit_msgs/moveit_msgs/msg/detail/gripper_translation__builder.hpp\n'}
[1.600730] (moveit_msgs) StdoutLine: {'line': b'-- Installing: /home/yadhu/ur3e/src/install/moveit_msgs/include/moveit_msgs/moveit_msgs/msg/detail/link_padding__struct.hpp\n'}
[1.600780] (moveit_msgs) StdoutLine: {'line': b'-- Installing: /home/yadhu/ur3e/src/install/moveit_msgs/include/moveit_msgs/moveit_msgs/msg/detail/generic_trajectory__builder.hpp\n'}
[1.600823] (moveit_msgs) StdoutLine: {'line': b'-- Installing: /home/yadhu/ur3e/src/install/moveit_msgs/include/moveit_msgs/moveit_msgs/msg/detail/oriented_bounding_box__struct.hpp\n'}
[1.600877] (moveit_msgs) StdoutLine: {'line': b'-- Installing: /home/yadhu/ur3e/src/install/moveit_msgs/include/moveit_msgs/moveit_msgs/msg/detail/planner_params__struct.hpp\n'}
[1.600923] (moveit_msgs) StdoutLine: {'line': b'-- Installing: /home/yadhu/ur3e/src/install/moveit_msgs/include/moveit_msgs/moveit_msgs/msg/detail/joint_limits__traits.hpp\n'}
[1.600977] (moveit_msgs) StdoutLine: {'line': b'-- Installing: /home/yadhu/ur3e/src/install/moveit_msgs/include/moveit_msgs/moveit_msgs/msg/detail/planning_scene__struct.hpp\n'}
[1.601077] (moveit_msgs) StdoutLine: {'line': b'-- Installing: /home/yadhu/ur3e/src/install/moveit_msgs/include/moveit_msgs/moveit_msgs/msg/detail/workspace_parameters__builder.hpp\n'}
[1.601118] (moveit_msgs) StdoutLine: {'line': b'-- Installing: /home/yadhu/ur3e/src/install/moveit_msgs/include/moveit_msgs/moveit_msgs/msg/detail/planner_params__traits.hpp\n'}
[1.601143] (-) TimerEvent: {}
[1.601226] (moveit_msgs) StdoutLine: {'line': b'-- Installing: /home/yadhu/ur3e/src/install/moveit_msgs/include/moveit_msgs/moveit_msgs/msg/detail/link_padding__builder.hpp\n'}
[1.601274] (moveit_msgs) StdoutLine: {'line': b'-- Installing: /home/yadhu/ur3e/src/install/moveit_msgs/include/moveit_msgs/moveit_msgs/msg/detail/move_it_error_codes__builder.hpp\n'}
[1.601339] (moveit_msgs) StdoutLine: {'line': b'-- Installing: /home/yadhu/ur3e/src/install/moveit_msgs/include/moveit_msgs/moveit_msgs/msg/detail/workspace_parameters__traits.hpp\n'}
[1.601369] (moveit_msgs) StdoutLine: {'line': b'-- Installing: /home/yadhu/ur3e/src/install/moveit_msgs/include/moveit_msgs/moveit_msgs/msg/detail/planning_options__builder.hpp\n'}
[1.601414] (moveit_msgs) StdoutLine: {'line': b'-- Installing: /home/yadhu/ur3e/src/install/moveit_msgs/include/moveit_msgs/moveit_msgs/msg/detail/planning_scene_world__builder.hpp\n'}
[1.601467] (moveit_msgs) StdoutLine: {'line': b'-- Installing: /home/yadhu/ur3e/src/install/moveit_msgs/include/moveit_msgs/moveit_msgs/msg/detail/constraint_eval_result__traits.hpp\n'}
[1.601495] (moveit_msgs) StdoutLine: {'line': b'-- Installing: /home/yadhu/ur3e/src/install/moveit_msgs/include/moveit_msgs/moveit_msgs/msg/detail/motion_sequence_item__traits.hpp\n'}
[1.601544] (moveit_msgs) StdoutLine: {'line': b'-- Installing: /home/yadhu/ur3e/src/install/moveit_msgs/include/moveit_msgs/moveit_msgs/msg/detail/joint_constraint__traits.hpp\n'}
[1.601581] (moveit_msgs) StdoutLine: {'line': b'-- Installing: /home/yadhu/ur3e/src/install/moveit_msgs/include/moveit_msgs/moveit_msgs/msg/detail/cost_source__struct.hpp\n'}
[1.601604] (moveit_msgs) StdoutLine: {'line': b'-- Installing: /home/yadhu/ur3e/src/install/moveit_msgs/include/moveit_msgs/moveit_msgs/msg/detail/robot_state__builder.hpp\n'}
[1.601649] (moveit_msgs) StdoutLine: {'line': b'-- Installing: /home/yadhu/ur3e/src/install/moveit_msgs/include/moveit_msgs/moveit_msgs/msg/detail/kinematic_solver_info__traits.hpp\n'}
[1.601696] (moveit_msgs) StdoutLine: {'line': b'-- Installing: /home/yadhu/ur3e/src/install/moveit_msgs/include/moveit_msgs/moveit_msgs/msg/detail/motion_sequence_response__struct.hpp\n'}
[1.601749] (moveit_msgs) StdoutLine: {'line': b'-- Installing: /home/yadhu/ur3e/src/install/moveit_msgs/include/moveit_msgs/moveit_msgs/msg/detail/position_constraint__struct.hpp\n'}
[1.601818] (moveit_msgs) StdoutLine: {'line': b'-- Installing: /home/yadhu/ur3e/src/install/moveit_msgs/include/moveit_msgs/moveit_msgs/msg/detail/visibility_constraint__traits.hpp\n'}
[1.601860] (moveit_msgs) StdoutLine: {'line': b'-- Installing: /home/yadhu/ur3e/src/install/moveit_msgs/include/moveit_msgs/moveit_msgs/msg/detail/constraints__builder.hpp\n'}
[1.601912] (moveit_msgs) StdoutLine: {'line': b'-- Installing: /home/yadhu/ur3e/src/install/moveit_msgs/include/moveit_msgs/moveit_msgs/msg/detail/display_robot_state__traits.hpp\n'}
[1.601953] (moveit_msgs) StdoutLine: {'line': b'-- Installing: /home/yadhu/ur3e/src/install/moveit_msgs/include/moveit_msgs/moveit_msgs/msg/detail/trajectory_constraints__builder.hpp\n'}
[1.601995] (moveit_msgs) StdoutLine: {'line': b'-- Installing: /home/yadhu/ur3e/src/install/moveit_msgs/include/moveit_msgs/moveit_msgs/msg/detail/motion_sequence_item__struct.hpp\n'}
[1.602040] (moveit_msgs) StdoutLine: {'line': b'-- Installing: /home/yadhu/ur3e/src/install/moveit_msgs/include/moveit_msgs/moveit_msgs/msg/detail/constraint_eval_result__builder.hpp\n'}
[1.602082] (moveit_msgs) StdoutLine: {'line': b'-- Installing: /home/yadhu/ur3e/src/install/moveit_msgs/include/moveit_msgs/moveit_msgs/msg/detail/motion_plan_request__builder.hpp\n'}
[1.602174] (moveit_msgs) StdoutLine: {'line': b'-- Installing: /home/yadhu/ur3e/src/install/moveit_msgs/include/moveit_msgs/moveit_msgs/msg/detail/cartesian_trajectory__struct.hpp\n'}
[1.602228] (moveit_msgs) StdoutLine: {'line': b'-- Installing: /home/yadhu/ur3e/src/install/moveit_msgs/include/moveit_msgs/moveit_msgs/msg/detail/display_robot_state__builder.hpp\n'}
[1.602270] (moveit_msgs) StdoutLine: {'line': b'-- Installing: /home/yadhu/ur3e/src/install/moveit_msgs/include/moveit_msgs/moveit_msgs/msg/detail/motion_plan_detailed_response__struct.hpp\n'}
[1.602317] (moveit_msgs) StdoutLine: {'line': b'-- Installing: /home/yadhu/ur3e/src/install/moveit_msgs/include/moveit_msgs/moveit_msgs/msg/detail/oriented_bounding_box__builder.hpp\n'}
[1.602363] (moveit_msgs) StdoutLine: {'line': b'-- Installing: /home/yadhu/ur3e/src/install/moveit_msgs/include/moveit_msgs/moveit_msgs/msg/detail/bounding_volume__builder.hpp\n'}
[1.602405] (moveit_msgs) StdoutLine: {'line': b'-- Installing: /home/yadhu/ur3e/src/install/moveit_msgs/include/moveit_msgs/moveit_msgs/msg/detail/planning_options__traits.hpp\n'}
[1.602453] (moveit_msgs) StdoutLine: {'line': b'-- Installing: /home/yadhu/ur3e/src/install/moveit_msgs/include/moveit_msgs/moveit_msgs/msg/detail/bounding_volume__traits.hpp\n'}
[1.602496] (moveit_msgs) StdoutLine: {'line': b'-- Installing: /home/yadhu/ur3e/src/install/moveit_msgs/include/moveit_msgs/moveit_msgs/msg/detail/place_location__struct.hpp\n'}
[1.602545] (moveit_msgs) StdoutLine: {'line': b'-- Installing: /home/yadhu/ur3e/src/install/moveit_msgs/include/moveit_msgs/moveit_msgs/msg/detail/robot_trajectory__builder.hpp\n'}
[1.602587] (moveit_msgs) StdoutLine: {'line': b'-- Installing: /home/yadhu/ur3e/src/install/moveit_msgs/include/moveit_msgs/moveit_msgs/msg/detail/motion_plan_response__builder.hpp\n'}
[1.602637] (moveit_msgs) StdoutLine: {'line': b'-- Installing: /home/yadhu/ur3e/src/install/moveit_msgs/include/moveit_msgs/moveit_msgs/msg/detail/collision_object__traits.hpp\n'}
[1.602726] (moveit_msgs) StdoutLine: {'line': b'-- Installing: /home/yadhu/ur3e/src/install/moveit_msgs/include/moveit_msgs/moveit_msgs/msg/gripper_translation.hpp\n'}
[1.602775] (moveit_msgs) StdoutLine: {'line': b'-- Installing: /home/yadhu/ur3e/src/install/moveit_msgs/include/moveit_msgs/moveit_msgs/msg/grasp.hpp\n'}
[1.602821] (moveit_msgs) StdoutLine: {'line': b'-- Installing: /home/yadhu/ur3e/src/install/moveit_msgs/include/moveit_msgs/moveit_msgs/msg/planner_interface_description.hpp\n'}
[1.602862] (moveit_msgs) StdoutLine: {'line': b'-- Installing: /home/yadhu/ur3e/src/install/moveit_msgs/include/moveit_msgs/moveit_msgs/msg/motion_plan_response.hpp\n'}
[1.602904] (moveit_msgs) StdoutLine: {'line': b'-- Installing: /home/yadhu/ur3e/src/install/moveit_msgs/include/moveit_msgs/moveit_msgs/msg/cartesian_trajectory.hpp\n'}
[1.602946] (moveit_msgs) StdoutLine: {'line': b'-- Installing: /home/yadhu/ur3e/src/install/moveit_msgs/include/moveit_msgs/moveit_msgs/msg/motion_plan_detailed_response.hpp\n'}
[1.602999] (moveit_msgs) StdoutLine: {'line': b'-- Installing: /home/yadhu/ur3e/src/install/moveit_msgs/include/moveit_msgs/moveit_msgs/msg/motion_sequence_response.hpp\n'}
[1.603041] (moveit_msgs) StdoutLine: {'line': b'-- Installing: /home/yadhu/ur3e/src/install/moveit_msgs/include/moveit_msgs/moveit_msgs/msg/allowed_collision_entry.hpp\n'}
[1.603154] (moveit_msgs) StdoutLine: {'line': b'-- Installing: /home/yadhu/ur3e/src/install/moveit_msgs/include/moveit_msgs/moveit_msgs/msg/workspace_parameters.hpp\n'}
[1.603179] (moveit_msgs) StdoutLine: {'line': b'-- Installing: /home/yadhu/ur3e/src/install/moveit_msgs/include/moveit_msgs/moveit_msgs/msg/bounding_volume.hpp\n'}
[1.603222] (moveit_msgs) StdoutLine: {'line': b'-- Installing: /home/yadhu/ur3e/src/install/moveit_msgs/include/moveit_msgs/moveit_msgs/msg/visibility_constraint.hpp\n'}
[1.603300] (moveit_msgs) StdoutLine: {'line': b'-- Installing: /home/yadhu/ur3e/src/install/moveit_msgs/include/moveit_msgs/moveit_msgs/msg/place_location.hpp\n'}
[1.603325] (moveit_msgs) StdoutLine: {'line': b'-- Installing: /home/yadhu/ur3e/src/install/moveit_msgs/include/moveit_msgs/moveit_msgs/msg/display_robot_state.hpp\n'}
[1.603360] (moveit_msgs) StdoutLine: {'line': b'-- Installing: /home/yadhu/ur3e/src/install/moveit_msgs/include/moveit_msgs/moveit_msgs/msg/joint_constraint.hpp\n'}
[1.603396] (moveit_msgs) StdoutLine: {'line': b'-- Installing: /home/yadhu/ur3e/src/install/moveit_msgs/include/moveit_msgs/moveit_msgs/msg/planning_scene_components.hpp\n'}
[1.603430] (moveit_msgs) StdoutLine: {'line': b'-- Installing: /home/yadhu/ur3e/src/install/moveit_msgs/include/moveit_msgs/moveit_msgs/msg/cartesian_trajectory_point.hpp\n'}
[1.603464] (moveit_msgs) StdoutLine: {'line': b'-- Installing: /home/yadhu/ur3e/src/install/moveit_msgs/include/moveit_msgs/moveit_msgs/msg/planner_params.hpp\n'}
[1.603504] (moveit_msgs) StdoutLine: {'line': b'-- Installing: /home/yadhu/ur3e/src/install/moveit_msgs/include/moveit_msgs/moveit_msgs/msg/kinematic_solver_info.hpp\n'}
[1.603552] (moveit_msgs) StdoutLine: {'line': b'-- Installing: /home/yadhu/ur3e/src/install/moveit_msgs/include/moveit_msgs/moveit_msgs/msg/link_padding.hpp\n'}
[1.603595] (moveit_msgs) StdoutLine: {'line': b'-- Installing: /home/yadhu/ur3e/src/install/moveit_msgs/include/moveit_msgs/moveit_msgs/msg/motion_plan_request.hpp\n'}
[1.603641] (moveit_msgs) StdoutLine: {'line': b'-- Installing: /home/yadhu/ur3e/src/install/moveit_msgs/include/moveit_msgs/moveit_msgs/msg/robot_trajectory.hpp\n'}
[1.603690] (moveit_msgs) StdoutLine: {'line': b'-- Installing: /home/yadhu/ur3e/src/install/moveit_msgs/include/moveit_msgs/moveit_msgs/msg/robot_state.hpp\n'}
[1.603734] (moveit_msgs) StdoutLine: {'line': b'-- Installing: /home/yadhu/ur3e/src/install/moveit_msgs/include/moveit_msgs/moveit_msgs/msg/allowed_collision_matrix.hpp\n'}
[1.603782] (moveit_msgs) StdoutLine: {'line': b'-- Installing: /home/yadhu/ur3e/src/install/moveit_msgs/include/moveit_msgs/moveit_msgs/msg/orientation_constraint.hpp\n'}
[1.603833] (moveit_msgs) StdoutLine: {'line': b'-- Installing: /home/yadhu/ur3e/src/install/moveit_msgs/include/moveit_msgs/moveit_msgs/msg/cost_source.hpp\n'}
[1.603876] (moveit_msgs) StdoutLine: {'line': b'-- Installing: /home/yadhu/ur3e/src/install/moveit_msgs/include/moveit_msgs/moveit_msgs/msg/move_it_error_codes.hpp\n'}
[1.603925] (moveit_msgs) StdoutLine: {'line': b'-- Up-to-date: /home/yadhu/ur3e/src/install/moveit_msgs/include/moveit_msgs/moveit_msgs/srv\n'}
[1.603960] (moveit_msgs) StdoutLine: {'line': b'-- Installing: /home/yadhu/ur3e/src/install/moveit_msgs/include/moveit_msgs/moveit_msgs/srv/get_position_fk.hpp\n'}
[1.603995] (moveit_msgs) StdoutLine: {'line': b'-- Installing: /home/yadhu/ur3e/src/install/moveit_msgs/include/moveit_msgs/moveit_msgs/srv/grasp_planning.hpp\n'}
[1.604035] (moveit_msgs) StdoutLine: {'line': b'-- Installing: /home/yadhu/ur3e/src/install/moveit_msgs/include/moveit_msgs/moveit_msgs/srv/delete_robot_state_from_warehouse.hpp\n'}
[1.604079] (moveit_msgs) StdoutLine: {'line': b'-- Installing: /home/yadhu/ur3e/src/install/moveit_msgs/include/moveit_msgs/moveit_msgs/srv/get_cartesian_path.hpp\n'}
[1.604120] (moveit_msgs) StdoutLine: {'line': b'-- Installing: /home/yadhu/ur3e/src/install/moveit_msgs/include/moveit_msgs/moveit_msgs/srv/update_pointcloud_octomap.hpp\n'}
[1.604159] (moveit_msgs) StdoutLine: {'line': b'-- Installing: /home/yadhu/ur3e/src/install/moveit_msgs/include/moveit_msgs/moveit_msgs/srv/change_control_dimensions.hpp\n'}
[1.604199] (moveit_msgs) StdoutLine: {'line': b'-- Installing: /home/yadhu/ur3e/src/install/moveit_msgs/include/moveit_msgs/moveit_msgs/srv/list_robot_states_in_warehouse.hpp\n'}
[1.604244] (moveit_msgs) StdoutLine: {'line': b'-- Installing: /home/yadhu/ur3e/src/install/moveit_msgs/include/moveit_msgs/moveit_msgs/srv/apply_planning_scene.hpp\n'}
[1.604284] (moveit_msgs) StdoutLine: {'line': b'-- Installing: /home/yadhu/ur3e/src/install/moveit_msgs/include/moveit_msgs/moveit_msgs/srv/save_map.hpp\n'}
[1.604325] (moveit_msgs) StdoutLine: {'line': b'-- Installing: /home/yadhu/ur3e/src/install/moveit_msgs/include/moveit_msgs/moveit_msgs/srv/set_planner_params.hpp\n'}
[1.604378] (moveit_msgs) StdoutLine: {'line': b'-- Installing: /home/yadhu/ur3e/src/install/moveit_msgs/include/moveit_msgs/moveit_msgs/srv/query_planner_interfaces.hpp\n'}
[1.604417] (moveit_msgs) StdoutLine: {'line': b'-- Installing: /home/yadhu/ur3e/src/install/moveit_msgs/include/moveit_msgs/moveit_msgs/srv/get_robot_state_from_warehouse.hpp\n'}
[1.604457] (moveit_msgs) StdoutLine: {'line': b'-- Up-to-date: /home/yadhu/ur3e/src/install/moveit_msgs/include/moveit_msgs/moveit_msgs/srv/detail\n'}
[1.604497] (moveit_msgs) StdoutLine: {'line': b'-- Installing: /home/yadhu/ur3e/src/install/moveit_msgs/include/moveit_msgs/moveit_msgs/srv/detail/delete_robot_state_from_warehouse__traits.hpp\n'}
[1.604548] (moveit_msgs) StdoutLine: {'line': b'-- Installing: /home/yadhu/ur3e/src/install/moveit_msgs/include/moveit_msgs/moveit_msgs/srv/detail/load_map__builder.hpp\n'}
[1.604588] (moveit_msgs) StdoutLine: {'line': b'-- Installing: /home/yadhu/ur3e/src/install/moveit_msgs/include/moveit_msgs/moveit_msgs/srv/detail/save_map__traits.hpp\n'}
[1.604631] (moveit_msgs) StdoutLine: {'line': b'-- Installing: /home/yadhu/ur3e/src/install/moveit_msgs/include/moveit_msgs/moveit_msgs/srv/detail/set_planner_params__builder.hpp\n'}
[1.604680] (moveit_msgs) StdoutLine: {'line': b'-- Installing: /home/yadhu/ur3e/src/install/moveit_msgs/include/moveit_msgs/moveit_msgs/srv/detail/get_state_validity__builder.hpp\n'}
[1.604747] (moveit_msgs) StdoutLine: {'line': b'-- Installing: /home/yadhu/ur3e/src/install/moveit_msgs/include/moveit_msgs/moveit_msgs/srv/detail/get_planner_params__struct.hpp\n'}
[1.604908] (moveit_msgs) StdoutLine: {'line': b'-- Installing: /home/yadhu/ur3e/src/install/moveit_msgs/include/moveit_msgs/moveit_msgs/srv/detail/get_position_fk__traits.hpp\n'}
[1.605167] (moveit_msgs) StdoutLine: {'line': b'-- Installing: /home/yadhu/ur3e/src/install/moveit_msgs/include/moveit_msgs/moveit_msgs/srv/detail/apply_planning_scene__struct.hpp\n'}
[1.605312] (moveit_msgs) StdoutLine: {'line': b'-- Installing: /home/yadhu/ur3e/src/install/moveit_msgs/include/moveit_msgs/moveit_msgs/srv/detail/save_robot_state_to_warehouse__struct.hpp\n'}
[1.605474] (moveit_msgs) StdoutLine: {'line': b'-- Installing: /home/yadhu/ur3e/src/install/moveit_msgs/include/moveit_msgs/moveit_msgs/srv/detail/save_robot_state_to_warehouse__traits.hpp\n'}
[1.605517] (moveit_msgs) StdoutLine: {'line': b'-- Installing: /home/yadhu/ur3e/src/install/moveit_msgs/include/moveit_msgs/moveit_msgs/srv/detail/save_robot_state_to_warehouse__builder.hpp\n'}
[1.605559] (moveit_msgs) StdoutLine: {'line': b'-- Installing: /home/yadhu/ur3e/src/install/moveit_msgs/include/moveit_msgs/moveit_msgs/srv/detail/query_planner_interfaces__struct.hpp\n'}
[1.605720] (moveit_msgs) StdoutLine: {'line': b'-- Installing: /home/yadhu/ur3e/src/install/moveit_msgs/include/moveit_msgs/moveit_msgs/srv/detail/grasp_planning__builder.hpp\n'}
[1.605773] (moveit_msgs) StdoutLine: {'line': b'-- Installing: /home/yadhu/ur3e/src/install/moveit_msgs/include/moveit_msgs/moveit_msgs/srv/detail/set_planner_params__traits.hpp\n'}
[1.605820] (moveit_msgs) StdoutLine: {'line': b'-- Installing: /home/yadhu/ur3e/src/install/moveit_msgs/include/moveit_msgs/moveit_msgs/srv/detail/load_map__traits.hpp\n'}
[1.605865] (moveit_msgs) StdoutLine: {'line': b'-- Installing: /home/yadhu/ur3e/src/install/moveit_msgs/include/moveit_msgs/moveit_msgs/srv/detail/update_pointcloud_octomap__struct.hpp\n'}
[1.606020] (moveit_msgs) StdoutLine: {'line': b'-- Installing: /home/yadhu/ur3e/src/install/moveit_msgs/include/moveit_msgs/moveit_msgs/srv/detail/get_robot_state_from_warehouse__builder.hpp\n'}
[1.606062] (moveit_msgs) StdoutLine: {'line': b'-- Installing: /home/yadhu/ur3e/src/install/moveit_msgs/include/moveit_msgs/moveit_msgs/srv/detail/get_motion_sequence__struct.hpp\n'}
[1.606201] (moveit_msgs) StdoutLine: {'line': b'-- Installing: /home/yadhu/ur3e/src/install/moveit_msgs/include/moveit_msgs/moveit_msgs/srv/detail/grasp_planning__traits.hpp\n'}
[1.606344] (moveit_msgs) StdoutLine: {'line': b'-- Installing: /home/yadhu/ur3e/src/install/moveit_msgs/include/moveit_msgs/moveit_msgs/srv/detail/set_planner_params__struct.hpp\n'}
[1.606492] (moveit_msgs) StdoutLine: {'line': b'-- Installing: /home/yadhu/ur3e/src/install/moveit_msgs/include/moveit_msgs/moveit_msgs/srv/detail/rename_robot_state_in_warehouse__struct.hpp\n'}
[1.606638] (moveit_msgs) StdoutLine: {'line': b'-- Installing: /home/yadhu/ur3e/src/install/moveit_msgs/include/moveit_msgs/moveit_msgs/srv/detail/delete_robot_state_from_warehouse__struct.hpp\n'}
[1.606853] (moveit_msgs) StdoutLine: {'line': b'-- Installing: /home/yadhu/ur3e/src/install/moveit_msgs/include/moveit_msgs/moveit_msgs/srv/detail/get_cartesian_path__struct.hpp\n'}
[1.606998] (moveit_msgs) StdoutLine: {'line': b'-- Installing: /home/yadhu/ur3e/src/install/moveit_msgs/include/moveit_msgs/moveit_msgs/srv/detail/grasp_planning__struct.hpp\n'}
[1.607086] (moveit_msgs) StdoutLine: {'line': b'-- Installing: /home/yadhu/ur3e/src/install/moveit_msgs/include/moveit_msgs/moveit_msgs/srv/detail/update_pointcloud_octomap__builder.hpp\n'}
[1.607129] (moveit_msgs) StdoutLine: {'line': b'-- Installing: /home/yadhu/ur3e/src/install/moveit_msgs/include/moveit_msgs/moveit_msgs/srv/detail/get_state_validity__traits.hpp\n'}
[1.607268] (moveit_msgs) StdoutLine: {'line': b'-- Installing: /home/yadhu/ur3e/src/install/moveit_msgs/include/moveit_msgs/moveit_msgs/srv/detail/get_planning_scene__builder.hpp\n'}
[1.607317] (moveit_msgs) StdoutLine: {'line': b'-- Installing: /home/yadhu/ur3e/src/install/moveit_msgs/include/moveit_msgs/moveit_msgs/srv/detail/get_planner_params__traits.hpp\n'}
[1.607361] (moveit_msgs) StdoutLine: {'line': b'-- Installing: /home/yadhu/ur3e/src/install/moveit_msgs/include/moveit_msgs/moveit_msgs/srv/detail/change_control_dimensions__builder.hpp\n'}
[1.607410] (moveit_msgs) StdoutLine: {'line': b'-- Installing: /home/yadhu/ur3e/src/install/moveit_msgs/include/moveit_msgs/moveit_msgs/srv/detail/get_position_fk__builder.hpp\n'}
[1.607459] (moveit_msgs) StdoutLine: {'line': b'-- Installing: /home/yadhu/ur3e/src/install/moveit_msgs/include/moveit_msgs/moveit_msgs/srv/detail/get_position_ik__struct.hpp\n'}
[1.607680] (moveit_msgs) StdoutLine: {'line': b'-- Installing: /home/yadhu/ur3e/src/install/moveit_msgs/include/moveit_msgs/moveit_msgs/srv/detail/list_robot_states_in_warehouse__traits.hpp\n'}
[1.607728] (moveit_msgs) StdoutLine: {'line': b'-- Installing: /home/yadhu/ur3e/src/install/moveit_msgs/include/moveit_msgs/moveit_msgs/srv/detail/update_pointcloud_octomap__traits.hpp\n'}
[1.607789] (moveit_msgs) StdoutLine: {'line': b'-- Installing: /home/yadhu/ur3e/src/install/moveit_msgs/include/moveit_msgs/moveit_msgs/srv/detail/change_drift_dimensions__struct.hpp\n'}
[1.608066] (moveit_msgs) StdoutLine: {'line': b'-- Installing: /home/yadhu/ur3e/src/install/moveit_msgs/include/moveit_msgs/moveit_msgs/srv/detail/change_control_dimensions__struct.hpp\n'}
[1.608334] (moveit_msgs) StdoutLine: {'line': b'-- Installing: /home/yadhu/ur3e/src/install/moveit_msgs/include/moveit_msgs/moveit_msgs/srv/detail/apply_planning_scene__traits.hpp\n'}
[1.608446] (moveit_msgs) StdoutLine: {'line': b'-- Installing: /home/yadhu/ur3e/src/install/moveit_msgs/include/moveit_msgs/moveit_msgs/srv/detail/query_planner_interfaces__traits.hpp\n'}
[1.608543] (moveit_msgs) StdoutLine: {'line': b'-- Installing: /home/yadhu/ur3e/src/install/moveit_msgs/include/moveit_msgs/moveit_msgs/srv/detail/query_planner_interfaces__builder.hpp\n'}
[1.608756] (moveit_msgs) StdoutLine: {'line': b'-- Installing: /home/yadhu/ur3e/src/install/moveit_msgs/include/moveit_msgs/moveit_msgs/srv/detail/check_if_robot_state_exists_in_warehouse__builder.hpp\n'}
[1.608787] (moveit_msgs) StdoutLine: {'line': b'-- Installing: /home/yadhu/ur3e/src/install/moveit_msgs/include/moveit_msgs/moveit_msgs/srv/detail/change_control_dimensions__traits.hpp\n'}
[1.609014] (moveit_msgs) StdoutLine: {'line': b'-- Installing: /home/yadhu/ur3e/src/install/moveit_msgs/include/moveit_msgs/moveit_msgs/srv/detail/get_planning_scene__traits.hpp\n'}
[1.609134] (moveit_msgs) StdoutLine: {'line': b'-- Installing: /home/yadhu/ur3e/src/install/moveit_msgs/include/moveit_msgs/moveit_msgs/srv/detail/rename_robot_state_in_warehouse__builder.hpp\n'}
[1.609169] (moveit_msgs) StdoutLine: {'line': b'-- Installing: /home/yadhu/ur3e/src/install/moveit_msgs/include/moveit_msgs/moveit_msgs/srv/detail/list_robot_states_in_warehouse__struct.hpp\n'}
[1.609554] (moveit_msgs) StdoutLine: {'line': b'-- Installing: /home/yadhu/ur3e/src/install/moveit_msgs/include/moveit_msgs/moveit_msgs/srv/detail/get_motion_plan__struct.hpp\n'}
[1.609726] (moveit_msgs) StdoutLine: {'line': b'-- Installing: /home/yadhu/ur3e/src/install/moveit_msgs/include/moveit_msgs/moveit_msgs/srv/detail/save_map__struct.hpp\n'}
[1.609949] (moveit_msgs) StdoutLine: {'line': b'-- Installing: /home/yadhu/ur3e/src/install/moveit_msgs/include/moveit_msgs/moveit_msgs/srv/detail/change_drift_dimensions__builder.hpp\n'}
[1.610039] (moveit_msgs) StdoutLine: {'line': b'-- Installing: /home/yadhu/ur3e/src/install/moveit_msgs/include/moveit_msgs/moveit_msgs/srv/detail/get_robot_state_from_warehouse__struct.hpp\n'}
[1.610423] (moveit_msgs) StdoutLine: {'line': b'-- Installing: /home/yadhu/ur3e/src/install/moveit_msgs/include/moveit_msgs/moveit_msgs/srv/detail/apply_planning_scene__builder.hpp\n'}
[1.610467] (moveit_msgs) StdoutLine: {'line': b'-- Installing: /home/yadhu/ur3e/src/install/moveit_msgs/include/moveit_msgs/moveit_msgs/srv/detail/change_drift_dimensions__traits.hpp\n'}
[1.610611] (moveit_msgs) StdoutLine: {'line': b'-- Installing: /home/yadhu/ur3e/src/install/moveit_msgs/include/moveit_msgs/moveit_msgs/srv/detail/get_cartesian_path__builder.hpp\n'}
[1.610766] (moveit_msgs) StdoutLine: {'line': b'-- Installing: /home/yadhu/ur3e/src/install/moveit_msgs/include/moveit_msgs/moveit_msgs/srv/detail/rename_robot_state_in_warehouse__traits.hpp\n'}
[1.610870] (moveit_msgs) StdoutLine: {'line': b'-- Installing: /home/yadhu/ur3e/src/install/moveit_msgs/include/moveit_msgs/moveit_msgs/srv/detail/get_position_fk__struct.hpp\n'}
[1.611141] (moveit_msgs) StdoutLine: {'line': b'-- Installing: /home/yadhu/ur3e/src/install/moveit_msgs/include/moveit_msgs/moveit_msgs/srv/detail/get_state_validity__struct.hpp\n'}
[1.611783] (moveit_msgs) StdoutLine: {'line': b'-- Installing: /home/yadhu/ur3e/src/install/moveit_msgs/include/moveit_msgs/moveit_msgs/srv/detail/get_position_ik__traits.hpp\n'}
[1.611876] (moveit_msgs) StdoutLine: {'line': b'-- Installing: /home/yadhu/ur3e/src/install/moveit_msgs/include/moveit_msgs/moveit_msgs/srv/detail/get_motion_sequence__builder.hpp\n'}
[1.611920] (moveit_msgs) StdoutLine: {'line': b'-- Installing: /home/yadhu/ur3e/src/install/moveit_msgs/include/moveit_msgs/moveit_msgs/srv/detail/save_map__builder.hpp\n'}
[1.611960] (moveit_msgs) StdoutLine: {'line': b'-- Installing: /home/yadhu/ur3e/src/install/moveit_msgs/include/moveit_msgs/moveit_msgs/srv/detail/get_planner_params__builder.hpp\n'}
[1.612004] (moveit_msgs) StdoutLine: {'line': b'-- Installing: /home/yadhu/ur3e/src/install/moveit_msgs/include/moveit_msgs/moveit_msgs/srv/detail/get_cartesian_path__traits.hpp\n'}
[1.612082] (moveit_msgs) StdoutLine: {'line': b'-- Installing: /home/yadhu/ur3e/src/install/moveit_msgs/include/moveit_msgs/moveit_msgs/srv/detail/check_if_robot_state_exists_in_warehouse__struct.hpp\n'}
[1.612357] (moveit_msgs) StdoutLine: {'line': b'-- Installing: /home/yadhu/ur3e/src/install/moveit_msgs/include/moveit_msgs/moveit_msgs/srv/detail/delete_robot_state_from_warehouse__builder.hpp\n'}
[1.612505] (moveit_msgs) StdoutLine: {'line': b'-- Installing: /home/yadhu/ur3e/src/install/moveit_msgs/include/moveit_msgs/moveit_msgs/srv/detail/get_robot_state_from_warehouse__traits.hpp\n'}
[1.612573] (moveit_msgs) StdoutLine: {'line': b'-- Installing: /home/yadhu/ur3e/src/install/moveit_msgs/include/moveit_msgs/moveit_msgs/srv/detail/load_map__struct.hpp\n'}
[1.612881] (moveit_msgs) StdoutLine: {'line': b'-- Installing: /home/yadhu/ur3e/src/install/moveit_msgs/include/moveit_msgs/moveit_msgs/srv/detail/get_motion_plan__builder.hpp\n'}
[1.612946] (moveit_msgs) StdoutLine: {'line': b'-- Installing: /home/yadhu/ur3e/src/install/moveit_msgs/include/moveit_msgs/moveit_msgs/srv/detail/get_motion_plan__traits.hpp\n'}
[1.613153] (moveit_msgs) StdoutLine: {'line': b'-- Installing: /home/yadhu/ur3e/src/install/moveit_msgs/include/moveit_msgs/moveit_msgs/srv/detail/get_planning_scene__struct.hpp\n'}
[1.613258] (moveit_msgs) StdoutLine: {'line': b'-- Installing: /home/yadhu/ur3e/src/install/moveit_msgs/include/moveit_msgs/moveit_msgs/srv/detail/get_motion_sequence__traits.hpp\n'}
[1.613351] (moveit_msgs) StdoutLine: {'line': b'-- Installing: /home/yadhu/ur3e/src/install/moveit_msgs/include/moveit_msgs/moveit_msgs/srv/detail/get_position_ik__builder.hpp\n'}
[1.613458] (moveit_msgs) StdoutLine: {'line': b'-- Installing: /home/yadhu/ur3e/src/install/moveit_msgs/include/moveit_msgs/moveit_msgs/srv/detail/list_robot_states_in_warehouse__builder.hpp\n'}
[1.613572] (moveit_msgs) StdoutLine: {'line': b'-- Installing: /home/yadhu/ur3e/src/install/moveit_msgs/include/moveit_msgs/moveit_msgs/srv/detail/check_if_robot_state_exists_in_warehouse__traits.hpp\n'}
[1.613655] (moveit_msgs) StdoutLine: {'line': b'-- Installing: /home/yadhu/ur3e/src/install/moveit_msgs/include/moveit_msgs/moveit_msgs/srv/rename_robot_state_in_warehouse.hpp\n'}
[1.613776] (moveit_msgs) StdoutLine: {'line': b'-- Installing: /home/yadhu/ur3e/src/install/moveit_msgs/include/moveit_msgs/moveit_msgs/srv/get_planner_params.hpp\n'}
[1.613883] (moveit_msgs) StdoutLine: {'line': b'-- Installing: /home/yadhu/ur3e/src/install/moveit_msgs/include/moveit_msgs/moveit_msgs/srv/get_motion_sequence.hpp\n'}
[1.613950] (moveit_msgs) StdoutLine: {'line': b'-- Installing: /home/yadhu/ur3e/src/install/moveit_msgs/include/moveit_msgs/moveit_msgs/srv/get_motion_plan.hpp\n'}
[1.614070] (moveit_msgs) StdoutLine: {'line': b'-- Installing: /home/yadhu/ur3e/src/install/moveit_msgs/include/moveit_msgs/moveit_msgs/srv/change_drift_dimensions.hpp\n'}
[1.614177] (moveit_msgs) StdoutLine: {'line': b'-- Installing: /home/yadhu/ur3e/src/install/moveit_msgs/include/moveit_msgs/moveit_msgs/srv/get_position_ik.hpp\n'}
[1.614252] (moveit_msgs) StdoutLine: {'line': b'-- Installing: /home/yadhu/ur3e/src/install/moveit_msgs/include/moveit_msgs/moveit_msgs/srv/check_if_robot_state_exists_in_warehouse.hpp\n'}
[1.614321] (moveit_msgs) StdoutLine: {'line': b'-- Installing: /home/yadhu/ur3e/src/install/moveit_msgs/include/moveit_msgs/moveit_msgs/srv/load_map.hpp\n'}
[1.614416] (moveit_msgs) StdoutLine: {'line': b'-- Installing: /home/yadhu/ur3e/src/install/moveit_msgs/include/moveit_msgs/moveit_msgs/srv/get_state_validity.hpp\n'}
[1.614493] (moveit_msgs) StdoutLine: {'line': b'-- Installing: /home/yadhu/ur3e/src/install/moveit_msgs/include/moveit_msgs/moveit_msgs/srv/get_planning_scene.hpp\n'}
[1.614582] (moveit_msgs) StdoutLine: {'line': b'-- Installing: /home/yadhu/ur3e/src/install/moveit_msgs/include/moveit_msgs/moveit_msgs/srv/save_robot_state_to_warehouse.hpp\n'}
[1.614839] (moveit_msgs) StdoutLine: {'line': b'-- Up-to-date: /home/yadhu/ur3e/src/install/moveit_msgs/include/moveit_msgs/moveit_msgs\n'}
[1.614957] (moveit_msgs) StdoutLine: {'line': b'-- Up-to-date: /home/yadhu/ur3e/src/install/moveit_msgs/include/moveit_msgs/moveit_msgs/action\n'}
[1.615005] (moveit_msgs) StdoutLine: {'line': b'-- Up-to-date: /home/yadhu/ur3e/src/install/moveit_msgs/include/moveit_msgs/moveit_msgs/action/detail\n'}
[1.615041] (moveit_msgs) StdoutLine: {'line': b'-- Installing: /home/yadhu/ur3e/src/install/moveit_msgs/include/moveit_msgs/moveit_msgs/action/detail/move_group__rosidl_typesupport_fastrtps_cpp.hpp\n'}
[1.615308] (moveit_msgs) StdoutLine: {'line': b'-- Installing: /home/yadhu/ur3e/src/install/moveit_msgs/include/moveit_msgs/moveit_msgs/action/detail/execute_trajectory__rosidl_typesupport_fastrtps_cpp.hpp\n'}
[1.616005] (moveit_msgs) StdoutLine: {'line': b'-- Installing: /home/yadhu/ur3e/src/install/moveit_msgs/include/moveit_msgs/moveit_msgs/action/detail/dds_fastrtps\n'}
[1.616115] (moveit_msgs) StdoutLine: {'line': b'-- Installing: /home/yadhu/ur3e/src/install/moveit_msgs/include/moveit_msgs/moveit_msgs/action/detail/move_group_sequence__rosidl_typesupport_fastrtps_cpp.hpp\n'}
[1.616155] (moveit_msgs) StdoutLine: {'line': b'-- Installing: /home/yadhu/ur3e/src/install/moveit_msgs/include/moveit_msgs/moveit_msgs/action/detail/global_planner__rosidl_typesupport_fastrtps_cpp.hpp\n'}
[1.616363] (moveit_msgs) StdoutLine: {'line': b'-- Installing: /home/yadhu/ur3e/src/install/moveit_msgs/include/moveit_msgs/moveit_msgs/action/detail/hybrid_planner__rosidl_typesupport_fastrtps_cpp.hpp\n'}
[1.616667] (moveit_msgs) StdoutLine: {'line': b'-- Installing: /home/yadhu/ur3e/src/install/moveit_msgs/include/moveit_msgs/moveit_msgs/action/detail/local_planner__rosidl_typesupport_fastrtps_cpp.hpp\n'}
[1.616901] (moveit_msgs) StdoutLine: {'line': b'-- Installing: /home/yadhu/ur3e/src/install/moveit_msgs/include/moveit_msgs/moveit_msgs/action/detail/pickup__rosidl_typesupport_fastrtps_cpp.hpp\n'}
[1.617121] (moveit_msgs) StdoutLine: {'line': b'-- Installing: /home/yadhu/ur3e/src/install/moveit_msgs/include/moveit_msgs/moveit_msgs/action/detail/place__rosidl_typesupport_fastrtps_cpp.hpp\n'}
[1.617291] (moveit_msgs) StdoutLine: {'line': b'-- Up-to-date: /home/yadhu/ur3e/src/install/moveit_msgs/include/moveit_msgs/moveit_msgs/msg\n'}
[1.617349] (moveit_msgs) StdoutLine: {'line': b'-- Installing: /home/yadhu/ur3e/src/install/moveit_msgs/include/moveit_msgs/moveit_msgs/msg/rosidl_typesupport_fastrtps_cpp__visibility_control.h\n'}
[1.617404] (moveit_msgs) StdoutLine: {'line': b'-- Up-to-date: /home/yadhu/ur3e/src/install/moveit_msgs/include/moveit_msgs/moveit_msgs/msg/detail\n'}
[1.617457] (moveit_msgs) StdoutLine: {'line': b'-- Installing: /home/yadhu/ur3e/src/install/moveit_msgs/include/moveit_msgs/moveit_msgs/msg/detail/visibility_constraint__rosidl_typesupport_fastrtps_cpp.hpp\n'}
[1.617510] (moveit_msgs) StdoutLine: {'line': b'-- Installing: /home/yadhu/ur3e/src/install/moveit_msgs/include/moveit_msgs/moveit_msgs/msg/detail/constraints__rosidl_typesupport_fastrtps_cpp.hpp\n'}
[1.617564] (moveit_msgs) StdoutLine: {'line': b'-- Installing: /home/yadhu/ur3e/src/install/moveit_msgs/include/moveit_msgs/moveit_msgs/msg/detail/robot_state__rosidl_typesupport_fastrtps_cpp.hpp\n'}
[1.617616] (moveit_msgs) StdoutLine: {'line': b'-- Installing: /home/yadhu/ur3e/src/install/moveit_msgs/include/moveit_msgs/moveit_msgs/msg/detail/planning_options__rosidl_typesupport_fastrtps_cpp.hpp\n'}
[1.617669] (moveit_msgs) StdoutLine: {'line': b'-- Installing: /home/yadhu/ur3e/src/install/moveit_msgs/include/moveit_msgs/moveit_msgs/msg/detail/planner_params__rosidl_typesupport_fastrtps_cpp.hpp\n'}
[1.617736] (moveit_msgs) StdoutLine: {'line': b'-- Installing: /home/yadhu/ur3e/src/install/moveit_msgs/include/moveit_msgs/moveit_msgs/msg/detail/planning_scene_components__rosidl_typesupport_fastrtps_cpp.hpp\n'}
[1.617776] (moveit_msgs) StdoutLine: {'line': b'-- Installing: /home/yadhu/ur3e/src/install/moveit_msgs/include/moveit_msgs/moveit_msgs/msg/detail/workspace_parameters__rosidl_typesupport_fastrtps_cpp.hpp\n'}
[1.617842] (moveit_msgs) StdoutLine: {'line': b'-- Installing: /home/yadhu/ur3e/src/install/moveit_msgs/include/moveit_msgs/moveit_msgs/msg/detail/motion_plan_detailed_response__rosidl_typesupport_fastrtps_cpp.hpp\n'}
[1.617880] (moveit_msgs) StdoutLine: {'line': b'-- Installing: /home/yadhu/ur3e/src/install/moveit_msgs/include/moveit_msgs/moveit_msgs/msg/detail/collision_object__rosidl_typesupport_fastrtps_cpp.hpp\n'}
[1.617942] (moveit_msgs) StdoutLine: {'line': b'-- Installing: /home/yadhu/ur3e/src/install/moveit_msgs/include/moveit_msgs/moveit_msgs/msg/detail/cartesian_point__rosidl_typesupport_fastrtps_cpp.hpp\n'}
[1.618041] (moveit_msgs) StdoutLine: {'line': b'-- Installing: /home/yadhu/ur3e/src/install/moveit_msgs/include/moveit_msgs/moveit_msgs/msg/detail/display_trajectory__rosidl_typesupport_fastrtps_cpp.hpp\n'}
[1.618085] (moveit_msgs) StdoutLine: {'line': b'-- Installing: /home/yadhu/ur3e/src/install/moveit_msgs/include/moveit_msgs/moveit_msgs/msg/detail/oriented_bounding_box__rosidl_typesupport_fastrtps_cpp.hpp\n'}
[1.618129] (moveit_msgs) StdoutLine: {'line': b'-- Installing: /home/yadhu/ur3e/src/install/moveit_msgs/include/moveit_msgs/moveit_msgs/msg/detail/dds_fastrtps\n'}
[1.618190] (moveit_msgs) StdoutLine: {'line': b'-- Installing: /home/yadhu/ur3e/src/install/moveit_msgs/include/moveit_msgs/moveit_msgs/msg/detail/bounding_volume__rosidl_typesupport_fastrtps_cpp.hpp\n'}
[1.618252] (moveit_msgs) StdoutLine: {'line': b'-- Installing: /home/yadhu/ur3e/src/install/moveit_msgs/include/moveit_msgs/moveit_msgs/msg/detail/link_scale__rosidl_typesupport_fastrtps_cpp.hpp\n'}
[1.618311] (moveit_msgs) StdoutLine: {'line': b'-- Installing: /home/yadhu/ur3e/src/install/moveit_msgs/include/moveit_msgs/moveit_msgs/msg/detail/attached_collision_object__rosidl_typesupport_fastrtps_cpp.hpp\n'}
[1.618367] (moveit_msgs) StdoutLine: {'line': b'-- Installing: /home/yadhu/ur3e/src/install/moveit_msgs/include/moveit_msgs/moveit_msgs/msg/detail/planning_scene__rosidl_typesupport_fastrtps_cpp.hpp\n'}
[1.618449] (moveit_msgs) StdoutLine: {'line': b'-- Installing: /home/yadhu/ur3e/src/install/moveit_msgs/include/moveit_msgs/moveit_msgs/msg/detail/position_constraint__rosidl_typesupport_fastrtps_cpp.hpp\n'}
[1.618521] (moveit_msgs) StdoutLine: {'line': b'-- Installing: /home/yadhu/ur3e/src/install/moveit_msgs/include/moveit_msgs/moveit_msgs/msg/detail/position_ik_request__rosidl_typesupport_fastrtps_cpp.hpp\n'}
[1.618590] (moveit_msgs) StdoutLine: {'line': b'-- Installing: /home/yadhu/ur3e/src/install/moveit_msgs/include/moveit_msgs/moveit_msgs/msg/detail/motion_plan_request__rosidl_typesupport_fastrtps_cpp.hpp\n'}
[1.618684] (moveit_msgs) StdoutLine: {'line': b'-- Installing: /home/yadhu/ur3e/src/install/moveit_msgs/include/moveit_msgs/moveit_msgs/msg/detail/motion_sequence_request__rosidl_typesupport_fastrtps_cpp.hpp\n'}
[1.618844] (moveit_msgs) StdoutLine: {'line': b'-- Installing: /home/yadhu/ur3e/src/install/moveit_msgs/include/moveit_msgs/moveit_msgs/msg/detail/object_color__rosidl_typesupport_fastrtps_cpp.hpp\n'}
[1.618953] (moveit_msgs) StdoutLine: {'line': b'-- Installing: /home/yadhu/ur3e/src/install/moveit_msgs/include/moveit_msgs/moveit_msgs/msg/detail/planner_interface_description__rosidl_typesupport_fastrtps_cpp.hpp\n'}
[1.619014] (moveit_msgs) StdoutLine: {'line': b'-- Installing: /home/yadhu/ur3e/src/install/moveit_msgs/include/moveit_msgs/moveit_msgs/msg/detail/planning_scene_world__rosidl_typesupport_fastrtps_cpp.hpp\n'}
[1.619112] (moveit_msgs) StdoutLine: {'line': b'-- Installing: /home/yadhu/ur3e/src/install/moveit_msgs/include/moveit_msgs/moveit_msgs/msg/detail/gripper_translation__rosidl_typesupport_fastrtps_cpp.hpp\n'}
[1.619176] (moveit_msgs) StdoutLine: {'line': b'-- Installing: /home/yadhu/ur3e/src/install/moveit_msgs/include/moveit_msgs/moveit_msgs/msg/detail/place_location__rosidl_typesupport_fastrtps_cpp.hpp\n'}
[1.619243] (moveit_msgs) StdoutLine: {'line': b'-- Installing: /home/yadhu/ur3e/src/install/moveit_msgs/include/moveit_msgs/moveit_msgs/msg/detail/cartesian_trajectory_point__rosidl_typesupport_fastrtps_cpp.hpp\n'}
[1.619332] (moveit_msgs) StdoutLine: {'line': b'-- Installing: /home/yadhu/ur3e/src/install/moveit_msgs/include/moveit_msgs/moveit_msgs/msg/detail/generic_trajectory__rosidl_typesupport_fastrtps_cpp.hpp\n'}
[1.619390] (moveit_msgs) StdoutLine: {'line': b'-- Installing: /home/yadhu/ur3e/src/install/moveit_msgs/include/moveit_msgs/moveit_msgs/msg/detail/robot_trajectory__rosidl_typesupport_fastrtps_cpp.hpp\n'}
[1.619446] (moveit_msgs) StdoutLine: {'line': b'-- Installing: /home/yadhu/ur3e/src/install/moveit_msgs/include/moveit_msgs/moveit_msgs/msg/detail/display_robot_state__rosidl_typesupport_fastrtps_cpp.hpp\n'}
[1.619527] (moveit_msgs) StdoutLine: {'line': b'-- Installing: /home/yadhu/ur3e/src/install/moveit_msgs/include/moveit_msgs/moveit_msgs/msg/detail/move_it_error_codes__rosidl_typesupport_fastrtps_cpp.hpp\n'}
[1.619586] (moveit_msgs) StdoutLine: {'line': b'-- Installing: /home/yadhu/ur3e/src/install/moveit_msgs/include/moveit_msgs/moveit_msgs/msg/detail/kinematic_solver_info__rosidl_typesupport_fastrtps_cpp.hpp\n'}
[1.619642] (moveit_msgs) StdoutLine: {'line': b'-- Installing: /home/yadhu/ur3e/src/install/moveit_msgs/include/moveit_msgs/moveit_msgs/msg/detail/cost_source__rosidl_typesupport_fastrtps_cpp.hpp\n'}
[1.619725] (moveit_msgs) StdoutLine: {'line': b'-- Installing: /home/yadhu/ur3e/src/install/moveit_msgs/include/moveit_msgs/moveit_msgs/msg/detail/trajectory_constraints__rosidl_typesupport_fastrtps_cpp.hpp\n'}
[1.619798] (moveit_msgs) StdoutLine: {'line': b'-- Installing: /home/yadhu/ur3e/src/install/moveit_msgs/include/moveit_msgs/moveit_msgs/msg/detail/cartesian_trajectory__rosidl_typesupport_fastrtps_cpp.hpp\n'}
[1.619866] (moveit_msgs) StdoutLine: {'line': b'-- Installing: /home/yadhu/ur3e/src/install/moveit_msgs/include/moveit_msgs/moveit_msgs/msg/detail/link_padding__rosidl_typesupport_fastrtps_cpp.hpp\n'}
[1.619921] (moveit_msgs) StdoutLine: {'line': b'-- Installing: /home/yadhu/ur3e/src/install/moveit_msgs/include/moveit_msgs/moveit_msgs/msg/detail/grasp__rosidl_typesupport_fastrtps_cpp.hpp\n'}
[1.619985] (moveit_msgs) StdoutLine: {'line': b'-- Installing: /home/yadhu/ur3e/src/install/moveit_msgs/include/moveit_msgs/moveit_msgs/msg/detail/allowed_collision_matrix__rosidl_typesupport_fastrtps_cpp.hpp\n'}
[1.620060] (moveit_msgs) StdoutLine: {'line': b'-- Installing: /home/yadhu/ur3e/src/install/moveit_msgs/include/moveit_msgs/moveit_msgs/msg/detail/motion_sequence_item__rosidl_typesupport_fastrtps_cpp.hpp\n'}
[1.620097] (moveit_msgs) StdoutLine: {'line': b'-- Installing: /home/yadhu/ur3e/src/install/moveit_msgs/include/moveit_msgs/moveit_msgs/msg/detail/allowed_collision_entry__rosidl_typesupport_fastrtps_cpp.hpp\n'}
[1.620132] (moveit_msgs) StdoutLine: {'line': b'-- Installing: /home/yadhu/ur3e/src/install/moveit_msgs/include/moveit_msgs/moveit_msgs/msg/detail/contact_information__rosidl_typesupport_fastrtps_cpp.hpp\n'}
[1.620164] (moveit_msgs) StdoutLine: {'line': b'-- Installing: /home/yadhu/ur3e/src/install/moveit_msgs/include/moveit_msgs/moveit_msgs/msg/detail/motion_sequence_response__rosidl_typesupport_fastrtps_cpp.hpp\n'}
[1.620209] (moveit_msgs) StdoutLine: {'line': b'-- Installing: /home/yadhu/ur3e/src/install/moveit_msgs/include/moveit_msgs/moveit_msgs/msg/detail/joint_limits__rosidl_typesupport_fastrtps_cpp.hpp\n'}
[1.620269] (moveit_msgs) StdoutLine: {'line': b'-- Installing: /home/yadhu/ur3e/src/install/moveit_msgs/include/moveit_msgs/moveit_msgs/msg/detail/constraint_eval_result__rosidl_typesupport_fastrtps_cpp.hpp\n'}
[1.620299] (moveit_msgs) StdoutLine: {'line': b'-- Installing: /home/yadhu/ur3e/src/install/moveit_msgs/include/moveit_msgs/moveit_msgs/msg/detail/joint_constraint__rosidl_typesupport_fastrtps_cpp.hpp\n'}
[1.620333] (moveit_msgs) StdoutLine: {'line': b'-- Installing: /home/yadhu/ur3e/src/install/moveit_msgs/include/moveit_msgs/moveit_msgs/msg/detail/motion_plan_response__rosidl_typesupport_fastrtps_cpp.hpp\n'}
[1.620381] (moveit_msgs) StdoutLine: {'line': b'-- Installing: /home/yadhu/ur3e/src/install/moveit_msgs/include/moveit_msgs/moveit_msgs/msg/detail/orientation_constraint__rosidl_typesupport_fastrtps_cpp.hpp\n'}
[1.620416] (moveit_msgs) StdoutLine: {'line': b'-- Up-to-date: /home/yadhu/ur3e/src/install/moveit_msgs/include/moveit_msgs/moveit_msgs/srv\n'}
[1.620450] (moveit_msgs) StdoutLine: {'line': b'-- Up-to-date: /home/yadhu/ur3e/src/install/moveit_msgs/include/moveit_msgs/moveit_msgs/srv/detail\n'}
[1.620498] (moveit_msgs) StdoutLine: {'line': b'-- Installing: /home/yadhu/ur3e/src/install/moveit_msgs/include/moveit_msgs/moveit_msgs/srv/detail/save_map__rosidl_typesupport_fastrtps_cpp.hpp\n'}
[1.620571] (moveit_msgs) StdoutLine: {'line': b'-- Installing: /home/yadhu/ur3e/src/install/moveit_msgs/include/moveit_msgs/moveit_msgs/srv/detail/rename_robot_state_in_warehouse__rosidl_typesupport_fastrtps_cpp.hpp\n'}
[1.620629] (moveit_msgs) StdoutLine: {'line': b'-- Installing: /home/yadhu/ur3e/src/install/moveit_msgs/include/moveit_msgs/moveit_msgs/srv/detail/get_planning_scene__rosidl_typesupport_fastrtps_cpp.hpp\n'}
[1.620668] (moveit_msgs) StdoutLine: {'line': b'-- Installing: /home/yadhu/ur3e/src/install/moveit_msgs/include/moveit_msgs/moveit_msgs/srv/detail/dds_fastrtps\n'}
[1.620711] (moveit_msgs) StdoutLine: {'line': b'-- Installing: /home/yadhu/ur3e/src/install/moveit_msgs/include/moveit_msgs/moveit_msgs/srv/detail/get_motion_sequence__rosidl_typesupport_fastrtps_cpp.hpp\n'}
[1.620784] (moveit_msgs) StdoutLine: {'line': b'-- Installing: /home/yadhu/ur3e/src/install/moveit_msgs/include/moveit_msgs/moveit_msgs/srv/detail/get_position_ik__rosidl_typesupport_fastrtps_cpp.hpp\n'}
[1.620918] (moveit_msgs) StdoutLine: {'line': b'-- Installing: /home/yadhu/ur3e/src/install/moveit_msgs/include/moveit_msgs/moveit_msgs/srv/detail/query_planner_interfaces__rosidl_typesupport_fastrtps_cpp.hpp\n'}
[1.620985] (moveit_msgs) StdoutLine: {'line': b'-- Installing: /home/yadhu/ur3e/src/install/moveit_msgs/include/moveit_msgs/moveit_msgs/srv/detail/get_planner_params__rosidl_typesupport_fastrtps_cpp.hpp\n'}
[1.621075] (moveit_msgs) StdoutLine: {'line': b'-- Installing: /home/yadhu/ur3e/src/install/moveit_msgs/include/moveit_msgs/moveit_msgs/srv/detail/change_control_dimensions__rosidl_typesupport_fastrtps_cpp.hpp\n'}
[1.621136] (moveit_msgs) StdoutLine: {'line': b'-- Installing: /home/yadhu/ur3e/src/install/moveit_msgs/include/moveit_msgs/moveit_msgs/srv/detail/update_pointcloud_octomap__rosidl_typesupport_fastrtps_cpp.hpp\n'}
[1.621193] (moveit_msgs) StdoutLine: {'line': b'-- Installing: /home/yadhu/ur3e/src/install/moveit_msgs/include/moveit_msgs/moveit_msgs/srv/detail/delete_robot_state_from_warehouse__rosidl_typesupport_fastrtps_cpp.hpp\n'}
[1.621251] (moveit_msgs) StdoutLine: {'line': b'-- Installing: /home/yadhu/ur3e/src/install/moveit_msgs/include/moveit_msgs/moveit_msgs/srv/detail/get_cartesian_path__rosidl_typesupport_fastrtps_cpp.hpp\n'}
[1.621308] (moveit_msgs) StdoutLine: {'line': b'-- Installing: /home/yadhu/ur3e/src/install/moveit_msgs/include/moveit_msgs/moveit_msgs/srv/detail/get_state_validity__rosidl_typesupport_fastrtps_cpp.hpp\n'}
[1.621393] (moveit_msgs) StdoutLine: {'line': b'-- Installing: /home/yadhu/ur3e/src/install/moveit_msgs/include/moveit_msgs/moveit_msgs/srv/detail/get_position_fk__rosidl_typesupport_fastrtps_cpp.hpp\n'}
[1.621451] (moveit_msgs) StdoutLine: {'line': b'-- Installing: /home/yadhu/ur3e/src/install/moveit_msgs/include/moveit_msgs/moveit_msgs/srv/detail/list_robot_states_in_warehouse__rosidl_typesupport_fastrtps_cpp.hpp\n'}
[1.621519] (moveit_msgs) StdoutLine: {'line': b'-- Installing: /home/yadhu/ur3e/src/install/moveit_msgs/include/moveit_msgs/moveit_msgs/srv/detail/get_motion_plan__rosidl_typesupport_fastrtps_cpp.hpp\n'}
[1.621588] (moveit_msgs) StdoutLine: {'line': b'-- Installing: /home/yadhu/ur3e/src/install/moveit_msgs/include/moveit_msgs/moveit_msgs/srv/detail/save_robot_state_to_warehouse__rosidl_typesupport_fastrtps_cpp.hpp\n'}
[1.621646] (moveit_msgs) StdoutLine: {'line': b'-- Installing: /home/yadhu/ur3e/src/install/moveit_msgs/include/moveit_msgs/moveit_msgs/srv/detail/load_map__rosidl_typesupport_fastrtps_cpp.hpp\n'}
[1.621712] (moveit_msgs) StdoutLine: {'line': b'-- Installing: /home/yadhu/ur3e/src/install/moveit_msgs/include/moveit_msgs/moveit_msgs/srv/detail/get_robot_state_from_warehouse__rosidl_typesupport_fastrtps_cpp.hpp\n'}
[1.621796] (moveit_msgs) StdoutLine: {'line': b'-- Installing: /home/yadhu/ur3e/src/install/moveit_msgs/include/moveit_msgs/moveit_msgs/srv/detail/change_drift_dimensions__rosidl_typesupport_fastrtps_cpp.hpp\n'}
[1.621875] (moveit_msgs) StdoutLine: {'line': b'-- Installing: /home/yadhu/ur3e/src/install/moveit_msgs/include/moveit_msgs/moveit_msgs/srv/detail/set_planner_params__rosidl_typesupport_fastrtps_cpp.hpp\n'}
[1.621906] (moveit_msgs) StdoutLine: {'line': b'-- Installing: /home/yadhu/ur3e/src/install/moveit_msgs/include/moveit_msgs/moveit_msgs/srv/detail/check_if_robot_state_exists_in_warehouse__rosidl_typesupport_fastrtps_cpp.hpp\n'}
[1.621932] (moveit_msgs) StdoutLine: {'line': b'-- Installing: /home/yadhu/ur3e/src/install/moveit_msgs/include/moveit_msgs/moveit_msgs/srv/detail/grasp_planning__rosidl_typesupport_fastrtps_cpp.hpp\n'}
[1.621957] (moveit_msgs) StdoutLine: {'line': b'-- Installing: /home/yadhu/ur3e/src/install/moveit_msgs/include/moveit_msgs/moveit_msgs/srv/detail/apply_planning_scene__rosidl_typesupport_fastrtps_cpp.hpp\n'}
[1.621981] (moveit_msgs) StdoutLine: {'line': b'-- Installing: /home/yadhu/ur3e/src/install/moveit_msgs/lib/libmoveit_msgs__rosidl_typesupport_fastrtps_cpp.so\n'}
[1.625137] (moveit_msgs) StdoutLine: {'line': b'-- Set runtime path of "/home/yadhu/ur3e/src/install/moveit_msgs/lib/libmoveit_msgs__rosidl_typesupport_fastrtps_cpp.so" to ""\n'}
[1.625237] (moveit_msgs) StdoutLine: {'line': b'-- Up-to-date: /home/yadhu/ur3e/src/install/moveit_msgs/include/moveit_msgs/moveit_msgs\n'}
[1.625268] (moveit_msgs) StdoutLine: {'line': b'-- Up-to-date: /home/yadhu/ur3e/src/install/moveit_msgs/include/moveit_msgs/moveit_msgs/action\n'}
[1.625296] (moveit_msgs) StdoutLine: {'line': b'-- Up-to-date: /home/yadhu/ur3e/src/install/moveit_msgs/include/moveit_msgs/moveit_msgs/action/detail\n'}
[1.625322] (moveit_msgs) StdoutLine: {'line': b'-- Installing: /home/yadhu/ur3e/src/install/moveit_msgs/include/moveit_msgs/moveit_msgs/action/detail/hybrid_planner__rosidl_typesupport_introspection_cpp.hpp\n'}
[1.625359] (moveit_msgs) StdoutLine: {'line': b'-- Installing: /home/yadhu/ur3e/src/install/moveit_msgs/include/moveit_msgs/moveit_msgs/action/detail/place__type_support.cpp\n'}
[1.625790] (moveit_msgs) StdoutLine: {'line': b'-- Installing: /home/yadhu/ur3e/src/install/moveit_msgs/include/moveit_msgs/moveit_msgs/action/detail/local_planner__rosidl_typesupport_introspection_cpp.hpp\n'}
[1.625819] (moveit_msgs) StdoutLine: {'line': b'-- Installing: /home/yadhu/ur3e/src/install/moveit_msgs/include/moveit_msgs/moveit_msgs/action/detail/move_group_sequence__type_support.cpp\n'}
[1.626038] (moveit_msgs) StdoutLine: {'line': b'-- Installing: /home/yadhu/ur3e/src/install/moveit_msgs/include/moveit_msgs/moveit_msgs/action/detail/hybrid_planner__type_support.cpp\n'}
[1.626322] (moveit_msgs) StdoutLine: {'line': b'-- Installing: /home/yadhu/ur3e/src/install/moveit_msgs/include/moveit_msgs/moveit_msgs/action/detail/global_planner__type_support.cpp\n'}
[1.626800] (moveit_msgs) StdoutLine: {'line': b'-- Installing: /home/yadhu/ur3e/src/install/moveit_msgs/include/moveit_msgs/moveit_msgs/action/detail/pickup__type_support.cpp\n'}
[1.627214] (moveit_msgs) StdoutLine: {'line': b'-- Installing: /home/yadhu/ur3e/src/install/moveit_msgs/include/moveit_msgs/moveit_msgs/action/detail/pickup__rosidl_typesupport_introspection_cpp.hpp\n'}
[1.627240] (moveit_msgs) StdoutLine: {'line': b'-- Installing: /home/yadhu/ur3e/src/install/moveit_msgs/include/moveit_msgs/moveit_msgs/action/detail/move_group__rosidl_typesupport_introspection_cpp.hpp\n'}
[1.627274] (moveit_msgs) StdoutLine: {'line': b'-- Installing: /home/yadhu/ur3e/src/install/moveit_msgs/include/moveit_msgs/moveit_msgs/action/detail/execute_trajectory__rosidl_typesupport_introspection_cpp.hpp\n'}
[1.627316] (moveit_msgs) StdoutLine: {'line': b'-- Installing: /home/yadhu/ur3e/src/install/moveit_msgs/include/moveit_msgs/moveit_msgs/action/detail/move_group_sequence__rosidl_typesupport_introspection_cpp.hpp\n'}
[1.627362] (moveit_msgs) StdoutLine: {'line': b'-- Installing: /home/yadhu/ur3e/src/install/moveit_msgs/include/moveit_msgs/moveit_msgs/action/detail/place__rosidl_typesupport_introspection_cpp.hpp\n'}
[1.627408] (moveit_msgs) StdoutLine: {'line': b'-- Installing: /home/yadhu/ur3e/src/install/moveit_msgs/include/moveit_msgs/moveit_msgs/action/detail/local_planner__type_support.cpp\n'}
[1.627686] (moveit_msgs) StdoutLine: {'line': b'-- Installing: /home/yadhu/ur3e/src/install/moveit_msgs/include/moveit_msgs/moveit_msgs/action/detail/global_planner__rosidl_typesupport_introspection_cpp.hpp\n'}
[1.627746] (moveit_msgs) StdoutLine: {'line': b'-- Installing: /home/yadhu/ur3e/src/install/moveit_msgs/include/moveit_msgs/moveit_msgs/action/detail/execute_trajectory__type_support.cpp\n'}
[1.628190] (moveit_msgs) StdoutLine: {'line': b'-- Installing: /home/yadhu/ur3e/src/install/moveit_msgs/include/moveit_msgs/moveit_msgs/action/detail/move_group__type_support.cpp\n'}
[1.628634] (moveit_msgs) StdoutLine: {'line': b'-- Up-to-date: /home/yadhu/ur3e/src/install/moveit_msgs/include/moveit_msgs/moveit_msgs/msg\n'}
[1.628662] (moveit_msgs) StdoutLine: {'line': b'-- Up-to-date: /home/yadhu/ur3e/src/install/moveit_msgs/include/moveit_msgs/moveit_msgs/msg/detail\n'}
[1.628689] (moveit_msgs) StdoutLine: {'line': b'-- Installing: /home/yadhu/ur3e/src/install/moveit_msgs/include/moveit_msgs/moveit_msgs/msg/detail/workspace_parameters__type_support.cpp\n'}
[1.628730] (moveit_msgs) StdoutLine: {'line': b'-- Installing: /home/yadhu/ur3e/src/install/moveit_msgs/include/moveit_msgs/moveit_msgs/msg/detail/trajectory_constraints__rosidl_typesupport_introspection_cpp.hpp\n'}
[1.628758] (moveit_msgs) StdoutLine: {'line': b'-- Installing: /home/yadhu/ur3e/src/install/moveit_msgs/include/moveit_msgs/moveit_msgs/msg/detail/motion_sequence_item__type_support.cpp\n'}
[1.628805] (moveit_msgs) StdoutLine: {'line': b'-- Installing: /home/yadhu/ur3e/src/install/moveit_msgs/include/moveit_msgs/moveit_msgs/msg/detail/planning_options__rosidl_typesupport_introspection_cpp.hpp\n'}
[1.628832] (moveit_msgs) StdoutLine: {'line': b'-- Installing: /home/yadhu/ur3e/src/install/moveit_msgs/include/moveit_msgs/moveit_msgs/msg/detail/cartesian_trajectory_point__type_support.cpp\n'}
[1.628868] (moveit_msgs) StdoutLine: {'line': b'-- Installing: /home/yadhu/ur3e/src/install/moveit_msgs/include/moveit_msgs/moveit_msgs/msg/detail/display_trajectory__type_support.cpp\n'}
[1.628911] (moveit_msgs) StdoutLine: {'line': b'-- Installing: /home/yadhu/ur3e/src/install/moveit_msgs/include/moveit_msgs/moveit_msgs/msg/detail/planning_scene_world__type_support.cpp\n'}
[1.628956] (moveit_msgs) StdoutLine: {'line': b'-- Installing: /home/yadhu/ur3e/src/install/moveit_msgs/include/moveit_msgs/moveit_msgs/msg/detail/planning_scene_components__type_support.cpp\n'}
[1.628999] (moveit_msgs) StdoutLine: {'line': b'-- Installing: /home/yadhu/ur3e/src/install/moveit_msgs/include/moveit_msgs/moveit_msgs/msg/detail/visibility_constraint__rosidl_typesupport_introspection_cpp.hpp\n'}
[1.629041] (moveit_msgs) StdoutLine: {'line': b'-- Installing: /home/yadhu/ur3e/src/install/moveit_msgs/include/moveit_msgs/moveit_msgs/msg/detail/constraints__type_support.cpp\n'}
[1.629204] (moveit_msgs) StdoutLine: {'line': b'-- Installing: /home/yadhu/ur3e/src/install/moveit_msgs/include/moveit_msgs/moveit_msgs/msg/detail/cost_source__type_support.cpp\n'}
[1.629250] (moveit_msgs) StdoutLine: {'line': b'-- Installing: /home/yadhu/ur3e/src/install/moveit_msgs/include/moveit_msgs/moveit_msgs/msg/detail/planner_interface_description__rosidl_typesupport_introspection_cpp.hpp\n'}
[1.629294] (moveit_msgs) StdoutLine: {'line': b'-- Installing: /home/yadhu/ur3e/src/install/moveit_msgs/include/moveit_msgs/moveit_msgs/msg/detail/position_constraint__rosidl_typesupport_introspection_cpp.hpp\n'}
[1.629336] (moveit_msgs) StdoutLine: {'line': b'-- Installing: /home/yadhu/ur3e/src/install/moveit_msgs/include/moveit_msgs/moveit_msgs/msg/detail/joint_constraint__type_support.cpp\n'}
[1.629381] (moveit_msgs) StdoutLine: {'line': b'-- Installing: /home/yadhu/ur3e/src/install/moveit_msgs/include/moveit_msgs/moveit_msgs/msg/detail/motion_plan_detailed_response__type_support.cpp\n'}
[1.629546] (moveit_msgs) StdoutLine: {'line': b'-- Installing: /home/yadhu/ur3e/src/install/moveit_msgs/include/moveit_msgs/moveit_msgs/msg/detail/attached_collision_object__rosidl_typesupport_introspection_cpp.hpp\n'}
[1.629589] (moveit_msgs) StdoutLine: {'line': b'-- Installing: /home/yadhu/ur3e/src/install/moveit_msgs/include/moveit_msgs/moveit_msgs/msg/detail/display_robot_state__rosidl_typesupport_introspection_cpp.hpp\n'}
[1.629634] (moveit_msgs) StdoutLine: {'line': b'-- Installing: /home/yadhu/ur3e/src/install/moveit_msgs/include/moveit_msgs/moveit_msgs/msg/detail/motion_plan_request__rosidl_typesupport_introspection_cpp.hpp\n'}
[1.629677] (moveit_msgs) StdoutLine: {'line': b'-- Installing: /home/yadhu/ur3e/src/install/moveit_msgs/include/moveit_msgs/moveit_msgs/msg/detail/object_color__rosidl_typesupport_introspection_cpp.hpp\n'}
[1.629721] (moveit_msgs) StdoutLine: {'line': b'-- Installing: /home/yadhu/ur3e/src/install/moveit_msgs/include/moveit_msgs/moveit_msgs/msg/detail/orientation_constraint__rosidl_typesupport_introspection_cpp.hpp\n'}
[1.629764] (moveit_msgs) StdoutLine: {'line': b'-- Installing: /home/yadhu/ur3e/src/install/moveit_msgs/include/moveit_msgs/moveit_msgs/msg/detail/kinematic_solver_info__rosidl_typesupport_introspection_cpp.hpp\n'}
[1.629809] (moveit_msgs) StdoutLine: {'line': b'-- Installing: /home/yadhu/ur3e/src/install/moveit_msgs/include/moveit_msgs/moveit_msgs/msg/detail/position_ik_request__type_support.cpp\n'}
[1.629970] (moveit_msgs) StdoutLine: {'line': b'-- Installing: /home/yadhu/ur3e/src/install/moveit_msgs/include/moveit_msgs/moveit_msgs/msg/detail/bounding_volume__rosidl_typesupport_introspection_cpp.hpp\n'}
[1.630012] (moveit_msgs) StdoutLine: {'line': b'-- Installing: /home/yadhu/ur3e/src/install/moveit_msgs/include/moveit_msgs/moveit_msgs/msg/detail/allowed_collision_entry__rosidl_typesupport_introspection_cpp.hpp\n'}
[1.630056] (moveit_msgs) StdoutLine: {'line': b'-- Installing: /home/yadhu/ur3e/src/install/moveit_msgs/include/moveit_msgs/moveit_msgs/msg/detail/oriented_bounding_box__type_support.cpp\n'}
[1.630100] (moveit_msgs) StdoutLine: {'line': b'-- Installing: /home/yadhu/ur3e/src/install/moveit_msgs/include/moveit_msgs/moveit_msgs/msg/detail/planner_params__type_support.cpp\n'}
[1.630244] (moveit_msgs) StdoutLine: {'line': b'-- Installing: /home/yadhu/ur3e/src/install/moveit_msgs/include/moveit_msgs/moveit_msgs/msg/detail/gripper_translation__type_support.cpp\n'}
[1.630291] (moveit_msgs) StdoutLine: {'line': b'-- Installing: /home/yadhu/ur3e/src/install/moveit_msgs/include/moveit_msgs/moveit_msgs/msg/detail/motion_sequence_response__rosidl_typesupport_introspection_cpp.hpp\n'}
[1.630336] (moveit_msgs) StdoutLine: {'line': b'-- Installing: /home/yadhu/ur3e/src/install/moveit_msgs/include/moveit_msgs/moveit_msgs/msg/detail/robot_state__type_support.cpp\n'}
[1.630466] (moveit_msgs) StdoutLine: {'line': b'-- Installing: /home/yadhu/ur3e/src/install/moveit_msgs/include/moveit_msgs/moveit_msgs/msg/detail/move_it_error_codes__type_support.cpp\n'}
[1.630535] (moveit_msgs) StdoutLine: {'line': b'-- Installing: /home/yadhu/ur3e/src/install/moveit_msgs/include/moveit_msgs/moveit_msgs/msg/detail/gripper_translation__rosidl_typesupport_introspection_cpp.hpp\n'}
[1.630574] (moveit_msgs) StdoutLine: {'line': b'-- Installing: /home/yadhu/ur3e/src/install/moveit_msgs/include/moveit_msgs/moveit_msgs/msg/detail/motion_sequence_response__type_support.cpp\n'}
[1.630652] (moveit_msgs) StdoutLine: {'line': b'-- Installing: /home/yadhu/ur3e/src/install/moveit_msgs/include/moveit_msgs/moveit_msgs/msg/detail/grasp__type_support.cpp\n'}
[1.630817] (moveit_msgs) StdoutLine: {'line': b'-- Installing: /home/yadhu/ur3e/src/install/moveit_msgs/include/moveit_msgs/moveit_msgs/msg/detail/joint_limits__rosidl_typesupport_introspection_cpp.hpp\n'}
[1.630868] (moveit_msgs) StdoutLine: {'line': b'-- Installing: /home/yadhu/ur3e/src/install/moveit_msgs/include/moveit_msgs/moveit_msgs/msg/detail/joint_constraint__rosidl_typesupport_introspection_cpp.hpp\n'}
[1.630910] (moveit_msgs) StdoutLine: {'line': b'-- Installing: /home/yadhu/ur3e/src/install/moveit_msgs/include/moveit_msgs/moveit_msgs/msg/detail/planning_options__type_support.cpp\n'}
[1.631061] (moveit_msgs) StdoutLine: {'line': b'-- Installing: /home/yadhu/ur3e/src/install/moveit_msgs/include/moveit_msgs/moveit_msgs/msg/detail/cartesian_point__type_support.cpp\n'}
[1.631106] (moveit_msgs) StdoutLine: {'line': b'-- Installing: /home/yadhu/ur3e/src/install/moveit_msgs/include/moveit_msgs/moveit_msgs/msg/detail/cartesian_trajectory_point__rosidl_typesupport_introspection_cpp.hpp\n'}
[1.631152] (moveit_msgs) StdoutLine: {'line': b'-- Installing: /home/yadhu/ur3e/src/install/moveit_msgs/include/moveit_msgs/moveit_msgs/msg/detail/motion_sequence_request__type_support.cpp\n'}
[1.631198] (moveit_msgs) StdoutLine: {'line': b'-- Installing: /home/yadhu/ur3e/src/install/moveit_msgs/include/moveit_msgs/moveit_msgs/msg/detail/position_ik_request__rosidl_typesupport_introspection_cpp.hpp\n'}
[1.631245] (moveit_msgs) StdoutLine: {'line': b'-- Installing: /home/yadhu/ur3e/src/install/moveit_msgs/include/moveit_msgs/moveit_msgs/msg/detail/allowed_collision_matrix__rosidl_typesupport_introspection_cpp.hpp\n'}
[1.631286] (moveit_msgs) StdoutLine: {'line': b'-- Installing: /home/yadhu/ur3e/src/install/moveit_msgs/include/moveit_msgs/moveit_msgs/msg/detail/robot_state__rosidl_typesupport_introspection_cpp.hpp\n'}
[1.631333] (moveit_msgs) StdoutLine: {'line': b'-- Installing: /home/yadhu/ur3e/src/install/moveit_msgs/include/moveit_msgs/moveit_msgs/msg/detail/place_location__type_support.cpp\n'}
[1.631546] (moveit_msgs) StdoutLine: {'line': b'-- Installing: /home/yadhu/ur3e/src/install/moveit_msgs/include/moveit_msgs/moveit_msgs/msg/detail/robot_trajectory__rosidl_typesupport_introspection_cpp.hpp\n'}
[1.631590] (moveit_msgs) StdoutLine: {'line': b'-- Installing: /home/yadhu/ur3e/src/install/moveit_msgs/include/moveit_msgs/moveit_msgs/msg/detail/joint_limits__type_support.cpp\n'}
[1.631750] (moveit_msgs) StdoutLine: {'line': b'-- Installing: /home/yadhu/ur3e/src/install/moveit_msgs/include/moveit_msgs/moveit_msgs/msg/detail/bounding_volume__type_support.cpp\n'}
[1.631921] (moveit_msgs) StdoutLine: {'line': b'-- Installing: /home/yadhu/ur3e/src/install/moveit_msgs/include/moveit_msgs/moveit_msgs/msg/detail/link_padding__rosidl_typesupport_introspection_cpp.hpp\n'}
[1.631970] (moveit_msgs) StdoutLine: {'line': b'-- Installing: /home/yadhu/ur3e/src/install/moveit_msgs/include/moveit_msgs/moveit_msgs/msg/detail/grasp__rosidl_typesupport_introspection_cpp.hpp\n'}
[1.632016] (moveit_msgs) StdoutLine: {'line': b'-- Installing: /home/yadhu/ur3e/src/install/moveit_msgs/include/moveit_msgs/moveit_msgs/msg/detail/motion_plan_response__rosidl_typesupport_introspection_cpp.hpp\n'}
[1.632060] (moveit_msgs) StdoutLine: {'line': b'-- Installing: /home/yadhu/ur3e/src/install/moveit_msgs/include/moveit_msgs/moveit_msgs/msg/detail/link_scale__type_support.cpp\n'}
[1.632128] (moveit_msgs) StdoutLine: {'line': b'-- Installing: /home/yadhu/ur3e/src/install/moveit_msgs/include/moveit_msgs/moveit_msgs/msg/detail/planner_params__rosidl_typesupport_introspection_cpp.hpp\n'}
[1.632175] (moveit_msgs) StdoutLine: {'line': b'-- Installing: /home/yadhu/ur3e/src/install/moveit_msgs/include/moveit_msgs/moveit_msgs/msg/detail/planning_scene_world__rosidl_typesupport_introspection_cpp.hpp\n'}
[1.632237] (moveit_msgs) StdoutLine: {'line': b'-- Installing: /home/yadhu/ur3e/src/install/moveit_msgs/include/moveit_msgs/moveit_msgs/msg/detail/contact_information__rosidl_typesupport_introspection_cpp.hpp\n'}
[1.632277] (moveit_msgs) StdoutLine: {'line': b'-- Installing: /home/yadhu/ur3e/src/install/moveit_msgs/include/moveit_msgs/moveit_msgs/msg/detail/position_constraint__type_support.cpp\n'}
[1.632324] (moveit_msgs) StdoutLine: {'line': b'-- Installing: /home/yadhu/ur3e/src/install/moveit_msgs/include/moveit_msgs/moveit_msgs/msg/detail/workspace_parameters__rosidl_typesupport_introspection_cpp.hpp\n'}
[1.632365] (moveit_msgs) StdoutLine: {'line': b'-- Installing: /home/yadhu/ur3e/src/install/moveit_msgs/include/moveit_msgs/moveit_msgs/msg/detail/planning_scene_components__rosidl_typesupport_introspection_cpp.hpp\n'}
[1.632403] (moveit_msgs) StdoutLine: {'line': b'-- Installing: /home/yadhu/ur3e/src/install/moveit_msgs/include/moveit_msgs/moveit_msgs/msg/detail/motion_sequence_item__rosidl_typesupport_introspection_cpp.hpp\n'}
[1.632447] (moveit_msgs) StdoutLine: {'line': b'-- Installing: /home/yadhu/ur3e/src/install/moveit_msgs/include/moveit_msgs/moveit_msgs/msg/detail/robot_trajectory__type_support.cpp\n'}
[1.632492] (moveit_msgs) StdoutLine: {'line': b'-- Installing: /home/yadhu/ur3e/src/install/moveit_msgs/include/moveit_msgs/moveit_msgs/msg/detail/contact_information__type_support.cpp\n'}
[1.632640] (moveit_msgs) StdoutLine: {'line': b'-- Installing: /home/yadhu/ur3e/src/install/moveit_msgs/include/moveit_msgs/moveit_msgs/msg/detail/collision_object__type_support.cpp\n'}
[1.632883] (moveit_msgs) StdoutLine: {'line': b'-- Installing: /home/yadhu/ur3e/src/install/moveit_msgs/include/moveit_msgs/moveit_msgs/msg/detail/display_robot_state__type_support.cpp\n'}
[1.632948] (moveit_msgs) StdoutLine: {'line': b'-- Installing: /home/yadhu/ur3e/src/install/moveit_msgs/include/moveit_msgs/moveit_msgs/msg/detail/collision_object__rosidl_typesupport_introspection_cpp.hpp\n'}
[1.632989] (moveit_msgs) StdoutLine: {'line': b'-- Installing: /home/yadhu/ur3e/src/install/moveit_msgs/include/moveit_msgs/moveit_msgs/msg/detail/motion_plan_detailed_response__rosidl_typesupport_introspection_cpp.hpp\n'}
[1.633033] (moveit_msgs) StdoutLine: {'line': b'-- Installing: /home/yadhu/ur3e/src/install/moveit_msgs/include/moveit_msgs/moveit_msgs/msg/detail/generic_trajectory__rosidl_typesupport_introspection_cpp.hpp\n'}
[1.633078] (moveit_msgs) StdoutLine: {'line': b'-- Installing: /home/yadhu/ur3e/src/install/moveit_msgs/include/moveit_msgs/moveit_msgs/msg/detail/motion_plan_request__type_support.cpp\n'}
[1.633471] (moveit_msgs) StdoutLine: {'line': b'-- Installing: /home/yadhu/ur3e/src/install/moveit_msgs/include/moveit_msgs/moveit_msgs/msg/detail/kinematic_solver_info__type_support.cpp\n'}
[1.633565] (moveit_msgs) StdoutLine: {'line': b'-- Installing: /home/yadhu/ur3e/src/install/moveit_msgs/include/moveit_msgs/moveit_msgs/msg/detail/oriented_bounding_box__rosidl_typesupport_introspection_cpp.hpp\n'}
[1.633606] (moveit_msgs) StdoutLine: {'line': b'-- Installing: /home/yadhu/ur3e/src/install/moveit_msgs/include/moveit_msgs/moveit_msgs/msg/detail/orientation_constraint__type_support.cpp\n'}
[1.633752] (moveit_msgs) StdoutLine: {'line': b'-- Installing: /home/yadhu/ur3e/src/install/moveit_msgs/include/moveit_msgs/moveit_msgs/msg/detail/motion_plan_response__type_support.cpp\n'}
[1.633800] (moveit_msgs) StdoutLine: {'line': b'-- Installing: /home/yadhu/ur3e/src/install/moveit_msgs/include/moveit_msgs/moveit_msgs/msg/detail/constraint_eval_result__type_support.cpp\n'}
[1.633845] (moveit_msgs) StdoutLine: {'line': b'-- Installing: /home/yadhu/ur3e/src/install/moveit_msgs/include/moveit_msgs/moveit_msgs/msg/detail/move_it_error_codes__rosidl_typesupport_introspection_cpp.hpp\n'}
[1.633888] (moveit_msgs) StdoutLine: {'line': b'-- Installing: /home/yadhu/ur3e/src/install/moveit_msgs/include/moveit_msgs/moveit_msgs/msg/detail/cartesian_trajectory__rosidl_typesupport_introspection_cpp.hpp\n'}
[1.633931] (moveit_msgs) StdoutLine: {'line': b'-- Installing: /home/yadhu/ur3e/src/install/moveit_msgs/include/moveit_msgs/moveit_msgs/msg/detail/trajectory_constraints__type_support.cpp\n'}
[1.633975] (moveit_msgs) StdoutLine: {'line': b'-- Installing: /home/yadhu/ur3e/src/install/moveit_msgs/include/moveit_msgs/moveit_msgs/msg/detail/motion_sequence_request__rosidl_typesupport_introspection_cpp.hpp\n'}
[1.634018] (moveit_msgs) StdoutLine: {'line': b'-- Installing: /home/yadhu/ur3e/src/install/moveit_msgs/include/moveit_msgs/moveit_msgs/msg/detail/display_trajectory__rosidl_typesupport_introspection_cpp.hpp\n'}
[1.634061] (moveit_msgs) StdoutLine: {'line': b'-- Installing: /home/yadhu/ur3e/src/install/moveit_msgs/include/moveit_msgs/moveit_msgs/msg/detail/constraint_eval_result__rosidl_typesupport_introspection_cpp.hpp\n'}
[1.634104] (moveit_msgs) StdoutLine: {'line': b'-- Installing: /home/yadhu/ur3e/src/install/moveit_msgs/include/moveit_msgs/moveit_msgs/msg/detail/attached_collision_object__type_support.cpp\n'}
[1.634316] (moveit_msgs) StdoutLine: {'line': b'-- Installing: /home/yadhu/ur3e/src/install/moveit_msgs/include/moveit_msgs/moveit_msgs/msg/detail/planner_interface_description__type_support.cpp\n'}
[1.634363] (moveit_msgs) StdoutLine: {'line': b'-- Installing: /home/yadhu/ur3e/src/install/moveit_msgs/include/moveit_msgs/moveit_msgs/msg/detail/allowed_collision_matrix__type_support.cpp\n'}
[1.634527] (moveit_msgs) StdoutLine: {'line': b'-- Installing: /home/yadhu/ur3e/src/install/moveit_msgs/include/moveit_msgs/moveit_msgs/msg/detail/cost_source__rosidl_typesupport_introspection_cpp.hpp\n'}
[1.634570] (moveit_msgs) StdoutLine: {'line': b'-- Installing: /home/yadhu/ur3e/src/install/moveit_msgs/include/moveit_msgs/moveit_msgs/msg/detail/visibility_constraint__type_support.cpp\n'}
[1.634723] (moveit_msgs) StdoutLine: {'line': b'-- Installing: /home/yadhu/ur3e/src/install/moveit_msgs/include/moveit_msgs/moveit_msgs/msg/detail/planning_scene__type_support.cpp\n'}
[1.634925] (moveit_msgs) StdoutLine: {'line': b'-- Installing: /home/yadhu/ur3e/src/install/moveit_msgs/include/moveit_msgs/moveit_msgs/msg/detail/link_padding__type_support.cpp\n'}
[1.634992] (moveit_msgs) StdoutLine: {'line': b'-- Installing: /home/yadhu/ur3e/src/install/moveit_msgs/include/moveit_msgs/moveit_msgs/msg/detail/object_color__type_support.cpp\n'}
[1.635091] (moveit_msgs) StdoutLine: {'line': b'-- Installing: /home/yadhu/ur3e/src/install/moveit_msgs/include/moveit_msgs/moveit_msgs/msg/detail/link_scale__rosidl_typesupport_introspection_cpp.hpp\n'}
[1.635156] (moveit_msgs) StdoutLine: {'line': b'-- Installing: /home/yadhu/ur3e/src/install/moveit_msgs/include/moveit_msgs/moveit_msgs/msg/detail/cartesian_point__rosidl_typesupport_introspection_cpp.hpp\n'}
[1.635203] (moveit_msgs) StdoutLine: {'line': b'-- Installing: /home/yadhu/ur3e/src/install/moveit_msgs/include/moveit_msgs/moveit_msgs/msg/detail/generic_trajectory__type_support.cpp\n'}
[1.635260] (moveit_msgs) StdoutLine: {'line': b'-- Installing: /home/yadhu/ur3e/src/install/moveit_msgs/include/moveit_msgs/moveit_msgs/msg/detail/allowed_collision_entry__type_support.cpp\n'}
[1.635309] (moveit_msgs) StdoutLine: {'line': b'-- Installing: /home/yadhu/ur3e/src/install/moveit_msgs/include/moveit_msgs/moveit_msgs/msg/detail/constraints__rosidl_typesupport_introspection_cpp.hpp\n'}
[1.635355] (moveit_msgs) StdoutLine: {'line': b'-- Installing: /home/yadhu/ur3e/src/install/moveit_msgs/include/moveit_msgs/moveit_msgs/msg/detail/place_location__rosidl_typesupport_introspection_cpp.hpp\n'}
[1.635415] (moveit_msgs) StdoutLine: {'line': b'-- Installing: /home/yadhu/ur3e/src/install/moveit_msgs/include/moveit_msgs/moveit_msgs/msg/detail/planning_scene__rosidl_typesupport_introspection_cpp.hpp\n'}
[1.635467] (moveit_msgs) StdoutLine: {'line': b'-- Installing: /home/yadhu/ur3e/src/install/moveit_msgs/include/moveit_msgs/moveit_msgs/msg/detail/cartesian_trajectory__type_support.cpp\n'}
[1.635509] (moveit_msgs) StdoutLine: {'line': b'-- Up-to-date: /home/yadhu/ur3e/src/install/moveit_msgs/include/moveit_msgs/moveit_msgs/srv\n'}
[1.635548] (moveit_msgs) StdoutLine: {'line': b'-- Up-to-date: /home/yadhu/ur3e/src/install/moveit_msgs/include/moveit_msgs/moveit_msgs/srv/detail\n'}
[1.635585] (moveit_msgs) StdoutLine: {'line': b'-- Installing: /home/yadhu/ur3e/src/install/moveit_msgs/include/moveit_msgs/moveit_msgs/srv/detail/get_motion_plan__rosidl_typesupport_introspection_cpp.hpp\n'}
[1.635620] (moveit_msgs) StdoutLine: {'line': b'-- Installing: /home/yadhu/ur3e/src/install/moveit_msgs/include/moveit_msgs/moveit_msgs/srv/detail/check_if_robot_state_exists_in_warehouse__type_support.cpp\n'}
[1.635756] (moveit_msgs) StdoutLine: {'line': b'-- Installing: /home/yadhu/ur3e/src/install/moveit_msgs/include/moveit_msgs/moveit_msgs/srv/detail/update_pointcloud_octomap__type_support.cpp\n'}
[1.635936] (moveit_msgs) StdoutLine: {'line': b'-- Installing: /home/yadhu/ur3e/src/install/moveit_msgs/include/moveit_msgs/moveit_msgs/srv/detail/get_state_validity__type_support.cpp\n'}
[1.636192] (moveit_msgs) StdoutLine: {'line': b'-- Installing: /home/yadhu/ur3e/src/install/moveit_msgs/include/moveit_msgs/moveit_msgs/srv/detail/get_motion_sequence__rosidl_typesupport_introspection_cpp.hpp\n'}
[1.636238] (moveit_msgs) StdoutLine: {'line': b'-- Installing: /home/yadhu/ur3e/src/install/moveit_msgs/include/moveit_msgs/moveit_msgs/srv/detail/change_drift_dimensions__type_support.cpp\n'}
[1.636437] (moveit_msgs) StdoutLine: {'line': b'-- Installing: /home/yadhu/ur3e/src/install/moveit_msgs/include/moveit_msgs/moveit_msgs/srv/detail/get_planner_params__rosidl_typesupport_introspection_cpp.hpp\n'}
[1.636487] (moveit_msgs) StdoutLine: {'line': b'-- Installing: /home/yadhu/ur3e/src/install/moveit_msgs/include/moveit_msgs/moveit_msgs/srv/detail/apply_planning_scene__rosidl_typesupport_introspection_cpp.hpp\n'}
[1.636549] (moveit_msgs) StdoutLine: {'line': b'-- Installing: /home/yadhu/ur3e/src/install/moveit_msgs/include/moveit_msgs/moveit_msgs/srv/detail/save_map__type_support.cpp\n'}
[1.636631] (moveit_msgs) StdoutLine: {'line': b'-- Installing: /home/yadhu/ur3e/src/install/moveit_msgs/include/moveit_msgs/moveit_msgs/srv/detail/save_robot_state_to_warehouse__type_support.cpp\n'}
[1.636797] (moveit_msgs) StdoutLine: {'line': b'-- Installing: /home/yadhu/ur3e/src/install/moveit_msgs/include/moveit_msgs/moveit_msgs/srv/detail/get_cartesian_path__type_support.cpp\n'}
[1.637067] (moveit_msgs) StdoutLine: {'line': b'-- Installing: /home/yadhu/ur3e/src/install/moveit_msgs/include/moveit_msgs/moveit_msgs/srv/detail/get_cartesian_path__rosidl_typesupport_introspection_cpp.hpp\n'}
[1.637121] (moveit_msgs) StdoutLine: {'line': b'-- Installing: /home/yadhu/ur3e/src/install/moveit_msgs/include/moveit_msgs/moveit_msgs/srv/detail/list_robot_states_in_warehouse__type_support.cpp\n'}
[1.637288] (moveit_msgs) StdoutLine: {'line': b'-- Installing: /home/yadhu/ur3e/src/install/moveit_msgs/include/moveit_msgs/moveit_msgs/srv/detail/change_control_dimensions__type_support.cpp\n'}
[1.637459] (moveit_msgs) StdoutLine: {'line': b'-- Installing: /home/yadhu/ur3e/src/install/moveit_msgs/include/moveit_msgs/moveit_msgs/srv/detail/load_map__rosidl_typesupport_introspection_cpp.hpp\n'}
[1.637507] (moveit_msgs) StdoutLine: {'line': b'-- Installing: /home/yadhu/ur3e/src/install/moveit_msgs/include/moveit_msgs/moveit_msgs/srv/detail/query_planner_interfaces__rosidl_typesupport_introspection_cpp.hpp\n'}
[1.637555] (moveit_msgs) StdoutLine: {'line': b'-- Installing: /home/yadhu/ur3e/src/install/moveit_msgs/include/moveit_msgs/moveit_msgs/srv/detail/grasp_planning__rosidl_typesupport_introspection_cpp.hpp\n'}
[1.637595] (moveit_msgs) StdoutLine: {'line': b'-- Installing: /home/yadhu/ur3e/src/install/moveit_msgs/include/moveit_msgs/moveit_msgs/srv/detail/save_robot_state_to_warehouse__rosidl_typesupport_introspection_cpp.hpp\n'}
[1.637640] (moveit_msgs) StdoutLine: {'line': b'-- Installing: /home/yadhu/ur3e/src/install/moveit_msgs/include/moveit_msgs/moveit_msgs/srv/detail/get_planning_scene__type_support.cpp\n'}
[1.637860] (moveit_msgs) StdoutLine: {'line': b'-- Installing: /home/yadhu/ur3e/src/install/moveit_msgs/include/moveit_msgs/moveit_msgs/srv/detail/save_map__rosidl_typesupport_introspection_cpp.hpp\n'}
[1.637906] (moveit_msgs) StdoutLine: {'line': b'-- Installing: /home/yadhu/ur3e/src/install/moveit_msgs/include/moveit_msgs/moveit_msgs/srv/detail/set_planner_params__rosidl_typesupport_introspection_cpp.hpp\n'}
[1.637972] (moveit_msgs) StdoutLine: {'line': b'-- Installing: /home/yadhu/ur3e/src/install/moveit_msgs/include/moveit_msgs/moveit_msgs/srv/detail/get_motion_plan__type_support.cpp\n'}
[1.638116] (moveit_msgs) StdoutLine: {'line': b'-- Installing: /home/yadhu/ur3e/src/install/moveit_msgs/include/moveit_msgs/moveit_msgs/srv/detail/get_robot_state_from_warehouse__type_support.cpp\n'}
[1.638276] (moveit_msgs) StdoutLine: {'line': b'-- Installing: /home/yadhu/ur3e/src/install/moveit_msgs/include/moveit_msgs/moveit_msgs/srv/detail/rename_robot_state_in_warehouse__type_support.cpp\n'}
[1.638437] (moveit_msgs) StdoutLine: {'line': b'-- Installing: /home/yadhu/ur3e/src/install/moveit_msgs/include/moveit_msgs/moveit_msgs/srv/detail/get_state_validity__rosidl_typesupport_introspection_cpp.hpp\n'}
[1.638480] (moveit_msgs) StdoutLine: {'line': b'-- Installing: /home/yadhu/ur3e/src/install/moveit_msgs/include/moveit_msgs/moveit_msgs/srv/detail/get_motion_sequence__type_support.cpp\n'}
[1.638623] (moveit_msgs) StdoutLine: {'line': b'-- Installing: /home/yadhu/ur3e/src/install/moveit_msgs/include/moveit_msgs/moveit_msgs/srv/detail/apply_planning_scene__type_support.cpp\n'}
[1.638826] (moveit_msgs) StdoutLine: {'line': b'-- Installing: /home/yadhu/ur3e/src/install/moveit_msgs/include/moveit_msgs/moveit_msgs/srv/detail/grasp_planning__type_support.cpp\n'}
[1.639037] (moveit_msgs) StdoutLine: {'line': b'-- Installing: /home/yadhu/ur3e/src/install/moveit_msgs/include/moveit_msgs/moveit_msgs/srv/detail/get_robot_state_from_warehouse__rosidl_typesupport_introspection_cpp.hpp\n'}
[1.639082] (moveit_msgs) StdoutLine: {'line': b'-- Installing: /home/yadhu/ur3e/src/install/moveit_msgs/include/moveit_msgs/moveit_msgs/srv/detail/delete_robot_state_from_warehouse__rosidl_typesupport_introspection_cpp.hpp\n'}
[1.639127] (moveit_msgs) StdoutLine: {'line': b'-- Installing: /home/yadhu/ur3e/src/install/moveit_msgs/include/moveit_msgs/moveit_msgs/srv/detail/change_drift_dimensions__rosidl_typesupport_introspection_cpp.hpp\n'}
[1.639171] (moveit_msgs) StdoutLine: {'line': b'-- Installing: /home/yadhu/ur3e/src/install/moveit_msgs/include/moveit_msgs/moveit_msgs/srv/detail/delete_robot_state_from_warehouse__type_support.cpp\n'}
[1.639384] (moveit_msgs) StdoutLine: {'line': b'-- Installing: /home/yadhu/ur3e/src/install/moveit_msgs/include/moveit_msgs/moveit_msgs/srv/detail/change_control_dimensions__rosidl_typesupport_introspection_cpp.hpp\n'}
[1.639429] (moveit_msgs) StdoutLine: {'line': b'-- Installing: /home/yadhu/ur3e/src/install/moveit_msgs/include/moveit_msgs/moveit_msgs/srv/detail/get_position_fk__rosidl_typesupport_introspection_cpp.hpp\n'}
[1.639473] (moveit_msgs) StdoutLine: {'line': b'-- Installing: /home/yadhu/ur3e/src/install/moveit_msgs/include/moveit_msgs/moveit_msgs/srv/detail/get_position_ik__type_support.cpp\n'}
[1.639640] (moveit_msgs) StdoutLine: {'line': b'-- Installing: /home/yadhu/ur3e/src/install/moveit_msgs/include/moveit_msgs/moveit_msgs/srv/detail/get_position_ik__rosidl_typesupport_introspection_cpp.hpp\n'}
[1.639687] (moveit_msgs) StdoutLine: {'line': b'-- Installing: /home/yadhu/ur3e/src/install/moveit_msgs/include/moveit_msgs/moveit_msgs/srv/detail/get_position_fk__type_support.cpp\n'}
[1.639946] (moveit_msgs) StdoutLine: {'line': b'-- Installing: /home/yadhu/ur3e/src/install/moveit_msgs/include/moveit_msgs/moveit_msgs/srv/detail/get_planning_scene__rosidl_typesupport_introspection_cpp.hpp\n'}
[1.639991] (moveit_msgs) StdoutLine: {'line': b'-- Installing: /home/yadhu/ur3e/src/install/moveit_msgs/include/moveit_msgs/moveit_msgs/srv/detail/list_robot_states_in_warehouse__rosidl_typesupport_introspection_cpp.hpp\n'}
[1.640036] (moveit_msgs) StdoutLine: {'line': b'-- Installing: /home/yadhu/ur3e/src/install/moveit_msgs/include/moveit_msgs/moveit_msgs/srv/detail/get_planner_params__type_support.cpp\n'}
[1.640193] (moveit_msgs) StdoutLine: {'line': b'-- Installing: /home/yadhu/ur3e/src/install/moveit_msgs/include/moveit_msgs/moveit_msgs/srv/detail/update_pointcloud_octomap__rosidl_typesupport_introspection_cpp.hpp\n'}
[1.640237] (moveit_msgs) StdoutLine: {'line': b'-- Installing: /home/yadhu/ur3e/src/install/moveit_msgs/include/moveit_msgs/moveit_msgs/srv/detail/query_planner_interfaces__type_support.cpp\n'}
[1.640460] (moveit_msgs) StdoutLine: {'line': b'-- Installing: /home/yadhu/ur3e/src/install/moveit_msgs/include/moveit_msgs/moveit_msgs/srv/detail/set_planner_params__type_support.cpp\n'}
[1.640613] (moveit_msgs) StdoutLine: {'line': b'-- Installing: /home/yadhu/ur3e/src/install/moveit_msgs/include/moveit_msgs/moveit_msgs/srv/detail/load_map__type_support.cpp\n'}
[1.640843] (moveit_msgs) StdoutLine: {'line': b'-- Installing: /home/yadhu/ur3e/src/install/moveit_msgs/include/moveit_msgs/moveit_msgs/srv/detail/rename_robot_state_in_warehouse__rosidl_typesupport_introspection_cpp.hpp\n'}
[1.640890] (moveit_msgs) StdoutLine: {'line': b'-- Installing: /home/yadhu/ur3e/src/install/moveit_msgs/include/moveit_msgs/moveit_msgs/srv/detail/check_if_robot_state_exists_in_warehouse__rosidl_typesupport_introspection_cpp.hpp\n'}
[1.641083] (moveit_msgs) StdoutLine: {'line': b'-- Installing: /home/yadhu/ur3e/src/install/moveit_msgs/lib/libmoveit_msgs__rosidl_typesupport_introspection_cpp.so\n'}
[1.644886] (moveit_msgs) StdoutLine: {'line': b'-- Set runtime path of "/home/yadhu/ur3e/src/install/moveit_msgs/lib/libmoveit_msgs__rosidl_typesupport_introspection_cpp.so" to ""\n'}
[1.644932] (moveit_msgs) StdoutLine: {'line': b'-- Installing: /home/yadhu/ur3e/src/install/moveit_msgs/lib/libmoveit_msgs__rosidl_typesupport_cpp.so\n'}
[1.646047] (moveit_msgs) StdoutLine: {'line': b'-- Set runtime path of "/home/yadhu/ur3e/src/install/moveit_msgs/lib/libmoveit_msgs__rosidl_typesupport_cpp.so" to ""\n'}
[1.646090] (moveit_msgs) StdoutLine: {'line': b'-- Installing: /home/yadhu/ur3e/src/install/moveit_msgs/share/moveit_msgs/environment/pythonpath.sh\n'}
[1.646143] (moveit_msgs) StdoutLine: {'line': b'-- Installing: /home/yadhu/ur3e/src/install/moveit_msgs/share/moveit_msgs/environment/pythonpath.dsv\n'}
[1.646385] (moveit_msgs) StdoutLine: {'line': b'-- Installing: /home/yadhu/ur3e/src/install/moveit_msgs/local/lib/python3.10/dist-packages/moveit_msgs-2.2.1-py3.10.egg-info\n'}
[1.646473] (moveit_msgs) StdoutLine: {'line': b'-- Installing: /home/yadhu/ur3e/src/install/moveit_msgs/local/lib/python3.10/dist-packages/moveit_msgs-2.2.1-py3.10.egg-info/top_level.txt\n'}
[1.646548] (moveit_msgs) StdoutLine: {'line': b'-- Installing: /home/yadhu/ur3e/src/install/moveit_msgs/local/lib/python3.10/dist-packages/moveit_msgs-2.2.1-py3.10.egg-info/PKG-INFO\n'}
[1.646587] (moveit_msgs) StdoutLine: {'line': b'-- Installing: /home/yadhu/ur3e/src/install/moveit_msgs/local/lib/python3.10/dist-packages/moveit_msgs-2.2.1-py3.10.egg-info/dependency_links.txt\n'}
[1.646628] (moveit_msgs) StdoutLine: {'line': b'-- Installing: /home/yadhu/ur3e/src/install/moveit_msgs/local/lib/python3.10/dist-packages/moveit_msgs-2.2.1-py3.10.egg-info/SOURCES.txt\n'}
[1.646737] (moveit_msgs) StdoutLine: {'line': b'-- Installing: /home/yadhu/ur3e/src/install/moveit_msgs/local/lib/python3.10/dist-packages/moveit_msgs\n'}
[1.646782] (moveit_msgs) StdoutLine: {'line': b'-- Installing: /home/yadhu/ur3e/src/install/moveit_msgs/local/lib/python3.10/dist-packages/moveit_msgs/_moveit_msgs_s.ep.rosidl_typesupport_c.c\n'}
[1.647294] (moveit_msgs) StdoutLine: {'line': b'-- Installing: /home/yadhu/ur3e/src/install/moveit_msgs/local/lib/python3.10/dist-packages/moveit_msgs/moveit_msgs_s__rosidl_typesupport_c.cpython-310-x86_64-linux-gnu.so\n'}
[1.647461] (moveit_msgs) StdoutLine: {'line': b'-- Installing: /home/yadhu/ur3e/src/install/moveit_msgs/local/lib/python3.10/dist-packages/moveit_msgs/action\n'}
[1.647501] (moveit_msgs) StdoutLine: {'line': b'-- Installing: /home/yadhu/ur3e/src/install/moveit_msgs/local/lib/python3.10/dist-packages/moveit_msgs/action/_hybrid_planner_s.c\n'}
[1.647557] (moveit_msgs) StdoutLine: {'line': b'-- Installing: /home/yadhu/ur3e/src/install/moveit_msgs/local/lib/python3.10/dist-packages/moveit_msgs/action/_hybrid_planner.py\n'}
[1.647619] (moveit_msgs) StdoutLine: {'line': b'-- Installing: /home/yadhu/ur3e/src/install/moveit_msgs/local/lib/python3.10/dist-packages/moveit_msgs/action/_pickup.py\n'}
[1.647685] (moveit_msgs) StdoutLine: {'line': b'-- Installing: /home/yadhu/ur3e/src/install/moveit_msgs/local/lib/python3.10/dist-packages/moveit_msgs/action/_local_planner.py\n'}
[1.647746] (moveit_msgs) StdoutLine: {'line': b'-- Installing: /home/yadhu/ur3e/src/install/moveit_msgs/local/lib/python3.10/dist-packages/moveit_msgs/action/_execute_trajectory.py\n'}
[1.647812] (moveit_msgs) StdoutLine: {'line': b'-- Installing: /home/yadhu/ur3e/src/install/moveit_msgs/local/lib/python3.10/dist-packages/moveit_msgs/action/_global_planner_s.c\n'}
[1.647864] (moveit_msgs) StdoutLine: {'line': b'-- Installing: /home/yadhu/ur3e/src/install/moveit_msgs/local/lib/python3.10/dist-packages/moveit_msgs/action/_move_group_sequence.py\n'}
[1.647925] (moveit_msgs) StdoutLine: {'line': b'-- Installing: /home/yadhu/ur3e/src/install/moveit_msgs/local/lib/python3.10/dist-packages/moveit_msgs/action/_move_group_sequence_s.c\n'}
[1.647978] (moveit_msgs) StdoutLine: {'line': b'-- Installing: /home/yadhu/ur3e/src/install/moveit_msgs/local/lib/python3.10/dist-packages/moveit_msgs/action/_pickup_s.c\n'}
[1.648039] (moveit_msgs) StdoutLine: {'line': b'-- Installing: /home/yadhu/ur3e/src/install/moveit_msgs/local/lib/python3.10/dist-packages/moveit_msgs/action/_place_s.c\n'}
[1.648100] (moveit_msgs) StdoutLine: {'line': b'-- Installing: /home/yadhu/ur3e/src/install/moveit_msgs/local/lib/python3.10/dist-packages/moveit_msgs/action/_global_planner.py\n'}
[1.648162] (moveit_msgs) StdoutLine: {'line': b'-- Installing: /home/yadhu/ur3e/src/install/moveit_msgs/local/lib/python3.10/dist-packages/moveit_msgs/action/_place.py\n'}
[1.648228] (moveit_msgs) StdoutLine: {'line': b'-- Installing: /home/yadhu/ur3e/src/install/moveit_msgs/local/lib/python3.10/dist-packages/moveit_msgs/action/_local_planner_s.c\n'}
[1.648288] (moveit_msgs) StdoutLine: {'line': b'-- Installing: /home/yadhu/ur3e/src/install/moveit_msgs/local/lib/python3.10/dist-packages/moveit_msgs/action/_execute_trajectory_s.c\n'}
[1.648341] (moveit_msgs) StdoutLine: {'line': b'-- Installing: /home/yadhu/ur3e/src/install/moveit_msgs/local/lib/python3.10/dist-packages/moveit_msgs/action/__init__.py\n'}
[1.648381] (moveit_msgs) StdoutLine: {'line': b'-- Installing: /home/yadhu/ur3e/src/install/moveit_msgs/local/lib/python3.10/dist-packages/moveit_msgs/action/_move_group.py\n'}
[1.648444] (moveit_msgs) StdoutLine: {'line': b'-- Installing: /home/yadhu/ur3e/src/install/moveit_msgs/local/lib/python3.10/dist-packages/moveit_msgs/action/_move_group_s.c\n'}
[1.648500] (moveit_msgs) StdoutLine: {'line': b'-- Installing: /home/yadhu/ur3e/src/install/moveit_msgs/local/lib/python3.10/dist-packages/moveit_msgs/moveit_msgs_s__rosidl_typesupport_fastrtps_c.cpython-310-x86_64-linux-gnu.so\n'}
[1.648795] (moveit_msgs) StdoutLine: {'line': b'-- Installing: /home/yadhu/ur3e/src/install/moveit_msgs/local/lib/python3.10/dist-packages/moveit_msgs/libmoveit_msgs__rosidl_generator_py.so\n'}
[1.649238] (moveit_msgs) StdoutLine: {'line': b'-- Installing: /home/yadhu/ur3e/src/install/moveit_msgs/local/lib/python3.10/dist-packages/moveit_msgs/msg\n'}
[1.649268] (moveit_msgs) StdoutLine: {'line': b'-- Installing: /home/yadhu/ur3e/src/install/moveit_msgs/local/lib/python3.10/dist-packages/moveit_msgs/msg/_visibility_constraint_s.c\n'}
[1.649309] (moveit_msgs) StdoutLine: {'line': b'-- Installing: /home/yadhu/ur3e/src/install/moveit_msgs/local/lib/python3.10/dist-packages/moveit_msgs/msg/_planner_interface_description_s.c\n'}
[1.649334] (moveit_msgs) StdoutLine: {'line': b'-- Installing: /home/yadhu/ur3e/src/install/moveit_msgs/local/lib/python3.10/dist-packages/moveit_msgs/msg/_constraint_eval_result.py\n'}
[1.649375] (moveit_msgs) StdoutLine: {'line': b'-- Installing: /home/yadhu/ur3e/src/install/moveit_msgs/local/lib/python3.10/dist-packages/moveit_msgs/msg/_motion_sequence_item_s.c\n'}
[1.649400] (moveit_msgs) StdoutLine: {'line': b'-- Installing: /home/yadhu/ur3e/src/install/moveit_msgs/local/lib/python3.10/dist-packages/moveit_msgs/msg/_allowed_collision_entry.py\n'}
[1.649438] (moveit_msgs) StdoutLine: {'line': b'-- Installing: /home/yadhu/ur3e/src/install/moveit_msgs/local/lib/python3.10/dist-packages/moveit_msgs/msg/_robot_state.py\n'}
[1.649474] (moveit_msgs) StdoutLine: {'line': b'-- Installing: /home/yadhu/ur3e/src/install/moveit_msgs/local/lib/python3.10/dist-packages/moveit_msgs/msg/_display_trajectory_s.c\n'}
[1.649510] (moveit_msgs) StdoutLine: {'line': b'-- Installing: /home/yadhu/ur3e/src/install/moveit_msgs/local/lib/python3.10/dist-packages/moveit_msgs/msg/_motion_sequence_request_s.c\n'}
[1.649544] (moveit_msgs) StdoutLine: {'line': b'-- Installing: /home/yadhu/ur3e/src/install/moveit_msgs/local/lib/python3.10/dist-packages/moveit_msgs/msg/_move_it_error_codes_s.c\n'}
[1.649583] (moveit_msgs) StdoutLine: {'line': b'-- Installing: /home/yadhu/ur3e/src/install/moveit_msgs/local/lib/python3.10/dist-packages/moveit_msgs/msg/_trajectory_constraints_s.c\n'}
[1.649626] (moveit_msgs) StdoutLine: {'line': b'-- Installing: /home/yadhu/ur3e/src/install/moveit_msgs/local/lib/python3.10/dist-packages/moveit_msgs/msg/_motion_sequence_response_s.c\n'}
[1.649668] (moveit_msgs) StdoutLine: {'line': b'-- Installing: /home/yadhu/ur3e/src/install/moveit_msgs/local/lib/python3.10/dist-packages/moveit_msgs/msg/_workspace_parameters.py\n'}
[1.649710] (moveit_msgs) StdoutLine: {'line': b'-- Installing: /home/yadhu/ur3e/src/install/moveit_msgs/local/lib/python3.10/dist-packages/moveit_msgs/msg/_planning_options.py\n'}
[1.649754] (moveit_msgs) StdoutLine: {'line': b'-- Installing: /home/yadhu/ur3e/src/install/moveit_msgs/local/lib/python3.10/dist-packages/moveit_msgs/msg/_motion_sequence_request.py\n'}
[1.649802] (moveit_msgs) StdoutLine: {'line': b'-- Installing: /home/yadhu/ur3e/src/install/moveit_msgs/local/lib/python3.10/dist-packages/moveit_msgs/msg/_motion_plan_response.py\n'}
[1.649846] (moveit_msgs) StdoutLine: {'line': b'-- Installing: /home/yadhu/ur3e/src/install/moveit_msgs/local/lib/python3.10/dist-packages/moveit_msgs/msg/_planning_scene_world_s.c\n'}
[1.649887] (moveit_msgs) StdoutLine: {'line': b'-- Installing: /home/yadhu/ur3e/src/install/moveit_msgs/local/lib/python3.10/dist-packages/moveit_msgs/msg/_motion_plan_request.py\n'}
[1.649934] (moveit_msgs) StdoutLine: {'line': b'-- Installing: /home/yadhu/ur3e/src/install/moveit_msgs/local/lib/python3.10/dist-packages/moveit_msgs/msg/_cost_source.py\n'}
[1.649976] (moveit_msgs) StdoutLine: {'line': b'-- Installing: /home/yadhu/ur3e/src/install/moveit_msgs/local/lib/python3.10/dist-packages/moveit_msgs/msg/_link_padding.py\n'}
[1.650017] (moveit_msgs) StdoutLine: {'line': b'-- Installing: /home/yadhu/ur3e/src/install/moveit_msgs/local/lib/python3.10/dist-packages/moveit_msgs/msg/_allowed_collision_matrix_s.c\n'}
[1.650066] (moveit_msgs) StdoutLine: {'line': b'-- Installing: /home/yadhu/ur3e/src/install/moveit_msgs/local/lib/python3.10/dist-packages/moveit_msgs/msg/_robot_trajectory_s.c\n'}
[1.650115] (moveit_msgs) StdoutLine: {'line': b'-- Installing: /home/yadhu/ur3e/src/install/moveit_msgs/local/lib/python3.10/dist-packages/moveit_msgs/msg/_planning_scene_s.c\n'}
[1.650156] (moveit_msgs) StdoutLine: {'line': b'-- Installing: /home/yadhu/ur3e/src/install/moveit_msgs/local/lib/python3.10/dist-packages/moveit_msgs/msg/_position_constraint.py\n'}
[1.650199] (moveit_msgs) StdoutLine: {'line': b'-- Installing: /home/yadhu/ur3e/src/install/moveit_msgs/local/lib/python3.10/dist-packages/moveit_msgs/msg/_orientation_constraint.py\n'}
[1.650243] (moveit_msgs) StdoutLine: {'line': b'-- Installing: /home/yadhu/ur3e/src/install/moveit_msgs/local/lib/python3.10/dist-packages/moveit_msgs/msg/_workspace_parameters_s.c\n'}
[1.650285] (moveit_msgs) StdoutLine: {'line': b'-- Installing: /home/yadhu/ur3e/src/install/moveit_msgs/local/lib/python3.10/dist-packages/moveit_msgs/msg/_motion_sequence_response.py\n'}
[1.650330] (moveit_msgs) StdoutLine: {'line': b'-- Installing: /home/yadhu/ur3e/src/install/moveit_msgs/local/lib/python3.10/dist-packages/moveit_msgs/msg/_bounding_volume.py\n'}
[1.650375] (moveit_msgs) StdoutLine: {'line': b'-- Installing: /home/yadhu/ur3e/src/install/moveit_msgs/local/lib/python3.10/dist-packages/moveit_msgs/msg/_motion_plan_detailed_response_s.c\n'}
[1.650421] (moveit_msgs) StdoutLine: {'line': b'-- Installing: /home/yadhu/ur3e/src/install/moveit_msgs/local/lib/python3.10/dist-packages/moveit_msgs/msg/_planning_scene_world.py\n'}
[1.650464] (moveit_msgs) StdoutLine: {'line': b'-- Installing: /home/yadhu/ur3e/src/install/moveit_msgs/local/lib/python3.10/dist-packages/moveit_msgs/msg/_planning_options_s.c\n'}
[1.650507] (moveit_msgs) StdoutLine: {'line': b'-- Installing: /home/yadhu/ur3e/src/install/moveit_msgs/local/lib/python3.10/dist-packages/moveit_msgs/msg/_joint_limits_s.c\n'}
[1.650550] (moveit_msgs) StdoutLine: {'line': b'-- Installing: /home/yadhu/ur3e/src/install/moveit_msgs/local/lib/python3.10/dist-packages/moveit_msgs/msg/_oriented_bounding_box_s.c\n'}
[1.650592] (moveit_msgs) StdoutLine: {'line': b'-- Installing: /home/yadhu/ur3e/src/install/moveit_msgs/local/lib/python3.10/dist-packages/moveit_msgs/msg/_attached_collision_object_s.c\n'}
[1.650637] (moveit_msgs) StdoutLine: {'line': b'-- Installing: /home/yadhu/ur3e/src/install/moveit_msgs/local/lib/python3.10/dist-packages/moveit_msgs/msg/_bounding_volume_s.c\n'}
[1.650681] (moveit_msgs) StdoutLine: {'line': b'-- Installing: /home/yadhu/ur3e/src/install/moveit_msgs/local/lib/python3.10/dist-packages/moveit_msgs/msg/_move_it_error_codes.py\n'}
[1.650731] (moveit_msgs) StdoutLine: {'line': b'-- Installing: /home/yadhu/ur3e/src/install/moveit_msgs/local/lib/python3.10/dist-packages/moveit_msgs/msg/_display_robot_state.py\n'}
[1.650776] (moveit_msgs) StdoutLine: {'line': b'-- Installing: /home/yadhu/ur3e/src/install/moveit_msgs/local/lib/python3.10/dist-packages/moveit_msgs/msg/_position_constraint_s.c\n'}
[1.650821] (moveit_msgs) StdoutLine: {'line': b'-- Installing: /home/yadhu/ur3e/src/install/moveit_msgs/local/lib/python3.10/dist-packages/moveit_msgs/msg/_robot_state_s.c\n'}
[1.650865] (moveit_msgs) StdoutLine: {'line': b'-- Installing: /home/yadhu/ur3e/src/install/moveit_msgs/local/lib/python3.10/dist-packages/moveit_msgs/msg/_link_scale.py\n'}
[1.650907] (moveit_msgs) StdoutLine: {'line': b'-- Installing: /home/yadhu/ur3e/src/install/moveit_msgs/local/lib/python3.10/dist-packages/moveit_msgs/msg/_object_color.py\n'}
[1.650949] (moveit_msgs) StdoutLine: {'line': b'-- Installing: /home/yadhu/ur3e/src/install/moveit_msgs/local/lib/python3.10/dist-packages/moveit_msgs/msg/_contact_information.py\n'}
[1.650994] (moveit_msgs) StdoutLine: {'line': b'-- Installing: /home/yadhu/ur3e/src/install/moveit_msgs/local/lib/python3.10/dist-packages/moveit_msgs/msg/_object_color_s.c\n'}
[1.651040] (moveit_msgs) StdoutLine: {'line': b'-- Installing: /home/yadhu/ur3e/src/install/moveit_msgs/local/lib/python3.10/dist-packages/moveit_msgs/msg/_cartesian_point.py\n'}
[1.651084] (moveit_msgs) StdoutLine: {'line': b'-- Installing: /home/yadhu/ur3e/src/install/moveit_msgs/local/lib/python3.10/dist-packages/moveit_msgs/msg/_cartesian_trajectory.py\n'}
[1.651127] (moveit_msgs) StdoutLine: {'line': b'-- Installing: /home/yadhu/ur3e/src/install/moveit_msgs/local/lib/python3.10/dist-packages/moveit_msgs/msg/_gripper_translation.py\n'}
[1.651170] (moveit_msgs) StdoutLine: {'line': b'-- Installing: /home/yadhu/ur3e/src/install/moveit_msgs/local/lib/python3.10/dist-packages/moveit_msgs/msg/_collision_object.py\n'}
[1.651218] (moveit_msgs) StdoutLine: {'line': b'-- Installing: /home/yadhu/ur3e/src/install/moveit_msgs/local/lib/python3.10/dist-packages/moveit_msgs/msg/_generic_trajectory_s.c\n'}
[1.651263] (moveit_msgs) StdoutLine: {'line': b'-- Installing: /home/yadhu/ur3e/src/install/moveit_msgs/local/lib/python3.10/dist-packages/moveit_msgs/msg/_planner_params_s.c\n'}
[1.651311] (moveit_msgs) StdoutLine: {'line': b'-- Installing: /home/yadhu/ur3e/src/install/moveit_msgs/local/lib/python3.10/dist-packages/moveit_msgs/msg/_planning_scene_components_s.c\n'}
[1.651355] (moveit_msgs) StdoutLine: {'line': b'-- Installing: /home/yadhu/ur3e/src/install/moveit_msgs/local/lib/python3.10/dist-packages/moveit_msgs/msg/_collision_object_s.c\n'}
[1.651406] (moveit_msgs) StdoutLine: {'line': b'-- Installing: /home/yadhu/ur3e/src/install/moveit_msgs/local/lib/python3.10/dist-packages/moveit_msgs/msg/_allowed_collision_matrix.py\n'}
[1.651452] (moveit_msgs) StdoutLine: {'line': b'-- Installing: /home/yadhu/ur3e/src/install/moveit_msgs/local/lib/python3.10/dist-packages/moveit_msgs/msg/_planner_interface_description.py\n'}
[1.651502] (moveit_msgs) StdoutLine: {'line': b'-- Installing: /home/yadhu/ur3e/src/install/moveit_msgs/local/lib/python3.10/dist-packages/moveit_msgs/msg/_cartesian_trajectory_point_s.c\n'}
[1.651545] (moveit_msgs) StdoutLine: {'line': b'-- Installing: /home/yadhu/ur3e/src/install/moveit_msgs/local/lib/python3.10/dist-packages/moveit_msgs/msg/_trajectory_constraints.py\n'}
[1.651595] (moveit_msgs) StdoutLine: {'line': b'-- Installing: /home/yadhu/ur3e/src/install/moveit_msgs/local/lib/python3.10/dist-packages/moveit_msgs/msg/_kinematic_solver_info.py\n'}
[1.651636] (moveit_msgs) StdoutLine: {'line': b'-- Installing: /home/yadhu/ur3e/src/install/moveit_msgs/local/lib/python3.10/dist-packages/moveit_msgs/msg/_motion_plan_request_s.c\n'}
[1.651687] (moveit_msgs) StdoutLine: {'line': b'-- Installing: /home/yadhu/ur3e/src/install/moveit_msgs/local/lib/python3.10/dist-packages/moveit_msgs/msg/_position_ik_request_s.c\n'}
[1.651820] (moveit_msgs) StdoutLine: {'line': b'-- Installing: /home/yadhu/ur3e/src/install/moveit_msgs/local/lib/python3.10/dist-packages/moveit_msgs/msg/_planner_params.py\n'}
[1.651981] (moveit_msgs) StdoutLine: {'line': b'-- Installing: /home/yadhu/ur3e/src/install/moveit_msgs/local/lib/python3.10/dist-packages/moveit_msgs/msg/_motion_plan_detailed_response.py\n'}
[1.652060] (moveit_msgs) StdoutLine: {'line': b'-- Installing: /home/yadhu/ur3e/src/install/moveit_msgs/local/lib/python3.10/dist-packages/moveit_msgs/msg/_link_scale_s.c\n'}
[1.652105] (moveit_msgs) StdoutLine: {'line': b'-- Installing: /home/yadhu/ur3e/src/install/moveit_msgs/local/lib/python3.10/dist-packages/moveit_msgs/msg/_constraints.py\n'}
[1.652199] (moveit_msgs) StdoutLine: {'line': b'-- Installing: /home/yadhu/ur3e/src/install/moveit_msgs/local/lib/python3.10/dist-packages/moveit_msgs/msg/_allowed_collision_entry_s.c\n'}
[1.652259] (moveit_msgs) StdoutLine: {'line': b'-- Installing: /home/yadhu/ur3e/src/install/moveit_msgs/local/lib/python3.10/dist-packages/moveit_msgs/msg/__init__.py\n'}
[1.652305] (moveit_msgs) StdoutLine: {'line': b'-- Installing: /home/yadhu/ur3e/src/install/moveit_msgs/local/lib/python3.10/dist-packages/moveit_msgs/msg/_visibility_constraint.py\n'}
[1.652577] (moveit_msgs) StdoutLine: {'line': b'-- Installing: /home/yadhu/ur3e/src/install/moveit_msgs/local/lib/python3.10/dist-packages/moveit_msgs/msg/_planning_scene.py\n'}
[1.652671] (moveit_msgs) StdoutLine: {'line': b'-- Installing: /home/yadhu/ur3e/src/install/moveit_msgs/local/lib/python3.10/dist-packages/moveit_msgs/msg/_joint_limits.py\n'}
[1.652888] (moveit_msgs) StdoutLine: {'line': b'-- Installing: /home/yadhu/ur3e/src/install/moveit_msgs/local/lib/python3.10/dist-packages/moveit_msgs/msg/_joint_constraint.py\n'}
[1.652986] (moveit_msgs) StdoutLine: {'line': b'-- Installing: /home/yadhu/ur3e/src/install/moveit_msgs/local/lib/python3.10/dist-packages/moveit_msgs/msg/_place_location_s.c\n'}
[1.653031] (moveit_msgs) StdoutLine: {'line': b'-- Installing: /home/yadhu/ur3e/src/install/moveit_msgs/local/lib/python3.10/dist-packages/moveit_msgs/msg/_generic_trajectory.py\n'}
[1.653071] (moveit_msgs) StdoutLine: {'line': b'-- Installing: /home/yadhu/ur3e/src/install/moveit_msgs/local/lib/python3.10/dist-packages/moveit_msgs/msg/_cartesian_trajectory_point.py\n'}
[1.653118] (moveit_msgs) StdoutLine: {'line': b'-- Installing: /home/yadhu/ur3e/src/install/moveit_msgs/local/lib/python3.10/dist-packages/moveit_msgs/msg/_cartesian_point_s.c\n'}
[1.653158] (moveit_msgs) StdoutLine: {'line': b'-- Installing: /home/yadhu/ur3e/src/install/moveit_msgs/local/lib/python3.10/dist-packages/moveit_msgs/msg/_planning_scene_components.py\n'}
[1.653197] (moveit_msgs) StdoutLine: {'line': b'-- Installing: /home/yadhu/ur3e/src/install/moveit_msgs/local/lib/python3.10/dist-packages/moveit_msgs/msg/_contact_information_s.c\n'}
[1.653318] (moveit_msgs) StdoutLine: {'line': b'-- Installing: /home/yadhu/ur3e/src/install/moveit_msgs/local/lib/python3.10/dist-packages/moveit_msgs/msg/_oriented_bounding_box.py\n'}
[1.653385] (moveit_msgs) StdoutLine: {'line': b'-- Installing: /home/yadhu/ur3e/src/install/moveit_msgs/local/lib/python3.10/dist-packages/moveit_msgs/msg/_gripper_translation_s.c\n'}
[1.653428] (moveit_msgs) StdoutLine: {'line': b'-- Installing: /home/yadhu/ur3e/src/install/moveit_msgs/local/lib/python3.10/dist-packages/moveit_msgs/msg/_place_location.py\n'}
[1.653470] (moveit_msgs) StdoutLine: {'line': b'-- Installing: /home/yadhu/ur3e/src/install/moveit_msgs/local/lib/python3.10/dist-packages/moveit_msgs/msg/_cartesian_trajectory_s.c\n'}
[1.653532] (moveit_msgs) StdoutLine: {'line': b'-- Installing: /home/yadhu/ur3e/src/install/moveit_msgs/local/lib/python3.10/dist-packages/moveit_msgs/msg/_orientation_constraint_s.c\n'}
[1.653626] (moveit_msgs) StdoutLine: {'line': b'-- Installing: /home/yadhu/ur3e/src/install/moveit_msgs/local/lib/python3.10/dist-packages/moveit_msgs/msg/_joint_constraint_s.c\n'}
[1.653828] (moveit_msgs) StdoutLine: {'line': b'-- Installing: /home/yadhu/ur3e/src/install/moveit_msgs/local/lib/python3.10/dist-packages/moveit_msgs/msg/_display_robot_state_s.c\n'}
[1.653905] (moveit_msgs) StdoutLine: {'line': b'-- Installing: /home/yadhu/ur3e/src/install/moveit_msgs/local/lib/python3.10/dist-packages/moveit_msgs/msg/_link_padding_s.c\n'}
[1.653939] (moveit_msgs) StdoutLine: {'line': b'-- Installing: /home/yadhu/ur3e/src/install/moveit_msgs/local/lib/python3.10/dist-packages/moveit_msgs/msg/_robot_trajectory.py\n'}
[1.654027] (moveit_msgs) StdoutLine: {'line': b'-- Installing: /home/yadhu/ur3e/src/install/moveit_msgs/local/lib/python3.10/dist-packages/moveit_msgs/msg/_attached_collision_object.py\n'}
[1.654113] (moveit_msgs) StdoutLine: {'line': b'-- Installing: /home/yadhu/ur3e/src/install/moveit_msgs/local/lib/python3.10/dist-packages/moveit_msgs/msg/_grasp_s.c\n'}
[1.654168] (moveit_msgs) StdoutLine: {'line': b'-- Installing: /home/yadhu/ur3e/src/install/moveit_msgs/local/lib/python3.10/dist-packages/moveit_msgs/msg/_position_ik_request.py\n'}
[1.654554] (moveit_msgs) StdoutLine: {'line': b'-- Installing: /home/yadhu/ur3e/src/install/moveit_msgs/local/lib/python3.10/dist-packages/moveit_msgs/msg/_constraints_s.c\n'}
[1.654599] (moveit_msgs) StdoutLine: {'line': b'-- Installing: /home/yadhu/ur3e/src/install/moveit_msgs/local/lib/python3.10/dist-packages/moveit_msgs/msg/_cost_source_s.c\n'}
[1.654680] (moveit_msgs) StdoutLine: {'line': b'-- Installing: /home/yadhu/ur3e/src/install/moveit_msgs/local/lib/python3.10/dist-packages/moveit_msgs/msg/_motion_sequence_item.py\n'}
[1.654731] (moveit_msgs) StdoutLine: {'line': b'-- Installing: /home/yadhu/ur3e/src/install/moveit_msgs/local/lib/python3.10/dist-packages/moveit_msgs/msg/_display_trajectory.py\n'}
[1.654766] (moveit_msgs) StdoutLine: {'line': b'-- Installing: /home/yadhu/ur3e/src/install/moveit_msgs/local/lib/python3.10/dist-packages/moveit_msgs/msg/_motion_plan_response_s.c\n'}
[1.654806] (moveit_msgs) StdoutLine: {'line': b'-- Installing: /home/yadhu/ur3e/src/install/moveit_msgs/local/lib/python3.10/dist-packages/moveit_msgs/msg/_kinematic_solver_info_s.c\n'}
[1.654843] (moveit_msgs) StdoutLine: {'line': b'-- Installing: /home/yadhu/ur3e/src/install/moveit_msgs/local/lib/python3.10/dist-packages/moveit_msgs/msg/_constraint_eval_result_s.c\n'}
[1.654967] (moveit_msgs) StdoutLine: {'line': b'-- Installing: /home/yadhu/ur3e/src/install/moveit_msgs/local/lib/python3.10/dist-packages/moveit_msgs/msg/_grasp.py\n'}
[1.655026] (moveit_msgs) StdoutLine: {'line': b'-- Installing: /home/yadhu/ur3e/src/install/moveit_msgs/local/lib/python3.10/dist-packages/moveit_msgs/srv\n'}
[1.655084] (moveit_msgs) StdoutLine: {'line': b'-- Installing: /home/yadhu/ur3e/src/install/moveit_msgs/local/lib/python3.10/dist-packages/moveit_msgs/srv/_change_drift_dimensions_s.c\n'}
[1.655132] (moveit_msgs) StdoutLine: {'line': b'-- Installing: /home/yadhu/ur3e/src/install/moveit_msgs/local/lib/python3.10/dist-packages/moveit_msgs/srv/_delete_robot_state_from_warehouse.py\n'}
[1.655191] (moveit_msgs) StdoutLine: {'line': b'-- Installing: /home/yadhu/ur3e/src/install/moveit_msgs/local/lib/python3.10/dist-packages/moveit_msgs/srv/_update_pointcloud_octomap_s.c\n'}
[1.655224] (moveit_msgs) StdoutLine: {'line': b'-- Installing: /home/yadhu/ur3e/src/install/moveit_msgs/local/lib/python3.10/dist-packages/moveit_msgs/srv/_get_position_fk_s.c\n'}
[1.655253] (moveit_msgs) StdoutLine: {'line': b'-- Installing: /home/yadhu/ur3e/src/install/moveit_msgs/local/lib/python3.10/dist-packages/moveit_msgs/srv/_get_state_validity.py\n'}
[1.655280] (moveit_msgs) StdoutLine: {'line': b'-- Installing: /home/yadhu/ur3e/src/install/moveit_msgs/local/lib/python3.10/dist-packages/moveit_msgs/srv/_grasp_planning.py\n'}
[1.655306] (moveit_msgs) StdoutLine: {'line': b'-- Installing: /home/yadhu/ur3e/src/install/moveit_msgs/local/lib/python3.10/dist-packages/moveit_msgs/srv/_grasp_planning_s.c\n'}
[1.655354] (moveit_msgs) StdoutLine: {'line': b'-- Installing: /home/yadhu/ur3e/src/install/moveit_msgs/local/lib/python3.10/dist-packages/moveit_msgs/srv/_get_robot_state_from_warehouse.py\n'}
[1.655411] (moveit_msgs) StdoutLine: {'line': b'-- Installing: /home/yadhu/ur3e/src/install/moveit_msgs/local/lib/python3.10/dist-packages/moveit_msgs/srv/_check_if_robot_state_exists_in_warehouse.py\n'}
[1.655437] (moveit_msgs) StdoutLine: {'line': b'-- Installing: /home/yadhu/ur3e/src/install/moveit_msgs/local/lib/python3.10/dist-packages/moveit_msgs/srv/_change_control_dimensions_s.c\n'}
[1.655474] (moveit_msgs) StdoutLine: {'line': b'-- Installing: /home/yadhu/ur3e/src/install/moveit_msgs/local/lib/python3.10/dist-packages/moveit_msgs/srv/_set_planner_params.py\n'}
[1.655501] (moveit_msgs) StdoutLine: {'line': b'-- Installing: /home/yadhu/ur3e/src/install/moveit_msgs/local/lib/python3.10/dist-packages/moveit_msgs/srv/_get_motion_sequence.py\n'}
[1.655552] (moveit_msgs) StdoutLine: {'line': b'-- Installing: /home/yadhu/ur3e/src/install/moveit_msgs/local/lib/python3.10/dist-packages/moveit_msgs/srv/_update_pointcloud_octomap.py\n'}
[1.655578] (moveit_msgs) StdoutLine: {'line': b'-- Installing: /home/yadhu/ur3e/src/install/moveit_msgs/local/lib/python3.10/dist-packages/moveit_msgs/srv/_get_planner_params.py\n'}
[1.655613] (moveit_msgs) StdoutLine: {'line': b'-- Installing: /home/yadhu/ur3e/src/install/moveit_msgs/local/lib/python3.10/dist-packages/moveit_msgs/srv/_save_map.py\n'}
[1.655657] (moveit_msgs) StdoutLine: {'line': b'-- Installing: /home/yadhu/ur3e/src/install/moveit_msgs/local/lib/python3.10/dist-packages/moveit_msgs/srv/_rename_robot_state_in_warehouse.py\n'}
[1.655705] (moveit_msgs) StdoutLine: {'line': b'-- Installing: /home/yadhu/ur3e/src/install/moveit_msgs/local/lib/python3.10/dist-packages/moveit_msgs/srv/_get_position_ik.py\n'}
[1.655797] (moveit_msgs) StdoutLine: {'line': b'-- Installing: /home/yadhu/ur3e/src/install/moveit_msgs/local/lib/python3.10/dist-packages/moveit_msgs/srv/_load_map.py\n'}
[1.655854] (moveit_msgs) StdoutLine: {'line': b'-- Installing: /home/yadhu/ur3e/src/install/moveit_msgs/local/lib/python3.10/dist-packages/moveit_msgs/srv/_apply_planning_scene.py\n'}
[1.655931] (moveit_msgs) StdoutLine: {'line': b'-- Installing: /home/yadhu/ur3e/src/install/moveit_msgs/local/lib/python3.10/dist-packages/moveit_msgs/srv/_rename_robot_state_in_warehouse_s.c\n'}
[1.656006] (moveit_msgs) StdoutLine: {'line': b'-- Installing: /home/yadhu/ur3e/src/install/moveit_msgs/local/lib/python3.10/dist-packages/moveit_msgs/srv/_get_position_fk.py\n'}
[1.656078] (moveit_msgs) StdoutLine: {'line': b'-- Installing: /home/yadhu/ur3e/src/install/moveit_msgs/local/lib/python3.10/dist-packages/moveit_msgs/srv/_get_cartesian_path_s.c\n'}
[1.656133] (moveit_msgs) StdoutLine: {'line': b'-- Installing: /home/yadhu/ur3e/src/install/moveit_msgs/local/lib/python3.10/dist-packages/moveit_msgs/srv/_get_motion_plan_s.c\n'}
[1.656187] (moveit_msgs) StdoutLine: {'line': b'-- Installing: /home/yadhu/ur3e/src/install/moveit_msgs/local/lib/python3.10/dist-packages/moveit_msgs/srv/_get_planner_params_s.c\n'}
[1.656233] (moveit_msgs) StdoutLine: {'line': b'-- Installing: /home/yadhu/ur3e/src/install/moveit_msgs/local/lib/python3.10/dist-packages/moveit_msgs/srv/_save_robot_state_to_warehouse_s.c\n'}
[1.656299] (moveit_msgs) StdoutLine: {'line': b'-- Installing: /home/yadhu/ur3e/src/install/moveit_msgs/local/lib/python3.10/dist-packages/moveit_msgs/srv/_get_state_validity_s.c\n'}
[1.656348] (moveit_msgs) StdoutLine: {'line': b'-- Installing: /home/yadhu/ur3e/src/install/moveit_msgs/local/lib/python3.10/dist-packages/moveit_msgs/srv/_delete_robot_state_from_warehouse_s.c\n'}
[1.656428] (moveit_msgs) StdoutLine: {'line': b'-- Installing: /home/yadhu/ur3e/src/install/moveit_msgs/local/lib/python3.10/dist-packages/moveit_msgs/srv/_query_planner_interfaces_s.c\n'}
[1.656461] (moveit_msgs) StdoutLine: {'line': b'-- Installing: /home/yadhu/ur3e/src/install/moveit_msgs/local/lib/python3.10/dist-packages/moveit_msgs/srv/__init__.py\n'}
[1.656488] (moveit_msgs) StdoutLine: {'line': b'-- Installing: /home/yadhu/ur3e/src/install/moveit_msgs/local/lib/python3.10/dist-packages/moveit_msgs/srv/_check_if_robot_state_exists_in_warehouse_s.c\n'}
[1.656542] (moveit_msgs) StdoutLine: {'line': b'-- Installing: /home/yadhu/ur3e/src/install/moveit_msgs/local/lib/python3.10/dist-packages/moveit_msgs/srv/_list_robot_states_in_warehouse.py\n'}
[1.656574] (moveit_msgs) StdoutLine: {'line': b'-- Installing: /home/yadhu/ur3e/src/install/moveit_msgs/local/lib/python3.10/dist-packages/moveit_msgs/srv/_get_position_ik_s.c\n'}
[1.656643] (moveit_msgs) StdoutLine: {'line': b'-- Installing: /home/yadhu/ur3e/src/install/moveit_msgs/local/lib/python3.10/dist-packages/moveit_msgs/srv/_get_planning_scene.py\n'}
[1.656716] (moveit_msgs) StdoutLine: {'line': b'-- Installing: /home/yadhu/ur3e/src/install/moveit_msgs/local/lib/python3.10/dist-packages/moveit_msgs/srv/_save_robot_state_to_warehouse.py\n'}
[1.656805] (moveit_msgs) StdoutLine: {'line': b'-- Installing: /home/yadhu/ur3e/src/install/moveit_msgs/local/lib/python3.10/dist-packages/moveit_msgs/srv/_get_motion_plan.py\n'}
[1.656873] (moveit_msgs) StdoutLine: {'line': b'-- Installing: /home/yadhu/ur3e/src/install/moveit_msgs/local/lib/python3.10/dist-packages/moveit_msgs/srv/_get_motion_sequence_s.c\n'}
[1.656948] (moveit_msgs) StdoutLine: {'line': b'-- Installing: /home/yadhu/ur3e/src/install/moveit_msgs/local/lib/python3.10/dist-packages/moveit_msgs/srv/_list_robot_states_in_warehouse_s.c\n'}
[1.657039] (moveit_msgs) StdoutLine: {'line': b'-- Installing: /home/yadhu/ur3e/src/install/moveit_msgs/local/lib/python3.10/dist-packages/moveit_msgs/srv/_change_control_dimensions.py\n'}
[1.657146] (moveit_msgs) StdoutLine: {'line': b'-- Installing: /home/yadhu/ur3e/src/install/moveit_msgs/local/lib/python3.10/dist-packages/moveit_msgs/srv/_load_map_s.c\n'}
[1.657198] (moveit_msgs) StdoutLine: {'line': b'-- Installing: /home/yadhu/ur3e/src/install/moveit_msgs/local/lib/python3.10/dist-packages/moveit_msgs/srv/_get_robot_state_from_warehouse_s.c\n'}
[1.657265] (moveit_msgs) StdoutLine: {'line': b'-- Installing: /home/yadhu/ur3e/src/install/moveit_msgs/local/lib/python3.10/dist-packages/moveit_msgs/srv/_change_drift_dimensions.py\n'}
[1.657346] (moveit_msgs) StdoutLine: {'line': b'-- Installing: /home/yadhu/ur3e/src/install/moveit_msgs/local/lib/python3.10/dist-packages/moveit_msgs/srv/_apply_planning_scene_s.c\n'}
[1.657393] (moveit_msgs) StdoutLine: {'line': b'-- Installing: /home/yadhu/ur3e/src/install/moveit_msgs/local/lib/python3.10/dist-packages/moveit_msgs/srv/_get_cartesian_path.py\n'}
[1.657450] (moveit_msgs) StdoutLine: {'line': b'-- Installing: /home/yadhu/ur3e/src/install/moveit_msgs/local/lib/python3.10/dist-packages/moveit_msgs/srv/_query_planner_interfaces.py\n'}
[1.657506] (moveit_msgs) StdoutLine: {'line': b'-- Installing: /home/yadhu/ur3e/src/install/moveit_msgs/local/lib/python3.10/dist-packages/moveit_msgs/srv/_get_planning_scene_s.c\n'}
[1.657578] (moveit_msgs) StdoutLine: {'line': b'-- Installing: /home/yadhu/ur3e/src/install/moveit_msgs/local/lib/python3.10/dist-packages/moveit_msgs/srv/_set_planner_params_s.c\n'}
[1.657648] (moveit_msgs) StdoutLine: {'line': b'-- Installing: /home/yadhu/ur3e/src/install/moveit_msgs/local/lib/python3.10/dist-packages/moveit_msgs/srv/_save_map_s.c\n'}
[1.657720] (moveit_msgs) StdoutLine: {'line': b'-- Installing: /home/yadhu/ur3e/src/install/moveit_msgs/local/lib/python3.10/dist-packages/moveit_msgs/_moveit_msgs_s.ep.rosidl_typesupport_fastrtps_c.c\n'}
[1.658212] (moveit_msgs) StdoutLine: {'line': b'-- Installing: /home/yadhu/ur3e/src/install/moveit_msgs/local/lib/python3.10/dist-packages/moveit_msgs/__init__.py\n'}
[1.658283] (moveit_msgs) StdoutLine: {'line': b'-- Installing: /home/yadhu/ur3e/src/install/moveit_msgs/local/lib/python3.10/dist-packages/moveit_msgs/moveit_msgs_s__rosidl_typesupport_introspection_c.cpython-310-x86_64-linux-gnu.so\n'}
[1.658561] (moveit_msgs) StdoutLine: {'line': b'-- Installing: /home/yadhu/ur3e/src/install/moveit_msgs/local/lib/python3.10/dist-packages/moveit_msgs/_moveit_msgs_s.ep.rosidl_typesupport_introspection_c.c\n'}
[1.701233] (-) TimerEvent: {}
[1.748436] (moveit_msgs) StdoutLine: {'line': b"Listing '/home/yadhu/ur3e/src/install/moveit_msgs/local/lib/python3.10/dist-packages/moveit_msgs'...\n"}
[1.748547] (moveit_msgs) StdoutLine: {'line': b"Compiling '/home/yadhu/ur3e/src/install/moveit_msgs/local/lib/python3.10/dist-packages/moveit_msgs/__init__.py'...\n"}
[1.748579] (moveit_msgs) StdoutLine: {'line': b"Listing '/home/yadhu/ur3e/src/install/moveit_msgs/local/lib/python3.10/dist-packages/moveit_msgs/action'...\n"}
[1.748605] (moveit_msgs) StdoutLine: {'line': b"Compiling '/home/yadhu/ur3e/src/install/moveit_msgs/local/lib/python3.10/dist-packages/moveit_msgs/action/__init__.py'...\n"}
[1.748630] (moveit_msgs) StdoutLine: {'line': b"Compiling '/home/yadhu/ur3e/src/install/moveit_msgs/local/lib/python3.10/dist-packages/moveit_msgs/action/_execute_trajectory.py'...\n"}
[1.748655] (moveit_msgs) StdoutLine: {'line': b"Compiling '/home/yadhu/ur3e/src/install/moveit_msgs/local/lib/python3.10/dist-packages/moveit_msgs/action/_global_planner.py'...\n"}
[1.748679] (moveit_msgs) StdoutLine: {'line': b"Compiling '/home/yadhu/ur3e/src/install/moveit_msgs/local/lib/python3.10/dist-packages/moveit_msgs/action/_hybrid_planner.py'...\n"}
[1.748702] (moveit_msgs) StdoutLine: {'line': b"Compiling '/home/yadhu/ur3e/src/install/moveit_msgs/local/lib/python3.10/dist-packages/moveit_msgs/action/_local_planner.py'...\n"}
[1.748725] (moveit_msgs) StdoutLine: {'line': b"Compiling '/home/yadhu/ur3e/src/install/moveit_msgs/local/lib/python3.10/dist-packages/moveit_msgs/action/_move_group.py'...\n"}
[1.748753] (moveit_msgs) StdoutLine: {'line': b"Compiling '/home/yadhu/ur3e/src/install/moveit_msgs/local/lib/python3.10/dist-packages/moveit_msgs/action/_move_group_sequence.py'...\n"}
[1.748790] (moveit_msgs) StdoutLine: {'line': b"Compiling '/home/yadhu/ur3e/src/install/moveit_msgs/local/lib/python3.10/dist-packages/moveit_msgs/action/_pickup.py'...\n"}
[1.748817] (moveit_msgs) StdoutLine: {'line': b"Compiling '/home/yadhu/ur3e/src/install/moveit_msgs/local/lib/python3.10/dist-packages/moveit_msgs/action/_place.py'...\n"}
[1.748840] (moveit_msgs) StdoutLine: {'line': b"Listing '/home/yadhu/ur3e/src/install/moveit_msgs/local/lib/python3.10/dist-packages/moveit_msgs/msg'...\n"}
[1.748863] (moveit_msgs) StdoutLine: {'line': b"Compiling '/home/yadhu/ur3e/src/install/moveit_msgs/local/lib/python3.10/dist-packages/moveit_msgs/msg/__init__.py'...\n"}
[1.748886] (moveit_msgs) StdoutLine: {'line': b"Compiling '/home/yadhu/ur3e/src/install/moveit_msgs/local/lib/python3.10/dist-packages/moveit_msgs/msg/_allowed_collision_entry.py'...\n"}
[1.748908] (moveit_msgs) StdoutLine: {'line': b"Compiling '/home/yadhu/ur3e/src/install/moveit_msgs/local/lib/python3.10/dist-packages/moveit_msgs/msg/_allowed_collision_matrix.py'...\n"}
[1.748930] (moveit_msgs) StdoutLine: {'line': b"Compiling '/home/yadhu/ur3e/src/install/moveit_msgs/local/lib/python3.10/dist-packages/moveit_msgs/msg/_attached_collision_object.py'...\n"}
[1.748954] (moveit_msgs) StdoutLine: {'line': b"Compiling '/home/yadhu/ur3e/src/install/moveit_msgs/local/lib/python3.10/dist-packages/moveit_msgs/msg/_bounding_volume.py'...\n"}
[1.748978] (moveit_msgs) StdoutLine: {'line': b"Compiling '/home/yadhu/ur3e/src/install/moveit_msgs/local/lib/python3.10/dist-packages/moveit_msgs/msg/_cartesian_point.py'...\n"}
[1.749000] (moveit_msgs) StdoutLine: {'line': b"Compiling '/home/yadhu/ur3e/src/install/moveit_msgs/local/lib/python3.10/dist-packages/moveit_msgs/msg/_cartesian_trajectory.py'...\n"}
[1.749023] (moveit_msgs) StdoutLine: {'line': b"Compiling '/home/yadhu/ur3e/src/install/moveit_msgs/local/lib/python3.10/dist-packages/moveit_msgs/msg/_cartesian_trajectory_point.py'...\n"}
[1.749046] (moveit_msgs) StdoutLine: {'line': b"Compiling '/home/yadhu/ur3e/src/install/moveit_msgs/local/lib/python3.10/dist-packages/moveit_msgs/msg/_collision_object.py'...\n"}
[1.749068] (moveit_msgs) StdoutLine: {'line': b"Compiling '/home/yadhu/ur3e/src/install/moveit_msgs/local/lib/python3.10/dist-packages/moveit_msgs/msg/_constraint_eval_result.py'...\n"}
[1.749091] (moveit_msgs) StdoutLine: {'line': b"Compiling '/home/yadhu/ur3e/src/install/moveit_msgs/local/lib/python3.10/dist-packages/moveit_msgs/msg/_constraints.py'...\n"}
[1.749113] (moveit_msgs) StdoutLine: {'line': b"Compiling '/home/yadhu/ur3e/src/install/moveit_msgs/local/lib/python3.10/dist-packages/moveit_msgs/msg/_contact_information.py'...\n"}
[1.749136] (moveit_msgs) StdoutLine: {'line': b"Compiling '/home/yadhu/ur3e/src/install/moveit_msgs/local/lib/python3.10/dist-packages/moveit_msgs/msg/_cost_source.py'...\n"}
[1.749159] (moveit_msgs) StdoutLine: {'line': b"Compiling '/home/yadhu/ur3e/src/install/moveit_msgs/local/lib/python3.10/dist-packages/moveit_msgs/msg/_display_robot_state.py'...\n"}
[1.749180] (moveit_msgs) StdoutLine: {'line': b"Compiling '/home/yadhu/ur3e/src/install/moveit_msgs/local/lib/python3.10/dist-packages/moveit_msgs/msg/_display_trajectory.py'...\n"}
[1.749202] (moveit_msgs) StdoutLine: {'line': b"Compiling '/home/yadhu/ur3e/src/install/moveit_msgs/local/lib/python3.10/dist-packages/moveit_msgs/msg/_generic_trajectory.py'...\n"}
[1.749224] (moveit_msgs) StdoutLine: {'line': b"Compiling '/home/yadhu/ur3e/src/install/moveit_msgs/local/lib/python3.10/dist-packages/moveit_msgs/msg/_grasp.py'...\n"}
[1.749247] (moveit_msgs) StdoutLine: {'line': b"Compiling '/home/yadhu/ur3e/src/install/moveit_msgs/local/lib/python3.10/dist-packages/moveit_msgs/msg/_gripper_translation.py'...\n"}
[1.749269] (moveit_msgs) StdoutLine: {'line': b"Compiling '/home/yadhu/ur3e/src/install/moveit_msgs/local/lib/python3.10/dist-packages/moveit_msgs/msg/_joint_constraint.py'...\n"}
[1.749291] (moveit_msgs) StdoutLine: {'line': b"Compiling '/home/yadhu/ur3e/src/install/moveit_msgs/local/lib/python3.10/dist-packages/moveit_msgs/msg/_joint_limits.py'...\n"}
[1.749313] (moveit_msgs) StdoutLine: {'line': b"Compiling '/home/yadhu/ur3e/src/install/moveit_msgs/local/lib/python3.10/dist-packages/moveit_msgs/msg/_kinematic_solver_info.py'...\n"}
[1.749336] (moveit_msgs) StdoutLine: {'line': b"Compiling '/home/yadhu/ur3e/src/install/moveit_msgs/local/lib/python3.10/dist-packages/moveit_msgs/msg/_link_padding.py'...\n"}
[1.749358] (moveit_msgs) StdoutLine: {'line': b"Compiling '/home/yadhu/ur3e/src/install/moveit_msgs/local/lib/python3.10/dist-packages/moveit_msgs/msg/_link_scale.py'...\n"}
[1.749379] (moveit_msgs) StdoutLine: {'line': b"Compiling '/home/yadhu/ur3e/src/install/moveit_msgs/local/lib/python3.10/dist-packages/moveit_msgs/msg/_motion_plan_detailed_response.py'...\n"}
[1.749401] (moveit_msgs) StdoutLine: {'line': b"Compiling '/home/yadhu/ur3e/src/install/moveit_msgs/local/lib/python3.10/dist-packages/moveit_msgs/msg/_motion_plan_request.py'...\n"}
[1.749423] (moveit_msgs) StdoutLine: {'line': b"Compiling '/home/yadhu/ur3e/src/install/moveit_msgs/local/lib/python3.10/dist-packages/moveit_msgs/msg/_motion_plan_response.py'...\n"}
[1.749447] (moveit_msgs) StdoutLine: {'line': b"Compiling '/home/yadhu/ur3e/src/install/moveit_msgs/local/lib/python3.10/dist-packages/moveit_msgs/msg/_motion_sequence_item.py'...\n"}
[1.749468] (moveit_msgs) StdoutLine: {'line': b"Compiling '/home/yadhu/ur3e/src/install/moveit_msgs/local/lib/python3.10/dist-packages/moveit_msgs/msg/_motion_sequence_request.py'...\n"}
[1.749489] (moveit_msgs) StdoutLine: {'line': b"Compiling '/home/yadhu/ur3e/src/install/moveit_msgs/local/lib/python3.10/dist-packages/moveit_msgs/msg/_motion_sequence_response.py'...\n"}
[1.749512] (moveit_msgs) StdoutLine: {'line': b"Compiling '/home/yadhu/ur3e/src/install/moveit_msgs/local/lib/python3.10/dist-packages/moveit_msgs/msg/_move_it_error_codes.py'...\n"}
[1.749534] (moveit_msgs) StdoutLine: {'line': b"Compiling '/home/yadhu/ur3e/src/install/moveit_msgs/local/lib/python3.10/dist-packages/moveit_msgs/msg/_object_color.py'...\n"}
[1.749557] (moveit_msgs) StdoutLine: {'line': b"Compiling '/home/yadhu/ur3e/src/install/moveit_msgs/local/lib/python3.10/dist-packages/moveit_msgs/msg/_orientation_constraint.py'...\n"}
[1.749579] (moveit_msgs) StdoutLine: {'line': b"Compiling '/home/yadhu/ur3e/src/install/moveit_msgs/local/lib/python3.10/dist-packages/moveit_msgs/msg/_oriented_bounding_box.py'...\n"}
[1.749601] (moveit_msgs) StdoutLine: {'line': b"Compiling '/home/yadhu/ur3e/src/install/moveit_msgs/local/lib/python3.10/dist-packages/moveit_msgs/msg/_place_location.py'...\n"}
[1.749622] (moveit_msgs) StdoutLine: {'line': b"Compiling '/home/yadhu/ur3e/src/install/moveit_msgs/local/lib/python3.10/dist-packages/moveit_msgs/msg/_planner_interface_description.py'...\n"}
[1.749644] (moveit_msgs) StdoutLine: {'line': b"Compiling '/home/yadhu/ur3e/src/install/moveit_msgs/local/lib/python3.10/dist-packages/moveit_msgs/msg/_planner_params.py'...\n"}
[1.749666] (moveit_msgs) StdoutLine: {'line': b"Compiling '/home/yadhu/ur3e/src/install/moveit_msgs/local/lib/python3.10/dist-packages/moveit_msgs/msg/_planning_options.py'...\n"}
[1.749690] (moveit_msgs) StdoutLine: {'line': b"Compiling '/home/yadhu/ur3e/src/install/moveit_msgs/local/lib/python3.10/dist-packages/moveit_msgs/msg/_planning_scene.py'...\n"}
[1.749712] (moveit_msgs) StdoutLine: {'line': b"Compiling '/home/yadhu/ur3e/src/install/moveit_msgs/local/lib/python3.10/dist-packages/moveit_msgs/msg/_planning_scene_components.py'...\n"}
[1.749733] (moveit_msgs) StdoutLine: {'line': b"Compiling '/home/yadhu/ur3e/src/install/moveit_msgs/local/lib/python3.10/dist-packages/moveit_msgs/msg/_planning_scene_world.py'...\n"}
[1.749755] (moveit_msgs) StdoutLine: {'line': b"Compiling '/home/yadhu/ur3e/src/install/moveit_msgs/local/lib/python3.10/dist-packages/moveit_msgs/msg/_position_constraint.py'...\n"}
[1.749786] (moveit_msgs) StdoutLine: {'line': b"Compiling '/home/yadhu/ur3e/src/install/moveit_msgs/local/lib/python3.10/dist-packages/moveit_msgs/msg/_position_ik_request.py'...\n"}
[1.749809] (moveit_msgs) StdoutLine: {'line': b"Compiling '/home/yadhu/ur3e/src/install/moveit_msgs/local/lib/python3.10/dist-packages/moveit_msgs/msg/_robot_state.py'...\n"}
[1.749831] (moveit_msgs) StdoutLine: {'line': b"Compiling '/home/yadhu/ur3e/src/install/moveit_msgs/local/lib/python3.10/dist-packages/moveit_msgs/msg/_robot_trajectory.py'...\n"}
[1.749853] (moveit_msgs) StdoutLine: {'line': b"Compiling '/home/yadhu/ur3e/src/install/moveit_msgs/local/lib/python3.10/dist-packages/moveit_msgs/msg/_trajectory_constraints.py'...\n"}
[1.749874] (moveit_msgs) StdoutLine: {'line': b"Compiling '/home/yadhu/ur3e/src/install/moveit_msgs/local/lib/python3.10/dist-packages/moveit_msgs/msg/_visibility_constraint.py'...\n"}
[1.749896] (moveit_msgs) StdoutLine: {'line': b"Compiling '/home/yadhu/ur3e/src/install/moveit_msgs/local/lib/python3.10/dist-packages/moveit_msgs/msg/_workspace_parameters.py'...\n"}
[1.749918] (moveit_msgs) StdoutLine: {'line': b"Listing '/home/yadhu/ur3e/src/install/moveit_msgs/local/lib/python3.10/dist-packages/moveit_msgs/srv'...\n"}
[1.749939] (moveit_msgs) StdoutLine: {'line': b"Compiling '/home/yadhu/ur3e/src/install/moveit_msgs/local/lib/python3.10/dist-packages/moveit_msgs/srv/__init__.py'...\n"}
[1.749962] (moveit_msgs) StdoutLine: {'line': b"Compiling '/home/yadhu/ur3e/src/install/moveit_msgs/local/lib/python3.10/dist-packages/moveit_msgs/srv/_apply_planning_scene.py'...\n"}
[1.749984] (moveit_msgs) StdoutLine: {'line': b"Compiling '/home/yadhu/ur3e/src/install/moveit_msgs/local/lib/python3.10/dist-packages/moveit_msgs/srv/_change_control_dimensions.py'...\n"}
[1.769564] (moveit_msgs) StdoutLine: {'line': b"Compiling '/home/yadhu/ur3e/src/install/moveit_msgs/local/lib/python3.10/dist-packages/moveit_msgs/srv/_change_drift_dimensions.py'...\n"}
[1.769673] (moveit_msgs) StdoutLine: {'line': b"Compiling '/home/yadhu/ur3e/src/install/moveit_msgs/local/lib/python3.10/dist-packages/moveit_msgs/srv/_check_if_robot_state_exists_in_warehouse.py'...\n"}
[1.769707] (moveit_msgs) StdoutLine: {'line': b"Compiling '/home/yadhu/ur3e/src/install/moveit_msgs/local/lib/python3.10/dist-packages/moveit_msgs/srv/_delete_robot_state_from_warehouse.py'...\n"}
[1.769733] (moveit_msgs) StdoutLine: {'line': b"Compiling '/home/yadhu/ur3e/src/install/moveit_msgs/local/lib/python3.10/dist-packages/moveit_msgs/srv/_get_cartesian_path.py'...\n"}
[1.769763] (moveit_msgs) StdoutLine: {'line': b"Compiling '/home/yadhu/ur3e/src/install/moveit_msgs/local/lib/python3.10/dist-packages/moveit_msgs/srv/_get_motion_plan.py'...\n"}
[1.769797] (moveit_msgs) StdoutLine: {'line': b"Compiling '/home/yadhu/ur3e/src/install/moveit_msgs/local/lib/python3.10/dist-packages/moveit_msgs/srv/_get_motion_sequence.py'...\n"}
[1.769823] (moveit_msgs) StdoutLine: {'line': b"Compiling '/home/yadhu/ur3e/src/install/moveit_msgs/local/lib/python3.10/dist-packages/moveit_msgs/srv/_get_planner_params.py'...\n"}
[1.769846] (moveit_msgs) StdoutLine: {'line': b"Compiling '/home/yadhu/ur3e/src/install/moveit_msgs/local/lib/python3.10/dist-packages/moveit_msgs/srv/_get_planning_scene.py'...\n"}
[1.769870] (moveit_msgs) StdoutLine: {'line': b"Compiling '/home/yadhu/ur3e/src/install/moveit_msgs/local/lib/python3.10/dist-packages/moveit_msgs/srv/_get_position_fk.py'...\n"}
[1.769893] (moveit_msgs) StdoutLine: {'line': b"Compiling '/home/yadhu/ur3e/src/install/moveit_msgs/local/lib/python3.10/dist-packages/moveit_msgs/srv/_get_position_ik.py'...\n"}
[1.769917] (moveit_msgs) StdoutLine: {'line': b"Compiling '/home/yadhu/ur3e/src/install/moveit_msgs/local/lib/python3.10/dist-packages/moveit_msgs/srv/_get_robot_state_from_warehouse.py'...\n"}
[1.769939] (moveit_msgs) StdoutLine: {'line': b"Compiling '/home/yadhu/ur3e/src/install/moveit_msgs/local/lib/python3.10/dist-packages/moveit_msgs/srv/_get_state_validity.py'...\n"}
[1.769962] (moveit_msgs) StdoutLine: {'line': b"Compiling '/home/yadhu/ur3e/src/install/moveit_msgs/local/lib/python3.10/dist-packages/moveit_msgs/srv/_grasp_planning.py'...\n"}
[1.769985] (moveit_msgs) StdoutLine: {'line': b"Compiling '/home/yadhu/ur3e/src/install/moveit_msgs/local/lib/python3.10/dist-packages/moveit_msgs/srv/_list_robot_states_in_warehouse.py'...\n"}
[1.770009] (moveit_msgs) StdoutLine: {'line': b"Compiling '/home/yadhu/ur3e/src/install/moveit_msgs/local/lib/python3.10/dist-packages/moveit_msgs/srv/_load_map.py'...\n"}
[1.770033] (moveit_msgs) StdoutLine: {'line': b"Compiling '/home/yadhu/ur3e/src/install/moveit_msgs/local/lib/python3.10/dist-packages/moveit_msgs/srv/_query_planner_interfaces.py'...\n"}
[1.770055] (moveit_msgs) StdoutLine: {'line': b"Compiling '/home/yadhu/ur3e/src/install/moveit_msgs/local/lib/python3.10/dist-packages/moveit_msgs/srv/_rename_robot_state_in_warehouse.py'...\n"}
[1.770082] (moveit_msgs) StdoutLine: {'line': b"Compiling '/home/yadhu/ur3e/src/install/moveit_msgs/local/lib/python3.10/dist-packages/moveit_msgs/srv/_save_map.py'...\n"}
[1.770106] (moveit_msgs) StdoutLine: {'line': b"Compiling '/home/yadhu/ur3e/src/install/moveit_msgs/local/lib/python3.10/dist-packages/moveit_msgs/srv/_save_robot_state_to_warehouse.py'...\n"}
[1.770130] (moveit_msgs) StdoutLine: {'line': b"Compiling '/home/yadhu/ur3e/src/install/moveit_msgs/local/lib/python3.10/dist-packages/moveit_msgs/srv/_set_planner_params.py'...\n"}
[1.770154] (moveit_msgs) StdoutLine: {'line': b"Compiling '/home/yadhu/ur3e/src/install/moveit_msgs/local/lib/python3.10/dist-packages/moveit_msgs/srv/_update_pointcloud_octomap.py'...\n"}
[1.772555] (moveit_msgs) StdoutLine: {'line': b'-- Installing: /home/yadhu/ur3e/src/install/moveit_msgs/local/lib/python3.10/dist-packages/moveit_msgs/moveit_msgs_s__rosidl_typesupport_fastrtps_c.cpython-310-x86_64-linux-gnu.so\n'}
[1.772974] (moveit_msgs) StdoutLine: {'line': b'-- Set runtime path of "/home/yadhu/ur3e/src/install/moveit_msgs/local/lib/python3.10/dist-packages/moveit_msgs/moveit_msgs_s__rosidl_typesupport_fastrtps_c.cpython-310-x86_64-linux-gnu.so" to ""\n'}
[1.773123] (moveit_msgs) StdoutLine: {'line': b'-- Installing: /home/yadhu/ur3e/src/install/moveit_msgs/local/lib/python3.10/dist-packages/moveit_msgs/moveit_msgs_s__rosidl_typesupport_introspection_c.cpython-310-x86_64-linux-gnu.so\n'}
[1.773615] (moveit_msgs) StdoutLine: {'line': b'-- Set runtime path of "/home/yadhu/ur3e/src/install/moveit_msgs/local/lib/python3.10/dist-packages/moveit_msgs/moveit_msgs_s__rosidl_typesupport_introspection_c.cpython-310-x86_64-linux-gnu.so" to ""\n'}
[1.773675] (moveit_msgs) StdoutLine: {'line': b'-- Installing: /home/yadhu/ur3e/src/install/moveit_msgs/local/lib/python3.10/dist-packages/moveit_msgs/moveit_msgs_s__rosidl_typesupport_c.cpython-310-x86_64-linux-gnu.so\n'}
[1.774140] (moveit_msgs) StdoutLine: {'line': b'-- Set runtime path of "/home/yadhu/ur3e/src/install/moveit_msgs/local/lib/python3.10/dist-packages/moveit_msgs/moveit_msgs_s__rosidl_typesupport_c.cpython-310-x86_64-linux-gnu.so" to ""\n'}
[1.774191] (moveit_msgs) StdoutLine: {'line': b'-- Installing: /home/yadhu/ur3e/src/install/moveit_msgs/lib/libmoveit_msgs__rosidl_generator_py.so\n'}
[1.774837] (moveit_msgs) StdoutLine: {'line': b'-- Set runtime path of "/home/yadhu/ur3e/src/install/moveit_msgs/lib/libmoveit_msgs__rosidl_generator_py.so" to ""\n'}
[1.774901] (moveit_msgs) StdoutLine: {'line': b'-- Installing: /home/yadhu/ur3e/src/install/moveit_msgs/share/moveit_msgs/msg/AllowedCollisionEntry.idl\n'}
[1.774966] (moveit_msgs) StdoutLine: {'line': b'-- Installing: /home/yadhu/ur3e/src/install/moveit_msgs/share/moveit_msgs/msg/AllowedCollisionMatrix.idl\n'}
[1.775107] (moveit_msgs) StdoutLine: {'line': b'-- Installing: /home/yadhu/ur3e/src/install/moveit_msgs/share/moveit_msgs/msg/AttachedCollisionObject.idl\n'}
[1.775248] (moveit_msgs) StdoutLine: {'line': b'-- Installing: /home/yadhu/ur3e/src/install/moveit_msgs/share/moveit_msgs/msg/BoundingVolume.idl\n'}
[1.775347] (moveit_msgs) StdoutLine: {'line': b'-- Installing: /home/yadhu/ur3e/src/install/moveit_msgs/share/moveit_msgs/msg/CartesianPoint.idl\n'}
[1.775442] (moveit_msgs) StdoutLine: {'line': b'-- Installing: /home/yadhu/ur3e/src/install/moveit_msgs/share/moveit_msgs/msg/CartesianTrajectory.idl\n'}
[1.775533] (moveit_msgs) StdoutLine: {'line': b'-- Installing: /home/yadhu/ur3e/src/install/moveit_msgs/share/moveit_msgs/msg/CartesianTrajectoryPoint.idl\n'}
[1.775668] (moveit_msgs) StdoutLine: {'line': b'-- Installing: /home/yadhu/ur3e/src/install/moveit_msgs/share/moveit_msgs/msg/CollisionObject.idl\n'}
[1.775773] (moveit_msgs) StdoutLine: {'line': b'-- Installing: /home/yadhu/ur3e/src/install/moveit_msgs/share/moveit_msgs/msg/ConstraintEvalResult.idl\n'}
[1.775889] (moveit_msgs) StdoutLine: {'line': b'-- Installing: /home/yadhu/ur3e/src/install/moveit_msgs/share/moveit_msgs/msg/Constraints.idl\n'}
[1.775966] (moveit_msgs) StdoutLine: {'line': b'-- Installing: /home/yadhu/ur3e/src/install/moveit_msgs/share/moveit_msgs/msg/CostSource.idl\n'}
[1.776101] (moveit_msgs) StdoutLine: {'line': b'-- Installing: /home/yadhu/ur3e/src/install/moveit_msgs/share/moveit_msgs/msg/ContactInformation.idl\n'}
[1.776201] (moveit_msgs) StdoutLine: {'line': b'-- Installing: /home/yadhu/ur3e/src/install/moveit_msgs/share/moveit_msgs/msg/DisplayTrajectory.idl\n'}
[1.776292] (moveit_msgs) StdoutLine: {'line': b'-- Installing: /home/yadhu/ur3e/src/install/moveit_msgs/share/moveit_msgs/msg/DisplayRobotState.idl\n'}
[1.776382] (moveit_msgs) StdoutLine: {'line': b'-- Installing: /home/yadhu/ur3e/src/install/moveit_msgs/share/moveit_msgs/msg/GenericTrajectory.idl\n'}
[1.776521] (moveit_msgs) StdoutLine: {'line': b'-- Installing: /home/yadhu/ur3e/src/install/moveit_msgs/share/moveit_msgs/msg/Grasp.idl\n'}
[1.776615] (moveit_msgs) StdoutLine: {'line': b'-- Installing: /home/yadhu/ur3e/src/install/moveit_msgs/share/moveit_msgs/msg/GripperTranslation.idl\n'}
[1.776708] (moveit_msgs) StdoutLine: {'line': b'-- Installing: /home/yadhu/ur3e/src/install/moveit_msgs/share/moveit_msgs/msg/JointConstraint.idl\n'}
[1.776808] (moveit_msgs) StdoutLine: {'line': b'-- Installing: /home/yadhu/ur3e/src/install/moveit_msgs/share/moveit_msgs/msg/JointLimits.idl\n'}
[1.776966] (moveit_msgs) StdoutLine: {'line': b'-- Installing: /home/yadhu/ur3e/src/install/moveit_msgs/share/moveit_msgs/msg/LinkPadding.idl\n'}
[1.777094] (moveit_msgs) StdoutLine: {'line': b'-- Installing: /home/yadhu/ur3e/src/install/moveit_msgs/share/moveit_msgs/msg/LinkScale.idl\n'}
[1.777155] (moveit_msgs) StdoutLine: {'line': b'-- Installing: /home/yadhu/ur3e/src/install/moveit_msgs/share/moveit_msgs/msg/MotionPlanRequest.idl\n'}
[1.777284] (moveit_msgs) StdoutLine: {'line': b'-- Installing: /home/yadhu/ur3e/src/install/moveit_msgs/share/moveit_msgs/msg/MotionPlanResponse.idl\n'}
[1.777419] (moveit_msgs) StdoutLine: {'line': b'-- Installing: /home/yadhu/ur3e/src/install/moveit_msgs/share/moveit_msgs/msg/MotionPlanDetailedResponse.idl\n'}
[1.777519] (moveit_msgs) StdoutLine: {'line': b'-- Installing: /home/yadhu/ur3e/src/install/moveit_msgs/share/moveit_msgs/msg/MotionSequenceItem.idl\n'}
[1.777615] (moveit_msgs) StdoutLine: {'line': b'-- Installing: /home/yadhu/ur3e/src/install/moveit_msgs/share/moveit_msgs/msg/MotionSequenceRequest.idl\n'}
[1.777704] (moveit_msgs) StdoutLine: {'line': b'-- Installing: /home/yadhu/ur3e/src/install/moveit_msgs/share/moveit_msgs/msg/MotionSequenceResponse.idl\n'}
[1.777850] (moveit_msgs) StdoutLine: {'line': b'-- Installing: /home/yadhu/ur3e/src/install/moveit_msgs/share/moveit_msgs/msg/MoveItErrorCodes.idl\n'}
[1.777948] (moveit_msgs) StdoutLine: {'line': b'-- Installing: /home/yadhu/ur3e/src/install/moveit_msgs/share/moveit_msgs/msg/TrajectoryConstraints.idl\n'}
[1.778045] (moveit_msgs) StdoutLine: {'line': b'-- Installing: /home/yadhu/ur3e/src/install/moveit_msgs/share/moveit_msgs/msg/ObjectColor.idl\n'}
[1.778135] (moveit_msgs) StdoutLine: {'line': b'-- Installing: /home/yadhu/ur3e/src/install/moveit_msgs/share/moveit_msgs/msg/OrientationConstraint.idl\n'}
[1.778274] (moveit_msgs) StdoutLine: {'line': b'-- Installing: /home/yadhu/ur3e/src/install/moveit_msgs/share/moveit_msgs/msg/OrientedBoundingBox.idl\n'}
[1.778372] (moveit_msgs) StdoutLine: {'line': b'-- Installing: /home/yadhu/ur3e/src/install/moveit_msgs/share/moveit_msgs/msg/PlaceLocation.idl\n'}
[1.778465] (moveit_msgs) StdoutLine: {'line': b'-- Installing: /home/yadhu/ur3e/src/install/moveit_msgs/share/moveit_msgs/msg/PlannerInterfaceDescription.idl\n'}
[1.778557] (moveit_msgs) StdoutLine: {'line': b'-- Installing: /home/yadhu/ur3e/src/install/moveit_msgs/share/moveit_msgs/msg/PlannerParams.idl\n'}
[1.778703] (moveit_msgs) StdoutLine: {'line': b'-- Installing: /home/yadhu/ur3e/src/install/moveit_msgs/share/moveit_msgs/msg/PlanningScene.idl\n'}
[1.778803] (moveit_msgs) StdoutLine: {'line': b'-- Installing: /home/yadhu/ur3e/src/install/moveit_msgs/share/moveit_msgs/msg/PlanningSceneComponents.idl\n'}
[1.778901] (moveit_msgs) StdoutLine: {'line': b'-- Installing: /home/yadhu/ur3e/src/install/moveit_msgs/share/moveit_msgs/msg/PlanningSceneWorld.idl\n'}
[1.779005] (moveit_msgs) StdoutLine: {'line': b'-- Installing: /home/yadhu/ur3e/src/install/moveit_msgs/share/moveit_msgs/msg/PlanningOptions.idl\n'}
[1.779132] (moveit_msgs) StdoutLine: {'line': b'-- Installing: /home/yadhu/ur3e/src/install/moveit_msgs/share/moveit_msgs/msg/PositionConstraint.idl\n'}
[1.779235] (moveit_msgs) StdoutLine: {'line': b'-- Installing: /home/yadhu/ur3e/src/install/moveit_msgs/share/moveit_msgs/msg/RobotState.idl\n'}
[1.779334] (moveit_msgs) StdoutLine: {'line': b'-- Installing: /home/yadhu/ur3e/src/install/moveit_msgs/share/moveit_msgs/msg/RobotTrajectory.idl\n'}
[1.779429] (moveit_msgs) StdoutLine: {'line': b'-- Installing: /home/yadhu/ur3e/src/install/moveit_msgs/share/moveit_msgs/msg/VisibilityConstraint.idl\n'}
[1.779576] (moveit_msgs) StdoutLine: {'line': b'-- Installing: /home/yadhu/ur3e/src/install/moveit_msgs/share/moveit_msgs/msg/WorkspaceParameters.idl\n'}
[1.779715] (moveit_msgs) StdoutLine: {'line': b'-- Installing: /home/yadhu/ur3e/src/install/moveit_msgs/share/moveit_msgs/msg/KinematicSolverInfo.idl\n'}
[1.779781] (moveit_msgs) StdoutLine: {'line': b'-- Installing: /home/yadhu/ur3e/src/install/moveit_msgs/share/moveit_msgs/msg/PositionIKRequest.idl\n'}
[1.779933] (moveit_msgs) StdoutLine: {'line': b'-- Installing: /home/yadhu/ur3e/src/install/moveit_msgs/share/moveit_msgs/srv/GetMotionPlan.idl\n'}
[1.780072] (moveit_msgs) StdoutLine: {'line': b'-- Installing: /home/yadhu/ur3e/src/install/moveit_msgs/share/moveit_msgs/srv/GetStateValidity.idl\n'}
[1.780170] (moveit_msgs) StdoutLine: {'line': b'-- Installing: /home/yadhu/ur3e/src/install/moveit_msgs/share/moveit_msgs/srv/GetCartesianPath.idl\n'}
[1.780261] (moveit_msgs) StdoutLine: {'line': b'-- Installing: /home/yadhu/ur3e/src/install/moveit_msgs/share/moveit_msgs/srv/GetPlanningScene.idl\n'}
[1.780349] (moveit_msgs) StdoutLine: {'line': b'-- Installing: /home/yadhu/ur3e/src/install/moveit_msgs/share/moveit_msgs/srv/GraspPlanning.idl\n'}
[1.780483] (moveit_msgs) StdoutLine: {'line': b'-- Installing: /home/yadhu/ur3e/src/install/moveit_msgs/share/moveit_msgs/srv/ApplyPlanningScene.idl\n'}
[1.780581] (moveit_msgs) StdoutLine: {'line': b'-- Installing: /home/yadhu/ur3e/src/install/moveit_msgs/share/moveit_msgs/srv/QueryPlannerInterfaces.idl\n'}
[1.780677] (moveit_msgs) StdoutLine: {'line': b'-- Installing: /home/yadhu/ur3e/src/install/moveit_msgs/share/moveit_msgs/srv/GetMotionSequence.idl\n'}
[1.780769] (moveit_msgs) StdoutLine: {'line': b'-- Installing: /home/yadhu/ur3e/src/install/moveit_msgs/share/moveit_msgs/srv/GetPositionFK.idl\n'}
[1.780912] (moveit_msgs) StdoutLine: {'line': b'-- Installing: /home/yadhu/ur3e/src/install/moveit_msgs/share/moveit_msgs/srv/GetPositionIK.idl\n'}
[1.781012] (moveit_msgs) StdoutLine: {'line': b'-- Installing: /home/yadhu/ur3e/src/install/moveit_msgs/share/moveit_msgs/srv/GetPlannerParams.idl\n'}
[1.781106] (moveit_msgs) StdoutLine: {'line': b'-- Installing: /home/yadhu/ur3e/src/install/moveit_msgs/share/moveit_msgs/srv/SetPlannerParams.idl\n'}
[1.781196] (moveit_msgs) StdoutLine: {'line': b'-- Installing: /home/yadhu/ur3e/src/install/moveit_msgs/share/moveit_msgs/srv/UpdatePointcloudOctomap.idl\n'}
[1.781342] (moveit_msgs) StdoutLine: {'line': b'-- Installing: /home/yadhu/ur3e/src/install/moveit_msgs/share/moveit_msgs/srv/SaveMap.idl\n'}
[1.781431] (moveit_msgs) StdoutLine: {'line': b'-- Installing: /home/yadhu/ur3e/src/install/moveit_msgs/share/moveit_msgs/srv/LoadMap.idl\n'}
[1.781526] (moveit_msgs) StdoutLine: {'line': b'-- Installing: /home/yadhu/ur3e/src/install/moveit_msgs/share/moveit_msgs/srv/SaveRobotStateToWarehouse.idl\n'}
[1.781616] (moveit_msgs) StdoutLine: {'line': b'-- Installing: /home/yadhu/ur3e/src/install/moveit_msgs/share/moveit_msgs/srv/ListRobotStatesInWarehouse.idl\n'}
[1.781753] (moveit_msgs) StdoutLine: {'line': b'-- Installing: /home/yadhu/ur3e/src/install/moveit_msgs/share/moveit_msgs/srv/GetRobotStateFromWarehouse.idl\n'}
[1.781860] (moveit_msgs) StdoutLine: {'line': b'-- Installing: /home/yadhu/ur3e/src/install/moveit_msgs/share/moveit_msgs/srv/CheckIfRobotStateExistsInWarehouse.idl\n'}
[1.781963] (moveit_msgs) StdoutLine: {'line': b'-- Installing: /home/yadhu/ur3e/src/install/moveit_msgs/share/moveit_msgs/srv/RenameRobotStateInWarehouse.idl\n'}
[1.782056] (moveit_msgs) StdoutLine: {'line': b'-- Installing: /home/yadhu/ur3e/src/install/moveit_msgs/share/moveit_msgs/srv/DeleteRobotStateFromWarehouse.idl\n'}
[1.782200] (moveit_msgs) StdoutLine: {'line': b'-- Installing: /home/yadhu/ur3e/src/install/moveit_msgs/share/moveit_msgs/srv/ChangeControlDimensions.idl\n'}
[1.782340] (moveit_msgs) StdoutLine: {'line': b'-- Installing: /home/yadhu/ur3e/src/install/moveit_msgs/share/moveit_msgs/srv/ChangeDriftDimensions.idl\n'}
[1.782421] (moveit_msgs) StdoutLine: {'line': b'-- Installing: /home/yadhu/ur3e/src/install/moveit_msgs/share/moveit_msgs/action/ExecuteTrajectory.idl\n'}
[1.782552] (moveit_msgs) StdoutLine: {'line': b'-- Installing: /home/yadhu/ur3e/src/install/moveit_msgs/share/moveit_msgs/action/MoveGroup.idl\n'}
[1.782691] (moveit_msgs) StdoutLine: {'line': b'-- Installing: /home/yadhu/ur3e/src/install/moveit_msgs/share/moveit_msgs/action/MoveGroupSequence.idl\n'}
[1.782798] (moveit_msgs) StdoutLine: {'line': b'-- Installing: /home/yadhu/ur3e/src/install/moveit_msgs/share/moveit_msgs/action/Pickup.idl\n'}
[1.782899] (moveit_msgs) StdoutLine: {'line': b'-- Installing: /home/yadhu/ur3e/src/install/moveit_msgs/share/moveit_msgs/action/Place.idl\n'}
[1.782993] (moveit_msgs) StdoutLine: {'line': b'-- Installing: /home/yadhu/ur3e/src/install/moveit_msgs/share/moveit_msgs/action/LocalPlanner.idl\n'}
[1.783132] (moveit_msgs) StdoutLine: {'line': b'-- Installing: /home/yadhu/ur3e/src/install/moveit_msgs/share/moveit_msgs/action/GlobalPlanner.idl\n'}
[1.783231] (moveit_msgs) StdoutLine: {'line': b'-- Installing: /home/yadhu/ur3e/src/install/moveit_msgs/share/moveit_msgs/action/HybridPlanner.idl\n'}
[1.783329] (moveit_msgs) StdoutLine: {'line': b'-- Installing: /home/yadhu/ur3e/src/install/moveit_msgs/share/moveit_msgs/msg/AllowedCollisionEntry.msg\n'}
[1.783429] (moveit_msgs) StdoutLine: {'line': b'-- Installing: /home/yadhu/ur3e/src/install/moveit_msgs/share/moveit_msgs/msg/AllowedCollisionMatrix.msg\n'}
[1.783571] (moveit_msgs) StdoutLine: {'line': b'-- Installing: /home/yadhu/ur3e/src/install/moveit_msgs/share/moveit_msgs/msg/AttachedCollisionObject.msg\n'}
[1.783673] (moveit_msgs) StdoutLine: {'line': b'-- Installing: /home/yadhu/ur3e/src/install/moveit_msgs/share/moveit_msgs/msg/BoundingVolume.msg\n'}
[1.783771] (moveit_msgs) StdoutLine: {'line': b'-- Installing: /home/yadhu/ur3e/src/install/moveit_msgs/share/moveit_msgs/msg/CartesianPoint.msg\n'}
[1.783897] (moveit_msgs) StdoutLine: {'line': b'-- Installing: /home/yadhu/ur3e/src/install/moveit_msgs/share/moveit_msgs/msg/CartesianTrajectory.msg\n'}
[1.784019] (moveit_msgs) StdoutLine: {'line': b'-- Installing: /home/yadhu/ur3e/src/install/moveit_msgs/share/moveit_msgs/msg/CartesianTrajectoryPoint.msg\n'}
[1.784117] (moveit_msgs) StdoutLine: {'line': b'-- Installing: /home/yadhu/ur3e/src/install/moveit_msgs/share/moveit_msgs/msg/CollisionObject.msg\n'}
[1.784217] (moveit_msgs) StdoutLine: {'line': b'-- Installing: /home/yadhu/ur3e/src/install/moveit_msgs/share/moveit_msgs/msg/ConstraintEvalResult.msg\n'}
[1.784311] (moveit_msgs) StdoutLine: {'line': b'-- Installing: /home/yadhu/ur3e/src/install/moveit_msgs/share/moveit_msgs/msg/Constraints.msg\n'}
[1.784451] (moveit_msgs) StdoutLine: {'line': b'-- Installing: /home/yadhu/ur3e/src/install/moveit_msgs/share/moveit_msgs/msg/CostSource.msg\n'}
[1.784554] (moveit_msgs) StdoutLine: {'line': b'-- Installing: /home/yadhu/ur3e/src/install/moveit_msgs/share/moveit_msgs/msg/ContactInformation.msg\n'}
[1.784653] (moveit_msgs) StdoutLine: {'line': b'-- Installing: /home/yadhu/ur3e/src/install/moveit_msgs/share/moveit_msgs/msg/DisplayTrajectory.msg\n'}
[1.784747] (moveit_msgs) StdoutLine: {'line': b'-- Installing: /home/yadhu/ur3e/src/install/moveit_msgs/share/moveit_msgs/msg/DisplayRobotState.msg\n'}
[1.784899] (moveit_msgs) StdoutLine: {'line': b'-- Installing: /home/yadhu/ur3e/src/install/moveit_msgs/share/moveit_msgs/msg/GenericTrajectory.msg\n'}
[1.785045] (moveit_msgs) StdoutLine: {'line': b'-- Installing: /home/yadhu/ur3e/src/install/moveit_msgs/share/moveit_msgs/msg/Grasp.msg\n'}
[1.785109] (moveit_msgs) StdoutLine: {'line': b'-- Installing: /home/yadhu/ur3e/src/install/moveit_msgs/share/moveit_msgs/msg/GripperTranslation.msg\n'}
[1.785241] (moveit_msgs) StdoutLine: {'line': b'-- Installing: /home/yadhu/ur3e/src/install/moveit_msgs/share/moveit_msgs/msg/JointConstraint.msg\n'}
[1.785382] (moveit_msgs) StdoutLine: {'line': b'-- Installing: /home/yadhu/ur3e/src/install/moveit_msgs/share/moveit_msgs/msg/JointLimits.msg\n'}
[1.785485] (moveit_msgs) StdoutLine: {'line': b'-- Installing: /home/yadhu/ur3e/src/install/moveit_msgs/share/moveit_msgs/msg/LinkPadding.msg\n'}
[1.785584] (moveit_msgs) StdoutLine: {'line': b'-- Installing: /home/yadhu/ur3e/src/install/moveit_msgs/share/moveit_msgs/msg/LinkScale.msg\n'}
[1.785675] (moveit_msgs) StdoutLine: {'line': b'-- Installing: /home/yadhu/ur3e/src/install/moveit_msgs/share/moveit_msgs/msg/MotionPlanRequest.msg\n'}
[1.785822] (moveit_msgs) StdoutLine: {'line': b'-- Installing: /home/yadhu/ur3e/src/install/moveit_msgs/share/moveit_msgs/msg/MotionPlanResponse.msg\n'}
[1.785925] (moveit_msgs) StdoutLine: {'line': b'-- Installing: /home/yadhu/ur3e/src/install/moveit_msgs/share/moveit_msgs/msg/MotionPlanDetailedResponse.msg\n'}
[1.786024] (moveit_msgs) StdoutLine: {'line': b'-- Installing: /home/yadhu/ur3e/src/install/moveit_msgs/share/moveit_msgs/msg/MotionSequenceItem.msg\n'}
[1.786123] (moveit_msgs) StdoutLine: {'line': b'-- Installing: /home/yadhu/ur3e/src/install/moveit_msgs/share/moveit_msgs/msg/MotionSequenceRequest.msg\n'}
[1.786269] (moveit_msgs) StdoutLine: {'line': b'-- Installing: /home/yadhu/ur3e/src/install/moveit_msgs/share/moveit_msgs/msg/MotionSequenceResponse.msg\n'}
[1.786373] (moveit_msgs) StdoutLine: {'line': b'-- Installing: /home/yadhu/ur3e/src/install/moveit_msgs/share/moveit_msgs/msg/MoveItErrorCodes.msg\n'}
[1.786472] (moveit_msgs) StdoutLine: {'line': b'-- Installing: /home/yadhu/ur3e/src/install/moveit_msgs/share/moveit_msgs/msg/TrajectoryConstraints.msg\n'}
[1.786572] (moveit_msgs) StdoutLine: {'line': b'-- Installing: /home/yadhu/ur3e/src/install/moveit_msgs/share/moveit_msgs/msg/ObjectColor.msg\n'}
[1.786715] (moveit_msgs) StdoutLine: {'line': b'-- Installing: /home/yadhu/ur3e/src/install/moveit_msgs/share/moveit_msgs/msg/OrientationConstraint.msg\n'}
[1.786819] (moveit_msgs) StdoutLine: {'line': b'-- Installing: /home/yadhu/ur3e/src/install/moveit_msgs/share/moveit_msgs/msg/OrientedBoundingBox.msg\n'}
[1.786918] (moveit_msgs) StdoutLine: {'line': b'-- Installing: /home/yadhu/ur3e/src/install/moveit_msgs/share/moveit_msgs/msg/PlaceLocation.msg\n'}
[1.787012] (moveit_msgs) StdoutLine: {'line': b'-- Installing: /home/yadhu/ur3e/src/install/moveit_msgs/share/moveit_msgs/msg/PlannerInterfaceDescription.msg\n'}
[1.787152] (moveit_msgs) StdoutLine: {'line': b'-- Installing: /home/yadhu/ur3e/src/install/moveit_msgs/share/moveit_msgs/msg/PlannerParams.msg\n'}
[1.787255] (moveit_msgs) StdoutLine: {'line': b'-- Installing: /home/yadhu/ur3e/src/install/moveit_msgs/share/moveit_msgs/msg/PlanningScene.msg\n'}
[1.787357] (moveit_msgs) StdoutLine: {'line': b'-- Installing: /home/yadhu/ur3e/src/install/moveit_msgs/share/moveit_msgs/msg/PlanningSceneComponents.msg\n'}
[1.787451] (moveit_msgs) StdoutLine: {'line': b'-- Installing: /home/yadhu/ur3e/src/install/moveit_msgs/share/moveit_msgs/msg/PlanningSceneWorld.msg\n'}
[1.787598] (moveit_msgs) StdoutLine: {'line': b'-- Installing: /home/yadhu/ur3e/src/install/moveit_msgs/share/moveit_msgs/msg/PlanningOptions.msg\n'}
[1.787744] (moveit_msgs) StdoutLine: {'line': b'-- Installing: /home/yadhu/ur3e/src/install/moveit_msgs/share/moveit_msgs/msg/PositionConstraint.msg\n'}
[1.787813] (moveit_msgs) StdoutLine: {'line': b'-- Installing: /home/yadhu/ur3e/src/install/moveit_msgs/share/moveit_msgs/msg/RobotState.msg\n'}
[1.787945] (moveit_msgs) StdoutLine: {'line': b'-- Installing: /home/yadhu/ur3e/src/install/moveit_msgs/share/moveit_msgs/msg/RobotTrajectory.msg\n'}
[1.788091] (moveit_msgs) StdoutLine: {'line': b'-- Installing: /home/yadhu/ur3e/src/install/moveit_msgs/share/moveit_msgs/msg/VisibilityConstraint.msg\n'}
[1.788199] (moveit_msgs) StdoutLine: {'line': b'-- Installing: /home/yadhu/ur3e/src/install/moveit_msgs/share/moveit_msgs/msg/WorkspaceParameters.msg\n'}
[1.788301] (moveit_msgs) StdoutLine: {'line': b'-- Installing: /home/yadhu/ur3e/src/install/moveit_msgs/share/moveit_msgs/msg/KinematicSolverInfo.msg\n'}
[1.788396] (moveit_msgs) StdoutLine: {'line': b'-- Installing: /home/yadhu/ur3e/src/install/moveit_msgs/share/moveit_msgs/msg/PositionIKRequest.msg\n'}
[1.788538] (moveit_msgs) StdoutLine: {'line': b'-- Installing: /home/yadhu/ur3e/src/install/moveit_msgs/share/moveit_msgs/srv/GetMotionPlan.srv\n'}
[1.788640] (moveit_msgs) StdoutLine: {'line': b'-- Installing: /home/yadhu/ur3e/src/install/moveit_msgs/share/moveit_msgs/srv/GetMotionPlan_Request.msg\n'}
[1.788738] (moveit_msgs) StdoutLine: {'line': b'-- Installing: /home/yadhu/ur3e/src/install/moveit_msgs/share/moveit_msgs/srv/GetMotionPlan_Response.msg\n'}
[1.794166] (moveit_msgs) StdoutLine: {'line': b'-- Installing: /home/yadhu/ur3e/src/install/moveit_msgs/share/moveit_msgs/srv/GetStateValidity.srv\n'}
[1.794250] (moveit_msgs) StdoutLine: {'line': b'-- Installing: /home/yadhu/ur3e/src/install/moveit_msgs/share/moveit_msgs/srv/GetStateValidity_Request.msg\n'}
[1.794463] (moveit_msgs) StdoutLine: {'line': b'-- Installing: /home/yadhu/ur3e/src/install/moveit_msgs/share/moveit_msgs/srv/GetStateValidity_Response.msg\n'}
[1.794562] (moveit_msgs) StdoutLine: {'line': b'-- Installing: /home/yadhu/ur3e/src/install/moveit_msgs/share/moveit_msgs/srv/GetCartesianPath.srv\n'}
[1.794659] (moveit_msgs) StdoutLine: {'line': b'-- Installing: /home/yadhu/ur3e/src/install/moveit_msgs/share/moveit_msgs/srv/GetCartesianPath_Request.msg\n'}
[1.794889] (moveit_msgs) StdoutLine: {'line': b'-- Installing: /home/yadhu/ur3e/src/install/moveit_msgs/share/moveit_msgs/srv/GetCartesianPath_Response.msg\n'}
[1.794993] (moveit_msgs) StdoutLine: {'line': b'-- Installing: /home/yadhu/ur3e/src/install/moveit_msgs/share/moveit_msgs/srv/GetPlanningScene.srv\n'}
[1.795090] (moveit_msgs) StdoutLine: {'line': b'-- Installing: /home/yadhu/ur3e/src/install/moveit_msgs/share/moveit_msgs/srv/GetPlanningScene_Request.msg\n'}
[1.795190] (moveit_msgs) StdoutLine: {'line': b'-- Installing: /home/yadhu/ur3e/src/install/moveit_msgs/share/moveit_msgs/srv/GetPlanningScene_Response.msg\n'}
[1.795402] (moveit_msgs) StdoutLine: {'line': b'-- Installing: /home/yadhu/ur3e/src/install/moveit_msgs/share/moveit_msgs/srv/GraspPlanning.srv\n'}
[1.795510] (moveit_msgs) StdoutLine: {'line': b'-- Installing: /home/yadhu/ur3e/src/install/moveit_msgs/share/moveit_msgs/srv/GraspPlanning_Request.msg\n'}
[1.795611] (moveit_msgs) StdoutLine: {'line': b'-- Installing: /home/yadhu/ur3e/src/install/moveit_msgs/share/moveit_msgs/srv/GraspPlanning_Response.msg\n'}
[1.795699] (moveit_msgs) StdoutLine: {'line': b'-- Installing: /home/yadhu/ur3e/src/install/moveit_msgs/share/moveit_msgs/srv/ApplyPlanningScene.srv\n'}
[1.795852] (moveit_msgs) StdoutLine: {'line': b'-- Installing: /home/yadhu/ur3e/src/install/moveit_msgs/share/moveit_msgs/srv/ApplyPlanningScene_Request.msg\n'}
[1.796073] (moveit_msgs) StdoutLine: {'line': b'-- Installing: /home/yadhu/ur3e/src/install/moveit_msgs/share/moveit_msgs/srv/ApplyPlanningScene_Response.msg\n'}
[1.796228] (moveit_msgs) StdoutLine: {'line': b'-- Installing: /home/yadhu/ur3e/src/install/moveit_msgs/share/moveit_msgs/srv/QueryPlannerInterfaces.srv\n'}
[1.796361] (moveit_msgs) StdoutLine: {'line': b'-- Installing: /home/yadhu/ur3e/src/install/moveit_msgs/share/moveit_msgs/srv/QueryPlannerInterfaces_Request.msg\n'}
[1.796549] (moveit_msgs) StdoutLine: {'line': b'-- Installing: /home/yadhu/ur3e/src/install/moveit_msgs/share/moveit_msgs/srv/QueryPlannerInterfaces_Response.msg\n'}
[1.796651] (moveit_msgs) StdoutLine: {'line': b'-- Installing: /home/yadhu/ur3e/src/install/moveit_msgs/share/moveit_msgs/srv/GetMotionSequence.srv\n'}
[1.796749] (moveit_msgs) StdoutLine: {'line': b'-- Installing: /home/yadhu/ur3e/src/install/moveit_msgs/share/moveit_msgs/srv/GetMotionSequence_Request.msg\n'}
[1.796882] (moveit_msgs) StdoutLine: {'line': b'-- Installing: /home/yadhu/ur3e/src/install/moveit_msgs/share/moveit_msgs/srv/GetMotionSequence_Response.msg\n'}
[1.797127] (moveit_msgs) StdoutLine: {'line': b'-- Installing: /home/yadhu/ur3e/src/install/moveit_msgs/share/moveit_msgs/srv/GetPositionFK.srv\n'}
[1.797241] (moveit_msgs) StdoutLine: {'line': b'-- Installing: /home/yadhu/ur3e/src/install/moveit_msgs/share/moveit_msgs/srv/GetPositionFK_Request.msg\n'}
[1.797331] (moveit_msgs) StdoutLine: {'line': b'-- Installing: /home/yadhu/ur3e/src/install/moveit_msgs/share/moveit_msgs/srv/GetPositionFK_Response.msg\n'}
[1.797433] (moveit_msgs) StdoutLine: {'line': b'-- Installing: /home/yadhu/ur3e/src/install/moveit_msgs/share/moveit_msgs/srv/GetPositionIK.srv\n'}
[1.797571] (moveit_msgs) StdoutLine: {'line': b'-- Installing: /home/yadhu/ur3e/src/install/moveit_msgs/share/moveit_msgs/srv/GetPositionIK_Request.msg\n'}
[1.797675] (moveit_msgs) StdoutLine: {'line': b'-- Installing: /home/yadhu/ur3e/src/install/moveit_msgs/share/moveit_msgs/srv/GetPositionIK_Response.msg\n'}
[1.797780] (moveit_msgs) StdoutLine: {'line': b'-- Installing: /home/yadhu/ur3e/src/install/moveit_msgs/share/moveit_msgs/srv/GetPlannerParams.srv\n'}
[1.797918] (moveit_msgs) StdoutLine: {'line': b'-- Installing: /home/yadhu/ur3e/src/install/moveit_msgs/share/moveit_msgs/srv/GetPlannerParams_Request.msg\n'}
[1.798017] (moveit_msgs) StdoutLine: {'line': b'-- Installing: /home/yadhu/ur3e/src/install/moveit_msgs/share/moveit_msgs/srv/GetPlannerParams_Response.msg\n'}
[1.798201] (moveit_msgs) StdoutLine: {'line': b'-- Installing: /home/yadhu/ur3e/src/install/moveit_msgs/share/moveit_msgs/srv/SetPlannerParams.srv\n'}
[1.798295] (moveit_msgs) StdoutLine: {'line': b'-- Installing: /home/yadhu/ur3e/src/install/moveit_msgs/share/moveit_msgs/srv/SetPlannerParams_Request.msg\n'}
[1.798392] (moveit_msgs) StdoutLine: {'line': b'-- Installing: /home/yadhu/ur3e/src/install/moveit_msgs/share/moveit_msgs/srv/SetPlannerParams_Response.msg\n'}
[1.798616] (moveit_msgs) StdoutLine: {'line': b'-- Installing: /home/yadhu/ur3e/src/install/moveit_msgs/share/moveit_msgs/srv/UpdatePointcloudOctomap.srv\n'}
[1.798758] (moveit_msgs) StdoutLine: {'line': b'-- Installing: /home/yadhu/ur3e/src/install/moveit_msgs/share/moveit_msgs/srv/UpdatePointcloudOctomap_Request.msg\n'}
[1.798910] (moveit_msgs) StdoutLine: {'line': b'-- Installing: /home/yadhu/ur3e/src/install/moveit_msgs/share/moveit_msgs/srv/UpdatePointcloudOctomap_Response.msg\n'}
[1.799125] (moveit_msgs) StdoutLine: {'line': b'-- Installing: /home/yadhu/ur3e/src/install/moveit_msgs/share/moveit_msgs/srv/SaveMap.srv\n'}
[1.799309] (moveit_msgs) StdoutLine: {'line': b'-- Installing: /home/yadhu/ur3e/src/install/moveit_msgs/share/moveit_msgs/srv/SaveMap_Request.msg\n'}
[1.799479] (moveit_msgs) StdoutLine: {'line': b'-- Installing: /home/yadhu/ur3e/src/install/moveit_msgs/share/moveit_msgs/srv/SaveMap_Response.msg\n'}
[1.799633] (moveit_msgs) StdoutLine: {'line': b'-- Installing: /home/yadhu/ur3e/src/install/moveit_msgs/share/moveit_msgs/srv/LoadMap.srv\n'}
[1.799724] (moveit_msgs) StdoutLine: {'line': b'-- Installing: /home/yadhu/ur3e/src/install/moveit_msgs/share/moveit_msgs/srv/LoadMap_Request.msg\n'}
[1.799977] (moveit_msgs) StdoutLine: {'line': b'-- Installing: /home/yadhu/ur3e/src/install/moveit_msgs/share/moveit_msgs/srv/LoadMap_Response.msg\n'}
[1.800102] (moveit_msgs) StdoutLine: {'line': b'-- Installing: /home/yadhu/ur3e/src/install/moveit_msgs/share/moveit_msgs/srv/SaveRobotStateToWarehouse.srv\n'}
[1.800204] (moveit_msgs) StdoutLine: {'line': b'-- Installing: /home/yadhu/ur3e/src/install/moveit_msgs/share/moveit_msgs/srv/SaveRobotStateToWarehouse_Request.msg\n'}
[1.800337] (moveit_msgs) StdoutLine: {'line': b'-- Installing: /home/yadhu/ur3e/src/install/moveit_msgs/share/moveit_msgs/srv/SaveRobotStateToWarehouse_Response.msg\n'}
[1.800509] (moveit_msgs) StdoutLine: {'line': b'-- Installing: /home/yadhu/ur3e/src/install/moveit_msgs/share/moveit_msgs/srv/ListRobotStatesInWarehouse.srv\n'}
[1.800615] (moveit_msgs) StdoutLine: {'line': b'-- Installing: /home/yadhu/ur3e/src/install/moveit_msgs/share/moveit_msgs/srv/ListRobotStatesInWarehouse_Request.msg\n'}
[1.800732] (moveit_msgs) StdoutLine: {'line': b'-- Installing: /home/yadhu/ur3e/src/install/moveit_msgs/share/moveit_msgs/srv/ListRobotStatesInWarehouse_Response.msg\n'}
[1.800862] (moveit_msgs) StdoutLine: {'line': b'-- Installing: /home/yadhu/ur3e/src/install/moveit_msgs/share/moveit_msgs/srv/GetRobotStateFromWarehouse.srv\n'}
[1.801018] (moveit_msgs) StdoutLine: {'line': b'-- Installing: /home/yadhu/ur3e/src/install/moveit_msgs/share/moveit_msgs/srv/GetRobotStateFromWarehouse_Request.msg\n'}
[1.801214] (moveit_msgs) StdoutLine: {'line': b'-- Installing: /home/yadhu/ur3e/src/install/moveit_msgs/share/moveit_msgs/srv/GetRobotStateFromWarehouse_Response.msg\n'}
[1.801242] (-) TimerEvent: {}
[1.801419] (moveit_msgs) StdoutLine: {'line': b'-- Installing: /home/yadhu/ur3e/src/install/moveit_msgs/share/moveit_msgs/srv/CheckIfRobotStateExistsInWarehouse.srv\n'}
[1.801597] (moveit_msgs) StdoutLine: {'line': b'-- Installing: /home/yadhu/ur3e/src/install/moveit_msgs/share/moveit_msgs/srv/CheckIfRobotStateExistsInWarehouse_Request.msg\n'}
[1.801872] (moveit_msgs) StdoutLine: {'line': b'-- Installing: /home/yadhu/ur3e/src/install/moveit_msgs/share/moveit_msgs/srv/CheckIfRobotStateExistsInWarehouse_Response.msg\n'}
[1.802087] (moveit_msgs) StdoutLine: {'line': b'-- Installing: /home/yadhu/ur3e/src/install/moveit_msgs/share/moveit_msgs/srv/RenameRobotStateInWarehouse.srv\n'}
[1.802272] (moveit_msgs) StdoutLine: {'line': b'-- Installing: /home/yadhu/ur3e/src/install/moveit_msgs/share/moveit_msgs/srv/RenameRobotStateInWarehouse_Request.msg\n'}
[1.802513] (moveit_msgs) StdoutLine: {'line': b'-- Installing: /home/yadhu/ur3e/src/install/moveit_msgs/share/moveit_msgs/srv/RenameRobotStateInWarehouse_Response.msg\n'}
[1.802751] (moveit_msgs) StdoutLine: {'line': b'-- Installing: /home/yadhu/ur3e/src/install/moveit_msgs/share/moveit_msgs/srv/DeleteRobotStateFromWarehouse.srv\n'}
[1.803009] (moveit_msgs) StdoutLine: {'line': b'-- Installing: /home/yadhu/ur3e/src/install/moveit_msgs/share/moveit_msgs/srv/DeleteRobotStateFromWarehouse_Request.msg\n'}
[1.803160] (moveit_msgs) StdoutLine: {'line': b'-- Installing: /home/yadhu/ur3e/src/install/moveit_msgs/share/moveit_msgs/srv/DeleteRobotStateFromWarehouse_Response.msg\n'}
[1.803415] (moveit_msgs) StdoutLine: {'line': b'-- Installing: /home/yadhu/ur3e/src/install/moveit_msgs/share/moveit_msgs/srv/ChangeControlDimensions.srv\n'}
[1.803603] (moveit_msgs) StdoutLine: {'line': b'-- Installing: /home/yadhu/ur3e/src/install/moveit_msgs/share/moveit_msgs/srv/ChangeControlDimensions_Request.msg\n'}
[1.803718] (moveit_msgs) StdoutLine: {'line': b'-- Installing: /home/yadhu/ur3e/src/install/moveit_msgs/share/moveit_msgs/srv/ChangeControlDimensions_Response.msg\n'}
[1.803860] (moveit_msgs) StdoutLine: {'line': b'-- Installing: /home/yadhu/ur3e/src/install/moveit_msgs/share/moveit_msgs/srv/ChangeDriftDimensions.srv\n'}
[1.803970] (moveit_msgs) StdoutLine: {'line': b'-- Installing: /home/yadhu/ur3e/src/install/moveit_msgs/share/moveit_msgs/srv/ChangeDriftDimensions_Request.msg\n'}
[1.804120] (moveit_msgs) StdoutLine: {'line': b'-- Installing: /home/yadhu/ur3e/src/install/moveit_msgs/share/moveit_msgs/srv/ChangeDriftDimensions_Response.msg\n'}
[1.804284] (moveit_msgs) StdoutLine: {'line': b'-- Installing: /home/yadhu/ur3e/src/install/moveit_msgs/share/moveit_msgs/action/ExecuteTrajectory.action\n'}
[1.804418] (moveit_msgs) StdoutLine: {'line': b'-- Installing: /home/yadhu/ur3e/src/install/moveit_msgs/share/moveit_msgs/action/MoveGroup.action\n'}
[1.804555] (moveit_msgs) StdoutLine: {'line': b'-- Installing: /home/yadhu/ur3e/src/install/moveit_msgs/share/moveit_msgs/action/MoveGroupSequence.action\n'}
[1.804736] (moveit_msgs) StdoutLine: {'line': b'-- Installing: /home/yadhu/ur3e/src/install/moveit_msgs/share/moveit_msgs/action/Pickup.action\n'}
[1.804900] (moveit_msgs) StdoutLine: {'line': b'-- Installing: /home/yadhu/ur3e/src/install/moveit_msgs/share/moveit_msgs/action/Place.action\n'}
[1.805067] (moveit_msgs) StdoutLine: {'line': b'-- Installing: /home/yadhu/ur3e/src/install/moveit_msgs/share/moveit_msgs/action/LocalPlanner.action\n'}
[1.805180] (moveit_msgs) StdoutLine: {'line': b'-- Installing: /home/yadhu/ur3e/src/install/moveit_msgs/share/moveit_msgs/action/GlobalPlanner.action\n'}
[1.805369] (moveit_msgs) StdoutLine: {'line': b'-- Installing: /home/yadhu/ur3e/src/install/moveit_msgs/share/moveit_msgs/action/HybridPlanner.action\n'}
[1.805577] (moveit_msgs) StdoutLine: {'line': b'-- Installing: /home/yadhu/ur3e/src/install/moveit_msgs/share/ament_index/resource_index/package_run_dependencies/moveit_msgs\n'}
[1.805745] (moveit_msgs) StdoutLine: {'line': b'-- Installing: /home/yadhu/ur3e/src/install/moveit_msgs/share/ament_index/resource_index/parent_prefix_path/moveit_msgs\n'}
[1.806020] (moveit_msgs) StdoutLine: {'line': b'-- Installing: /home/yadhu/ur3e/src/install/moveit_msgs/share/moveit_msgs/environment/ament_prefix_path.sh\n'}
[1.806275] (moveit_msgs) StdoutLine: {'line': b'-- Installing: /home/yadhu/ur3e/src/install/moveit_msgs/share/moveit_msgs/environment/ament_prefix_path.dsv\n'}
[1.806639] (moveit_msgs) StdoutLine: {'line': b'-- Installing: /home/yadhu/ur3e/src/install/moveit_msgs/share/moveit_msgs/environment/path.sh\n'}
[1.806758] (moveit_msgs) StdoutLine: {'line': b'-- Installing: /home/yadhu/ur3e/src/install/moveit_msgs/share/moveit_msgs/environment/path.dsv\n'}
[1.807122] (moveit_msgs) StdoutLine: {'line': b'-- Installing: /home/yadhu/ur3e/src/install/moveit_msgs/share/moveit_msgs/local_setup.bash\n'}
[1.807344] (moveit_msgs) StdoutLine: {'line': b'-- Installing: /home/yadhu/ur3e/src/install/moveit_msgs/share/moveit_msgs/local_setup.sh\n'}
[1.807558] (moveit_msgs) StdoutLine: {'line': b'-- Installing: /home/yadhu/ur3e/src/install/moveit_msgs/share/moveit_msgs/local_setup.zsh\n'}
[1.807675] (moveit_msgs) StdoutLine: {'line': b'-- Installing: /home/yadhu/ur3e/src/install/moveit_msgs/share/moveit_msgs/local_setup.dsv\n'}
[1.807854] (moveit_msgs) StdoutLine: {'line': b'-- Installing: /home/yadhu/ur3e/src/install/moveit_msgs/share/moveit_msgs/package.dsv\n'}
[1.808127] (moveit_msgs) StdoutLine: {'line': b'-- Installing: /home/yadhu/ur3e/src/install/moveit_msgs/share/ament_index/resource_index/packages/moveit_msgs\n'}
[1.808347] (moveit_msgs) StdoutLine: {'line': b'-- Installing: /home/yadhu/ur3e/src/install/moveit_msgs/share/moveit_msgs/cmake/export_moveit_msgs__rosidl_generator_cExport.cmake\n'}
[1.808521] (moveit_msgs) StdoutLine: {'line': b'-- Installing: /home/yadhu/ur3e/src/install/moveit_msgs/share/moveit_msgs/cmake/export_moveit_msgs__rosidl_generator_cExport-noconfig.cmake\n'}
[1.808621] (moveit_msgs) StdoutLine: {'line': b'-- Installing: /home/yadhu/ur3e/src/install/moveit_msgs/share/moveit_msgs/cmake/export_moveit_msgs__rosidl_typesupport_fastrtps_cExport.cmake\n'}
[1.808786] (moveit_msgs) StdoutLine: {'line': b'-- Installing: /home/yadhu/ur3e/src/install/moveit_msgs/share/moveit_msgs/cmake/export_moveit_msgs__rosidl_typesupport_fastrtps_cExport-noconfig.cmake\n'}
[1.808914] (moveit_msgs) StdoutLine: {'line': b'-- Installing: /home/yadhu/ur3e/src/install/moveit_msgs/share/moveit_msgs/cmake/moveit_msgs__rosidl_typesupport_introspection_cExport.cmake\n'}
[1.809020] (moveit_msgs) StdoutLine: {'line': b'-- Installing: /home/yadhu/ur3e/src/install/moveit_msgs/share/moveit_msgs/cmake/moveit_msgs__rosidl_typesupport_introspection_cExport-noconfig.cmake\n'}
[1.809146] (moveit_msgs) StdoutLine: {'line': b'-- Installing: /home/yadhu/ur3e/src/install/moveit_msgs/share/moveit_msgs/cmake/moveit_msgs__rosidl_typesupport_cExport.cmake\n'}
[1.809287] (moveit_msgs) StdoutLine: {'line': b'-- Installing: /home/yadhu/ur3e/src/install/moveit_msgs/share/moveit_msgs/cmake/moveit_msgs__rosidl_typesupport_cExport-noconfig.cmake\n'}
[1.809396] (moveit_msgs) StdoutLine: {'line': b'-- Installing: /home/yadhu/ur3e/src/install/moveit_msgs/share/moveit_msgs/cmake/export_moveit_msgs__rosidl_generator_cppExport.cmake\n'}
[1.809519] (moveit_msgs) StdoutLine: {'line': b'-- Installing: /home/yadhu/ur3e/src/install/moveit_msgs/share/moveit_msgs/cmake/export_moveit_msgs__rosidl_typesupport_fastrtps_cppExport.cmake\n'}
[1.810851] (moveit_msgs) StdoutLine: {'line': b'-- Installing: /home/yadhu/ur3e/src/install/moveit_msgs/share/moveit_msgs/cmake/export_moveit_msgs__rosidl_typesupport_fastrtps_cppExport-noconfig.cmake\n'}
[1.810920] (moveit_msgs) StdoutLine: {'line': b'-- Installing: /home/yadhu/ur3e/src/install/moveit_msgs/share/moveit_msgs/cmake/moveit_msgs__rosidl_typesupport_introspection_cppExport.cmake\n'}
[1.810961] (moveit_msgs) StdoutLine: {'line': b'-- Installing: /home/yadhu/ur3e/src/install/moveit_msgs/share/moveit_msgs/cmake/moveit_msgs__rosidl_typesupport_introspection_cppExport-noconfig.cmake\n'}
[1.810999] (moveit_msgs) StdoutLine: {'line': b'-- Installing: /home/yadhu/ur3e/src/install/moveit_msgs/share/moveit_msgs/cmake/moveit_msgs__rosidl_typesupport_cppExport.cmake\n'}
[1.811037] (moveit_msgs) StdoutLine: {'line': b'-- Installing: /home/yadhu/ur3e/src/install/moveit_msgs/share/moveit_msgs/cmake/moveit_msgs__rosidl_typesupport_cppExport-noconfig.cmake\n'}
[1.811074] (moveit_msgs) StdoutLine: {'line': b'-- Installing: /home/yadhu/ur3e/src/install/moveit_msgs/share/moveit_msgs/cmake/export_moveit_msgs__rosidl_generator_pyExport.cmake\n'}
[1.811393] (moveit_msgs) StdoutLine: {'line': b'-- Installing: /home/yadhu/ur3e/src/install/moveit_msgs/share/moveit_msgs/cmake/export_moveit_msgs__rosidl_generator_pyExport-noconfig.cmake\n'}
[1.811439] (moveit_msgs) StdoutLine: {'line': b'-- Installing: /home/yadhu/ur3e/src/install/moveit_msgs/share/moveit_msgs/cmake/rosidl_cmake-extras.cmake\n'}
[1.811479] (moveit_msgs) StdoutLine: {'line': b'-- Installing: /home/yadhu/ur3e/src/install/moveit_msgs/share/moveit_msgs/cmake/ament_cmake_export_dependencies-extras.cmake\n'}
[1.811614] (moveit_msgs) StdoutLine: {'line': b'-- Installing: /home/yadhu/ur3e/src/install/moveit_msgs/share/moveit_msgs/cmake/ament_cmake_export_include_directories-extras.cmake\n'}
[1.811974] (moveit_msgs) StdoutLine: {'line': b'-- Installing: /home/yadhu/ur3e/src/install/moveit_msgs/share/moveit_msgs/cmake/ament_cmake_export_libraries-extras.cmake\n'}
[1.812046] (moveit_msgs) StdoutLine: {'line': b'-- Installing: /home/yadhu/ur3e/src/install/moveit_msgs/share/moveit_msgs/cmake/ament_cmake_export_targets-extras.cmake\n'}
[1.812092] (moveit_msgs) StdoutLine: {'line': b'-- Installing: /home/yadhu/ur3e/src/install/moveit_msgs/share/moveit_msgs/cmake/rosidl_cmake_export_typesupport_targets-extras.cmake\n'}
[1.812185] (moveit_msgs) StdoutLine: {'line': b'-- Installing: /home/yadhu/ur3e/src/install/moveit_msgs/share/moveit_msgs/cmake/rosidl_cmake_export_typesupport_libraries-extras.cmake\n'}
[1.812369] (moveit_msgs) StdoutLine: {'line': b'-- Installing: /home/yadhu/ur3e/src/install/moveit_msgs/share/moveit_msgs/cmake/moveit_msgsConfig.cmake\n'}
[1.812456] (moveit_msgs) StdoutLine: {'line': b'-- Installing: /home/yadhu/ur3e/src/install/moveit_msgs/share/moveit_msgs/cmake/moveit_msgsConfig-version.cmake\n'}
[1.812584] (moveit_msgs) StdoutLine: {'line': b'-- Installing: /home/yadhu/ur3e/src/install/moveit_msgs/share/moveit_msgs/package.xml\n'}
[1.815418] (moveit_msgs) CommandEnded: {'returncode': 0}
[1.901365] (-) TimerEvent: {}
[2.001611] (-) TimerEvent: {}
[2.101849] (-) TimerEvent: {}
[2.202069] (-) TimerEvent: {}
[2.302289] (-) TimerEvent: {}
[2.402540] (-) TimerEvent: {}
[2.502863] (-) TimerEvent: {}
[2.603082] (-) TimerEvent: {}
[2.703304] (-) TimerEvent: {}
[2.803547] (-) TimerEvent: {}
[2.849407] (moveit_msgs) JobEnded: {'identifier': 'moveit_msgs', 'rc': 0}
[2.850032] (unity_ros_msgs) JobStarted: {'identifier': 'unity_ros_msgs'}
[2.852087] (ur_robotiq) JobStarted: {'identifier': 'ur_robotiq'}
[2.854930] (unity_ros_msgs) JobProgress: {'identifier': 'unity_ros_msgs', 'progress': 'cmake'}
[2.855523] (unity_ros_msgs) JobProgress: {'identifier': 'unity_ros_msgs', 'progress': 'build'}
[2.855649] (unity_ros_msgs) Command: {'cmd': ['/usr/bin/cmake', '--build', '/home/yadhu/ur3e/src/build/unity_ros_msgs', '--', '-j16', '-l16'], 'cwd': '/home/yadhu/ur3e/src/build/unity_ros_msgs', 'env': OrderedDict([('HOSTNAME', 'yadhuk'), ('GIT_ASKPASS', '/vscode/vscode-server/bin/linux-x64/e54c774e0add60467559eb0d1e229c6452cf8447/extensions/git/dist/askpass.sh'), ('SHLVL', '2'), ('LD_LIBRARY_PATH', '/home/yadhu/ur3e/src/install/moveit_msgs/lib:/usr/lib/x86_64-linux-gnu/gazebo-11/plugins:/opt/ros/humble/opt/rviz_ogre_vendor/lib:/opt/ros/humble/lib/x86_64-linux-gnu:/opt/ros/humble/lib'), ('BROWSER', '/vscode/vscode-server/bin/linux-x64/e54c774e0add60467559eb0d1e229c6452cf8447/bin/helpers/browser.sh'), ('HOME', '/home/yadhu'), ('OLDPWD', '/home/yadhu/ur3e'), ('TERM_PROGRAM_VERSION', '1.97.2'), ('VSCODE_IPC_HOOK_CLI', '/tmp/vscode-ipc-191d809e-ad6a-48a3-8c83-2991c7349be6.sock'), ('DEBUGPY_ADAPTER_ENDPOINTS', '/home/yadhu/.vscode-server/extensions/ms-python.debugpy-2025.0.1-linux-x64/.noConfigDebugAdapterEndpoints/endpoint-00e5a96652343ffc.txt'), ('ROS_PYTHON_VERSION', '3'), ('VSCODE_GIT_ASKPASS_MAIN', '/vscode/vscode-server/bin/linux-x64/e54c774e0add60467559eb0d1e229c6452cf8447/extensions/git/dist/askpass-main.js'), ('VSCODE_GIT_ASKPASS_NODE', '/vscode/vscode-server/bin/linux-x64/e54c774e0add60467559eb0d1e229c6452cf8447/node'), ('PYDEVD_DISABLE_FILE_VALIDATION', '1'), ('BUNDLED_DEBUGPY_PATH', '/home/yadhu/.vscode-server/extensions/ms-python.debugpy-2025.0.1-linux-x64/bundled/libs/debugpy'), ('COLORTERM', 'truecolor'), ('REMOTE_CONTAINERS', 'true'), ('ROS_DISTRO', 'humble'), ('REMOTE_CONTAINERS_IPC', '/tmp/vscode-remote-containers-ipc-3b15b7cf-88ad-4a56-828c-69c61a495d31.sock'), ('_', '/usr/bin/colcon'), ('ROS_VERSION', '2'), ('TERM', 'xterm-256color'), ('ROS_LOCALHOST_ONLY', '0'), ('PATH', '/vscode/vscode-server/bin/linux-x64/e54c774e0add60467559eb0d1e229c6452cf8447/bin/remote-cli:/opt/ros/humble/bin:/usr/local/sbin:/usr/local/bin:/usr/sbin:/usr/bin:/sbin:/bin:/home/yadhu/.vscode-server/extensions/ms-python.debugpy-2025.0.1-linux-x64/bundled/scripts/noConfigScripts'), ('REMOTE_CONTAINERS_SOCKETS', '["/tmp/vscode-ssh-auth-3b15b7cf-88ad-4a56-828c-69c61a495d31.sock","/home/yadhu/.gnupg/S.gpg-agent"]'), ('DISPLAY', ':1'), ('LANG', 'C.UTF-8'), ('RMW_IMPLEMENTATION', 'rmw_cyclonedds_cpp'), ('LS_COLORS', 'rs=0:di=01;34:ln=01;36:mh=00:pi=40;33:so=01;35:do=01;35:bd=40;33;01:cd=40;33;01:or=40;31;01:mi=00:su=37;41:sg=30;43:ca=30;41:tw=30;42:ow=34;42:st=37;44:ex=01;32:*.tar=01;31:*.tgz=01;31:*.arc=01;31:*.arj=01;31:*.taz=01;31:*.lha=01;31:*.lz4=01;31:*.lzh=01;31:*.lzma=01;31:*.tlz=01;31:*.txz=01;31:*.tzo=01;31:*.t7z=01;31:*.zip=01;31:*.z=01;31:*.dz=01;31:*.gz=01;31:*.lrz=01;31:*.lz=01;31:*.lzo=01;31:*.xz=01;31:*.zst=01;31:*.tzst=01;31:*.bz2=01;31:*.bz=01;31:*.tbz=01;31:*.tbz2=01;31:*.tz=01;31:*.deb=01;31:*.rpm=01;31:*.jar=01;31:*.war=01;31:*.ear=01;31:*.sar=01;31:*.rar=01;31:*.alz=01;31:*.ace=01;31:*.zoo=01;31:*.cpio=01;31:*.7z=01;31:*.rz=01;31:*.cab=01;31:*.wim=01;31:*.swm=01;31:*.dwm=01;31:*.esd=01;31:*.jpg=01;35:*.jpeg=01;35:*.mjpg=01;35:*.mjpeg=01;35:*.gif=01;35:*.bmp=01;35:*.pbm=01;35:*.pgm=01;35:*.ppm=01;35:*.tga=01;35:*.xbm=01;35:*.xpm=01;35:*.tif=01;35:*.tiff=01;35:*.png=01;35:*.svg=01;35:*.svgz=01;35:*.mng=01;35:*.pcx=01;35:*.mov=01;35:*.mpg=01;35:*.mpeg=01;35:*.m2v=01;35:*.mkv=01;35:*.webm=01;35:*.webp=01;35:*.ogm=01;35:*.mp4=01;35:*.m4v=01;35:*.mp4v=01;35:*.vob=01;35:*.qt=01;35:*.nuv=01;35:*.wmv=01;35:*.asf=01;35:*.rm=01;35:*.rmvb=01;35:*.flc=01;35:*.avi=01;35:*.fli=01;35:*.flv=01;35:*.gl=01;35:*.dl=01;35:*.xcf=01;35:*.xwd=01;35:*.yuv=01;35:*.cgm=01;35:*.emf=01;35:*.ogv=01;35:*.ogx=01;35:*.aac=00;36:*.au=00;36:*.flac=00;36:*.m4a=00;36:*.mid=00;36:*.midi=00;36:*.mka=00;36:*.mp3=00;36:*.mpc=00;36:*.ogg=00;36:*.ra=00;36:*.wav=00;36:*.oga=00;36:*.opus=00;36:*.spx=00;36:*.xspf=00;36:'), ('VSCODE_GIT_IPC_HANDLE', '/tmp/vscode-git-09c052f1c4.sock'), ('TERM_PROGRAM', 'vscode'), ('SSH_AUTH_SOCK', '/tmp/vscode-ssh-auth-3b15b7cf-88ad-4a56-828c-69c61a495d31.sock'), ('ROS_DOMAIN_ID', '42'), ('AMENT_PREFIX_PATH', '/home/yadhu/ur3e/src/install/moveit_msgs:/opt/ros/humble'), ('SHELL', '/bin/bash'), ('ROS_AUTOMATIC_DISCOVERY_RANGE', 'LOCALHOST'), ('VSCODE_GIT_ASKPASS_EXTRA_ARGS', ''), ('PWD', '/home/yadhu/ur3e/src/build/unity_ros_msgs'), ('LC_ALL', 'C.UTF-8'), ('PYTHONPATH', '/home/yadhu/ur3e/src/install/moveit_msgs/local/lib/python3.10/dist-packages:/opt/ros/humble/lib/python3.10/site-packages:/opt/ros/humble/local/lib/python3.10/dist-packages'), ('COLCON', '1'), ('CMAKE_PREFIX_PATH', '/home/yadhu/ur3e/src/install/moveit_msgs:/opt/ros/humble')]), 'shell': False}
[2.857220] (ur_robotiq) JobProgress: {'identifier': 'ur_robotiq', 'progress': 'cmake'}
[2.857454] (ur_robotiq) Command: {'cmd': ['/usr/bin/cmake', '/home/yadhu/ur3e/src/ur_robotiq', '-DCMAKE_INSTALL_PREFIX=/home/yadhu/ur3e/src/install/ur_robotiq'], 'cwd': '/home/yadhu/ur3e/src/build/ur_robotiq', 'env': OrderedDict([('HOSTNAME', 'yadhuk'), ('GIT_ASKPASS', '/vscode/vscode-server/bin/linux-x64/e54c774e0add60467559eb0d1e229c6452cf8447/extensions/git/dist/askpass.sh'), ('SHLVL', '2'), ('LD_LIBRARY_PATH', '/home/yadhu/ur3e/src/install/moveit_msgs/lib:/usr/lib/x86_64-linux-gnu/gazebo-11/plugins:/opt/ros/humble/opt/rviz_ogre_vendor/lib:/opt/ros/humble/lib/x86_64-linux-gnu:/opt/ros/humble/lib'), ('BROWSER', '/vscode/vscode-server/bin/linux-x64/e54c774e0add60467559eb0d1e229c6452cf8447/bin/helpers/browser.sh'), ('HOME', '/home/yadhu'), ('OLDPWD', '/home/yadhu/ur3e'), ('TERM_PROGRAM_VERSION', '1.97.2'), ('VSCODE_IPC_HOOK_CLI', '/tmp/vscode-ipc-191d809e-ad6a-48a3-8c83-2991c7349be6.sock'), ('DEBUGPY_ADAPTER_ENDPOINTS', '/home/yadhu/.vscode-server/extensions/ms-python.debugpy-2025.0.1-linux-x64/.noConfigDebugAdapterEndpoints/endpoint-00e5a96652343ffc.txt'), ('ROS_PYTHON_VERSION', '3'), ('VSCODE_GIT_ASKPASS_MAIN', '/vscode/vscode-server/bin/linux-x64/e54c774e0add60467559eb0d1e229c6452cf8447/extensions/git/dist/askpass-main.js'), ('VSCODE_GIT_ASKPASS_NODE', '/vscode/vscode-server/bin/linux-x64/e54c774e0add60467559eb0d1e229c6452cf8447/node'), ('PYDEVD_DISABLE_FILE_VALIDATION', '1'), ('BUNDLED_DEBUGPY_PATH', '/home/yadhu/.vscode-server/extensions/ms-python.debugpy-2025.0.1-linux-x64/bundled/libs/debugpy'), ('COLORTERM', 'truecolor'), ('REMOTE_CONTAINERS', 'true'), ('ROS_DISTRO', 'humble'), ('REMOTE_CONTAINERS_IPC', '/tmp/vscode-remote-containers-ipc-3b15b7cf-88ad-4a56-828c-69c61a495d31.sock'), ('_', '/usr/bin/colcon'), ('ROS_VERSION', '2'), ('TERM', 'xterm-256color'), ('ROS_LOCALHOST_ONLY', '0'), ('PATH', '/vscode/vscode-server/bin/linux-x64/e54c774e0add60467559eb0d1e229c6452cf8447/bin/remote-cli:/opt/ros/humble/bin:/usr/local/sbin:/usr/local/bin:/usr/sbin:/usr/bin:/sbin:/bin:/home/yadhu/.vscode-server/extensions/ms-python.debugpy-2025.0.1-linux-x64/bundled/scripts/noConfigScripts'), ('REMOTE_CONTAINERS_SOCKETS', '["/tmp/vscode-ssh-auth-3b15b7cf-88ad-4a56-828c-69c61a495d31.sock","/home/yadhu/.gnupg/S.gpg-agent"]'), ('DISPLAY', ':1'), ('LANG', 'C.UTF-8'), ('RMW_IMPLEMENTATION', 'rmw_cyclonedds_cpp'), ('LS_COLORS', 'rs=0:di=01;34:ln=01;36:mh=00:pi=40;33:so=01;35:do=01;35:bd=40;33;01:cd=40;33;01:or=40;31;01:mi=00:su=37;41:sg=30;43:ca=30;41:tw=30;42:ow=34;42:st=37;44:ex=01;32:*.tar=01;31:*.tgz=01;31:*.arc=01;31:*.arj=01;31:*.taz=01;31:*.lha=01;31:*.lz4=01;31:*.lzh=01;31:*.lzma=01;31:*.tlz=01;31:*.txz=01;31:*.tzo=01;31:*.t7z=01;31:*.zip=01;31:*.z=01;31:*.dz=01;31:*.gz=01;31:*.lrz=01;31:*.lz=01;31:*.lzo=01;31:*.xz=01;31:*.zst=01;31:*.tzst=01;31:*.bz2=01;31:*.bz=01;31:*.tbz=01;31:*.tbz2=01;31:*.tz=01;31:*.deb=01;31:*.rpm=01;31:*.jar=01;31:*.war=01;31:*.ear=01;31:*.sar=01;31:*.rar=01;31:*.alz=01;31:*.ace=01;31:*.zoo=01;31:*.cpio=01;31:*.7z=01;31:*.rz=01;31:*.cab=01;31:*.wim=01;31:*.swm=01;31:*.dwm=01;31:*.esd=01;31:*.jpg=01;35:*.jpeg=01;35:*.mjpg=01;35:*.mjpeg=01;35:*.gif=01;35:*.bmp=01;35:*.pbm=01;35:*.pgm=01;35:*.ppm=01;35:*.tga=01;35:*.xbm=01;35:*.xpm=01;35:*.tif=01;35:*.tiff=01;35:*.png=01;35:*.svg=01;35:*.svgz=01;35:*.mng=01;35:*.pcx=01;35:*.mov=01;35:*.mpg=01;35:*.mpeg=01;35:*.m2v=01;35:*.mkv=01;35:*.webm=01;35:*.webp=01;35:*.ogm=01;35:*.mp4=01;35:*.m4v=01;35:*.mp4v=01;35:*.vob=01;35:*.qt=01;35:*.nuv=01;35:*.wmv=01;35:*.asf=01;35:*.rm=01;35:*.rmvb=01;35:*.flc=01;35:*.avi=01;35:*.fli=01;35:*.flv=01;35:*.gl=01;35:*.dl=01;35:*.xcf=01;35:*.xwd=01;35:*.yuv=01;35:*.cgm=01;35:*.emf=01;35:*.ogv=01;35:*.ogx=01;35:*.aac=00;36:*.au=00;36:*.flac=00;36:*.m4a=00;36:*.mid=00;36:*.midi=00;36:*.mka=00;36:*.mp3=00;36:*.mpc=00;36:*.ogg=00;36:*.ra=00;36:*.wav=00;36:*.oga=00;36:*.opus=00;36:*.spx=00;36:*.xspf=00;36:'), ('VSCODE_GIT_IPC_HANDLE', '/tmp/vscode-git-09c052f1c4.sock'), ('TERM_PROGRAM', 'vscode'), ('SSH_AUTH_SOCK', '/tmp/vscode-ssh-auth-3b15b7cf-88ad-4a56-828c-69c61a495d31.sock'), ('ROS_DOMAIN_ID', '42'), ('AMENT_PREFIX_PATH', '/home/yadhu/ur3e/src/install/moveit_msgs:/opt/ros/humble'), ('SHELL', '/bin/bash'), ('ROS_AUTOMATIC_DISCOVERY_RANGE', 'LOCALHOST'), ('VSCODE_GIT_ASKPASS_EXTRA_ARGS', ''), ('PWD', '/home/yadhu/ur3e/src/build/ur_robotiq'), ('LC_ALL', 'C.UTF-8'), ('PYTHONPATH', '/home/yadhu/ur3e/src/install/moveit_msgs/local/lib/python3.10/dist-packages:/opt/ros/humble/lib/python3.10/site-packages:/opt/ros/humble/local/lib/python3.10/dist-packages'), ('COLCON', '1'), ('CMAKE_PREFIX_PATH', '/home/yadhu/ur3e/src/install/moveit_msgs:/opt/ros/humble')]), 'shell': False}
[2.873922] (unity_ros_msgs) StdoutLine: {'line': b'-- Found ament_cmake: 1.3.10 (/opt/ros/humble/share/ament_cmake/cmake)\n'}
[2.892587] (ur_robotiq) StdoutLine: {'line': b'-- The C compiler identification is GNU 11.4.0\n'}
[2.903675] (-) TimerEvent: {}
[2.931248] (ur_robotiq) StdoutLine: {'line': b'-- The CXX compiler identification is GNU 11.4.0\n'}
[2.936266] (ur_robotiq) StdoutLine: {'line': b'-- Detecting C compiler ABI info\n'}
[2.957598] (unity_ros_msgs) StdoutLine: {'line': b'-- Found rosidl_default_generators: 1.2.0 (/opt/ros/humble/share/rosidl_default_generators/cmake)\n'}
[2.959028] (unity_ros_msgs) StdoutLine: {'line': b'-- Using all available rosidl_typesupport_c: rosidl_typesupport_fastrtps_c;rosidl_typesupport_introspection_c\n'}
[2.961362] (unity_ros_msgs) StdoutLine: {'line': b'-- Found rosidl_adapter: 3.1.5 (/opt/ros/humble/share/rosidl_adapter/cmake)\n'}
[2.981644] (ur_robotiq) StdoutLine: {'line': b'-- Detecting C compiler ABI info - done\n'}
[2.984999] (unity_ros_msgs) StdoutLine: {'line': b'-- Using all available rosidl_typesupport_cpp: rosidl_typesupport_fastrtps_cpp;rosidl_typesupport_introspection_cpp\n'}
[2.986199] (ur_robotiq) StdoutLine: {'line': b'-- Check for working C compiler: /usr/bin/cc - skipped\n'}
[2.986283] (ur_robotiq) StdoutLine: {'line': b'-- Detecting C compile features\n'}
[2.986480] (ur_robotiq) StdoutLine: {'line': b'-- Detecting C compile features - done\n'}
[2.988453] (ur_robotiq) StdoutLine: {'line': b'-- Detecting CXX compiler ABI info\n'}
[3.003585] (unity_ros_msgs) StdoutLine: {'line': b'-- Found builtin_interfaces: 1.2.1 (/opt/ros/humble/share/builtin_interfaces/cmake)\n'}
[3.003699] (-) TimerEvent: {}
[3.013328] (unity_ros_msgs) StdoutLine: {'line': b'-- Found geometry_msgs: 4.2.4 (/opt/ros/humble/share/geometry_msgs/cmake)\n'}
[3.035019] (unity_ros_msgs) StdoutLine: {'line': b'-- Found moveit_msgs: 2.2.1 (/home/yadhu/ur3e/src/install/moveit_msgs/share/moveit_msgs/cmake)\n'}
[3.041836] (ur_robotiq) StdoutLine: {'line': b'-- Detecting CXX compiler ABI info - done\n'}
[3.047021] (ur_robotiq) StdoutLine: {'line': b'-- Check for working CXX compiler: /usr/bin/c++ - skipped\n'}
[3.047153] (ur_robotiq) StdoutLine: {'line': b'-- Detecting CXX compile features\n'}
[3.047481] (ur_robotiq) StdoutLine: {'line': b'-- Detecting CXX compile features - done\n'}
[3.049888] (ur_robotiq) StdoutLine: {'line': b'-- Found ament_cmake: 1.3.10 (/opt/ros/humble/share/ament_cmake/cmake)\n'}
[3.103801] (-) TimerEvent: {}
[3.149550] (ur_robotiq) StdoutLine: {'line': b'-- Found Python3: /usr/bin/python3 (found version "3.10.12") found components: Interpreter \n'}
[3.203887] (-) TimerEvent: {}
[3.221607] (ur_robotiq) StdoutLine: {'line': b'-- Found rosidl_default_generators: 1.2.0 (/opt/ros/humble/share/rosidl_default_generators/cmake)\n'}
[3.224386] (ur_robotiq) StdoutLine: {'line': b'-- Using all available rosidl_typesupport_c: rosidl_typesupport_fastrtps_c;rosidl_typesupport_introspection_c\n'}
[3.230890] (ur_robotiq) StdoutLine: {'line': b'-- Found rosidl_adapter: 3.1.5 (/opt/ros/humble/share/rosidl_adapter/cmake)\n'}
[3.261495] (ur_robotiq) StdoutLine: {'line': b'-- Using all available rosidl_typesupport_cpp: rosidl_typesupport_fastrtps_cpp;rosidl_typesupport_introspection_cpp\n'}
[3.287355] (ur_robotiq) StdoutLine: {'line': b'-- Found builtin_interfaces: 1.2.1 (/opt/ros/humble/share/builtin_interfaces/cmake)\n'}
[3.296497] (ur_robotiq) StdoutLine: {'line': b'-- Found geometry_msgs: 4.2.4 (/opt/ros/humble/share/geometry_msgs/cmake)\n'}
[3.303960] (-) TimerEvent: {}
[3.313104] (ur_robotiq) StdoutLine: {'line': b'-- Found moveit_msgs: 2.2.1 (/home/yadhu/ur3e/src/install/moveit_msgs/share/moveit_msgs/cmake)\n'}
[3.388029] (unity_ros_msgs) StdoutLine: {'line': b'-- Found ament_cmake_ros: 0.10.0 (/opt/ros/humble/share/ament_cmake_ros/cmake)\n'}
[3.404083] (-) TimerEvent: {}
[3.504410] (-) TimerEvent: {}
[3.604669] (-) TimerEvent: {}
[3.645369] (unity_ros_msgs) StdoutLine: {'line': b'-- Using all available rosidl_typesupport_c: rosidl_typesupport_fastrtps_c;rosidl_typesupport_introspection_c\n'}
[3.662856] (ur_robotiq) StdoutLine: {'line': b'-- Found ament_cmake_ros: 0.10.0 (/opt/ros/humble/share/ament_cmake_ros/cmake)\n'}
[3.704795] (-) TimerEvent: {}
[3.805055] (-) TimerEvent: {}
[3.905289] (-) TimerEvent: {}
[3.928624] (ur_robotiq) StdoutLine: {'line': b'-- Using all available rosidl_typesupport_c: rosidl_typesupport_fastrtps_c;rosidl_typesupport_introspection_c\n'}
[3.992870] (unity_ros_msgs) StdoutLine: {'line': b'-- Using all available rosidl_typesupport_cpp: rosidl_typesupport_fastrtps_cpp;rosidl_typesupport_introspection_cpp\n'}
[4.005420] (-) TimerEvent: {}
[4.007439] (unity_ros_msgs) StdoutLine: {'line': b'-- Found python_cmake_module: 0.10.0 (/opt/ros/humble/share/python_cmake_module/cmake)\n'}
[4.025947] (unity_ros_msgs) StdoutLine: {'line': b'-- Using PYTHON_EXECUTABLE: /usr/bin/python3\n'}
[4.026114] (unity_ros_msgs) StdoutLine: {'line': b'-- Using PYTHON_INCLUDE_DIRS: /usr/include/python3.10\n'}
[4.026175] (unity_ros_msgs) StdoutLine: {'line': b'-- Using PYTHON_LIBRARIES: /usr/lib/x86_64-linux-gnu/libpython3.10.so\n'}
[4.084293] (unity_ros_msgs) StdoutLine: {'line': b'-- Found ament_lint_auto: 0.12.11 (/opt/ros/humble/share/ament_lint_auto/cmake)\n'}
[4.093599] (unity_ros_msgs) StdoutLine: {'line': b"-- Added test 'lint_cmake' to check CMake code style\n"}
[4.094366] (unity_ros_msgs) StdoutLine: {'line': b"-- Added test 'xmllint' to check XML markup files\n"}
[4.095300] (unity_ros_msgs) StdoutLine: {'line': b'-- Configuring done\n'}
[4.105527] (-) TimerEvent: {}
[4.131905] (unity_ros_msgs) StdoutLine: {'line': b'-- Generating done\n'}
[4.133546] (unity_ros_msgs) StdoutLine: {'line': b'-- Build files have been written to: /home/yadhu/ur3e/src/build/unity_ros_msgs\n'}
[4.152679] (unity_ros_msgs) StdoutLine: {'line': b'[  1%] \x1b[34m\x1b[1mGenerating C code for ROS interfaces\x1b[0m\n'}
[4.159380] (unity_ros_msgs) StdoutLine: {'line': b'[  3%] \x1b[34m\x1b[1mGenerating C++ code for ROS interfaces\x1b[0m\n'}
[4.164539] (unity_ros_msgs) StdoutLine: {'line': b'[  3%] Built target ament_cmake_python_copy_unity_ros_msgs\n'}
[4.205617] (-) TimerEvent: {}
[4.278419] (ur_robotiq) StdoutLine: {'line': b'-- Using all available rosidl_typesupport_cpp: rosidl_typesupport_fastrtps_cpp;rosidl_typesupport_introspection_cpp\n'}
[4.296755] (ur_robotiq) StdoutLine: {'line': b'-- Found PythonInterp: /usr/bin/python3 (found suitable version "3.10.12", minimum required is "3.6") \n'}
[4.298662] (ur_robotiq) StdoutLine: {'line': b'-- Found python_cmake_module: 0.10.0 (/opt/ros/humble/share/python_cmake_module/cmake)\n'}
[4.305695] (-) TimerEvent: {}
[4.306728] (unity_ros_msgs) StdoutLine: {'line': b'running egg_info\n'}
[4.307229] (unity_ros_msgs) StdoutLine: {'line': b'writing unity_ros_msgs.egg-info/PKG-INFO\n'}
[4.307333] (unity_ros_msgs) StdoutLine: {'line': b'writing dependency_links to unity_ros_msgs.egg-info/dependency_links.txt\n'}
[4.307465] (unity_ros_msgs) StdoutLine: {'line': b'writing top-level names to unity_ros_msgs.egg-info/top_level.txt\n'}
[4.308690] (unity_ros_msgs) StdoutLine: {'line': b"reading manifest file 'unity_ros_msgs.egg-info/SOURCES.txt'\n"}
[4.308984] (unity_ros_msgs) StdoutLine: {'line': b"writing manifest file 'unity_ros_msgs.egg-info/SOURCES.txt'\n"}
[4.321955] (ur_robotiq) StdoutLine: {'line': b'-- Found PythonLibs: /usr/lib/x86_64-linux-gnu/libpython3.10.so (found suitable version "3.10.12", minimum required is "3.5") \n'}
[4.322132] (ur_robotiq) StdoutLine: {'line': b'-- Using PYTHON_EXECUTABLE: /usr/bin/python3\n'}
[4.322201] (ur_robotiq) StdoutLine: {'line': b'-- Using PYTHON_INCLUDE_DIRS: /usr/include/python3.10\n'}
[4.322264] (ur_robotiq) StdoutLine: {'line': b'-- Using PYTHON_LIBRARIES: /usr/lib/x86_64-linux-gnu/libpython3.10.so\n'}
[4.327592] (unity_ros_msgs) StdoutLine: {'line': b'[  3%] Built target ament_cmake_python_build_unity_ros_msgs_egg\n'}
[4.337415] (ur_robotiq) StdoutLine: {'line': b'-- Found PythonExtra: .so  \n'}
[4.405814] (-) TimerEvent: {}
[4.407818] (unity_ros_msgs) StdoutLine: {'line': b'[  3%] Built target unity_ros_msgs__cpp\n'}
[4.417426] (unity_ros_msgs) StdoutLine: {'line': b'[  5%] \x1b[34m\x1b[1mGenerating C++ type support dispatch for ROS interfaces\x1b[0m\n'}
[4.417654] (unity_ros_msgs) StdoutLine: {'line': b'[  7%] \x1b[34m\x1b[1mGenerating C++ introspection for ROS interfaces\x1b[0m\n'}
[4.420341] (unity_ros_msgs) StdoutLine: {'line': b'[  9%] \x1b[34m\x1b[1mGenerating C++ type support for eProsima Fast-RTPS\x1b[0m\n'}
[4.432546] (ur_robotiq) StdoutLine: {'line': b'-- Found ament_lint_auto: 0.12.11 (/opt/ros/humble/share/ament_lint_auto/cmake)\n'}
[4.435781] (unity_ros_msgs) StdoutLine: {'line': b'\x1b[35m\x1b[1mConsolidate compiler generated dependencies of target unity_ros_msgs__rosidl_generator_c\x1b[0m\n'}
[4.444564] (unity_ros_msgs) StdoutLine: {'line': b'[ 12%] \x1b[32mBuilding C object CMakeFiles/unity_ros_msgs__rosidl_generator_c.dir/rosidl_generator_c/unity_ros_msgs/msg/detail/ur3e_trajectory__functions.c.o\x1b[0m\n'}
[4.444731] (unity_ros_msgs) StdoutLine: {'line': b'[ 12%] \x1b[32mBuilding C object CMakeFiles/unity_ros_msgs__rosidl_generator_c.dir/rosidl_generator_c/unity_ros_msgs/srv/detail/ur_mover_service__functions.c.o\x1b[0m\n'}
[4.446493] (unity_ros_msgs) StdoutLine: {'line': b'[ 14%] \x1b[32mBuilding C object CMakeFiles/unity_ros_msgs__rosidl_generator_c.dir/rosidl_generator_c/unity_ros_msgs/msg/detail/ur3e_gripper__functions.c.o\x1b[0m\n'}
[4.446646] (unity_ros_msgs) StdoutLine: {'line': b'[ 16%] \x1b[32mBuilding C object CMakeFiles/unity_ros_msgs__rosidl_generator_c.dir/rosidl_generator_c/unity_ros_msgs/msg/detail/ur3e_moveit_joints__functions.c.o\x1b[0m\n'}
[4.450533] (ur_robotiq) StdoutLine: {'line': b"-- Added test 'lint_cmake' to check CMake code style\n"}
[4.451349] (ur_robotiq) StdoutLine: {'line': b"-- Added test 'xmllint' to check XML markup files\n"}
[4.452902] (ur_robotiq) StdoutLine: {'line': b'-- Configuring done\n'}
[4.489386] (ur_robotiq) StdoutLine: {'line': b'-- Generating done\n'}
[4.491096] (ur_robotiq) StdoutLine: {'line': b'-- Build files have been written to: /home/yadhu/ur3e/src/build/ur_robotiq\n'}
[4.498945] (ur_robotiq) CommandEnded: {'returncode': 0}
[4.499332] (ur_robotiq) JobProgress: {'identifier': 'ur_robotiq', 'progress': 'build'}
[4.499497] (ur_robotiq) Command: {'cmd': ['/usr/bin/cmake', '--build', '/home/yadhu/ur3e/src/build/ur_robotiq', '--', '-j16', '-l16'], 'cwd': '/home/yadhu/ur3e/src/build/ur_robotiq', 'env': OrderedDict([('HOSTNAME', 'yadhuk'), ('GIT_ASKPASS', '/vscode/vscode-server/bin/linux-x64/e54c774e0add60467559eb0d1e229c6452cf8447/extensions/git/dist/askpass.sh'), ('SHLVL', '2'), ('LD_LIBRARY_PATH', '/home/yadhu/ur3e/src/install/moveit_msgs/lib:/usr/lib/x86_64-linux-gnu/gazebo-11/plugins:/opt/ros/humble/opt/rviz_ogre_vendor/lib:/opt/ros/humble/lib/x86_64-linux-gnu:/opt/ros/humble/lib'), ('BROWSER', '/vscode/vscode-server/bin/linux-x64/e54c774e0add60467559eb0d1e229c6452cf8447/bin/helpers/browser.sh'), ('HOME', '/home/yadhu'), ('OLDPWD', '/home/yadhu/ur3e'), ('TERM_PROGRAM_VERSION', '1.97.2'), ('VSCODE_IPC_HOOK_CLI', '/tmp/vscode-ipc-191d809e-ad6a-48a3-8c83-2991c7349be6.sock'), ('DEBUGPY_ADAPTER_ENDPOINTS', '/home/yadhu/.vscode-server/extensions/ms-python.debugpy-2025.0.1-linux-x64/.noConfigDebugAdapterEndpoints/endpoint-00e5a96652343ffc.txt'), ('ROS_PYTHON_VERSION', '3'), ('VSCODE_GIT_ASKPASS_MAIN', '/vscode/vscode-server/bin/linux-x64/e54c774e0add60467559eb0d1e229c6452cf8447/extensions/git/dist/askpass-main.js'), ('VSCODE_GIT_ASKPASS_NODE', '/vscode/vscode-server/bin/linux-x64/e54c774e0add60467559eb0d1e229c6452cf8447/node'), ('PYDEVD_DISABLE_FILE_VALIDATION', '1'), ('BUNDLED_DEBUGPY_PATH', '/home/yadhu/.vscode-server/extensions/ms-python.debugpy-2025.0.1-linux-x64/bundled/libs/debugpy'), ('COLORTERM', 'truecolor'), ('REMOTE_CONTAINERS', 'true'), ('ROS_DISTRO', 'humble'), ('REMOTE_CONTAINERS_IPC', '/tmp/vscode-remote-containers-ipc-3b15b7cf-88ad-4a56-828c-69c61a495d31.sock'), ('_', '/usr/bin/colcon'), ('ROS_VERSION', '2'), ('TERM', 'xterm-256color'), ('ROS_LOCALHOST_ONLY', '0'), ('PATH', '/vscode/vscode-server/bin/linux-x64/e54c774e0add60467559eb0d1e229c6452cf8447/bin/remote-cli:/opt/ros/humble/bin:/usr/local/sbin:/usr/local/bin:/usr/sbin:/usr/bin:/sbin:/bin:/home/yadhu/.vscode-server/extensions/ms-python.debugpy-2025.0.1-linux-x64/bundled/scripts/noConfigScripts'), ('REMOTE_CONTAINERS_SOCKETS', '["/tmp/vscode-ssh-auth-3b15b7cf-88ad-4a56-828c-69c61a495d31.sock","/home/yadhu/.gnupg/S.gpg-agent"]'), ('DISPLAY', ':1'), ('LANG', 'C.UTF-8'), ('RMW_IMPLEMENTATION', 'rmw_cyclonedds_cpp'), ('LS_COLORS', 'rs=0:di=01;34:ln=01;36:mh=00:pi=40;33:so=01;35:do=01;35:bd=40;33;01:cd=40;33;01:or=40;31;01:mi=00:su=37;41:sg=30;43:ca=30;41:tw=30;42:ow=34;42:st=37;44:ex=01;32:*.tar=01;31:*.tgz=01;31:*.arc=01;31:*.arj=01;31:*.taz=01;31:*.lha=01;31:*.lz4=01;31:*.lzh=01;31:*.lzma=01;31:*.tlz=01;31:*.txz=01;31:*.tzo=01;31:*.t7z=01;31:*.zip=01;31:*.z=01;31:*.dz=01;31:*.gz=01;31:*.lrz=01;31:*.lz=01;31:*.lzo=01;31:*.xz=01;31:*.zst=01;31:*.tzst=01;31:*.bz2=01;31:*.bz=01;31:*.tbz=01;31:*.tbz2=01;31:*.tz=01;31:*.deb=01;31:*.rpm=01;31:*.jar=01;31:*.war=01;31:*.ear=01;31:*.sar=01;31:*.rar=01;31:*.alz=01;31:*.ace=01;31:*.zoo=01;31:*.cpio=01;31:*.7z=01;31:*.rz=01;31:*.cab=01;31:*.wim=01;31:*.swm=01;31:*.dwm=01;31:*.esd=01;31:*.jpg=01;35:*.jpeg=01;35:*.mjpg=01;35:*.mjpeg=01;35:*.gif=01;35:*.bmp=01;35:*.pbm=01;35:*.pgm=01;35:*.ppm=01;35:*.tga=01;35:*.xbm=01;35:*.xpm=01;35:*.tif=01;35:*.tiff=01;35:*.png=01;35:*.svg=01;35:*.svgz=01;35:*.mng=01;35:*.pcx=01;35:*.mov=01;35:*.mpg=01;35:*.mpeg=01;35:*.m2v=01;35:*.mkv=01;35:*.webm=01;35:*.webp=01;35:*.ogm=01;35:*.mp4=01;35:*.m4v=01;35:*.mp4v=01;35:*.vob=01;35:*.qt=01;35:*.nuv=01;35:*.wmv=01;35:*.asf=01;35:*.rm=01;35:*.rmvb=01;35:*.flc=01;35:*.avi=01;35:*.fli=01;35:*.flv=01;35:*.gl=01;35:*.dl=01;35:*.xcf=01;35:*.xwd=01;35:*.yuv=01;35:*.cgm=01;35:*.emf=01;35:*.ogv=01;35:*.ogx=01;35:*.aac=00;36:*.au=00;36:*.flac=00;36:*.m4a=00;36:*.mid=00;36:*.midi=00;36:*.mka=00;36:*.mp3=00;36:*.mpc=00;36:*.ogg=00;36:*.ra=00;36:*.wav=00;36:*.oga=00;36:*.opus=00;36:*.spx=00;36:*.xspf=00;36:'), ('VSCODE_GIT_IPC_HANDLE', '/tmp/vscode-git-09c052f1c4.sock'), ('TERM_PROGRAM', 'vscode'), ('SSH_AUTH_SOCK', '/tmp/vscode-ssh-auth-3b15b7cf-88ad-4a56-828c-69c61a495d31.sock'), ('ROS_DOMAIN_ID', '42'), ('AMENT_PREFIX_PATH', '/home/yadhu/ur3e/src/install/moveit_msgs:/opt/ros/humble'), ('SHELL', '/bin/bash'), ('ROS_AUTOMATIC_DISCOVERY_RANGE', 'LOCALHOST'), ('VSCODE_GIT_ASKPASS_EXTRA_ARGS', ''), ('PWD', '/home/yadhu/ur3e/src/build/ur_robotiq'), ('LC_ALL', 'C.UTF-8'), ('PYTHONPATH', '/home/yadhu/ur3e/src/install/moveit_msgs/local/lib/python3.10/dist-packages:/opt/ros/humble/lib/python3.10/site-packages:/opt/ros/humble/local/lib/python3.10/dist-packages'), ('COLCON', '1'), ('CMAKE_PREFIX_PATH', '/home/yadhu/ur3e/src/install/moveit_msgs:/opt/ros/humble')]), 'shell': False}
[4.505886] (-) TimerEvent: {}
[4.506052] (unity_ros_msgs) StdoutLine: {'line': b'[ 18%] \x1b[32m\x1b[1mLinking C shared library libunity_ros_msgs__rosidl_generator_c.so\x1b[0m\n'}
[4.532052] (ur_robotiq) StdoutLine: {'line': b'[  1%] \x1b[34m\x1b[1mGenerating C code for ROS interfaces\x1b[0m\n'}
[4.540075] (ur_robotiq) StdoutLine: {'line': b'[  3%] \x1b[34m\x1b[1mGenerating C++ code for ROS interfaces\x1b[0m\n'}
[4.553527] (ur_robotiq) StdoutLine: {'line': b'[  3%] Built target ament_cmake_python_copy_ur_robotiq\n'}
[4.554582] (unity_ros_msgs) StdoutLine: {'line': b'[ 18%] Built target unity_ros_msgs__rosidl_generator_c\n'}
[4.563662] (unity_ros_msgs) StdoutLine: {'line': b'[ 20%] \x1b[34m\x1b[1mGenerating C type support dispatch for ROS interfaces\x1b[0m\n'}
[4.568164] (unity_ros_msgs) StdoutLine: {'line': b'[ 23%] \x1b[34m\x1b[1mGenerating C introspection for ROS interfaces\x1b[0m\n'}
[4.568372] (unity_ros_msgs) StdoutLine: {'line': b'[ 23%] \x1b[34m\x1b[1mGenerating C type support for eProsima Fast-RTPS\x1b[0m\n'}
[4.605986] (-) TimerEvent: {}
[4.706253] (-) TimerEvent: {}
[4.711370] (unity_ros_msgs) StdoutLine: {'line': b'\x1b[35m\x1b[1mConsolidate compiler generated dependencies of target unity_ros_msgs__rosidl_typesupport_introspection_cpp\x1b[0m\n'}
[4.725647] (unity_ros_msgs) StdoutLine: {'line': b'\x1b[35m\x1b[1mConsolidate compiler generated dependencies of target unity_ros_msgs__rosidl_typesupport_cpp\x1b[0m\n'}
[4.738971] (unity_ros_msgs) StdoutLine: {'line': b'[ 25%] \x1b[32mBuilding CXX object CMakeFiles/unity_ros_msgs__rosidl_typesupport_introspection_cpp.dir/rosidl_typesupport_introspection_cpp/unity_ros_msgs/msg/detail/ur3e_moveit_joints__type_support.cpp.o\x1b[0m\n'}
[4.739180] (unity_ros_msgs) StdoutLine: {'line': b'[ 27%] \x1b[32mBuilding CXX object CMakeFiles/unity_ros_msgs__rosidl_typesupport_introspection_cpp.dir/rosidl_typesupport_introspection_cpp/unity_ros_msgs/msg/detail/ur3e_gripper__type_support.cpp.o\x1b[0m\n'}
[4.742696] (unity_ros_msgs) StdoutLine: {'line': b'[ 29%] \x1b[32mBuilding CXX object CMakeFiles/unity_ros_msgs__rosidl_typesupport_introspection_cpp.dir/rosidl_typesupport_introspection_cpp/unity_ros_msgs/srv/detail/ur_mover_service__type_support.cpp.o\x1b[0m\n'}
[4.747011] (unity_ros_msgs) StdoutLine: {'line': b'[ 30%] \x1b[32mBuilding CXX object CMakeFiles/unity_ros_msgs__rosidl_typesupport_introspection_cpp.dir/rosidl_typesupport_introspection_cpp/unity_ros_msgs/msg/detail/ur3e_trajectory__type_support.cpp.o\x1b[0m\n'}
[4.752344] (unity_ros_msgs) StdoutLine: {'line': b'[ 32%] \x1b[32mBuilding CXX object CMakeFiles/unity_ros_msgs__rosidl_typesupport_cpp.dir/rosidl_typesupport_cpp/unity_ros_msgs/msg/ur3e_gripper__type_support.cpp.o\x1b[0m\n'}
[4.753773] (unity_ros_msgs) StdoutLine: {'line': b'[ 34%] \x1b[32mBuilding CXX object CMakeFiles/unity_ros_msgs__rosidl_typesupport_cpp.dir/rosidl_typesupport_cpp/unity_ros_msgs/msg/ur3e_moveit_joints__type_support.cpp.o\x1b[0m\n'}
[4.759797] (unity_ros_msgs) StdoutLine: {'line': b'[ 36%] \x1b[32mBuilding CXX object CMakeFiles/unity_ros_msgs__rosidl_typesupport_cpp.dir/rosidl_typesupport_cpp/unity_ros_msgs/msg/ur3e_trajectory__type_support.cpp.o\x1b[0m\n'}
[4.765544] (unity_ros_msgs) StdoutLine: {'line': b'[ 38%] \x1b[32mBuilding CXX object CMakeFiles/unity_ros_msgs__rosidl_typesupport_cpp.dir/rosidl_typesupport_cpp/unity_ros_msgs/srv/ur_mover_service__type_support.cpp.o\x1b[0m\n'}
[4.808847] (-) TimerEvent: {}
[4.890720] (unity_ros_msgs) StdoutLine: {'line': b'\x1b[35m\x1b[1mConsolidate compiler generated dependencies of target unity_ros_msgs__rosidl_typesupport_fastrtps_cpp\x1b[0m\n'}
[4.901954] (ur_robotiq) StdoutLine: {'line': b'running egg_info\n'}
[4.902154] (ur_robotiq) StdoutLine: {'line': b'creating ur_robotiq.egg-info\n'}
[4.902258] (ur_robotiq) StdoutLine: {'line': b'writing ur_robotiq.egg-info/PKG-INFO\n'}
[4.902352] (ur_robotiq) StdoutLine: {'line': b'writing dependency_links to ur_robotiq.egg-info/dependency_links.txt\n'}
[4.902442] (ur_robotiq) StdoutLine: {'line': b'writing top-level names to ur_robotiq.egg-info/top_level.txt\n'}
[4.902578] (ur_robotiq) StdoutLine: {'line': b"writing manifest file 'ur_robotiq.egg-info/SOURCES.txt'\n"}
[4.904984] (ur_robotiq) StdoutLine: {'line': b"reading manifest file 'ur_robotiq.egg-info/SOURCES.txt'\n"}
[4.905739] (ur_robotiq) StdoutLine: {'line': b"writing manifest file 'ur_robotiq.egg-info/SOURCES.txt'\n"}
[4.908952] (-) TimerEvent: {}
[4.914057] (unity_ros_msgs) StdoutLine: {'line': b'\x1b[35m\x1b[1mConsolidate compiler generated dependencies of target unity_ros_msgs__rosidl_typesupport_c\x1b[0m\n'}
[4.920174] (unity_ros_msgs) StdoutLine: {'line': b'[ 40%] \x1b[32mBuilding CXX object CMakeFiles/unity_ros_msgs__rosidl_typesupport_fastrtps_cpp.dir/rosidl_typesupport_fastrtps_cpp/unity_ros_msgs/msg/detail/dds_fastrtps/ur3e_gripper__type_support.cpp.o\x1b[0m\n'}
[4.939202] (unity_ros_msgs) StdoutLine: {'line': b'[ 41%] \x1b[32mBuilding CXX object CMakeFiles/unity_ros_msgs__rosidl_typesupport_fastrtps_cpp.dir/rosidl_typesupport_fastrtps_cpp/unity_ros_msgs/msg/detail/dds_fastrtps/ur3e_moveit_joints__type_support.cpp.o\x1b[0m\n'}
[4.939430] (unity_ros_msgs) StdoutLine: {'line': b'[ 45%] \x1b[32mBuilding CXX object CMakeFiles/unity_ros_msgs__rosidl_typesupport_fastrtps_cpp.dir/rosidl_typesupport_fastrtps_cpp/unity_ros_msgs/srv/detail/dds_fastrtps/ur_mover_service__type_support.cpp.o\x1b[0m\n'}
[4.939548] (unity_ros_msgs) StdoutLine: {'line': b'[ 43%] \x1b[32mBuilding CXX object CMakeFiles/unity_ros_msgs__rosidl_typesupport_fastrtps_cpp.dir/rosidl_typesupport_fastrtps_cpp/unity_ros_msgs/msg/detail/dds_fastrtps/ur3e_trajectory__type_support.cpp.o\x1b[0m\n'}
[4.943020] (ur_robotiq) StdoutLine: {'line': b'[  3%] Built target ament_cmake_python_build_ur_robotiq_egg\n'}
[4.952220] (unity_ros_msgs) StdoutLine: {'line': b'[ 47%] \x1b[32mBuilding CXX object CMakeFiles/unity_ros_msgs__rosidl_typesupport_c.dir/rosidl_typesupport_c/unity_ros_msgs/msg/ur3e_gripper__type_support.cpp.o\x1b[0m\n'}
[4.952592] (unity_ros_msgs) StdoutLine: {'line': b'[ 49%] \x1b[32mBuilding CXX object CMakeFiles/unity_ros_msgs__rosidl_typesupport_c.dir/rosidl_typesupport_c/unity_ros_msgs/msg/ur3e_moveit_joints__type_support.cpp.o\x1b[0m\n'}
[5.009058] (-) TimerEvent: {}
[5.043843] (unity_ros_msgs) StdoutLine: {'line': b'[ 50%] \x1b[32mBuilding CXX object CMakeFiles/unity_ros_msgs__rosidl_typesupport_c.dir/rosidl_typesupport_c/unity_ros_msgs/msg/ur3e_trajectory__type_support.cpp.o\x1b[0m\n'}
[5.056072] (unity_ros_msgs) StdoutLine: {'line': b'[ 52%] \x1b[32mBuilding CXX object CMakeFiles/unity_ros_msgs__rosidl_typesupport_c.dir/rosidl_typesupport_c/unity_ros_msgs/srv/ur_mover_service__type_support.cpp.o\x1b[0m\n'}
[5.109178] (-) TimerEvent: {}
[5.146837] (unity_ros_msgs) StdoutLine: {'line': b'[ 54%] \x1b[32m\x1b[1mLinking CXX shared library libunity_ros_msgs__rosidl_typesupport_c.so\x1b[0m\n'}
[5.169130] (unity_ros_msgs) StdoutLine: {'line': b'\x1b[35m\x1b[1mConsolidate compiler generated dependencies of target unity_ros_msgs__rosidl_typesupport_introspection_c\x1b[0m\n'}
[5.197799] (ur_robotiq) StdoutLine: {'line': b'[  5%] \x1b[32mBuilding C object CMakeFiles/ur_robotiq__rosidl_generator_c.dir/rosidl_generator_c/ur_robotiq/msg/detail/ur3e_moveit_joints__functions.c.o\x1b[0m\n'}
[5.198984] (ur_robotiq) StdoutLine: {'line': b'[  7%] \x1b[32mBuilding C object CMakeFiles/ur_robotiq__rosidl_generator_c.dir/rosidl_generator_c/ur_robotiq/msg/detail/ur3e_trajectory__functions.c.o\x1b[0m\n'}
[5.207908] (unity_ros_msgs) StdoutLine: {'line': b'[ 56%] \x1b[32mBuilding C object CMakeFiles/unity_ros_msgs__rosidl_typesupport_introspection_c.dir/rosidl_typesupport_introspection_c/unity_ros_msgs/msg/detail/ur3e_gripper__type_support.c.o\x1b[0m\n'}
[5.209267] (-) TimerEvent: {}
[5.214832] (ur_robotiq) StdoutLine: {'line': b'[  9%] \x1b[32mBuilding C object CMakeFiles/ur_robotiq__rosidl_generator_c.dir/rosidl_generator_c/ur_robotiq/srv/detail/ur_mover_service__functions.c.o\x1b[0m\n'}
[5.215059] (ur_robotiq) StdoutLine: {'line': b'[ 10%] \x1b[32mBuilding C object CMakeFiles/ur_robotiq__rosidl_generator_c.dir/rosidl_generator_c/ur_robotiq/msg/detail/ur3e_gripper__functions.c.o\x1b[0m\n'}
[5.260901] (unity_ros_msgs) StdoutLine: {'line': b'[ 58%] \x1b[32mBuilding C object CMakeFiles/unity_ros_msgs__rosidl_typesupport_introspection_c.dir/rosidl_typesupport_introspection_c/unity_ros_msgs/msg/detail/ur3e_moveit_joints__type_support.c.o\x1b[0m\n'}
[5.280703] (ur_robotiq) StdoutLine: {'line': b'[ 10%] Built target ur_robotiq__cpp\n'}
[5.294136] (unity_ros_msgs) StdoutLine: {'line': b'\x1b[35m\x1b[1mConsolidate compiler generated dependencies of target unity_ros_msgs__rosidl_typesupport_fastrtps_c\x1b[0m\n'}
[5.299929] (unity_ros_msgs) StdoutLine: {'line': b'[ 60%] \x1b[32mBuilding C object CMakeFiles/unity_ros_msgs__rosidl_typesupport_introspection_c.dir/rosidl_typesupport_introspection_c/unity_ros_msgs/srv/detail/ur_mover_service__type_support.c.o\x1b[0m\n'}
[5.300514] (unity_ros_msgs) StdoutLine: {'line': b'[ 61%] \x1b[32mBuilding C object CMakeFiles/unity_ros_msgs__rosidl_typesupport_introspection_c.dir/rosidl_typesupport_introspection_c/unity_ros_msgs/msg/detail/ur3e_trajectory__type_support.c.o\x1b[0m\n'}
[5.309394] (-) TimerEvent: {}
[5.313096] (ur_robotiq) StdoutLine: {'line': b'[ 14%] \x1b[34m\x1b[1mGenerating C++ type support dispatch for ROS interfaces\x1b[0m\n'}
[5.313312] (ur_robotiq) StdoutLine: {'line': b'[ 14%] \x1b[34m\x1b[1mGenerating C++ introspection for ROS interfaces\x1b[0m\n'}
[5.314669] (ur_robotiq) StdoutLine: {'line': b'[ 16%] \x1b[34m\x1b[1mGenerating C++ type support for eProsima Fast-RTPS\x1b[0m\n'}
[5.384744] (unity_ros_msgs) StdoutLine: {'line': b'[ 61%] Built target unity_ros_msgs__rosidl_typesupport_c\n'}
[5.409786] (-) TimerEvent: {}
[5.423127] (unity_ros_msgs) StdoutLine: {'line': b'[ 63%] \x1b[32mBuilding CXX object CMakeFiles/unity_ros_msgs__rosidl_typesupport_fastrtps_c.dir/rosidl_typesupport_fastrtps_c/unity_ros_msgs/msg/detail/ur3e_gripper__type_support_c.cpp.o\x1b[0m\n'}
[5.485718] (unity_ros_msgs) StdoutLine: {'line': b'[ 65%] \x1b[32mBuilding CXX object CMakeFiles/unity_ros_msgs__rosidl_typesupport_fastrtps_c.dir/rosidl_typesupport_fastrtps_c/unity_ros_msgs/msg/detail/ur3e_moveit_joints__type_support_c.cpp.o\x1b[0m\n'}
[5.510031] (-) TimerEvent: {}
[5.523220] (unity_ros_msgs) StdoutLine: {'line': b'[ 67%] \x1b[32mBuilding CXX object CMakeFiles/unity_ros_msgs__rosidl_typesupport_fastrtps_c.dir/rosidl_typesupport_fastrtps_c/unity_ros_msgs/srv/detail/ur_mover_service__type_support_c.cpp.o\x1b[0m\n'}
[5.566037] (unity_ros_msgs) StdoutLine: {'line': b'[ 69%] \x1b[32mBuilding CXX object CMakeFiles/unity_ros_msgs__rosidl_typesupport_fastrtps_c.dir/rosidl_typesupport_fastrtps_c/unity_ros_msgs/msg/detail/ur3e_trajectory__type_support_c.cpp.o\x1b[0m\n'}
[5.611041] (-) TimerEvent: {}
[5.715471] (-) TimerEvent: {}
[5.821873] (-) TimerEvent: {}
[5.842038] (ur_robotiq) StdoutLine: {'line': b'[ 18%] \x1b[32m\x1b[1mLinking C shared library libur_robotiq__rosidl_generator_c.so\x1b[0m\n'}
[5.876538] (unity_ros_msgs) StdoutLine: {'line': b'[ 70%] \x1b[32m\x1b[1mLinking C shared library libunity_ros_msgs__rosidl_typesupport_introspection_c.so\x1b[0m\n'}
[5.921984] (-) TimerEvent: {}
[5.943193] (unity_ros_msgs) StdoutLine: {'line': b'[ 72%] \x1b[32m\x1b[1mLinking CXX shared library libunity_ros_msgs__rosidl_typesupport_cpp.so\x1b[0m\n'}
[5.999402] (ur_robotiq) StdoutLine: {'line': b'[ 18%] Built target ur_robotiq__rosidl_generator_c\n'}
[6.025035] (-) TimerEvent: {}
[6.028442] (unity_ros_msgs) StdoutLine: {'line': b'[ 72%] Built target unity_ros_msgs__rosidl_typesupport_introspection_c\n'}
[6.031455] (ur_robotiq) StdoutLine: {'line': b'[ 20%] \x1b[34m\x1b[1mGenerating C introspection for ROS interfaces\x1b[0m\n'}
[6.039579] (ur_robotiq) StdoutLine: {'line': b'[ 21%] \x1b[34m\x1b[1mGenerating C type support for eProsima Fast-RTPS\x1b[0m\n'}
[6.043876] (ur_robotiq) StdoutLine: {'line': b'[ 23%] \x1b[34m\x1b[1mGenerating C type support dispatch for ROS interfaces\x1b[0m\n'}
[6.061907] (unity_ros_msgs) StdoutLine: {'line': b'[ 72%] Built target unity_ros_msgs__rosidl_typesupport_cpp\n'}
[6.127110] (-) TimerEvent: {}
[6.230935] (-) TimerEvent: {}
[6.331277] (-) TimerEvent: {}
[6.431589] (-) TimerEvent: {}
[6.446024] (ur_robotiq) StdoutLine: {'line': b'[ 25%] \x1b[32mBuilding CXX object CMakeFiles/ur_robotiq__rosidl_typesupport_cpp.dir/rosidl_typesupport_cpp/ur_robotiq/msg/ur3e_moveit_joints__type_support.cpp.o\x1b[0m\n'}
[6.457740] (ur_robotiq) StdoutLine: {'line': b'[ 27%] \x1b[32mBuilding CXX object CMakeFiles/ur_robotiq__rosidl_typesupport_cpp.dir/rosidl_typesupport_cpp/ur_robotiq/msg/ur3e_gripper__type_support.cpp.o\x1b[0m\n'}
[6.457947] (ur_robotiq) StdoutLine: {'line': b'[ 29%] \x1b[32mBuilding CXX object CMakeFiles/ur_robotiq__rosidl_typesupport_cpp.dir/rosidl_typesupport_cpp/ur_robotiq/msg/ur3e_trajectory__type_support.cpp.o\x1b[0m\n'}
[6.468724] (ur_robotiq) StdoutLine: {'line': b'[ 30%] \x1b[32mBuilding CXX object CMakeFiles/ur_robotiq__rosidl_typesupport_cpp.dir/rosidl_typesupport_cpp/ur_robotiq/srv/ur_mover_service__type_support.cpp.o\x1b[0m\n'}
[6.468957] (ur_robotiq) StdoutLine: {'line': b'[ 34%] \x1b[32mBuilding CXX object CMakeFiles/ur_robotiq__rosidl_typesupport_introspection_cpp.dir/rosidl_typesupport_introspection_cpp/ur_robotiq/msg/detail/ur3e_gripper__type_support.cpp.o\x1b[0m\n'}
[6.469078] (ur_robotiq) StdoutLine: {'line': b'[ 34%] \x1b[32mBuilding CXX object CMakeFiles/ur_robotiq__rosidl_typesupport_introspection_cpp.dir/rosidl_typesupport_introspection_cpp/ur_robotiq/msg/detail/ur3e_trajectory__type_support.cpp.o\x1b[0m\n'}
[6.469183] (ur_robotiq) StdoutLine: {'line': b'[ 36%] \x1b[32mBuilding CXX object CMakeFiles/ur_robotiq__rosidl_typesupport_introspection_cpp.dir/rosidl_typesupport_introspection_cpp/ur_robotiq/srv/detail/ur_mover_service__type_support.cpp.o\x1b[0m\n'}
[6.469853] (ur_robotiq) StdoutLine: {'line': b'[ 38%] \x1b[32mBuilding CXX object CMakeFiles/ur_robotiq__rosidl_typesupport_introspection_cpp.dir/rosidl_typesupport_introspection_cpp/ur_robotiq/msg/detail/ur3e_moveit_joints__type_support.cpp.o\x1b[0m\n'}
[6.471871] (unity_ros_msgs) StdoutLine: {'line': b'[ 74%] \x1b[32m\x1b[1mLinking CXX shared library libunity_ros_msgs__rosidl_typesupport_fastrtps_cpp.so\x1b[0m\n'}
[6.531697] (-) TimerEvent: {}
[6.589427] (unity_ros_msgs) StdoutLine: {'line': b'[ 76%] \x1b[32m\x1b[1mLinking CXX shared library libunity_ros_msgs__rosidl_typesupport_fastrtps_c.so\x1b[0m\n'}
[6.616644] (ur_robotiq) StdoutLine: {'line': b'[ 40%] \x1b[32mBuilding CXX object CMakeFiles/ur_robotiq__rosidl_typesupport_c.dir/rosidl_typesupport_c/ur_robotiq/msg/ur3e_gripper__type_support.cpp.o\x1b[0m\n'}
[6.623507] (ur_robotiq) StdoutLine: {'line': b'[ 41%] \x1b[32mBuilding CXX object CMakeFiles/ur_robotiq__rosidl_typesupport_c.dir/rosidl_typesupport_c/ur_robotiq/msg/ur3e_trajectory__type_support.cpp.o\x1b[0m\n'}
[6.630915] (ur_robotiq) StdoutLine: {'line': b'[ 43%] \x1b[32mBuilding CXX object CMakeFiles/ur_robotiq__rosidl_typesupport_c.dir/rosidl_typesupport_c/ur_robotiq/msg/ur3e_moveit_joints__type_support.cpp.o\x1b[0m\n'}
[6.631786] (-) TimerEvent: {}
[6.634039] (ur_robotiq) StdoutLine: {'line': b'[ 45%] \x1b[32mBuilding CXX object CMakeFiles/ur_robotiq__rosidl_typesupport_c.dir/rosidl_typesupport_c/ur_robotiq/srv/ur_mover_service__type_support.cpp.o\x1b[0m\n'}
[6.714631] (unity_ros_msgs) StdoutLine: {'line': b'[ 76%] Built target unity_ros_msgs__rosidl_typesupport_fastrtps_cpp\n'}
[6.727732] (ur_robotiq) StdoutLine: {'line': b'[ 47%] \x1b[32m\x1b[1mLinking CXX shared library libur_robotiq__rosidl_typesupport_c.so\x1b[0m\n'}
[6.731926] (-) TimerEvent: {}
[6.742035] (ur_robotiq) StdoutLine: {'line': b'[ 49%] \x1b[32mBuilding CXX object CMakeFiles/ur_robotiq__rosidl_typesupport_fastrtps_cpp.dir/rosidl_typesupport_fastrtps_cpp/ur_robotiq/msg/detail/dds_fastrtps/ur3e_trajectory__type_support.cpp.o\x1b[0m\n'}
[6.743378] (ur_robotiq) StdoutLine: {'line': b'[ 50%] \x1b[32mBuilding CXX object CMakeFiles/ur_robotiq__rosidl_typesupport_fastrtps_cpp.dir/rosidl_typesupport_fastrtps_cpp/ur_robotiq/msg/detail/dds_fastrtps/ur3e_gripper__type_support.cpp.o\x1b[0m\n'}
[6.747552] (ur_robotiq) StdoutLine: {'line': b'[ 52%] \x1b[32mBuilding C object CMakeFiles/ur_robotiq__rosidl_typesupport_introspection_c.dir/rosidl_typesupport_introspection_c/ur_robotiq/msg/detail/ur3e_gripper__type_support.c.o\x1b[0m\n'}
[6.748767] (ur_robotiq) StdoutLine: {'line': b'[ 54%] \x1b[32mBuilding CXX object CMakeFiles/ur_robotiq__rosidl_typesupport_fastrtps_cpp.dir/rosidl_typesupport_fastrtps_cpp/ur_robotiq/msg/detail/dds_fastrtps/ur3e_moveit_joints__type_support.cpp.o\x1b[0m\n'}
[6.749651] (ur_robotiq) StdoutLine: {'line': b'[ 56%] \x1b[32mBuilding C object CMakeFiles/ur_robotiq__rosidl_typesupport_introspection_c.dir/rosidl_typesupport_introspection_c/ur_robotiq/msg/detail/ur3e_trajectory__type_support.c.o\x1b[0m\n'}
[6.751884] (ur_robotiq) StdoutLine: {'line': b'[ 58%] \x1b[32mBuilding C object CMakeFiles/ur_robotiq__rosidl_typesupport_introspection_c.dir/rosidl_typesupport_introspection_c/ur_robotiq/msg/detail/ur3e_moveit_joints__type_support.c.o\x1b[0m\n'}
[6.810444] (unity_ros_msgs) StdoutLine: {'line': b'[ 76%] Built target unity_ros_msgs__rosidl_typesupport_fastrtps_c\n'}
[6.823861] (ur_robotiq) StdoutLine: {'line': b'[ 58%] Built target ur_robotiq__rosidl_typesupport_c\n'}
[6.832039] (-) TimerEvent: {}
[6.845346] (ur_robotiq) StdoutLine: {'line': b'[ 60%] \x1b[32mBuilding CXX object CMakeFiles/ur_robotiq__rosidl_typesupport_fastrtps_cpp.dir/rosidl_typesupport_fastrtps_cpp/ur_robotiq/srv/detail/dds_fastrtps/ur_mover_service__type_support.cpp.o\x1b[0m\n'}
[6.856091] (ur_robotiq) StdoutLine: {'line': b'[ 61%] \x1b[32mBuilding C object CMakeFiles/ur_robotiq__rosidl_typesupport_introspection_c.dir/rosidl_typesupport_introspection_c/ur_robotiq/srv/detail/ur_mover_service__type_support.c.o\x1b[0m\n'}
[6.881115] (ur_robotiq) StdoutLine: {'line': b'[ 63%] \x1b[32mBuilding CXX object CMakeFiles/ur_robotiq__rosidl_typesupport_fastrtps_c.dir/rosidl_typesupport_fastrtps_c/ur_robotiq/msg/detail/ur3e_gripper__type_support_c.cpp.o\x1b[0m\n'}
[6.881334] (ur_robotiq) StdoutLine: {'line': b'[ 65%] \x1b[32mBuilding CXX object CMakeFiles/ur_robotiq__rosidl_typesupport_fastrtps_c.dir/rosidl_typesupport_fastrtps_c/ur_robotiq/msg/detail/ur3e_moveit_joints__type_support_c.cpp.o\x1b[0m\n'}
[6.884839] (ur_robotiq) StdoutLine: {'line': b'[ 67%] \x1b[32mBuilding CXX object CMakeFiles/ur_robotiq__rosidl_typesupport_fastrtps_c.dir/rosidl_typesupport_fastrtps_c/ur_robotiq/msg/detail/ur3e_trajectory__type_support_c.cpp.o\x1b[0m\n'}
[6.905367] (unity_ros_msgs) StdoutLine: {'line': b'[ 78%] \x1b[32m\x1b[1mLinking CXX shared library libunity_ros_msgs__rosidl_typesupport_introspection_cpp.so\x1b[0m\n'}
[6.932149] (-) TimerEvent: {}
[6.937526] (ur_robotiq) StdoutLine: {'line': b'[ 69%] \x1b[32mBuilding CXX object CMakeFiles/ur_robotiq__rosidl_typesupport_fastrtps_c.dir/rosidl_typesupport_fastrtps_c/ur_robotiq/srv/detail/ur_mover_service__type_support_c.cpp.o\x1b[0m\n'}
[6.947379] (ur_robotiq) StdoutLine: {'line': b'[ 70%] \x1b[32m\x1b[1mLinking C shared library libur_robotiq__rosidl_typesupport_introspection_c.so\x1b[0m\n'}
[7.019549] (ur_robotiq) StdoutLine: {'line': b'[ 70%] Built target ur_robotiq__rosidl_typesupport_introspection_c\n'}
[7.032292] (-) TimerEvent: {}
[7.107375] (unity_ros_msgs) StdoutLine: {'line': b'[ 78%] Built target unity_ros_msgs__rosidl_typesupport_introspection_cpp\n'}
[7.109529] (ur_robotiq) StdoutLine: {'line': b'[ 72%] \x1b[32m\x1b[1mLinking CXX shared library libur_robotiq__rosidl_typesupport_cpp.so\x1b[0m\n'}
[7.132404] (-) TimerEvent: {}
[7.133497] (unity_ros_msgs) StdoutLine: {'line': b'[ 78%] Built target unity_ros_msgs\n'}
[7.169488] (unity_ros_msgs) StdoutLine: {'line': b'[ 80%] \x1b[34m\x1b[1mGenerating Python code for ROS interfaces\x1b[0m\n'}
[7.192540] (ur_robotiq) StdoutLine: {'line': b'[ 72%] Built target ur_robotiq__rosidl_typesupport_cpp\n'}
[7.232517] (-) TimerEvent: {}
[7.332827] (-) TimerEvent: {}
[7.389453] (ur_robotiq) StdoutLine: {'line': b'[ 74%] \x1b[32m\x1b[1mLinking CXX shared library libur_robotiq__rosidl_typesupport_fastrtps_c.so\x1b[0m\n'}
[7.432973] (-) TimerEvent: {}
[7.468810] (ur_robotiq) StdoutLine: {'line': b'[ 74%] Built target ur_robotiq__rosidl_typesupport_fastrtps_c\n'}
[7.487005] (ur_robotiq) StdoutLine: {'line': b'[ 76%] \x1b[32m\x1b[1mLinking CXX shared library libur_robotiq__rosidl_typesupport_fastrtps_cpp.so\x1b[0m\n'}
[7.524952] (ur_robotiq) StdoutLine: {'line': b'[ 78%] \x1b[32m\x1b[1mLinking CXX shared library libur_robotiq__rosidl_typesupport_introspection_cpp.so\x1b[0m\n'}
[7.533076] (-) TimerEvent: {}
[7.564072] (ur_robotiq) StdoutLine: {'line': b'[ 78%] Built target ur_robotiq__rosidl_typesupport_fastrtps_cpp\n'}
[7.615630] (ur_robotiq) StdoutLine: {'line': b'[ 78%] Built target ur_robotiq__rosidl_typesupport_introspection_cpp\n'}
[7.632935] (ur_robotiq) StdoutLine: {'line': b'[ 78%] Built target ur_robotiq\n'}
[7.633127] (-) TimerEvent: {}
[7.653141] (ur_robotiq) StdoutLine: {'line': b'[ 80%] \x1b[34m\x1b[1mGenerating Python code for ROS interfaces\x1b[0m\n'}
[7.684095] (unity_ros_msgs) StdoutLine: {'line': b'[ 80%] Built target unity_ros_msgs__py\n'}
[7.692053] (unity_ros_msgs) StdoutLine: {'line': b'\x1b[35m\x1b[1mConsolidate compiler generated dependencies of target unity_ros_msgs__rosidl_generator_py\x1b[0m\n'}
[7.702209] (unity_ros_msgs) StdoutLine: {'line': b'[ 81%] \x1b[32mBuilding C object CMakeFiles/unity_ros_msgs__rosidl_generator_py.dir/rosidl_generator_py/unity_ros_msgs/msg/_ur3e_gripper_s.c.o\x1b[0m\n'}
[7.702381] (unity_ros_msgs) StdoutLine: {'line': b'[ 83%] \x1b[32mBuilding C object CMakeFiles/unity_ros_msgs__rosidl_generator_py.dir/rosidl_generator_py/unity_ros_msgs/msg/_ur3e_moveit_joints_s.c.o\x1b[0m\n'}
[7.702988] (unity_ros_msgs) StdoutLine: {'line': b'[ 85%] \x1b[32mBuilding C object CMakeFiles/unity_ros_msgs__rosidl_generator_py.dir/rosidl_generator_py/unity_ros_msgs/msg/_ur3e_trajectory_s.c.o\x1b[0m\n'}
[7.703303] (unity_ros_msgs) StdoutLine: {'line': b'[ 87%] \x1b[32mBuilding C object CMakeFiles/unity_ros_msgs__rosidl_generator_py.dir/rosidl_generator_py/unity_ros_msgs/srv/_ur_mover_service_s.c.o\x1b[0m\n'}
[7.733262] (-) TimerEvent: {}
[7.804120] (unity_ros_msgs) StdoutLine: {'line': b'[ 89%] \x1b[32m\x1b[1mLinking C shared library rosidl_generator_py/unity_ros_msgs/libunity_ros_msgs__rosidl_generator_py.so\x1b[0m\n'}
[7.833395] (-) TimerEvent: {}
[7.846975] (unity_ros_msgs) StdoutLine: {'line': b'[ 89%] Built target unity_ros_msgs__rosidl_generator_py\n'}
[7.856102] (unity_ros_msgs) StdoutLine: {'line': b'\x1b[35m\x1b[1mConsolidate compiler generated dependencies of target unity_ros_msgs__rosidl_typesupport_c__pyext\x1b[0m\n'}
[7.856283] (unity_ros_msgs) StdoutLine: {'line': b'\x1b[35m\x1b[1mConsolidate compiler generated dependencies of target unity_ros_msgs__rosidl_typesupport_fastrtps_c__pyext\x1b[0m\n'}
[7.856677] (unity_ros_msgs) StdoutLine: {'line': b'\x1b[35m\x1b[1mConsolidate compiler generated dependencies of target unity_ros_msgs__rosidl_typesupport_introspection_c__pyext\x1b[0m\n'}
[7.865139] (unity_ros_msgs) StdoutLine: {'line': b'[ 90%] \x1b[32mBuilding C object CMakeFiles/unity_ros_msgs__rosidl_typesupport_fastrtps_c__pyext.dir/rosidl_generator_py/unity_ros_msgs/_unity_ros_msgs_s.ep.rosidl_typesupport_fastrtps_c.c.o\x1b[0m\n'}
[7.867059] (unity_ros_msgs) StdoutLine: {'line': b'[ 92%] \x1b[32mBuilding C object CMakeFiles/unity_ros_msgs__rosidl_typesupport_introspection_c__pyext.dir/rosidl_generator_py/unity_ros_msgs/_unity_ros_msgs_s.ep.rosidl_typesupport_introspection_c.c.o\x1b[0m\n'}
[7.867538] (unity_ros_msgs) StdoutLine: {'line': b'[ 94%] \x1b[32mBuilding C object CMakeFiles/unity_ros_msgs__rosidl_typesupport_c__pyext.dir/rosidl_generator_py/unity_ros_msgs/_unity_ros_msgs_s.ep.rosidl_typesupport_c.c.o\x1b[0m\n'}
[7.933489] (-) TimerEvent: {}
[7.966580] (unity_ros_msgs) StdoutLine: {'line': b'[ 96%] \x1b[32m\x1b[1mLinking C shared library rosidl_generator_py/unity_ros_msgs/unity_ros_msgs_s__rosidl_typesupport_fastrtps_c.cpython-310-x86_64-linux-gnu.so\x1b[0m\n'}
[7.975978] (unity_ros_msgs) StdoutLine: {'line': b'[ 98%] \x1b[32m\x1b[1mLinking C shared library rosidl_generator_py/unity_ros_msgs/unity_ros_msgs_s__rosidl_typesupport_introspection_c.cpython-310-x86_64-linux-gnu.so\x1b[0m\n'}
[7.999304] (unity_ros_msgs) StdoutLine: {'line': b'[100%] \x1b[32m\x1b[1mLinking C shared library rosidl_generator_py/unity_ros_msgs/unity_ros_msgs_s__rosidl_typesupport_c.cpython-310-x86_64-linux-gnu.so\x1b[0m\n'}
[8.017785] (unity_ros_msgs) StdoutLine: {'line': b'[100%] Built target unity_ros_msgs__rosidl_typesupport_fastrtps_c__pyext\n'}
[8.026296] (unity_ros_msgs) StdoutLine: {'line': b'[100%] Built target unity_ros_msgs__rosidl_typesupport_introspection_c__pyext\n'}
[8.033564] (-) TimerEvent: {}
[8.052116] (unity_ros_msgs) StdoutLine: {'line': b'[100%] Built target unity_ros_msgs__rosidl_typesupport_c__pyext\n'}
[8.063120] (unity_ros_msgs) CommandEnded: {'returncode': 0}
[8.080803] (ur_robotiq) StdoutLine: {'line': b'[ 80%] Built target ur_robotiq__py\n'}
[8.097932] (ur_robotiq) StdoutLine: {'line': b'[ 85%] \x1b[32mBuilding C object CMakeFiles/ur_robotiq__rosidl_generator_py.dir/rosidl_generator_py/ur_robotiq/msg/_ur3e_moveit_joints_s.c.o\x1b[0m\n'}
[8.098126] (ur_robotiq) StdoutLine: {'line': b'[ 85%] \x1b[32mBuilding C object CMakeFiles/ur_robotiq__rosidl_generator_py.dir/rosidl_generator_py/ur_robotiq/srv/_ur_mover_service_s.c.o\x1b[0m\n'}
[8.098230] (ur_robotiq) StdoutLine: {'line': b'[ 85%] \x1b[32mBuilding C object CMakeFiles/ur_robotiq__rosidl_generator_py.dir/rosidl_generator_py/ur_robotiq/msg/_ur3e_trajectory_s.c.o\x1b[0m\n'}
[8.099021] (ur_robotiq) StdoutLine: {'line': b'[ 87%] \x1b[32mBuilding C object CMakeFiles/ur_robotiq__rosidl_generator_py.dir/rosidl_generator_py/ur_robotiq/msg/_ur3e_gripper_s.c.o\x1b[0m\n'}
[8.133658] (-) TimerEvent: {}
[8.160727] (unity_ros_msgs) JobProgress: {'identifier': 'unity_ros_msgs', 'progress': 'install'}
[8.161724] (unity_ros_msgs) Command: {'cmd': ['/usr/bin/cmake', '--install', '/home/yadhu/ur3e/src/build/unity_ros_msgs'], 'cwd': '/home/yadhu/ur3e/src/build/unity_ros_msgs', 'env': OrderedDict([('HOSTNAME', 'yadhuk'), ('GIT_ASKPASS', '/vscode/vscode-server/bin/linux-x64/e54c774e0add60467559eb0d1e229c6452cf8447/extensions/git/dist/askpass.sh'), ('SHLVL', '2'), ('LD_LIBRARY_PATH', '/home/yadhu/ur3e/src/install/moveit_msgs/lib:/usr/lib/x86_64-linux-gnu/gazebo-11/plugins:/opt/ros/humble/opt/rviz_ogre_vendor/lib:/opt/ros/humble/lib/x86_64-linux-gnu:/opt/ros/humble/lib'), ('BROWSER', '/vscode/vscode-server/bin/linux-x64/e54c774e0add60467559eb0d1e229c6452cf8447/bin/helpers/browser.sh'), ('HOME', '/home/yadhu'), ('OLDPWD', '/home/yadhu/ur3e'), ('TERM_PROGRAM_VERSION', '1.97.2'), ('VSCODE_IPC_HOOK_CLI', '/tmp/vscode-ipc-191d809e-ad6a-48a3-8c83-2991c7349be6.sock'), ('DEBUGPY_ADAPTER_ENDPOINTS', '/home/yadhu/.vscode-server/extensions/ms-python.debugpy-2025.0.1-linux-x64/.noConfigDebugAdapterEndpoints/endpoint-00e5a96652343ffc.txt'), ('ROS_PYTHON_VERSION', '3'), ('VSCODE_GIT_ASKPASS_MAIN', '/vscode/vscode-server/bin/linux-x64/e54c774e0add60467559eb0d1e229c6452cf8447/extensions/git/dist/askpass-main.js'), ('VSCODE_GIT_ASKPASS_NODE', '/vscode/vscode-server/bin/linux-x64/e54c774e0add60467559eb0d1e229c6452cf8447/node'), ('PYDEVD_DISABLE_FILE_VALIDATION', '1'), ('BUNDLED_DEBUGPY_PATH', '/home/yadhu/.vscode-server/extensions/ms-python.debugpy-2025.0.1-linux-x64/bundled/libs/debugpy'), ('COLORTERM', 'truecolor'), ('REMOTE_CONTAINERS', 'true'), ('ROS_DISTRO', 'humble'), ('REMOTE_CONTAINERS_IPC', '/tmp/vscode-remote-containers-ipc-3b15b7cf-88ad-4a56-828c-69c61a495d31.sock'), ('_', '/usr/bin/colcon'), ('ROS_VERSION', '2'), ('TERM', 'xterm-256color'), ('ROS_LOCALHOST_ONLY', '0'), ('PATH', '/vscode/vscode-server/bin/linux-x64/e54c774e0add60467559eb0d1e229c6452cf8447/bin/remote-cli:/opt/ros/humble/bin:/usr/local/sbin:/usr/local/bin:/usr/sbin:/usr/bin:/sbin:/bin:/home/yadhu/.vscode-server/extensions/ms-python.debugpy-2025.0.1-linux-x64/bundled/scripts/noConfigScripts'), ('REMOTE_CONTAINERS_SOCKETS', '["/tmp/vscode-ssh-auth-3b15b7cf-88ad-4a56-828c-69c61a495d31.sock","/home/yadhu/.gnupg/S.gpg-agent"]'), ('DISPLAY', ':1'), ('LANG', 'C.UTF-8'), ('RMW_IMPLEMENTATION', 'rmw_cyclonedds_cpp'), ('LS_COLORS', 'rs=0:di=01;34:ln=01;36:mh=00:pi=40;33:so=01;35:do=01;35:bd=40;33;01:cd=40;33;01:or=40;31;01:mi=00:su=37;41:sg=30;43:ca=30;41:tw=30;42:ow=34;42:st=37;44:ex=01;32:*.tar=01;31:*.tgz=01;31:*.arc=01;31:*.arj=01;31:*.taz=01;31:*.lha=01;31:*.lz4=01;31:*.lzh=01;31:*.lzma=01;31:*.tlz=01;31:*.txz=01;31:*.tzo=01;31:*.t7z=01;31:*.zip=01;31:*.z=01;31:*.dz=01;31:*.gz=01;31:*.lrz=01;31:*.lz=01;31:*.lzo=01;31:*.xz=01;31:*.zst=01;31:*.tzst=01;31:*.bz2=01;31:*.bz=01;31:*.tbz=01;31:*.tbz2=01;31:*.tz=01;31:*.deb=01;31:*.rpm=01;31:*.jar=01;31:*.war=01;31:*.ear=01;31:*.sar=01;31:*.rar=01;31:*.alz=01;31:*.ace=01;31:*.zoo=01;31:*.cpio=01;31:*.7z=01;31:*.rz=01;31:*.cab=01;31:*.wim=01;31:*.swm=01;31:*.dwm=01;31:*.esd=01;31:*.jpg=01;35:*.jpeg=01;35:*.mjpg=01;35:*.mjpeg=01;35:*.gif=01;35:*.bmp=01;35:*.pbm=01;35:*.pgm=01;35:*.ppm=01;35:*.tga=01;35:*.xbm=01;35:*.xpm=01;35:*.tif=01;35:*.tiff=01;35:*.png=01;35:*.svg=01;35:*.svgz=01;35:*.mng=01;35:*.pcx=01;35:*.mov=01;35:*.mpg=01;35:*.mpeg=01;35:*.m2v=01;35:*.mkv=01;35:*.webm=01;35:*.webp=01;35:*.ogm=01;35:*.mp4=01;35:*.m4v=01;35:*.mp4v=01;35:*.vob=01;35:*.qt=01;35:*.nuv=01;35:*.wmv=01;35:*.asf=01;35:*.rm=01;35:*.rmvb=01;35:*.flc=01;35:*.avi=01;35:*.fli=01;35:*.flv=01;35:*.gl=01;35:*.dl=01;35:*.xcf=01;35:*.xwd=01;35:*.yuv=01;35:*.cgm=01;35:*.emf=01;35:*.ogv=01;35:*.ogx=01;35:*.aac=00;36:*.au=00;36:*.flac=00;36:*.m4a=00;36:*.mid=00;36:*.midi=00;36:*.mka=00;36:*.mp3=00;36:*.mpc=00;36:*.ogg=00;36:*.ra=00;36:*.wav=00;36:*.oga=00;36:*.opus=00;36:*.spx=00;36:*.xspf=00;36:'), ('VSCODE_GIT_IPC_HANDLE', '/tmp/vscode-git-09c052f1c4.sock'), ('TERM_PROGRAM', 'vscode'), ('SSH_AUTH_SOCK', '/tmp/vscode-ssh-auth-3b15b7cf-88ad-4a56-828c-69c61a495d31.sock'), ('ROS_DOMAIN_ID', '42'), ('AMENT_PREFIX_PATH', '/home/yadhu/ur3e/src/install/moveit_msgs:/opt/ros/humble'), ('SHELL', '/bin/bash'), ('ROS_AUTOMATIC_DISCOVERY_RANGE', 'LOCALHOST'), ('VSCODE_GIT_ASKPASS_EXTRA_ARGS', ''), ('PWD', '/home/yadhu/ur3e/src/build/unity_ros_msgs'), ('LC_ALL', 'C.UTF-8'), ('PYTHONPATH', '/home/yadhu/ur3e/src/install/moveit_msgs/local/lib/python3.10/dist-packages:/opt/ros/humble/lib/python3.10/site-packages:/opt/ros/humble/local/lib/python3.10/dist-packages'), ('COLCON', '1'), ('CMAKE_PREFIX_PATH', '/home/yadhu/ur3e/src/install/moveit_msgs:/opt/ros/humble')]), 'shell': False}
[8.168885] (unity_ros_msgs) StdoutLine: {'line': b'-- Install configuration: ""\n'}
[8.169071] (unity_ros_msgs) StdoutLine: {'line': b'-- Installing: /home/yadhu/ur3e/src/install/unity_ros_msgs/share/ament_index/resource_index/rosidl_interfaces/unity_ros_msgs\n'}
[8.169184] (unity_ros_msgs) StdoutLine: {'line': b'-- Installing: /home/yadhu/ur3e/src/install/unity_ros_msgs/include/unity_ros_msgs/unity_ros_msgs\n'}
[8.169246] (unity_ros_msgs) StdoutLine: {'line': b'-- Installing: /home/yadhu/ur3e/src/install/unity_ros_msgs/include/unity_ros_msgs/unity_ros_msgs/msg\n'}
[8.169300] (unity_ros_msgs) StdoutLine: {'line': b'-- Installing: /home/yadhu/ur3e/src/install/unity_ros_msgs/include/unity_ros_msgs/unity_ros_msgs/msg/rosidl_generator_c__visibility_control.h\n'}
[8.169385] (unity_ros_msgs) StdoutLine: {'line': b'-- Installing: /home/yadhu/ur3e/src/install/unity_ros_msgs/include/unity_ros_msgs/unity_ros_msgs/msg/ur3e_moveit_joints.h\n'}
[8.169440] (unity_ros_msgs) StdoutLine: {'line': b'-- Installing: /home/yadhu/ur3e/src/install/unity_ros_msgs/include/unity_ros_msgs/unity_ros_msgs/msg/detail\n'}
[8.169492] (unity_ros_msgs) StdoutLine: {'line': b'-- Installing: /home/yadhu/ur3e/src/install/unity_ros_msgs/include/unity_ros_msgs/unity_ros_msgs/msg/detail/ur3e_gripper__type_support.h\n'}
[8.169549] (unity_ros_msgs) StdoutLine: {'line': b'-- Installing: /home/yadhu/ur3e/src/install/unity_ros_msgs/include/unity_ros_msgs/unity_ros_msgs/msg/detail/ur3e_trajectory__struct.h\n'}
[8.169625] (unity_ros_msgs) StdoutLine: {'line': b'-- Installing: /home/yadhu/ur3e/src/install/unity_ros_msgs/include/unity_ros_msgs/unity_ros_msgs/msg/detail/ur3e_trajectory__functions.c\n'}
[8.169715] (unity_ros_msgs) StdoutLine: {'line': b'-- Installing: /home/yadhu/ur3e/src/install/unity_ros_msgs/include/unity_ros_msgs/unity_ros_msgs/msg/detail/ur3e_moveit_joints__functions.h\n'}
[8.169776] (unity_ros_msgs) StdoutLine: {'line': b'-- Installing: /home/yadhu/ur3e/src/install/unity_ros_msgs/include/unity_ros_msgs/unity_ros_msgs/msg/detail/ur3e_moveit_joints__type_support.h\n'}
[8.169858] (unity_ros_msgs) StdoutLine: {'line': b'-- Installing: /home/yadhu/ur3e/src/install/unity_ros_msgs/include/unity_ros_msgs/unity_ros_msgs/msg/detail/ur3e_gripper__struct.h\n'}
[8.169924] (unity_ros_msgs) StdoutLine: {'line': b'-- Installing: /home/yadhu/ur3e/src/install/unity_ros_msgs/include/unity_ros_msgs/unity_ros_msgs/msg/detail/ur3e_trajectory__functions.h\n'}
[8.169980] (unity_ros_msgs) StdoutLine: {'line': b'-- Installing: /home/yadhu/ur3e/src/install/unity_ros_msgs/include/unity_ros_msgs/unity_ros_msgs/msg/detail/ur3e_moveit_joints__struct.h\n'}
[8.170054] (unity_ros_msgs) StdoutLine: {'line': b'-- Installing: /home/yadhu/ur3e/src/install/unity_ros_msgs/include/unity_ros_msgs/unity_ros_msgs/msg/detail/ur3e_moveit_joints__functions.c\n'}
[8.170108] (unity_ros_msgs) StdoutLine: {'line': b'-- Installing: /home/yadhu/ur3e/src/install/unity_ros_msgs/include/unity_ros_msgs/unity_ros_msgs/msg/detail/ur3e_trajectory__type_support.h\n'}
[8.170161] (unity_ros_msgs) StdoutLine: {'line': b'-- Installing: /home/yadhu/ur3e/src/install/unity_ros_msgs/include/unity_ros_msgs/unity_ros_msgs/msg/detail/ur3e_gripper__functions.h\n'}
[8.170215] (unity_ros_msgs) StdoutLine: {'line': b'-- Installing: /home/yadhu/ur3e/src/install/unity_ros_msgs/include/unity_ros_msgs/unity_ros_msgs/msg/detail/ur3e_gripper__functions.c\n'}
[8.170269] (unity_ros_msgs) StdoutLine: {'line': b'-- Installing: /home/yadhu/ur3e/src/install/unity_ros_msgs/include/unity_ros_msgs/unity_ros_msgs/msg/ur3e_trajectory.h\n'}
[8.170324] (unity_ros_msgs) StdoutLine: {'line': b'-- Installing: /home/yadhu/ur3e/src/install/unity_ros_msgs/include/unity_ros_msgs/unity_ros_msgs/msg/ur3e_gripper.h\n'}
[8.170410] (unity_ros_msgs) StdoutLine: {'line': b'-- Installing: /home/yadhu/ur3e/src/install/unity_ros_msgs/include/unity_ros_msgs/unity_ros_msgs/srv\n'}
[8.170518] (unity_ros_msgs) StdoutLine: {'line': b'-- Installing: /home/yadhu/ur3e/src/install/unity_ros_msgs/include/unity_ros_msgs/unity_ros_msgs/srv/ur_mover_service.h\n'}
[8.170574] (unity_ros_msgs) StdoutLine: {'line': b'-- Installing: /home/yadhu/ur3e/src/install/unity_ros_msgs/include/unity_ros_msgs/unity_ros_msgs/srv/detail\n'}
[8.170627] (unity_ros_msgs) StdoutLine: {'line': b'-- Installing: /home/yadhu/ur3e/src/install/unity_ros_msgs/include/unity_ros_msgs/unity_ros_msgs/srv/detail/ur_mover_service__functions.c\n'}
[8.170681] (unity_ros_msgs) StdoutLine: {'line': b'-- Installing: /home/yadhu/ur3e/src/install/unity_ros_msgs/include/unity_ros_msgs/unity_ros_msgs/srv/detail/ur_mover_service__struct.h\n'}
[8.170735] (unity_ros_msgs) StdoutLine: {'line': b'-- Installing: /home/yadhu/ur3e/src/install/unity_ros_msgs/include/unity_ros_msgs/unity_ros_msgs/srv/detail/ur_mover_service__type_support.h\n'}
[8.170813] (unity_ros_msgs) StdoutLine: {'line': b'-- Installing: /home/yadhu/ur3e/src/install/unity_ros_msgs/include/unity_ros_msgs/unity_ros_msgs/srv/detail/ur_mover_service__functions.h\n'}
[8.170874] (unity_ros_msgs) StdoutLine: {'line': b'-- Installing: /home/yadhu/ur3e/src/install/unity_ros_msgs/share/unity_ros_msgs/environment/library_path.sh\n'}
[8.170930] (unity_ros_msgs) StdoutLine: {'line': b'-- Installing: /home/yadhu/ur3e/src/install/unity_ros_msgs/share/unity_ros_msgs/environment/library_path.dsv\n'}
[8.170985] (unity_ros_msgs) StdoutLine: {'line': b'-- Installing: /home/yadhu/ur3e/src/install/unity_ros_msgs/lib/libunity_ros_msgs__rosidl_generator_c.so\n'}
[8.171063] (unity_ros_msgs) StdoutLine: {'line': b'-- Set runtime path of "/home/yadhu/ur3e/src/install/unity_ros_msgs/lib/libunity_ros_msgs__rosidl_generator_c.so" to ""\n'}
[8.171179] (unity_ros_msgs) StdoutLine: {'line': b'-- Up-to-date: /home/yadhu/ur3e/src/install/unity_ros_msgs/include/unity_ros_msgs/unity_ros_msgs\n'}
[8.171241] (unity_ros_msgs) StdoutLine: {'line': b'-- Up-to-date: /home/yadhu/ur3e/src/install/unity_ros_msgs/include/unity_ros_msgs/unity_ros_msgs/msg\n'}
[8.171313] (unity_ros_msgs) StdoutLine: {'line': b'-- Installing: /home/yadhu/ur3e/src/install/unity_ros_msgs/include/unity_ros_msgs/unity_ros_msgs/msg/rosidl_typesupport_fastrtps_c__visibility_control.h\n'}
[8.171366] (unity_ros_msgs) StdoutLine: {'line': b'-- Up-to-date: /home/yadhu/ur3e/src/install/unity_ros_msgs/include/unity_ros_msgs/unity_ros_msgs/msg/detail\n'}
[8.171415] (unity_ros_msgs) StdoutLine: {'line': b'-- Installing: /home/yadhu/ur3e/src/install/unity_ros_msgs/include/unity_ros_msgs/unity_ros_msgs/msg/detail/ur3e_gripper__rosidl_typesupport_fastrtps_c.h\n'}
[8.171468] (unity_ros_msgs) StdoutLine: {'line': b'-- Installing: /home/yadhu/ur3e/src/install/unity_ros_msgs/include/unity_ros_msgs/unity_ros_msgs/msg/detail/ur3e_trajectory__rosidl_typesupport_fastrtps_c.h\n'}
[8.171563] (unity_ros_msgs) StdoutLine: {'line': b'-- Installing: /home/yadhu/ur3e/src/install/unity_ros_msgs/include/unity_ros_msgs/unity_ros_msgs/msg/detail/ur3e_moveit_joints__rosidl_typesupport_fastrtps_c.h\n'}
[8.171619] (unity_ros_msgs) StdoutLine: {'line': b'-- Up-to-date: /home/yadhu/ur3e/src/install/unity_ros_msgs/include/unity_ros_msgs/unity_ros_msgs/srv\n'}
[8.171672] (unity_ros_msgs) StdoutLine: {'line': b'-- Up-to-date: /home/yadhu/ur3e/src/install/unity_ros_msgs/include/unity_ros_msgs/unity_ros_msgs/srv/detail\n'}
[8.171724] (unity_ros_msgs) StdoutLine: {'line': b'-- Installing: /home/yadhu/ur3e/src/install/unity_ros_msgs/include/unity_ros_msgs/unity_ros_msgs/srv/detail/ur_mover_service__rosidl_typesupport_fastrtps_c.h\n'}
[8.171786] (unity_ros_msgs) StdoutLine: {'line': b'-- Installing: /home/yadhu/ur3e/src/install/unity_ros_msgs/lib/libunity_ros_msgs__rosidl_typesupport_fastrtps_c.so\n'}
[8.171872] (unity_ros_msgs) StdoutLine: {'line': b'-- Set runtime path of "/home/yadhu/ur3e/src/install/unity_ros_msgs/lib/libunity_ros_msgs__rosidl_typesupport_fastrtps_c.so" to ""\n'}
[8.171971] (unity_ros_msgs) StdoutLine: {'line': b'-- Up-to-date: /home/yadhu/ur3e/src/install/unity_ros_msgs/include/unity_ros_msgs/unity_ros_msgs\n'}
[8.172024] (unity_ros_msgs) StdoutLine: {'line': b'-- Up-to-date: /home/yadhu/ur3e/src/install/unity_ros_msgs/include/unity_ros_msgs/unity_ros_msgs/msg\n'}
[8.172074] (unity_ros_msgs) StdoutLine: {'line': b'-- Up-to-date: /home/yadhu/ur3e/src/install/unity_ros_msgs/include/unity_ros_msgs/unity_ros_msgs/msg/detail\n'}
[8.172124] (unity_ros_msgs) StdoutLine: {'line': b'-- Installing: /home/yadhu/ur3e/src/install/unity_ros_msgs/include/unity_ros_msgs/unity_ros_msgs/msg/detail/ur3e_trajectory__rosidl_typesupport_introspection_c.h\n'}
[8.172174] (unity_ros_msgs) StdoutLine: {'line': b'-- Installing: /home/yadhu/ur3e/src/install/unity_ros_msgs/include/unity_ros_msgs/unity_ros_msgs/msg/detail/ur3e_gripper__rosidl_typesupport_introspection_c.h\n'}
[8.172226] (unity_ros_msgs) StdoutLine: {'line': b'-- Installing: /home/yadhu/ur3e/src/install/unity_ros_msgs/include/unity_ros_msgs/unity_ros_msgs/msg/detail/ur3e_gripper__type_support.c\n'}
[8.172277] (unity_ros_msgs) StdoutLine: {'line': b'-- Installing: /home/yadhu/ur3e/src/install/unity_ros_msgs/include/unity_ros_msgs/unity_ros_msgs/msg/detail/ur3e_trajectory__type_support.c\n'}
[8.172326] (unity_ros_msgs) StdoutLine: {'line': b'-- Installing: /home/yadhu/ur3e/src/install/unity_ros_msgs/include/unity_ros_msgs/unity_ros_msgs/msg/detail/ur3e_moveit_joints__rosidl_typesupport_introspection_c.h\n'}
[8.172376] (unity_ros_msgs) StdoutLine: {'line': b'-- Installing: /home/yadhu/ur3e/src/install/unity_ros_msgs/include/unity_ros_msgs/unity_ros_msgs/msg/detail/ur3e_moveit_joints__type_support.c\n'}
[8.172428] (unity_ros_msgs) StdoutLine: {'line': b'-- Installing: /home/yadhu/ur3e/src/install/unity_ros_msgs/include/unity_ros_msgs/unity_ros_msgs/msg/rosidl_typesupport_introspection_c__visibility_control.h\n'}
[8.172480] (unity_ros_msgs) StdoutLine: {'line': b'-- Up-to-date: /home/yadhu/ur3e/src/install/unity_ros_msgs/include/unity_ros_msgs/unity_ros_msgs/srv\n'}
[8.172531] (unity_ros_msgs) StdoutLine: {'line': b'-- Up-to-date: /home/yadhu/ur3e/src/install/unity_ros_msgs/include/unity_ros_msgs/unity_ros_msgs/srv/detail\n'}
[8.172581] (unity_ros_msgs) StdoutLine: {'line': b'-- Installing: /home/yadhu/ur3e/src/install/unity_ros_msgs/include/unity_ros_msgs/unity_ros_msgs/srv/detail/ur_mover_service__type_support.c\n'}
[8.172634] (unity_ros_msgs) StdoutLine: {'line': b'-- Installing: /home/yadhu/ur3e/src/install/unity_ros_msgs/include/unity_ros_msgs/unity_ros_msgs/srv/detail/ur_mover_service__rosidl_typesupport_introspection_c.h\n'}
[8.172718] (unity_ros_msgs) StdoutLine: {'line': b'-- Installing: /home/yadhu/ur3e/src/install/unity_ros_msgs/lib/libunity_ros_msgs__rosidl_typesupport_introspection_c.so\n'}
[8.172839] (unity_ros_msgs) StdoutLine: {'line': b'-- Set runtime path of "/home/yadhu/ur3e/src/install/unity_ros_msgs/lib/libunity_ros_msgs__rosidl_typesupport_introspection_c.so" to ""\n'}
[8.172909] (unity_ros_msgs) StdoutLine: {'line': b'-- Installing: /home/yadhu/ur3e/src/install/unity_ros_msgs/lib/libunity_ros_msgs__rosidl_typesupport_c.so\n'}
[8.172963] (unity_ros_msgs) StdoutLine: {'line': b'-- Set runtime path of "/home/yadhu/ur3e/src/install/unity_ros_msgs/lib/libunity_ros_msgs__rosidl_typesupport_c.so" to ""\n'}
[8.173016] (unity_ros_msgs) StdoutLine: {'line': b'-- Up-to-date: /home/yadhu/ur3e/src/install/unity_ros_msgs/include/unity_ros_msgs/unity_ros_msgs\n'}
[8.173070] (unity_ros_msgs) StdoutLine: {'line': b'-- Up-to-date: /home/yadhu/ur3e/src/install/unity_ros_msgs/include/unity_ros_msgs/unity_ros_msgs/msg\n'}
[8.173124] (unity_ros_msgs) StdoutLine: {'line': b'-- Installing: /home/yadhu/ur3e/src/install/unity_ros_msgs/include/unity_ros_msgs/unity_ros_msgs/msg/ur3e_moveit_joints.hpp\n'}
[8.173176] (unity_ros_msgs) StdoutLine: {'line': b'-- Installing: /home/yadhu/ur3e/src/install/unity_ros_msgs/include/unity_ros_msgs/unity_ros_msgs/msg/ur3e_trajectory.hpp\n'}
[8.173289] (unity_ros_msgs) StdoutLine: {'line': b'-- Up-to-date: /home/yadhu/ur3e/src/install/unity_ros_msgs/include/unity_ros_msgs/unity_ros_msgs/msg/detail\n'}
[8.173346] (unity_ros_msgs) StdoutLine: {'line': b'-- Installing: /home/yadhu/ur3e/src/install/unity_ros_msgs/include/unity_ros_msgs/unity_ros_msgs/msg/detail/ur3e_trajectory__builder.hpp\n'}
[8.173401] (unity_ros_msgs) StdoutLine: {'line': b'-- Installing: /home/yadhu/ur3e/src/install/unity_ros_msgs/include/unity_ros_msgs/unity_ros_msgs/msg/detail/ur3e_moveit_joints__builder.hpp\n'}
[8.173453] (unity_ros_msgs) StdoutLine: {'line': b'-- Installing: /home/yadhu/ur3e/src/install/unity_ros_msgs/include/unity_ros_msgs/unity_ros_msgs/msg/detail/ur3e_trajectory__struct.hpp\n'}
[8.173505] (unity_ros_msgs) StdoutLine: {'line': b'-- Installing: /home/yadhu/ur3e/src/install/unity_ros_msgs/include/unity_ros_msgs/unity_ros_msgs/msg/detail/ur3e_gripper__traits.hpp\n'}
[8.173557] (unity_ros_msgs) StdoutLine: {'line': b'-- Installing: /home/yadhu/ur3e/src/install/unity_ros_msgs/include/unity_ros_msgs/unity_ros_msgs/msg/detail/ur3e_moveit_joints__traits.hpp\n'}
[8.173612] (unity_ros_msgs) StdoutLine: {'line': b'-- Installing: /home/yadhu/ur3e/src/install/unity_ros_msgs/include/unity_ros_msgs/unity_ros_msgs/msg/detail/ur3e_moveit_joints__struct.hpp\n'}
[8.173684] (unity_ros_msgs) StdoutLine: {'line': b'-- Installing: /home/yadhu/ur3e/src/install/unity_ros_msgs/include/unity_ros_msgs/unity_ros_msgs/msg/detail/ur3e_trajectory__traits.hpp\n'}
[8.173738] (unity_ros_msgs) StdoutLine: {'line': b'-- Installing: /home/yadhu/ur3e/src/install/unity_ros_msgs/include/unity_ros_msgs/unity_ros_msgs/msg/detail/ur3e_gripper__builder.hpp\n'}
[8.173798] (unity_ros_msgs) StdoutLine: {'line': b'-- Installing: /home/yadhu/ur3e/src/install/unity_ros_msgs/include/unity_ros_msgs/unity_ros_msgs/msg/detail/ur3e_gripper__struct.hpp\n'}
[8.173856] (unity_ros_msgs) StdoutLine: {'line': b'-- Installing: /home/yadhu/ur3e/src/install/unity_ros_msgs/include/unity_ros_msgs/unity_ros_msgs/msg/ur3e_gripper.hpp\n'}
[8.173909] (unity_ros_msgs) StdoutLine: {'line': b'-- Up-to-date: /home/yadhu/ur3e/src/install/unity_ros_msgs/include/unity_ros_msgs/unity_ros_msgs/srv\n'}
[8.173960] (unity_ros_msgs) StdoutLine: {'line': b'-- Up-to-date: /home/yadhu/ur3e/src/install/unity_ros_msgs/include/unity_ros_msgs/unity_ros_msgs/srv/detail\n'}
[8.174012] (unity_ros_msgs) StdoutLine: {'line': b'-- Installing: /home/yadhu/ur3e/src/install/unity_ros_msgs/include/unity_ros_msgs/unity_ros_msgs/srv/detail/ur_mover_service__traits.hpp\n'}
[8.174065] (unity_ros_msgs) StdoutLine: {'line': b'-- Installing: /home/yadhu/ur3e/src/install/unity_ros_msgs/include/unity_ros_msgs/unity_ros_msgs/srv/detail/ur_mover_service__struct.hpp\n'}
[8.174119] (unity_ros_msgs) StdoutLine: {'line': b'-- Installing: /home/yadhu/ur3e/src/install/unity_ros_msgs/include/unity_ros_msgs/unity_ros_msgs/srv/detail/ur_mover_service__builder.hpp\n'}
[8.174171] (unity_ros_msgs) StdoutLine: {'line': b'-- Installing: /home/yadhu/ur3e/src/install/unity_ros_msgs/include/unity_ros_msgs/unity_ros_msgs/srv/ur_mover_service.hpp\n'}
[8.174302] (unity_ros_msgs) StdoutLine: {'line': b'-- Up-to-date: /home/yadhu/ur3e/src/install/unity_ros_msgs/include/unity_ros_msgs/unity_ros_msgs\n'}
[8.174359] (unity_ros_msgs) StdoutLine: {'line': b'-- Up-to-date: /home/yadhu/ur3e/src/install/unity_ros_msgs/include/unity_ros_msgs/unity_ros_msgs/msg\n'}
[8.174413] (unity_ros_msgs) StdoutLine: {'line': b'-- Installing: /home/yadhu/ur3e/src/install/unity_ros_msgs/include/unity_ros_msgs/unity_ros_msgs/msg/rosidl_typesupport_fastrtps_cpp__visibility_control.h\n'}
[8.174466] (unity_ros_msgs) StdoutLine: {'line': b'-- Up-to-date: /home/yadhu/ur3e/src/install/unity_ros_msgs/include/unity_ros_msgs/unity_ros_msgs/msg/detail\n'}
[8.174518] (unity_ros_msgs) StdoutLine: {'line': b'-- Installing: /home/yadhu/ur3e/src/install/unity_ros_msgs/include/unity_ros_msgs/unity_ros_msgs/msg/detail/ur3e_moveit_joints__rosidl_typesupport_fastrtps_cpp.hpp\n'}
[8.174570] (unity_ros_msgs) StdoutLine: {'line': b'-- Installing: /home/yadhu/ur3e/src/install/unity_ros_msgs/include/unity_ros_msgs/unity_ros_msgs/msg/detail/dds_fastrtps\n'}
[8.174622] (unity_ros_msgs) StdoutLine: {'line': b'-- Installing: /home/yadhu/ur3e/src/install/unity_ros_msgs/include/unity_ros_msgs/unity_ros_msgs/msg/detail/ur3e_trajectory__rosidl_typesupport_fastrtps_cpp.hpp\n'}
[8.174674] (unity_ros_msgs) StdoutLine: {'line': b'-- Installing: /home/yadhu/ur3e/src/install/unity_ros_msgs/include/unity_ros_msgs/unity_ros_msgs/msg/detail/ur3e_gripper__rosidl_typesupport_fastrtps_cpp.hpp\n'}
[8.174726] (unity_ros_msgs) StdoutLine: {'line': b'-- Up-to-date: /home/yadhu/ur3e/src/install/unity_ros_msgs/include/unity_ros_msgs/unity_ros_msgs/srv\n'}
[8.174784] (unity_ros_msgs) StdoutLine: {'line': b'-- Up-to-date: /home/yadhu/ur3e/src/install/unity_ros_msgs/include/unity_ros_msgs/unity_ros_msgs/srv/detail\n'}
[8.174885] (unity_ros_msgs) StdoutLine: {'line': b'-- Installing: /home/yadhu/ur3e/src/install/unity_ros_msgs/include/unity_ros_msgs/unity_ros_msgs/srv/detail/ur_mover_service__rosidl_typesupport_fastrtps_cpp.hpp\n'}
[8.174936] (unity_ros_msgs) StdoutLine: {'line': b'-- Installing: /home/yadhu/ur3e/src/install/unity_ros_msgs/include/unity_ros_msgs/unity_ros_msgs/srv/detail/dds_fastrtps\n'}
[8.174986] (unity_ros_msgs) StdoutLine: {'line': b'-- Installing: /home/yadhu/ur3e/src/install/unity_ros_msgs/lib/libunity_ros_msgs__rosidl_typesupport_fastrtps_cpp.so\n'}
[8.175037] (unity_ros_msgs) StdoutLine: {'line': b'-- Set runtime path of "/home/yadhu/ur3e/src/install/unity_ros_msgs/lib/libunity_ros_msgs__rosidl_typesupport_fastrtps_cpp.so" to ""\n'}
[8.175085] (unity_ros_msgs) StdoutLine: {'line': b'-- Up-to-date: /home/yadhu/ur3e/src/install/unity_ros_msgs/include/unity_ros_msgs/unity_ros_msgs\n'}
[8.175154] (unity_ros_msgs) StdoutLine: {'line': b'-- Up-to-date: /home/yadhu/ur3e/src/install/unity_ros_msgs/include/unity_ros_msgs/unity_ros_msgs/msg\n'}
[8.175200] (unity_ros_msgs) StdoutLine: {'line': b'-- Up-to-date: /home/yadhu/ur3e/src/install/unity_ros_msgs/include/unity_ros_msgs/unity_ros_msgs/msg/detail\n'}
[8.175248] (unity_ros_msgs) StdoutLine: {'line': b'-- Installing: /home/yadhu/ur3e/src/install/unity_ros_msgs/include/unity_ros_msgs/unity_ros_msgs/msg/detail/ur3e_trajectory__rosidl_typesupport_introspection_cpp.hpp\n'}
[8.175297] (unity_ros_msgs) StdoutLine: {'line': b'-- Installing: /home/yadhu/ur3e/src/install/unity_ros_msgs/include/unity_ros_msgs/unity_ros_msgs/msg/detail/ur3e_trajectory__type_support.cpp\n'}
[8.175347] (unity_ros_msgs) StdoutLine: {'line': b'-- Installing: /home/yadhu/ur3e/src/install/unity_ros_msgs/include/unity_ros_msgs/unity_ros_msgs/msg/detail/ur3e_gripper__type_support.cpp\n'}
[8.175431] (unity_ros_msgs) StdoutLine: {'line': b'-- Installing: /home/yadhu/ur3e/src/install/unity_ros_msgs/include/unity_ros_msgs/unity_ros_msgs/msg/detail/ur3e_moveit_joints__type_support.cpp\n'}
[8.175487] (unity_ros_msgs) StdoutLine: {'line': b'-- Installing: /home/yadhu/ur3e/src/install/unity_ros_msgs/include/unity_ros_msgs/unity_ros_msgs/msg/detail/ur3e_moveit_joints__rosidl_typesupport_introspection_cpp.hpp\n'}
[8.175560] (unity_ros_msgs) StdoutLine: {'line': b'-- Installing: /home/yadhu/ur3e/src/install/unity_ros_msgs/include/unity_ros_msgs/unity_ros_msgs/msg/detail/ur3e_gripper__rosidl_typesupport_introspection_cpp.hpp\n'}
[8.175613] (unity_ros_msgs) StdoutLine: {'line': b'-- Up-to-date: /home/yadhu/ur3e/src/install/unity_ros_msgs/include/unity_ros_msgs/unity_ros_msgs/srv\n'}
[8.175664] (unity_ros_msgs) StdoutLine: {'line': b'-- Up-to-date: /home/yadhu/ur3e/src/install/unity_ros_msgs/include/unity_ros_msgs/unity_ros_msgs/srv/detail\n'}
[8.175717] (unity_ros_msgs) StdoutLine: {'line': b'-- Installing: /home/yadhu/ur3e/src/install/unity_ros_msgs/include/unity_ros_msgs/unity_ros_msgs/srv/detail/ur_mover_service__type_support.cpp\n'}
[8.175777] (unity_ros_msgs) StdoutLine: {'line': b'-- Installing: /home/yadhu/ur3e/src/install/unity_ros_msgs/include/unity_ros_msgs/unity_ros_msgs/srv/detail/ur_mover_service__rosidl_typesupport_introspection_cpp.hpp\n'}
[8.175861] (unity_ros_msgs) StdoutLine: {'line': b'-- Installing: /home/yadhu/ur3e/src/install/unity_ros_msgs/lib/libunity_ros_msgs__rosidl_typesupport_introspection_cpp.so\n'}
[8.175911] (unity_ros_msgs) StdoutLine: {'line': b'-- Set runtime path of "/home/yadhu/ur3e/src/install/unity_ros_msgs/lib/libunity_ros_msgs__rosidl_typesupport_introspection_cpp.so" to ""\n'}
[8.175962] (unity_ros_msgs) StdoutLine: {'line': b'-- Installing: /home/yadhu/ur3e/src/install/unity_ros_msgs/lib/libunity_ros_msgs__rosidl_typesupport_cpp.so\n'}
[8.176013] (unity_ros_msgs) StdoutLine: {'line': b'-- Set runtime path of "/home/yadhu/ur3e/src/install/unity_ros_msgs/lib/libunity_ros_msgs__rosidl_typesupport_cpp.so" to ""\n'}
[8.176060] (unity_ros_msgs) StdoutLine: {'line': b'-- Installing: /home/yadhu/ur3e/src/install/unity_ros_msgs/share/unity_ros_msgs/environment/pythonpath.sh\n'}
[8.176107] (unity_ros_msgs) StdoutLine: {'line': b'-- Installing: /home/yadhu/ur3e/src/install/unity_ros_msgs/share/unity_ros_msgs/environment/pythonpath.dsv\n'}
[8.176155] (unity_ros_msgs) StdoutLine: {'line': b'-- Installing: /home/yadhu/ur3e/src/install/unity_ros_msgs/local/lib/python3.10/dist-packages/unity_ros_msgs-0.0.0-py3.10.egg-info\n'}
[8.176204] (unity_ros_msgs) StdoutLine: {'line': b'-- Installing: /home/yadhu/ur3e/src/install/unity_ros_msgs/local/lib/python3.10/dist-packages/unity_ros_msgs-0.0.0-py3.10.egg-info/top_level.txt\n'}
[8.176255] (unity_ros_msgs) StdoutLine: {'line': b'-- Installing: /home/yadhu/ur3e/src/install/unity_ros_msgs/local/lib/python3.10/dist-packages/unity_ros_msgs-0.0.0-py3.10.egg-info/PKG-INFO\n'}
[8.176305] (unity_ros_msgs) StdoutLine: {'line': b'-- Installing: /home/yadhu/ur3e/src/install/unity_ros_msgs/local/lib/python3.10/dist-packages/unity_ros_msgs-0.0.0-py3.10.egg-info/dependency_links.txt\n'}
[8.176355] (unity_ros_msgs) StdoutLine: {'line': b'-- Installing: /home/yadhu/ur3e/src/install/unity_ros_msgs/local/lib/python3.10/dist-packages/unity_ros_msgs-0.0.0-py3.10.egg-info/SOURCES.txt\n'}
[8.176407] (unity_ros_msgs) StdoutLine: {'line': b'-- Installing: /home/yadhu/ur3e/src/install/unity_ros_msgs/local/lib/python3.10/dist-packages/unity_ros_msgs\n'}
[8.176456] (unity_ros_msgs) StdoutLine: {'line': b'-- Installing: /home/yadhu/ur3e/src/install/unity_ros_msgs/local/lib/python3.10/dist-packages/unity_ros_msgs/_unity_ros_msgs_s.ep.rosidl_typesupport_c.c\n'}
[8.176504] (unity_ros_msgs) StdoutLine: {'line': b'-- Installing: /home/yadhu/ur3e/src/install/unity_ros_msgs/local/lib/python3.10/dist-packages/unity_ros_msgs/unity_ros_msgs_s__rosidl_typesupport_c.cpython-310-x86_64-linux-gnu.so\n'}
[8.176590] (unity_ros_msgs) StdoutLine: {'line': b'-- Installing: /home/yadhu/ur3e/src/install/unity_ros_msgs/local/lib/python3.10/dist-packages/unity_ros_msgs/msg\n'}
[8.176707] (unity_ros_msgs) StdoutLine: {'line': b'-- Installing: /home/yadhu/ur3e/src/install/unity_ros_msgs/local/lib/python3.10/dist-packages/unity_ros_msgs/msg/_ur3e_gripper_s.c\n'}
[8.176765] (unity_ros_msgs) StdoutLine: {'line': b'-- Installing: /home/yadhu/ur3e/src/install/unity_ros_msgs/local/lib/python3.10/dist-packages/unity_ros_msgs/msg/_ur3e_moveit_joints_s.c\n'}
[8.176854] (unity_ros_msgs) StdoutLine: {'line': b'-- Installing: /home/yadhu/ur3e/src/install/unity_ros_msgs/local/lib/python3.10/dist-packages/unity_ros_msgs/msg/_ur3e_moveit_joints.py\n'}
[8.176913] (unity_ros_msgs) StdoutLine: {'line': b'-- Installing: /home/yadhu/ur3e/src/install/unity_ros_msgs/local/lib/python3.10/dist-packages/unity_ros_msgs/msg/_ur3e_gripper.py\n'}
[8.176966] (unity_ros_msgs) StdoutLine: {'line': b'-- Installing: /home/yadhu/ur3e/src/install/unity_ros_msgs/local/lib/python3.10/dist-packages/unity_ros_msgs/msg/_ur3e_trajectory.py\n'}
[8.177017] (unity_ros_msgs) StdoutLine: {'line': b'-- Installing: /home/yadhu/ur3e/src/install/unity_ros_msgs/local/lib/python3.10/dist-packages/unity_ros_msgs/msg/__init__.py\n'}
[8.177065] (unity_ros_msgs) StdoutLine: {'line': b'-- Installing: /home/yadhu/ur3e/src/install/unity_ros_msgs/local/lib/python3.10/dist-packages/unity_ros_msgs/msg/_ur3e_trajectory_s.c\n'}
[8.177115] (unity_ros_msgs) StdoutLine: {'line': b'-- Installing: /home/yadhu/ur3e/src/install/unity_ros_msgs/local/lib/python3.10/dist-packages/unity_ros_msgs/srv\n'}
[8.177161] (unity_ros_msgs) StdoutLine: {'line': b'-- Installing: /home/yadhu/ur3e/src/install/unity_ros_msgs/local/lib/python3.10/dist-packages/unity_ros_msgs/srv/_ur_mover_service_s.c\n'}
[8.177207] (unity_ros_msgs) StdoutLine: {'line': b'-- Installing: /home/yadhu/ur3e/src/install/unity_ros_msgs/local/lib/python3.10/dist-packages/unity_ros_msgs/srv/_ur_mover_service.py\n'}
[8.177254] (unity_ros_msgs) StdoutLine: {'line': b'-- Installing: /home/yadhu/ur3e/src/install/unity_ros_msgs/local/lib/python3.10/dist-packages/unity_ros_msgs/srv/__init__.py\n'}
[8.177301] (unity_ros_msgs) StdoutLine: {'line': b'-- Installing: /home/yadhu/ur3e/src/install/unity_ros_msgs/local/lib/python3.10/dist-packages/unity_ros_msgs/_unity_ros_msgs_s.ep.rosidl_typesupport_fastrtps_c.c\n'}
[8.177349] (unity_ros_msgs) StdoutLine: {'line': b'-- Installing: /home/yadhu/ur3e/src/install/unity_ros_msgs/local/lib/python3.10/dist-packages/unity_ros_msgs/_unity_ros_msgs_s.ep.rosidl_typesupport_introspection_c.c\n'}
[8.177394] (unity_ros_msgs) StdoutLine: {'line': b'-- Installing: /home/yadhu/ur3e/src/install/unity_ros_msgs/local/lib/python3.10/dist-packages/unity_ros_msgs/__init__.py\n'}
[8.177440] (unity_ros_msgs) StdoutLine: {'line': b'-- Installing: /home/yadhu/ur3e/src/install/unity_ros_msgs/local/lib/python3.10/dist-packages/unity_ros_msgs/libunity_ros_msgs__rosidl_generator_py.so\n'}
[8.177484] (unity_ros_msgs) StdoutLine: {'line': b'-- Installing: /home/yadhu/ur3e/src/install/unity_ros_msgs/local/lib/python3.10/dist-packages/unity_ros_msgs/unity_ros_msgs_s__rosidl_typesupport_fastrtps_c.cpython-310-x86_64-linux-gnu.so\n'}
[8.177533] (unity_ros_msgs) StdoutLine: {'line': b'-- Installing: /home/yadhu/ur3e/src/install/unity_ros_msgs/local/lib/python3.10/dist-packages/unity_ros_msgs/unity_ros_msgs_s__rosidl_typesupport_introspection_c.cpython-310-x86_64-linux-gnu.so\n'}
[8.197097] (ur_robotiq) StdoutLine: {'line': b'[ 89%] \x1b[32m\x1b[1mLinking C shared library rosidl_generator_py/ur_robotiq/libur_robotiq__rosidl_generator_py.so\x1b[0m\n'}
[8.212252] (unity_ros_msgs) StdoutLine: {'line': b"Listing '/home/yadhu/ur3e/src/install/unity_ros_msgs/local/lib/python3.10/dist-packages/unity_ros_msgs'...\n"}
[8.212399] (unity_ros_msgs) StdoutLine: {'line': b"Compiling '/home/yadhu/ur3e/src/install/unity_ros_msgs/local/lib/python3.10/dist-packages/unity_ros_msgs/__init__.py'...\n"}
[8.212463] (unity_ros_msgs) StdoutLine: {'line': b"Listing '/home/yadhu/ur3e/src/install/unity_ros_msgs/local/lib/python3.10/dist-packages/unity_ros_msgs/msg'...\n"}
[8.212514] (unity_ros_msgs) StdoutLine: {'line': b"Compiling '/home/yadhu/ur3e/src/install/unity_ros_msgs/local/lib/python3.10/dist-packages/unity_ros_msgs/msg/__init__.py'...\n"}
[8.212561] (unity_ros_msgs) StdoutLine: {'line': b"Compiling '/home/yadhu/ur3e/src/install/unity_ros_msgs/local/lib/python3.10/dist-packages/unity_ros_msgs/msg/_ur3e_gripper.py'...\n"}
[8.212614] (unity_ros_msgs) StdoutLine: {'line': b"Compiling '/home/yadhu/ur3e/src/install/unity_ros_msgs/local/lib/python3.10/dist-packages/unity_ros_msgs/msg/_ur3e_moveit_joints.py'...\n"}
[8.212663] (unity_ros_msgs) StdoutLine: {'line': b"Compiling '/home/yadhu/ur3e/src/install/unity_ros_msgs/local/lib/python3.10/dist-packages/unity_ros_msgs/msg/_ur3e_trajectory.py'...\n"}
[8.212710] (unity_ros_msgs) StdoutLine: {'line': b"Listing '/home/yadhu/ur3e/src/install/unity_ros_msgs/local/lib/python3.10/dist-packages/unity_ros_msgs/srv'...\n"}
[8.212756] (unity_ros_msgs) StdoutLine: {'line': b"Compiling '/home/yadhu/ur3e/src/install/unity_ros_msgs/local/lib/python3.10/dist-packages/unity_ros_msgs/srv/__init__.py'...\n"}
[8.212820] (unity_ros_msgs) StdoutLine: {'line': b"Compiling '/home/yadhu/ur3e/src/install/unity_ros_msgs/local/lib/python3.10/dist-packages/unity_ros_msgs/srv/_ur_mover_service.py'...\n"}
[8.215890] (unity_ros_msgs) StdoutLine: {'line': b'-- Installing: /home/yadhu/ur3e/src/install/unity_ros_msgs/local/lib/python3.10/dist-packages/unity_ros_msgs/unity_ros_msgs_s__rosidl_typesupport_fastrtps_c.cpython-310-x86_64-linux-gnu.so\n'}
[8.216086] (unity_ros_msgs) StdoutLine: {'line': b'-- Set runtime path of "/home/yadhu/ur3e/src/install/unity_ros_msgs/local/lib/python3.10/dist-packages/unity_ros_msgs/unity_ros_msgs_s__rosidl_typesupport_fastrtps_c.cpython-310-x86_64-linux-gnu.so" to ""\n'}
[8.216191] (unity_ros_msgs) StdoutLine: {'line': b'-- Installing: /home/yadhu/ur3e/src/install/unity_ros_msgs/local/lib/python3.10/dist-packages/unity_ros_msgs/unity_ros_msgs_s__rosidl_typesupport_introspection_c.cpython-310-x86_64-linux-gnu.so\n'}
[8.216297] (unity_ros_msgs) StdoutLine: {'line': b'-- Set runtime path of "/home/yadhu/ur3e/src/install/unity_ros_msgs/local/lib/python3.10/dist-packages/unity_ros_msgs/unity_ros_msgs_s__rosidl_typesupport_introspection_c.cpython-310-x86_64-linux-gnu.so" to ""\n'}
[8.216410] (unity_ros_msgs) StdoutLine: {'line': b'-- Installing: /home/yadhu/ur3e/src/install/unity_ros_msgs/local/lib/python3.10/dist-packages/unity_ros_msgs/unity_ros_msgs_s__rosidl_typesupport_c.cpython-310-x86_64-linux-gnu.so\n'}
[8.216484] (unity_ros_msgs) StdoutLine: {'line': b'-- Set runtime path of "/home/yadhu/ur3e/src/install/unity_ros_msgs/local/lib/python3.10/dist-packages/unity_ros_msgs/unity_ros_msgs_s__rosidl_typesupport_c.cpython-310-x86_64-linux-gnu.so" to ""\n'}
[8.216537] (unity_ros_msgs) StdoutLine: {'line': b'-- Installing: /home/yadhu/ur3e/src/install/unity_ros_msgs/lib/libunity_ros_msgs__rosidl_generator_py.so\n'}
[8.216600] (unity_ros_msgs) StdoutLine: {'line': b'-- Set runtime path of "/home/yadhu/ur3e/src/install/unity_ros_msgs/lib/libunity_ros_msgs__rosidl_generator_py.so" to ""\n'}
[8.216782] (unity_ros_msgs) StdoutLine: {'line': b'-- Installing: /home/yadhu/ur3e/src/install/unity_ros_msgs/share/unity_ros_msgs/msg/UR3eGripper.idl\n'}
[8.216962] (unity_ros_msgs) StdoutLine: {'line': b'-- Installing: /home/yadhu/ur3e/src/install/unity_ros_msgs/share/unity_ros_msgs/msg/UR3eMoveitJoints.idl\n'}
[8.217045] (unity_ros_msgs) StdoutLine: {'line': b'-- Installing: /home/yadhu/ur3e/src/install/unity_ros_msgs/share/unity_ros_msgs/msg/UR3eTrajectory.idl\n'}
[8.217121] (unity_ros_msgs) StdoutLine: {'line': b'-- Installing: /home/yadhu/ur3e/src/install/unity_ros_msgs/share/unity_ros_msgs/srv/UrMoverService.idl\n'}
[8.217192] (unity_ros_msgs) StdoutLine: {'line': b'-- Installing: /home/yadhu/ur3e/src/install/unity_ros_msgs/share/unity_ros_msgs/msg/UR3eGripper.msg\n'}
[8.217284] (unity_ros_msgs) StdoutLine: {'line': b'-- Installing: /home/yadhu/ur3e/src/install/unity_ros_msgs/share/unity_ros_msgs/msg/UR3eMoveitJoints.msg\n'}
[8.217396] (unity_ros_msgs) StdoutLine: {'line': b'-- Installing: /home/yadhu/ur3e/src/install/unity_ros_msgs/share/unity_ros_msgs/msg/UR3eTrajectory.msg\n'}
[8.217465] (unity_ros_msgs) StdoutLine: {'line': b'-- Installing: /home/yadhu/ur3e/src/install/unity_ros_msgs/share/unity_ros_msgs/srv/UrMoverService.srv\n'}
[8.217534] (unity_ros_msgs) StdoutLine: {'line': b'-- Installing: /home/yadhu/ur3e/src/install/unity_ros_msgs/share/unity_ros_msgs/srv/UrMoverService_Request.msg\n'}
[8.217633] (unity_ros_msgs) StdoutLine: {'line': b'-- Installing: /home/yadhu/ur3e/src/install/unity_ros_msgs/share/unity_ros_msgs/srv/UrMoverService_Response.msg\n'}
[8.217702] (unity_ros_msgs) StdoutLine: {'line': b'-- Installing: /home/yadhu/ur3e/src/install/unity_ros_msgs/share/ament_index/resource_index/package_run_dependencies/unity_ros_msgs\n'}
[8.217776] (unity_ros_msgs) StdoutLine: {'line': b'-- Installing: /home/yadhu/ur3e/src/install/unity_ros_msgs/share/ament_index/resource_index/parent_prefix_path/unity_ros_msgs\n'}
[8.217875] (unity_ros_msgs) StdoutLine: {'line': b'-- Installing: /home/yadhu/ur3e/src/install/unity_ros_msgs/share/unity_ros_msgs/environment/ament_prefix_path.sh\n'}
[8.217945] (unity_ros_msgs) StdoutLine: {'line': b'-- Installing: /home/yadhu/ur3e/src/install/unity_ros_msgs/share/unity_ros_msgs/environment/ament_prefix_path.dsv\n'}
[8.218013] (unity_ros_msgs) StdoutLine: {'line': b'-- Installing: /home/yadhu/ur3e/src/install/unity_ros_msgs/share/unity_ros_msgs/environment/path.sh\n'}
[8.218081] (unity_ros_msgs) StdoutLine: {'line': b'-- Installing: /home/yadhu/ur3e/src/install/unity_ros_msgs/share/unity_ros_msgs/environment/path.dsv\n'}
[8.218148] (unity_ros_msgs) StdoutLine: {'line': b'-- Installing: /home/yadhu/ur3e/src/install/unity_ros_msgs/share/unity_ros_msgs/local_setup.bash\n'}
[8.218215] (unity_ros_msgs) StdoutLine: {'line': b'-- Installing: /home/yadhu/ur3e/src/install/unity_ros_msgs/share/unity_ros_msgs/local_setup.sh\n'}
[8.218284] (unity_ros_msgs) StdoutLine: {'line': b'-- Installing: /home/yadhu/ur3e/src/install/unity_ros_msgs/share/unity_ros_msgs/local_setup.zsh\n'}
[8.218371] (unity_ros_msgs) StdoutLine: {'line': b'-- Installing: /home/yadhu/ur3e/src/install/unity_ros_msgs/share/unity_ros_msgs/local_setup.dsv\n'}
[8.218484] (unity_ros_msgs) StdoutLine: {'line': b'-- Installing: /home/yadhu/ur3e/src/install/unity_ros_msgs/share/unity_ros_msgs/package.dsv\n'}
[8.218559] (unity_ros_msgs) StdoutLine: {'line': b'-- Installing: /home/yadhu/ur3e/src/install/unity_ros_msgs/share/ament_index/resource_index/packages/unity_ros_msgs\n'}
[8.218627] (unity_ros_msgs) StdoutLine: {'line': b'-- Installing: /home/yadhu/ur3e/src/install/unity_ros_msgs/share/unity_ros_msgs/cmake/export_unity_ros_msgs__rosidl_generator_cExport.cmake\n'}
[8.218695] (unity_ros_msgs) StdoutLine: {'line': b'-- Installing: /home/yadhu/ur3e/src/install/unity_ros_msgs/share/unity_ros_msgs/cmake/export_unity_ros_msgs__rosidl_generator_cExport-noconfig.cmake\n'}
[8.218763] (unity_ros_msgs) StdoutLine: {'line': b'-- Installing: /home/yadhu/ur3e/src/install/unity_ros_msgs/share/unity_ros_msgs/cmake/export_unity_ros_msgs__rosidl_typesupport_fastrtps_cExport.cmake\n'}
[8.218887] (unity_ros_msgs) StdoutLine: {'line': b'-- Installing: /home/yadhu/ur3e/src/install/unity_ros_msgs/share/unity_ros_msgs/cmake/export_unity_ros_msgs__rosidl_typesupport_fastrtps_cExport-noconfig.cmake\n'}
[8.218956] (unity_ros_msgs) StdoutLine: {'line': b'-- Installing: /home/yadhu/ur3e/src/install/unity_ros_msgs/share/unity_ros_msgs/cmake/unity_ros_msgs__rosidl_typesupport_introspection_cExport.cmake\n'}
[8.219024] (unity_ros_msgs) StdoutLine: {'line': b'-- Installing: /home/yadhu/ur3e/src/install/unity_ros_msgs/share/unity_ros_msgs/cmake/unity_ros_msgs__rosidl_typesupport_introspection_cExport-noconfig.cmake\n'}
[8.219092] (unity_ros_msgs) StdoutLine: {'line': b'-- Installing: /home/yadhu/ur3e/src/install/unity_ros_msgs/share/unity_ros_msgs/cmake/unity_ros_msgs__rosidl_typesupport_cExport.cmake\n'}
[8.219161] (unity_ros_msgs) StdoutLine: {'line': b'-- Installing: /home/yadhu/ur3e/src/install/unity_ros_msgs/share/unity_ros_msgs/cmake/unity_ros_msgs__rosidl_typesupport_cExport-noconfig.cmake\n'}
[8.219259] (unity_ros_msgs) StdoutLine: {'line': b'-- Installing: /home/yadhu/ur3e/src/install/unity_ros_msgs/share/unity_ros_msgs/cmake/export_unity_ros_msgs__rosidl_generator_cppExport.cmake\n'}
[8.219355] (unity_ros_msgs) StdoutLine: {'line': b'-- Installing: /home/yadhu/ur3e/src/install/unity_ros_msgs/share/unity_ros_msgs/cmake/export_unity_ros_msgs__rosidl_typesupport_fastrtps_cppExport.cmake\n'}
[8.219427] (unity_ros_msgs) StdoutLine: {'line': b'-- Installing: /home/yadhu/ur3e/src/install/unity_ros_msgs/share/unity_ros_msgs/cmake/export_unity_ros_msgs__rosidl_typesupport_fastrtps_cppExport-noconfig.cmake\n'}
[8.219495] (unity_ros_msgs) StdoutLine: {'line': b'-- Installing: /home/yadhu/ur3e/src/install/unity_ros_msgs/share/unity_ros_msgs/cmake/unity_ros_msgs__rosidl_typesupport_introspection_cppExport.cmake\n'}
[8.219563] (unity_ros_msgs) StdoutLine: {'line': b'-- Installing: /home/yadhu/ur3e/src/install/unity_ros_msgs/share/unity_ros_msgs/cmake/unity_ros_msgs__rosidl_typesupport_introspection_cppExport-noconfig.cmake\n'}
[8.219631] (unity_ros_msgs) StdoutLine: {'line': b'-- Installing: /home/yadhu/ur3e/src/install/unity_ros_msgs/share/unity_ros_msgs/cmake/unity_ros_msgs__rosidl_typesupport_cppExport.cmake\n'}
[8.219699] (unity_ros_msgs) StdoutLine: {'line': b'-- Installing: /home/yadhu/ur3e/src/install/unity_ros_msgs/share/unity_ros_msgs/cmake/unity_ros_msgs__rosidl_typesupport_cppExport-noconfig.cmake\n'}
[8.219811] (unity_ros_msgs) StdoutLine: {'line': b'-- Installing: /home/yadhu/ur3e/src/install/unity_ros_msgs/share/unity_ros_msgs/cmake/export_unity_ros_msgs__rosidl_generator_pyExport.cmake\n'}
[8.219984] (unity_ros_msgs) StdoutLine: {'line': b'-- Installing: /home/yadhu/ur3e/src/install/unity_ros_msgs/share/unity_ros_msgs/cmake/export_unity_ros_msgs__rosidl_generator_pyExport-noconfig.cmake\n'}
[8.220039] (unity_ros_msgs) StdoutLine: {'line': b'-- Installing: /home/yadhu/ur3e/src/install/unity_ros_msgs/share/unity_ros_msgs/cmake/rosidl_cmake-extras.cmake\n'}
[8.220072] (unity_ros_msgs) StdoutLine: {'line': b'-- Installing: /home/yadhu/ur3e/src/install/unity_ros_msgs/share/unity_ros_msgs/cmake/ament_cmake_export_dependencies-extras.cmake\n'}
[8.220103] (unity_ros_msgs) StdoutLine: {'line': b'-- Installing: /home/yadhu/ur3e/src/install/unity_ros_msgs/share/unity_ros_msgs/cmake/ament_cmake_export_include_directories-extras.cmake\n'}
[8.220131] (unity_ros_msgs) StdoutLine: {'line': b'-- Installing: /home/yadhu/ur3e/src/install/unity_ros_msgs/share/unity_ros_msgs/cmake/ament_cmake_export_libraries-extras.cmake\n'}
[8.220158] (unity_ros_msgs) StdoutLine: {'line': b'-- Installing: /home/yadhu/ur3e/src/install/unity_ros_msgs/share/unity_ros_msgs/cmake/ament_cmake_export_targets-extras.cmake\n'}
[8.220186] (unity_ros_msgs) StdoutLine: {'line': b'-- Installing: /home/yadhu/ur3e/src/install/unity_ros_msgs/share/unity_ros_msgs/cmake/rosidl_cmake_export_typesupport_targets-extras.cmake\n'}
[8.220213] (unity_ros_msgs) StdoutLine: {'line': b'-- Installing: /home/yadhu/ur3e/src/install/unity_ros_msgs/share/unity_ros_msgs/cmake/rosidl_cmake_export_typesupport_libraries-extras.cmake\n'}
[8.220239] (unity_ros_msgs) StdoutLine: {'line': b'-- Installing: /home/yadhu/ur3e/src/install/unity_ros_msgs/share/unity_ros_msgs/cmake/unity_ros_msgsConfig.cmake\n'}
[8.220265] (unity_ros_msgs) StdoutLine: {'line': b'-- Installing: /home/yadhu/ur3e/src/install/unity_ros_msgs/share/unity_ros_msgs/cmake/unity_ros_msgsConfig-version.cmake\n'}
[8.220293] (unity_ros_msgs) StdoutLine: {'line': b'-- Installing: /home/yadhu/ur3e/src/install/unity_ros_msgs/share/unity_ros_msgs/package.xml\n'}
[8.221402] (unity_ros_msgs) CommandEnded: {'returncode': 0}
[8.233777] (-) TimerEvent: {}
[8.240206] (ur_robotiq) StdoutLine: {'line': b'[ 89%] Built target ur_robotiq__rosidl_generator_py\n'}
[8.254053] (ur_robotiq) StdoutLine: {'line': b'[ 92%] \x1b[32mBuilding C object CMakeFiles/ur_robotiq__rosidl_typesupport_c__pyext.dir/rosidl_generator_py/ur_robotiq/_ur_robotiq_s.ep.rosidl_typesupport_c.c.o\x1b[0m\n'}
[8.254232] (ur_robotiq) StdoutLine: {'line': b'[ 92%] \x1b[32mBuilding C object CMakeFiles/ur_robotiq__rosidl_typesupport_fastrtps_c__pyext.dir/rosidl_generator_py/ur_robotiq/_ur_robotiq_s.ep.rosidl_typesupport_fastrtps_c.c.o\x1b[0m\n'}
[8.258250] (ur_robotiq) StdoutLine: {'line': b'[ 94%] \x1b[32mBuilding C object CMakeFiles/ur_robotiq__rosidl_typesupport_introspection_c__pyext.dir/rosidl_generator_py/ur_robotiq/_ur_robotiq_s.ep.rosidl_typesupport_introspection_c.c.o\x1b[0m\n'}
[8.324790] (unity_ros_msgs) JobEnded: {'identifier': 'unity_ros_msgs', 'rc': 0}
[8.325560] (cppfile) JobStarted: {'identifier': 'cppfile'}
[8.333836] (-) TimerEvent: {}
[8.340152] (cppfile) JobProgress: {'identifier': 'cppfile', 'progress': 'cmake'}
[8.341340] (cppfile) JobProgress: {'identifier': 'cppfile', 'progress': 'build'}
[8.342173] (cppfile) Command: {'cmd': ['/usr/bin/cmake', '--build', '/home/yadhu/ur3e/src/build/cppfile', '--', '-j16', '-l16'], 'cwd': '/home/yadhu/ur3e/src/build/cppfile', 'env': OrderedDict([('HOSTNAME', 'yadhuk'), ('GIT_ASKPASS', '/vscode/vscode-server/bin/linux-x64/e54c774e0add60467559eb0d1e229c6452cf8447/extensions/git/dist/askpass.sh'), ('SHLVL', '2'), ('LD_LIBRARY_PATH', '/home/yadhu/ur3e/src/install/unity_ros_msgs/lib:/home/yadhu/ur3e/src/install/unity_robotics_demo_msgs/lib:/home/yadhu/ur3e/src/install/moveit_msgs/lib:/usr/lib/x86_64-linux-gnu/gazebo-11/plugins:/opt/ros/humble/opt/rviz_ogre_vendor/lib:/opt/ros/humble/lib/x86_64-linux-gnu:/opt/ros/humble/lib'), ('BROWSER', '/vscode/vscode-server/bin/linux-x64/e54c774e0add60467559eb0d1e229c6452cf8447/bin/helpers/browser.sh'), ('HOME', '/home/yadhu'), ('OLDPWD', '/home/yadhu/ur3e'), ('TERM_PROGRAM_VERSION', '1.97.2'), ('VSCODE_IPC_HOOK_CLI', '/tmp/vscode-ipc-191d809e-ad6a-48a3-8c83-2991c7349be6.sock'), ('DEBUGPY_ADAPTER_ENDPOINTS', '/home/yadhu/.vscode-server/extensions/ms-python.debugpy-2025.0.1-linux-x64/.noConfigDebugAdapterEndpoints/endpoint-00e5a96652343ffc.txt'), ('ROS_PYTHON_VERSION', '3'), ('VSCODE_GIT_ASKPASS_MAIN', '/vscode/vscode-server/bin/linux-x64/e54c774e0add60467559eb0d1e229c6452cf8447/extensions/git/dist/askpass-main.js'), ('VSCODE_GIT_ASKPASS_NODE', '/vscode/vscode-server/bin/linux-x64/e54c774e0add60467559eb0d1e229c6452cf8447/node'), ('PYDEVD_DISABLE_FILE_VALIDATION', '1'), ('BUNDLED_DEBUGPY_PATH', '/home/yadhu/.vscode-server/extensions/ms-python.debugpy-2025.0.1-linux-x64/bundled/libs/debugpy'), ('COLORTERM', 'truecolor'), ('REMOTE_CONTAINERS', 'true'), ('ROS_DISTRO', 'humble'), ('REMOTE_CONTAINERS_IPC', '/tmp/vscode-remote-containers-ipc-3b15b7cf-88ad-4a56-828c-69c61a495d31.sock'), ('_', '/usr/bin/colcon'), ('ROS_VERSION', '2'), ('TERM', 'xterm-256color'), ('ROS_LOCALHOST_ONLY', '0'), ('PATH', '/vscode/vscode-server/bin/linux-x64/e54c774e0add60467559eb0d1e229c6452cf8447/bin/remote-cli:/opt/ros/humble/bin:/usr/local/sbin:/usr/local/bin:/usr/sbin:/usr/bin:/sbin:/bin:/home/yadhu/.vscode-server/extensions/ms-python.debugpy-2025.0.1-linux-x64/bundled/scripts/noConfigScripts'), ('REMOTE_CONTAINERS_SOCKETS', '["/tmp/vscode-ssh-auth-3b15b7cf-88ad-4a56-828c-69c61a495d31.sock","/home/yadhu/.gnupg/S.gpg-agent"]'), ('DISPLAY', ':1'), ('LANG', 'C.UTF-8'), ('RMW_IMPLEMENTATION', 'rmw_cyclonedds_cpp'), ('LS_COLORS', 'rs=0:di=01;34:ln=01;36:mh=00:pi=40;33:so=01;35:do=01;35:bd=40;33;01:cd=40;33;01:or=40;31;01:mi=00:su=37;41:sg=30;43:ca=30;41:tw=30;42:ow=34;42:st=37;44:ex=01;32:*.tar=01;31:*.tgz=01;31:*.arc=01;31:*.arj=01;31:*.taz=01;31:*.lha=01;31:*.lz4=01;31:*.lzh=01;31:*.lzma=01;31:*.tlz=01;31:*.txz=01;31:*.tzo=01;31:*.t7z=01;31:*.zip=01;31:*.z=01;31:*.dz=01;31:*.gz=01;31:*.lrz=01;31:*.lz=01;31:*.lzo=01;31:*.xz=01;31:*.zst=01;31:*.tzst=01;31:*.bz2=01;31:*.bz=01;31:*.tbz=01;31:*.tbz2=01;31:*.tz=01;31:*.deb=01;31:*.rpm=01;31:*.jar=01;31:*.war=01;31:*.ear=01;31:*.sar=01;31:*.rar=01;31:*.alz=01;31:*.ace=01;31:*.zoo=01;31:*.cpio=01;31:*.7z=01;31:*.rz=01;31:*.cab=01;31:*.wim=01;31:*.swm=01;31:*.dwm=01;31:*.esd=01;31:*.jpg=01;35:*.jpeg=01;35:*.mjpg=01;35:*.mjpeg=01;35:*.gif=01;35:*.bmp=01;35:*.pbm=01;35:*.pgm=01;35:*.ppm=01;35:*.tga=01;35:*.xbm=01;35:*.xpm=01;35:*.tif=01;35:*.tiff=01;35:*.png=01;35:*.svg=01;35:*.svgz=01;35:*.mng=01;35:*.pcx=01;35:*.mov=01;35:*.mpg=01;35:*.mpeg=01;35:*.m2v=01;35:*.mkv=01;35:*.webm=01;35:*.webp=01;35:*.ogm=01;35:*.mp4=01;35:*.m4v=01;35:*.mp4v=01;35:*.vob=01;35:*.qt=01;35:*.nuv=01;35:*.wmv=01;35:*.asf=01;35:*.rm=01;35:*.rmvb=01;35:*.flc=01;35:*.avi=01;35:*.fli=01;35:*.flv=01;35:*.gl=01;35:*.dl=01;35:*.xcf=01;35:*.xwd=01;35:*.yuv=01;35:*.cgm=01;35:*.emf=01;35:*.ogv=01;35:*.ogx=01;35:*.aac=00;36:*.au=00;36:*.flac=00;36:*.m4a=00;36:*.mid=00;36:*.midi=00;36:*.mka=00;36:*.mp3=00;36:*.mpc=00;36:*.ogg=00;36:*.ra=00;36:*.wav=00;36:*.oga=00;36:*.opus=00;36:*.spx=00;36:*.xspf=00;36:'), ('VSCODE_GIT_IPC_HANDLE', '/tmp/vscode-git-09c052f1c4.sock'), ('TERM_PROGRAM', 'vscode'), ('SSH_AUTH_SOCK', '/tmp/vscode-ssh-auth-3b15b7cf-88ad-4a56-828c-69c61a495d31.sock'), ('ROS_DOMAIN_ID', '42'), ('AMENT_PREFIX_PATH', '/home/yadhu/ur3e/src/install/ur_description:/home/yadhu/ur3e/src/install/unity_ros_msgs:/home/yadhu/ur3e/src/install/unity_robotics_demo_msgs:/home/yadhu/ur3e/src/install/robotiq_description:/home/yadhu/ur3e/src/install/moveit_msgs:/opt/ros/humble'), ('SHELL', '/bin/bash'), ('ROS_AUTOMATIC_DISCOVERY_RANGE', 'LOCALHOST'), ('VSCODE_GIT_ASKPASS_EXTRA_ARGS', ''), ('PWD', '/home/yadhu/ur3e/src/build/cppfile'), ('LC_ALL', 'C.UTF-8'), ('PYTHONPATH', '/home/yadhu/ur3e/src/install/unity_ros_msgs/local/lib/python3.10/dist-packages:/home/yadhu/ur3e/src/install/unity_robotics_demo_msgs/local/lib/python3.10/dist-packages:/home/yadhu/ur3e/src/install/moveit_msgs/local/lib/python3.10/dist-packages:/opt/ros/humble/lib/python3.10/site-packages:/opt/ros/humble/local/lib/python3.10/dist-packages'), ('COLCON', '1'), ('CMAKE_PREFIX_PATH', '/home/yadhu/ur3e/src/install/ur_description:/home/yadhu/ur3e/src/install/unity_ros_msgs:/home/yadhu/ur3e/src/install/unity_robotics_demo_msgs:/home/yadhu/ur3e/src/install/robotiq_description:/home/yadhu/ur3e/src/install/moveit_msgs:/opt/ros/humble')]), 'shell': False}
[8.352950] (ur_robotiq) StdoutLine: {'line': b'[ 96%] \x1b[32m\x1b[1mLinking C shared library rosidl_generator_py/ur_robotiq/ur_robotiq_s__rosidl_typesupport_c.cpython-310-x86_64-linux-gnu.so\x1b[0m\n'}
[8.356524] (ur_robotiq) StdoutLine: {'line': b'[ 98%] \x1b[32m\x1b[1mLinking C shared library rosidl_generator_py/ur_robotiq/ur_robotiq_s__rosidl_typesupport_fastrtps_c.cpython-310-x86_64-linux-gnu.so\x1b[0m\n'}
[8.358589] (ur_robotiq) StdoutLine: {'line': b'[100%] \x1b[32m\x1b[1mLinking C shared library rosidl_generator_py/ur_robotiq/ur_robotiq_s__rosidl_typesupport_introspection_c.cpython-310-x86_64-linux-gnu.so\x1b[0m\n'}
[8.386949] (cppfile) StdoutLine: {'line': b'-- Found ament_cmake: 1.3.10 (/opt/ros/humble/share/ament_cmake/cmake)\n'}
[8.411234] (ur_robotiq) StdoutLine: {'line': b'[100%] Built target ur_robotiq__rosidl_typesupport_fastrtps_c__pyext\n'}
[8.415437] (ur_robotiq) StdoutLine: {'line': b'[100%] Built target ur_robotiq__rosidl_typesupport_c__pyext\n'}
[8.431004] (ur_robotiq) StdoutLine: {'line': b'[100%] Built target ur_robotiq__rosidl_typesupport_introspection_c__pyext\n'}
[8.433911] (-) TimerEvent: {}
[8.439129] (ur_robotiq) CommandEnded: {'returncode': 0}
[8.496644] (cppfile) StdoutLine: {'line': b'-- Found ur_description: 2.1.4 (/home/yadhu/ur3e/src/install/ur_description/share/ur_description/cmake)\n'}
[8.496835] (cppfile) StdoutLine: {'line': b'-- Found unity_robotics_demo_msgs: 0.0.1 (/home/yadhu/ur3e/src/install/unity_robotics_demo_msgs/share/unity_robotics_demo_msgs/cmake)\n'}
[8.514212] (cppfile) StdoutLine: {'line': b'-- Found rosidl_generator_c: 3.1.5 (/opt/ros/humble/share/rosidl_generator_c/cmake)\n'}
[8.515917] (cppfile) StdoutLine: {'line': b'-- Found rosidl_adapter: 3.1.5 (/opt/ros/humble/share/rosidl_adapter/cmake)\n'}
[8.520022] (cppfile) StdoutLine: {'line': b'-- Found rosidl_generator_cpp: 3.1.5 (/opt/ros/humble/share/rosidl_generator_cpp/cmake)\n'}
[8.526522] (cppfile) StdoutLine: {'line': b'-- Using all available rosidl_typesupport_c: rosidl_typesupport_fastrtps_c;rosidl_typesupport_introspection_c\n'}
[8.533980] (-) TimerEvent: {}
[8.534843] (cppfile) StdoutLine: {'line': b'-- Using all available rosidl_typesupport_cpp: rosidl_typesupport_fastrtps_cpp;rosidl_typesupport_introspection_cpp\n'}
[8.538144] (ur_robotiq) JobProgress: {'identifier': 'ur_robotiq', 'progress': 'install'}
[8.538185] (ur_robotiq) Command: {'cmd': ['/usr/bin/cmake', '--install', '/home/yadhu/ur3e/src/build/ur_robotiq'], 'cwd': '/home/yadhu/ur3e/src/build/ur_robotiq', 'env': OrderedDict([('HOSTNAME', 'yadhuk'), ('GIT_ASKPASS', '/vscode/vscode-server/bin/linux-x64/e54c774e0add60467559eb0d1e229c6452cf8447/extensions/git/dist/askpass.sh'), ('SHLVL', '2'), ('LD_LIBRARY_PATH', '/home/yadhu/ur3e/src/install/moveit_msgs/lib:/usr/lib/x86_64-linux-gnu/gazebo-11/plugins:/opt/ros/humble/opt/rviz_ogre_vendor/lib:/opt/ros/humble/lib/x86_64-linux-gnu:/opt/ros/humble/lib'), ('BROWSER', '/vscode/vscode-server/bin/linux-x64/e54c774e0add60467559eb0d1e229c6452cf8447/bin/helpers/browser.sh'), ('HOME', '/home/yadhu'), ('OLDPWD', '/home/yadhu/ur3e'), ('TERM_PROGRAM_VERSION', '1.97.2'), ('VSCODE_IPC_HOOK_CLI', '/tmp/vscode-ipc-191d809e-ad6a-48a3-8c83-2991c7349be6.sock'), ('DEBUGPY_ADAPTER_ENDPOINTS', '/home/yadhu/.vscode-server/extensions/ms-python.debugpy-2025.0.1-linux-x64/.noConfigDebugAdapterEndpoints/endpoint-00e5a96652343ffc.txt'), ('ROS_PYTHON_VERSION', '3'), ('VSCODE_GIT_ASKPASS_MAIN', '/vscode/vscode-server/bin/linux-x64/e54c774e0add60467559eb0d1e229c6452cf8447/extensions/git/dist/askpass-main.js'), ('VSCODE_GIT_ASKPASS_NODE', '/vscode/vscode-server/bin/linux-x64/e54c774e0add60467559eb0d1e229c6452cf8447/node'), ('PYDEVD_DISABLE_FILE_VALIDATION', '1'), ('BUNDLED_DEBUGPY_PATH', '/home/yadhu/.vscode-server/extensions/ms-python.debugpy-2025.0.1-linux-x64/bundled/libs/debugpy'), ('COLORTERM', 'truecolor'), ('REMOTE_CONTAINERS', 'true'), ('ROS_DISTRO', 'humble'), ('REMOTE_CONTAINERS_IPC', '/tmp/vscode-remote-containers-ipc-3b15b7cf-88ad-4a56-828c-69c61a495d31.sock'), ('_', '/usr/bin/colcon'), ('ROS_VERSION', '2'), ('TERM', 'xterm-256color'), ('ROS_LOCALHOST_ONLY', '0'), ('PATH', '/vscode/vscode-server/bin/linux-x64/e54c774e0add60467559eb0d1e229c6452cf8447/bin/remote-cli:/opt/ros/humble/bin:/usr/local/sbin:/usr/local/bin:/usr/sbin:/usr/bin:/sbin:/bin:/home/yadhu/.vscode-server/extensions/ms-python.debugpy-2025.0.1-linux-x64/bundled/scripts/noConfigScripts'), ('REMOTE_CONTAINERS_SOCKETS', '["/tmp/vscode-ssh-auth-3b15b7cf-88ad-4a56-828c-69c61a495d31.sock","/home/yadhu/.gnupg/S.gpg-agent"]'), ('DISPLAY', ':1'), ('LANG', 'C.UTF-8'), ('RMW_IMPLEMENTATION', 'rmw_cyclonedds_cpp'), ('LS_COLORS', 'rs=0:di=01;34:ln=01;36:mh=00:pi=40;33:so=01;35:do=01;35:bd=40;33;01:cd=40;33;01:or=40;31;01:mi=00:su=37;41:sg=30;43:ca=30;41:tw=30;42:ow=34;42:st=37;44:ex=01;32:*.tar=01;31:*.tgz=01;31:*.arc=01;31:*.arj=01;31:*.taz=01;31:*.lha=01;31:*.lz4=01;31:*.lzh=01;31:*.lzma=01;31:*.tlz=01;31:*.txz=01;31:*.tzo=01;31:*.t7z=01;31:*.zip=01;31:*.z=01;31:*.dz=01;31:*.gz=01;31:*.lrz=01;31:*.lz=01;31:*.lzo=01;31:*.xz=01;31:*.zst=01;31:*.tzst=01;31:*.bz2=01;31:*.bz=01;31:*.tbz=01;31:*.tbz2=01;31:*.tz=01;31:*.deb=01;31:*.rpm=01;31:*.jar=01;31:*.war=01;31:*.ear=01;31:*.sar=01;31:*.rar=01;31:*.alz=01;31:*.ace=01;31:*.zoo=01;31:*.cpio=01;31:*.7z=01;31:*.rz=01;31:*.cab=01;31:*.wim=01;31:*.swm=01;31:*.dwm=01;31:*.esd=01;31:*.jpg=01;35:*.jpeg=01;35:*.mjpg=01;35:*.mjpeg=01;35:*.gif=01;35:*.bmp=01;35:*.pbm=01;35:*.pgm=01;35:*.ppm=01;35:*.tga=01;35:*.xbm=01;35:*.xpm=01;35:*.tif=01;35:*.tiff=01;35:*.png=01;35:*.svg=01;35:*.svgz=01;35:*.mng=01;35:*.pcx=01;35:*.mov=01;35:*.mpg=01;35:*.mpeg=01;35:*.m2v=01;35:*.mkv=01;35:*.webm=01;35:*.webp=01;35:*.ogm=01;35:*.mp4=01;35:*.m4v=01;35:*.mp4v=01;35:*.vob=01;35:*.qt=01;35:*.nuv=01;35:*.wmv=01;35:*.asf=01;35:*.rm=01;35:*.rmvb=01;35:*.flc=01;35:*.avi=01;35:*.fli=01;35:*.flv=01;35:*.gl=01;35:*.dl=01;35:*.xcf=01;35:*.xwd=01;35:*.yuv=01;35:*.cgm=01;35:*.emf=01;35:*.ogv=01;35:*.ogx=01;35:*.aac=00;36:*.au=00;36:*.flac=00;36:*.m4a=00;36:*.mid=00;36:*.midi=00;36:*.mka=00;36:*.mp3=00;36:*.mpc=00;36:*.ogg=00;36:*.ra=00;36:*.wav=00;36:*.oga=00;36:*.opus=00;36:*.spx=00;36:*.xspf=00;36:'), ('VSCODE_GIT_IPC_HANDLE', '/tmp/vscode-git-09c052f1c4.sock'), ('TERM_PROGRAM', 'vscode'), ('SSH_AUTH_SOCK', '/tmp/vscode-ssh-auth-3b15b7cf-88ad-4a56-828c-69c61a495d31.sock'), ('ROS_DOMAIN_ID', '42'), ('AMENT_PREFIX_PATH', '/home/yadhu/ur3e/src/install/moveit_msgs:/opt/ros/humble'), ('SHELL', '/bin/bash'), ('ROS_AUTOMATIC_DISCOVERY_RANGE', 'LOCALHOST'), ('VSCODE_GIT_ASKPASS_EXTRA_ARGS', ''), ('PWD', '/home/yadhu/ur3e/src/build/ur_robotiq'), ('LC_ALL', 'C.UTF-8'), ('PYTHONPATH', '/home/yadhu/ur3e/src/install/moveit_msgs/local/lib/python3.10/dist-packages:/opt/ros/humble/lib/python3.10/site-packages:/opt/ros/humble/local/lib/python3.10/dist-packages'), ('COLCON', '1'), ('CMAKE_PREFIX_PATH', '/home/yadhu/ur3e/src/install/moveit_msgs:/opt/ros/humble')]), 'shell': False}
[8.543952] (ur_robotiq) StdoutLine: {'line': b'-- Install configuration: ""\n'}
[8.544125] (ur_robotiq) StdoutLine: {'line': b'-- Installing: /home/yadhu/ur3e/src/install/ur_robotiq/share/ament_index/resource_index/rosidl_interfaces/ur_robotiq\n'}
[8.544295] (ur_robotiq) StdoutLine: {'line': b'-- Installing: /home/yadhu/ur3e/src/install/ur_robotiq/include/ur_robotiq/ur_robotiq\n'}
[8.544407] (ur_robotiq) StdoutLine: {'line': b'-- Installing: /home/yadhu/ur3e/src/install/ur_robotiq/include/ur_robotiq/ur_robotiq/msg\n'}
[8.544467] (ur_robotiq) StdoutLine: {'line': b'-- Installing: /home/yadhu/ur3e/src/install/ur_robotiq/include/ur_robotiq/ur_robotiq/msg/rosidl_generator_c__visibility_control.h\n'}
[8.544516] (ur_robotiq) StdoutLine: {'line': b'-- Installing: /home/yadhu/ur3e/src/install/ur_robotiq/include/ur_robotiq/ur_robotiq/msg/ur3e_moveit_joints.h\n'}
[8.544601] (ur_robotiq) StdoutLine: {'line': b'-- Installing: /home/yadhu/ur3e/src/install/ur_robotiq/include/ur_robotiq/ur_robotiq/msg/detail\n'}
[8.544715] (ur_robotiq) StdoutLine: {'line': b'-- Installing: /home/yadhu/ur3e/src/install/ur_robotiq/include/ur_robotiq/ur_robotiq/msg/detail/ur3e_gripper__type_support.h\n'}
[8.544815] (ur_robotiq) StdoutLine: {'line': b'-- Installing: /home/yadhu/ur3e/src/install/ur_robotiq/include/ur_robotiq/ur_robotiq/msg/detail/ur3e_trajectory__struct.h\n'}
[8.544865] (ur_robotiq) StdoutLine: {'line': b'-- Installing: /home/yadhu/ur3e/src/install/ur_robotiq/include/ur_robotiq/ur_robotiq/msg/detail/ur3e_trajectory__functions.c\n'}
[8.544909] (ur_robotiq) StdoutLine: {'line': b'-- Installing: /home/yadhu/ur3e/src/install/ur_robotiq/include/ur_robotiq/ur_robotiq/msg/detail/ur3e_moveit_joints__functions.h\n'}
[8.544949] (ur_robotiq) StdoutLine: {'line': b'-- Installing: /home/yadhu/ur3e/src/install/ur_robotiq/include/ur_robotiq/ur_robotiq/msg/detail/ur3e_moveit_joints__type_support.h\n'}
[8.545031] (ur_robotiq) StdoutLine: {'line': b'-- Installing: /home/yadhu/ur3e/src/install/ur_robotiq/include/ur_robotiq/ur_robotiq/msg/detail/ur3e_gripper__struct.h\n'}
[8.545077] (ur_robotiq) StdoutLine: {'line': b'-- Installing: /home/yadhu/ur3e/src/install/ur_robotiq/include/ur_robotiq/ur_robotiq/msg/detail/ur3e_trajectory__functions.h\n'}
[8.545118] (ur_robotiq) StdoutLine: {'line': b'-- Installing: /home/yadhu/ur3e/src/install/ur_robotiq/include/ur_robotiq/ur_robotiq/msg/detail/ur3e_moveit_joints__struct.h\n'}
[8.545156] (ur_robotiq) StdoutLine: {'line': b'-- Installing: /home/yadhu/ur3e/src/install/ur_robotiq/include/ur_robotiq/ur_robotiq/msg/detail/ur3e_moveit_joints__functions.c\n'}
[8.545224] (ur_robotiq) StdoutLine: {'line': b'-- Installing: /home/yadhu/ur3e/src/install/ur_robotiq/include/ur_robotiq/ur_robotiq/msg/detail/ur3e_trajectory__type_support.h\n'}
[8.545263] (ur_robotiq) StdoutLine: {'line': b'-- Installing: /home/yadhu/ur3e/src/install/ur_robotiq/include/ur_robotiq/ur_robotiq/msg/detail/ur3e_gripper__functions.h\n'}
[8.545335] (ur_robotiq) StdoutLine: {'line': b'-- Installing: /home/yadhu/ur3e/src/install/ur_robotiq/include/ur_robotiq/ur_robotiq/msg/detail/ur3e_gripper__functions.c\n'}
[8.545444] (ur_robotiq) StdoutLine: {'line': b'-- Installing: /home/yadhu/ur3e/src/install/ur_robotiq/include/ur_robotiq/ur_robotiq/msg/ur3e_trajectory.h\n'}
[8.545606] (ur_robotiq) StdoutLine: {'line': b'-- Installing: /home/yadhu/ur3e/src/install/ur_robotiq/include/ur_robotiq/ur_robotiq/msg/ur3e_gripper.h\n'}
[8.545682] (ur_robotiq) StdoutLine: {'line': b'-- Installing: /home/yadhu/ur3e/src/install/ur_robotiq/include/ur_robotiq/ur_robotiq/srv\n'}
[8.545751] (ur_robotiq) StdoutLine: {'line': b'-- Installing: /home/yadhu/ur3e/src/install/ur_robotiq/include/ur_robotiq/ur_robotiq/srv/ur_mover_service.h\n'}
[8.545892] (ur_robotiq) StdoutLine: {'line': b'-- Installing: /home/yadhu/ur3e/src/install/ur_robotiq/include/ur_robotiq/ur_robotiq/srv/detail\n'}
[8.545977] (ur_robotiq) StdoutLine: {'line': b'-- Installing: /home/yadhu/ur3e/src/install/ur_robotiq/include/ur_robotiq/ur_robotiq/srv/detail/ur_mover_service__functions.c\n'}
[8.546064] (ur_robotiq) StdoutLine: {'line': b'-- Installing: /home/yadhu/ur3e/src/install/ur_robotiq/include/ur_robotiq/ur_robotiq/srv/detail/ur_mover_service__struct.h\n'}
[8.546131] (ur_robotiq) StdoutLine: {'line': b'-- Installing: /home/yadhu/ur3e/src/install/ur_robotiq/include/ur_robotiq/ur_robotiq/srv/detail/ur_mover_service__type_support.h\n'}
[8.546200] (ur_robotiq) StdoutLine: {'line': b'-- Installing: /home/yadhu/ur3e/src/install/ur_robotiq/include/ur_robotiq/ur_robotiq/srv/detail/ur_mover_service__functions.h\n'}
[8.546310] (ur_robotiq) StdoutLine: {'line': b'-- Installing: /home/yadhu/ur3e/src/install/ur_robotiq/share/ur_robotiq/environment/library_path.sh\n'}
[8.546377] (ur_robotiq) StdoutLine: {'line': b'-- Installing: /home/yadhu/ur3e/src/install/ur_robotiq/share/ur_robotiq/environment/library_path.dsv\n'}
[8.546440] (ur_robotiq) StdoutLine: {'line': b'-- Installing: /home/yadhu/ur3e/src/install/ur_robotiq/lib/libur_robotiq__rosidl_generator_c.so\n'}
[8.546537] (ur_robotiq) StdoutLine: {'line': b'-- Set runtime path of "/home/yadhu/ur3e/src/install/ur_robotiq/lib/libur_robotiq__rosidl_generator_c.so" to ""\n'}
[8.546635] (ur_robotiq) StdoutLine: {'line': b'-- Up-to-date: /home/yadhu/ur3e/src/install/ur_robotiq/include/ur_robotiq/ur_robotiq\n'}
[8.546742] (ur_robotiq) StdoutLine: {'line': b'-- Up-to-date: /home/yadhu/ur3e/src/install/ur_robotiq/include/ur_robotiq/ur_robotiq/msg\n'}
[8.546864] (ur_robotiq) StdoutLine: {'line': b'-- Installing: /home/yadhu/ur3e/src/install/ur_robotiq/include/ur_robotiq/ur_robotiq/msg/rosidl_typesupport_fastrtps_c__visibility_control.h\n'}
[8.546945] (ur_robotiq) StdoutLine: {'line': b'-- Up-to-date: /home/yadhu/ur3e/src/install/ur_robotiq/include/ur_robotiq/ur_robotiq/msg/detail\n'}
[8.547068] (ur_robotiq) StdoutLine: {'line': b'-- Installing: /home/yadhu/ur3e/src/install/ur_robotiq/include/ur_robotiq/ur_robotiq/msg/detail/ur3e_gripper__rosidl_typesupport_fastrtps_c.h\n'}
[8.547165] (ur_robotiq) StdoutLine: {'line': b'-- Installing: /home/yadhu/ur3e/src/install/ur_robotiq/include/ur_robotiq/ur_robotiq/msg/detail/ur3e_trajectory__rosidl_typesupport_fastrtps_c.h\n'}
[8.547239] (ur_robotiq) StdoutLine: {'line': b'-- Installing: /home/yadhu/ur3e/src/install/ur_robotiq/include/ur_robotiq/ur_robotiq/msg/detail/ur3e_moveit_joints__rosidl_typesupport_fastrtps_c.h\n'}
[8.547304] (ur_robotiq) StdoutLine: {'line': b'-- Up-to-date: /home/yadhu/ur3e/src/install/ur_robotiq/include/ur_robotiq/ur_robotiq/srv\n'}
[8.547443] (ur_robotiq) StdoutLine: {'line': b'-- Up-to-date: /home/yadhu/ur3e/src/install/ur_robotiq/include/ur_robotiq/ur_robotiq/srv/detail\n'}
[8.547525] (ur_robotiq) StdoutLine: {'line': b'-- Installing: /home/yadhu/ur3e/src/install/ur_robotiq/include/ur_robotiq/ur_robotiq/srv/detail/ur_mover_service__rosidl_typesupport_fastrtps_c.h\n'}
[8.547598] (ur_robotiq) StdoutLine: {'line': b'-- Installing: /home/yadhu/ur3e/src/install/ur_robotiq/lib/libur_robotiq__rosidl_typesupport_fastrtps_c.so\n'}
[8.547734] (ur_robotiq) StdoutLine: {'line': b'-- Set runtime path of "/home/yadhu/ur3e/src/install/ur_robotiq/lib/libur_robotiq__rosidl_typesupport_fastrtps_c.so" to ""\n'}
[8.547834] (ur_robotiq) StdoutLine: {'line': b'-- Up-to-date: /home/yadhu/ur3e/src/install/ur_robotiq/include/ur_robotiq/ur_robotiq\n'}
[8.547943] (ur_robotiq) StdoutLine: {'line': b'-- Up-to-date: /home/yadhu/ur3e/src/install/ur_robotiq/include/ur_robotiq/ur_robotiq/msg\n'}
[8.547996] (ur_robotiq) StdoutLine: {'line': b'-- Up-to-date: /home/yadhu/ur3e/src/install/ur_robotiq/include/ur_robotiq/ur_robotiq/msg/detail\n'}
[8.548039] (ur_robotiq) StdoutLine: {'line': b'-- Installing: /home/yadhu/ur3e/src/install/ur_robotiq/include/ur_robotiq/ur_robotiq/msg/detail/ur3e_trajectory__rosidl_typesupport_introspection_c.h\n'}
[8.548101] (ur_robotiq) StdoutLine: {'line': b'-- Installing: /home/yadhu/ur3e/src/install/ur_robotiq/include/ur_robotiq/ur_robotiq/msg/detail/ur3e_gripper__rosidl_typesupport_introspection_c.h\n'}
[8.548144] (ur_robotiq) StdoutLine: {'line': b'-- Installing: /home/yadhu/ur3e/src/install/ur_robotiq/include/ur_robotiq/ur_robotiq/msg/detail/ur3e_gripper__type_support.c\n'}
[8.548184] (ur_robotiq) StdoutLine: {'line': b'-- Installing: /home/yadhu/ur3e/src/install/ur_robotiq/include/ur_robotiq/ur_robotiq/msg/detail/ur3e_trajectory__type_support.c\n'}
[8.548224] (ur_robotiq) StdoutLine: {'line': b'-- Installing: /home/yadhu/ur3e/src/install/ur_robotiq/include/ur_robotiq/ur_robotiq/msg/detail/ur3e_moveit_joints__rosidl_typesupport_introspection_c.h\n'}
[8.548262] (ur_robotiq) StdoutLine: {'line': b'-- Installing: /home/yadhu/ur3e/src/install/ur_robotiq/include/ur_robotiq/ur_robotiq/msg/detail/ur3e_moveit_joints__type_support.c\n'}
[8.548300] (ur_robotiq) StdoutLine: {'line': b'-- Installing: /home/yadhu/ur3e/src/install/ur_robotiq/include/ur_robotiq/ur_robotiq/msg/rosidl_typesupport_introspection_c__visibility_control.h\n'}
[8.548340] (ur_robotiq) StdoutLine: {'line': b'-- Up-to-date: /home/yadhu/ur3e/src/install/ur_robotiq/include/ur_robotiq/ur_robotiq/srv\n'}
[8.548378] (ur_robotiq) StdoutLine: {'line': b'-- Up-to-date: /home/yadhu/ur3e/src/install/ur_robotiq/include/ur_robotiq/ur_robotiq/srv/detail\n'}
[8.548415] (ur_robotiq) StdoutLine: {'line': b'-- Installing: /home/yadhu/ur3e/src/install/ur_robotiq/include/ur_robotiq/ur_robotiq/srv/detail/ur_mover_service__type_support.c\n'}
[8.548454] (ur_robotiq) StdoutLine: {'line': b'-- Installing: /home/yadhu/ur3e/src/install/ur_robotiq/include/ur_robotiq/ur_robotiq/srv/detail/ur_mover_service__rosidl_typesupport_introspection_c.h\n'}
[8.548525] (ur_robotiq) StdoutLine: {'line': b'-- Installing: /home/yadhu/ur3e/src/install/ur_robotiq/lib/libur_robotiq__rosidl_typesupport_introspection_c.so\n'}
[8.548569] (ur_robotiq) StdoutLine: {'line': b'-- Set runtime path of "/home/yadhu/ur3e/src/install/ur_robotiq/lib/libur_robotiq__rosidl_typesupport_introspection_c.so" to ""\n'}
[8.548609] (ur_robotiq) StdoutLine: {'line': b'-- Installing: /home/yadhu/ur3e/src/install/ur_robotiq/lib/libur_robotiq__rosidl_typesupport_c.so\n'}
[8.548680] (ur_robotiq) StdoutLine: {'line': b'-- Set runtime path of "/home/yadhu/ur3e/src/install/ur_robotiq/lib/libur_robotiq__rosidl_typesupport_c.so" to ""\n'}
[8.548757] (ur_robotiq) StdoutLine: {'line': b'-- Up-to-date: /home/yadhu/ur3e/src/install/ur_robotiq/include/ur_robotiq/ur_robotiq\n'}
[8.548815] (ur_robotiq) StdoutLine: {'line': b'-- Up-to-date: /home/yadhu/ur3e/src/install/ur_robotiq/include/ur_robotiq/ur_robotiq/msg\n'}
[8.548917] (ur_robotiq) StdoutLine: {'line': b'-- Installing: /home/yadhu/ur3e/src/install/ur_robotiq/include/ur_robotiq/ur_robotiq/msg/ur3e_moveit_joints.hpp\n'}
[8.549073] (ur_robotiq) StdoutLine: {'line': b'-- Installing: /home/yadhu/ur3e/src/install/ur_robotiq/include/ur_robotiq/ur_robotiq/msg/ur3e_trajectory.hpp\n'}
[8.549129] (ur_robotiq) StdoutLine: {'line': b'-- Up-to-date: /home/yadhu/ur3e/src/install/ur_robotiq/include/ur_robotiq/ur_robotiq/msg/detail\n'}
[8.549240] (ur_robotiq) StdoutLine: {'line': b'-- Installing: /home/yadhu/ur3e/src/install/ur_robotiq/include/ur_robotiq/ur_robotiq/msg/detail/ur3e_trajectory__builder.hpp\n'}
[8.549317] (ur_robotiq) StdoutLine: {'line': b'-- Installing: /home/yadhu/ur3e/src/install/ur_robotiq/include/ur_robotiq/ur_robotiq/msg/detail/ur3e_moveit_joints__builder.hpp\n'}
[8.549385] (ur_robotiq) StdoutLine: {'line': b'-- Installing: /home/yadhu/ur3e/src/install/ur_robotiq/include/ur_robotiq/ur_robotiq/msg/detail/ur3e_trajectory__struct.hpp\n'}
[8.549452] (ur_robotiq) StdoutLine: {'line': b'-- Installing: /home/yadhu/ur3e/src/install/ur_robotiq/include/ur_robotiq/ur_robotiq/msg/detail/ur3e_gripper__traits.hpp\n'}
[8.549519] (ur_robotiq) StdoutLine: {'line': b'-- Installing: /home/yadhu/ur3e/src/install/ur_robotiq/include/ur_robotiq/ur_robotiq/msg/detail/ur3e_moveit_joints__traits.hpp\n'}
[8.549629] (ur_robotiq) StdoutLine: {'line': b'-- Installing: /home/yadhu/ur3e/src/install/ur_robotiq/include/ur_robotiq/ur_robotiq/msg/detail/ur3e_moveit_joints__struct.hpp\n'}
[8.549696] (ur_robotiq) StdoutLine: {'line': b'-- Installing: /home/yadhu/ur3e/src/install/ur_robotiq/include/ur_robotiq/ur_robotiq/msg/detail/ur3e_trajectory__traits.hpp\n'}
[8.549841] (ur_robotiq) StdoutLine: {'line': b'-- Installing: /home/yadhu/ur3e/src/install/ur_robotiq/include/ur_robotiq/ur_robotiq/msg/detail/ur3e_gripper__builder.hpp\n'}
[8.549901] (ur_robotiq) StdoutLine: {'line': b'-- Installing: /home/yadhu/ur3e/src/install/ur_robotiq/include/ur_robotiq/ur_robotiq/msg/detail/ur3e_gripper__struct.hpp\n'}
[8.549946] (ur_robotiq) StdoutLine: {'line': b'-- Installing: /home/yadhu/ur3e/src/install/ur_robotiq/include/ur_robotiq/ur_robotiq/msg/ur3e_gripper.hpp\n'}
[8.550006] (ur_robotiq) StdoutLine: {'line': b'-- Up-to-date: /home/yadhu/ur3e/src/install/ur_robotiq/include/ur_robotiq/ur_robotiq/srv\n'}
[8.550078] (ur_robotiq) StdoutLine: {'line': b'-- Up-to-date: /home/yadhu/ur3e/src/install/ur_robotiq/include/ur_robotiq/ur_robotiq/srv/detail\n'}
[8.550118] (ur_robotiq) StdoutLine: {'line': b'-- Installing: /home/yadhu/ur3e/src/install/ur_robotiq/include/ur_robotiq/ur_robotiq/srv/detail/ur_mover_service__traits.hpp\n'}
[8.550209] (ur_robotiq) StdoutLine: {'line': b'-- Installing: /home/yadhu/ur3e/src/install/ur_robotiq/include/ur_robotiq/ur_robotiq/srv/detail/ur_mover_service__struct.hpp\n'}
[8.550287] (ur_robotiq) StdoutLine: {'line': b'-- Installing: /home/yadhu/ur3e/src/install/ur_robotiq/include/ur_robotiq/ur_robotiq/srv/detail/ur_mover_service__builder.hpp\n'}
[8.550351] (ur_robotiq) StdoutLine: {'line': b'-- Installing: /home/yadhu/ur3e/src/install/ur_robotiq/include/ur_robotiq/ur_robotiq/srv/ur_mover_service.hpp\n'}
[8.550862] (ur_robotiq) StdoutLine: {'line': b'-- Up-to-date: /home/yadhu/ur3e/src/install/ur_robotiq/include/ur_robotiq/ur_robotiq\n'}
[8.550918] (ur_robotiq) StdoutLine: {'line': b'-- Up-to-date: /home/yadhu/ur3e/src/install/ur_robotiq/include/ur_robotiq/ur_robotiq/msg\n'}
[8.550962] (ur_robotiq) StdoutLine: {'line': b'-- Installing: /home/yadhu/ur3e/src/install/ur_robotiq/include/ur_robotiq/ur_robotiq/msg/rosidl_typesupport_fastrtps_cpp__visibility_control.h\n'}
[8.551003] (ur_robotiq) StdoutLine: {'line': b'-- Up-to-date: /home/yadhu/ur3e/src/install/ur_robotiq/include/ur_robotiq/ur_robotiq/msg/detail\n'}
[8.551044] (ur_robotiq) StdoutLine: {'line': b'-- Installing: /home/yadhu/ur3e/src/install/ur_robotiq/include/ur_robotiq/ur_robotiq/msg/detail/ur3e_moveit_joints__rosidl_typesupport_fastrtps_cpp.hpp\n'}
[8.551083] (ur_robotiq) StdoutLine: {'line': b'-- Installing: /home/yadhu/ur3e/src/install/ur_robotiq/include/ur_robotiq/ur_robotiq/msg/detail/dds_fastrtps\n'}
[8.551122] (ur_robotiq) StdoutLine: {'line': b'-- Installing: /home/yadhu/ur3e/src/install/ur_robotiq/include/ur_robotiq/ur_robotiq/msg/detail/ur3e_trajectory__rosidl_typesupport_fastrtps_cpp.hpp\n'}
[8.551160] (ur_robotiq) StdoutLine: {'line': b'-- Installing: /home/yadhu/ur3e/src/install/ur_robotiq/include/ur_robotiq/ur_robotiq/msg/detail/ur3e_gripper__rosidl_typesupport_fastrtps_cpp.hpp\n'}
[8.551199] (ur_robotiq) StdoutLine: {'line': b'-- Up-to-date: /home/yadhu/ur3e/src/install/ur_robotiq/include/ur_robotiq/ur_robotiq/srv\n'}
[8.551280] (ur_robotiq) StdoutLine: {'line': b'-- Up-to-date: /home/yadhu/ur3e/src/install/ur_robotiq/include/ur_robotiq/ur_robotiq/srv/detail\n'}
[8.551320] (ur_robotiq) StdoutLine: {'line': b'-- Installing: /home/yadhu/ur3e/src/install/ur_robotiq/include/ur_robotiq/ur_robotiq/srv/detail/ur_mover_service__rosidl_typesupport_fastrtps_cpp.hpp\n'}
[8.551361] (ur_robotiq) StdoutLine: {'line': b'-- Installing: /home/yadhu/ur3e/src/install/ur_robotiq/include/ur_robotiq/ur_robotiq/srv/detail/dds_fastrtps\n'}
[8.551400] (ur_robotiq) StdoutLine: {'line': b'-- Installing: /home/yadhu/ur3e/src/install/ur_robotiq/lib/libur_robotiq__rosidl_typesupport_fastrtps_cpp.so\n'}
[8.551586] (ur_robotiq) StdoutLine: {'line': b'-- Set runtime path of "/home/yadhu/ur3e/src/install/ur_robotiq/lib/libur_robotiq__rosidl_typesupport_fastrtps_cpp.so" to ""\n'}
[8.551855] (ur_robotiq) StdoutLine: {'line': b'-- Up-to-date: /home/yadhu/ur3e/src/install/ur_robotiq/include/ur_robotiq/ur_robotiq\n'}
[8.552083] (ur_robotiq) StdoutLine: {'line': b'-- Up-to-date: /home/yadhu/ur3e/src/install/ur_robotiq/include/ur_robotiq/ur_robotiq/msg\n'}
[8.552153] (ur_robotiq) StdoutLine: {'line': b'-- Up-to-date: /home/yadhu/ur3e/src/install/ur_robotiq/include/ur_robotiq/ur_robotiq/msg/detail\n'}
[8.552209] (ur_robotiq) StdoutLine: {'line': b'-- Installing: /home/yadhu/ur3e/src/install/ur_robotiq/include/ur_robotiq/ur_robotiq/msg/detail/ur3e_trajectory__rosidl_typesupport_introspection_cpp.hpp\n'}
[8.552261] (ur_robotiq) StdoutLine: {'line': b'-- Installing: /home/yadhu/ur3e/src/install/ur_robotiq/include/ur_robotiq/ur_robotiq/msg/detail/ur3e_trajectory__type_support.cpp\n'}
[8.552312] (ur_robotiq) StdoutLine: {'line': b'-- Installing: /home/yadhu/ur3e/src/install/ur_robotiq/include/ur_robotiq/ur_robotiq/msg/detail/ur3e_gripper__type_support.cpp\n'}
[8.552361] (ur_robotiq) StdoutLine: {'line': b'-- Installing: /home/yadhu/ur3e/src/install/ur_robotiq/include/ur_robotiq/ur_robotiq/msg/detail/ur3e_moveit_joints__type_support.cpp\n'}
[8.552439] (ur_robotiq) StdoutLine: {'line': b'-- Installing: /home/yadhu/ur3e/src/install/ur_robotiq/include/ur_robotiq/ur_robotiq/msg/detail/ur3e_moveit_joints__rosidl_typesupport_introspection_cpp.hpp\n'}
[8.552526] (ur_robotiq) StdoutLine: {'line': b'-- Installing: /home/yadhu/ur3e/src/install/ur_robotiq/include/ur_robotiq/ur_robotiq/msg/detail/ur3e_gripper__rosidl_typesupport_introspection_cpp.hpp\n'}
[8.552579] (ur_robotiq) StdoutLine: {'line': b'-- Up-to-date: /home/yadhu/ur3e/src/install/ur_robotiq/include/ur_robotiq/ur_robotiq/srv\n'}
[8.552630] (ur_robotiq) StdoutLine: {'line': b'-- Up-to-date: /home/yadhu/ur3e/src/install/ur_robotiq/include/ur_robotiq/ur_robotiq/srv/detail\n'}
[8.552680] (ur_robotiq) StdoutLine: {'line': b'-- Installing: /home/yadhu/ur3e/src/install/ur_robotiq/include/ur_robotiq/ur_robotiq/srv/detail/ur_mover_service__type_support.cpp\n'}
[8.552751] (ur_robotiq) StdoutLine: {'line': b'-- Installing: /home/yadhu/ur3e/src/install/ur_robotiq/include/ur_robotiq/ur_robotiq/srv/detail/ur_mover_service__rosidl_typesupport_introspection_cpp.hpp\n'}
[8.552810] (ur_robotiq) StdoutLine: {'line': b'-- Installing: /home/yadhu/ur3e/src/install/ur_robotiq/lib/libur_robotiq__rosidl_typesupport_introspection_cpp.so\n'}
[8.553499] (ur_robotiq) StdoutLine: {'line': b'-- Set runtime path of "/home/yadhu/ur3e/src/install/ur_robotiq/lib/libur_robotiq__rosidl_typesupport_introspection_cpp.so" to ""\n'}
[8.553725] (ur_robotiq) StdoutLine: {'line': b'-- Installing: /home/yadhu/ur3e/src/install/ur_robotiq/lib/libur_robotiq__rosidl_typesupport_cpp.so\n'}
[8.553948] (ur_robotiq) StdoutLine: {'line': b'-- Set runtime path of "/home/yadhu/ur3e/src/install/ur_robotiq/lib/libur_robotiq__rosidl_typesupport_cpp.so" to ""\n'}
[8.554007] (ur_robotiq) StdoutLine: {'line': b'-- Installing: /home/yadhu/ur3e/src/install/ur_robotiq/share/ur_robotiq/environment/pythonpath.sh\n'}
[8.554098] (ur_robotiq) StdoutLine: {'line': b'-- Installing: /home/yadhu/ur3e/src/install/ur_robotiq/share/ur_robotiq/environment/pythonpath.dsv\n'}
[8.554172] (ur_robotiq) StdoutLine: {'line': b'-- Installing: /home/yadhu/ur3e/src/install/ur_robotiq/local/lib/python3.10/dist-packages/ur_robotiq-0.0.0-py3.10.egg-info\n'}
[8.554319] (ur_robotiq) StdoutLine: {'line': b'-- Installing: /home/yadhu/ur3e/src/install/ur_robotiq/local/lib/python3.10/dist-packages/ur_robotiq-0.0.0-py3.10.egg-info/top_level.txt\n'}
[8.554670] (ur_robotiq) StdoutLine: {'line': b'-- Installing: /home/yadhu/ur3e/src/install/ur_robotiq/local/lib/python3.10/dist-packages/ur_robotiq-0.0.0-py3.10.egg-info/PKG-INFO\n'}
[8.554728] (ur_robotiq) StdoutLine: {'line': b'-- Installing: /home/yadhu/ur3e/src/install/ur_robotiq/local/lib/python3.10/dist-packages/ur_robotiq-0.0.0-py3.10.egg-info/dependency_links.txt\n'}
[8.555293] (ur_robotiq) StdoutLine: {'line': b'-- Installing: /home/yadhu/ur3e/src/install/ur_robotiq/local/lib/python3.10/dist-packages/ur_robotiq-0.0.0-py3.10.egg-info/SOURCES.txt\n'}
[8.555360] (ur_robotiq) StdoutLine: {'line': b'-- Installing: /home/yadhu/ur3e/src/install/ur_robotiq/local/lib/python3.10/dist-packages/ur_robotiq\n'}
[8.555407] (ur_robotiq) StdoutLine: {'line': b'-- Installing: /home/yadhu/ur3e/src/install/ur_robotiq/local/lib/python3.10/dist-packages/ur_robotiq/ur_robotiq_s__rosidl_typesupport_introspection_c.cpython-310-x86_64-linux-gnu.so\n'}
[8.555452] (ur_robotiq) StdoutLine: {'line': b'-- Installing: /home/yadhu/ur3e/src/install/ur_robotiq/local/lib/python3.10/dist-packages/ur_robotiq/libur_robotiq__rosidl_generator_py.so\n'}
[8.555499] (ur_robotiq) StdoutLine: {'line': b'-- Installing: /home/yadhu/ur3e/src/install/ur_robotiq/local/lib/python3.10/dist-packages/ur_robotiq/_ur_robotiq_s.ep.rosidl_typesupport_introspection_c.c\n'}
[8.555560] (ur_robotiq) StdoutLine: {'line': b'-- Installing: /home/yadhu/ur3e/src/install/ur_robotiq/local/lib/python3.10/dist-packages/ur_robotiq/ur_robotiq_s__rosidl_typesupport_fastrtps_c.cpython-310-x86_64-linux-gnu.so\n'}
[8.555617] (ur_robotiq) StdoutLine: {'line': b'-- Installing: /home/yadhu/ur3e/src/install/ur_robotiq/local/lib/python3.10/dist-packages/ur_robotiq/_ur_robotiq_s.ep.rosidl_typesupport_fastrtps_c.c\n'}
[8.555649] (ur_robotiq) StdoutLine: {'line': b'-- Installing: /home/yadhu/ur3e/src/install/ur_robotiq/local/lib/python3.10/dist-packages/ur_robotiq/msg\n'}
[8.555680] (ur_robotiq) StdoutLine: {'line': b'-- Installing: /home/yadhu/ur3e/src/install/ur_robotiq/local/lib/python3.10/dist-packages/ur_robotiq/msg/_ur3e_gripper_s.c\n'}
[8.555727] (ur_robotiq) StdoutLine: {'line': b'-- Installing: /home/yadhu/ur3e/src/install/ur_robotiq/local/lib/python3.10/dist-packages/ur_robotiq/msg/_ur3e_moveit_joints_s.c\n'}
[8.555824] (ur_robotiq) StdoutLine: {'line': b'-- Installing: /home/yadhu/ur3e/src/install/ur_robotiq/local/lib/python3.10/dist-packages/ur_robotiq/msg/_ur3e_moveit_joints.py\n'}
[8.555936] (ur_robotiq) StdoutLine: {'line': b'-- Installing: /home/yadhu/ur3e/src/install/ur_robotiq/local/lib/python3.10/dist-packages/ur_robotiq/msg/_ur3e_gripper.py\n'}
[8.556112] (ur_robotiq) StdoutLine: {'line': b'-- Installing: /home/yadhu/ur3e/src/install/ur_robotiq/local/lib/python3.10/dist-packages/ur_robotiq/msg/_ur3e_trajectory.py\n'}
[8.556191] (ur_robotiq) StdoutLine: {'line': b'-- Installing: /home/yadhu/ur3e/src/install/ur_robotiq/local/lib/python3.10/dist-packages/ur_robotiq/msg/__init__.py\n'}
[8.556287] (ur_robotiq) StdoutLine: {'line': b'-- Installing: /home/yadhu/ur3e/src/install/ur_robotiq/local/lib/python3.10/dist-packages/ur_robotiq/msg/_ur3e_trajectory_s.c\n'}
[8.556435] (ur_robotiq) StdoutLine: {'line': b'-- Installing: /home/yadhu/ur3e/src/install/ur_robotiq/local/lib/python3.10/dist-packages/ur_robotiq/srv\n'}
[8.556564] (ur_robotiq) StdoutLine: {'line': b'-- Installing: /home/yadhu/ur3e/src/install/ur_robotiq/local/lib/python3.10/dist-packages/ur_robotiq/srv/_ur_mover_service_s.c\n'}
[8.556661] (ur_robotiq) StdoutLine: {'line': b'-- Installing: /home/yadhu/ur3e/src/install/ur_robotiq/local/lib/python3.10/dist-packages/ur_robotiq/srv/_ur_mover_service.py\n'}
[8.556749] (ur_robotiq) StdoutLine: {'line': b'-- Installing: /home/yadhu/ur3e/src/install/ur_robotiq/local/lib/python3.10/dist-packages/ur_robotiq/srv/__init__.py\n'}
[8.556878] (ur_robotiq) StdoutLine: {'line': b'-- Installing: /home/yadhu/ur3e/src/install/ur_robotiq/local/lib/python3.10/dist-packages/ur_robotiq/__init__.py\n'}
[8.556943] (ur_robotiq) StdoutLine: {'line': b'-- Installing: /home/yadhu/ur3e/src/install/ur_robotiq/local/lib/python3.10/dist-packages/ur_robotiq/ur_robotiq_s__rosidl_typesupport_c.cpython-310-x86_64-linux-gnu.so\n'}
[8.557028] (ur_robotiq) StdoutLine: {'line': b'-- Installing: /home/yadhu/ur3e/src/install/ur_robotiq/local/lib/python3.10/dist-packages/ur_robotiq/_ur_robotiq_s.ep.rosidl_typesupport_c.c\n'}
[8.580499] (cppfile) StdoutLine: {'line': b'-- Found unity_ros_msgs: 0.0.0 (/home/yadhu/ur3e/src/install/unity_ros_msgs/share/unity_ros_msgs/cmake)\n'}
[8.582229] (ur_robotiq) StdoutLine: {'line': b"Listing '/home/yadhu/ur3e/src/install/ur_robotiq/local/lib/python3.10/dist-packages/ur_robotiq'...\n"}
[8.582309] (ur_robotiq) StdoutLine: {'line': b"Compiling '/home/yadhu/ur3e/src/install/ur_robotiq/local/lib/python3.10/dist-packages/ur_robotiq/__init__.py'...\n"}
[8.582344] (ur_robotiq) StdoutLine: {'line': b"Listing '/home/yadhu/ur3e/src/install/ur_robotiq/local/lib/python3.10/dist-packages/ur_robotiq/msg'...\n"}
[8.582383] (ur_robotiq) StdoutLine: {'line': b"Compiling '/home/yadhu/ur3e/src/install/ur_robotiq/local/lib/python3.10/dist-packages/ur_robotiq/msg/__init__.py'...\n"}
[8.582413] (ur_robotiq) StdoutLine: {'line': b"Compiling '/home/yadhu/ur3e/src/install/ur_robotiq/local/lib/python3.10/dist-packages/ur_robotiq/msg/_ur3e_gripper.py'...\n"}
[8.582441] (ur_robotiq) StdoutLine: {'line': b"Compiling '/home/yadhu/ur3e/src/install/ur_robotiq/local/lib/python3.10/dist-packages/ur_robotiq/msg/_ur3e_moveit_joints.py'...\n"}
[8.582470] (ur_robotiq) StdoutLine: {'line': b"Compiling '/home/yadhu/ur3e/src/install/ur_robotiq/local/lib/python3.10/dist-packages/ur_robotiq/msg/_ur3e_trajectory.py'...\n"}
[8.582499] (ur_robotiq) StdoutLine: {'line': b"Listing '/home/yadhu/ur3e/src/install/ur_robotiq/local/lib/python3.10/dist-packages/ur_robotiq/srv'...\n"}
[8.582526] (ur_robotiq) StdoutLine: {'line': b"Compiling '/home/yadhu/ur3e/src/install/ur_robotiq/local/lib/python3.10/dist-packages/ur_robotiq/srv/__init__.py'...\n"}
[8.582552] (ur_robotiq) StdoutLine: {'line': b"Compiling '/home/yadhu/ur3e/src/install/ur_robotiq/local/lib/python3.10/dist-packages/ur_robotiq/srv/_ur_mover_service.py'...\n"}
[8.585491] (ur_robotiq) StdoutLine: {'line': b'-- Installing: /home/yadhu/ur3e/src/install/ur_robotiq/local/lib/python3.10/dist-packages/ur_robotiq/ur_robotiq_s__rosidl_typesupport_fastrtps_c.cpython-310-x86_64-linux-gnu.so\n'}
[8.585526] (ur_robotiq) StdoutLine: {'line': b'-- Set runtime path of "/home/yadhu/ur3e/src/install/ur_robotiq/local/lib/python3.10/dist-packages/ur_robotiq/ur_robotiq_s__rosidl_typesupport_fastrtps_c.cpython-310-x86_64-linux-gnu.so" to ""\n'}
[8.585578] (ur_robotiq) StdoutLine: {'line': b'-- Installing: /home/yadhu/ur3e/src/install/ur_robotiq/local/lib/python3.10/dist-packages/ur_robotiq/ur_robotiq_s__rosidl_typesupport_introspection_c.cpython-310-x86_64-linux-gnu.so\n'}
[8.585692] (ur_robotiq) StdoutLine: {'line': b'-- Set runtime path of "/home/yadhu/ur3e/src/install/ur_robotiq/local/lib/python3.10/dist-packages/ur_robotiq/ur_robotiq_s__rosidl_typesupport_introspection_c.cpython-310-x86_64-linux-gnu.so" to ""\n'}
[8.585785] (ur_robotiq) StdoutLine: {'line': b'-- Installing: /home/yadhu/ur3e/src/install/ur_robotiq/local/lib/python3.10/dist-packages/ur_robotiq/ur_robotiq_s__rosidl_typesupport_c.cpython-310-x86_64-linux-gnu.so\n'}
[8.585919] (ur_robotiq) StdoutLine: {'line': b'-- Set runtime path of "/home/yadhu/ur3e/src/install/ur_robotiq/local/lib/python3.10/dist-packages/ur_robotiq/ur_robotiq_s__rosidl_typesupport_c.cpython-310-x86_64-linux-gnu.so" to ""\n'}
[8.585970] (ur_robotiq) StdoutLine: {'line': b'-- Installing: /home/yadhu/ur3e/src/install/ur_robotiq/lib/libur_robotiq__rosidl_generator_py.so\n'}
[8.586127] (ur_robotiq) StdoutLine: {'line': b'-- Set runtime path of "/home/yadhu/ur3e/src/install/ur_robotiq/lib/libur_robotiq__rosidl_generator_py.so" to ""\n'}
[8.586206] (ur_robotiq) StdoutLine: {'line': b'-- Installing: /home/yadhu/ur3e/src/install/ur_robotiq/share/ur_robotiq/msg/UR3eGripper.idl\n'}
[8.586234] (ur_robotiq) StdoutLine: {'line': b'-- Installing: /home/yadhu/ur3e/src/install/ur_robotiq/share/ur_robotiq/msg/UR3eMoveitJoints.idl\n'}
[8.586277] (ur_robotiq) StdoutLine: {'line': b'-- Installing: /home/yadhu/ur3e/src/install/ur_robotiq/share/ur_robotiq/msg/UR3eTrajectory.idl\n'}
[8.586334] (ur_robotiq) StdoutLine: {'line': b'-- Installing: /home/yadhu/ur3e/src/install/ur_robotiq/share/ur_robotiq/srv/UrMoverService.idl\n'}
[8.586385] (ur_robotiq) StdoutLine: {'line': b'-- Installing: /home/yadhu/ur3e/src/install/ur_robotiq/share/ur_robotiq/msg/UR3eGripper.msg\n'}
[8.586436] (ur_robotiq) StdoutLine: {'line': b'-- Installing: /home/yadhu/ur3e/src/install/ur_robotiq/share/ur_robotiq/msg/UR3eMoveitJoints.msg\n'}
[8.586490] (ur_robotiq) StdoutLine: {'line': b'-- Installing: /home/yadhu/ur3e/src/install/ur_robotiq/share/ur_robotiq/msg/UR3eTrajectory.msg\n'}
[8.586542] (ur_robotiq) StdoutLine: {'line': b'-- Installing: /home/yadhu/ur3e/src/install/ur_robotiq/share/ur_robotiq/srv/UrMoverService.srv\n'}
[8.586589] (ur_robotiq) StdoutLine: {'line': b'-- Installing: /home/yadhu/ur3e/src/install/ur_robotiq/share/ur_robotiq/srv/UrMoverService_Request.msg\n'}
[8.586643] (ur_robotiq) StdoutLine: {'line': b'-- Installing: /home/yadhu/ur3e/src/install/ur_robotiq/share/ur_robotiq/srv/UrMoverService_Response.msg\n'}
[8.586715] (ur_robotiq) StdoutLine: {'line': b'-- Installing: /home/yadhu/ur3e/src/install/ur_robotiq/share/ament_index/resource_index/package_run_dependencies/ur_robotiq\n'}
[8.586793] (ur_robotiq) StdoutLine: {'line': b'-- Installing: /home/yadhu/ur3e/src/install/ur_robotiq/share/ament_index/resource_index/parent_prefix_path/ur_robotiq\n'}
[8.586856] (ur_robotiq) StdoutLine: {'line': b'-- Installing: /home/yadhu/ur3e/src/install/ur_robotiq/share/ur_robotiq/environment/ament_prefix_path.sh\n'}
[8.587037] (ur_robotiq) StdoutLine: {'line': b'-- Installing: /home/yadhu/ur3e/src/install/ur_robotiq/share/ur_robotiq/environment/ament_prefix_path.dsv\n'}
[8.587070] (ur_robotiq) StdoutLine: {'line': b'-- Installing: /home/yadhu/ur3e/src/install/ur_robotiq/share/ur_robotiq/environment/path.sh\n'}
[8.587102] (ur_robotiq) StdoutLine: {'line': b'-- Installing: /home/yadhu/ur3e/src/install/ur_robotiq/share/ur_robotiq/environment/path.dsv\n'}
[8.587149] (ur_robotiq) StdoutLine: {'line': b'-- Installing: /home/yadhu/ur3e/src/install/ur_robotiq/share/ur_robotiq/local_setup.bash\n'}
[8.587198] (ur_robotiq) StdoutLine: {'line': b'-- Installing: /home/yadhu/ur3e/src/install/ur_robotiq/share/ur_robotiq/local_setup.sh\n'}
[8.587255] (ur_robotiq) StdoutLine: {'line': b'-- Installing: /home/yadhu/ur3e/src/install/ur_robotiq/share/ur_robotiq/local_setup.zsh\n'}
[8.587284] (ur_robotiq) StdoutLine: {'line': b'-- Installing: /home/yadhu/ur3e/src/install/ur_robotiq/share/ur_robotiq/local_setup.dsv\n'}
[8.587335] (ur_robotiq) StdoutLine: {'line': b'-- Installing: /home/yadhu/ur3e/src/install/ur_robotiq/share/ur_robotiq/package.dsv\n'}
[8.587385] (ur_robotiq) StdoutLine: {'line': b'-- Installing: /home/yadhu/ur3e/src/install/ur_robotiq/share/ament_index/resource_index/packages/ur_robotiq\n'}
[8.587437] (ur_robotiq) StdoutLine: {'line': b'-- Installing: /home/yadhu/ur3e/src/install/ur_robotiq/share/ur_robotiq/cmake/export_ur_robotiq__rosidl_generator_cExport.cmake\n'}
[8.587495] (ur_robotiq) StdoutLine: {'line': b'-- Installing: /home/yadhu/ur3e/src/install/ur_robotiq/share/ur_robotiq/cmake/export_ur_robotiq__rosidl_generator_cExport-noconfig.cmake\n'}
[8.587560] (ur_robotiq) StdoutLine: {'line': b'-- Installing: /home/yadhu/ur3e/src/install/ur_robotiq/share/ur_robotiq/cmake/export_ur_robotiq__rosidl_typesupport_fastrtps_cExport.cmake\n'}
[8.587621] (ur_robotiq) StdoutLine: {'line': b'-- Installing: /home/yadhu/ur3e/src/install/ur_robotiq/share/ur_robotiq/cmake/export_ur_robotiq__rosidl_typesupport_fastrtps_cExport-noconfig.cmake\n'}
[8.587682] (ur_robotiq) StdoutLine: {'line': b'-- Installing: /home/yadhu/ur3e/src/install/ur_robotiq/share/ur_robotiq/cmake/ur_robotiq__rosidl_typesupport_introspection_cExport.cmake\n'}
[8.587739] (ur_robotiq) StdoutLine: {'line': b'-- Installing: /home/yadhu/ur3e/src/install/ur_robotiq/share/ur_robotiq/cmake/ur_robotiq__rosidl_typesupport_introspection_cExport-noconfig.cmake\n'}
[8.587809] (ur_robotiq) StdoutLine: {'line': b'-- Installing: /home/yadhu/ur3e/src/install/ur_robotiq/share/ur_robotiq/cmake/ur_robotiq__rosidl_typesupport_cExport.cmake\n'}
[8.587863] (ur_robotiq) StdoutLine: {'line': b'-- Installing: /home/yadhu/ur3e/src/install/ur_robotiq/share/ur_robotiq/cmake/ur_robotiq__rosidl_typesupport_cExport-noconfig.cmake\n'}
[8.587921] (ur_robotiq) StdoutLine: {'line': b'-- Installing: /home/yadhu/ur3e/src/install/ur_robotiq/share/ur_robotiq/cmake/export_ur_robotiq__rosidl_generator_cppExport.cmake\n'}
[8.587985] (ur_robotiq) StdoutLine: {'line': b'-- Installing: /home/yadhu/ur3e/src/install/ur_robotiq/share/ur_robotiq/cmake/export_ur_robotiq__rosidl_typesupport_fastrtps_cppExport.cmake\n'}
[8.588040] (ur_robotiq) StdoutLine: {'line': b'-- Installing: /home/yadhu/ur3e/src/install/ur_robotiq/share/ur_robotiq/cmake/export_ur_robotiq__rosidl_typesupport_fastrtps_cppExport-noconfig.cmake\n'}
[8.588105] (ur_robotiq) StdoutLine: {'line': b'-- Installing: /home/yadhu/ur3e/src/install/ur_robotiq/share/ur_robotiq/cmake/ur_robotiq__rosidl_typesupport_introspection_cppExport.cmake\n'}
[8.588159] (ur_robotiq) StdoutLine: {'line': b'-- Installing: /home/yadhu/ur3e/src/install/ur_robotiq/share/ur_robotiq/cmake/ur_robotiq__rosidl_typesupport_introspection_cppExport-noconfig.cmake\n'}
[8.588215] (ur_robotiq) StdoutLine: {'line': b'-- Installing: /home/yadhu/ur3e/src/install/ur_robotiq/share/ur_robotiq/cmake/ur_robotiq__rosidl_typesupport_cppExport.cmake\n'}
[8.588272] (ur_robotiq) StdoutLine: {'line': b'-- Installing: /home/yadhu/ur3e/src/install/ur_robotiq/share/ur_robotiq/cmake/ur_robotiq__rosidl_typesupport_cppExport-noconfig.cmake\n'}
[8.588329] (ur_robotiq) StdoutLine: {'line': b'-- Installing: /home/yadhu/ur3e/src/install/ur_robotiq/share/ur_robotiq/cmake/export_ur_robotiq__rosidl_generator_pyExport.cmake\n'}
[8.588384] (ur_robotiq) StdoutLine: {'line': b'-- Installing: /home/yadhu/ur3e/src/install/ur_robotiq/share/ur_robotiq/cmake/export_ur_robotiq__rosidl_generator_pyExport-noconfig.cmake\n'}
[8.588437] (ur_robotiq) StdoutLine: {'line': b'-- Installing: /home/yadhu/ur3e/src/install/ur_robotiq/share/ur_robotiq/cmake/rosidl_cmake-extras.cmake\n'}
[8.588489] (ur_robotiq) StdoutLine: {'line': b'-- Installing: /home/yadhu/ur3e/src/install/ur_robotiq/share/ur_robotiq/cmake/ament_cmake_export_dependencies-extras.cmake\n'}
[8.588546] (ur_robotiq) StdoutLine: {'line': b'-- Installing: /home/yadhu/ur3e/src/install/ur_robotiq/share/ur_robotiq/cmake/ament_cmake_export_include_directories-extras.cmake\n'}
[8.588599] (ur_robotiq) StdoutLine: {'line': b'-- Installing: /home/yadhu/ur3e/src/install/ur_robotiq/share/ur_robotiq/cmake/ament_cmake_export_libraries-extras.cmake\n'}
[8.588653] (ur_robotiq) StdoutLine: {'line': b'-- Installing: /home/yadhu/ur3e/src/install/ur_robotiq/share/ur_robotiq/cmake/ament_cmake_export_targets-extras.cmake\n'}
[8.588705] (ur_robotiq) StdoutLine: {'line': b'-- Installing: /home/yadhu/ur3e/src/install/ur_robotiq/share/ur_robotiq/cmake/rosidl_cmake_export_typesupport_targets-extras.cmake\n'}
[8.588757] (ur_robotiq) StdoutLine: {'line': b'-- Installing: /home/yadhu/ur3e/src/install/ur_robotiq/share/ur_robotiq/cmake/rosidl_cmake_export_typesupport_libraries-extras.cmake\n'}
[8.588815] (ur_robotiq) StdoutLine: {'line': b'-- Installing: /home/yadhu/ur3e/src/install/ur_robotiq/share/ur_robotiq/cmake/ur_robotiqConfig.cmake\n'}
[8.588859] (ur_robotiq) StdoutLine: {'line': b'-- Installing: /home/yadhu/ur3e/src/install/ur_robotiq/share/ur_robotiq/cmake/ur_robotiqConfig-version.cmake\n'}
[8.588914] (ur_robotiq) StdoutLine: {'line': b'-- Installing: /home/yadhu/ur3e/src/install/ur_robotiq/share/ur_robotiq/package.xml\n'}
[8.590492] (ur_robotiq) CommandEnded: {'returncode': 0}
[8.634063] (-) TimerEvent: {}
[8.688116] (ur_robotiq) JobEnded: {'identifier': 'ur_robotiq', 'rc': 0}
[8.696306] (cppfile) StdoutLine: {'line': b'-- Found rclcpp_action: 16.0.10 (/opt/ros/humble/share/rclcpp_action/cmake)\n'}
[8.724772] (cppfile) StdoutLine: {'line': b'-- Found rmw_implementation_cmake: 6.1.2 (/opt/ros/humble/share/rmw_implementation_cmake/cmake)\n'}
[8.726475] (cppfile) StdoutLine: {'line': b'-- Found rmw_cyclonedds_cpp: 1.3.4 (/opt/ros/humble/share/rmw_cyclonedds_cpp/cmake)\n'}
[8.734228] (-) TimerEvent: {}
[8.743526] (cppfile) StdoutLine: {'line': b"-- Using RMW implementation 'rmw_cyclonedds_cpp' as default\n"}
[8.781278] (cppfile) StdoutLine: {'line': b'-- Found rclcpp_components: 16.0.10 (/opt/ros/humble/share/rclcpp_components/cmake)\n'}
[8.796313] (cppfile) StdoutLine: {'line': b'-- Found moveit_ros_planning_interface: 2.5.6 (/opt/ros/humble/share/moveit_ros_planning_interface/cmake)\n'}
[8.806365] (cppfile) StdoutLine: {'line': b'-- Found Boost: /usr/lib/x86_64-linux-gnu/cmake/Boost-1.74.0/BoostConfig.cmake (found version "1.74.0") found components: date_time filesystem program_options system thread \n'}
[8.816529] (cppfile) StdoutLine: {'line': b'-- Found Boost: /usr/lib/x86_64-linux-gnu/cmake/Boost-1.74.0/BoostConfig.cmake (found version "1.74.0") found components: chrono date_time filesystem iostreams program_options regex serialization system thread \n'}
[8.834413] (-) TimerEvent: {}
[8.834685] (cppfile) StdoutLine: {'line': b'-- Found parameter_traits: 0.3.9 (/opt/ros/humble/share/parameter_traits/cmake)\n'}
[8.841479] (cppfile) StdoutLine: {'line': b'-- Found rclcpp_lifecycle: 16.0.10 (/opt/ros/humble/share/rclcpp_lifecycle/cmake)\n'}
[8.859892] (cppfile) StdoutLine: {'line': b'-- Found Boost: /usr/lib/x86_64-linux-gnu/cmake/Boost-1.74.0/BoostConfig.cmake (found version "1.74.0") found components: filesystem \n'}
[8.892408] (cppfile) StdoutLine: {'line': b'-- library: /usr/lib/x86_64-linux-gnu/libcurl.so\n'}
[8.916314] (cppfile) StdoutLine: {'line': b'-- Ensuring Eigen3 include directory is part of orocos-kdl CMake target\n'}
[8.934553] (-) TimerEvent: {}
[8.992675] (cppfile) StdoutLine: {'line': b'-- Found Boost: /usr/lib/x86_64-linux-gnu/cmake/Boost-1.74.0/BoostConfig.cmake (found version "1.74.0") found components: system filesystem date_time program_options thread chrono \n'}
[9.013296] (cppfile) StdoutLine: {'line': b'-- Found Boost: /usr/lib/x86_64-linux-gnu/cmake/Boost-1.74.0/BoostConfig.cmake (found version "1.74.0") found components: thread system filesystem regex date_time program_options \n'}
[9.032192] (cppfile) StdoutLine: {'line': b'-- Found Boost: /usr/lib/x86_64-linux-gnu/cmake/Boost-1.74.0/BoostConfig.cmake (found version "1.74.0") found components: system filesystem date_time program_options thread \n'}
[9.034679] (-) TimerEvent: {}
[9.055953] (cppfile) StdoutLine: {'line': b'-- Found ament_lint_auto: 0.12.11 (/opt/ros/humble/share/ament_lint_auto/cmake)\n'}
[9.099788] (cppfile) StdoutLine: {'line': b"-- Added test 'cppcheck' to perform static code analysis on C / C++ code\n"}
[9.100042] (cppfile) StdoutLine: {'line': b'-- Configured cppcheck include dirs: \n'}
[9.100106] (cppfile) StdoutLine: {'line': b'-- Configured cppcheck exclude dirs and/or files: \n'}
[9.100259] (cppfile) StdoutLine: {'line': b"-- Added test 'lint_cmake' to check CMake code style\n"}
[9.100609] (cppfile) StdoutLine: {'line': b"-- Added test 'uncrustify' to check C / C++ code style\n"}
[9.100663] (cppfile) StdoutLine: {'line': b'-- Configured uncrustify additional arguments: \n'}
[9.100737] (cppfile) StdoutLine: {'line': b"-- Added test 'xmllint' to check XML markup files\n"}
[9.101386] (cppfile) StdoutLine: {'line': b'-- Configuring done\n'}
[9.134901] (-) TimerEvent: {}
[9.141981] (cppfile) StdoutLine: {'line': b'-- Generating done\n'}
[9.143443] (cppfile) StdoutLine: {'line': b'-- Build files have been written to: /home/yadhu/ur3e/src/build/cppfile\n'}
[9.166612] (cppfile) StdoutLine: {'line': b'\x1b[35m\x1b[1mConsolidate compiler generated dependencies of target position_publisher\x1b[0m\n'}
[9.166957] (cppfile) StdoutLine: {'line': b'\x1b[35m\x1b[1mConsolidate compiler generated dependencies of target position_pub\x1b[0m\n'}
[9.167794] (cppfile) StdoutLine: {'line': b'\x1b[35m\x1b[1mConsolidate compiler generated dependencies of target simple_moveit_interface\x1b[0m\n'}
[9.178750] (cppfile) StdoutLine: {'line': b'[ 16%] \x1b[32mBuilding CXX object CMakeFiles/position_publisher.dir/src/position_publisher.cpp.o\x1b[0m\n'}
[9.183415] (cppfile) StdoutLine: {'line': b'[ 33%] \x1b[32mBuilding CXX object CMakeFiles/position_pub.dir/src/position_pub.cpp.o\x1b[0m\n'}
[9.189580] (cppfile) StdoutLine: {'line': b'[ 50%] \x1b[32mBuilding CXX object CMakeFiles/simple_moveit_interface.dir/src/simple_moveit_interface.cpp.o\x1b[0m\n'}
[9.235005] (-) TimerEvent: {}
[9.335398] (-) TimerEvent: {}
[9.435738] (-) TimerEvent: {}
[9.536009] (-) TimerEvent: {}
[9.636382] (-) TimerEvent: {}
[9.736767] (-) TimerEvent: {}
[9.837301] (-) TimerEvent: {}
[9.937597] (-) TimerEvent: {}
[10.037963] (-) TimerEvent: {}
[10.138240] (-) TimerEvent: {}
[10.238629] (-) TimerEvent: {}
[10.339171] (-) TimerEvent: {}
[10.439529] (-) TimerEvent: {}
[10.539801] (-) TimerEvent: {}
[10.640150] (-) TimerEvent: {}
[10.740410] (-) TimerEvent: {}
[10.840792] (-) TimerEvent: {}
[10.941064] (-) TimerEvent: {}
[11.041401] (-) TimerEvent: {}
[11.142762] (-) TimerEvent: {}
[11.243076] (-) TimerEvent: {}
[11.343370] (-) TimerEvent: {}
[11.443652] (-) TimerEvent: {}
[11.543941] (-) TimerEvent: {}
[11.644222] (-) TimerEvent: {}
[11.744509] (-) TimerEvent: {}
[11.844838] (-) TimerEvent: {}
[11.945142] (-) TimerEvent: {}
[12.045428] (-) TimerEvent: {}
[12.145720] (-) TimerEvent: {}
[12.246017] (-) TimerEvent: {}
[12.346304] (-) TimerEvent: {}
[12.446592] (-) TimerEvent: {}
[12.546879] (-) TimerEvent: {}
[12.647171] (-) TimerEvent: {}
[12.747463] (-) TimerEvent: {}
[12.847752] (-) TimerEvent: {}
[12.948047] (-) TimerEvent: {}
[13.048331] (-) TimerEvent: {}
[13.148622] (-) TimerEvent: {}
[13.248922] (-) TimerEvent: {}
[13.349214] (-) TimerEvent: {}
[13.449505] (-) TimerEvent: {}
[13.549799] (-) TimerEvent: {}
[13.650093] (-) TimerEvent: {}
[13.750392] (-) TimerEvent: {}
[13.850680] (-) TimerEvent: {}
[13.951017] (-) TimerEvent: {}
[14.051323] (-) TimerEvent: {}
[14.151625] (-) TimerEvent: {}
[14.251917] (-) TimerEvent: {}
[14.352195] (-) TimerEvent: {}
[14.356177] (cppfile) StdoutLine: {'line': b'[ 66%] \x1b[32m\x1b[1mLinking CXX executable simple_moveit_interface\x1b[0m\n'}
[14.452295] (-) TimerEvent: {}
[14.552600] (-) TimerEvent: {}
[14.638234] (cppfile) StdoutLine: {'line': b'[ 66%] Built target simple_moveit_interface\n'}
[14.652703] (-) TimerEvent: {}
[14.752967] (-) TimerEvent: {}
[14.853248] (-) TimerEvent: {}
[14.953639] (-) TimerEvent: {}
[15.053975] (-) TimerEvent: {}
[15.135385] (cppfile) StdoutLine: {'line': b'[ 83%] \x1b[32m\x1b[1mLinking CXX executable position_publisher\x1b[0m\n'}
[15.154074] (-) TimerEvent: {}
[15.254322] (-) TimerEvent: {}
[15.354716] (-) TimerEvent: {}
[15.395124] (cppfile) StdoutLine: {'line': b'[ 83%] Built target position_publisher\n'}
[15.454948] (-) TimerEvent: {}
[15.555202] (-) TimerEvent: {}
[15.655595] (-) TimerEvent: {}
[15.755946] (-) TimerEvent: {}
[15.856300] (-) TimerEvent: {}
[15.956566] (-) TimerEvent: {}
[16.056946] (-) TimerEvent: {}
[16.157318] (-) TimerEvent: {}
[16.257692] (-) TimerEvent: {}
[16.357944] (-) TimerEvent: {}
[16.458283] (-) TimerEvent: {}
[16.558515] (-) TimerEvent: {}
[16.658907] (-) TimerEvent: {}
[16.759275] (-) TimerEvent: {}
[16.859607] (-) TimerEvent: {}
[16.959871] (-) TimerEvent: {}
[17.060141] (-) TimerEvent: {}
[17.160382] (-) TimerEvent: {}
[17.260750] (-) TimerEvent: {}
[17.361038] (-) TimerEvent: {}
[17.461338] (-) TimerEvent: {}
[17.465140] (cppfile) StdoutLine: {'line': b'[100%] \x1b[32m\x1b[1mLinking CXX executable position_pub\x1b[0m\n'}
[17.561459] (-) TimerEvent: {}
[17.661835] (-) TimerEvent: {}
[17.762104] (-) TimerEvent: {}
[17.862361] (-) TimerEvent: {}
[17.878131] (cppfile) StdoutLine: {'line': b'[100%] Built target position_pub\n'}
[17.885242] (cppfile) CommandEnded: {'returncode': 0}
[17.906857] (cppfile) JobProgress: {'identifier': 'cppfile', 'progress': 'install'}
[17.907067] (cppfile) Command: {'cmd': ['/usr/bin/cmake', '--install', '/home/yadhu/ur3e/src/build/cppfile'], 'cwd': '/home/yadhu/ur3e/src/build/cppfile', 'env': OrderedDict([('HOSTNAME', 'yadhuk'), ('GIT_ASKPASS', '/vscode/vscode-server/bin/linux-x64/e54c774e0add60467559eb0d1e229c6452cf8447/extensions/git/dist/askpass.sh'), ('SHLVL', '2'), ('LD_LIBRARY_PATH', '/home/yadhu/ur3e/src/install/unity_ros_msgs/lib:/home/yadhu/ur3e/src/install/unity_robotics_demo_msgs/lib:/home/yadhu/ur3e/src/install/moveit_msgs/lib:/usr/lib/x86_64-linux-gnu/gazebo-11/plugins:/opt/ros/humble/opt/rviz_ogre_vendor/lib:/opt/ros/humble/lib/x86_64-linux-gnu:/opt/ros/humble/lib'), ('BROWSER', '/vscode/vscode-server/bin/linux-x64/e54c774e0add60467559eb0d1e229c6452cf8447/bin/helpers/browser.sh'), ('HOME', '/home/yadhu'), ('OLDPWD', '/home/yadhu/ur3e'), ('TERM_PROGRAM_VERSION', '1.97.2'), ('VSCODE_IPC_HOOK_CLI', '/tmp/vscode-ipc-191d809e-ad6a-48a3-8c83-2991c7349be6.sock'), ('DEBUGPY_ADAPTER_ENDPOINTS', '/home/yadhu/.vscode-server/extensions/ms-python.debugpy-2025.0.1-linux-x64/.noConfigDebugAdapterEndpoints/endpoint-00e5a96652343ffc.txt'), ('ROS_PYTHON_VERSION', '3'), ('VSCODE_GIT_ASKPASS_MAIN', '/vscode/vscode-server/bin/linux-x64/e54c774e0add60467559eb0d1e229c6452cf8447/extensions/git/dist/askpass-main.js'), ('VSCODE_GIT_ASKPASS_NODE', '/vscode/vscode-server/bin/linux-x64/e54c774e0add60467559eb0d1e229c6452cf8447/node'), ('PYDEVD_DISABLE_FILE_VALIDATION', '1'), ('BUNDLED_DEBUGPY_PATH', '/home/yadhu/.vscode-server/extensions/ms-python.debugpy-2025.0.1-linux-x64/bundled/libs/debugpy'), ('COLORTERM', 'truecolor'), ('REMOTE_CONTAINERS', 'true'), ('ROS_DISTRO', 'humble'), ('REMOTE_CONTAINERS_IPC', '/tmp/vscode-remote-containers-ipc-3b15b7cf-88ad-4a56-828c-69c61a495d31.sock'), ('_', '/usr/bin/colcon'), ('ROS_VERSION', '2'), ('TERM', 'xterm-256color'), ('ROS_LOCALHOST_ONLY', '0'), ('PATH', '/vscode/vscode-server/bin/linux-x64/e54c774e0add60467559eb0d1e229c6452cf8447/bin/remote-cli:/opt/ros/humble/bin:/usr/local/sbin:/usr/local/bin:/usr/sbin:/usr/bin:/sbin:/bin:/home/yadhu/.vscode-server/extensions/ms-python.debugpy-2025.0.1-linux-x64/bundled/scripts/noConfigScripts'), ('REMOTE_CONTAINERS_SOCKETS', '["/tmp/vscode-ssh-auth-3b15b7cf-88ad-4a56-828c-69c61a495d31.sock","/home/yadhu/.gnupg/S.gpg-agent"]'), ('DISPLAY', ':1'), ('LANG', 'C.UTF-8'), ('RMW_IMPLEMENTATION', 'rmw_cyclonedds_cpp'), ('LS_COLORS', 'rs=0:di=01;34:ln=01;36:mh=00:pi=40;33:so=01;35:do=01;35:bd=40;33;01:cd=40;33;01:or=40;31;01:mi=00:su=37;41:sg=30;43:ca=30;41:tw=30;42:ow=34;42:st=37;44:ex=01;32:*.tar=01;31:*.tgz=01;31:*.arc=01;31:*.arj=01;31:*.taz=01;31:*.lha=01;31:*.lz4=01;31:*.lzh=01;31:*.lzma=01;31:*.tlz=01;31:*.txz=01;31:*.tzo=01;31:*.t7z=01;31:*.zip=01;31:*.z=01;31:*.dz=01;31:*.gz=01;31:*.lrz=01;31:*.lz=01;31:*.lzo=01;31:*.xz=01;31:*.zst=01;31:*.tzst=01;31:*.bz2=01;31:*.bz=01;31:*.tbz=01;31:*.tbz2=01;31:*.tz=01;31:*.deb=01;31:*.rpm=01;31:*.jar=01;31:*.war=01;31:*.ear=01;31:*.sar=01;31:*.rar=01;31:*.alz=01;31:*.ace=01;31:*.zoo=01;31:*.cpio=01;31:*.7z=01;31:*.rz=01;31:*.cab=01;31:*.wim=01;31:*.swm=01;31:*.dwm=01;31:*.esd=01;31:*.jpg=01;35:*.jpeg=01;35:*.mjpg=01;35:*.mjpeg=01;35:*.gif=01;35:*.bmp=01;35:*.pbm=01;35:*.pgm=01;35:*.ppm=01;35:*.tga=01;35:*.xbm=01;35:*.xpm=01;35:*.tif=01;35:*.tiff=01;35:*.png=01;35:*.svg=01;35:*.svgz=01;35:*.mng=01;35:*.pcx=01;35:*.mov=01;35:*.mpg=01;35:*.mpeg=01;35:*.m2v=01;35:*.mkv=01;35:*.webm=01;35:*.webp=01;35:*.ogm=01;35:*.mp4=01;35:*.m4v=01;35:*.mp4v=01;35:*.vob=01;35:*.qt=01;35:*.nuv=01;35:*.wmv=01;35:*.asf=01;35:*.rm=01;35:*.rmvb=01;35:*.flc=01;35:*.avi=01;35:*.fli=01;35:*.flv=01;35:*.gl=01;35:*.dl=01;35:*.xcf=01;35:*.xwd=01;35:*.yuv=01;35:*.cgm=01;35:*.emf=01;35:*.ogv=01;35:*.ogx=01;35:*.aac=00;36:*.au=00;36:*.flac=00;36:*.m4a=00;36:*.mid=00;36:*.midi=00;36:*.mka=00;36:*.mp3=00;36:*.mpc=00;36:*.ogg=00;36:*.ra=00;36:*.wav=00;36:*.oga=00;36:*.opus=00;36:*.spx=00;36:*.xspf=00;36:'), ('VSCODE_GIT_IPC_HANDLE', '/tmp/vscode-git-09c052f1c4.sock'), ('TERM_PROGRAM', 'vscode'), ('SSH_AUTH_SOCK', '/tmp/vscode-ssh-auth-3b15b7cf-88ad-4a56-828c-69c61a495d31.sock'), ('ROS_DOMAIN_ID', '42'), ('AMENT_PREFIX_PATH', '/home/yadhu/ur3e/src/install/ur_description:/home/yadhu/ur3e/src/install/unity_ros_msgs:/home/yadhu/ur3e/src/install/unity_robotics_demo_msgs:/home/yadhu/ur3e/src/install/robotiq_description:/home/yadhu/ur3e/src/install/moveit_msgs:/opt/ros/humble'), ('SHELL', '/bin/bash'), ('ROS_AUTOMATIC_DISCOVERY_RANGE', 'LOCALHOST'), ('VSCODE_GIT_ASKPASS_EXTRA_ARGS', ''), ('PWD', '/home/yadhu/ur3e/src/build/cppfile'), ('LC_ALL', 'C.UTF-8'), ('PYTHONPATH', '/home/yadhu/ur3e/src/install/unity_ros_msgs/local/lib/python3.10/dist-packages:/home/yadhu/ur3e/src/install/unity_robotics_demo_msgs/local/lib/python3.10/dist-packages:/home/yadhu/ur3e/src/install/moveit_msgs/local/lib/python3.10/dist-packages:/opt/ros/humble/lib/python3.10/site-packages:/opt/ros/humble/local/lib/python3.10/dist-packages'), ('COLCON', '1'), ('CMAKE_PREFIX_PATH', '/home/yadhu/ur3e/src/install/ur_description:/home/yadhu/ur3e/src/install/unity_ros_msgs:/home/yadhu/ur3e/src/install/unity_robotics_demo_msgs:/home/yadhu/ur3e/src/install/robotiq_description:/home/yadhu/ur3e/src/install/moveit_msgs:/opt/ros/humble')]), 'shell': False}
[17.911846] (cppfile) StdoutLine: {'line': b'-- Install configuration: ""\n'}
[17.912075] (cppfile) StdoutLine: {'line': b'-- Installing: /home/yadhu/ur3e/src/install/cppfile/lib/cppfile/position_pub\n'}
[17.914360] (cppfile) StdoutLine: {'line': b'-- Set runtime path of "/home/yadhu/ur3e/src/install/cppfile/lib/cppfile/position_pub" to ""\n'}
[17.914536] (cppfile) StdoutLine: {'line': b'-- Installing: /home/yadhu/ur3e/src/install/cppfile/lib/cppfile/position_publisher\n'}
[17.915227] (cppfile) StdoutLine: {'line': b'-- Set runtime path of "/home/yadhu/ur3e/src/install/cppfile/lib/cppfile/position_publisher" to ""\n'}
[17.915313] (cppfile) StdoutLine: {'line': b'-- Installing: /home/yadhu/ur3e/src/install/cppfile/lib/cppfile/simple_moveit_interface\n'}
[17.915490] (cppfile) StdoutLine: {'line': b'-- Set runtime path of "/home/yadhu/ur3e/src/install/cppfile/lib/cppfile/simple_moveit_interface" to ""\n'}
[17.915620] (cppfile) StdoutLine: {'line': b'-- Installing: /home/yadhu/ur3e/src/install/cppfile/share/ament_index/resource_index/package_run_dependencies/cppfile\n'}
[17.915721] (cppfile) StdoutLine: {'line': b'-- Installing: /home/yadhu/ur3e/src/install/cppfile/share/ament_index/resource_index/parent_prefix_path/cppfile\n'}
[17.915848] (cppfile) StdoutLine: {'line': b'-- Installing: /home/yadhu/ur3e/src/install/cppfile/share/cppfile/environment/ament_prefix_path.sh\n'}
[17.915958] (cppfile) StdoutLine: {'line': b'-- Installing: /home/yadhu/ur3e/src/install/cppfile/share/cppfile/environment/ament_prefix_path.dsv\n'}
[17.916012] (cppfile) StdoutLine: {'line': b'-- Installing: /home/yadhu/ur3e/src/install/cppfile/share/cppfile/environment/path.sh\n'}
[17.916064] (cppfile) StdoutLine: {'line': b'-- Installing: /home/yadhu/ur3e/src/install/cppfile/share/cppfile/environment/path.dsv\n'}
[17.916112] (cppfile) StdoutLine: {'line': b'-- Installing: /home/yadhu/ur3e/src/install/cppfile/share/cppfile/local_setup.bash\n'}
[17.916226] (cppfile) StdoutLine: {'line': b'-- Installing: /home/yadhu/ur3e/src/install/cppfile/share/cppfile/local_setup.sh\n'}
[17.916275] (cppfile) StdoutLine: {'line': b'-- Installing: /home/yadhu/ur3e/src/install/cppfile/share/cppfile/local_setup.zsh\n'}
[17.916329] (cppfile) StdoutLine: {'line': b'-- Installing: /home/yadhu/ur3e/src/install/cppfile/share/cppfile/local_setup.dsv\n'}
[17.916356] (cppfile) StdoutLine: {'line': b'-- Installing: /home/yadhu/ur3e/src/install/cppfile/share/cppfile/package.dsv\n'}
[17.916402] (cppfile) StdoutLine: {'line': b'-- Installing: /home/yadhu/ur3e/src/install/cppfile/share/ament_index/resource_index/packages/cppfile\n'}
[17.916468] (cppfile) StdoutLine: {'line': b'-- Installing: /home/yadhu/ur3e/src/install/cppfile/share/cppfile/cmake/cppfileConfig.cmake\n'}
[17.916512] (cppfile) StdoutLine: {'line': b'-- Installing: /home/yadhu/ur3e/src/install/cppfile/share/cppfile/cmake/cppfileConfig-version.cmake\n'}
[17.916552] (cppfile) StdoutLine: {'line': b'-- Installing: /home/yadhu/ur3e/src/install/cppfile/share/cppfile/package.xml\n'}
[17.918095] (cppfile) CommandEnded: {'returncode': 0}
[17.946918] (cppfile) JobEnded: {'identifier': 'cppfile', 'rc': 0}
[17.947346] (-) EventReactorShutdown: {}
