[0.062s] DEBUG:colcon:Command line arguments: ['/usr/bin/colcon', 'build']
[0.062s] DEBUG:colcon:Parsed command line arguments: Namespace(log_base=None, log_level=None, verb_name='build', build_base='build', install_base='install', merge_install=False, symlink_install=False, test_result_base=None, continue_on_error=False, executor='parallel', parallel_workers=16, event_handlers=None, ignore_user_meta=False, metas=['./colcon.meta'], base_paths=['.'], packages_ignore=None, packages_ignore_regex=None, paths=None, packages_up_to=None, packages_up_to_regex=None, packages_above=None, packages_above_and_dependencies=None, packages_above_depth=None, packages_select_by_dep=None, packages_skip_by_dep=None, packages_skip_up_to=None, packages_select_build_failed=False, packages_skip_build_finished=False, packages_select_test_failures=False, packages_skip_test_passed=False, packages_select=None, packages_skip=None, packages_select_regex=None, packages_skip_regex=None, packages_start=None, packages_end=None, cmake_args=None, cmake_target=None, cmake_target_skip_unavailable=False, cmake_clean_cache=False, cmake_clean_first=False, cmake_force_configure=False, ament_cmake_args=None, catkin_cmake_args=None, catkin_skip_building_tests=False, mixin_files=None, mixin=None, verb_parser=<colcon_mixin.mixin.mixin_argument.MixinArgumentDecorator object at 0x7a6d25888b50>, verb_extension=<colcon_core.verb.build.BuildVerb object at 0x7a6d259fe8c0>, main=<bound method BuildVerb.main of <colcon_core.verb.build.BuildVerb object at 0x7a6d259fe8c0>>, mixin_verb=('build',))
[0.135s] Level 1:colcon.colcon_core.package_discovery:discover_packages(colcon_meta) check parameters
[0.135s] Level 1:colcon.colcon_core.package_discovery:discover_packages(recursive) check parameters
[0.135s] Level 1:colcon.colcon_core.package_discovery:discover_packages(ignore) check parameters
[0.135s] Level 1:colcon.colcon_core.package_discovery:discover_packages(path) check parameters
[0.135s] Level 1:colcon.colcon_core.package_discovery:discover_packages(colcon_meta) discover
[0.135s] Level 1:colcon.colcon_core.package_discovery:discover_packages(recursive) discover
[0.135s] INFO:colcon.colcon_core.package_discovery:Crawling recursively for packages in '/home/yadhu/ur3e/src'
[0.135s] Level 1:colcon.colcon_core.package_identification:_identify(.) by extensions ['ignore', 'ignore_ament_install']
[0.135s] Level 1:colcon.colcon_core.package_identification:_identify(.) by extension 'ignore'
[0.135s] Level 1:colcon.colcon_core.package_identification:_identify(.) by extension 'ignore_ament_install'
[0.135s] Level 1:colcon.colcon_core.package_identification:_identify(.) by extensions ['colcon_pkg']
[0.135s] Level 1:colcon.colcon_core.package_identification:_identify(.) by extension 'colcon_pkg'
[0.135s] Level 1:colcon.colcon_core.package_identification:_identify(.) by extensions ['colcon_meta']
[0.135s] Level 1:colcon.colcon_core.package_identification:_identify(.) by extension 'colcon_meta'
[0.135s] Level 1:colcon.colcon_core.package_identification:_identify(.) by extensions ['ros']
[0.135s] Level 1:colcon.colcon_core.package_identification:_identify(.) by extension 'ros'
[0.141s] Level 1:colcon.colcon_core.package_identification:_identify(.) by extensions ['cmake', 'python']
[0.141s] Level 1:colcon.colcon_core.package_identification:_identify(.) by extension 'cmake'
[0.141s] Level 1:colcon.colcon_core.package_identification:_identify(.) by extension 'python'
[0.141s] Level 1:colcon.colcon_core.package_identification:_identify(.) by extensions ['python_setup_py']
[0.141s] Level 1:colcon.colcon_core.package_identification:_identify(.) by extension 'python_setup_py'
[0.141s] Level 1:colcon.colcon_core.package_identification:_identify(ROS-TCP-Endpoint-main-ros2) by extensions ['ignore', 'ignore_ament_install']
[0.141s] Level 1:colcon.colcon_core.package_identification:_identify(ROS-TCP-Endpoint-main-ros2) by extension 'ignore'
[0.141s] Level 1:colcon.colcon_core.package_identification:_identify(ROS-TCP-Endpoint-main-ros2) by extension 'ignore_ament_install'
[0.141s] Level 1:colcon.colcon_core.package_identification:_identify(ROS-TCP-Endpoint-main-ros2) by extensions ['colcon_pkg']
[0.141s] Level 1:colcon.colcon_core.package_identification:_identify(ROS-TCP-Endpoint-main-ros2) by extension 'colcon_pkg'
[0.141s] Level 1:colcon.colcon_core.package_identification:_identify(ROS-TCP-Endpoint-main-ros2) by extensions ['colcon_meta']
[0.141s] Level 1:colcon.colcon_core.package_identification:_identify(ROS-TCP-Endpoint-main-ros2) by extension 'colcon_meta'
[0.141s] Level 1:colcon.colcon_core.package_identification:_identify(ROS-TCP-Endpoint-main-ros2) by extensions ['ros']
[0.141s] Level 1:colcon.colcon_core.package_identification:_identify(ROS-TCP-Endpoint-main-ros2) by extension 'ros'
[0.143s] DEBUG:colcon.colcon_core.package_identification:Package 'ROS-TCP-Endpoint-main-ros2' with type 'ros.ament_python' and name 'ros_tcp_endpoint'
[0.143s] Level 1:colcon.colcon_core.package_identification:_identify(build) by extensions ['ignore', 'ignore_ament_install']
[0.143s] Level 1:colcon.colcon_core.package_identification:_identify(build) by extension 'ignore'
[0.143s] Level 1:colcon.colcon_core.package_identification:_identify(build) ignored
[0.144s] Level 1:colcon.colcon_core.package_identification:_identify(cppfile) by extensions ['ignore', 'ignore_ament_install']
[0.144s] Level 1:colcon.colcon_core.package_identification:_identify(cppfile) by extension 'ignore'
[0.144s] Level 1:colcon.colcon_core.package_identification:_identify(cppfile) by extension 'ignore_ament_install'
[0.144s] Level 1:colcon.colcon_core.package_identification:_identify(cppfile) by extensions ['colcon_pkg']
[0.144s] Level 1:colcon.colcon_core.package_identification:_identify(cppfile) by extension 'colcon_pkg'
[0.144s] Level 1:colcon.colcon_core.package_identification:_identify(cppfile) by extensions ['colcon_meta']
[0.144s] Level 1:colcon.colcon_core.package_identification:_identify(cppfile) by extension 'colcon_meta'
[0.144s] Level 1:colcon.colcon_core.package_identification:_identify(cppfile) by extensions ['ros']
[0.144s] Level 1:colcon.colcon_core.package_identification:_identify(cppfile) by extension 'ros'
[0.144s] DEBUG:colcon.colcon_core.package_identification:Package 'cppfile' with type 'ros.ament_cmake' and name 'cppfile'
[0.144s] Level 1:colcon.colcon_core.package_identification:_identify(install) by extensions ['ignore', 'ignore_ament_install']
[0.144s] Level 1:colcon.colcon_core.package_identification:_identify(install) by extension 'ignore'
[0.144s] Level 1:colcon.colcon_core.package_identification:_identify(install) ignored
[0.144s] Level 1:colcon.colcon_core.package_identification:_identify(log) by extensions ['ignore', 'ignore_ament_install']
[0.145s] Level 1:colcon.colcon_core.package_identification:_identify(log) by extension 'ignore'
[0.145s] Level 1:colcon.colcon_core.package_identification:_identify(log) ignored
[0.145s] Level 1:colcon.colcon_core.package_identification:_identify(moveit_msgs) by extensions ['ignore', 'ignore_ament_install']
[0.145s] Level 1:colcon.colcon_core.package_identification:_identify(moveit_msgs) by extension 'ignore'
[0.145s] Level 1:colcon.colcon_core.package_identification:_identify(moveit_msgs) by extension 'ignore_ament_install'
[0.145s] Level 1:colcon.colcon_core.package_identification:_identify(moveit_msgs) by extensions ['colcon_pkg']
[0.145s] Level 1:colcon.colcon_core.package_identification:_identify(moveit_msgs) by extension 'colcon_pkg'
[0.145s] Level 1:colcon.colcon_core.package_identification:_identify(moveit_msgs) by extensions ['colcon_meta']
[0.145s] Level 1:colcon.colcon_core.package_identification:_identify(moveit_msgs) by extension 'colcon_meta'
[0.145s] Level 1:colcon.colcon_core.package_identification:_identify(moveit_msgs) by extensions ['ros']
[0.145s] Level 1:colcon.colcon_core.package_identification:_identify(moveit_msgs) by extension 'ros'
[0.146s] DEBUG:colcon.colcon_core.package_identification:Package 'moveit_msgs' with type 'ros.ament_cmake' and name 'moveit_msgs'
[0.146s] Level 1:colcon.colcon_core.package_identification:_identify(pyfile) by extensions ['ignore', 'ignore_ament_install']
[0.146s] Level 1:colcon.colcon_core.package_identification:_identify(pyfile) by extension 'ignore'
[0.146s] Level 1:colcon.colcon_core.package_identification:_identify(pyfile) by extension 'ignore_ament_install'
[0.146s] Level 1:colcon.colcon_core.package_identification:_identify(pyfile) by extensions ['colcon_pkg']
[0.146s] Level 1:colcon.colcon_core.package_identification:_identify(pyfile) by extension 'colcon_pkg'
[0.146s] Level 1:colcon.colcon_core.package_identification:_identify(pyfile) by extensions ['colcon_meta']
[0.146s] Level 1:colcon.colcon_core.package_identification:_identify(pyfile) by extension 'colcon_meta'
[0.146s] Level 1:colcon.colcon_core.package_identification:_identify(pyfile) by extensions ['ros']
[0.146s] Level 1:colcon.colcon_core.package_identification:_identify(pyfile) by extension 'ros'
[0.146s] DEBUG:colcon.colcon_core.package_identification:Package 'pyfile' with type 'ros.ament_python' and name 'pyfile'
[0.146s] Level 1:colcon.colcon_core.package_identification:_identify(robotiq_description) by extensions ['ignore', 'ignore_ament_install']
[0.146s] Level 1:colcon.colcon_core.package_identification:_identify(robotiq_description) by extension 'ignore'
[0.146s] Level 1:colcon.colcon_core.package_identification:_identify(robotiq_description) by extension 'ignore_ament_install'
[0.146s] Level 1:colcon.colcon_core.package_identification:_identify(robotiq_description) by extensions ['colcon_pkg']
[0.147s] Level 1:colcon.colcon_core.package_identification:_identify(robotiq_description) by extension 'colcon_pkg'
[0.147s] Level 1:colcon.colcon_core.package_identification:_identify(robotiq_description) by extensions ['colcon_meta']
[0.147s] Level 1:colcon.colcon_core.package_identification:_identify(robotiq_description) by extension 'colcon_meta'
[0.147s] Level 1:colcon.colcon_core.package_identification:_identify(robotiq_description) by extensions ['ros']
[0.147s] Level 1:colcon.colcon_core.package_identification:_identify(robotiq_description) by extension 'ros'
[0.147s] DEBUG:colcon.colcon_core.package_identification:Package 'robotiq_description' with type 'ros.ament_cmake' and name 'robotiq_description'
[0.147s] Level 1:colcon.colcon_core.package_identification:_identify(unity_robotics_demo) by extensions ['ignore', 'ignore_ament_install']
[0.147s] Level 1:colcon.colcon_core.package_identification:_identify(unity_robotics_demo) by extension 'ignore'
[0.147s] Level 1:colcon.colcon_core.package_identification:_identify(unity_robotics_demo) by extension 'ignore_ament_install'
[0.147s] Level 1:colcon.colcon_core.package_identification:_identify(unity_robotics_demo) by extensions ['colcon_pkg']
[0.147s] Level 1:colcon.colcon_core.package_identification:_identify(unity_robotics_demo) by extension 'colcon_pkg'
[0.147s] Level 1:colcon.colcon_core.package_identification:_identify(unity_robotics_demo) by extensions ['colcon_meta']
[0.147s] Level 1:colcon.colcon_core.package_identification:_identify(unity_robotics_demo) by extension 'colcon_meta'
[0.147s] Level 1:colcon.colcon_core.package_identification:_identify(unity_robotics_demo) by extensions ['ros']
[0.147s] Level 1:colcon.colcon_core.package_identification:_identify(unity_robotics_demo) by extension 'ros'
[0.148s] DEBUG:colcon.colcon_core.package_identification:Package 'unity_robotics_demo' with type 'ros.ament_python' and name 'unity_robotics_demo'
[0.148s] Level 1:colcon.colcon_core.package_identification:_identify(unity_robotics_demo_msgs) by extensions ['ignore', 'ignore_ament_install']
[0.148s] Level 1:colcon.colcon_core.package_identification:_identify(unity_robotics_demo_msgs) by extension 'ignore'
[0.148s] Level 1:colcon.colcon_core.package_identification:_identify(unity_robotics_demo_msgs) by extension 'ignore_ament_install'
[0.148s] Level 1:colcon.colcon_core.package_identification:_identify(unity_robotics_demo_msgs) by extensions ['colcon_pkg']
[0.148s] Level 1:colcon.colcon_core.package_identification:_identify(unity_robotics_demo_msgs) by extension 'colcon_pkg'
[0.148s] Level 1:colcon.colcon_core.package_identification:_identify(unity_robotics_demo_msgs) by extensions ['colcon_meta']
[0.148s] Level 1:colcon.colcon_core.package_identification:_identify(unity_robotics_demo_msgs) by extension 'colcon_meta'
[0.148s] Level 1:colcon.colcon_core.package_identification:_identify(unity_robotics_demo_msgs) by extensions ['ros']
[0.148s] Level 1:colcon.colcon_core.package_identification:_identify(unity_robotics_demo_msgs) by extension 'ros'
[0.148s] DEBUG:colcon.colcon_core.package_identification:Package 'unity_robotics_demo_msgs' with type 'ros.ament_cmake' and name 'unity_robotics_demo_msgs'
[0.148s] Level 1:colcon.colcon_core.package_identification:_identify(unity_ros_msgs) by extensions ['ignore', 'ignore_ament_install']
[0.148s] Level 1:colcon.colcon_core.package_identification:_identify(unity_ros_msgs) by extension 'ignore'
[0.148s] Level 1:colcon.colcon_core.package_identification:_identify(unity_ros_msgs) by extension 'ignore_ament_install'
[0.148s] Level 1:colcon.colcon_core.package_identification:_identify(unity_ros_msgs) by extensions ['colcon_pkg']
[0.148s] Level 1:colcon.colcon_core.package_identification:_identify(unity_ros_msgs) by extension 'colcon_pkg'
[0.148s] Level 1:colcon.colcon_core.package_identification:_identify(unity_ros_msgs) by extensions ['colcon_meta']
[0.148s] Level 1:colcon.colcon_core.package_identification:_identify(unity_ros_msgs) by extension 'colcon_meta'
[0.149s] Level 1:colcon.colcon_core.package_identification:_identify(unity_ros_msgs) by extensions ['ros']
[0.149s] Level 1:colcon.colcon_core.package_identification:_identify(unity_ros_msgs) by extension 'ros'
[0.149s] DEBUG:colcon.colcon_core.package_identification:Package 'unity_ros_msgs' with type 'ros.ament_cmake' and name 'unity_ros_msgs'
[0.149s] Level 1:colcon.colcon_core.package_identification:_identify(ur3e_gripper_moveit) by extensions ['ignore', 'ignore_ament_install']
[0.149s] Level 1:colcon.colcon_core.package_identification:_identify(ur3e_gripper_moveit) by extension 'ignore'
[0.149s] Level 1:colcon.colcon_core.package_identification:_identify(ur3e_gripper_moveit) by extension 'ignore_ament_install'
[0.149s] Level 1:colcon.colcon_core.package_identification:_identify(ur3e_gripper_moveit) by extensions ['colcon_pkg']
[0.149s] Level 1:colcon.colcon_core.package_identification:_identify(ur3e_gripper_moveit) by extension 'colcon_pkg'
[0.149s] Level 1:colcon.colcon_core.package_identification:_identify(ur3e_gripper_moveit) by extensions ['colcon_meta']
[0.149s] Level 1:colcon.colcon_core.package_identification:_identify(ur3e_gripper_moveit) by extension 'colcon_meta'
[0.149s] Level 1:colcon.colcon_core.package_identification:_identify(ur3e_gripper_moveit) by extensions ['ros']
[0.149s] Level 1:colcon.colcon_core.package_identification:_identify(ur3e_gripper_moveit) by extension 'ros'
[0.149s] DEBUG:colcon.colcon_core.package_identification:Package 'ur3e_gripper_moveit' with type 'ros.ament_cmake' and name 'ur3e_gripper_moveit'
[0.150s] Level 1:colcon.colcon_core.package_identification:_identify(ur_description) by extensions ['ignore', 'ignore_ament_install']
[0.150s] Level 1:colcon.colcon_core.package_identification:_identify(ur_description) by extension 'ignore'
[0.150s] Level 1:colcon.colcon_core.package_identification:_identify(ur_description) by extension 'ignore_ament_install'
[0.150s] Level 1:colcon.colcon_core.package_identification:_identify(ur_description) by extensions ['colcon_pkg']
[0.150s] Level 1:colcon.colcon_core.package_identification:_identify(ur_description) by extension 'colcon_pkg'
[0.150s] Level 1:colcon.colcon_core.package_identification:_identify(ur_description) by extensions ['colcon_meta']
[0.150s] Level 1:colcon.colcon_core.package_identification:_identify(ur_description) by extension 'colcon_meta'
[0.150s] Level 1:colcon.colcon_core.package_identification:_identify(ur_description) by extensions ['ros']
[0.150s] Level 1:colcon.colcon_core.package_identification:_identify(ur_description) by extension 'ros'
[0.150s] DEBUG:colcon.colcon_core.package_identification:Package 'ur_description' with type 'ros.ament_cmake' and name 'ur_description'
[0.150s] Level 1:colcon.colcon_core.package_identification:_identify(ur_moveit_config) by extensions ['ignore', 'ignore_ament_install']
[0.150s] Level 1:colcon.colcon_core.package_identification:_identify(ur_moveit_config) by extension 'ignore'
[0.150s] Level 1:colcon.colcon_core.package_identification:_identify(ur_moveit_config) by extension 'ignore_ament_install'
[0.150s] Level 1:colcon.colcon_core.package_identification:_identify(ur_moveit_config) by extensions ['colcon_pkg']
[0.150s] Level 1:colcon.colcon_core.package_identification:_identify(ur_moveit_config) by extension 'colcon_pkg'
[0.150s] Level 1:colcon.colcon_core.package_identification:_identify(ur_moveit_config) by extensions ['colcon_meta']
[0.150s] Level 1:colcon.colcon_core.package_identification:_identify(ur_moveit_config) by extension 'colcon_meta'
[0.150s] Level 1:colcon.colcon_core.package_identification:_identify(ur_moveit_config) by extensions ['ros']
[0.150s] Level 1:colcon.colcon_core.package_identification:_identify(ur_moveit_config) by extension 'ros'
[0.151s] DEBUG:colcon.colcon_core.package_identification:Package 'ur_moveit_config' with type 'ros.ament_cmake' and name 'ur_moveit_config'
[0.151s] Level 1:colcon.colcon_core.package_identification:_identify(ur_robotiq) by extensions ['ignore', 'ignore_ament_install']
[0.151s] Level 1:colcon.colcon_core.package_identification:_identify(ur_robotiq) by extension 'ignore'
[0.151s] Level 1:colcon.colcon_core.package_identification:_identify(ur_robotiq) by extension 'ignore_ament_install'
[0.151s] Level 1:colcon.colcon_core.package_identification:_identify(ur_robotiq) by extensions ['colcon_pkg']
[0.151s] Level 1:colcon.colcon_core.package_identification:_identify(ur_robotiq) by extension 'colcon_pkg'
[0.151s] Level 1:colcon.colcon_core.package_identification:_identify(ur_robotiq) by extensions ['colcon_meta']
[0.151s] Level 1:colcon.colcon_core.package_identification:_identify(ur_robotiq) by extension 'colcon_meta'
[0.151s] Level 1:colcon.colcon_core.package_identification:_identify(ur_robotiq) by extensions ['ros']
[0.151s] Level 1:colcon.colcon_core.package_identification:_identify(ur_robotiq) by extension 'ros'
[0.151s] DEBUG:colcon.colcon_core.package_identification:Package 'ur_robotiq' with type 'ros.ament_cmake' and name 'ur_robotiq'
[0.151s] Level 1:colcon.colcon_core.package_discovery:discover_packages(recursive) using defaults
[0.151s] Level 1:colcon.colcon_core.package_discovery:discover_packages(ignore) discover
[0.152s] Level 1:colcon.colcon_core.package_discovery:discover_packages(ignore) using defaults
[0.152s] Level 1:colcon.colcon_core.package_discovery:discover_packages(path) discover
[0.152s] Level 1:colcon.colcon_core.package_discovery:discover_packages(path) using defaults
[0.165s] Level 5:colcon.colcon_core.verb:set package 'moveit_msgs' build argument 'cmake_args' from command line to 'None'
[0.165s] Level 5:colcon.colcon_core.verb:set package 'moveit_msgs' build argument 'cmake_target' from command line to 'None'
[0.165s] Level 5:colcon.colcon_core.verb:set package 'moveit_msgs' build argument 'cmake_target_skip_unavailable' from command line to 'False'
[0.165s] Level 5:colcon.colcon_core.verb:set package 'moveit_msgs' build argument 'cmake_clean_cache' from command line to 'False'
[0.165s] Level 5:colcon.colcon_core.verb:set package 'moveit_msgs' build argument 'cmake_clean_first' from command line to 'False'
[0.165s] Level 5:colcon.colcon_core.verb:set package 'moveit_msgs' build argument 'cmake_force_configure' from command line to 'False'
[0.165s] Level 5:colcon.colcon_core.verb:set package 'moveit_msgs' build argument 'ament_cmake_args' from command line to 'None'
[0.165s] Level 5:colcon.colcon_core.verb:set package 'moveit_msgs' build argument 'catkin_cmake_args' from command line to 'None'
[0.165s] Level 5:colcon.colcon_core.verb:set package 'moveit_msgs' build argument 'catkin_skip_building_tests' from command line to 'False'
[0.165s] DEBUG:colcon.colcon_core.verb:Building package 'moveit_msgs' with the following arguments: {'ament_cmake_args': None, 'build_base': '/home/yadhu/ur3e/src/build/moveit_msgs', 'catkin_cmake_args': None, 'catkin_skip_building_tests': False, 'cmake_args': None, 'cmake_clean_cache': False, 'cmake_clean_first': False, 'cmake_force_configure': False, 'cmake_target': None, 'cmake_target_skip_unavailable': False, 'install_base': '/home/yadhu/ur3e/src/install/moveit_msgs', 'merge_install': False, 'path': '/home/yadhu/ur3e/src/moveit_msgs', 'symlink_install': False, 'test_result_base': None}
[0.165s] Level 5:colcon.colcon_core.verb:set package 'robotiq_description' build argument 'cmake_args' from command line to 'None'
[0.165s] Level 5:colcon.colcon_core.verb:set package 'robotiq_description' build argument 'cmake_target' from command line to 'None'
[0.165s] Level 5:colcon.colcon_core.verb:set package 'robotiq_description' build argument 'cmake_target_skip_unavailable' from command line to 'False'
[0.165s] Level 5:colcon.colcon_core.verb:set package 'robotiq_description' build argument 'cmake_clean_cache' from command line to 'False'
[0.165s] Level 5:colcon.colcon_core.verb:set package 'robotiq_description' build argument 'cmake_clean_first' from command line to 'False'
[0.165s] Level 5:colcon.colcon_core.verb:set package 'robotiq_description' build argument 'cmake_force_configure' from command line to 'False'
[0.165s] Level 5:colcon.colcon_core.verb:set package 'robotiq_description' build argument 'ament_cmake_args' from command line to 'None'
[0.165s] Level 5:colcon.colcon_core.verb:set package 'robotiq_description' build argument 'catkin_cmake_args' from command line to 'None'
[0.165s] Level 5:colcon.colcon_core.verb:set package 'robotiq_description' build argument 'catkin_skip_building_tests' from command line to 'False'
[0.165s] DEBUG:colcon.colcon_core.verb:Building package 'robotiq_description' with the following arguments: {'ament_cmake_args': None, 'build_base': '/home/yadhu/ur3e/src/build/robotiq_description', 'catkin_cmake_args': None, 'catkin_skip_building_tests': False, 'cmake_args': None, 'cmake_clean_cache': False, 'cmake_clean_first': False, 'cmake_force_configure': False, 'cmake_target': None, 'cmake_target_skip_unavailable': False, 'install_base': '/home/yadhu/ur3e/src/install/robotiq_description', 'merge_install': False, 'path': '/home/yadhu/ur3e/src/robotiq_description', 'symlink_install': False, 'test_result_base': None}
[0.165s] Level 5:colcon.colcon_core.verb:set package 'ros_tcp_endpoint' build argument 'cmake_args' from command line to 'None'
[0.165s] Level 5:colcon.colcon_core.verb:set package 'ros_tcp_endpoint' build argument 'cmake_target' from command line to 'None'
[0.165s] Level 5:colcon.colcon_core.verb:set package 'ros_tcp_endpoint' build argument 'cmake_target_skip_unavailable' from command line to 'False'
[0.165s] Level 5:colcon.colcon_core.verb:set package 'ros_tcp_endpoint' build argument 'cmake_clean_cache' from command line to 'False'
[0.165s] Level 5:colcon.colcon_core.verb:set package 'ros_tcp_endpoint' build argument 'cmake_clean_first' from command line to 'False'
[0.165s] Level 5:colcon.colcon_core.verb:set package 'ros_tcp_endpoint' build argument 'cmake_force_configure' from command line to 'False'
[0.165s] Level 5:colcon.colcon_core.verb:set package 'ros_tcp_endpoint' build argument 'ament_cmake_args' from command line to 'None'
[0.165s] Level 5:colcon.colcon_core.verb:set package 'ros_tcp_endpoint' build argument 'catkin_cmake_args' from command line to 'None'
[0.165s] Level 5:colcon.colcon_core.verb:set package 'ros_tcp_endpoint' build argument 'catkin_skip_building_tests' from command line to 'False'
[0.166s] DEBUG:colcon.colcon_core.verb:Building package 'ros_tcp_endpoint' with the following arguments: {'ament_cmake_args': None, 'build_base': '/home/yadhu/ur3e/src/build/ros_tcp_endpoint', 'catkin_cmake_args': None, 'catkin_skip_building_tests': False, 'cmake_args': None, 'cmake_clean_cache': False, 'cmake_clean_first': False, 'cmake_force_configure': False, 'cmake_target': None, 'cmake_target_skip_unavailable': False, 'install_base': '/home/yadhu/ur3e/src/install/ros_tcp_endpoint', 'merge_install': False, 'path': '/home/yadhu/ur3e/src/ROS-TCP-Endpoint-main-ros2', 'symlink_install': False, 'test_result_base': None}
[0.166s] Level 5:colcon.colcon_core.verb:set package 'unity_robotics_demo' build argument 'cmake_args' from command line to 'None'
[0.166s] Level 5:colcon.colcon_core.verb:set package 'unity_robotics_demo' build argument 'cmake_target' from command line to 'None'
[0.166s] Level 5:colcon.colcon_core.verb:set package 'unity_robotics_demo' build argument 'cmake_target_skip_unavailable' from command line to 'False'
[0.166s] Level 5:colcon.colcon_core.verb:set package 'unity_robotics_demo' build argument 'cmake_clean_cache' from command line to 'False'
[0.166s] Level 5:colcon.colcon_core.verb:set package 'unity_robotics_demo' build argument 'cmake_clean_first' from command line to 'False'
[0.166s] Level 5:colcon.colcon_core.verb:set package 'unity_robotics_demo' build argument 'cmake_force_configure' from command line to 'False'
[0.166s] Level 5:colcon.colcon_core.verb:set package 'unity_robotics_demo' build argument 'ament_cmake_args' from command line to 'None'
[0.166s] Level 5:colcon.colcon_core.verb:set package 'unity_robotics_demo' build argument 'catkin_cmake_args' from command line to 'None'
[0.166s] Level 5:colcon.colcon_core.verb:set package 'unity_robotics_demo' build argument 'catkin_skip_building_tests' from command line to 'False'
[0.166s] DEBUG:colcon.colcon_core.verb:Building package 'unity_robotics_demo' with the following arguments: {'ament_cmake_args': None, 'build_base': '/home/yadhu/ur3e/src/build/unity_robotics_demo', 'catkin_cmake_args': None, 'catkin_skip_building_tests': False, 'cmake_args': None, 'cmake_clean_cache': False, 'cmake_clean_first': False, 'cmake_force_configure': False, 'cmake_target': None, 'cmake_target_skip_unavailable': False, 'install_base': '/home/yadhu/ur3e/src/install/unity_robotics_demo', 'merge_install': False, 'path': '/home/yadhu/ur3e/src/unity_robotics_demo', 'symlink_install': False, 'test_result_base': None}
[0.166s] Level 5:colcon.colcon_core.verb:set package 'unity_robotics_demo_msgs' build argument 'cmake_args' from command line to 'None'
[0.166s] Level 5:colcon.colcon_core.verb:set package 'unity_robotics_demo_msgs' build argument 'cmake_target' from command line to 'None'
[0.166s] Level 5:colcon.colcon_core.verb:set package 'unity_robotics_demo_msgs' build argument 'cmake_target_skip_unavailable' from command line to 'False'
[0.166s] Level 5:colcon.colcon_core.verb:set package 'unity_robotics_demo_msgs' build argument 'cmake_clean_cache' from command line to 'False'
[0.166s] Level 5:colcon.colcon_core.verb:set package 'unity_robotics_demo_msgs' build argument 'cmake_clean_first' from command line to 'False'
[0.166s] Level 5:colcon.colcon_core.verb:set package 'unity_robotics_demo_msgs' build argument 'cmake_force_configure' from command line to 'False'
[0.166s] Level 5:colcon.colcon_core.verb:set package 'unity_robotics_demo_msgs' build argument 'ament_cmake_args' from command line to 'None'
[0.166s] Level 5:colcon.colcon_core.verb:set package 'unity_robotics_demo_msgs' build argument 'catkin_cmake_args' from command line to 'None'
[0.166s] Level 5:colcon.colcon_core.verb:set package 'unity_robotics_demo_msgs' build argument 'catkin_skip_building_tests' from command line to 'False'
[0.166s] DEBUG:colcon.colcon_core.verb:Building package 'unity_robotics_demo_msgs' with the following arguments: {'ament_cmake_args': None, 'build_base': '/home/yadhu/ur3e/src/build/unity_robotics_demo_msgs', 'catkin_cmake_args': None, 'catkin_skip_building_tests': False, 'cmake_args': None, 'cmake_clean_cache': False, 'cmake_clean_first': False, 'cmake_force_configure': False, 'cmake_target': None, 'cmake_target_skip_unavailable': False, 'install_base': '/home/yadhu/ur3e/src/install/unity_robotics_demo_msgs', 'merge_install': False, 'path': '/home/yadhu/ur3e/src/unity_robotics_demo_msgs', 'symlink_install': False, 'test_result_base': None}
[0.166s] Level 5:colcon.colcon_core.verb:set package 'unity_ros_msgs' build argument 'cmake_args' from command line to 'None'
[0.166s] Level 5:colcon.colcon_core.verb:set package 'unity_ros_msgs' build argument 'cmake_target' from command line to 'None'
[0.166s] Level 5:colcon.colcon_core.verb:set package 'unity_ros_msgs' build argument 'cmake_target_skip_unavailable' from command line to 'False'
[0.166s] Level 5:colcon.colcon_core.verb:set package 'unity_ros_msgs' build argument 'cmake_clean_cache' from command line to 'False'
[0.166s] Level 5:colcon.colcon_core.verb:set package 'unity_ros_msgs' build argument 'cmake_clean_first' from command line to 'False'
[0.166s] Level 5:colcon.colcon_core.verb:set package 'unity_ros_msgs' build argument 'cmake_force_configure' from command line to 'False'
[0.166s] Level 5:colcon.colcon_core.verb:set package 'unity_ros_msgs' build argument 'ament_cmake_args' from command line to 'None'
[0.166s] Level 5:colcon.colcon_core.verb:set package 'unity_ros_msgs' build argument 'catkin_cmake_args' from command line to 'None'
[0.166s] Level 5:colcon.colcon_core.verb:set package 'unity_ros_msgs' build argument 'catkin_skip_building_tests' from command line to 'False'
[0.166s] DEBUG:colcon.colcon_core.verb:Building package 'unity_ros_msgs' with the following arguments: {'ament_cmake_args': None, 'build_base': '/home/yadhu/ur3e/src/build/unity_ros_msgs', 'catkin_cmake_args': None, 'catkin_skip_building_tests': False, 'cmake_args': None, 'cmake_clean_cache': False, 'cmake_clean_first': False, 'cmake_force_configure': False, 'cmake_target': None, 'cmake_target_skip_unavailable': False, 'install_base': '/home/yadhu/ur3e/src/install/unity_ros_msgs', 'merge_install': False, 'path': '/home/yadhu/ur3e/src/unity_ros_msgs', 'symlink_install': False, 'test_result_base': None}
[0.167s] Level 5:colcon.colcon_core.verb:set package 'ur_description' build argument 'cmake_args' from command line to 'None'
[0.167s] Level 5:colcon.colcon_core.verb:set package 'ur_description' build argument 'cmake_target' from command line to 'None'
[0.167s] Level 5:colcon.colcon_core.verb:set package 'ur_description' build argument 'cmake_target_skip_unavailable' from command line to 'False'
[0.167s] Level 5:colcon.colcon_core.verb:set package 'ur_description' build argument 'cmake_clean_cache' from command line to 'False'
[0.167s] Level 5:colcon.colcon_core.verb:set package 'ur_description' build argument 'cmake_clean_first' from command line to 'False'
[0.167s] Level 5:colcon.colcon_core.verb:set package 'ur_description' build argument 'cmake_force_configure' from command line to 'False'
[0.167s] Level 5:colcon.colcon_core.verb:set package 'ur_description' build argument 'ament_cmake_args' from command line to 'None'
[0.167s] Level 5:colcon.colcon_core.verb:set package 'ur_description' build argument 'catkin_cmake_args' from command line to 'None'
[0.167s] Level 5:colcon.colcon_core.verb:set package 'ur_description' build argument 'catkin_skip_building_tests' from command line to 'False'
[0.167s] DEBUG:colcon.colcon_core.verb:Building package 'ur_description' with the following arguments: {'ament_cmake_args': None, 'build_base': '/home/yadhu/ur3e/src/build/ur_description', 'catkin_cmake_args': None, 'catkin_skip_building_tests': False, 'cmake_args': None, 'cmake_clean_cache': False, 'cmake_clean_first': False, 'cmake_force_configure': False, 'cmake_target': None, 'cmake_target_skip_unavailable': False, 'install_base': '/home/yadhu/ur3e/src/install/ur_description', 'merge_install': False, 'path': '/home/yadhu/ur3e/src/ur_description', 'symlink_install': False, 'test_result_base': None}
[0.167s] Level 5:colcon.colcon_core.verb:set package 'ur_robotiq' build argument 'cmake_args' from command line to 'None'
[0.167s] Level 5:colcon.colcon_core.verb:set package 'ur_robotiq' build argument 'cmake_target' from command line to 'None'
[0.167s] Level 5:colcon.colcon_core.verb:set package 'ur_robotiq' build argument 'cmake_target_skip_unavailable' from command line to 'False'
[0.167s] Level 5:colcon.colcon_core.verb:set package 'ur_robotiq' build argument 'cmake_clean_cache' from command line to 'False'
[0.167s] Level 5:colcon.colcon_core.verb:set package 'ur_robotiq' build argument 'cmake_clean_first' from command line to 'False'
[0.167s] Level 5:colcon.colcon_core.verb:set package 'ur_robotiq' build argument 'cmake_force_configure' from command line to 'False'
[0.167s] Level 5:colcon.colcon_core.verb:set package 'ur_robotiq' build argument 'ament_cmake_args' from command line to 'None'
[0.167s] Level 5:colcon.colcon_core.verb:set package 'ur_robotiq' build argument 'catkin_cmake_args' from command line to 'None'
[0.167s] Level 5:colcon.colcon_core.verb:set package 'ur_robotiq' build argument 'catkin_skip_building_tests' from command line to 'False'
[0.167s] DEBUG:colcon.colcon_core.verb:Building package 'ur_robotiq' with the following arguments: {'ament_cmake_args': None, 'build_base': '/home/yadhu/ur3e/src/build/ur_robotiq', 'catkin_cmake_args': None, 'catkin_skip_building_tests': False, 'cmake_args': None, 'cmake_clean_cache': False, 'cmake_clean_first': False, 'cmake_force_configure': False, 'cmake_target': None, 'cmake_target_skip_unavailable': False, 'install_base': '/home/yadhu/ur3e/src/install/ur_robotiq', 'merge_install': False, 'path': '/home/yadhu/ur3e/src/ur_robotiq', 'symlink_install': False, 'test_result_base': None}
[0.167s] Level 5:colcon.colcon_core.verb:set package 'cppfile' build argument 'cmake_args' from command line to 'None'
[0.167s] Level 5:colcon.colcon_core.verb:set package 'cppfile' build argument 'cmake_target' from command line to 'None'
[0.167s] Level 5:colcon.colcon_core.verb:set package 'cppfile' build argument 'cmake_target_skip_unavailable' from command line to 'False'
[0.167s] Level 5:colcon.colcon_core.verb:set package 'cppfile' build argument 'cmake_clean_cache' from command line to 'False'
[0.167s] Level 5:colcon.colcon_core.verb:set package 'cppfile' build argument 'cmake_clean_first' from command line to 'False'
[0.167s] Level 5:colcon.colcon_core.verb:set package 'cppfile' build argument 'cmake_force_configure' from command line to 'False'
[0.167s] Level 5:colcon.colcon_core.verb:set package 'cppfile' build argument 'ament_cmake_args' from command line to 'None'
[0.167s] Level 5:colcon.colcon_core.verb:set package 'cppfile' build argument 'catkin_cmake_args' from command line to 'None'
[0.167s] Level 5:colcon.colcon_core.verb:set package 'cppfile' build argument 'catkin_skip_building_tests' from command line to 'False'
[0.167s] DEBUG:colcon.colcon_core.verb:Building package 'cppfile' with the following arguments: {'ament_cmake_args': None, 'build_base': '/home/yadhu/ur3e/src/build/cppfile', 'catkin_cmake_args': None, 'catkin_skip_building_tests': False, 'cmake_args': None, 'cmake_clean_cache': False, 'cmake_clean_first': False, 'cmake_force_configure': False, 'cmake_target': None, 'cmake_target_skip_unavailable': False, 'install_base': '/home/yadhu/ur3e/src/install/cppfile', 'merge_install': False, 'path': '/home/yadhu/ur3e/src/cppfile', 'symlink_install': False, 'test_result_base': None}
[0.168s] Level 5:colcon.colcon_core.verb:set package 'pyfile' build argument 'cmake_args' from command line to 'None'
[0.168s] Level 5:colcon.colcon_core.verb:set package 'pyfile' build argument 'cmake_target' from command line to 'None'
[0.168s] Level 5:colcon.colcon_core.verb:set package 'pyfile' build argument 'cmake_target_skip_unavailable' from command line to 'False'
[0.168s] Level 5:colcon.colcon_core.verb:set package 'pyfile' build argument 'cmake_clean_cache' from command line to 'False'
[0.168s] Level 5:colcon.colcon_core.verb:set package 'pyfile' build argument 'cmake_clean_first' from command line to 'False'
[0.168s] Level 5:colcon.colcon_core.verb:set package 'pyfile' build argument 'cmake_force_configure' from command line to 'False'
[0.168s] Level 5:colcon.colcon_core.verb:set package 'pyfile' build argument 'ament_cmake_args' from command line to 'None'
[0.168s] Level 5:colcon.colcon_core.verb:set package 'pyfile' build argument 'catkin_cmake_args' from command line to 'None'
[0.168s] Level 5:colcon.colcon_core.verb:set package 'pyfile' build argument 'catkin_skip_building_tests' from command line to 'False'
[0.168s] DEBUG:colcon.colcon_core.verb:Building package 'pyfile' with the following arguments: {'ament_cmake_args': None, 'build_base': '/home/yadhu/ur3e/src/build/pyfile', 'catkin_cmake_args': None, 'catkin_skip_building_tests': False, 'cmake_args': None, 'cmake_clean_cache': False, 'cmake_clean_first': False, 'cmake_force_configure': False, 'cmake_target': None, 'cmake_target_skip_unavailable': False, 'install_base': '/home/yadhu/ur3e/src/install/pyfile', 'merge_install': False, 'path': '/home/yadhu/ur3e/src/pyfile', 'symlink_install': False, 'test_result_base': None}
[0.168s] Level 5:colcon.colcon_core.verb:set package 'ur3e_gripper_moveit' build argument 'cmake_args' from command line to 'None'
[0.168s] Level 5:colcon.colcon_core.verb:set package 'ur3e_gripper_moveit' build argument 'cmake_target' from command line to 'None'
[0.168s] Level 5:colcon.colcon_core.verb:set package 'ur3e_gripper_moveit' build argument 'cmake_target_skip_unavailable' from command line to 'False'
[0.168s] Level 5:colcon.colcon_core.verb:set package 'ur3e_gripper_moveit' build argument 'cmake_clean_cache' from command line to 'False'
[0.168s] Level 5:colcon.colcon_core.verb:set package 'ur3e_gripper_moveit' build argument 'cmake_clean_first' from command line to 'False'
[0.168s] Level 5:colcon.colcon_core.verb:set package 'ur3e_gripper_moveit' build argument 'cmake_force_configure' from command line to 'False'
[0.168s] Level 5:colcon.colcon_core.verb:set package 'ur3e_gripper_moveit' build argument 'ament_cmake_args' from command line to 'None'
[0.168s] Level 5:colcon.colcon_core.verb:set package 'ur3e_gripper_moveit' build argument 'catkin_cmake_args' from command line to 'None'
[0.168s] Level 5:colcon.colcon_core.verb:set package 'ur3e_gripper_moveit' build argument 'catkin_skip_building_tests' from command line to 'False'
[0.168s] DEBUG:colcon.colcon_core.verb:Building package 'ur3e_gripper_moveit' with the following arguments: {'ament_cmake_args': None, 'build_base': '/home/yadhu/ur3e/src/build/ur3e_gripper_moveit', 'catkin_cmake_args': None, 'catkin_skip_building_tests': False, 'cmake_args': None, 'cmake_clean_cache': False, 'cmake_clean_first': False, 'cmake_force_configure': False, 'cmake_target': None, 'cmake_target_skip_unavailable': False, 'install_base': '/home/yadhu/ur3e/src/install/ur3e_gripper_moveit', 'merge_install': False, 'path': '/home/yadhu/ur3e/src/ur3e_gripper_moveit', 'symlink_install': False, 'test_result_base': None}
[0.168s] Level 5:colcon.colcon_core.verb:set package 'ur_moveit_config' build argument 'cmake_args' from command line to 'None'
[0.168s] Level 5:colcon.colcon_core.verb:set package 'ur_moveit_config' build argument 'cmake_target' from command line to 'None'
[0.168s] Level 5:colcon.colcon_core.verb:set package 'ur_moveit_config' build argument 'cmake_target_skip_unavailable' from command line to 'False'
[0.168s] Level 5:colcon.colcon_core.verb:set package 'ur_moveit_config' build argument 'cmake_clean_cache' from command line to 'False'
[0.168s] Level 5:colcon.colcon_core.verb:set package 'ur_moveit_config' build argument 'cmake_clean_first' from command line to 'False'
[0.168s] Level 5:colcon.colcon_core.verb:set package 'ur_moveit_config' build argument 'cmake_force_configure' from command line to 'False'
[0.168s] Level 5:colcon.colcon_core.verb:set package 'ur_moveit_config' build argument 'ament_cmake_args' from command line to 'None'
[0.168s] Level 5:colcon.colcon_core.verb:set package 'ur_moveit_config' build argument 'catkin_cmake_args' from command line to 'None'
[0.168s] Level 5:colcon.colcon_core.verb:set package 'ur_moveit_config' build argument 'catkin_skip_building_tests' from command line to 'False'
[0.168s] DEBUG:colcon.colcon_core.verb:Building package 'ur_moveit_config' with the following arguments: {'ament_cmake_args': None, 'build_base': '/home/yadhu/ur3e/src/build/ur_moveit_config', 'catkin_cmake_args': None, 'catkin_skip_building_tests': False, 'cmake_args': None, 'cmake_clean_cache': False, 'cmake_clean_first': False, 'cmake_force_configure': False, 'cmake_target': None, 'cmake_target_skip_unavailable': False, 'install_base': '/home/yadhu/ur3e/src/install/ur_moveit_config', 'merge_install': False, 'path': '/home/yadhu/ur3e/src/ur_moveit_config', 'symlink_install': False, 'test_result_base': None}
[0.168s] INFO:colcon.colcon_core.executor:Executing jobs using 'parallel' executor
[0.169s] DEBUG:colcon.colcon_parallel_executor.executor.parallel:run_until_complete
[0.169s] INFO:colcon.colcon_ros.task.ament_cmake.build:Building ROS package in '/home/yadhu/ur3e/src/robotiq_description' with build type 'ament_cmake'
[0.169s] INFO:colcon.colcon_cmake.task.cmake.build:Building CMake package in '/home/yadhu/ur3e/src/robotiq_description'
[0.176s] INFO:colcon.colcon_core.plugin_system:Skipping extension 'colcon_core.shell.bat': Not used on non-Windows systems
[0.176s] INFO:colcon.colcon_core.shell:Skip shell extension 'powershell' for command environment: Not usable outside of PowerShell
[0.176s] DEBUG:colcon.colcon_core.shell:Skip shell extension 'dsv' for command environment
[0.180s] INFO:colcon.colcon_ros.task.ament_cmake.build:Building ROS package in '/home/yadhu/ur3e/src/moveit_msgs' with build type 'ament_cmake'
[0.180s] INFO:colcon.colcon_cmake.task.cmake.build:Building CMake package in '/home/yadhu/ur3e/src/moveit_msgs'
[0.180s] INFO:colcon.colcon_core.shell:Skip shell extension 'powershell' for command environment: Not usable outside of PowerShell
[0.180s] DEBUG:colcon.colcon_core.shell:Skip shell extension 'dsv' for command environment
[0.183s] INFO:colcon.colcon_ros.task.ament_cmake.build:Building ROS package in '/home/yadhu/ur3e/src/unity_robotics_demo_msgs' with build type 'ament_cmake'
[0.183s] INFO:colcon.colcon_cmake.task.cmake.build:Building CMake package in '/home/yadhu/ur3e/src/unity_robotics_demo_msgs'
[0.184s] INFO:colcon.colcon_core.shell:Skip shell extension 'powershell' for command environment: Not usable outside of PowerShell
[0.184s] DEBUG:colcon.colcon_core.shell:Skip shell extension 'dsv' for command environment
[0.186s] INFO:colcon.colcon_ros.task.ament_python.build:Building ROS package in '/home/yadhu/ur3e/src/ROS-TCP-Endpoint-main-ros2' with build type 'ament_python'
[0.186s] Level 1:colcon.colcon_core.shell:create_environment_hook('ros_tcp_endpoint', 'ament_prefix_path')
[0.186s] INFO:colcon.colcon_core.shell:Creating environment hook '/home/yadhu/ur3e/src/install/ros_tcp_endpoint/share/ros_tcp_endpoint/hook/ament_prefix_path.ps1'
[0.187s] INFO:colcon.colcon_core.shell:Creating environment descriptor '/home/yadhu/ur3e/src/install/ros_tcp_endpoint/share/ros_tcp_endpoint/hook/ament_prefix_path.dsv'
[0.187s] INFO:colcon.colcon_core.shell:Creating environment hook '/home/yadhu/ur3e/src/install/ros_tcp_endpoint/share/ros_tcp_endpoint/hook/ament_prefix_path.sh'
[0.188s] INFO:colcon.colcon_core.shell:Skip shell extension 'powershell' for command environment: Not usable outside of PowerShell
[0.188s] DEBUG:colcon.colcon_core.shell:Skip shell extension 'dsv' for command environment
[0.190s] INFO:colcon.colcon_ros.task.ament_python.build:Building ROS package in '/home/yadhu/ur3e/src/unity_robotics_demo' with build type 'ament_python'
[0.191s] Level 1:colcon.colcon_core.shell:create_environment_hook('unity_robotics_demo', 'ament_prefix_path')
[0.191s] INFO:colcon.colcon_core.shell:Creating environment hook '/home/yadhu/ur3e/src/install/unity_robotics_demo/share/unity_robotics_demo/hook/ament_prefix_path.ps1'
[0.191s] INFO:colcon.colcon_core.shell:Creating environment descriptor '/home/yadhu/ur3e/src/install/unity_robotics_demo/share/unity_robotics_demo/hook/ament_prefix_path.dsv'
[0.191s] INFO:colcon.colcon_core.shell:Creating environment hook '/home/yadhu/ur3e/src/install/unity_robotics_demo/share/unity_robotics_demo/hook/ament_prefix_path.sh'
[0.191s] INFO:colcon.colcon_core.shell:Skip shell extension 'powershell' for command environment: Not usable outside of PowerShell
[0.191s] DEBUG:colcon.colcon_core.shell:Skip shell extension 'dsv' for command environment
[0.204s] DEBUG:colcon.colcon_core.event_handler.log_command:Invoking command in '/home/yadhu/ur3e/src/build/robotiq_description': CMAKE_PREFIX_PATH=/opt/ros/humble /usr/bin/cmake --build /home/yadhu/ur3e/src/build/robotiq_description -- -j16 -l16
[0.207s] DEBUG:colcon.colcon_core.event_handler.log_command:Invoking command in '/home/yadhu/ur3e/src/build/moveit_msgs': CMAKE_PREFIX_PATH=/opt/ros/humble /usr/bin/cmake --build /home/yadhu/ur3e/src/build/moveit_msgs -- -j16 -l16
[0.209s] DEBUG:colcon.colcon_core.event_handler.log_command:Invoking command in '/home/yadhu/ur3e/src/build/unity_robotics_demo_msgs': CMAKE_PREFIX_PATH=/opt/ros/humble /usr/bin/cmake --build /home/yadhu/ur3e/src/build/unity_robotics_demo_msgs -- -j16 -l16
[0.396s] INFO:colcon.colcon_core.task.python.build:Building Python package in '/home/yadhu/ur3e/src/ROS-TCP-Endpoint-main-ros2'
[0.396s] INFO:colcon.colcon_core.shell:Skip shell extension 'powershell' for command environment: Not usable outside of PowerShell
[0.396s] DEBUG:colcon.colcon_core.shell:Skip shell extension 'dsv' for command environment
[0.552s] INFO:colcon.colcon_core.task.python.build:Building Python package in '/home/yadhu/ur3e/src/unity_robotics_demo'
[0.553s] INFO:colcon.colcon_core.shell:Skip shell extension 'powershell' for command environment: Not usable outside of PowerShell
[0.553s] DEBUG:colcon.colcon_core.shell:Skip shell extension 'dsv' for command environment
[0.558s] DEBUG:colcon.colcon_core.event_handler.log_command:Invoked command in '/home/yadhu/ur3e/src/build/robotiq_description' returned '0': CMAKE_PREFIX_PATH=/opt/ros/humble /usr/bin/cmake --build /home/yadhu/ur3e/src/build/robotiq_description -- -j16 -l16
[0.563s] DEBUG:colcon.colcon_core.event_handler.log_command:Invoked command in '/home/yadhu/ur3e/src/build/unity_robotics_demo_msgs' returned '0': CMAKE_PREFIX_PATH=/opt/ros/humble /usr/bin/cmake --build /home/yadhu/ur3e/src/build/unity_robotics_demo_msgs -- -j16 -l16
[0.566s] DEBUG:colcon.colcon_core.event_handler.log_command:Invoked command in '/home/yadhu/ur3e/src/build/moveit_msgs' returned '0': CMAKE_PREFIX_PATH=/opt/ros/humble /usr/bin/cmake --build /home/yadhu/ur3e/src/build/moveit_msgs -- -j16 -l16
[0.582s] DEBUG:colcon.colcon_core.event_handler.log_command:Invoking command in '/home/yadhu/ur3e/src/build/robotiq_description': CMAKE_PREFIX_PATH=/opt/ros/humble /usr/bin/cmake --install /home/yadhu/ur3e/src/build/robotiq_description
[0.607s] Level 1:colcon.colcon_core.environment:create_environment_scripts_only(robotiq_description)
[0.607s] DEBUG:colcon.colcon_core.event_handler.log_command:Invoked command in '/home/yadhu/ur3e/src/build/robotiq_description' returned '0': CMAKE_PREFIX_PATH=/opt/ros/humble /usr/bin/cmake --install /home/yadhu/ur3e/src/build/robotiq_description
[0.611s] Level 1:colcon.colcon_core.environment:checking '/home/yadhu/ur3e/src/install/robotiq_description' for CMake module files
[0.611s] Level 1:colcon.colcon_core.environment:checking '/home/yadhu/ur3e/src/install/robotiq_description' for CMake config files
[0.612s] Level 1:colcon.colcon_core.shell:create_environment_hook('robotiq_description', 'cmake_prefix_path')
[0.612s] INFO:colcon.colcon_core.shell:Creating environment hook '/home/yadhu/ur3e/src/install/robotiq_description/share/robotiq_description/hook/cmake_prefix_path.ps1'
[0.612s] INFO:colcon.colcon_core.shell:Creating environment descriptor '/home/yadhu/ur3e/src/install/robotiq_description/share/robotiq_description/hook/cmake_prefix_path.dsv'
[0.612s] INFO:colcon.colcon_core.shell:Creating environment hook '/home/yadhu/ur3e/src/install/robotiq_description/share/robotiq_description/hook/cmake_prefix_path.sh'
[0.613s] Level 1:colcon.colcon_core.environment:checking '/home/yadhu/ur3e/src/install/robotiq_description/bin'
[0.613s] Level 1:colcon.colcon_core.environment:checking '/home/yadhu/ur3e/src/install/robotiq_description/lib/pkgconfig/robotiq_description.pc'
[0.613s] Level 1:colcon.colcon_core.environment:checking '/home/yadhu/ur3e/src/install/robotiq_description/lib/python3.10/site-packages'
[0.614s] Level 1:colcon.colcon_core.environment:checking '/home/yadhu/ur3e/src/install/robotiq_description/bin'
[0.614s] INFO:colcon.colcon_core.shell:Creating package script '/home/yadhu/ur3e/src/install/robotiq_description/share/robotiq_description/package.ps1'
[0.614s] INFO:colcon.colcon_core.shell:Creating package descriptor '/home/yadhu/ur3e/src/install/robotiq_description/share/robotiq_description/package.dsv'
[0.615s] INFO:colcon.colcon_core.shell:Creating package script '/home/yadhu/ur3e/src/install/robotiq_description/share/robotiq_description/package.sh'
[0.615s] INFO:colcon.colcon_core.shell:Creating package script '/home/yadhu/ur3e/src/install/robotiq_description/share/robotiq_description/package.bash'
[0.616s] INFO:colcon.colcon_core.shell:Creating package script '/home/yadhu/ur3e/src/install/robotiq_description/share/robotiq_description/package.zsh'
[0.616s] Level 1:colcon.colcon_core.environment:create_file_with_runtime_dependencies(/home/yadhu/ur3e/src/install/robotiq_description/share/colcon-core/packages/robotiq_description)
[0.629s] Level 1:colcon.colcon_core.environment:create_environment_scripts_only(robotiq_description)
[0.629s] Level 1:colcon.colcon_core.environment:checking '/home/yadhu/ur3e/src/install/robotiq_description' for CMake module files
[0.629s] Level 1:colcon.colcon_core.environment:checking '/home/yadhu/ur3e/src/install/robotiq_description' for CMake config files
[0.629s] Level 1:colcon.colcon_core.shell:create_environment_hook('robotiq_description', 'cmake_prefix_path')
[0.630s] INFO:colcon.colcon_core.shell:Creating environment hook '/home/yadhu/ur3e/src/install/robotiq_description/share/robotiq_description/hook/cmake_prefix_path.ps1'
[0.630s] INFO:colcon.colcon_core.shell:Creating environment descriptor '/home/yadhu/ur3e/src/install/robotiq_description/share/robotiq_description/hook/cmake_prefix_path.dsv'
[0.630s] INFO:colcon.colcon_core.shell:Creating environment hook '/home/yadhu/ur3e/src/install/robotiq_description/share/robotiq_description/hook/cmake_prefix_path.sh'
[0.630s] Level 1:colcon.colcon_core.environment:checking '/home/yadhu/ur3e/src/install/robotiq_description/bin'
[0.630s] Level 1:colcon.colcon_core.environment:checking '/home/yadhu/ur3e/src/install/robotiq_description/lib/pkgconfig/robotiq_description.pc'
[0.630s] Level 1:colcon.colcon_core.environment:checking '/home/yadhu/ur3e/src/install/robotiq_description/lib/python3.10/site-packages'
[0.631s] Level 1:colcon.colcon_core.environment:checking '/home/yadhu/ur3e/src/install/robotiq_description/bin'
[0.631s] INFO:colcon.colcon_core.shell:Creating package script '/home/yadhu/ur3e/src/install/robotiq_description/share/robotiq_description/package.ps1'
[0.631s] INFO:colcon.colcon_core.shell:Creating package descriptor '/home/yadhu/ur3e/src/install/robotiq_description/share/robotiq_description/package.dsv'
[0.631s] INFO:colcon.colcon_core.shell:Creating package script '/home/yadhu/ur3e/src/install/robotiq_description/share/robotiq_description/package.sh'
[0.631s] INFO:colcon.colcon_core.shell:Creating package script '/home/yadhu/ur3e/src/install/robotiq_description/share/robotiq_description/package.bash'
[0.632s] INFO:colcon.colcon_core.shell:Creating package script '/home/yadhu/ur3e/src/install/robotiq_description/share/robotiq_description/package.zsh'
[0.632s] Level 1:colcon.colcon_core.environment:create_file_with_runtime_dependencies(/home/yadhu/ur3e/src/install/robotiq_description/share/colcon-core/packages/robotiq_description)
[0.632s] INFO:colcon.colcon_ros.task.ament_cmake.build:Building ROS package in '/home/yadhu/ur3e/src/ur_description' with build type 'ament_cmake'
[0.632s] INFO:colcon.colcon_cmake.task.cmake.build:Building CMake package in '/home/yadhu/ur3e/src/ur_description'
[0.632s] INFO:colcon.colcon_core.shell:Skip shell extension 'powershell' for command environment: Not usable outside of PowerShell
[0.632s] DEBUG:colcon.colcon_core.shell:Skip shell extension 'dsv' for command environment
[0.638s] DEBUG:colcon.colcon_core.event_handler.log_command:Invoking command in '/home/yadhu/ur3e/src/build/ur_description': AMENT_PREFIX_PATH=/home/yadhu/ur3e/src/install/robotiq_description:${AMENT_PREFIX_PATH} CMAKE_PREFIX_PATH=/home/yadhu/ur3e/src/install/robotiq_description:/opt/ros/humble /usr/bin/cmake --build /home/yadhu/ur3e/src/build/ur_description -- -j16 -l16
[0.642s] DEBUG:colcon.colcon_core.event_handler.log_command:Invoking command in '/home/yadhu/ur3e/src/build/unity_robotics_demo_msgs': CMAKE_PREFIX_PATH=/opt/ros/humble /usr/bin/cmake --install /home/yadhu/ur3e/src/build/unity_robotics_demo_msgs
[0.667s] DEBUG:colcon.colcon_core.event_handler.log_command:Invoked command in '/home/yadhu/ur3e/src/build/ur_description' returned '0': AMENT_PREFIX_PATH=/home/yadhu/ur3e/src/install/robotiq_description:${AMENT_PREFIX_PATH} CMAKE_PREFIX_PATH=/home/yadhu/ur3e/src/install/robotiq_description:/opt/ros/humble /usr/bin/cmake --build /home/yadhu/ur3e/src/build/ur_description -- -j16 -l16
[0.682s] DEBUG:colcon.colcon_core.event_handler.log_command:Invoking command in '/home/yadhu/ur3e/src/build/ur_description': AMENT_PREFIX_PATH=/home/yadhu/ur3e/src/install/robotiq_description:${AMENT_PREFIX_PATH} CMAKE_PREFIX_PATH=/home/yadhu/ur3e/src/install/robotiq_description:/opt/ros/humble /usr/bin/cmake --install /home/yadhu/ur3e/src/build/ur_description
[0.715s] Level 1:colcon.colcon_core.environment:create_environment_scripts_only(unity_robotics_demo_msgs)
[0.715s] Level 1:colcon.colcon_core.environment:checking '/home/yadhu/ur3e/src/install/unity_robotics_demo_msgs' for CMake module files
[0.715s] DEBUG:colcon.colcon_core.event_handler.log_command:Invoked command in '/home/yadhu/ur3e/src/build/unity_robotics_demo_msgs' returned '0': CMAKE_PREFIX_PATH=/opt/ros/humble /usr/bin/cmake --install /home/yadhu/ur3e/src/build/unity_robotics_demo_msgs
[0.716s] Level 1:colcon.colcon_core.environment:checking '/home/yadhu/ur3e/src/install/unity_robotics_demo_msgs' for CMake config files
[0.716s] Level 1:colcon.colcon_core.shell:create_environment_hook('unity_robotics_demo_msgs', 'cmake_prefix_path')
[0.716s] INFO:colcon.colcon_core.shell:Creating environment hook '/home/yadhu/ur3e/src/install/unity_robotics_demo_msgs/share/unity_robotics_demo_msgs/hook/cmake_prefix_path.ps1'
[0.717s] INFO:colcon.colcon_core.shell:Creating environment descriptor '/home/yadhu/ur3e/src/install/unity_robotics_demo_msgs/share/unity_robotics_demo_msgs/hook/cmake_prefix_path.dsv'
[0.717s] INFO:colcon.colcon_core.shell:Creating environment hook '/home/yadhu/ur3e/src/install/unity_robotics_demo_msgs/share/unity_robotics_demo_msgs/hook/cmake_prefix_path.sh'
[0.718s] Level 1:colcon.colcon_core.environment:checking '/home/yadhu/ur3e/src/install/unity_robotics_demo_msgs/lib'
[0.718s] Level 1:colcon.colcon_core.shell:create_environment_hook('unity_robotics_demo_msgs', 'ld_library_path_lib')
[0.718s] INFO:colcon.colcon_core.shell:Creating environment hook '/home/yadhu/ur3e/src/install/unity_robotics_demo_msgs/share/unity_robotics_demo_msgs/hook/ld_library_path_lib.ps1'
[0.719s] INFO:colcon.colcon_core.shell:Creating environment descriptor '/home/yadhu/ur3e/src/install/unity_robotics_demo_msgs/share/unity_robotics_demo_msgs/hook/ld_library_path_lib.dsv'
[0.719s] INFO:colcon.colcon_core.shell:Creating environment hook '/home/yadhu/ur3e/src/install/unity_robotics_demo_msgs/share/unity_robotics_demo_msgs/hook/ld_library_path_lib.sh'
[0.719s] Level 1:colcon.colcon_core.environment:checking '/home/yadhu/ur3e/src/install/unity_robotics_demo_msgs/bin'
[0.719s] Level 1:colcon.colcon_core.environment:checking '/home/yadhu/ur3e/src/install/unity_robotics_demo_msgs/lib/pkgconfig/unity_robotics_demo_msgs.pc'
[0.719s] Level 1:colcon.colcon_core.environment:checking '/home/yadhu/ur3e/src/install/unity_robotics_demo_msgs/lib/python3.10/site-packages'
[0.719s] Level 1:colcon.colcon_core.environment:checking '/home/yadhu/ur3e/src/install/unity_robotics_demo_msgs/bin'
[0.720s] INFO:colcon.colcon_core.shell:Creating package script '/home/yadhu/ur3e/src/install/unity_robotics_demo_msgs/share/unity_robotics_demo_msgs/package.ps1'
[0.720s] INFO:colcon.colcon_core.shell:Creating package descriptor '/home/yadhu/ur3e/src/install/unity_robotics_demo_msgs/share/unity_robotics_demo_msgs/package.dsv'
[0.720s] INFO:colcon.colcon_core.shell:Creating package script '/home/yadhu/ur3e/src/install/unity_robotics_demo_msgs/share/unity_robotics_demo_msgs/package.sh'
[0.720s] INFO:colcon.colcon_core.shell:Creating package script '/home/yadhu/ur3e/src/install/unity_robotics_demo_msgs/share/unity_robotics_demo_msgs/package.bash'
[0.720s] INFO:colcon.colcon_core.shell:Creating package script '/home/yadhu/ur3e/src/install/unity_robotics_demo_msgs/share/unity_robotics_demo_msgs/package.zsh'
[0.721s] Level 1:colcon.colcon_core.environment:create_file_with_runtime_dependencies(/home/yadhu/ur3e/src/install/unity_robotics_demo_msgs/share/colcon-core/packages/unity_robotics_demo_msgs)
[0.804s] Level 1:colcon.colcon_core.environment:create_environment_scripts_only(unity_robotics_demo_msgs)
[0.805s] Level 1:colcon.colcon_core.environment:checking '/home/yadhu/ur3e/src/install/unity_robotics_demo_msgs' for CMake module files
[0.805s] Level 1:colcon.colcon_core.environment:checking '/home/yadhu/ur3e/src/install/unity_robotics_demo_msgs' for CMake config files
[0.805s] Level 1:colcon.colcon_core.shell:create_environment_hook('unity_robotics_demo_msgs', 'cmake_prefix_path')
[0.806s] INFO:colcon.colcon_core.shell:Creating environment hook '/home/yadhu/ur3e/src/install/unity_robotics_demo_msgs/share/unity_robotics_demo_msgs/hook/cmake_prefix_path.ps1'
[0.806s] INFO:colcon.colcon_core.shell:Creating environment descriptor '/home/yadhu/ur3e/src/install/unity_robotics_demo_msgs/share/unity_robotics_demo_msgs/hook/cmake_prefix_path.dsv'
[0.806s] INFO:colcon.colcon_core.shell:Creating environment hook '/home/yadhu/ur3e/src/install/unity_robotics_demo_msgs/share/unity_robotics_demo_msgs/hook/cmake_prefix_path.sh'
[0.807s] Level 1:colcon.colcon_core.environment:checking '/home/yadhu/ur3e/src/install/unity_robotics_demo_msgs/lib'
[0.807s] Level 1:colcon.colcon_core.shell:create_environment_hook('unity_robotics_demo_msgs', 'ld_library_path_lib')
[0.807s] INFO:colcon.colcon_core.shell:Creating environment hook '/home/yadhu/ur3e/src/install/unity_robotics_demo_msgs/share/unity_robotics_demo_msgs/hook/ld_library_path_lib.ps1'
[0.807s] INFO:colcon.colcon_core.shell:Creating environment descriptor '/home/yadhu/ur3e/src/install/unity_robotics_demo_msgs/share/unity_robotics_demo_msgs/hook/ld_library_path_lib.dsv'
[0.808s] INFO:colcon.colcon_core.shell:Creating environment hook '/home/yadhu/ur3e/src/install/unity_robotics_demo_msgs/share/unity_robotics_demo_msgs/hook/ld_library_path_lib.sh'
[0.808s] Level 1:colcon.colcon_core.environment:checking '/home/yadhu/ur3e/src/install/unity_robotics_demo_msgs/bin'
[0.808s] Level 1:colcon.colcon_core.environment:checking '/home/yadhu/ur3e/src/install/unity_robotics_demo_msgs/lib/pkgconfig/unity_robotics_demo_msgs.pc'
[0.808s] Level 1:colcon.colcon_core.environment:checking '/home/yadhu/ur3e/src/install/unity_robotics_demo_msgs/lib/python3.10/site-packages'
[0.809s] Level 1:colcon.colcon_core.environment:checking '/home/yadhu/ur3e/src/install/unity_robotics_demo_msgs/bin'
[0.809s] INFO:colcon.colcon_core.shell:Creating package script '/home/yadhu/ur3e/src/install/unity_robotics_demo_msgs/share/unity_robotics_demo_msgs/package.ps1'
[0.809s] INFO:colcon.colcon_core.shell:Creating package descriptor '/home/yadhu/ur3e/src/install/unity_robotics_demo_msgs/share/unity_robotics_demo_msgs/package.dsv'
[0.810s] INFO:colcon.colcon_core.shell:Creating package script '/home/yadhu/ur3e/src/install/unity_robotics_demo_msgs/share/unity_robotics_demo_msgs/package.sh'
[0.810s] INFO:colcon.colcon_core.shell:Creating package script '/home/yadhu/ur3e/src/install/unity_robotics_demo_msgs/share/unity_robotics_demo_msgs/package.bash'
[0.810s] INFO:colcon.colcon_core.shell:Creating package script '/home/yadhu/ur3e/src/install/unity_robotics_demo_msgs/share/unity_robotics_demo_msgs/package.zsh'
[0.810s] Level 1:colcon.colcon_core.environment:create_file_with_runtime_dependencies(/home/yadhu/ur3e/src/install/unity_robotics_demo_msgs/share/colcon-core/packages/unity_robotics_demo_msgs)
[0.881s] Level 1:colcon.colcon_core.environment:create_environment_scripts_only(ur_description)
[0.881s] Level 1:colcon.colcon_core.environment:checking '/home/yadhu/ur3e/src/install/ur_description' for CMake module files
[0.881s] DEBUG:colcon.colcon_core.event_handler.log_command:Invoked command in '/home/yadhu/ur3e/src/build/ur_description' returned '0': AMENT_PREFIX_PATH=/home/yadhu/ur3e/src/install/robotiq_description:${AMENT_PREFIX_PATH} CMAKE_PREFIX_PATH=/home/yadhu/ur3e/src/install/robotiq_description:/opt/ros/humble /usr/bin/cmake --install /home/yadhu/ur3e/src/build/ur_description
[0.882s] Level 1:colcon.colcon_core.environment:checking '/home/yadhu/ur3e/src/install/ur_description' for CMake config files
[0.883s] Level 1:colcon.colcon_core.shell:create_environment_hook('ur_description', 'cmake_prefix_path')
[0.883s] INFO:colcon.colcon_core.shell:Creating environment hook '/home/yadhu/ur3e/src/install/ur_description/share/ur_description/hook/cmake_prefix_path.ps1'
[0.883s] INFO:colcon.colcon_core.shell:Creating environment descriptor '/home/yadhu/ur3e/src/install/ur_description/share/ur_description/hook/cmake_prefix_path.dsv'
[0.883s] INFO:colcon.colcon_core.shell:Creating environment hook '/home/yadhu/ur3e/src/install/ur_description/share/ur_description/hook/cmake_prefix_path.sh'
[0.884s] Level 1:colcon.colcon_core.environment:checking '/home/yadhu/ur3e/src/install/ur_description/bin'
[0.884s] Level 1:colcon.colcon_core.environment:checking '/home/yadhu/ur3e/src/install/ur_description/lib/pkgconfig/ur_description.pc'
[0.885s] Level 1:colcon.colcon_core.environment:checking '/home/yadhu/ur3e/src/install/ur_description/lib/python3.10/site-packages'
[0.885s] Level 1:colcon.colcon_core.environment:checking '/home/yadhu/ur3e/src/install/ur_description/bin'
[0.885s] INFO:colcon.colcon_core.shell:Creating package script '/home/yadhu/ur3e/src/install/ur_description/share/ur_description/package.ps1'
[0.885s] INFO:colcon.colcon_core.shell:Creating package descriptor '/home/yadhu/ur3e/src/install/ur_description/share/ur_description/package.dsv'
[0.886s] INFO:colcon.colcon_core.shell:Creating package script '/home/yadhu/ur3e/src/install/ur_description/share/ur_description/package.sh'
[0.886s] INFO:colcon.colcon_core.shell:Creating package script '/home/yadhu/ur3e/src/install/ur_description/share/ur_description/package.bash'
[0.888s] INFO:colcon.colcon_core.shell:Creating package script '/home/yadhu/ur3e/src/install/ur_description/share/ur_description/package.zsh'
[0.888s] Level 1:colcon.colcon_core.environment:create_file_with_runtime_dependencies(/home/yadhu/ur3e/src/install/ur_description/share/colcon-core/packages/ur_description)
[0.905s] Level 1:colcon.colcon_core.environment:create_environment_scripts_only(ur_description)
[0.905s] Level 1:colcon.colcon_core.environment:checking '/home/yadhu/ur3e/src/install/ur_description' for CMake module files
[0.906s] Level 1:colcon.colcon_core.environment:checking '/home/yadhu/ur3e/src/install/ur_description' for CMake config files
[0.907s] Level 1:colcon.colcon_core.shell:create_environment_hook('ur_description', 'cmake_prefix_path')
[0.907s] INFO:colcon.colcon_core.shell:Creating environment hook '/home/yadhu/ur3e/src/install/ur_description/share/ur_description/hook/cmake_prefix_path.ps1'
[0.908s] INFO:colcon.colcon_core.shell:Creating environment descriptor '/home/yadhu/ur3e/src/install/ur_description/share/ur_description/hook/cmake_prefix_path.dsv'
[0.908s] INFO:colcon.colcon_core.shell:Creating environment hook '/home/yadhu/ur3e/src/install/ur_description/share/ur_description/hook/cmake_prefix_path.sh'
[0.909s] Level 1:colcon.colcon_core.environment:checking '/home/yadhu/ur3e/src/install/ur_description/bin'
[0.909s] Level 1:colcon.colcon_core.environment:checking '/home/yadhu/ur3e/src/install/ur_description/lib/pkgconfig/ur_description.pc'
[0.909s] Level 1:colcon.colcon_core.environment:checking '/home/yadhu/ur3e/src/install/ur_description/lib/python3.10/site-packages'
[0.909s] Level 1:colcon.colcon_core.environment:checking '/home/yadhu/ur3e/src/install/ur_description/bin'
[0.909s] INFO:colcon.colcon_core.shell:Creating package script '/home/yadhu/ur3e/src/install/ur_description/share/ur_description/package.ps1'
[0.910s] INFO:colcon.colcon_core.shell:Creating package descriptor '/home/yadhu/ur3e/src/install/ur_description/share/ur_description/package.dsv'
[0.911s] INFO:colcon.colcon_core.shell:Creating package script '/home/yadhu/ur3e/src/install/ur_description/share/ur_description/package.sh'
[0.911s] INFO:colcon.colcon_core.shell:Creating package script '/home/yadhu/ur3e/src/install/ur_description/share/ur_description/package.bash'
[0.911s] INFO:colcon.colcon_core.shell:Creating package script '/home/yadhu/ur3e/src/install/ur_description/share/ur_description/package.zsh'
[0.912s] Level 1:colcon.colcon_core.environment:create_file_with_runtime_dependencies(/home/yadhu/ur3e/src/install/ur_description/share/colcon-core/packages/ur_description)
[0.912s] INFO:colcon.colcon_ros.task.ament_python.build:Building ROS package in '/home/yadhu/ur3e/src/pyfile' with build type 'ament_python'
[0.912s] Level 1:colcon.colcon_core.shell:create_environment_hook('pyfile', 'ament_prefix_path')
[0.913s] INFO:colcon.colcon_core.shell:Creating environment hook '/home/yadhu/ur3e/src/install/pyfile/share/pyfile/hook/ament_prefix_path.ps1'
[0.913s] INFO:colcon.colcon_core.shell:Creating environment descriptor '/home/yadhu/ur3e/src/install/pyfile/share/pyfile/hook/ament_prefix_path.dsv'
[0.914s] INFO:colcon.colcon_core.shell:Creating environment hook '/home/yadhu/ur3e/src/install/pyfile/share/pyfile/hook/ament_prefix_path.sh'
[0.914s] INFO:colcon.colcon_core.shell:Skip shell extension 'powershell' for command environment: Not usable outside of PowerShell
[0.914s] DEBUG:colcon.colcon_core.shell:Skip shell extension 'dsv' for command environment
[0.917s] INFO:colcon.colcon_ros.task.ament_cmake.build:Building ROS package in '/home/yadhu/ur3e/src/ur3e_gripper_moveit' with build type 'ament_cmake'
[0.917s] INFO:colcon.colcon_cmake.task.cmake.build:Building CMake package in '/home/yadhu/ur3e/src/ur3e_gripper_moveit'
[0.917s] INFO:colcon.colcon_core.shell:Skip shell extension 'powershell' for command environment: Not usable outside of PowerShell
[0.917s] DEBUG:colcon.colcon_core.shell:Skip shell extension 'dsv' for command environment
[0.922s] INFO:colcon.colcon_ros.task.ament_cmake.build:Building ROS package in '/home/yadhu/ur3e/src/ur_moveit_config' with build type 'ament_cmake'
[0.922s] INFO:colcon.colcon_cmake.task.cmake.build:Building CMake package in '/home/yadhu/ur3e/src/ur_moveit_config'
[0.923s] INFO:colcon.colcon_core.shell:Skip shell extension 'powershell' for command environment: Not usable outside of PowerShell
[0.923s] DEBUG:colcon.colcon_core.shell:Skip shell extension 'dsv' for command environment
[0.930s] DEBUG:colcon.colcon_core.event_handler.log_command:Invoking command in '/home/yadhu/ur3e/src/ROS-TCP-Endpoint-main-ros2': PYTHONPATH=/home/yadhu/ur3e/src/build/ros_tcp_endpoint/prefix_override:/usr/lib/python3/dist-packages/colcon_core/task/python/colcon_distutils_commands:/home/yadhu/ur3e/src/install/ros_tcp_endpoint/lib/python3.10/site-packages:${PYTHONPATH} /usr/bin/python3 -W ignore:setup.py install is deprecated setup.py egg_info --egg-base ../build/ros_tcp_endpoint build --build-base /home/yadhu/ur3e/src/build/ros_tcp_endpoint/build install --record /home/yadhu/ur3e/src/build/ros_tcp_endpoint/install.log --install-scripts $base/lib/ros_tcp_endpoint --single-version-externally-managed install_data
[0.934s] DEBUG:colcon.colcon_core.event_handler.log_command:Invoking command in '/home/yadhu/ur3e/src/unity_robotics_demo': PYTHONPATH=/home/yadhu/ur3e/src/build/unity_robotics_demo/prefix_override:/usr/lib/python3/dist-packages/colcon_core/task/python/colcon_distutils_commands:/home/yadhu/ur3e/src/install/unity_robotics_demo/lib/python3.10/site-packages:${PYTHONPATH} /usr/bin/python3 -W ignore:setup.py install is deprecated setup.py egg_info --egg-base ../build/unity_robotics_demo build --build-base /home/yadhu/ur3e/src/build/unity_robotics_demo/build install --record /home/yadhu/ur3e/src/build/unity_robotics_demo/install.log --install-scripts $base/lib/unity_robotics_demo --single-version-externally-managed install_data
[1.098s] INFO:colcon.colcon_core.task.python.build:Building Python package in '/home/yadhu/ur3e/src/pyfile'
[1.098s] INFO:colcon.colcon_core.shell:Skip shell extension 'powershell' for command environment: Not usable outside of PowerShell
[1.098s] DEBUG:colcon.colcon_core.shell:Skip shell extension 'dsv' for command environment
[1.105s] DEBUG:colcon.colcon_core.event_handler.log_command:Invoking command in '/home/yadhu/ur3e/src/build/ur3e_gripper_moveit': AMENT_PREFIX_PATH=/home/yadhu/ur3e/src/install/ur_description:/home/yadhu/ur3e/src/install/robotiq_description:${AMENT_PREFIX_PATH} CMAKE_PREFIX_PATH=/home/yadhu/ur3e/src/install/ur_description:/home/yadhu/ur3e/src/install/robotiq_description:/opt/ros/humble /usr/bin/cmake /home/yadhu/ur3e/src/ur3e_gripper_moveit -DCMAKE_INSTALL_PREFIX=/home/yadhu/ur3e/src/install/ur3e_gripper_moveit
[1.108s] DEBUG:colcon.colcon_core.event_handler.log_command:Invoking command in '/home/yadhu/ur3e/src/build/ur_moveit_config': AMENT_PREFIX_PATH=/home/yadhu/ur3e/src/install/ur_description:/home/yadhu/ur3e/src/install/robotiq_description:${AMENT_PREFIX_PATH} CMAKE_PREFIX_PATH=/home/yadhu/ur3e/src/install/ur_description:/home/yadhu/ur3e/src/install/robotiq_description:/opt/ros/humble /usr/bin/cmake --build /home/yadhu/ur3e/src/build/ur_moveit_config -- -j16 -l16
[1.132s] Level 1:colcon.colcon_core.environment:checking '/home/yadhu/ur3e/src/install/unity_robotics_demo' for CMake module files
[1.133s] DEBUG:colcon.colcon_core.event_handler.log_command:Invoked command in '/home/yadhu/ur3e/src/unity_robotics_demo' returned '0': PYTHONPATH=/home/yadhu/ur3e/src/build/unity_robotics_demo/prefix_override:/usr/lib/python3/dist-packages/colcon_core/task/python/colcon_distutils_commands:/home/yadhu/ur3e/src/install/unity_robotics_demo/lib/python3.10/site-packages:${PYTHONPATH} /usr/bin/python3 -W ignore:setup.py install is deprecated setup.py egg_info --egg-base ../build/unity_robotics_demo build --build-base /home/yadhu/ur3e/src/build/unity_robotics_demo/build install --record /home/yadhu/ur3e/src/build/unity_robotics_demo/install.log --install-scripts $base/lib/unity_robotics_demo --single-version-externally-managed install_data
[1.133s] Level 1:colcon.colcon_core.environment:checking '/home/yadhu/ur3e/src/install/unity_robotics_demo' for CMake config files
[1.133s] Level 1:colcon.colcon_core.environment:checking '/home/yadhu/ur3e/src/install/unity_robotics_demo/lib'
[1.133s] Level 1:colcon.colcon_core.environment:checking '/home/yadhu/ur3e/src/install/unity_robotics_demo/bin'
[1.134s] Level 1:colcon.colcon_core.environment:checking '/home/yadhu/ur3e/src/install/unity_robotics_demo/lib/pkgconfig/unity_robotics_demo.pc'
[1.134s] Level 1:colcon.colcon_core.environment:checking '/home/yadhu/ur3e/src/install/unity_robotics_demo/lib/python3.10/site-packages'
[1.134s] Level 1:colcon.colcon_core.shell:create_environment_hook('unity_robotics_demo', 'pythonpath')
[1.134s] INFO:colcon.colcon_core.shell:Creating environment hook '/home/yadhu/ur3e/src/install/unity_robotics_demo/share/unity_robotics_demo/hook/pythonpath.ps1'
[1.134s] INFO:colcon.colcon_core.shell:Creating environment descriptor '/home/yadhu/ur3e/src/install/unity_robotics_demo/share/unity_robotics_demo/hook/pythonpath.dsv'
[1.135s] INFO:colcon.colcon_core.shell:Creating environment hook '/home/yadhu/ur3e/src/install/unity_robotics_demo/share/unity_robotics_demo/hook/pythonpath.sh'
[1.135s] Level 1:colcon.colcon_core.environment:checking '/home/yadhu/ur3e/src/install/unity_robotics_demo/bin'
[1.135s] Level 1:colcon.colcon_core.environment:create_environment_scripts_only(unity_robotics_demo)
[1.135s] INFO:colcon.colcon_core.shell:Creating package script '/home/yadhu/ur3e/src/install/unity_robotics_demo/share/unity_robotics_demo/package.ps1'
[1.136s] INFO:colcon.colcon_core.shell:Creating package descriptor '/home/yadhu/ur3e/src/install/unity_robotics_demo/share/unity_robotics_demo/package.dsv'
[1.136s] INFO:colcon.colcon_core.shell:Creating package script '/home/yadhu/ur3e/src/install/unity_robotics_demo/share/unity_robotics_demo/package.sh'
[1.136s] INFO:colcon.colcon_core.shell:Creating package script '/home/yadhu/ur3e/src/install/unity_robotics_demo/share/unity_robotics_demo/package.bash'
[1.136s] INFO:colcon.colcon_core.shell:Creating package script '/home/yadhu/ur3e/src/install/unity_robotics_demo/share/unity_robotics_demo/package.zsh'
[1.136s] Level 1:colcon.colcon_core.environment:create_file_with_runtime_dependencies(/home/yadhu/ur3e/src/install/unity_robotics_demo/share/colcon-core/packages/unity_robotics_demo)
[1.137s] Level 1:colcon.colcon_core.environment:checking '/home/yadhu/ur3e/src/install/ros_tcp_endpoint' for CMake module files
[1.138s] DEBUG:colcon.colcon_core.event_handler.log_command:Invoked command in '/home/yadhu/ur3e/src/ROS-TCP-Endpoint-main-ros2' returned '0': PYTHONPATH=/home/yadhu/ur3e/src/build/ros_tcp_endpoint/prefix_override:/usr/lib/python3/dist-packages/colcon_core/task/python/colcon_distutils_commands:/home/yadhu/ur3e/src/install/ros_tcp_endpoint/lib/python3.10/site-packages:${PYTHONPATH} /usr/bin/python3 -W ignore:setup.py install is deprecated setup.py egg_info --egg-base ../build/ros_tcp_endpoint build --build-base /home/yadhu/ur3e/src/build/ros_tcp_endpoint/build install --record /home/yadhu/ur3e/src/build/ros_tcp_endpoint/install.log --install-scripts $base/lib/ros_tcp_endpoint --single-version-externally-managed install_data
[1.138s] Level 1:colcon.colcon_core.environment:checking '/home/yadhu/ur3e/src/install/ros_tcp_endpoint' for CMake config files
[1.138s] Level 1:colcon.colcon_core.environment:checking '/home/yadhu/ur3e/src/install/ros_tcp_endpoint/lib'
[1.139s] Level 1:colcon.colcon_core.environment:checking '/home/yadhu/ur3e/src/install/ros_tcp_endpoint/bin'
[1.139s] Level 1:colcon.colcon_core.environment:checking '/home/yadhu/ur3e/src/install/ros_tcp_endpoint/lib/pkgconfig/ros_tcp_endpoint.pc'
[1.139s] Level 1:colcon.colcon_core.environment:checking '/home/yadhu/ur3e/src/install/ros_tcp_endpoint/lib/python3.10/site-packages'
[1.139s] Level 1:colcon.colcon_core.shell:create_environment_hook('ros_tcp_endpoint', 'pythonpath')
[1.139s] INFO:colcon.colcon_core.shell:Creating environment hook '/home/yadhu/ur3e/src/install/ros_tcp_endpoint/share/ros_tcp_endpoint/hook/pythonpath.ps1'
[1.139s] INFO:colcon.colcon_core.shell:Creating environment descriptor '/home/yadhu/ur3e/src/install/ros_tcp_endpoint/share/ros_tcp_endpoint/hook/pythonpath.dsv'
[1.140s] INFO:colcon.colcon_core.shell:Creating environment hook '/home/yadhu/ur3e/src/install/ros_tcp_endpoint/share/ros_tcp_endpoint/hook/pythonpath.sh'
[1.140s] Level 1:colcon.colcon_core.environment:checking '/home/yadhu/ur3e/src/install/ros_tcp_endpoint/bin'
[1.140s] Level 1:colcon.colcon_core.environment:create_environment_scripts_only(ros_tcp_endpoint)
[1.140s] INFO:colcon.colcon_core.shell:Creating package script '/home/yadhu/ur3e/src/install/ros_tcp_endpoint/share/ros_tcp_endpoint/package.ps1'
[1.141s] INFO:colcon.colcon_core.shell:Creating package descriptor '/home/yadhu/ur3e/src/install/ros_tcp_endpoint/share/ros_tcp_endpoint/package.dsv'
[1.141s] INFO:colcon.colcon_core.shell:Creating package script '/home/yadhu/ur3e/src/install/ros_tcp_endpoint/share/ros_tcp_endpoint/package.sh'
[1.141s] INFO:colcon.colcon_core.shell:Creating package script '/home/yadhu/ur3e/src/install/ros_tcp_endpoint/share/ros_tcp_endpoint/package.bash'
[1.141s] INFO:colcon.colcon_core.shell:Creating package script '/home/yadhu/ur3e/src/install/ros_tcp_endpoint/share/ros_tcp_endpoint/package.zsh'
[1.141s] Level 1:colcon.colcon_core.environment:create_file_with_runtime_dependencies(/home/yadhu/ur3e/src/install/ros_tcp_endpoint/share/colcon-core/packages/ros_tcp_endpoint)
[1.338s] DEBUG:colcon.colcon_core.event_handler.log_command:Invoked command in '/home/yadhu/ur3e/src/build/ur_moveit_config' returned '0': AMENT_PREFIX_PATH=/home/yadhu/ur3e/src/install/ur_description:/home/yadhu/ur3e/src/install/robotiq_description:${AMENT_PREFIX_PATH} CMAKE_PREFIX_PATH=/home/yadhu/ur3e/src/install/ur_description:/home/yadhu/ur3e/src/install/robotiq_description:/opt/ros/humble /usr/bin/cmake --build /home/yadhu/ur3e/src/build/ur_moveit_config -- -j16 -l16
[1.349s] DEBUG:colcon.colcon_core.event_handler.log_command:Invoking command in '/home/yadhu/ur3e/src/pyfile': AMENT_PREFIX_PATH=/home/yadhu/ur3e/src/install/ur_description:/home/yadhu/ur3e/src/install/robotiq_description:${AMENT_PREFIX_PATH} CMAKE_PREFIX_PATH=/home/yadhu/ur3e/src/install/ur_description:/home/yadhu/ur3e/src/install/robotiq_description PYTHONPATH=/home/yadhu/ur3e/src/build/pyfile/prefix_override:/usr/lib/python3/dist-packages/colcon_core/task/python/colcon_distutils_commands:/home/yadhu/ur3e/src/install/pyfile/lib/python3.10/site-packages:${PYTHONPATH} /usr/bin/python3 -W ignore:setup.py install is deprecated setup.py egg_info --egg-base ../build/pyfile build --build-base /home/yadhu/ur3e/src/build/pyfile/build install --record /home/yadhu/ur3e/src/build/pyfile/install.log --single-version-externally-managed install_data
[1.352s] DEBUG:colcon.colcon_core.event_handler.log_command:Invoking command in '/home/yadhu/ur3e/src/build/ur_moveit_config': AMENT_PREFIX_PATH=/home/yadhu/ur3e/src/install/ur_description:/home/yadhu/ur3e/src/install/robotiq_description:${AMENT_PREFIX_PATH} CMAKE_PREFIX_PATH=/home/yadhu/ur3e/src/install/ur_description:/home/yadhu/ur3e/src/install/robotiq_description:/opt/ros/humble /usr/bin/cmake --install /home/yadhu/ur3e/src/build/ur_moveit_config
[1.412s] Level 1:colcon.colcon_core.environment:create_environment_scripts_only(ur_moveit_config)
[1.413s] Level 1:colcon.colcon_core.environment:checking '/home/yadhu/ur3e/src/install/ur_moveit_config' for CMake module files
[1.413s] DEBUG:colcon.colcon_core.event_handler.log_command:Invoked command in '/home/yadhu/ur3e/src/build/ur_moveit_config' returned '0': AMENT_PREFIX_PATH=/home/yadhu/ur3e/src/install/ur_description:/home/yadhu/ur3e/src/install/robotiq_description:${AMENT_PREFIX_PATH} CMAKE_PREFIX_PATH=/home/yadhu/ur3e/src/install/ur_description:/home/yadhu/ur3e/src/install/robotiq_description:/opt/ros/humble /usr/bin/cmake --install /home/yadhu/ur3e/src/build/ur_moveit_config
[1.413s] Level 1:colcon.colcon_core.environment:checking '/home/yadhu/ur3e/src/install/ur_moveit_config' for CMake config files
[1.413s] Level 1:colcon.colcon_core.shell:create_environment_hook('ur_moveit_config', 'cmake_prefix_path')
[1.414s] INFO:colcon.colcon_core.shell:Creating environment hook '/home/yadhu/ur3e/src/install/ur_moveit_config/share/ur_moveit_config/hook/cmake_prefix_path.ps1'
[1.414s] INFO:colcon.colcon_core.shell:Creating environment descriptor '/home/yadhu/ur3e/src/install/ur_moveit_config/share/ur_moveit_config/hook/cmake_prefix_path.dsv'
[1.414s] INFO:colcon.colcon_core.shell:Creating environment hook '/home/yadhu/ur3e/src/install/ur_moveit_config/share/ur_moveit_config/hook/cmake_prefix_path.sh'
[1.414s] Level 1:colcon.colcon_core.environment:checking '/home/yadhu/ur3e/src/install/ur_moveit_config/bin'
[1.414s] Level 1:colcon.colcon_core.environment:checking '/home/yadhu/ur3e/src/install/ur_moveit_config/lib/pkgconfig/ur_moveit_config.pc'
[1.414s] Level 1:colcon.colcon_core.environment:checking '/home/yadhu/ur3e/src/install/ur_moveit_config/lib/python3.10/site-packages'
[1.415s] Level 1:colcon.colcon_core.environment:checking '/home/yadhu/ur3e/src/install/ur_moveit_config/bin'
[1.415s] INFO:colcon.colcon_core.shell:Creating package script '/home/yadhu/ur3e/src/install/ur_moveit_config/share/ur_moveit_config/package.ps1'
[1.415s] INFO:colcon.colcon_core.shell:Creating package descriptor '/home/yadhu/ur3e/src/install/ur_moveit_config/share/ur_moveit_config/package.dsv'
[1.415s] INFO:colcon.colcon_core.shell:Creating package script '/home/yadhu/ur3e/src/install/ur_moveit_config/share/ur_moveit_config/package.sh'
[1.415s] INFO:colcon.colcon_core.shell:Creating package script '/home/yadhu/ur3e/src/install/ur_moveit_config/share/ur_moveit_config/package.bash'
[1.416s] INFO:colcon.colcon_core.shell:Creating package script '/home/yadhu/ur3e/src/install/ur_moveit_config/share/ur_moveit_config/package.zsh'
[1.416s] Level 1:colcon.colcon_core.environment:create_file_with_runtime_dependencies(/home/yadhu/ur3e/src/install/ur_moveit_config/share/colcon-core/packages/ur_moveit_config)
[1.433s] Level 1:colcon.colcon_core.environment:create_environment_scripts_only(ur_moveit_config)
[1.433s] Level 1:colcon.colcon_core.environment:checking '/home/yadhu/ur3e/src/install/ur_moveit_config' for CMake module files
[1.434s] Level 1:colcon.colcon_core.environment:checking '/home/yadhu/ur3e/src/install/ur_moveit_config' for CMake config files
[1.434s] Level 1:colcon.colcon_core.shell:create_environment_hook('ur_moveit_config', 'cmake_prefix_path')
[1.434s] INFO:colcon.colcon_core.shell:Creating environment hook '/home/yadhu/ur3e/src/install/ur_moveit_config/share/ur_moveit_config/hook/cmake_prefix_path.ps1'
[1.435s] INFO:colcon.colcon_core.shell:Creating environment descriptor '/home/yadhu/ur3e/src/install/ur_moveit_config/share/ur_moveit_config/hook/cmake_prefix_path.dsv'
[1.435s] INFO:colcon.colcon_core.shell:Creating environment hook '/home/yadhu/ur3e/src/install/ur_moveit_config/share/ur_moveit_config/hook/cmake_prefix_path.sh'
[1.436s] Level 1:colcon.colcon_core.environment:checking '/home/yadhu/ur3e/src/install/ur_moveit_config/bin'
[1.436s] Level 1:colcon.colcon_core.environment:checking '/home/yadhu/ur3e/src/install/ur_moveit_config/lib/pkgconfig/ur_moveit_config.pc'
[1.436s] Level 1:colcon.colcon_core.environment:checking '/home/yadhu/ur3e/src/install/ur_moveit_config/lib/python3.10/site-packages'
[1.436s] Level 1:colcon.colcon_core.environment:checking '/home/yadhu/ur3e/src/install/ur_moveit_config/bin'
[1.436s] INFO:colcon.colcon_core.shell:Creating package script '/home/yadhu/ur3e/src/install/ur_moveit_config/share/ur_moveit_config/package.ps1'
[1.437s] INFO:colcon.colcon_core.shell:Creating package descriptor '/home/yadhu/ur3e/src/install/ur_moveit_config/share/ur_moveit_config/package.dsv'
[1.437s] INFO:colcon.colcon_core.shell:Creating package script '/home/yadhu/ur3e/src/install/ur_moveit_config/share/ur_moveit_config/package.sh'
[1.438s] INFO:colcon.colcon_core.shell:Creating package script '/home/yadhu/ur3e/src/install/ur_moveit_config/share/ur_moveit_config/package.bash'
[1.439s] INFO:colcon.colcon_core.shell:Creating package script '/home/yadhu/ur3e/src/install/ur_moveit_config/share/ur_moveit_config/package.zsh'
[1.439s] Level 1:colcon.colcon_core.environment:create_file_with_runtime_dependencies(/home/yadhu/ur3e/src/install/ur_moveit_config/share/colcon-core/packages/ur_moveit_config)
[1.523s] Level 1:colcon.colcon_core.environment:checking '/home/yadhu/ur3e/src/install/pyfile' for CMake module files
[1.523s] DEBUG:colcon.colcon_core.event_handler.log_command:Invoked command in '/home/yadhu/ur3e/src/pyfile' returned '0': AMENT_PREFIX_PATH=/home/yadhu/ur3e/src/install/ur_description:/home/yadhu/ur3e/src/install/robotiq_description:${AMENT_PREFIX_PATH} CMAKE_PREFIX_PATH=/home/yadhu/ur3e/src/install/ur_description:/home/yadhu/ur3e/src/install/robotiq_description PYTHONPATH=/home/yadhu/ur3e/src/build/pyfile/prefix_override:/usr/lib/python3/dist-packages/colcon_core/task/python/colcon_distutils_commands:/home/yadhu/ur3e/src/install/pyfile/lib/python3.10/site-packages:${PYTHONPATH} /usr/bin/python3 -W ignore:setup.py install is deprecated setup.py egg_info --egg-base ../build/pyfile build --build-base /home/yadhu/ur3e/src/build/pyfile/build install --record /home/yadhu/ur3e/src/build/pyfile/install.log --single-version-externally-managed install_data
[1.523s] Level 1:colcon.colcon_core.environment:checking '/home/yadhu/ur3e/src/install/pyfile' for CMake config files
[1.524s] Level 1:colcon.colcon_core.environment:checking '/home/yadhu/ur3e/src/install/pyfile/lib'
[1.524s] Level 1:colcon.colcon_core.environment:checking '/home/yadhu/ur3e/src/install/pyfile/bin'
[1.524s] Level 1:colcon.colcon_core.environment:checking '/home/yadhu/ur3e/src/install/pyfile/lib/pkgconfig/pyfile.pc'
[1.524s] Level 1:colcon.colcon_core.environment:checking '/home/yadhu/ur3e/src/install/pyfile/lib/python3.10/site-packages'
[1.524s] Level 1:colcon.colcon_core.shell:create_environment_hook('pyfile', 'pythonpath')
[1.524s] INFO:colcon.colcon_core.shell:Creating environment hook '/home/yadhu/ur3e/src/install/pyfile/share/pyfile/hook/pythonpath.ps1'
[1.524s] INFO:colcon.colcon_core.shell:Creating environment descriptor '/home/yadhu/ur3e/src/install/pyfile/share/pyfile/hook/pythonpath.dsv'
[1.525s] INFO:colcon.colcon_core.shell:Creating environment hook '/home/yadhu/ur3e/src/install/pyfile/share/pyfile/hook/pythonpath.sh'
[1.525s] Level 1:colcon.colcon_core.environment:checking '/home/yadhu/ur3e/src/install/pyfile/bin'
[1.525s] Level 1:colcon.colcon_core.environment:create_environment_scripts_only(pyfile)
[1.525s] INFO:colcon.colcon_core.shell:Creating package script '/home/yadhu/ur3e/src/install/pyfile/share/pyfile/package.ps1'
[1.525s] INFO:colcon.colcon_core.shell:Creating package descriptor '/home/yadhu/ur3e/src/install/pyfile/share/pyfile/package.dsv'
[1.526s] INFO:colcon.colcon_core.shell:Creating package script '/home/yadhu/ur3e/src/install/pyfile/share/pyfile/package.sh'
[1.526s] INFO:colcon.colcon_core.shell:Creating package script '/home/yadhu/ur3e/src/install/pyfile/share/pyfile/package.bash'
[1.526s] INFO:colcon.colcon_core.shell:Creating package script '/home/yadhu/ur3e/src/install/pyfile/share/pyfile/package.zsh'
[1.526s] Level 1:colcon.colcon_core.environment:create_file_with_runtime_dependencies(/home/yadhu/ur3e/src/install/pyfile/share/colcon-core/packages/pyfile)
[1.647s] DEBUG:colcon.colcon_core.event_handler.log_command:Invoked command in '/home/yadhu/ur3e/src/build/ur3e_gripper_moveit' returned '0': AMENT_PREFIX_PATH=/home/yadhu/ur3e/src/install/ur_description:/home/yadhu/ur3e/src/install/robotiq_description:${AMENT_PREFIX_PATH} CMAKE_PREFIX_PATH=/home/yadhu/ur3e/src/install/ur_description:/home/yadhu/ur3e/src/install/robotiq_description:/opt/ros/humble /usr/bin/cmake /home/yadhu/ur3e/src/ur3e_gripper_moveit -DCMAKE_INSTALL_PREFIX=/home/yadhu/ur3e/src/install/ur3e_gripper_moveit
[1.648s] DEBUG:colcon.colcon_core.event_handler.log_command:Invoking command in '/home/yadhu/ur3e/src/build/ur3e_gripper_moveit': AMENT_PREFIX_PATH=/home/yadhu/ur3e/src/install/ur_description:/home/yadhu/ur3e/src/install/robotiq_description:${AMENT_PREFIX_PATH} CMAKE_PREFIX_PATH=/home/yadhu/ur3e/src/install/ur_description:/home/yadhu/ur3e/src/install/robotiq_description:/opt/ros/humble /usr/bin/cmake --build /home/yadhu/ur3e/src/build/ur3e_gripper_moveit -- -j16 -l16
[1.675s] DEBUG:colcon.colcon_core.event_handler.log_command:Invoking command in '/home/yadhu/ur3e/src/build/moveit_msgs': CMAKE_PREFIX_PATH=/opt/ros/humble /usr/bin/cmake --install /home/yadhu/ur3e/src/build/moveit_msgs
[1.676s] DEBUG:colcon.colcon_core.event_handler.log_command:Invoked command in '/home/yadhu/ur3e/src/build/ur3e_gripper_moveit' returned '0': AMENT_PREFIX_PATH=/home/yadhu/ur3e/src/install/ur_description:/home/yadhu/ur3e/src/install/robotiq_description:${AMENT_PREFIX_PATH} CMAKE_PREFIX_PATH=/home/yadhu/ur3e/src/install/ur_description:/home/yadhu/ur3e/src/install/robotiq_description:/opt/ros/humble /usr/bin/cmake --build /home/yadhu/ur3e/src/build/ur3e_gripper_moveit -- -j16 -l16
[1.692s] DEBUG:colcon.colcon_core.event_handler.log_command:Invoking command in '/home/yadhu/ur3e/src/build/ur3e_gripper_moveit': AMENT_PREFIX_PATH=/home/yadhu/ur3e/src/install/ur_description:/home/yadhu/ur3e/src/install/robotiq_description:${AMENT_PREFIX_PATH} CMAKE_PREFIX_PATH=/home/yadhu/ur3e/src/install/ur_description:/home/yadhu/ur3e/src/install/robotiq_description:/opt/ros/humble /usr/bin/cmake --install /home/yadhu/ur3e/src/build/ur3e_gripper_moveit
[1.701s] Level 1:colcon.colcon_core.environment:create_environment_scripts_only(ur3e_gripper_moveit)
[1.701s] Level 1:colcon.colcon_core.environment:checking '/home/yadhu/ur3e/src/install/ur3e_gripper_moveit' for CMake module files
[1.703s] DEBUG:colcon.colcon_core.event_handler.log_command:Invoked command in '/home/yadhu/ur3e/src/build/ur3e_gripper_moveit' returned '0': AMENT_PREFIX_PATH=/home/yadhu/ur3e/src/install/ur_description:/home/yadhu/ur3e/src/install/robotiq_description:${AMENT_PREFIX_PATH} CMAKE_PREFIX_PATH=/home/yadhu/ur3e/src/install/ur_description:/home/yadhu/ur3e/src/install/robotiq_description:/opt/ros/humble /usr/bin/cmake --install /home/yadhu/ur3e/src/build/ur3e_gripper_moveit
[1.704s] Level 1:colcon.colcon_core.environment:checking '/home/yadhu/ur3e/src/install/ur3e_gripper_moveit' for CMake config files
[1.709s] Level 1:colcon.colcon_core.shell:create_environment_hook('ur3e_gripper_moveit', 'cmake_prefix_path')
[1.709s] INFO:colcon.colcon_core.shell:Creating environment hook '/home/yadhu/ur3e/src/install/ur3e_gripper_moveit/share/ur3e_gripper_moveit/hook/cmake_prefix_path.ps1'
[1.711s] INFO:colcon.colcon_core.shell:Creating environment descriptor '/home/yadhu/ur3e/src/install/ur3e_gripper_moveit/share/ur3e_gripper_moveit/hook/cmake_prefix_path.dsv'
[1.712s] INFO:colcon.colcon_core.shell:Creating environment hook '/home/yadhu/ur3e/src/install/ur3e_gripper_moveit/share/ur3e_gripper_moveit/hook/cmake_prefix_path.sh'
[1.712s] Level 1:colcon.colcon_core.environment:checking '/home/yadhu/ur3e/src/install/ur3e_gripper_moveit/bin'
[1.712s] Level 1:colcon.colcon_core.environment:checking '/home/yadhu/ur3e/src/install/ur3e_gripper_moveit/lib/pkgconfig/ur3e_gripper_moveit.pc'
[1.713s] Level 1:colcon.colcon_core.environment:checking '/home/yadhu/ur3e/src/install/ur3e_gripper_moveit/lib/python3.10/site-packages'
[1.713s] Level 1:colcon.colcon_core.environment:checking '/home/yadhu/ur3e/src/install/ur3e_gripper_moveit/bin'
[1.713s] INFO:colcon.colcon_core.shell:Creating package script '/home/yadhu/ur3e/src/install/ur3e_gripper_moveit/share/ur3e_gripper_moveit/package.ps1'
[1.714s] INFO:colcon.colcon_core.shell:Creating package descriptor '/home/yadhu/ur3e/src/install/ur3e_gripper_moveit/share/ur3e_gripper_moveit/package.dsv'
[1.715s] INFO:colcon.colcon_core.shell:Creating package script '/home/yadhu/ur3e/src/install/ur3e_gripper_moveit/share/ur3e_gripper_moveit/package.sh'
[1.715s] INFO:colcon.colcon_core.shell:Creating package script '/home/yadhu/ur3e/src/install/ur3e_gripper_moveit/share/ur3e_gripper_moveit/package.bash'
[1.716s] INFO:colcon.colcon_core.shell:Creating package script '/home/yadhu/ur3e/src/install/ur3e_gripper_moveit/share/ur3e_gripper_moveit/package.zsh'
[1.716s] Level 1:colcon.colcon_core.environment:create_file_with_runtime_dependencies(/home/yadhu/ur3e/src/install/ur3e_gripper_moveit/share/colcon-core/packages/ur3e_gripper_moveit)
[1.733s] Level 1:colcon.colcon_core.environment:create_environment_scripts_only(ur3e_gripper_moveit)
[1.733s] Level 1:colcon.colcon_core.environment:checking '/home/yadhu/ur3e/src/install/ur3e_gripper_moveit' for CMake module files
[1.734s] Level 1:colcon.colcon_core.environment:checking '/home/yadhu/ur3e/src/install/ur3e_gripper_moveit' for CMake config files
[1.735s] Level 1:colcon.colcon_core.shell:create_environment_hook('ur3e_gripper_moveit', 'cmake_prefix_path')
[1.735s] INFO:colcon.colcon_core.shell:Creating environment hook '/home/yadhu/ur3e/src/install/ur3e_gripper_moveit/share/ur3e_gripper_moveit/hook/cmake_prefix_path.ps1'
[1.736s] INFO:colcon.colcon_core.shell:Creating environment descriptor '/home/yadhu/ur3e/src/install/ur3e_gripper_moveit/share/ur3e_gripper_moveit/hook/cmake_prefix_path.dsv'
[1.736s] INFO:colcon.colcon_core.shell:Creating environment hook '/home/yadhu/ur3e/src/install/ur3e_gripper_moveit/share/ur3e_gripper_moveit/hook/cmake_prefix_path.sh'
[1.737s] Level 1:colcon.colcon_core.environment:checking '/home/yadhu/ur3e/src/install/ur3e_gripper_moveit/bin'
[1.737s] Level 1:colcon.colcon_core.environment:checking '/home/yadhu/ur3e/src/install/ur3e_gripper_moveit/lib/pkgconfig/ur3e_gripper_moveit.pc'
[1.737s] Level 1:colcon.colcon_core.environment:checking '/home/yadhu/ur3e/src/install/ur3e_gripper_moveit/lib/python3.10/site-packages'
[1.738s] Level 1:colcon.colcon_core.environment:checking '/home/yadhu/ur3e/src/install/ur3e_gripper_moveit/bin'
[1.738s] INFO:colcon.colcon_core.shell:Creating package script '/home/yadhu/ur3e/src/install/ur3e_gripper_moveit/share/ur3e_gripper_moveit/package.ps1'
[1.739s] INFO:colcon.colcon_core.shell:Creating package descriptor '/home/yadhu/ur3e/src/install/ur3e_gripper_moveit/share/ur3e_gripper_moveit/package.dsv'
[1.740s] INFO:colcon.colcon_core.shell:Creating package script '/home/yadhu/ur3e/src/install/ur3e_gripper_moveit/share/ur3e_gripper_moveit/package.sh'
[1.741s] INFO:colcon.colcon_core.shell:Creating package script '/home/yadhu/ur3e/src/install/ur3e_gripper_moveit/share/ur3e_gripper_moveit/package.bash'
[1.741s] INFO:colcon.colcon_core.shell:Creating package script '/home/yadhu/ur3e/src/install/ur3e_gripper_moveit/share/ur3e_gripper_moveit/package.zsh'
[1.742s] Level 1:colcon.colcon_core.environment:create_file_with_runtime_dependencies(/home/yadhu/ur3e/src/install/ur3e_gripper_moveit/share/colcon-core/packages/ur3e_gripper_moveit)
[1.984s] Level 1:colcon.colcon_core.environment:create_environment_scripts_only(moveit_msgs)
[1.984s] Level 1:colcon.colcon_core.environment:checking '/home/yadhu/ur3e/src/install/moveit_msgs' for CMake module files
[1.985s] DEBUG:colcon.colcon_core.event_handler.log_command:Invoked command in '/home/yadhu/ur3e/src/build/moveit_msgs' returned '0': CMAKE_PREFIX_PATH=/opt/ros/humble /usr/bin/cmake --install /home/yadhu/ur3e/src/build/moveit_msgs
[1.985s] Level 1:colcon.colcon_core.environment:checking '/home/yadhu/ur3e/src/install/moveit_msgs' for CMake config files
[1.987s] Level 1:colcon.colcon_core.shell:create_environment_hook('moveit_msgs', 'cmake_prefix_path')
[1.987s] INFO:colcon.colcon_core.shell:Creating environment hook '/home/yadhu/ur3e/src/install/moveit_msgs/share/moveit_msgs/hook/cmake_prefix_path.ps1'
[1.987s] INFO:colcon.colcon_core.shell:Creating environment descriptor '/home/yadhu/ur3e/src/install/moveit_msgs/share/moveit_msgs/hook/cmake_prefix_path.dsv'
[1.988s] INFO:colcon.colcon_core.shell:Creating environment hook '/home/yadhu/ur3e/src/install/moveit_msgs/share/moveit_msgs/hook/cmake_prefix_path.sh'
[1.988s] Level 1:colcon.colcon_core.environment:checking '/home/yadhu/ur3e/src/install/moveit_msgs/lib'
[1.988s] Level 1:colcon.colcon_core.shell:create_environment_hook('moveit_msgs', 'ld_library_path_lib')
[1.988s] INFO:colcon.colcon_core.shell:Creating environment hook '/home/yadhu/ur3e/src/install/moveit_msgs/share/moveit_msgs/hook/ld_library_path_lib.ps1'
[1.988s] INFO:colcon.colcon_core.shell:Creating environment descriptor '/home/yadhu/ur3e/src/install/moveit_msgs/share/moveit_msgs/hook/ld_library_path_lib.dsv'
[1.988s] INFO:colcon.colcon_core.shell:Creating environment hook '/home/yadhu/ur3e/src/install/moveit_msgs/share/moveit_msgs/hook/ld_library_path_lib.sh'
[1.989s] Level 1:colcon.colcon_core.environment:checking '/home/yadhu/ur3e/src/install/moveit_msgs/bin'
[1.989s] Level 1:colcon.colcon_core.environment:checking '/home/yadhu/ur3e/src/install/moveit_msgs/lib/pkgconfig/moveit_msgs.pc'
[1.989s] Level 1:colcon.colcon_core.environment:checking '/home/yadhu/ur3e/src/install/moveit_msgs/lib/python3.10/site-packages'
[1.989s] Level 1:colcon.colcon_core.environment:checking '/home/yadhu/ur3e/src/install/moveit_msgs/bin'
[1.989s] INFO:colcon.colcon_core.shell:Creating package script '/home/yadhu/ur3e/src/install/moveit_msgs/share/moveit_msgs/package.ps1'
[1.989s] INFO:colcon.colcon_core.shell:Creating package descriptor '/home/yadhu/ur3e/src/install/moveit_msgs/share/moveit_msgs/package.dsv'
[1.990s] INFO:colcon.colcon_core.shell:Creating package script '/home/yadhu/ur3e/src/install/moveit_msgs/share/moveit_msgs/package.sh'
[1.990s] INFO:colcon.colcon_core.shell:Creating package script '/home/yadhu/ur3e/src/install/moveit_msgs/share/moveit_msgs/package.bash'
[1.990s] INFO:colcon.colcon_core.shell:Creating package script '/home/yadhu/ur3e/src/install/moveit_msgs/share/moveit_msgs/package.zsh'
[1.990s] Level 1:colcon.colcon_core.environment:create_file_with_runtime_dependencies(/home/yadhu/ur3e/src/install/moveit_msgs/share/colcon-core/packages/moveit_msgs)
[3.014s] Level 1:colcon.colcon_core.environment:create_environment_scripts_only(moveit_msgs)
[3.014s] Level 1:colcon.colcon_core.environment:checking '/home/yadhu/ur3e/src/install/moveit_msgs' for CMake module files
[3.014s] Level 1:colcon.colcon_core.environment:checking '/home/yadhu/ur3e/src/install/moveit_msgs' for CMake config files
[3.016s] Level 1:colcon.colcon_core.shell:create_environment_hook('moveit_msgs', 'cmake_prefix_path')
[3.016s] INFO:colcon.colcon_core.shell:Creating environment hook '/home/yadhu/ur3e/src/install/moveit_msgs/share/moveit_msgs/hook/cmake_prefix_path.ps1'
[3.016s] INFO:colcon.colcon_core.shell:Creating environment descriptor '/home/yadhu/ur3e/src/install/moveit_msgs/share/moveit_msgs/hook/cmake_prefix_path.dsv'
[3.016s] INFO:colcon.colcon_core.shell:Creating environment hook '/home/yadhu/ur3e/src/install/moveit_msgs/share/moveit_msgs/hook/cmake_prefix_path.sh'
[3.016s] Level 1:colcon.colcon_core.environment:checking '/home/yadhu/ur3e/src/install/moveit_msgs/lib'
[3.016s] Level 1:colcon.colcon_core.shell:create_environment_hook('moveit_msgs', 'ld_library_path_lib')
[3.017s] INFO:colcon.colcon_core.shell:Creating environment hook '/home/yadhu/ur3e/src/install/moveit_msgs/share/moveit_msgs/hook/ld_library_path_lib.ps1'
[3.017s] INFO:colcon.colcon_core.shell:Creating environment descriptor '/home/yadhu/ur3e/src/install/moveit_msgs/share/moveit_msgs/hook/ld_library_path_lib.dsv'
[3.017s] INFO:colcon.colcon_core.shell:Creating environment hook '/home/yadhu/ur3e/src/install/moveit_msgs/share/moveit_msgs/hook/ld_library_path_lib.sh'
[3.017s] Level 1:colcon.colcon_core.environment:checking '/home/yadhu/ur3e/src/install/moveit_msgs/bin'
[3.017s] Level 1:colcon.colcon_core.environment:checking '/home/yadhu/ur3e/src/install/moveit_msgs/lib/pkgconfig/moveit_msgs.pc'
[3.017s] Level 1:colcon.colcon_core.environment:checking '/home/yadhu/ur3e/src/install/moveit_msgs/lib/python3.10/site-packages'
[3.017s] Level 1:colcon.colcon_core.environment:checking '/home/yadhu/ur3e/src/install/moveit_msgs/bin'
[3.017s] INFO:colcon.colcon_core.shell:Creating package script '/home/yadhu/ur3e/src/install/moveit_msgs/share/moveit_msgs/package.ps1'
[3.018s] INFO:colcon.colcon_core.shell:Creating package descriptor '/home/yadhu/ur3e/src/install/moveit_msgs/share/moveit_msgs/package.dsv'
[3.018s] INFO:colcon.colcon_core.shell:Creating package script '/home/yadhu/ur3e/src/install/moveit_msgs/share/moveit_msgs/package.sh'
[3.018s] INFO:colcon.colcon_core.shell:Creating package script '/home/yadhu/ur3e/src/install/moveit_msgs/share/moveit_msgs/package.bash'
[3.018s] INFO:colcon.colcon_core.shell:Creating package script '/home/yadhu/ur3e/src/install/moveit_msgs/share/moveit_msgs/package.zsh'
[3.019s] Level 1:colcon.colcon_core.environment:create_file_with_runtime_dependencies(/home/yadhu/ur3e/src/install/moveit_msgs/share/colcon-core/packages/moveit_msgs)
[3.019s] INFO:colcon.colcon_ros.task.ament_cmake.build:Building ROS package in '/home/yadhu/ur3e/src/unity_ros_msgs' with build type 'ament_cmake'
[3.019s] INFO:colcon.colcon_cmake.task.cmake.build:Building CMake package in '/home/yadhu/ur3e/src/unity_ros_msgs'
[3.019s] INFO:colcon.colcon_core.shell:Skip shell extension 'powershell' for command environment: Not usable outside of PowerShell
[3.019s] DEBUG:colcon.colcon_core.shell:Skip shell extension 'dsv' for command environment
[3.021s] INFO:colcon.colcon_ros.task.ament_cmake.build:Building ROS package in '/home/yadhu/ur3e/src/ur_robotiq' with build type 'ament_cmake'
[3.021s] INFO:colcon.colcon_cmake.task.cmake.build:Building CMake package in '/home/yadhu/ur3e/src/ur_robotiq'
[3.021s] INFO:colcon.colcon_core.shell:Skip shell extension 'powershell' for command environment: Not usable outside of PowerShell
[3.021s] DEBUG:colcon.colcon_core.shell:Skip shell extension 'dsv' for command environment
[3.026s] DEBUG:colcon.colcon_core.event_handler.log_command:Invoking command in '/home/yadhu/ur3e/src/build/unity_ros_msgs': AMENT_PREFIX_PATH=/home/yadhu/ur3e/src/install/moveit_msgs:${AMENT_PREFIX_PATH} CMAKE_PREFIX_PATH=/home/yadhu/ur3e/src/install/moveit_msgs:/opt/ros/humble LD_LIBRARY_PATH=/home/yadhu/ur3e/src/install/moveit_msgs/lib:${LD_LIBRARY_PATH} PYTHONPATH=/home/yadhu/ur3e/src/install/moveit_msgs/local/lib/python3.10/dist-packages:${PYTHONPATH} /usr/bin/cmake --build /home/yadhu/ur3e/src/build/unity_ros_msgs -- -j16 -l16
[3.028s] DEBUG:colcon.colcon_core.event_handler.log_command:Invoking command in '/home/yadhu/ur3e/src/build/ur_robotiq': AMENT_PREFIX_PATH=/home/yadhu/ur3e/src/install/moveit_msgs:${AMENT_PREFIX_PATH} CMAKE_PREFIX_PATH=/home/yadhu/ur3e/src/install/moveit_msgs:/opt/ros/humble LD_LIBRARY_PATH=/home/yadhu/ur3e/src/install/moveit_msgs/lib:${LD_LIBRARY_PATH} PYTHONPATH=/home/yadhu/ur3e/src/install/moveit_msgs/local/lib/python3.10/dist-packages:${PYTHONPATH} /usr/bin/cmake /home/yadhu/ur3e/src/ur_robotiq -DCMAKE_INSTALL_PREFIX=/home/yadhu/ur3e/src/install/ur_robotiq
[4.668s] DEBUG:colcon.colcon_core.event_handler.log_command:Invoked command in '/home/yadhu/ur3e/src/build/ur_robotiq' returned '0': AMENT_PREFIX_PATH=/home/yadhu/ur3e/src/install/moveit_msgs:${AMENT_PREFIX_PATH} CMAKE_PREFIX_PATH=/home/yadhu/ur3e/src/install/moveit_msgs:/opt/ros/humble LD_LIBRARY_PATH=/home/yadhu/ur3e/src/install/moveit_msgs/lib:${LD_LIBRARY_PATH} PYTHONPATH=/home/yadhu/ur3e/src/install/moveit_msgs/local/lib/python3.10/dist-packages:${PYTHONPATH} /usr/bin/cmake /home/yadhu/ur3e/src/ur_robotiq -DCMAKE_INSTALL_PREFIX=/home/yadhu/ur3e/src/install/ur_robotiq
[4.669s] DEBUG:colcon.colcon_core.event_handler.log_command:Invoking command in '/home/yadhu/ur3e/src/build/ur_robotiq': AMENT_PREFIX_PATH=/home/yadhu/ur3e/src/install/moveit_msgs:${AMENT_PREFIX_PATH} CMAKE_PREFIX_PATH=/home/yadhu/ur3e/src/install/moveit_msgs:/opt/ros/humble LD_LIBRARY_PATH=/home/yadhu/ur3e/src/install/moveit_msgs/lib:${LD_LIBRARY_PATH} PYTHONPATH=/home/yadhu/ur3e/src/install/moveit_msgs/local/lib/python3.10/dist-packages:${PYTHONPATH} /usr/bin/cmake --build /home/yadhu/ur3e/src/build/ur_robotiq -- -j16 -l16
[8.233s] DEBUG:colcon.colcon_core.event_handler.log_command:Invoked command in '/home/yadhu/ur3e/src/build/unity_ros_msgs' returned '0': AMENT_PREFIX_PATH=/home/yadhu/ur3e/src/install/moveit_msgs:${AMENT_PREFIX_PATH} CMAKE_PREFIX_PATH=/home/yadhu/ur3e/src/install/moveit_msgs:/opt/ros/humble LD_LIBRARY_PATH=/home/yadhu/ur3e/src/install/moveit_msgs/lib:${LD_LIBRARY_PATH} PYTHONPATH=/home/yadhu/ur3e/src/install/moveit_msgs/local/lib/python3.10/dist-packages:${PYTHONPATH} /usr/bin/cmake --build /home/yadhu/ur3e/src/build/unity_ros_msgs -- -j16 -l16
[8.332s] DEBUG:colcon.colcon_core.event_handler.log_command:Invoking command in '/home/yadhu/ur3e/src/build/unity_ros_msgs': AMENT_PREFIX_PATH=/home/yadhu/ur3e/src/install/moveit_msgs:${AMENT_PREFIX_PATH} CMAKE_PREFIX_PATH=/home/yadhu/ur3e/src/install/moveit_msgs:/opt/ros/humble LD_LIBRARY_PATH=/home/yadhu/ur3e/src/install/moveit_msgs/lib:${LD_LIBRARY_PATH} PYTHONPATH=/home/yadhu/ur3e/src/install/moveit_msgs/local/lib/python3.10/dist-packages:${PYTHONPATH} /usr/bin/cmake --install /home/yadhu/ur3e/src/build/unity_ros_msgs
[8.391s] Level 1:colcon.colcon_core.environment:create_environment_scripts_only(unity_ros_msgs)
[8.391s] Level 1:colcon.colcon_core.environment:checking '/home/yadhu/ur3e/src/install/unity_ros_msgs' for CMake module files
[8.391s] DEBUG:colcon.colcon_core.event_handler.log_command:Invoked command in '/home/yadhu/ur3e/src/build/unity_ros_msgs' returned '0': AMENT_PREFIX_PATH=/home/yadhu/ur3e/src/install/moveit_msgs:${AMENT_PREFIX_PATH} CMAKE_PREFIX_PATH=/home/yadhu/ur3e/src/install/moveit_msgs:/opt/ros/humble LD_LIBRARY_PATH=/home/yadhu/ur3e/src/install/moveit_msgs/lib:${LD_LIBRARY_PATH} PYTHONPATH=/home/yadhu/ur3e/src/install/moveit_msgs/local/lib/python3.10/dist-packages:${PYTHONPATH} /usr/bin/cmake --install /home/yadhu/ur3e/src/build/unity_ros_msgs
[8.391s] Level 1:colcon.colcon_core.environment:checking '/home/yadhu/ur3e/src/install/unity_ros_msgs' for CMake config files
[8.392s] Level 1:colcon.colcon_core.shell:create_environment_hook('unity_ros_msgs', 'cmake_prefix_path')
[8.392s] INFO:colcon.colcon_core.shell:Creating environment hook '/home/yadhu/ur3e/src/install/unity_ros_msgs/share/unity_ros_msgs/hook/cmake_prefix_path.ps1'
[8.392s] INFO:colcon.colcon_core.shell:Creating environment descriptor '/home/yadhu/ur3e/src/install/unity_ros_msgs/share/unity_ros_msgs/hook/cmake_prefix_path.dsv'
[8.393s] INFO:colcon.colcon_core.shell:Creating environment hook '/home/yadhu/ur3e/src/install/unity_ros_msgs/share/unity_ros_msgs/hook/cmake_prefix_path.sh'
[8.393s] Level 1:colcon.colcon_core.environment:checking '/home/yadhu/ur3e/src/install/unity_ros_msgs/lib'
[8.393s] Level 1:colcon.colcon_core.shell:create_environment_hook('unity_ros_msgs', 'ld_library_path_lib')
[8.393s] INFO:colcon.colcon_core.shell:Creating environment hook '/home/yadhu/ur3e/src/install/unity_ros_msgs/share/unity_ros_msgs/hook/ld_library_path_lib.ps1'
[8.393s] INFO:colcon.colcon_core.shell:Creating environment descriptor '/home/yadhu/ur3e/src/install/unity_ros_msgs/share/unity_ros_msgs/hook/ld_library_path_lib.dsv'
[8.393s] INFO:colcon.colcon_core.shell:Creating environment hook '/home/yadhu/ur3e/src/install/unity_ros_msgs/share/unity_ros_msgs/hook/ld_library_path_lib.sh'
[8.394s] Level 1:colcon.colcon_core.environment:checking '/home/yadhu/ur3e/src/install/unity_ros_msgs/bin'
[8.394s] Level 1:colcon.colcon_core.environment:checking '/home/yadhu/ur3e/src/install/unity_ros_msgs/lib/pkgconfig/unity_ros_msgs.pc'
[8.394s] Level 1:colcon.colcon_core.environment:checking '/home/yadhu/ur3e/src/install/unity_ros_msgs/lib/python3.10/site-packages'
[8.394s] Level 1:colcon.colcon_core.environment:checking '/home/yadhu/ur3e/src/install/unity_ros_msgs/bin'
[8.394s] INFO:colcon.colcon_core.shell:Creating package script '/home/yadhu/ur3e/src/install/unity_ros_msgs/share/unity_ros_msgs/package.ps1'
[8.394s] INFO:colcon.colcon_core.shell:Creating package descriptor '/home/yadhu/ur3e/src/install/unity_ros_msgs/share/unity_ros_msgs/package.dsv'
[8.395s] INFO:colcon.colcon_core.shell:Creating package script '/home/yadhu/ur3e/src/install/unity_ros_msgs/share/unity_ros_msgs/package.sh'
[8.395s] INFO:colcon.colcon_core.shell:Creating package script '/home/yadhu/ur3e/src/install/unity_ros_msgs/share/unity_ros_msgs/package.bash'
[8.395s] INFO:colcon.colcon_core.shell:Creating package script '/home/yadhu/ur3e/src/install/unity_ros_msgs/share/unity_ros_msgs/package.zsh'
[8.395s] Level 1:colcon.colcon_core.environment:create_file_with_runtime_dependencies(/home/yadhu/ur3e/src/install/unity_ros_msgs/share/colcon-core/packages/unity_ros_msgs)
[8.489s] Level 1:colcon.colcon_core.environment:create_environment_scripts_only(unity_ros_msgs)
[8.489s] Level 1:colcon.colcon_core.environment:checking '/home/yadhu/ur3e/src/install/unity_ros_msgs' for CMake module files
[8.489s] Level 1:colcon.colcon_core.environment:checking '/home/yadhu/ur3e/src/install/unity_ros_msgs' for CMake config files
[8.490s] Level 1:colcon.colcon_core.shell:create_environment_hook('unity_ros_msgs', 'cmake_prefix_path')
[8.490s] INFO:colcon.colcon_core.shell:Creating environment hook '/home/yadhu/ur3e/src/install/unity_ros_msgs/share/unity_ros_msgs/hook/cmake_prefix_path.ps1'
[8.490s] INFO:colcon.colcon_core.shell:Creating environment descriptor '/home/yadhu/ur3e/src/install/unity_ros_msgs/share/unity_ros_msgs/hook/cmake_prefix_path.dsv'
[8.491s] INFO:colcon.colcon_core.shell:Creating environment hook '/home/yadhu/ur3e/src/install/unity_ros_msgs/share/unity_ros_msgs/hook/cmake_prefix_path.sh'
[8.491s] Level 1:colcon.colcon_core.environment:checking '/home/yadhu/ur3e/src/install/unity_ros_msgs/lib'
[8.491s] Level 1:colcon.colcon_core.shell:create_environment_hook('unity_ros_msgs', 'ld_library_path_lib')
[8.491s] INFO:colcon.colcon_core.shell:Creating environment hook '/home/yadhu/ur3e/src/install/unity_ros_msgs/share/unity_ros_msgs/hook/ld_library_path_lib.ps1'
[8.491s] INFO:colcon.colcon_core.shell:Creating environment descriptor '/home/yadhu/ur3e/src/install/unity_ros_msgs/share/unity_ros_msgs/hook/ld_library_path_lib.dsv'
[8.491s] INFO:colcon.colcon_core.shell:Creating environment hook '/home/yadhu/ur3e/src/install/unity_ros_msgs/share/unity_ros_msgs/hook/ld_library_path_lib.sh'
[8.492s] Level 1:colcon.colcon_core.environment:checking '/home/yadhu/ur3e/src/install/unity_ros_msgs/bin'
[8.492s] Level 1:colcon.colcon_core.environment:checking '/home/yadhu/ur3e/src/install/unity_ros_msgs/lib/pkgconfig/unity_ros_msgs.pc'
[8.492s] Level 1:colcon.colcon_core.environment:checking '/home/yadhu/ur3e/src/install/unity_ros_msgs/lib/python3.10/site-packages'
[8.492s] Level 1:colcon.colcon_core.environment:checking '/home/yadhu/ur3e/src/install/unity_ros_msgs/bin'
[8.492s] INFO:colcon.colcon_core.shell:Creating package script '/home/yadhu/ur3e/src/install/unity_ros_msgs/share/unity_ros_msgs/package.ps1'
[8.493s] INFO:colcon.colcon_core.shell:Creating package descriptor '/home/yadhu/ur3e/src/install/unity_ros_msgs/share/unity_ros_msgs/package.dsv'
[8.493s] INFO:colcon.colcon_core.shell:Creating package script '/home/yadhu/ur3e/src/install/unity_ros_msgs/share/unity_ros_msgs/package.sh'
[8.493s] INFO:colcon.colcon_core.shell:Creating package script '/home/yadhu/ur3e/src/install/unity_ros_msgs/share/unity_ros_msgs/package.bash'
[8.493s] INFO:colcon.colcon_core.shell:Creating package script '/home/yadhu/ur3e/src/install/unity_ros_msgs/share/unity_ros_msgs/package.zsh'
[8.493s] Level 1:colcon.colcon_core.environment:create_file_with_runtime_dependencies(/home/yadhu/ur3e/src/install/unity_ros_msgs/share/colcon-core/packages/unity_ros_msgs)
[8.494s] INFO:colcon.colcon_ros.task.ament_cmake.build:Building ROS package in '/home/yadhu/ur3e/src/cppfile' with build type 'ament_cmake'
[8.494s] INFO:colcon.colcon_cmake.task.cmake.build:Building CMake package in '/home/yadhu/ur3e/src/cppfile'
[8.494s] INFO:colcon.colcon_core.shell:Skip shell extension 'powershell' for command environment: Not usable outside of PowerShell
[8.494s] DEBUG:colcon.colcon_core.shell:Skip shell extension 'dsv' for command environment
[8.513s] DEBUG:colcon.colcon_core.event_handler.log_command:Invoking command in '/home/yadhu/ur3e/src/build/cppfile': AMENT_PREFIX_PATH=/home/yadhu/ur3e/src/install/ur_description:/home/yadhu/ur3e/src/install/unity_ros_msgs:/home/yadhu/ur3e/src/install/unity_robotics_demo_msgs:/home/yadhu/ur3e/src/install/robotiq_description:/home/yadhu/ur3e/src/install/moveit_msgs:${AMENT_PREFIX_PATH} CMAKE_PREFIX_PATH=/home/yadhu/ur3e/src/install/ur_description:/home/yadhu/ur3e/src/install/unity_ros_msgs:/home/yadhu/ur3e/src/install/unity_robotics_demo_msgs:/home/yadhu/ur3e/src/install/robotiq_description:/home/yadhu/ur3e/src/install/moveit_msgs:/opt/ros/humble LD_LIBRARY_PATH=/home/yadhu/ur3e/src/install/unity_ros_msgs/lib:/home/yadhu/ur3e/src/install/unity_robotics_demo_msgs/lib:/home/yadhu/ur3e/src/install/moveit_msgs/lib:${LD_LIBRARY_PATH} PYTHONPATH=/home/yadhu/ur3e/src/install/unity_ros_msgs/local/lib/python3.10/dist-packages:/home/yadhu/ur3e/src/install/unity_robotics_demo_msgs/local/lib/python3.10/dist-packages:/home/yadhu/ur3e/src/install/moveit_msgs/local/lib/python3.10/dist-packages:${PYTHONPATH} /usr/bin/cmake --build /home/yadhu/ur3e/src/build/cppfile -- -j16 -l16
[8.609s] DEBUG:colcon.colcon_core.event_handler.log_command:Invoked command in '/home/yadhu/ur3e/src/build/ur_robotiq' returned '0': AMENT_PREFIX_PATH=/home/yadhu/ur3e/src/install/moveit_msgs:${AMENT_PREFIX_PATH} CMAKE_PREFIX_PATH=/home/yadhu/ur3e/src/install/moveit_msgs:/opt/ros/humble LD_LIBRARY_PATH=/home/yadhu/ur3e/src/install/moveit_msgs/lib:${LD_LIBRARY_PATH} PYTHONPATH=/home/yadhu/ur3e/src/install/moveit_msgs/local/lib/python3.10/dist-packages:${PYTHONPATH} /usr/bin/cmake --build /home/yadhu/ur3e/src/build/ur_robotiq -- -j16 -l16
[8.708s] DEBUG:colcon.colcon_core.event_handler.log_command:Invoking command in '/home/yadhu/ur3e/src/build/ur_robotiq': AMENT_PREFIX_PATH=/home/yadhu/ur3e/src/install/moveit_msgs:${AMENT_PREFIX_PATH} CMAKE_PREFIX_PATH=/home/yadhu/ur3e/src/install/moveit_msgs:/opt/ros/humble LD_LIBRARY_PATH=/home/yadhu/ur3e/src/install/moveit_msgs/lib:${LD_LIBRARY_PATH} PYTHONPATH=/home/yadhu/ur3e/src/install/moveit_msgs/local/lib/python3.10/dist-packages:${PYTHONPATH} /usr/bin/cmake --install /home/yadhu/ur3e/src/build/ur_robotiq
[8.760s] Level 1:colcon.colcon_core.environment:create_environment_scripts_only(ur_robotiq)
[8.760s] Level 1:colcon.colcon_core.environment:checking '/home/yadhu/ur3e/src/install/ur_robotiq' for CMake module files
[8.760s] DEBUG:colcon.colcon_core.event_handler.log_command:Invoked command in '/home/yadhu/ur3e/src/build/ur_robotiq' returned '0': AMENT_PREFIX_PATH=/home/yadhu/ur3e/src/install/moveit_msgs:${AMENT_PREFIX_PATH} CMAKE_PREFIX_PATH=/home/yadhu/ur3e/src/install/moveit_msgs:/opt/ros/humble LD_LIBRARY_PATH=/home/yadhu/ur3e/src/install/moveit_msgs/lib:${LD_LIBRARY_PATH} PYTHONPATH=/home/yadhu/ur3e/src/install/moveit_msgs/local/lib/python3.10/dist-packages:${PYTHONPATH} /usr/bin/cmake --install /home/yadhu/ur3e/src/build/ur_robotiq
[8.760s] Level 1:colcon.colcon_core.environment:checking '/home/yadhu/ur3e/src/install/ur_robotiq' for CMake config files
[8.761s] Level 1:colcon.colcon_core.shell:create_environment_hook('ur_robotiq', 'cmake_prefix_path')
[8.761s] INFO:colcon.colcon_core.shell:Creating environment hook '/home/yadhu/ur3e/src/install/ur_robotiq/share/ur_robotiq/hook/cmake_prefix_path.ps1'
[8.761s] INFO:colcon.colcon_core.shell:Creating environment descriptor '/home/yadhu/ur3e/src/install/ur_robotiq/share/ur_robotiq/hook/cmake_prefix_path.dsv'
[8.761s] INFO:colcon.colcon_core.shell:Creating environment hook '/home/yadhu/ur3e/src/install/ur_robotiq/share/ur_robotiq/hook/cmake_prefix_path.sh'
[8.762s] Level 1:colcon.colcon_core.environment:checking '/home/yadhu/ur3e/src/install/ur_robotiq/lib'
[8.762s] Level 1:colcon.colcon_core.shell:create_environment_hook('ur_robotiq', 'ld_library_path_lib')
[8.762s] INFO:colcon.colcon_core.shell:Creating environment hook '/home/yadhu/ur3e/src/install/ur_robotiq/share/ur_robotiq/hook/ld_library_path_lib.ps1'
[8.762s] INFO:colcon.colcon_core.shell:Creating environment descriptor '/home/yadhu/ur3e/src/install/ur_robotiq/share/ur_robotiq/hook/ld_library_path_lib.dsv'
[8.762s] INFO:colcon.colcon_core.shell:Creating environment hook '/home/yadhu/ur3e/src/install/ur_robotiq/share/ur_robotiq/hook/ld_library_path_lib.sh'
[8.763s] Level 1:colcon.colcon_core.environment:checking '/home/yadhu/ur3e/src/install/ur_robotiq/bin'
[8.763s] Level 1:colcon.colcon_core.environment:checking '/home/yadhu/ur3e/src/install/ur_robotiq/lib/pkgconfig/ur_robotiq.pc'
[8.763s] Level 1:colcon.colcon_core.environment:checking '/home/yadhu/ur3e/src/install/ur_robotiq/lib/python3.10/site-packages'
[8.763s] Level 1:colcon.colcon_core.environment:checking '/home/yadhu/ur3e/src/install/ur_robotiq/bin'
[8.763s] INFO:colcon.colcon_core.shell:Creating package script '/home/yadhu/ur3e/src/install/ur_robotiq/share/ur_robotiq/package.ps1'
[8.763s] INFO:colcon.colcon_core.shell:Creating package descriptor '/home/yadhu/ur3e/src/install/ur_robotiq/share/ur_robotiq/package.dsv'
[8.764s] INFO:colcon.colcon_core.shell:Creating package script '/home/yadhu/ur3e/src/install/ur_robotiq/share/ur_robotiq/package.sh'
[8.764s] INFO:colcon.colcon_core.shell:Creating package script '/home/yadhu/ur3e/src/install/ur_robotiq/share/ur_robotiq/package.bash'
[8.764s] INFO:colcon.colcon_core.shell:Creating package script '/home/yadhu/ur3e/src/install/ur_robotiq/share/ur_robotiq/package.zsh'
[8.764s] Level 1:colcon.colcon_core.environment:create_file_with_runtime_dependencies(/home/yadhu/ur3e/src/install/ur_robotiq/share/colcon-core/packages/ur_robotiq)
[8.851s] Level 1:colcon.colcon_core.environment:create_environment_scripts_only(ur_robotiq)
[8.852s] Level 1:colcon.colcon_core.environment:checking '/home/yadhu/ur3e/src/install/ur_robotiq' for CMake module files
[8.852s] Level 1:colcon.colcon_core.environment:checking '/home/yadhu/ur3e/src/install/ur_robotiq' for CMake config files
[8.853s] Level 1:colcon.colcon_core.shell:create_environment_hook('ur_robotiq', 'cmake_prefix_path')
[8.853s] INFO:colcon.colcon_core.shell:Creating environment hook '/home/yadhu/ur3e/src/install/ur_robotiq/share/ur_robotiq/hook/cmake_prefix_path.ps1'
[8.853s] INFO:colcon.colcon_core.shell:Creating environment descriptor '/home/yadhu/ur3e/src/install/ur_robotiq/share/ur_robotiq/hook/cmake_prefix_path.dsv'
[8.854s] INFO:colcon.colcon_core.shell:Creating environment hook '/home/yadhu/ur3e/src/install/ur_robotiq/share/ur_robotiq/hook/cmake_prefix_path.sh'
[8.854s] Level 1:colcon.colcon_core.environment:checking '/home/yadhu/ur3e/src/install/ur_robotiq/lib'
[8.854s] Level 1:colcon.colcon_core.shell:create_environment_hook('ur_robotiq', 'ld_library_path_lib')
[8.854s] INFO:colcon.colcon_core.shell:Creating environment hook '/home/yadhu/ur3e/src/install/ur_robotiq/share/ur_robotiq/hook/ld_library_path_lib.ps1'
[8.855s] INFO:colcon.colcon_core.shell:Creating environment descriptor '/home/yadhu/ur3e/src/install/ur_robotiq/share/ur_robotiq/hook/ld_library_path_lib.dsv'
[8.855s] INFO:colcon.colcon_core.shell:Creating environment hook '/home/yadhu/ur3e/src/install/ur_robotiq/share/ur_robotiq/hook/ld_library_path_lib.sh'
[8.855s] Level 1:colcon.colcon_core.environment:checking '/home/yadhu/ur3e/src/install/ur_robotiq/bin'
[8.856s] Level 1:colcon.colcon_core.environment:checking '/home/yadhu/ur3e/src/install/ur_robotiq/lib/pkgconfig/ur_robotiq.pc'
[8.856s] Level 1:colcon.colcon_core.environment:checking '/home/yadhu/ur3e/src/install/ur_robotiq/lib/python3.10/site-packages'
[8.856s] Level 1:colcon.colcon_core.environment:checking '/home/yadhu/ur3e/src/install/ur_robotiq/bin'
[8.856s] INFO:colcon.colcon_core.shell:Creating package script '/home/yadhu/ur3e/src/install/ur_robotiq/share/ur_robotiq/package.ps1'
[8.856s] INFO:colcon.colcon_core.shell:Creating package descriptor '/home/yadhu/ur3e/src/install/ur_robotiq/share/ur_robotiq/package.dsv'
[8.857s] INFO:colcon.colcon_core.shell:Creating package script '/home/yadhu/ur3e/src/install/ur_robotiq/share/ur_robotiq/package.sh'
[8.857s] INFO:colcon.colcon_core.shell:Creating package script '/home/yadhu/ur3e/src/install/ur_robotiq/share/ur_robotiq/package.bash'
[8.857s] INFO:colcon.colcon_core.shell:Creating package script '/home/yadhu/ur3e/src/install/ur_robotiq/share/ur_robotiq/package.zsh'
[8.857s] Level 1:colcon.colcon_core.environment:create_file_with_runtime_dependencies(/home/yadhu/ur3e/src/install/ur_robotiq/share/colcon-core/packages/ur_robotiq)
[18.055s] DEBUG:colcon.colcon_core.event_handler.log_command:Invoked command in '/home/yadhu/ur3e/src/build/cppfile' returned '0': AMENT_PREFIX_PATH=/home/yadhu/ur3e/src/install/ur_description:/home/yadhu/ur3e/src/install/unity_ros_msgs:/home/yadhu/ur3e/src/install/unity_robotics_demo_msgs:/home/yadhu/ur3e/src/install/robotiq_description:/home/yadhu/ur3e/src/install/moveit_msgs:${AMENT_PREFIX_PATH} CMAKE_PREFIX_PATH=/home/yadhu/ur3e/src/install/ur_description:/home/yadhu/ur3e/src/install/unity_ros_msgs:/home/yadhu/ur3e/src/install/unity_robotics_demo_msgs:/home/yadhu/ur3e/src/install/robotiq_description:/home/yadhu/ur3e/src/install/moveit_msgs:/opt/ros/humble LD_LIBRARY_PATH=/home/yadhu/ur3e/src/install/unity_ros_msgs/lib:/home/yadhu/ur3e/src/install/unity_robotics_demo_msgs/lib:/home/yadhu/ur3e/src/install/moveit_msgs/lib:${LD_LIBRARY_PATH} PYTHONPATH=/home/yadhu/ur3e/src/install/unity_ros_msgs/local/lib/python3.10/dist-packages:/home/yadhu/ur3e/src/install/unity_robotics_demo_msgs/local/lib/python3.10/dist-packages:/home/yadhu/ur3e/src/install/moveit_msgs/local/lib/python3.10/dist-packages:${PYTHONPATH} /usr/bin/cmake --build /home/yadhu/ur3e/src/build/cppfile -- -j16 -l16
[18.077s] DEBUG:colcon.colcon_core.event_handler.log_command:Invoking command in '/home/yadhu/ur3e/src/build/cppfile': AMENT_PREFIX_PATH=/home/yadhu/ur3e/src/install/ur_description:/home/yadhu/ur3e/src/install/unity_ros_msgs:/home/yadhu/ur3e/src/install/unity_robotics_demo_msgs:/home/yadhu/ur3e/src/install/robotiq_description:/home/yadhu/ur3e/src/install/moveit_msgs:${AMENT_PREFIX_PATH} CMAKE_PREFIX_PATH=/home/yadhu/ur3e/src/install/ur_description:/home/yadhu/ur3e/src/install/unity_ros_msgs:/home/yadhu/ur3e/src/install/unity_robotics_demo_msgs:/home/yadhu/ur3e/src/install/robotiq_description:/home/yadhu/ur3e/src/install/moveit_msgs:/opt/ros/humble LD_LIBRARY_PATH=/home/yadhu/ur3e/src/install/unity_ros_msgs/lib:/home/yadhu/ur3e/src/install/unity_robotics_demo_msgs/lib:/home/yadhu/ur3e/src/install/moveit_msgs/lib:${LD_LIBRARY_PATH} PYTHONPATH=/home/yadhu/ur3e/src/install/unity_ros_msgs/local/lib/python3.10/dist-packages:/home/yadhu/ur3e/src/install/unity_robotics_demo_msgs/local/lib/python3.10/dist-packages:/home/yadhu/ur3e/src/install/moveit_msgs/local/lib/python3.10/dist-packages:${PYTHONPATH} /usr/bin/cmake --install /home/yadhu/ur3e/src/build/cppfile
[18.087s] Level 1:colcon.colcon_core.environment:create_environment_scripts_only(cppfile)
[18.087s] Level 1:colcon.colcon_core.environment:checking '/home/yadhu/ur3e/src/install/cppfile' for CMake module files
[18.087s] DEBUG:colcon.colcon_core.event_handler.log_command:Invoked command in '/home/yadhu/ur3e/src/build/cppfile' returned '0': AMENT_PREFIX_PATH=/home/yadhu/ur3e/src/install/ur_description:/home/yadhu/ur3e/src/install/unity_ros_msgs:/home/yadhu/ur3e/src/install/unity_robotics_demo_msgs:/home/yadhu/ur3e/src/install/robotiq_description:/home/yadhu/ur3e/src/install/moveit_msgs:${AMENT_PREFIX_PATH} CMAKE_PREFIX_PATH=/home/yadhu/ur3e/src/install/ur_description:/home/yadhu/ur3e/src/install/unity_ros_msgs:/home/yadhu/ur3e/src/install/unity_robotics_demo_msgs:/home/yadhu/ur3e/src/install/robotiq_description:/home/yadhu/ur3e/src/install/moveit_msgs:/opt/ros/humble LD_LIBRARY_PATH=/home/yadhu/ur3e/src/install/unity_ros_msgs/lib:/home/yadhu/ur3e/src/install/unity_robotics_demo_msgs/lib:/home/yadhu/ur3e/src/install/moveit_msgs/lib:${LD_LIBRARY_PATH} PYTHONPATH=/home/yadhu/ur3e/src/install/unity_ros_msgs/local/lib/python3.10/dist-packages:/home/yadhu/ur3e/src/install/unity_robotics_demo_msgs/local/lib/python3.10/dist-packages:/home/yadhu/ur3e/src/install/moveit_msgs/local/lib/python3.10/dist-packages:${PYTHONPATH} /usr/bin/cmake --install /home/yadhu/ur3e/src/build/cppfile
[18.088s] Level 1:colcon.colcon_core.environment:checking '/home/yadhu/ur3e/src/install/cppfile' for CMake config files
[18.088s] Level 1:colcon.colcon_core.shell:create_environment_hook('cppfile', 'cmake_prefix_path')
[18.088s] INFO:colcon.colcon_core.shell:Creating environment hook '/home/yadhu/ur3e/src/install/cppfile/share/cppfile/hook/cmake_prefix_path.ps1'
[18.088s] INFO:colcon.colcon_core.shell:Creating environment descriptor '/home/yadhu/ur3e/src/install/cppfile/share/cppfile/hook/cmake_prefix_path.dsv'
[18.088s] INFO:colcon.colcon_core.shell:Creating environment hook '/home/yadhu/ur3e/src/install/cppfile/share/cppfile/hook/cmake_prefix_path.sh'
[18.089s] Level 1:colcon.colcon_core.environment:checking '/home/yadhu/ur3e/src/install/cppfile/lib'
[18.089s] Level 1:colcon.colcon_core.environment:checking '/home/yadhu/ur3e/src/install/cppfile/bin'
[18.089s] Level 1:colcon.colcon_core.environment:checking '/home/yadhu/ur3e/src/install/cppfile/lib/pkgconfig/cppfile.pc'
[18.089s] Level 1:colcon.colcon_core.environment:checking '/home/yadhu/ur3e/src/install/cppfile/lib/python3.10/site-packages'
[18.089s] Level 1:colcon.colcon_core.environment:checking '/home/yadhu/ur3e/src/install/cppfile/bin'
[18.089s] INFO:colcon.colcon_core.shell:Creating package script '/home/yadhu/ur3e/src/install/cppfile/share/cppfile/package.ps1'
[18.089s] INFO:colcon.colcon_core.shell:Creating package descriptor '/home/yadhu/ur3e/src/install/cppfile/share/cppfile/package.dsv'
[18.090s] INFO:colcon.colcon_core.shell:Creating package script '/home/yadhu/ur3e/src/install/cppfile/share/cppfile/package.sh'
[18.090s] INFO:colcon.colcon_core.shell:Creating package script '/home/yadhu/ur3e/src/install/cppfile/share/cppfile/package.bash'
[18.090s] INFO:colcon.colcon_core.shell:Creating package script '/home/yadhu/ur3e/src/install/cppfile/share/cppfile/package.zsh'
[18.090s] Level 1:colcon.colcon_core.environment:create_file_with_runtime_dependencies(/home/yadhu/ur3e/src/install/cppfile/share/colcon-core/packages/cppfile)
[18.113s] Level 1:colcon.colcon_core.environment:create_environment_scripts_only(cppfile)
[18.113s] Level 1:colcon.colcon_core.environment:checking '/home/yadhu/ur3e/src/install/cppfile' for CMake module files
[18.113s] Level 1:colcon.colcon_core.environment:checking '/home/yadhu/ur3e/src/install/cppfile' for CMake config files
[18.113s] Level 1:colcon.colcon_core.shell:create_environment_hook('cppfile', 'cmake_prefix_path')
[18.114s] INFO:colcon.colcon_core.shell:Creating environment hook '/home/yadhu/ur3e/src/install/cppfile/share/cppfile/hook/cmake_prefix_path.ps1'
[18.114s] INFO:colcon.colcon_core.shell:Creating environment descriptor '/home/yadhu/ur3e/src/install/cppfile/share/cppfile/hook/cmake_prefix_path.dsv'
[18.114s] INFO:colcon.colcon_core.shell:Creating environment hook '/home/yadhu/ur3e/src/install/cppfile/share/cppfile/hook/cmake_prefix_path.sh'
[18.114s] Level 1:colcon.colcon_core.environment:checking '/home/yadhu/ur3e/src/install/cppfile/lib'
[18.114s] Level 1:colcon.colcon_core.environment:checking '/home/yadhu/ur3e/src/install/cppfile/bin'
[18.114s] Level 1:colcon.colcon_core.environment:checking '/home/yadhu/ur3e/src/install/cppfile/lib/pkgconfig/cppfile.pc'
[18.115s] Level 1:colcon.colcon_core.environment:checking '/home/yadhu/ur3e/src/install/cppfile/lib/python3.10/site-packages'
[18.115s] Level 1:colcon.colcon_core.environment:checking '/home/yadhu/ur3e/src/install/cppfile/bin'
[18.115s] INFO:colcon.colcon_core.shell:Creating package script '/home/yadhu/ur3e/src/install/cppfile/share/cppfile/package.ps1'
[18.115s] INFO:colcon.colcon_core.shell:Creating package descriptor '/home/yadhu/ur3e/src/install/cppfile/share/cppfile/package.dsv'
[18.115s] INFO:colcon.colcon_core.shell:Creating package script '/home/yadhu/ur3e/src/install/cppfile/share/cppfile/package.sh'
[18.115s] INFO:colcon.colcon_core.shell:Creating package script '/home/yadhu/ur3e/src/install/cppfile/share/cppfile/package.bash'
[18.116s] INFO:colcon.colcon_core.shell:Creating package script '/home/yadhu/ur3e/src/install/cppfile/share/cppfile/package.zsh'
[18.116s] Level 1:colcon.colcon_core.environment:create_file_with_runtime_dependencies(/home/yadhu/ur3e/src/install/cppfile/share/colcon-core/packages/cppfile)
[18.116s] DEBUG:colcon.colcon_parallel_executor.executor.parallel:closing loop
[18.116s] DEBUG:colcon.colcon_parallel_executor.executor.parallel:loop closed
[18.116s] DEBUG:colcon.colcon_parallel_executor.executor.parallel:run_until_complete finished with '0'
[18.116s] DEBUG:colcon.colcon_core.event_reactor:joining thread
[18.122s] INFO:colcon.colcon_core.plugin_system:Skipping extension 'colcon_notification.desktop_notification.notify_send': Could not find 'notify-send'
[18.122s] INFO:colcon.colcon_core.plugin_system:Skipping extension 'colcon_notification.desktop_notification.terminal_notifier': Not used on non-Darwin systems
[18.122s] INFO:colcon.colcon_core.plugin_system:Skipping extension 'colcon_notification.desktop_notification.win32': Not used on non-Windows systems
[18.122s] INFO:colcon.colcon_notification.desktop_notification:Sending desktop notification using 'notify2'
[18.125s] DEBUG:colcon.colcon_notification.desktop_notification.notify2:Failed to initialize notify2: org.freedesktop.DBus.Error.Spawn.ExecFailed: /usr/bin/dbus-launch terminated abnormally without any error message
[18.125s] DEBUG:colcon.colcon_core.event_reactor:joined thread
[18.126s] INFO:colcon.colcon_core.shell:Creating prefix script '/home/yadhu/ur3e/src/install/local_setup.ps1'
[18.126s] INFO:colcon.colcon_core.shell:Creating prefix util module '/home/yadhu/ur3e/src/install/_local_setup_util_ps1.py'
[18.127s] INFO:colcon.colcon_core.shell:Creating prefix chain script '/home/yadhu/ur3e/src/install/setup.ps1'
[18.128s] INFO:colcon.colcon_core.shell:Creating prefix script '/home/yadhu/ur3e/src/install/local_setup.sh'
[18.128s] INFO:colcon.colcon_core.shell:Creating prefix util module '/home/yadhu/ur3e/src/install/_local_setup_util_sh.py'
[18.129s] INFO:colcon.colcon_core.shell:Creating prefix chain script '/home/yadhu/ur3e/src/install/setup.sh'
[18.129s] INFO:colcon.colcon_core.shell:Creating prefix script '/home/yadhu/ur3e/src/install/local_setup.bash'
[18.130s] INFO:colcon.colcon_core.shell:Creating prefix chain script '/home/yadhu/ur3e/src/install/setup.bash'
[18.130s] INFO:colcon.colcon_core.shell:Creating prefix script '/home/yadhu/ur3e/src/install/local_setup.zsh'
[18.131s] INFO:colcon.colcon_core.shell:Creating prefix chain script '/home/yadhu/ur3e/src/install/setup.zsh'
