[0.000000] (-) TimerEvent: {}
[0.000519] (moveit_msgs) JobQueued: {'identifier': 'moveit_msgs', 'dependencies': OrderedDict()}
[0.000564] (robotiq_description) JobQueued: {'identifier': 'robotiq_description', 'dependencies': OrderedDict()}
[0.000625] (ros_tcp_endpoint) JobQueued: {'identifier': 'ros_tcp_endpoint', 'dependencies': OrderedDict()}
[0.000645] (unity_robotics_demo) JobQueued: {'identifier': 'unity_robotics_demo', 'dependencies': OrderedDict()}
[0.000674] (unity_robotics_demo_msgs) JobQueued: {'identifier': 'unity_robotics_demo_msgs', 'dependencies': OrderedDict()}
[0.000692] (unity_ros_msgs) JobQueued: {'identifier': 'unity_ros_msgs', 'dependencies': OrderedDict([('moveit_msgs', '/home/yadhu/ur3e/src/install/moveit_msgs')])}
[0.000846] (ur_description) JobQueued: {'identifier': 'ur_description', 'dependencies': OrderedDict([('robotiq_description', '/home/yadhu/ur3e/src/install/robotiq_description')])}
[0.000866] (ur_robotiq) JobQueued: {'identifier': 'ur_robotiq', 'dependencies': OrderedDict([('moveit_msgs', '/home/yadhu/ur3e/src/install/moveit_msgs')])}
[0.000891] (cppfile) JobQueued: {'identifier': 'cppfile', 'dependencies': OrderedDict([('moveit_msgs', '/home/yadhu/ur3e/src/install/moveit_msgs'), ('robotiq_description', '/home/yadhu/ur3e/src/install/robotiq_description'), ('unity_robotics_demo_msgs', '/home/yadhu/ur3e/src/install/unity_robotics_demo_msgs'), ('unity_ros_msgs', '/home/yadhu/ur3e/src/install/unity_ros_msgs'), ('ur_description', '/home/yadhu/ur3e/src/install/ur_description'), ('ur_robotiq', '/home/yadhu/ur3e/src/install/ur_robotiq')])}
[0.000915] (pyfile) JobQueued: {'identifier': 'pyfile', 'dependencies': OrderedDict([('robotiq_description', '/home/yadhu/ur3e/src/install/robotiq_description'), ('ur_description', '/home/yadhu/ur3e/src/install/ur_description')])}
[0.000934] (ur3e_gripper_moveit) JobQueued: {'identifier': 'ur3e_gripper_moveit', 'dependencies': OrderedDict([('robotiq_description', '/home/yadhu/ur3e/src/install/robotiq_description'), ('ur_description', '/home/yadhu/ur3e/src/install/ur_description')])}
[0.001033] (ur_moveit_config) JobQueued: {'identifier': 'ur_moveit_config', 'dependencies': OrderedDict([('robotiq_description', '/home/yadhu/ur3e/src/install/robotiq_description'), ('ur_description', '/home/yadhu/ur3e/src/install/ur_description')])}
[0.001054] (robotiq_description) JobStarted: {'identifier': 'robotiq_description'}
[0.005084] (moveit_msgs) JobStarted: {'identifier': 'moveit_msgs'}
[0.007409] (unity_robotics_demo_msgs) JobStarted: {'identifier': 'unity_robotics_demo_msgs'}
[0.009554] (ros_tcp_endpoint) JobStarted: {'identifier': 'ros_tcp_endpoint'}
[0.012492] (unity_robotics_demo) JobStarted: {'identifier': 'unity_robotics_demo'}
[0.025829] (robotiq_description) JobProgress: {'identifier': 'robotiq_description', 'progress': 'cmake'}
[0.026145] (robotiq_description) JobProgress: {'identifier': 'robotiq_description', 'progress': 'build'}
[0.026491] (robotiq_description) Command: {'cmd': ['/usr/bin/cmake', '--build', '/home/yadhu/ur3e/src/build/robotiq_description', '--', '-j16', '-l16'], 'cwd': '/home/yadhu/ur3e/src/build/robotiq_description', 'env': OrderedDict([('HOSTNAME', 'yadhuk'), ('GIT_ASKPASS', '/vscode/vscode-server/bin/linux-x64/e54c774e0add60467559eb0d1e229c6452cf8447/extensions/git/dist/askpass.sh'), ('SHLVL', '2'), ('LD_LIBRARY_PATH', '/usr/lib/x86_64-linux-gnu/gazebo-11/plugins:/opt/ros/humble/opt/rviz_ogre_vendor/lib:/opt/ros/humble/lib/x86_64-linux-gnu:/opt/ros/humble/lib'), ('BROWSER', '/vscode/vscode-server/bin/linux-x64/e54c774e0add60467559eb0d1e229c6452cf8447/bin/helpers/browser.sh'), ('HOME', '/home/yadhu'), ('OLDPWD', '/home/yadhu/ur3e'), ('TERM_PROGRAM_VERSION', '1.97.2'), ('VSCODE_IPC_HOOK_CLI', '/tmp/vscode-ipc-191d809e-ad6a-48a3-8c83-2991c7349be6.sock'), ('DEBUGPY_ADAPTER_ENDPOINTS', '/home/yadhu/.vscode-server/extensions/ms-python.debugpy-2025.0.1-linux-x64/.noConfigDebugAdapterEndpoints/endpoint-00e5a96652343ffc.txt'), ('ROS_PYTHON_VERSION', '3'), ('VSCODE_GIT_ASKPASS_MAIN', '/vscode/vscode-server/bin/linux-x64/e54c774e0add60467559eb0d1e229c6452cf8447/extensions/git/dist/askpass-main.js'), ('VSCODE_GIT_ASKPASS_NODE', '/vscode/vscode-server/bin/linux-x64/e54c774e0add60467559eb0d1e229c6452cf8447/node'), ('PYDEVD_DISABLE_FILE_VALIDATION', '1'), ('BUNDLED_DEBUGPY_PATH', '/home/yadhu/.vscode-server/extensions/ms-python.debugpy-2025.0.1-linux-x64/bundled/libs/debugpy'), ('COLORTERM', 'truecolor'), ('REMOTE_CONTAINERS', 'true'), ('ROS_DISTRO', 'humble'), ('REMOTE_CONTAINERS_IPC', '/tmp/vscode-remote-containers-ipc-3b15b7cf-88ad-4a56-828c-69c61a495d31.sock'), ('_', '/usr/bin/colcon'), ('ROS_VERSION', '2'), ('TERM', 'xterm-256color'), ('ROS_LOCALHOST_ONLY', '0'), ('PATH', '/vscode/vscode-server/bin/linux-x64/e54c774e0add60467559eb0d1e229c6452cf8447/bin/remote-cli:/opt/ros/humble/bin:/usr/local/sbin:/usr/local/bin:/usr/sbin:/usr/bin:/sbin:/bin:/home/yadhu/.vscode-server/extensions/ms-python.debugpy-2025.0.1-linux-x64/bundled/scripts/noConfigScripts'), ('REMOTE_CONTAINERS_SOCKETS', '["/tmp/vscode-ssh-auth-3b15b7cf-88ad-4a56-828c-69c61a495d31.sock","/home/yadhu/.gnupg/S.gpg-agent"]'), ('DISPLAY', ':1'), ('LANG', 'C.UTF-8'), ('RMW_IMPLEMENTATION', 'rmw_cyclonedds_cpp'), ('LS_COLORS', 'rs=0:di=01;34:ln=01;36:mh=00:pi=40;33:so=01;35:do=01;35:bd=40;33;01:cd=40;33;01:or=40;31;01:mi=00:su=37;41:sg=30;43:ca=30;41:tw=30;42:ow=34;42:st=37;44:ex=01;32:*.tar=01;31:*.tgz=01;31:*.arc=01;31:*.arj=01;31:*.taz=01;31:*.lha=01;31:*.lz4=01;31:*.lzh=01;31:*.lzma=01;31:*.tlz=01;31:*.txz=01;31:*.tzo=01;31:*.t7z=01;31:*.zip=01;31:*.z=01;31:*.dz=01;31:*.gz=01;31:*.lrz=01;31:*.lz=01;31:*.lzo=01;31:*.xz=01;31:*.zst=01;31:*.tzst=01;31:*.bz2=01;31:*.bz=01;31:*.tbz=01;31:*.tbz2=01;31:*.tz=01;31:*.deb=01;31:*.rpm=01;31:*.jar=01;31:*.war=01;31:*.ear=01;31:*.sar=01;31:*.rar=01;31:*.alz=01;31:*.ace=01;31:*.zoo=01;31:*.cpio=01;31:*.7z=01;31:*.rz=01;31:*.cab=01;31:*.wim=01;31:*.swm=01;31:*.dwm=01;31:*.esd=01;31:*.jpg=01;35:*.jpeg=01;35:*.mjpg=01;35:*.mjpeg=01;35:*.gif=01;35:*.bmp=01;35:*.pbm=01;35:*.pgm=01;35:*.ppm=01;35:*.tga=01;35:*.xbm=01;35:*.xpm=01;35:*.tif=01;35:*.tiff=01;35:*.png=01;35:*.svg=01;35:*.svgz=01;35:*.mng=01;35:*.pcx=01;35:*.mov=01;35:*.mpg=01;35:*.mpeg=01;35:*.m2v=01;35:*.mkv=01;35:*.webm=01;35:*.webp=01;35:*.ogm=01;35:*.mp4=01;35:*.m4v=01;35:*.mp4v=01;35:*.vob=01;35:*.qt=01;35:*.nuv=01;35:*.wmv=01;35:*.asf=01;35:*.rm=01;35:*.rmvb=01;35:*.flc=01;35:*.avi=01;35:*.fli=01;35:*.flv=01;35:*.gl=01;35:*.dl=01;35:*.xcf=01;35:*.xwd=01;35:*.yuv=01;35:*.cgm=01;35:*.emf=01;35:*.ogv=01;35:*.ogx=01;35:*.aac=00;36:*.au=00;36:*.flac=00;36:*.m4a=00;36:*.mid=00;36:*.midi=00;36:*.mka=00;36:*.mp3=00;36:*.mpc=00;36:*.ogg=00;36:*.ra=00;36:*.wav=00;36:*.oga=00;36:*.opus=00;36:*.spx=00;36:*.xspf=00;36:'), ('VSCODE_GIT_IPC_HANDLE', '/tmp/vscode-git-09c052f1c4.sock'), ('TERM_PROGRAM', 'vscode'), ('SSH_AUTH_SOCK', '/tmp/vscode-ssh-auth-3b15b7cf-88ad-4a56-828c-69c61a495d31.sock'), ('ROS_DOMAIN_ID', '42'), ('AMENT_PREFIX_PATH', '/opt/ros/humble'), ('SHELL', '/bin/bash'), ('ROS_AUTOMATIC_DISCOVERY_RANGE', 'LOCALHOST'), ('VSCODE_GIT_ASKPASS_EXTRA_ARGS', ''), ('PWD', '/home/yadhu/ur3e/src/build/robotiq_description'), ('LC_ALL', 'C.UTF-8'), ('PYTHONPATH', '/opt/ros/humble/lib/python3.10/site-packages:/opt/ros/humble/local/lib/python3.10/dist-packages'), ('COLCON', '1'), ('CMAKE_PREFIX_PATH', '/opt/ros/humble')]), 'shell': False}
[0.028067] (moveit_msgs) JobProgress: {'identifier': 'moveit_msgs', 'progress': 'cmake'}
[0.028474] (moveit_msgs) JobProgress: {'identifier': 'moveit_msgs', 'progress': 'build'}
[0.029758] (moveit_msgs) Command: {'cmd': ['/usr/bin/cmake', '--build', '/home/yadhu/ur3e/src/build/moveit_msgs', '--', '-j16', '-l16'], 'cwd': '/home/yadhu/ur3e/src/build/moveit_msgs', 'env': OrderedDict([('HOSTNAME', 'yadhuk'), ('GIT_ASKPASS', '/vscode/vscode-server/bin/linux-x64/e54c774e0add60467559eb0d1e229c6452cf8447/extensions/git/dist/askpass.sh'), ('SHLVL', '2'), ('LD_LIBRARY_PATH', '/usr/lib/x86_64-linux-gnu/gazebo-11/plugins:/opt/ros/humble/opt/rviz_ogre_vendor/lib:/opt/ros/humble/lib/x86_64-linux-gnu:/opt/ros/humble/lib'), ('BROWSER', '/vscode/vscode-server/bin/linux-x64/e54c774e0add60467559eb0d1e229c6452cf8447/bin/helpers/browser.sh'), ('HOME', '/home/yadhu'), ('OLDPWD', '/home/yadhu/ur3e'), ('TERM_PROGRAM_VERSION', '1.97.2'), ('VSCODE_IPC_HOOK_CLI', '/tmp/vscode-ipc-191d809e-ad6a-48a3-8c83-2991c7349be6.sock'), ('DEBUGPY_ADAPTER_ENDPOINTS', '/home/yadhu/.vscode-server/extensions/ms-python.debugpy-2025.0.1-linux-x64/.noConfigDebugAdapterEndpoints/endpoint-00e5a96652343ffc.txt'), ('ROS_PYTHON_VERSION', '3'), ('VSCODE_GIT_ASKPASS_MAIN', '/vscode/vscode-server/bin/linux-x64/e54c774e0add60467559eb0d1e229c6452cf8447/extensions/git/dist/askpass-main.js'), ('VSCODE_GIT_ASKPASS_NODE', '/vscode/vscode-server/bin/linux-x64/e54c774e0add60467559eb0d1e229c6452cf8447/node'), ('PYDEVD_DISABLE_FILE_VALIDATION', '1'), ('BUNDLED_DEBUGPY_PATH', '/home/yadhu/.vscode-server/extensions/ms-python.debugpy-2025.0.1-linux-x64/bundled/libs/debugpy'), ('COLORTERM', 'truecolor'), ('REMOTE_CONTAINERS', 'true'), ('ROS_DISTRO', 'humble'), ('REMOTE_CONTAINERS_IPC', '/tmp/vscode-remote-containers-ipc-3b15b7cf-88ad-4a56-828c-69c61a495d31.sock'), ('_', '/usr/bin/colcon'), ('ROS_VERSION', '2'), ('TERM', 'xterm-256color'), ('ROS_LOCALHOST_ONLY', '0'), ('PATH', '/vscode/vscode-server/bin/linux-x64/e54c774e0add60467559eb0d1e229c6452cf8447/bin/remote-cli:/opt/ros/humble/bin:/usr/local/sbin:/usr/local/bin:/usr/sbin:/usr/bin:/sbin:/bin:/home/yadhu/.vscode-server/extensions/ms-python.debugpy-2025.0.1-linux-x64/bundled/scripts/noConfigScripts'), ('REMOTE_CONTAINERS_SOCKETS', '["/tmp/vscode-ssh-auth-3b15b7cf-88ad-4a56-828c-69c61a495d31.sock","/home/yadhu/.gnupg/S.gpg-agent"]'), ('DISPLAY', ':1'), ('LANG', 'C.UTF-8'), ('RMW_IMPLEMENTATION', 'rmw_cyclonedds_cpp'), ('LS_COLORS', 'rs=0:di=01;34:ln=01;36:mh=00:pi=40;33:so=01;35:do=01;35:bd=40;33;01:cd=40;33;01:or=40;31;01:mi=00:su=37;41:sg=30;43:ca=30;41:tw=30;42:ow=34;42:st=37;44:ex=01;32:*.tar=01;31:*.tgz=01;31:*.arc=01;31:*.arj=01;31:*.taz=01;31:*.lha=01;31:*.lz4=01;31:*.lzh=01;31:*.lzma=01;31:*.tlz=01;31:*.txz=01;31:*.tzo=01;31:*.t7z=01;31:*.zip=01;31:*.z=01;31:*.dz=01;31:*.gz=01;31:*.lrz=01;31:*.lz=01;31:*.lzo=01;31:*.xz=01;31:*.zst=01;31:*.tzst=01;31:*.bz2=01;31:*.bz=01;31:*.tbz=01;31:*.tbz2=01;31:*.tz=01;31:*.deb=01;31:*.rpm=01;31:*.jar=01;31:*.war=01;31:*.ear=01;31:*.sar=01;31:*.rar=01;31:*.alz=01;31:*.ace=01;31:*.zoo=01;31:*.cpio=01;31:*.7z=01;31:*.rz=01;31:*.cab=01;31:*.wim=01;31:*.swm=01;31:*.dwm=01;31:*.esd=01;31:*.jpg=01;35:*.jpeg=01;35:*.mjpg=01;35:*.mjpeg=01;35:*.gif=01;35:*.bmp=01;35:*.pbm=01;35:*.pgm=01;35:*.ppm=01;35:*.tga=01;35:*.xbm=01;35:*.xpm=01;35:*.tif=01;35:*.tiff=01;35:*.png=01;35:*.svg=01;35:*.svgz=01;35:*.mng=01;35:*.pcx=01;35:*.mov=01;35:*.mpg=01;35:*.mpeg=01;35:*.m2v=01;35:*.mkv=01;35:*.webm=01;35:*.webp=01;35:*.ogm=01;35:*.mp4=01;35:*.m4v=01;35:*.mp4v=01;35:*.vob=01;35:*.qt=01;35:*.nuv=01;35:*.wmv=01;35:*.asf=01;35:*.rm=01;35:*.rmvb=01;35:*.flc=01;35:*.avi=01;35:*.fli=01;35:*.flv=01;35:*.gl=01;35:*.dl=01;35:*.xcf=01;35:*.xwd=01;35:*.yuv=01;35:*.cgm=01;35:*.emf=01;35:*.ogv=01;35:*.ogx=01;35:*.aac=00;36:*.au=00;36:*.flac=00;36:*.m4a=00;36:*.mid=00;36:*.midi=00;36:*.mka=00;36:*.mp3=00;36:*.mpc=00;36:*.ogg=00;36:*.ra=00;36:*.wav=00;36:*.oga=00;36:*.opus=00;36:*.spx=00;36:*.xspf=00;36:'), ('VSCODE_GIT_IPC_HANDLE', '/tmp/vscode-git-09c052f1c4.sock'), ('TERM_PROGRAM', 'vscode'), ('SSH_AUTH_SOCK', '/tmp/vscode-ssh-auth-3b15b7cf-88ad-4a56-828c-69c61a495d31.sock'), ('ROS_DOMAIN_ID', '42'), ('AMENT_PREFIX_PATH', '/opt/ros/humble'), ('SHELL', '/bin/bash'), ('ROS_AUTOMATIC_DISCOVERY_RANGE', 'LOCALHOST'), ('VSCODE_GIT_ASKPASS_EXTRA_ARGS', ''), ('PWD', '/home/yadhu/ur3e/src/build/moveit_msgs'), ('LC_ALL', 'C.UTF-8'), ('PYTHONPATH', '/opt/ros/humble/lib/python3.10/site-packages:/opt/ros/humble/local/lib/python3.10/dist-packages'), ('COLCON', '1'), ('CMAKE_PREFIX_PATH', '/opt/ros/humble')]), 'shell': False}
[0.031713] (unity_robotics_demo_msgs) JobProgress: {'identifier': 'unity_robotics_demo_msgs', 'progress': 'cmake'}
[0.031738] (unity_robotics_demo_msgs) JobProgress: {'identifier': 'unity_robotics_demo_msgs', 'progress': 'build'}
[0.031755] (unity_robotics_demo_msgs) Command: {'cmd': ['/usr/bin/cmake', '--build', '/home/yadhu/ur3e/src/build/unity_robotics_demo_msgs', '--', '-j16', '-l16'], 'cwd': '/home/yadhu/ur3e/src/build/unity_robotics_demo_msgs', 'env': OrderedDict([('HOSTNAME', 'yadhuk'), ('GIT_ASKPASS', '/vscode/vscode-server/bin/linux-x64/e54c774e0add60467559eb0d1e229c6452cf8447/extensions/git/dist/askpass.sh'), ('SHLVL', '2'), ('LD_LIBRARY_PATH', '/usr/lib/x86_64-linux-gnu/gazebo-11/plugins:/opt/ros/humble/opt/rviz_ogre_vendor/lib:/opt/ros/humble/lib/x86_64-linux-gnu:/opt/ros/humble/lib'), ('BROWSER', '/vscode/vscode-server/bin/linux-x64/e54c774e0add60467559eb0d1e229c6452cf8447/bin/helpers/browser.sh'), ('HOME', '/home/yadhu'), ('OLDPWD', '/home/yadhu/ur3e'), ('TERM_PROGRAM_VERSION', '1.97.2'), ('VSCODE_IPC_HOOK_CLI', '/tmp/vscode-ipc-191d809e-ad6a-48a3-8c83-2991c7349be6.sock'), ('DEBUGPY_ADAPTER_ENDPOINTS', '/home/yadhu/.vscode-server/extensions/ms-python.debugpy-2025.0.1-linux-x64/.noConfigDebugAdapterEndpoints/endpoint-00e5a96652343ffc.txt'), ('ROS_PYTHON_VERSION', '3'), ('VSCODE_GIT_ASKPASS_MAIN', '/vscode/vscode-server/bin/linux-x64/e54c774e0add60467559eb0d1e229c6452cf8447/extensions/git/dist/askpass-main.js'), ('VSCODE_GIT_ASKPASS_NODE', '/vscode/vscode-server/bin/linux-x64/e54c774e0add60467559eb0d1e229c6452cf8447/node'), ('PYDEVD_DISABLE_FILE_VALIDATION', '1'), ('BUNDLED_DEBUGPY_PATH', '/home/yadhu/.vscode-server/extensions/ms-python.debugpy-2025.0.1-linux-x64/bundled/libs/debugpy'), ('COLORTERM', 'truecolor'), ('REMOTE_CONTAINERS', 'true'), ('ROS_DISTRO', 'humble'), ('REMOTE_CONTAINERS_IPC', '/tmp/vscode-remote-containers-ipc-3b15b7cf-88ad-4a56-828c-69c61a495d31.sock'), ('_', '/usr/bin/colcon'), ('ROS_VERSION', '2'), ('TERM', 'xterm-256color'), ('ROS_LOCALHOST_ONLY', '0'), ('PATH', '/vscode/vscode-server/bin/linux-x64/e54c774e0add60467559eb0d1e229c6452cf8447/bin/remote-cli:/opt/ros/humble/bin:/usr/local/sbin:/usr/local/bin:/usr/sbin:/usr/bin:/sbin:/bin:/home/yadhu/.vscode-server/extensions/ms-python.debugpy-2025.0.1-linux-x64/bundled/scripts/noConfigScripts'), ('REMOTE_CONTAINERS_SOCKETS', '["/tmp/vscode-ssh-auth-3b15b7cf-88ad-4a56-828c-69c61a495d31.sock","/home/yadhu/.gnupg/S.gpg-agent"]'), ('DISPLAY', ':1'), ('LANG', 'C.UTF-8'), ('RMW_IMPLEMENTATION', 'rmw_cyclonedds_cpp'), ('LS_COLORS', 'rs=0:di=01;34:ln=01;36:mh=00:pi=40;33:so=01;35:do=01;35:bd=40;33;01:cd=40;33;01:or=40;31;01:mi=00:su=37;41:sg=30;43:ca=30;41:tw=30;42:ow=34;42:st=37;44:ex=01;32:*.tar=01;31:*.tgz=01;31:*.arc=01;31:*.arj=01;31:*.taz=01;31:*.lha=01;31:*.lz4=01;31:*.lzh=01;31:*.lzma=01;31:*.tlz=01;31:*.txz=01;31:*.tzo=01;31:*.t7z=01;31:*.zip=01;31:*.z=01;31:*.dz=01;31:*.gz=01;31:*.lrz=01;31:*.lz=01;31:*.lzo=01;31:*.xz=01;31:*.zst=01;31:*.tzst=01;31:*.bz2=01;31:*.bz=01;31:*.tbz=01;31:*.tbz2=01;31:*.tz=01;31:*.deb=01;31:*.rpm=01;31:*.jar=01;31:*.war=01;31:*.ear=01;31:*.sar=01;31:*.rar=01;31:*.alz=01;31:*.ace=01;31:*.zoo=01;31:*.cpio=01;31:*.7z=01;31:*.rz=01;31:*.cab=01;31:*.wim=01;31:*.swm=01;31:*.dwm=01;31:*.esd=01;31:*.jpg=01;35:*.jpeg=01;35:*.mjpg=01;35:*.mjpeg=01;35:*.gif=01;35:*.bmp=01;35:*.pbm=01;35:*.pgm=01;35:*.ppm=01;35:*.tga=01;35:*.xbm=01;35:*.xpm=01;35:*.tif=01;35:*.tiff=01;35:*.png=01;35:*.svg=01;35:*.svgz=01;35:*.mng=01;35:*.pcx=01;35:*.mov=01;35:*.mpg=01;35:*.mpeg=01;35:*.m2v=01;35:*.mkv=01;35:*.webm=01;35:*.webp=01;35:*.ogm=01;35:*.mp4=01;35:*.m4v=01;35:*.mp4v=01;35:*.vob=01;35:*.qt=01;35:*.nuv=01;35:*.wmv=01;35:*.asf=01;35:*.rm=01;35:*.rmvb=01;35:*.flc=01;35:*.avi=01;35:*.fli=01;35:*.flv=01;35:*.gl=01;35:*.dl=01;35:*.xcf=01;35:*.xwd=01;35:*.yuv=01;35:*.cgm=01;35:*.emf=01;35:*.ogv=01;35:*.ogx=01;35:*.aac=00;36:*.au=00;36:*.flac=00;36:*.m4a=00;36:*.mid=00;36:*.midi=00;36:*.mka=00;36:*.mp3=00;36:*.mpc=00;36:*.ogg=00;36:*.ra=00;36:*.wav=00;36:*.oga=00;36:*.opus=00;36:*.spx=00;36:*.xspf=00;36:'), ('VSCODE_GIT_IPC_HANDLE', '/tmp/vscode-git-09c052f1c4.sock'), ('TERM_PROGRAM', 'vscode'), ('SSH_AUTH_SOCK', '/tmp/vscode-ssh-auth-3b15b7cf-88ad-4a56-828c-69c61a495d31.sock'), ('ROS_DOMAIN_ID', '42'), ('AMENT_PREFIX_PATH', '/opt/ros/humble'), ('SHELL', '/bin/bash'), ('ROS_AUTOMATIC_DISCOVERY_RANGE', 'LOCALHOST'), ('VSCODE_GIT_ASKPASS_EXTRA_ARGS', ''), ('PWD', '/home/yadhu/ur3e/src/build/unity_robotics_demo_msgs'), ('LC_ALL', 'C.UTF-8'), ('PYTHONPATH', '/opt/ros/humble/lib/python3.10/site-packages:/opt/ros/humble/local/lib/python3.10/dist-packages'), ('COLCON', '1'), ('CMAKE_PREFIX_PATH', '/opt/ros/humble')]), 'shell': False}
[0.099900] (-) TimerEvent: {}
[0.192106] (moveit_msgs) StdoutLine: {'line': b'[  0%] Built target moveit_msgs__cpp\n'}
[0.192244] (moveit_msgs) StdoutLine: {'line': b'[  0%] Built target ament_cmake_python_copy_moveit_msgs\n'}
[0.192301] (moveit_msgs) StdoutLine: {'line': b'[ 12%] Built target moveit_msgs__rosidl_generator_c\n'}
[0.192347] (moveit_msgs) StdoutLine: {'line': b'[ 24%] Built target moveit_msgs__rosidl_typesupport_cpp\n'}
[0.192495] (moveit_msgs) StdoutLine: {'line': b'[ 37%] Built target moveit_msgs__rosidl_typesupport_c\n'}
[0.192555] (moveit_msgs) StdoutLine: {'line': b'[ 50%] Built target moveit_msgs__rosidl_typesupport_introspection_c\n'}
[0.192598] (moveit_msgs) StdoutLine: {'line': b'[ 62%] Built target moveit_msgs__rosidl_typesupport_fastrtps_cpp\n'}
[0.192638] (moveit_msgs) StdoutLine: {'line': b'[ 75%] Built target moveit_msgs__rosidl_typesupport_fastrtps_c\n'}
[0.192677] (moveit_msgs) StdoutLine: {'line': b'[ 88%] Built target moveit_msgs__rosidl_typesupport_introspection_cpp\n'}
[0.193623] (unity_robotics_demo_msgs) StdoutLine: {'line': b'[ 10%] Built target unity_robotics_demo_msgs__rosidl_generator_c\n'}
[0.194183] (unity_robotics_demo_msgs) StdoutLine: {'line': b'[ 12%] Built target unity_robotics_demo_msgs__cpp\n'}
[0.194242] (unity_robotics_demo_msgs) StdoutLine: {'line': b'[ 12%] Built target ament_cmake_python_copy_unity_robotics_demo_msgs\n'}
[0.194274] (unity_robotics_demo_msgs) StdoutLine: {'line': b'[ 34%] Built target unity_robotics_demo_msgs__rosidl_typesupport_c\n'}
[0.194310] (unity_robotics_demo_msgs) StdoutLine: {'line': b'[ 34%] Built target unity_robotics_demo_msgs__rosidl_typesupport_introspection_c\n'}
[0.194344] (unity_robotics_demo_msgs) StdoutLine: {'line': b'[ 45%] Built target unity_robotics_demo_msgs__rosidl_typesupport_introspection_cpp\n'}
[0.194371] (unity_robotics_demo_msgs) StdoutLine: {'line': b'[ 56%] Built target unity_robotics_demo_msgs__rosidl_typesupport_fastrtps_cpp\n'}
[0.194398] (unity_robotics_demo_msgs) StdoutLine: {'line': b'[ 67%] Built target unity_robotics_demo_msgs__rosidl_typesupport_cpp\n'}
[0.194425] (unity_robotics_demo_msgs) StdoutLine: {'line': b'[ 78%] Built target unity_robotics_demo_msgs__rosidl_typesupport_fastrtps_c\n'}
[0.194462] (unity_robotics_demo_msgs) StdoutLine: {'line': b'[ 78%] Built target unity_robotics_demo_msgs\n'}
[0.194503] (unity_robotics_demo_msgs) StdoutLine: {'line': b'[ 80%] Built target unity_robotics_demo_msgs__py\n'}
[0.194545] (unity_robotics_demo_msgs) StdoutLine: {'line': b'[ 89%] Built target unity_robotics_demo_msgs__rosidl_generator_py\n'}
[0.194588] (unity_robotics_demo_msgs) StdoutLine: {'line': b'[ 92%] Built target unity_robotics_demo_msgs__rosidl_typesupport_fastrtps_c__pyext\n'}
[0.194627] (unity_robotics_demo_msgs) StdoutLine: {'line': b'[ 96%] Built target unity_robotics_demo_msgs__rosidl_typesupport_c__pyext\n'}
[0.194671] (unity_robotics_demo_msgs) StdoutLine: {'line': b'[100%] Built target unity_robotics_demo_msgs__rosidl_typesupport_introspection_c__pyext\n'}
[0.199995] (-) TimerEvent: {}
[0.202402] (moveit_msgs) StdoutLine: {'line': b'[ 88%] Built target moveit_msgs\n'}
[0.222772] (moveit_msgs) StdoutLine: {'line': b'[ 88%] Built target moveit_msgs__py\n'}
[0.222974] (unity_robotics_demo_msgs) StdoutLine: {'line': b'running egg_info\n'}
[0.223438] (unity_robotics_demo_msgs) StdoutLine: {'line': b'writing unity_robotics_demo_msgs.egg-info/PKG-INFO\n'}
[0.223603] (unity_robotics_demo_msgs) StdoutLine: {'line': b'writing dependency_links to unity_robotics_demo_msgs.egg-info/dependency_links.txt\n'}
[0.223784] (unity_robotics_demo_msgs) StdoutLine: {'line': b'writing top-level names to unity_robotics_demo_msgs.egg-info/top_level.txt\n'}
[0.225422] (unity_robotics_demo_msgs) StdoutLine: {'line': b"reading manifest file 'unity_robotics_demo_msgs.egg-info/SOURCES.txt'\n"}
[0.225791] (unity_robotics_demo_msgs) StdoutLine: {'line': b"writing manifest file 'unity_robotics_demo_msgs.egg-info/SOURCES.txt'\n"}
[0.245813] (unity_robotics_demo_msgs) StdoutLine: {'line': b'[100%] Built target ament_cmake_python_build_unity_robotics_demo_msgs_egg\n'}
[0.261064] (moveit_msgs) StdoutLine: {'line': b'[100%] Built target moveit_msgs__rosidl_generator_py\n'}
[0.276535] (moveit_msgs) StdoutLine: {'line': b'[100%] Built target moveit_msgs__rosidl_typesupport_fastrtps_c__pyext\n'}
[0.278451] (moveit_msgs) StdoutLine: {'line': b'[100%] Built target moveit_msgs__rosidl_typesupport_c__pyext\n'}
[0.279098] (moveit_msgs) StdoutLine: {'line': b'[100%] Built target moveit_msgs__rosidl_typesupport_introspection_c__pyext\n'}
[0.295713] (moveit_msgs) StdoutLine: {'line': b'running egg_info\n'}
[0.296183] (moveit_msgs) StdoutLine: {'line': b'writing moveit_msgs.egg-info/PKG-INFO\n'}
[0.296263] (moveit_msgs) StdoutLine: {'line': b'writing dependency_links to moveit_msgs.egg-info/dependency_links.txt\n'}
[0.296416] (moveit_msgs) StdoutLine: {'line': b'writing top-level names to moveit_msgs.egg-info/top_level.txt\n'}
[0.298082] (moveit_msgs) StdoutLine: {'line': b"reading manifest file 'moveit_msgs.egg-info/SOURCES.txt'\n"}
[0.298988] (moveit_msgs) StdoutLine: {'line': b"writing manifest file 'moveit_msgs.egg-info/SOURCES.txt'\n"}
[0.300152] (-) TimerEvent: {}
[0.316557] (moveit_msgs) StdoutLine: {'line': b'[100%] Built target ament_cmake_python_build_moveit_msgs_egg\n'}
[0.345771] (robotiq_description) CommandEnded: {'returncode': 0}
[0.350383] (unity_robotics_demo_msgs) CommandEnded: {'returncode': 0}
[0.351304] (moveit_msgs) CommandEnded: {'returncode': 0}
[0.360611] (robotiq_description) JobProgress: {'identifier': 'robotiq_description', 'progress': 'install'}
[0.366854] (robotiq_description) Command: {'cmd': ['/usr/bin/cmake', '--install', '/home/yadhu/ur3e/src/build/robotiq_description'], 'cwd': '/home/yadhu/ur3e/src/build/robotiq_description', 'env': OrderedDict([('HOSTNAME', 'yadhuk'), ('GIT_ASKPASS', '/vscode/vscode-server/bin/linux-x64/e54c774e0add60467559eb0d1e229c6452cf8447/extensions/git/dist/askpass.sh'), ('SHLVL', '2'), ('LD_LIBRARY_PATH', '/usr/lib/x86_64-linux-gnu/gazebo-11/plugins:/opt/ros/humble/opt/rviz_ogre_vendor/lib:/opt/ros/humble/lib/x86_64-linux-gnu:/opt/ros/humble/lib'), ('BROWSER', '/vscode/vscode-server/bin/linux-x64/e54c774e0add60467559eb0d1e229c6452cf8447/bin/helpers/browser.sh'), ('HOME', '/home/yadhu'), ('OLDPWD', '/home/yadhu/ur3e'), ('TERM_PROGRAM_VERSION', '1.97.2'), ('VSCODE_IPC_HOOK_CLI', '/tmp/vscode-ipc-191d809e-ad6a-48a3-8c83-2991c7349be6.sock'), ('DEBUGPY_ADAPTER_ENDPOINTS', '/home/yadhu/.vscode-server/extensions/ms-python.debugpy-2025.0.1-linux-x64/.noConfigDebugAdapterEndpoints/endpoint-00e5a96652343ffc.txt'), ('ROS_PYTHON_VERSION', '3'), ('VSCODE_GIT_ASKPASS_MAIN', '/vscode/vscode-server/bin/linux-x64/e54c774e0add60467559eb0d1e229c6452cf8447/extensions/git/dist/askpass-main.js'), ('VSCODE_GIT_ASKPASS_NODE', '/vscode/vscode-server/bin/linux-x64/e54c774e0add60467559eb0d1e229c6452cf8447/node'), ('PYDEVD_DISABLE_FILE_VALIDATION', '1'), ('BUNDLED_DEBUGPY_PATH', '/home/yadhu/.vscode-server/extensions/ms-python.debugpy-2025.0.1-linux-x64/bundled/libs/debugpy'), ('COLORTERM', 'truecolor'), ('REMOTE_CONTAINERS', 'true'), ('ROS_DISTRO', 'humble'), ('REMOTE_CONTAINERS_IPC', '/tmp/vscode-remote-containers-ipc-3b15b7cf-88ad-4a56-828c-69c61a495d31.sock'), ('_', '/usr/bin/colcon'), ('ROS_VERSION', '2'), ('TERM', 'xterm-256color'), ('ROS_LOCALHOST_ONLY', '0'), ('PATH', '/vscode/vscode-server/bin/linux-x64/e54c774e0add60467559eb0d1e229c6452cf8447/bin/remote-cli:/opt/ros/humble/bin:/usr/local/sbin:/usr/local/bin:/usr/sbin:/usr/bin:/sbin:/bin:/home/yadhu/.vscode-server/extensions/ms-python.debugpy-2025.0.1-linux-x64/bundled/scripts/noConfigScripts'), ('REMOTE_CONTAINERS_SOCKETS', '["/tmp/vscode-ssh-auth-3b15b7cf-88ad-4a56-828c-69c61a495d31.sock","/home/yadhu/.gnupg/S.gpg-agent"]'), ('DISPLAY', ':1'), ('LANG', 'C.UTF-8'), ('RMW_IMPLEMENTATION', 'rmw_cyclonedds_cpp'), ('LS_COLORS', 'rs=0:di=01;34:ln=01;36:mh=00:pi=40;33:so=01;35:do=01;35:bd=40;33;01:cd=40;33;01:or=40;31;01:mi=00:su=37;41:sg=30;43:ca=30;41:tw=30;42:ow=34;42:st=37;44:ex=01;32:*.tar=01;31:*.tgz=01;31:*.arc=01;31:*.arj=01;31:*.taz=01;31:*.lha=01;31:*.lz4=01;31:*.lzh=01;31:*.lzma=01;31:*.tlz=01;31:*.txz=01;31:*.tzo=01;31:*.t7z=01;31:*.zip=01;31:*.z=01;31:*.dz=01;31:*.gz=01;31:*.lrz=01;31:*.lz=01;31:*.lzo=01;31:*.xz=01;31:*.zst=01;31:*.tzst=01;31:*.bz2=01;31:*.bz=01;31:*.tbz=01;31:*.tbz2=01;31:*.tz=01;31:*.deb=01;31:*.rpm=01;31:*.jar=01;31:*.war=01;31:*.ear=01;31:*.sar=01;31:*.rar=01;31:*.alz=01;31:*.ace=01;31:*.zoo=01;31:*.cpio=01;31:*.7z=01;31:*.rz=01;31:*.cab=01;31:*.wim=01;31:*.swm=01;31:*.dwm=01;31:*.esd=01;31:*.jpg=01;35:*.jpeg=01;35:*.mjpg=01;35:*.mjpeg=01;35:*.gif=01;35:*.bmp=01;35:*.pbm=01;35:*.pgm=01;35:*.ppm=01;35:*.tga=01;35:*.xbm=01;35:*.xpm=01;35:*.tif=01;35:*.tiff=01;35:*.png=01;35:*.svg=01;35:*.svgz=01;35:*.mng=01;35:*.pcx=01;35:*.mov=01;35:*.mpg=01;35:*.mpeg=01;35:*.m2v=01;35:*.mkv=01;35:*.webm=01;35:*.webp=01;35:*.ogm=01;35:*.mp4=01;35:*.m4v=01;35:*.mp4v=01;35:*.vob=01;35:*.qt=01;35:*.nuv=01;35:*.wmv=01;35:*.asf=01;35:*.rm=01;35:*.rmvb=01;35:*.flc=01;35:*.avi=01;35:*.fli=01;35:*.flv=01;35:*.gl=01;35:*.dl=01;35:*.xcf=01;35:*.xwd=01;35:*.yuv=01;35:*.cgm=01;35:*.emf=01;35:*.ogv=01;35:*.ogx=01;35:*.aac=00;36:*.au=00;36:*.flac=00;36:*.m4a=00;36:*.mid=00;36:*.midi=00;36:*.mka=00;36:*.mp3=00;36:*.mpc=00;36:*.ogg=00;36:*.ra=00;36:*.wav=00;36:*.oga=00;36:*.opus=00;36:*.spx=00;36:*.xspf=00;36:'), ('VSCODE_GIT_IPC_HANDLE', '/tmp/vscode-git-09c052f1c4.sock'), ('TERM_PROGRAM', 'vscode'), ('SSH_AUTH_SOCK', '/tmp/vscode-ssh-auth-3b15b7cf-88ad-4a56-828c-69c61a495d31.sock'), ('ROS_DOMAIN_ID', '42'), ('AMENT_PREFIX_PATH', '/opt/ros/humble'), ('SHELL', '/bin/bash'), ('ROS_AUTOMATIC_DISCOVERY_RANGE', 'LOCALHOST'), ('VSCODE_GIT_ASKPASS_EXTRA_ARGS', ''), ('PWD', '/home/yadhu/ur3e/src/build/robotiq_description'), ('LC_ALL', 'C.UTF-8'), ('PYTHONPATH', '/opt/ros/humble/lib/python3.10/site-packages:/opt/ros/humble/local/lib/python3.10/dist-packages'), ('COLCON', '1'), ('CMAKE_PREFIX_PATH', '/opt/ros/humble')]), 'shell': False}
[0.371816] (robotiq_description) StdoutLine: {'line': b'-- Install configuration: ""\n'}
[0.371953] (robotiq_description) StdoutLine: {'line': b'-- Up-to-date: /home/yadhu/ur3e/src/install/robotiq_description/share/robotiq_description/config\n'}
[0.371992] (robotiq_description) StdoutLine: {'line': b'-- Up-to-date: /home/yadhu/ur3e/src/install/robotiq_description/share/robotiq_description/config/robotiq_controllers.yaml\n'}
[0.372024] (robotiq_description) StdoutLine: {'line': b'-- Up-to-date: /home/yadhu/ur3e/src/install/robotiq_description/share/robotiq_description/launch\n'}
[0.372053] (robotiq_description) StdoutLine: {'line': b'-- Up-to-date: /home/yadhu/ur3e/src/install/robotiq_description/share/robotiq_description/launch/robotiq_control.launch.py\n'}
[0.372083] (robotiq_description) StdoutLine: {'line': b'-- Up-to-date: /home/yadhu/ur3e/src/install/robotiq_description/share/robotiq_description/launch/view_gripper.launch.py\n'}
[0.372109] (robotiq_description) StdoutLine: {'line': b'-- Up-to-date: /home/yadhu/ur3e/src/install/robotiq_description/share/robotiq_description/meshes\n'}
[0.372231] (robotiq_description) StdoutLine: {'line': b'-- Up-to-date: /home/yadhu/ur3e/src/install/robotiq_description/share/robotiq_description/meshes/collision\n'}
[0.372274] (robotiq_description) StdoutLine: {'line': b'-- Up-to-date: /home/yadhu/ur3e/src/install/robotiq_description/share/robotiq_description/meshes/collision/2f_85\n'}
[0.372377] (robotiq_description) StdoutLine: {'line': b'-- Up-to-date: /home/yadhu/ur3e/src/install/robotiq_description/share/robotiq_description/meshes/collision/2f_85/ur_to_robotiq_adapter.stl\n'}
[0.372428] (robotiq_description) StdoutLine: {'line': b'-- Up-to-date: /home/yadhu/ur3e/src/install/robotiq_description/share/robotiq_description/meshes/collision/2f_85/right_finger_tip.stl\n'}
[0.372464] (robotiq_description) StdoutLine: {'line': b'-- Up-to-date: /home/yadhu/ur3e/src/install/robotiq_description/share/robotiq_description/meshes/collision/2f_85/left_inner_knuckle.stl\n'}
[0.372554] (robotiq_description) StdoutLine: {'line': b'-- Up-to-date: /home/yadhu/ur3e/src/install/robotiq_description/share/robotiq_description/meshes/collision/2f_85/right_knuckle.stl\n'}
[0.372696] (robotiq_description) StdoutLine: {'line': b'-- Up-to-date: /home/yadhu/ur3e/src/install/robotiq_description/share/robotiq_description/meshes/collision/2f_85/left_knuckle.stl\n'}
[0.372730] (robotiq_description) StdoutLine: {'line': b'-- Up-to-date: /home/yadhu/ur3e/src/install/robotiq_description/share/robotiq_description/meshes/collision/2f_85/left_finger_tip.stl\n'}
[0.372758] (robotiq_description) StdoutLine: {'line': b'-- Up-to-date: /home/yadhu/ur3e/src/install/robotiq_description/share/robotiq_description/meshes/collision/2f_85/right_inner_knuckle.stl\n'}
[0.372787] (robotiq_description) StdoutLine: {'line': b'-- Up-to-date: /home/yadhu/ur3e/src/install/robotiq_description/share/robotiq_description/meshes/collision/2f_85/robotiq_base.stl\n'}
[0.372814] (robotiq_description) StdoutLine: {'line': b'-- Up-to-date: /home/yadhu/ur3e/src/install/robotiq_description/share/robotiq_description/meshes/collision/2f_85/left_finger.stl\n'}
[0.372841] (robotiq_description) StdoutLine: {'line': b'-- Up-to-date: /home/yadhu/ur3e/src/install/robotiq_description/share/robotiq_description/meshes/collision/2f_85/right_finger.stl\n'}
[0.372869] (robotiq_description) StdoutLine: {'line': b'-- Up-to-date: /home/yadhu/ur3e/src/install/robotiq_description/share/robotiq_description/meshes/visual\n'}
[0.372898] (robotiq_description) StdoutLine: {'line': b'-- Up-to-date: /home/yadhu/ur3e/src/install/robotiq_description/share/robotiq_description/meshes/visual/2f_85\n'}
[0.372926] (robotiq_description) StdoutLine: {'line': b'-- Up-to-date: /home/yadhu/ur3e/src/install/robotiq_description/share/robotiq_description/meshes/visual/2f_85/right_finger.dae\n'}
[0.372953] (robotiq_description) StdoutLine: {'line': b'-- Up-to-date: /home/yadhu/ur3e/src/install/robotiq_description/share/robotiq_description/meshes/visual/2f_85/left_finger_tip.dae\n'}
[0.372980] (robotiq_description) StdoutLine: {'line': b'-- Up-to-date: /home/yadhu/ur3e/src/install/robotiq_description/share/robotiq_description/meshes/visual/2f_85/right_inner_knuckle.dae\n'}
[0.373008] (robotiq_description) StdoutLine: {'line': b'-- Up-to-date: /home/yadhu/ur3e/src/install/robotiq_description/share/robotiq_description/meshes/visual/2f_85/right_knuckle.dae\n'}
[0.373036] (robotiq_description) StdoutLine: {'line': b'-- Up-to-date: /home/yadhu/ur3e/src/install/robotiq_description/share/robotiq_description/meshes/visual/2f_85/right_finger_tip.dae\n'}
[0.373064] (robotiq_description) StdoutLine: {'line': b'-- Up-to-date: /home/yadhu/ur3e/src/install/robotiq_description/share/robotiq_description/meshes/visual/2f_85/ur_to_robotiq_adapter.dae\n'}
[0.373091] (robotiq_description) StdoutLine: {'line': b'-- Up-to-date: /home/yadhu/ur3e/src/install/robotiq_description/share/robotiq_description/meshes/visual/2f_85/left_inner_knuckle.dae\n'}
[0.373151] (robotiq_description) StdoutLine: {'line': b'-- Up-to-date: /home/yadhu/ur3e/src/install/robotiq_description/share/robotiq_description/meshes/visual/2f_85/left_finger.dae\n'}
[0.373189] (robotiq_description) StdoutLine: {'line': b'-- Up-to-date: /home/yadhu/ur3e/src/install/robotiq_description/share/robotiq_description/meshes/visual/2f_85/left_knuckle.dae\n'}
[0.373218] (robotiq_description) StdoutLine: {'line': b'-- Up-to-date: /home/yadhu/ur3e/src/install/robotiq_description/share/robotiq_description/meshes/visual/2f_85/robotiq_base.dae\n'}
[0.373245] (robotiq_description) StdoutLine: {'line': b'-- Up-to-date: /home/yadhu/ur3e/src/install/robotiq_description/share/robotiq_description/rviz\n'}
[0.373273] (robotiq_description) StdoutLine: {'line': b'-- Up-to-date: /home/yadhu/ur3e/src/install/robotiq_description/share/robotiq_description/rviz/view_urdf.rviz\n'}
[0.373337] (robotiq_description) StdoutLine: {'line': b'-- Up-to-date: /home/yadhu/ur3e/src/install/robotiq_description/share/robotiq_description/urdf\n'}
[0.373460] (robotiq_description) StdoutLine: {'line': b'-- Up-to-date: /home/yadhu/ur3e/src/install/robotiq_description/share/robotiq_description/urdf/robotiq_2f_85_macro.urdf.xacro\n'}
[0.373573] (robotiq_description) StdoutLine: {'line': b'-- Up-to-date: /home/yadhu/ur3e/src/install/robotiq_description/share/robotiq_description/urdf/2f_85.ros2_control.xacro\n'}
[0.373606] (robotiq_description) StdoutLine: {'line': b'-- Up-to-date: /home/yadhu/ur3e/src/install/robotiq_description/share/robotiq_description/urdf/robotiq_2f_85_gripper.urdf.xacro\n'}
[0.373634] (robotiq_description) StdoutLine: {'line': b'-- Up-to-date: /home/yadhu/ur3e/src/install/robotiq_description/share/robotiq_description/urdf/ur_to_robotiq_adapter.urdf.xacro\n'}
[0.373661] (robotiq_description) StdoutLine: {'line': b'-- Up-to-date: /home/yadhu/ur3e/src/install/robotiq_description/share/ament_index/resource_index/package_run_dependencies/robotiq_description\n'}
[0.373689] (robotiq_description) StdoutLine: {'line': b'-- Up-to-date: /home/yadhu/ur3e/src/install/robotiq_description/share/ament_index/resource_index/parent_prefix_path/robotiq_description\n'}
[0.373715] (robotiq_description) StdoutLine: {'line': b'-- Up-to-date: /home/yadhu/ur3e/src/install/robotiq_description/share/robotiq_description/environment/ament_prefix_path.sh\n'}
[0.373747] (robotiq_description) StdoutLine: {'line': b'-- Up-to-date: /home/yadhu/ur3e/src/install/robotiq_description/share/robotiq_description/environment/ament_prefix_path.dsv\n'}
[0.373860] (robotiq_description) StdoutLine: {'line': b'-- Up-to-date: /home/yadhu/ur3e/src/install/robotiq_description/share/robotiq_description/environment/path.sh\n'}
[0.373888] (robotiq_description) StdoutLine: {'line': b'-- Up-to-date: /home/yadhu/ur3e/src/install/robotiq_description/share/robotiq_description/environment/path.dsv\n'}
[0.373916] (robotiq_description) StdoutLine: {'line': b'-- Up-to-date: /home/yadhu/ur3e/src/install/robotiq_description/share/robotiq_description/local_setup.bash\n'}
[0.373943] (robotiq_description) StdoutLine: {'line': b'-- Up-to-date: /home/yadhu/ur3e/src/install/robotiq_description/share/robotiq_description/local_setup.sh\n'}
[0.373971] (robotiq_description) StdoutLine: {'line': b'-- Up-to-date: /home/yadhu/ur3e/src/install/robotiq_description/share/robotiq_description/local_setup.zsh\n'}
[0.373998] (robotiq_description) StdoutLine: {'line': b'-- Up-to-date: /home/yadhu/ur3e/src/install/robotiq_description/share/robotiq_description/local_setup.dsv\n'}
[0.374024] (robotiq_description) StdoutLine: {'line': b'-- Installing: /home/yadhu/ur3e/src/install/robotiq_description/share/robotiq_description/package.dsv\n'}
[0.374050] (robotiq_description) StdoutLine: {'line': b'-- Up-to-date: /home/yadhu/ur3e/src/install/robotiq_description/share/ament_index/resource_index/packages/robotiq_description\n'}
[0.374161] (robotiq_description) StdoutLine: {'line': b'-- Up-to-date: /home/yadhu/ur3e/src/install/robotiq_description/share/robotiq_description/cmake/robotiq_descriptionConfig.cmake\n'}
[0.374190] (robotiq_description) StdoutLine: {'line': b'-- Up-to-date: /home/yadhu/ur3e/src/install/robotiq_description/share/robotiq_description/cmake/robotiq_descriptionConfig-version.cmake\n'}
[0.374218] (robotiq_description) StdoutLine: {'line': b'-- Up-to-date: /home/yadhu/ur3e/src/install/robotiq_description/share/robotiq_description/package.xml\n'}
[0.374521] (robotiq_description) CommandEnded: {'returncode': 0}
[0.398340] (robotiq_description) JobEnded: {'identifier': 'robotiq_description', 'rc': 0}
[0.399127] (ur_description) JobStarted: {'identifier': 'ur_description'}
[0.400337] (-) TimerEvent: {}
[0.402506] (ur_description) JobProgress: {'identifier': 'ur_description', 'progress': 'cmake'}
[0.402795] (ur_description) JobProgress: {'identifier': 'ur_description', 'progress': 'build'}
[0.402910] (ur_description) Command: {'cmd': ['/usr/bin/cmake', '--build', '/home/yadhu/ur3e/src/build/ur_description', '--', '-j16', '-l16'], 'cwd': '/home/yadhu/ur3e/src/build/ur_description', 'env': OrderedDict([('HOSTNAME', 'yadhuk'), ('GIT_ASKPASS', '/vscode/vscode-server/bin/linux-x64/e54c774e0add60467559eb0d1e229c6452cf8447/extensions/git/dist/askpass.sh'), ('SHLVL', '2'), ('LD_LIBRARY_PATH', '/usr/lib/x86_64-linux-gnu/gazebo-11/plugins:/opt/ros/humble/opt/rviz_ogre_vendor/lib:/opt/ros/humble/lib/x86_64-linux-gnu:/opt/ros/humble/lib'), ('BROWSER', '/vscode/vscode-server/bin/linux-x64/e54c774e0add60467559eb0d1e229c6452cf8447/bin/helpers/browser.sh'), ('HOME', '/home/yadhu'), ('OLDPWD', '/home/yadhu/ur3e'), ('TERM_PROGRAM_VERSION', '1.97.2'), ('VSCODE_IPC_HOOK_CLI', '/tmp/vscode-ipc-191d809e-ad6a-48a3-8c83-2991c7349be6.sock'), ('DEBUGPY_ADAPTER_ENDPOINTS', '/home/yadhu/.vscode-server/extensions/ms-python.debugpy-2025.0.1-linux-x64/.noConfigDebugAdapterEndpoints/endpoint-00e5a96652343ffc.txt'), ('ROS_PYTHON_VERSION', '3'), ('VSCODE_GIT_ASKPASS_MAIN', '/vscode/vscode-server/bin/linux-x64/e54c774e0add60467559eb0d1e229c6452cf8447/extensions/git/dist/askpass-main.js'), ('VSCODE_GIT_ASKPASS_NODE', '/vscode/vscode-server/bin/linux-x64/e54c774e0add60467559eb0d1e229c6452cf8447/node'), ('PYDEVD_DISABLE_FILE_VALIDATION', '1'), ('BUNDLED_DEBUGPY_PATH', '/home/yadhu/.vscode-server/extensions/ms-python.debugpy-2025.0.1-linux-x64/bundled/libs/debugpy'), ('COLORTERM', 'truecolor'), ('REMOTE_CONTAINERS', 'true'), ('ROS_DISTRO', 'humble'), ('REMOTE_CONTAINERS_IPC', '/tmp/vscode-remote-containers-ipc-3b15b7cf-88ad-4a56-828c-69c61a495d31.sock'), ('_', '/usr/bin/colcon'), ('ROS_VERSION', '2'), ('TERM', 'xterm-256color'), ('ROS_LOCALHOST_ONLY', '0'), ('PATH', '/vscode/vscode-server/bin/linux-x64/e54c774e0add60467559eb0d1e229c6452cf8447/bin/remote-cli:/opt/ros/humble/bin:/usr/local/sbin:/usr/local/bin:/usr/sbin:/usr/bin:/sbin:/bin:/home/yadhu/.vscode-server/extensions/ms-python.debugpy-2025.0.1-linux-x64/bundled/scripts/noConfigScripts'), ('REMOTE_CONTAINERS_SOCKETS', '["/tmp/vscode-ssh-auth-3b15b7cf-88ad-4a56-828c-69c61a495d31.sock","/home/yadhu/.gnupg/S.gpg-agent"]'), ('DISPLAY', ':1'), ('LANG', 'C.UTF-8'), ('RMW_IMPLEMENTATION', 'rmw_cyclonedds_cpp'), ('LS_COLORS', 'rs=0:di=01;34:ln=01;36:mh=00:pi=40;33:so=01;35:do=01;35:bd=40;33;01:cd=40;33;01:or=40;31;01:mi=00:su=37;41:sg=30;43:ca=30;41:tw=30;42:ow=34;42:st=37;44:ex=01;32:*.tar=01;31:*.tgz=01;31:*.arc=01;31:*.arj=01;31:*.taz=01;31:*.lha=01;31:*.lz4=01;31:*.lzh=01;31:*.lzma=01;31:*.tlz=01;31:*.txz=01;31:*.tzo=01;31:*.t7z=01;31:*.zip=01;31:*.z=01;31:*.dz=01;31:*.gz=01;31:*.lrz=01;31:*.lz=01;31:*.lzo=01;31:*.xz=01;31:*.zst=01;31:*.tzst=01;31:*.bz2=01;31:*.bz=01;31:*.tbz=01;31:*.tbz2=01;31:*.tz=01;31:*.deb=01;31:*.rpm=01;31:*.jar=01;31:*.war=01;31:*.ear=01;31:*.sar=01;31:*.rar=01;31:*.alz=01;31:*.ace=01;31:*.zoo=01;31:*.cpio=01;31:*.7z=01;31:*.rz=01;31:*.cab=01;31:*.wim=01;31:*.swm=01;31:*.dwm=01;31:*.esd=01;31:*.jpg=01;35:*.jpeg=01;35:*.mjpg=01;35:*.mjpeg=01;35:*.gif=01;35:*.bmp=01;35:*.pbm=01;35:*.pgm=01;35:*.ppm=01;35:*.tga=01;35:*.xbm=01;35:*.xpm=01;35:*.tif=01;35:*.tiff=01;35:*.png=01;35:*.svg=01;35:*.svgz=01;35:*.mng=01;35:*.pcx=01;35:*.mov=01;35:*.mpg=01;35:*.mpeg=01;35:*.m2v=01;35:*.mkv=01;35:*.webm=01;35:*.webp=01;35:*.ogm=01;35:*.mp4=01;35:*.m4v=01;35:*.mp4v=01;35:*.vob=01;35:*.qt=01;35:*.nuv=01;35:*.wmv=01;35:*.asf=01;35:*.rm=01;35:*.rmvb=01;35:*.flc=01;35:*.avi=01;35:*.fli=01;35:*.flv=01;35:*.gl=01;35:*.dl=01;35:*.xcf=01;35:*.xwd=01;35:*.yuv=01;35:*.cgm=01;35:*.emf=01;35:*.ogv=01;35:*.ogx=01;35:*.aac=00;36:*.au=00;36:*.flac=00;36:*.m4a=00;36:*.mid=00;36:*.midi=00;36:*.mka=00;36:*.mp3=00;36:*.mpc=00;36:*.ogg=00;36:*.ra=00;36:*.wav=00;36:*.oga=00;36:*.opus=00;36:*.spx=00;36:*.xspf=00;36:'), ('VSCODE_GIT_IPC_HANDLE', '/tmp/vscode-git-09c052f1c4.sock'), ('TERM_PROGRAM', 'vscode'), ('SSH_AUTH_SOCK', '/tmp/vscode-ssh-auth-3b15b7cf-88ad-4a56-828c-69c61a495d31.sock'), ('ROS_DOMAIN_ID', '42'), ('AMENT_PREFIX_PATH', '/home/yadhu/ur3e/src/install/robotiq_description:/opt/ros/humble'), ('SHELL', '/bin/bash'), ('ROS_AUTOMATIC_DISCOVERY_RANGE', 'LOCALHOST'), ('VSCODE_GIT_ASKPASS_EXTRA_ARGS', ''), ('PWD', '/home/yadhu/ur3e/src/build/ur_description'), ('LC_ALL', 'C.UTF-8'), ('PYTHONPATH', '/opt/ros/humble/lib/python3.10/site-packages:/opt/ros/humble/local/lib/python3.10/dist-packages'), ('COLCON', '1'), ('CMAKE_PREFIX_PATH', '/home/yadhu/ur3e/src/install/robotiq_description:/opt/ros/humble')]), 'shell': False}
[0.433212] (unity_robotics_demo_msgs) JobProgress: {'identifier': 'unity_robotics_demo_msgs', 'progress': 'install'}
[0.433524] (unity_robotics_demo_msgs) Command: {'cmd': ['/usr/bin/cmake', '--install', '/home/yadhu/ur3e/src/build/unity_robotics_demo_msgs'], 'cwd': '/home/yadhu/ur3e/src/build/unity_robotics_demo_msgs', 'env': OrderedDict([('HOSTNAME', 'yadhuk'), ('GIT_ASKPASS', '/vscode/vscode-server/bin/linux-x64/e54c774e0add60467559eb0d1e229c6452cf8447/extensions/git/dist/askpass.sh'), ('SHLVL', '2'), ('LD_LIBRARY_PATH', '/usr/lib/x86_64-linux-gnu/gazebo-11/plugins:/opt/ros/humble/opt/rviz_ogre_vendor/lib:/opt/ros/humble/lib/x86_64-linux-gnu:/opt/ros/humble/lib'), ('BROWSER', '/vscode/vscode-server/bin/linux-x64/e54c774e0add60467559eb0d1e229c6452cf8447/bin/helpers/browser.sh'), ('HOME', '/home/yadhu'), ('OLDPWD', '/home/yadhu/ur3e'), ('TERM_PROGRAM_VERSION', '1.97.2'), ('VSCODE_IPC_HOOK_CLI', '/tmp/vscode-ipc-191d809e-ad6a-48a3-8c83-2991c7349be6.sock'), ('DEBUGPY_ADAPTER_ENDPOINTS', '/home/yadhu/.vscode-server/extensions/ms-python.debugpy-2025.0.1-linux-x64/.noConfigDebugAdapterEndpoints/endpoint-00e5a96652343ffc.txt'), ('ROS_PYTHON_VERSION', '3'), ('VSCODE_GIT_ASKPASS_MAIN', '/vscode/vscode-server/bin/linux-x64/e54c774e0add60467559eb0d1e229c6452cf8447/extensions/git/dist/askpass-main.js'), ('VSCODE_GIT_ASKPASS_NODE', '/vscode/vscode-server/bin/linux-x64/e54c774e0add60467559eb0d1e229c6452cf8447/node'), ('PYDEVD_DISABLE_FILE_VALIDATION', '1'), ('BUNDLED_DEBUGPY_PATH', '/home/yadhu/.vscode-server/extensions/ms-python.debugpy-2025.0.1-linux-x64/bundled/libs/debugpy'), ('COLORTERM', 'truecolor'), ('REMOTE_CONTAINERS', 'true'), ('ROS_DISTRO', 'humble'), ('REMOTE_CONTAINERS_IPC', '/tmp/vscode-remote-containers-ipc-3b15b7cf-88ad-4a56-828c-69c61a495d31.sock'), ('_', '/usr/bin/colcon'), ('ROS_VERSION', '2'), ('TERM', 'xterm-256color'), ('ROS_LOCALHOST_ONLY', '0'), ('PATH', '/vscode/vscode-server/bin/linux-x64/e54c774e0add60467559eb0d1e229c6452cf8447/bin/remote-cli:/opt/ros/humble/bin:/usr/local/sbin:/usr/local/bin:/usr/sbin:/usr/bin:/sbin:/bin:/home/yadhu/.vscode-server/extensions/ms-python.debugpy-2025.0.1-linux-x64/bundled/scripts/noConfigScripts'), ('REMOTE_CONTAINERS_SOCKETS', '["/tmp/vscode-ssh-auth-3b15b7cf-88ad-4a56-828c-69c61a495d31.sock","/home/yadhu/.gnupg/S.gpg-agent"]'), ('DISPLAY', ':1'), ('LANG', 'C.UTF-8'), ('RMW_IMPLEMENTATION', 'rmw_cyclonedds_cpp'), ('LS_COLORS', 'rs=0:di=01;34:ln=01;36:mh=00:pi=40;33:so=01;35:do=01;35:bd=40;33;01:cd=40;33;01:or=40;31;01:mi=00:su=37;41:sg=30;43:ca=30;41:tw=30;42:ow=34;42:st=37;44:ex=01;32:*.tar=01;31:*.tgz=01;31:*.arc=01;31:*.arj=01;31:*.taz=01;31:*.lha=01;31:*.lz4=01;31:*.lzh=01;31:*.lzma=01;31:*.tlz=01;31:*.txz=01;31:*.tzo=01;31:*.t7z=01;31:*.zip=01;31:*.z=01;31:*.dz=01;31:*.gz=01;31:*.lrz=01;31:*.lz=01;31:*.lzo=01;31:*.xz=01;31:*.zst=01;31:*.tzst=01;31:*.bz2=01;31:*.bz=01;31:*.tbz=01;31:*.tbz2=01;31:*.tz=01;31:*.deb=01;31:*.rpm=01;31:*.jar=01;31:*.war=01;31:*.ear=01;31:*.sar=01;31:*.rar=01;31:*.alz=01;31:*.ace=01;31:*.zoo=01;31:*.cpio=01;31:*.7z=01;31:*.rz=01;31:*.cab=01;31:*.wim=01;31:*.swm=01;31:*.dwm=01;31:*.esd=01;31:*.jpg=01;35:*.jpeg=01;35:*.mjpg=01;35:*.mjpeg=01;35:*.gif=01;35:*.bmp=01;35:*.pbm=01;35:*.pgm=01;35:*.ppm=01;35:*.tga=01;35:*.xbm=01;35:*.xpm=01;35:*.tif=01;35:*.tiff=01;35:*.png=01;35:*.svg=01;35:*.svgz=01;35:*.mng=01;35:*.pcx=01;35:*.mov=01;35:*.mpg=01;35:*.mpeg=01;35:*.m2v=01;35:*.mkv=01;35:*.webm=01;35:*.webp=01;35:*.ogm=01;35:*.mp4=01;35:*.m4v=01;35:*.mp4v=01;35:*.vob=01;35:*.qt=01;35:*.nuv=01;35:*.wmv=01;35:*.asf=01;35:*.rm=01;35:*.rmvb=01;35:*.flc=01;35:*.avi=01;35:*.fli=01;35:*.flv=01;35:*.gl=01;35:*.dl=01;35:*.xcf=01;35:*.xwd=01;35:*.yuv=01;35:*.cgm=01;35:*.emf=01;35:*.ogv=01;35:*.ogx=01;35:*.aac=00;36:*.au=00;36:*.flac=00;36:*.m4a=00;36:*.mid=00;36:*.midi=00;36:*.mka=00;36:*.mp3=00;36:*.mpc=00;36:*.ogg=00;36:*.ra=00;36:*.wav=00;36:*.oga=00;36:*.opus=00;36:*.spx=00;36:*.xspf=00;36:'), ('VSCODE_GIT_IPC_HANDLE', '/tmp/vscode-git-09c052f1c4.sock'), ('TERM_PROGRAM', 'vscode'), ('SSH_AUTH_SOCK', '/tmp/vscode-ssh-auth-3b15b7cf-88ad-4a56-828c-69c61a495d31.sock'), ('ROS_DOMAIN_ID', '42'), ('AMENT_PREFIX_PATH', '/opt/ros/humble'), ('SHELL', '/bin/bash'), ('ROS_AUTOMATIC_DISCOVERY_RANGE', 'LOCALHOST'), ('VSCODE_GIT_ASKPASS_EXTRA_ARGS', ''), ('PWD', '/home/yadhu/ur3e/src/build/unity_robotics_demo_msgs'), ('LC_ALL', 'C.UTF-8'), ('PYTHONPATH', '/opt/ros/humble/lib/python3.10/site-packages:/opt/ros/humble/local/lib/python3.10/dist-packages'), ('COLCON', '1'), ('CMAKE_PREFIX_PATH', '/opt/ros/humble')]), 'shell': False}
[0.435021] (ur_description) CommandEnded: {'returncode': 0}
[0.439518] (unity_robotics_demo_msgs) StdoutLine: {'line': b'-- Install configuration: ""\n'}
[0.439920] (unity_robotics_demo_msgs) StdoutLine: {'line': b'-- Up-to-date: /home/yadhu/ur3e/src/install/unity_robotics_demo_msgs/share/ament_index/resource_index/rosidl_interfaces/unity_robotics_demo_msgs\n'}
[0.440002] (unity_robotics_demo_msgs) StdoutLine: {'line': b'-- Up-to-date: /home/yadhu/ur3e/src/install/unity_robotics_demo_msgs/include/unity_robotics_demo_msgs/unity_robotics_demo_msgs\n'}
[0.440058] (unity_robotics_demo_msgs) StdoutLine: {'line': b'-- Up-to-date: /home/yadhu/ur3e/src/install/unity_robotics_demo_msgs/include/unity_robotics_demo_msgs/unity_robotics_demo_msgs/msg\n'}
[0.440104] (unity_robotics_demo_msgs) StdoutLine: {'line': b'-- Up-to-date: /home/yadhu/ur3e/src/install/unity_robotics_demo_msgs/include/unity_robotics_demo_msgs/unity_robotics_demo_msgs/msg/rosidl_generator_c__visibility_control.h\n'}
[0.440148] (unity_robotics_demo_msgs) StdoutLine: {'line': b'-- Up-to-date: /home/yadhu/ur3e/src/install/unity_robotics_demo_msgs/include/unity_robotics_demo_msgs/unity_robotics_demo_msgs/msg/pos_rot.h\n'}
[0.440190] (unity_robotics_demo_msgs) StdoutLine: {'line': b'-- Up-to-date: /home/yadhu/ur3e/src/install/unity_robotics_demo_msgs/include/unity_robotics_demo_msgs/unity_robotics_demo_msgs/msg/detail\n'}
[0.440230] (unity_robotics_demo_msgs) StdoutLine: {'line': b'-- Up-to-date: /home/yadhu/ur3e/src/install/unity_robotics_demo_msgs/include/unity_robotics_demo_msgs/unity_robotics_demo_msgs/msg/detail/unity_color__functions.c\n'}
[0.440272] (unity_robotics_demo_msgs) StdoutLine: {'line': b'-- Up-to-date: /home/yadhu/ur3e/src/install/unity_robotics_demo_msgs/include/unity_robotics_demo_msgs/unity_robotics_demo_msgs/msg/detail/pos_rot__struct.h\n'}
[0.440321] (unity_robotics_demo_msgs) StdoutLine: {'line': b'-- Up-to-date: /home/yadhu/ur3e/src/install/unity_robotics_demo_msgs/include/unity_robotics_demo_msgs/unity_robotics_demo_msgs/msg/detail/pos_rot__type_support.h\n'}
[0.440357] (unity_robotics_demo_msgs) StdoutLine: {'line': b'-- Up-to-date: /home/yadhu/ur3e/src/install/unity_robotics_demo_msgs/include/unity_robotics_demo_msgs/unity_robotics_demo_msgs/msg/detail/pos_rot__functions.h\n'}
[0.440385] (unity_robotics_demo_msgs) StdoutLine: {'line': b'-- Up-to-date: /home/yadhu/ur3e/src/install/unity_robotics_demo_msgs/include/unity_robotics_demo_msgs/unity_robotics_demo_msgs/msg/detail/pos_rot__functions.c\n'}
[0.440411] (unity_robotics_demo_msgs) StdoutLine: {'line': b'-- Up-to-date: /home/yadhu/ur3e/src/install/unity_robotics_demo_msgs/include/unity_robotics_demo_msgs/unity_robotics_demo_msgs/msg/detail/unity_color__type_support.h\n'}
[0.440458] (unity_robotics_demo_msgs) StdoutLine: {'line': b'-- Up-to-date: /home/yadhu/ur3e/src/install/unity_robotics_demo_msgs/include/unity_robotics_demo_msgs/unity_robotics_demo_msgs/msg/detail/unity_color__struct.h\n'}
[0.440488] (unity_robotics_demo_msgs) StdoutLine: {'line': b'-- Up-to-date: /home/yadhu/ur3e/src/install/unity_robotics_demo_msgs/include/unity_robotics_demo_msgs/unity_robotics_demo_msgs/msg/detail/unity_color__functions.h\n'}
[0.440516] (unity_robotics_demo_msgs) StdoutLine: {'line': b'-- Up-to-date: /home/yadhu/ur3e/src/install/unity_robotics_demo_msgs/include/unity_robotics_demo_msgs/unity_robotics_demo_msgs/msg/unity_color.h\n'}
[0.440610] (unity_robotics_demo_msgs) StdoutLine: {'line': b'-- Up-to-date: /home/yadhu/ur3e/src/install/unity_robotics_demo_msgs/include/unity_robotics_demo_msgs/unity_robotics_demo_msgs/srv\n'}
[0.440639] (unity_robotics_demo_msgs) StdoutLine: {'line': b'-- Up-to-date: /home/yadhu/ur3e/src/install/unity_robotics_demo_msgs/include/unity_robotics_demo_msgs/unity_robotics_demo_msgs/srv/position_service.h\n'}
[0.440673] (unity_robotics_demo_msgs) StdoutLine: {'line': b'-- Up-to-date: /home/yadhu/ur3e/src/install/unity_robotics_demo_msgs/include/unity_robotics_demo_msgs/unity_robotics_demo_msgs/srv/detail\n'}
[0.440767] (unity_robotics_demo_msgs) StdoutLine: {'line': b'-- Up-to-date: /home/yadhu/ur3e/src/install/unity_robotics_demo_msgs/include/unity_robotics_demo_msgs/unity_robotics_demo_msgs/srv/detail/position_service__functions.h\n'}
[0.440798] (unity_robotics_demo_msgs) StdoutLine: {'line': b'-- Up-to-date: /home/yadhu/ur3e/src/install/unity_robotics_demo_msgs/include/unity_robotics_demo_msgs/unity_robotics_demo_msgs/srv/detail/object_pose_service__functions.h\n'}
[0.440825] (unity_robotics_demo_msgs) StdoutLine: {'line': b'-- Up-to-date: /home/yadhu/ur3e/src/install/unity_robotics_demo_msgs/include/unity_robotics_demo_msgs/unity_robotics_demo_msgs/srv/detail/object_pose_service__type_support.h\n'}
[0.440851] (unity_robotics_demo_msgs) StdoutLine: {'line': b'-- Up-to-date: /home/yadhu/ur3e/src/install/unity_robotics_demo_msgs/include/unity_robotics_demo_msgs/unity_robotics_demo_msgs/srv/detail/position_service__functions.c\n'}
[0.440881] (unity_robotics_demo_msgs) StdoutLine: {'line': b'-- Up-to-date: /home/yadhu/ur3e/src/install/unity_robotics_demo_msgs/include/unity_robotics_demo_msgs/unity_robotics_demo_msgs/srv/detail/position_service__struct.h\n'}
[0.440908] (unity_robotics_demo_msgs) StdoutLine: {'line': b'-- Up-to-date: /home/yadhu/ur3e/src/install/unity_robotics_demo_msgs/include/unity_robotics_demo_msgs/unity_robotics_demo_msgs/srv/detail/object_pose_service__functions.c\n'}
[0.440934] (unity_robotics_demo_msgs) StdoutLine: {'line': b'-- Up-to-date: /home/yadhu/ur3e/src/install/unity_robotics_demo_msgs/include/unity_robotics_demo_msgs/unity_robotics_demo_msgs/srv/detail/position_service__type_support.h\n'}
[0.440961] (unity_robotics_demo_msgs) StdoutLine: {'line': b'-- Up-to-date: /home/yadhu/ur3e/src/install/unity_robotics_demo_msgs/include/unity_robotics_demo_msgs/unity_robotics_demo_msgs/srv/detail/object_pose_service__struct.h\n'}
[0.440987] (unity_robotics_demo_msgs) StdoutLine: {'line': b'-- Up-to-date: /home/yadhu/ur3e/src/install/unity_robotics_demo_msgs/include/unity_robotics_demo_msgs/unity_robotics_demo_msgs/srv/object_pose_service.h\n'}
[0.441014] (unity_robotics_demo_msgs) StdoutLine: {'line': b'-- Up-to-date: /home/yadhu/ur3e/src/install/unity_robotics_demo_msgs/share/unity_robotics_demo_msgs/environment/library_path.sh\n'}
[0.441041] (unity_robotics_demo_msgs) StdoutLine: {'line': b'-- Up-to-date: /home/yadhu/ur3e/src/install/unity_robotics_demo_msgs/share/unity_robotics_demo_msgs/environment/library_path.dsv\n'}
[0.441068] (unity_robotics_demo_msgs) StdoutLine: {'line': b'-- Up-to-date: /home/yadhu/ur3e/src/install/unity_robotics_demo_msgs/lib/libunity_robotics_demo_msgs__rosidl_generator_c.so\n'}
[0.441094] (unity_robotics_demo_msgs) StdoutLine: {'line': b'-- Up-to-date: /home/yadhu/ur3e/src/install/unity_robotics_demo_msgs/include/unity_robotics_demo_msgs/unity_robotics_demo_msgs\n'}
[0.441122] (unity_robotics_demo_msgs) StdoutLine: {'line': b'-- Up-to-date: /home/yadhu/ur3e/src/install/unity_robotics_demo_msgs/include/unity_robotics_demo_msgs/unity_robotics_demo_msgs/msg\n'}
[0.441148] (unity_robotics_demo_msgs) StdoutLine: {'line': b'-- Up-to-date: /home/yadhu/ur3e/src/install/unity_robotics_demo_msgs/include/unity_robotics_demo_msgs/unity_robotics_demo_msgs/msg/rosidl_typesupport_fastrtps_c__visibility_control.h\n'}
[0.441174] (unity_robotics_demo_msgs) StdoutLine: {'line': b'-- Up-to-date: /home/yadhu/ur3e/src/install/unity_robotics_demo_msgs/include/unity_robotics_demo_msgs/unity_robotics_demo_msgs/msg/detail\n'}
[0.441241] (unity_robotics_demo_msgs) StdoutLine: {'line': b'-- Up-to-date: /home/yadhu/ur3e/src/install/unity_robotics_demo_msgs/include/unity_robotics_demo_msgs/unity_robotics_demo_msgs/msg/detail/pos_rot__rosidl_typesupport_fastrtps_c.h\n'}
[0.441269] (unity_robotics_demo_msgs) StdoutLine: {'line': b'-- Up-to-date: /home/yadhu/ur3e/src/install/unity_robotics_demo_msgs/include/unity_robotics_demo_msgs/unity_robotics_demo_msgs/msg/detail/unity_color__rosidl_typesupport_fastrtps_c.h\n'}
[0.441391] (unity_robotics_demo_msgs) StdoutLine: {'line': b'-- Up-to-date: /home/yadhu/ur3e/src/install/unity_robotics_demo_msgs/include/unity_robotics_demo_msgs/unity_robotics_demo_msgs/srv\n'}
[0.441424] (unity_robotics_demo_msgs) StdoutLine: {'line': b'-- Up-to-date: /home/yadhu/ur3e/src/install/unity_robotics_demo_msgs/include/unity_robotics_demo_msgs/unity_robotics_demo_msgs/srv/detail\n'}
[0.441453] (unity_robotics_demo_msgs) StdoutLine: {'line': b'-- Up-to-date: /home/yadhu/ur3e/src/install/unity_robotics_demo_msgs/include/unity_robotics_demo_msgs/unity_robotics_demo_msgs/srv/detail/position_service__rosidl_typesupport_fastrtps_c.h\n'}
[0.441480] (unity_robotics_demo_msgs) StdoutLine: {'line': b'-- Up-to-date: /home/yadhu/ur3e/src/install/unity_robotics_demo_msgs/include/unity_robotics_demo_msgs/unity_robotics_demo_msgs/srv/detail/object_pose_service__rosidl_typesupport_fastrtps_c.h\n'}
[0.441510] (unity_robotics_demo_msgs) StdoutLine: {'line': b'-- Up-to-date: /home/yadhu/ur3e/src/install/unity_robotics_demo_msgs/lib/libunity_robotics_demo_msgs__rosidl_typesupport_fastrtps_c.so\n'}
[0.441540] (unity_robotics_demo_msgs) StdoutLine: {'line': b'-- Up-to-date: /home/yadhu/ur3e/src/install/unity_robotics_demo_msgs/include/unity_robotics_demo_msgs/unity_robotics_demo_msgs\n'}
[0.441570] (unity_robotics_demo_msgs) StdoutLine: {'line': b'-- Up-to-date: /home/yadhu/ur3e/src/install/unity_robotics_demo_msgs/include/unity_robotics_demo_msgs/unity_robotics_demo_msgs/msg\n'}
[0.441600] (unity_robotics_demo_msgs) StdoutLine: {'line': b'-- Up-to-date: /home/yadhu/ur3e/src/install/unity_robotics_demo_msgs/include/unity_robotics_demo_msgs/unity_robotics_demo_msgs/msg/detail\n'}
[0.441763] (unity_robotics_demo_msgs) StdoutLine: {'line': b'-- Up-to-date: /home/yadhu/ur3e/src/install/unity_robotics_demo_msgs/include/unity_robotics_demo_msgs/unity_robotics_demo_msgs/msg/detail/pos_rot__type_support.c\n'}
[0.441796] (unity_robotics_demo_msgs) StdoutLine: {'line': b'-- Up-to-date: /home/yadhu/ur3e/src/install/unity_robotics_demo_msgs/include/unity_robotics_demo_msgs/unity_robotics_demo_msgs/msg/detail/unity_color__rosidl_typesupport_introspection_c.h\n'}
[0.441825] (unity_robotics_demo_msgs) StdoutLine: {'line': b'-- Up-to-date: /home/yadhu/ur3e/src/install/unity_robotics_demo_msgs/include/unity_robotics_demo_msgs/unity_robotics_demo_msgs/msg/detail/unity_color__type_support.c\n'}
[0.441852] (unity_robotics_demo_msgs) StdoutLine: {'line': b'-- Up-to-date: /home/yadhu/ur3e/src/install/unity_robotics_demo_msgs/include/unity_robotics_demo_msgs/unity_robotics_demo_msgs/msg/detail/pos_rot__rosidl_typesupport_introspection_c.h\n'}
[0.441878] (unity_robotics_demo_msgs) StdoutLine: {'line': b'-- Up-to-date: /home/yadhu/ur3e/src/install/unity_robotics_demo_msgs/include/unity_robotics_demo_msgs/unity_robotics_demo_msgs/msg/rosidl_typesupport_introspection_c__visibility_control.h\n'}
[0.441905] (unity_robotics_demo_msgs) StdoutLine: {'line': b'-- Up-to-date: /home/yadhu/ur3e/src/install/unity_robotics_demo_msgs/include/unity_robotics_demo_msgs/unity_robotics_demo_msgs/srv\n'}
[0.441934] (unity_robotics_demo_msgs) StdoutLine: {'line': b'-- Up-to-date: /home/yadhu/ur3e/src/install/unity_robotics_demo_msgs/include/unity_robotics_demo_msgs/unity_robotics_demo_msgs/srv/detail\n'}
[0.441960] (unity_robotics_demo_msgs) StdoutLine: {'line': b'-- Up-to-date: /home/yadhu/ur3e/src/install/unity_robotics_demo_msgs/include/unity_robotics_demo_msgs/unity_robotics_demo_msgs/srv/detail/position_service__rosidl_typesupport_introspection_c.h\n'}
[0.442006] (unity_robotics_demo_msgs) StdoutLine: {'line': b'-- Up-to-date: /home/yadhu/ur3e/src/install/unity_robotics_demo_msgs/include/unity_robotics_demo_msgs/unity_robotics_demo_msgs/srv/detail/position_service__type_support.c\n'}
[0.442037] (unity_robotics_demo_msgs) StdoutLine: {'line': b'-- Up-to-date: /home/yadhu/ur3e/src/install/unity_robotics_demo_msgs/include/unity_robotics_demo_msgs/unity_robotics_demo_msgs/srv/detail/object_pose_service__rosidl_typesupport_introspection_c.h\n'}
[0.442069] (unity_robotics_demo_msgs) StdoutLine: {'line': b'-- Up-to-date: /home/yadhu/ur3e/src/install/unity_robotics_demo_msgs/include/unity_robotics_demo_msgs/unity_robotics_demo_msgs/srv/detail/object_pose_service__type_support.c\n'}
[0.442098] (unity_robotics_demo_msgs) StdoutLine: {'line': b'-- Up-to-date: /home/yadhu/ur3e/src/install/unity_robotics_demo_msgs/lib/libunity_robotics_demo_msgs__rosidl_typesupport_introspection_c.so\n'}
[0.442126] (unity_robotics_demo_msgs) StdoutLine: {'line': b'-- Up-to-date: /home/yadhu/ur3e/src/install/unity_robotics_demo_msgs/lib/libunity_robotics_demo_msgs__rosidl_typesupport_c.so\n'}
[0.442158] (unity_robotics_demo_msgs) StdoutLine: {'line': b'-- Up-to-date: /home/yadhu/ur3e/src/install/unity_robotics_demo_msgs/include/unity_robotics_demo_msgs/unity_robotics_demo_msgs\n'}
[0.442191] (unity_robotics_demo_msgs) StdoutLine: {'line': b'-- Up-to-date: /home/yadhu/ur3e/src/install/unity_robotics_demo_msgs/include/unity_robotics_demo_msgs/unity_robotics_demo_msgs/msg\n'}
[0.442226] (unity_robotics_demo_msgs) StdoutLine: {'line': b'-- Up-to-date: /home/yadhu/ur3e/src/install/unity_robotics_demo_msgs/include/unity_robotics_demo_msgs/unity_robotics_demo_msgs/msg/pos_rot.hpp\n'}
[0.442259] (unity_robotics_demo_msgs) StdoutLine: {'line': b'-- Up-to-date: /home/yadhu/ur3e/src/install/unity_robotics_demo_msgs/include/unity_robotics_demo_msgs/unity_robotics_demo_msgs/msg/detail\n'}
[0.442299] (unity_robotics_demo_msgs) StdoutLine: {'line': b'-- Up-to-date: /home/yadhu/ur3e/src/install/unity_robotics_demo_msgs/include/unity_robotics_demo_msgs/unity_robotics_demo_msgs/msg/detail/unity_color__builder.hpp\n'}
[0.442390] (unity_robotics_demo_msgs) StdoutLine: {'line': b'-- Up-to-date: /home/yadhu/ur3e/src/install/unity_robotics_demo_msgs/include/unity_robotics_demo_msgs/unity_robotics_demo_msgs/msg/detail/unity_color__traits.hpp\n'}
[0.442424] (unity_robotics_demo_msgs) StdoutLine: {'line': b'-- Up-to-date: /home/yadhu/ur3e/src/install/unity_robotics_demo_msgs/include/unity_robotics_demo_msgs/unity_robotics_demo_msgs/msg/detail/pos_rot__struct.hpp\n'}
[0.442453] (unity_robotics_demo_msgs) StdoutLine: {'line': b'-- Up-to-date: /home/yadhu/ur3e/src/install/unity_robotics_demo_msgs/include/unity_robotics_demo_msgs/unity_robotics_demo_msgs/msg/detail/pos_rot__builder.hpp\n'}
[0.442482] (unity_robotics_demo_msgs) StdoutLine: {'line': b'-- Up-to-date: /home/yadhu/ur3e/src/install/unity_robotics_demo_msgs/include/unity_robotics_demo_msgs/unity_robotics_demo_msgs/msg/detail/unity_color__struct.hpp\n'}
[0.442509] (unity_robotics_demo_msgs) StdoutLine: {'line': b'-- Up-to-date: /home/yadhu/ur3e/src/install/unity_robotics_demo_msgs/include/unity_robotics_demo_msgs/unity_robotics_demo_msgs/msg/detail/pos_rot__traits.hpp\n'}
[0.442537] (unity_robotics_demo_msgs) StdoutLine: {'line': b'-- Up-to-date: /home/yadhu/ur3e/src/install/unity_robotics_demo_msgs/include/unity_robotics_demo_msgs/unity_robotics_demo_msgs/msg/unity_color.hpp\n'}
[0.442572] (unity_robotics_demo_msgs) StdoutLine: {'line': b'-- Up-to-date: /home/yadhu/ur3e/src/install/unity_robotics_demo_msgs/include/unity_robotics_demo_msgs/unity_robotics_demo_msgs/srv\n'}
[0.442607] (unity_robotics_demo_msgs) StdoutLine: {'line': b'-- Up-to-date: /home/yadhu/ur3e/src/install/unity_robotics_demo_msgs/include/unity_robotics_demo_msgs/unity_robotics_demo_msgs/srv/detail\n'}
[0.442692] (unity_robotics_demo_msgs) StdoutLine: {'line': b'-- Up-to-date: /home/yadhu/ur3e/src/install/unity_robotics_demo_msgs/include/unity_robotics_demo_msgs/unity_robotics_demo_msgs/srv/detail/object_pose_service__struct.hpp\n'}
[0.442797] (unity_robotics_demo_msgs) StdoutLine: {'line': b'-- Up-to-date: /home/yadhu/ur3e/src/install/unity_robotics_demo_msgs/include/unity_robotics_demo_msgs/unity_robotics_demo_msgs/srv/detail/object_pose_service__traits.hpp\n'}
[0.442825] (unity_robotics_demo_msgs) StdoutLine: {'line': b'-- Up-to-date: /home/yadhu/ur3e/src/install/unity_robotics_demo_msgs/include/unity_robotics_demo_msgs/unity_robotics_demo_msgs/srv/detail/object_pose_service__builder.hpp\n'}
[0.442852] (unity_robotics_demo_msgs) StdoutLine: {'line': b'-- Up-to-date: /home/yadhu/ur3e/src/install/unity_robotics_demo_msgs/include/unity_robotics_demo_msgs/unity_robotics_demo_msgs/srv/detail/position_service__builder.hpp\n'}
[0.442877] (unity_robotics_demo_msgs) StdoutLine: {'line': b'-- Up-to-date: /home/yadhu/ur3e/src/install/unity_robotics_demo_msgs/include/unity_robotics_demo_msgs/unity_robotics_demo_msgs/srv/detail/position_service__traits.hpp\n'}
[0.442902] (unity_robotics_demo_msgs) StdoutLine: {'line': b'-- Up-to-date: /home/yadhu/ur3e/src/install/unity_robotics_demo_msgs/include/unity_robotics_demo_msgs/unity_robotics_demo_msgs/srv/detail/position_service__struct.hpp\n'}
[0.442927] (unity_robotics_demo_msgs) StdoutLine: {'line': b'-- Up-to-date: /home/yadhu/ur3e/src/install/unity_robotics_demo_msgs/include/unity_robotics_demo_msgs/unity_robotics_demo_msgs/srv/object_pose_service.hpp\n'}
[0.442957] (unity_robotics_demo_msgs) StdoutLine: {'line': b'-- Up-to-date: /home/yadhu/ur3e/src/install/unity_robotics_demo_msgs/include/unity_robotics_demo_msgs/unity_robotics_demo_msgs/srv/position_service.hpp\n'}
[0.442991] (unity_robotics_demo_msgs) StdoutLine: {'line': b'-- Up-to-date: /home/yadhu/ur3e/src/install/unity_robotics_demo_msgs/include/unity_robotics_demo_msgs/unity_robotics_demo_msgs\n'}
[0.443025] (unity_robotics_demo_msgs) StdoutLine: {'line': b'-- Up-to-date: /home/yadhu/ur3e/src/install/unity_robotics_demo_msgs/include/unity_robotics_demo_msgs/unity_robotics_demo_msgs/msg\n'}
[0.443060] (unity_robotics_demo_msgs) StdoutLine: {'line': b'-- Up-to-date: /home/yadhu/ur3e/src/install/unity_robotics_demo_msgs/include/unity_robotics_demo_msgs/unity_robotics_demo_msgs/msg/rosidl_typesupport_fastrtps_cpp__visibility_control.h\n'}
[0.443094] (unity_robotics_demo_msgs) StdoutLine: {'line': b'-- Up-to-date: /home/yadhu/ur3e/src/install/unity_robotics_demo_msgs/include/unity_robotics_demo_msgs/unity_robotics_demo_msgs/msg/detail\n'}
[0.443127] (unity_robotics_demo_msgs) StdoutLine: {'line': b'-- Up-to-date: /home/yadhu/ur3e/src/install/unity_robotics_demo_msgs/include/unity_robotics_demo_msgs/unity_robotics_demo_msgs/msg/detail/dds_fastrtps\n'}
[0.443160] (unity_robotics_demo_msgs) StdoutLine: {'line': b'-- Up-to-date: /home/yadhu/ur3e/src/install/unity_robotics_demo_msgs/include/unity_robotics_demo_msgs/unity_robotics_demo_msgs/msg/detail/unity_color__rosidl_typesupport_fastrtps_cpp.hpp\n'}
[0.443193] (unity_robotics_demo_msgs) StdoutLine: {'line': b'-- Up-to-date: /home/yadhu/ur3e/src/install/unity_robotics_demo_msgs/include/unity_robotics_demo_msgs/unity_robotics_demo_msgs/msg/detail/pos_rot__rosidl_typesupport_fastrtps_cpp.hpp\n'}
[0.443225] (unity_robotics_demo_msgs) StdoutLine: {'line': b'-- Up-to-date: /home/yadhu/ur3e/src/install/unity_robotics_demo_msgs/include/unity_robotics_demo_msgs/unity_robotics_demo_msgs/srv\n'}
[0.443366] (unity_robotics_demo_msgs) StdoutLine: {'line': b'-- Up-to-date: /home/yadhu/ur3e/src/install/unity_robotics_demo_msgs/include/unity_robotics_demo_msgs/unity_robotics_demo_msgs/srv/detail\n'}
[0.443522] (unity_robotics_demo_msgs) StdoutLine: {'line': b'-- Up-to-date: /home/yadhu/ur3e/src/install/unity_robotics_demo_msgs/include/unity_robotics_demo_msgs/unity_robotics_demo_msgs/srv/detail/object_pose_service__rosidl_typesupport_fastrtps_cpp.hpp\n'}
[0.443602] (unity_robotics_demo_msgs) StdoutLine: {'line': b'-- Up-to-date: /home/yadhu/ur3e/src/install/unity_robotics_demo_msgs/include/unity_robotics_demo_msgs/unity_robotics_demo_msgs/srv/detail/dds_fastrtps\n'}
[0.443729] (unity_robotics_demo_msgs) StdoutLine: {'line': b'-- Up-to-date: /home/yadhu/ur3e/src/install/unity_robotics_demo_msgs/include/unity_robotics_demo_msgs/unity_robotics_demo_msgs/srv/detail/position_service__rosidl_typesupport_fastrtps_cpp.hpp\n'}
[0.443775] (unity_robotics_demo_msgs) StdoutLine: {'line': b'-- Up-to-date: /home/yadhu/ur3e/src/install/unity_robotics_demo_msgs/lib/libunity_robotics_demo_msgs__rosidl_typesupport_fastrtps_cpp.so\n'}
[0.443808] (unity_robotics_demo_msgs) StdoutLine: {'line': b'-- Up-to-date: /home/yadhu/ur3e/src/install/unity_robotics_demo_msgs/include/unity_robotics_demo_msgs/unity_robotics_demo_msgs\n'}
[0.443839] (unity_robotics_demo_msgs) StdoutLine: {'line': b'-- Up-to-date: /home/yadhu/ur3e/src/install/unity_robotics_demo_msgs/include/unity_robotics_demo_msgs/unity_robotics_demo_msgs/msg\n'}
[0.443868] (unity_robotics_demo_msgs) StdoutLine: {'line': b'-- Up-to-date: /home/yadhu/ur3e/src/install/unity_robotics_demo_msgs/include/unity_robotics_demo_msgs/unity_robotics_demo_msgs/msg/detail\n'}
[0.443897] (unity_robotics_demo_msgs) StdoutLine: {'line': b'-- Up-to-date: /home/yadhu/ur3e/src/install/unity_robotics_demo_msgs/include/unity_robotics_demo_msgs/unity_robotics_demo_msgs/msg/detail/pos_rot__rosidl_typesupport_introspection_cpp.hpp\n'}
[0.443925] (unity_robotics_demo_msgs) StdoutLine: {'line': b'-- Up-to-date: /home/yadhu/ur3e/src/install/unity_robotics_demo_msgs/include/unity_robotics_demo_msgs/unity_robotics_demo_msgs/msg/detail/unity_color__rosidl_typesupport_introspection_cpp.hpp\n'}
[0.443979] (unity_robotics_demo_msgs) StdoutLine: {'line': b'-- Up-to-date: /home/yadhu/ur3e/src/install/unity_robotics_demo_msgs/include/unity_robotics_demo_msgs/unity_robotics_demo_msgs/msg/detail/pos_rot__type_support.cpp\n'}
[0.444010] (unity_robotics_demo_msgs) StdoutLine: {'line': b'-- Up-to-date: /home/yadhu/ur3e/src/install/unity_robotics_demo_msgs/include/unity_robotics_demo_msgs/unity_robotics_demo_msgs/msg/detail/unity_color__type_support.cpp\n'}
[0.444038] (unity_robotics_demo_msgs) StdoutLine: {'line': b'-- Up-to-date: /home/yadhu/ur3e/src/install/unity_robotics_demo_msgs/include/unity_robotics_demo_msgs/unity_robotics_demo_msgs/srv\n'}
[0.444065] (unity_robotics_demo_msgs) StdoutLine: {'line': b'-- Up-to-date: /home/yadhu/ur3e/src/install/unity_robotics_demo_msgs/include/unity_robotics_demo_msgs/unity_robotics_demo_msgs/srv/detail\n'}
[0.444091] (unity_robotics_demo_msgs) StdoutLine: {'line': b'-- Up-to-date: /home/yadhu/ur3e/src/install/unity_robotics_demo_msgs/include/unity_robotics_demo_msgs/unity_robotics_demo_msgs/srv/detail/position_service__type_support.cpp\n'}
[0.444118] (unity_robotics_demo_msgs) StdoutLine: {'line': b'-- Up-to-date: /home/yadhu/ur3e/src/install/unity_robotics_demo_msgs/include/unity_robotics_demo_msgs/unity_robotics_demo_msgs/srv/detail/position_service__rosidl_typesupport_introspection_cpp.hpp\n'}
[0.444145] (unity_robotics_demo_msgs) StdoutLine: {'line': b'-- Up-to-date: /home/yadhu/ur3e/src/install/unity_robotics_demo_msgs/include/unity_robotics_demo_msgs/unity_robotics_demo_msgs/srv/detail/object_pose_service__type_support.cpp\n'}
[0.444174] (unity_robotics_demo_msgs) StdoutLine: {'line': b'-- Up-to-date: /home/yadhu/ur3e/src/install/unity_robotics_demo_msgs/include/unity_robotics_demo_msgs/unity_robotics_demo_msgs/srv/detail/object_pose_service__rosidl_typesupport_introspection_cpp.hpp\n'}
[0.444201] (unity_robotics_demo_msgs) StdoutLine: {'line': b'-- Up-to-date: /home/yadhu/ur3e/src/install/unity_robotics_demo_msgs/lib/libunity_robotics_demo_msgs__rosidl_typesupport_introspection_cpp.so\n'}
[0.444228] (unity_robotics_demo_msgs) StdoutLine: {'line': b'-- Up-to-date: /home/yadhu/ur3e/src/install/unity_robotics_demo_msgs/lib/libunity_robotics_demo_msgs__rosidl_typesupport_cpp.so\n'}
[0.444252] (unity_robotics_demo_msgs) StdoutLine: {'line': b'-- Up-to-date: /home/yadhu/ur3e/src/install/unity_robotics_demo_msgs/share/unity_robotics_demo_msgs/environment/pythonpath.sh\n'}
[0.444277] (unity_robotics_demo_msgs) StdoutLine: {'line': b'-- Up-to-date: /home/yadhu/ur3e/src/install/unity_robotics_demo_msgs/share/unity_robotics_demo_msgs/environment/pythonpath.dsv\n'}
[0.444476] (unity_robotics_demo_msgs) StdoutLine: {'line': b'-- Up-to-date: /home/yadhu/ur3e/src/install/unity_robotics_demo_msgs/local/lib/python3.10/dist-packages/unity_robotics_demo_msgs-0.0.1-py3.10.egg-info\n'}
[0.444587] (unity_robotics_demo_msgs) StdoutLine: {'line': b'-- Installing: /home/yadhu/ur3e/src/install/unity_robotics_demo_msgs/local/lib/python3.10/dist-packages/unity_robotics_demo_msgs-0.0.1-py3.10.egg-info/top_level.txt\n'}
[0.444690] (unity_robotics_demo_msgs) StdoutLine: {'line': b'-- Installing: /home/yadhu/ur3e/src/install/unity_robotics_demo_msgs/local/lib/python3.10/dist-packages/unity_robotics_demo_msgs-0.0.1-py3.10.egg-info/PKG-INFO\n'}
[0.444767] (unity_robotics_demo_msgs) StdoutLine: {'line': b'-- Installing: /home/yadhu/ur3e/src/install/unity_robotics_demo_msgs/local/lib/python3.10/dist-packages/unity_robotics_demo_msgs-0.0.1-py3.10.egg-info/dependency_links.txt\n'}
[0.444835] (unity_robotics_demo_msgs) StdoutLine: {'line': b'-- Installing: /home/yadhu/ur3e/src/install/unity_robotics_demo_msgs/local/lib/python3.10/dist-packages/unity_robotics_demo_msgs-0.0.1-py3.10.egg-info/SOURCES.txt\n'}
[0.444954] (unity_robotics_demo_msgs) StdoutLine: {'line': b'-- Up-to-date: /home/yadhu/ur3e/src/install/unity_robotics_demo_msgs/local/lib/python3.10/dist-packages/unity_robotics_demo_msgs\n'}
[0.445048] (unity_robotics_demo_msgs) StdoutLine: {'line': b'-- Up-to-date: /home/yadhu/ur3e/src/install/unity_robotics_demo_msgs/local/lib/python3.10/dist-packages/unity_robotics_demo_msgs/_unity_robotics_demo_msgs_s.ep.rosidl_typesupport_fastrtps_c.c\n'}
[0.445116] (unity_robotics_demo_msgs) StdoutLine: {'line': b'-- Up-to-date: /home/yadhu/ur3e/src/install/unity_robotics_demo_msgs/local/lib/python3.10/dist-packages/unity_robotics_demo_msgs/_unity_robotics_demo_msgs_s.ep.rosidl_typesupport_introspection_c.c\n'}
[0.445179] (unity_robotics_demo_msgs) StdoutLine: {'line': b'-- Up-to-date: /home/yadhu/ur3e/src/install/unity_robotics_demo_msgs/local/lib/python3.10/dist-packages/unity_robotics_demo_msgs/libunity_robotics_demo_msgs__rosidl_generator_py.so\n'}
[0.445268] (unity_robotics_demo_msgs) StdoutLine: {'line': b'-- Up-to-date: /home/yadhu/ur3e/src/install/unity_robotics_demo_msgs/local/lib/python3.10/dist-packages/unity_robotics_demo_msgs/msg\n'}
[0.445343] (unity_robotics_demo_msgs) StdoutLine: {'line': b'-- Up-to-date: /home/yadhu/ur3e/src/install/unity_robotics_demo_msgs/local/lib/python3.10/dist-packages/unity_robotics_demo_msgs/msg/_unity_color.py\n'}
[0.445431] (unity_robotics_demo_msgs) StdoutLine: {'line': b'-- Up-to-date: /home/yadhu/ur3e/src/install/unity_robotics_demo_msgs/local/lib/python3.10/dist-packages/unity_robotics_demo_msgs/msg/_unity_color_s.c\n'}
[0.445493] (unity_robotics_demo_msgs) StdoutLine: {'line': b'-- Up-to-date: /home/yadhu/ur3e/src/install/unity_robotics_demo_msgs/local/lib/python3.10/dist-packages/unity_robotics_demo_msgs/msg/__init__.py\n'}
[0.445553] (unity_robotics_demo_msgs) StdoutLine: {'line': b'-- Up-to-date: /home/yadhu/ur3e/src/install/unity_robotics_demo_msgs/local/lib/python3.10/dist-packages/unity_robotics_demo_msgs/msg/_pos_rot.py\n'}
[0.445683] (unity_robotics_demo_msgs) StdoutLine: {'line': b'-- Up-to-date: /home/yadhu/ur3e/src/install/unity_robotics_demo_msgs/local/lib/python3.10/dist-packages/unity_robotics_demo_msgs/msg/_pos_rot_s.c\n'}
[0.445847] (unity_robotics_demo_msgs) StdoutLine: {'line': b'-- Up-to-date: /home/yadhu/ur3e/src/install/unity_robotics_demo_msgs/local/lib/python3.10/dist-packages/unity_robotics_demo_msgs/srv\n'}
[0.445919] (unity_robotics_demo_msgs) StdoutLine: {'line': b'-- Up-to-date: /home/yadhu/ur3e/src/install/unity_robotics_demo_msgs/local/lib/python3.10/dist-packages/unity_robotics_demo_msgs/srv/_object_pose_service_s.c\n'}
[0.445984] (unity_robotics_demo_msgs) StdoutLine: {'line': b'-- Up-to-date: /home/yadhu/ur3e/src/install/unity_robotics_demo_msgs/local/lib/python3.10/dist-packages/unity_robotics_demo_msgs/srv/_position_service.py\n'}
[0.446112] (unity_robotics_demo_msgs) StdoutLine: {'line': b'-- Up-to-date: /home/yadhu/ur3e/src/install/unity_robotics_demo_msgs/local/lib/python3.10/dist-packages/unity_robotics_demo_msgs/srv/__init__.py\n'}
[0.446173] (unity_robotics_demo_msgs) StdoutLine: {'line': b'-- Up-to-date: /home/yadhu/ur3e/src/install/unity_robotics_demo_msgs/local/lib/python3.10/dist-packages/unity_robotics_demo_msgs/srv/_position_service_s.c\n'}
[0.446235] (unity_robotics_demo_msgs) StdoutLine: {'line': b'-- Up-to-date: /home/yadhu/ur3e/src/install/unity_robotics_demo_msgs/local/lib/python3.10/dist-packages/unity_robotics_demo_msgs/srv/_object_pose_service.py\n'}
[0.446388] (unity_robotics_demo_msgs) StdoutLine: {'line': b'-- Up-to-date: /home/yadhu/ur3e/src/install/unity_robotics_demo_msgs/local/lib/python3.10/dist-packages/unity_robotics_demo_msgs/__init__.py\n'}
[0.446466] (unity_robotics_demo_msgs) StdoutLine: {'line': b'-- Up-to-date: /home/yadhu/ur3e/src/install/unity_robotics_demo_msgs/local/lib/python3.10/dist-packages/unity_robotics_demo_msgs/unity_robotics_demo_msgs_s__rosidl_typesupport_introspection_c.cpython-310-x86_64-linux-gnu.so\n'}
[0.446528] (unity_robotics_demo_msgs) StdoutLine: {'line': b'-- Up-to-date: /home/yadhu/ur3e/src/install/unity_robotics_demo_msgs/local/lib/python3.10/dist-packages/unity_robotics_demo_msgs/unity_robotics_demo_msgs_s__rosidl_typesupport_c.cpython-310-x86_64-linux-gnu.so\n'}
[0.446589] (unity_robotics_demo_msgs) StdoutLine: {'line': b'-- Up-to-date: /home/yadhu/ur3e/src/install/unity_robotics_demo_msgs/local/lib/python3.10/dist-packages/unity_robotics_demo_msgs/unity_robotics_demo_msgs_s__rosidl_typesupport_fastrtps_c.cpython-310-x86_64-linux-gnu.so\n'}
[0.446649] (unity_robotics_demo_msgs) StdoutLine: {'line': b'-- Up-to-date: /home/yadhu/ur3e/src/install/unity_robotics_demo_msgs/local/lib/python3.10/dist-packages/unity_robotics_demo_msgs/_unity_robotics_demo_msgs_s.ep.rosidl_typesupport_c.c\n'}
[0.448538] (ur_description) JobProgress: {'identifier': 'ur_description', 'progress': 'install'}
[0.448872] (ur_description) Command: {'cmd': ['/usr/bin/cmake', '--install', '/home/yadhu/ur3e/src/build/ur_description'], 'cwd': '/home/yadhu/ur3e/src/build/ur_description', 'env': OrderedDict([('HOSTNAME', 'yadhuk'), ('GIT_ASKPASS', '/vscode/vscode-server/bin/linux-x64/e54c774e0add60467559eb0d1e229c6452cf8447/extensions/git/dist/askpass.sh'), ('SHLVL', '2'), ('LD_LIBRARY_PATH', '/usr/lib/x86_64-linux-gnu/gazebo-11/plugins:/opt/ros/humble/opt/rviz_ogre_vendor/lib:/opt/ros/humble/lib/x86_64-linux-gnu:/opt/ros/humble/lib'), ('BROWSER', '/vscode/vscode-server/bin/linux-x64/e54c774e0add60467559eb0d1e229c6452cf8447/bin/helpers/browser.sh'), ('HOME', '/home/yadhu'), ('OLDPWD', '/home/yadhu/ur3e'), ('TERM_PROGRAM_VERSION', '1.97.2'), ('VSCODE_IPC_HOOK_CLI', '/tmp/vscode-ipc-191d809e-ad6a-48a3-8c83-2991c7349be6.sock'), ('DEBUGPY_ADAPTER_ENDPOINTS', '/home/yadhu/.vscode-server/extensions/ms-python.debugpy-2025.0.1-linux-x64/.noConfigDebugAdapterEndpoints/endpoint-00e5a96652343ffc.txt'), ('ROS_PYTHON_VERSION', '3'), ('VSCODE_GIT_ASKPASS_MAIN', '/vscode/vscode-server/bin/linux-x64/e54c774e0add60467559eb0d1e229c6452cf8447/extensions/git/dist/askpass-main.js'), ('VSCODE_GIT_ASKPASS_NODE', '/vscode/vscode-server/bin/linux-x64/e54c774e0add60467559eb0d1e229c6452cf8447/node'), ('PYDEVD_DISABLE_FILE_VALIDATION', '1'), ('BUNDLED_DEBUGPY_PATH', '/home/yadhu/.vscode-server/extensions/ms-python.debugpy-2025.0.1-linux-x64/bundled/libs/debugpy'), ('COLORTERM', 'truecolor'), ('REMOTE_CONTAINERS', 'true'), ('ROS_DISTRO', 'humble'), ('REMOTE_CONTAINERS_IPC', '/tmp/vscode-remote-containers-ipc-3b15b7cf-88ad-4a56-828c-69c61a495d31.sock'), ('_', '/usr/bin/colcon'), ('ROS_VERSION', '2'), ('TERM', 'xterm-256color'), ('ROS_LOCALHOST_ONLY', '0'), ('PATH', '/vscode/vscode-server/bin/linux-x64/e54c774e0add60467559eb0d1e229c6452cf8447/bin/remote-cli:/opt/ros/humble/bin:/usr/local/sbin:/usr/local/bin:/usr/sbin:/usr/bin:/sbin:/bin:/home/yadhu/.vscode-server/extensions/ms-python.debugpy-2025.0.1-linux-x64/bundled/scripts/noConfigScripts'), ('REMOTE_CONTAINERS_SOCKETS', '["/tmp/vscode-ssh-auth-3b15b7cf-88ad-4a56-828c-69c61a495d31.sock","/home/yadhu/.gnupg/S.gpg-agent"]'), ('DISPLAY', ':1'), ('LANG', 'C.UTF-8'), ('RMW_IMPLEMENTATION', 'rmw_cyclonedds_cpp'), ('LS_COLORS', 'rs=0:di=01;34:ln=01;36:mh=00:pi=40;33:so=01;35:do=01;35:bd=40;33;01:cd=40;33;01:or=40;31;01:mi=00:su=37;41:sg=30;43:ca=30;41:tw=30;42:ow=34;42:st=37;44:ex=01;32:*.tar=01;31:*.tgz=01;31:*.arc=01;31:*.arj=01;31:*.taz=01;31:*.lha=01;31:*.lz4=01;31:*.lzh=01;31:*.lzma=01;31:*.tlz=01;31:*.txz=01;31:*.tzo=01;31:*.t7z=01;31:*.zip=01;31:*.z=01;31:*.dz=01;31:*.gz=01;31:*.lrz=01;31:*.lz=01;31:*.lzo=01;31:*.xz=01;31:*.zst=01;31:*.tzst=01;31:*.bz2=01;31:*.bz=01;31:*.tbz=01;31:*.tbz2=01;31:*.tz=01;31:*.deb=01;31:*.rpm=01;31:*.jar=01;31:*.war=01;31:*.ear=01;31:*.sar=01;31:*.rar=01;31:*.alz=01;31:*.ace=01;31:*.zoo=01;31:*.cpio=01;31:*.7z=01;31:*.rz=01;31:*.cab=01;31:*.wim=01;31:*.swm=01;31:*.dwm=01;31:*.esd=01;31:*.jpg=01;35:*.jpeg=01;35:*.mjpg=01;35:*.mjpeg=01;35:*.gif=01;35:*.bmp=01;35:*.pbm=01;35:*.pgm=01;35:*.ppm=01;35:*.tga=01;35:*.xbm=01;35:*.xpm=01;35:*.tif=01;35:*.tiff=01;35:*.png=01;35:*.svg=01;35:*.svgz=01;35:*.mng=01;35:*.pcx=01;35:*.mov=01;35:*.mpg=01;35:*.mpeg=01;35:*.m2v=01;35:*.mkv=01;35:*.webm=01;35:*.webp=01;35:*.ogm=01;35:*.mp4=01;35:*.m4v=01;35:*.mp4v=01;35:*.vob=01;35:*.qt=01;35:*.nuv=01;35:*.wmv=01;35:*.asf=01;35:*.rm=01;35:*.rmvb=01;35:*.flc=01;35:*.avi=01;35:*.fli=01;35:*.flv=01;35:*.gl=01;35:*.dl=01;35:*.xcf=01;35:*.xwd=01;35:*.yuv=01;35:*.cgm=01;35:*.emf=01;35:*.ogv=01;35:*.ogx=01;35:*.aac=00;36:*.au=00;36:*.flac=00;36:*.m4a=00;36:*.mid=00;36:*.midi=00;36:*.mka=00;36:*.mp3=00;36:*.mpc=00;36:*.ogg=00;36:*.ra=00;36:*.wav=00;36:*.oga=00;36:*.opus=00;36:*.spx=00;36:*.xspf=00;36:'), ('VSCODE_GIT_IPC_HANDLE', '/tmp/vscode-git-09c052f1c4.sock'), ('TERM_PROGRAM', 'vscode'), ('SSH_AUTH_SOCK', '/tmp/vscode-ssh-auth-3b15b7cf-88ad-4a56-828c-69c61a495d31.sock'), ('ROS_DOMAIN_ID', '42'), ('AMENT_PREFIX_PATH', '/home/yadhu/ur3e/src/install/robotiq_description:/opt/ros/humble'), ('SHELL', '/bin/bash'), ('ROS_AUTOMATIC_DISCOVERY_RANGE', 'LOCALHOST'), ('VSCODE_GIT_ASKPASS_EXTRA_ARGS', ''), ('PWD', '/home/yadhu/ur3e/src/build/ur_description'), ('LC_ALL', 'C.UTF-8'), ('PYTHONPATH', '/opt/ros/humble/lib/python3.10/site-packages:/opt/ros/humble/local/lib/python3.10/dist-packages'), ('COLCON', '1'), ('CMAKE_PREFIX_PATH', '/home/yadhu/ur3e/src/install/robotiq_description:/opt/ros/humble')]), 'shell': False}
[0.456905] (ur_description) StdoutLine: {'line': b'-- Install configuration: ""\n'}
[0.457241] (ur_description) StdoutLine: {'line': b'-- Up-to-date: /home/yadhu/ur3e/src/install/ur_description/share/ur_description/config\n'}
[0.457510] (ur_description) StdoutLine: {'line': b'-- Up-to-date: /home/yadhu/ur3e/src/install/ur_description/share/ur_description/config/ur_controllers.yaml\n'}
[0.457614] (ur_description) StdoutLine: {'line': b'-- Up-to-date: /home/yadhu/ur3e/src/install/ur_description/share/ur_description/config/ur10e\n'}
[0.457691] (ur_description) StdoutLine: {'line': b'-- Up-to-date: /home/yadhu/ur3e/src/install/ur_description/share/ur_description/config/ur10e/joint_limits.yaml\n'}
[0.457764] (ur_description) StdoutLine: {'line': b'-- Up-to-date: /home/yadhu/ur3e/src/install/ur_description/share/ur_description/config/ur10e/visual_parameters.yaml\n'}
[0.457845] (ur_description) StdoutLine: {'line': b'-- Up-to-date: /home/yadhu/ur3e/src/install/ur_description/share/ur_description/config/ur10e/physical_parameters.yaml\n'}
[0.458083] (ur_description) StdoutLine: {'line': b'-- Up-to-date: /home/yadhu/ur3e/src/install/ur_description/share/ur_description/config/ur10e/default_kinematics.yaml\n'}
[0.458173] (ur_description) StdoutLine: {'line': b'-- Up-to-date: /home/yadhu/ur3e/src/install/ur_description/share/ur_description/config/ur30\n'}
[0.458251] (ur_description) StdoutLine: {'line': b'-- Up-to-date: /home/yadhu/ur3e/src/install/ur_description/share/ur_description/config/ur30/joint_limits.yaml\n'}
[0.458346] (ur_description) StdoutLine: {'line': b'-- Up-to-date: /home/yadhu/ur3e/src/install/ur_description/share/ur_description/config/ur30/visual_parameters.yaml\n'}
[0.458435] (ur_description) StdoutLine: {'line': b'-- Up-to-date: /home/yadhu/ur3e/src/install/ur_description/share/ur_description/config/ur30/physical_parameters.yaml\n'}
[0.458509] (ur_description) StdoutLine: {'line': b'-- Up-to-date: /home/yadhu/ur3e/src/install/ur_description/share/ur_description/config/ur30/default_kinematics.yaml\n'}
[0.458579] (ur_description) StdoutLine: {'line': b'-- Up-to-date: /home/yadhu/ur3e/src/install/ur_description/share/ur_description/config/ur5e\n'}
[0.458659] (ur_description) StdoutLine: {'line': b'-- Up-to-date: /home/yadhu/ur3e/src/install/ur_description/share/ur_description/config/ur5e/joint_limits.yaml\n'}
[0.458744] (ur_description) StdoutLine: {'line': b'-- Up-to-date: /home/yadhu/ur3e/src/install/ur_description/share/ur_description/config/ur5e/visual_parameters.yaml\n'}
[0.459030] (ur_description) StdoutLine: {'line': b'-- Up-to-date: /home/yadhu/ur3e/src/install/ur_description/share/ur_description/config/ur5e/physical_parameters.yaml\n'}
[0.459126] (ur_description) StdoutLine: {'line': b'-- Up-to-date: /home/yadhu/ur3e/src/install/ur_description/share/ur_description/config/ur5e/default_kinematics.yaml\n'}
[0.459215] (ur_description) StdoutLine: {'line': b'-- Up-to-date: /home/yadhu/ur3e/src/install/ur_description/share/ur_description/config/ur5\n'}
[0.459301] (ur_description) StdoutLine: {'line': b'-- Up-to-date: /home/yadhu/ur3e/src/install/ur_description/share/ur_description/config/ur5/joint_limits.yaml\n'}
[0.459382] (ur_description) StdoutLine: {'line': b'-- Up-to-date: /home/yadhu/ur3e/src/install/ur_description/share/ur_description/config/ur5/visual_parameters.yaml\n'}
[0.459457] (ur_description) StdoutLine: {'line': b'-- Up-to-date: /home/yadhu/ur3e/src/install/ur_description/share/ur_description/config/ur5/physical_parameters.yaml\n'}
[0.459536] (ur_description) StdoutLine: {'line': b'-- Up-to-date: /home/yadhu/ur3e/src/install/ur_description/share/ur_description/config/ur5/default_kinematics.yaml\n'}
[0.459615] (ur_description) StdoutLine: {'line': b'-- Up-to-date: /home/yadhu/ur3e/src/install/ur_description/share/ur_description/config/ur3e\n'}
[0.459695] (ur_description) StdoutLine: {'line': b'-- Up-to-date: /home/yadhu/ur3e/src/install/ur_description/share/ur_description/config/ur3e/joint_limits.yaml\n'}
[0.459775] (ur_description) StdoutLine: {'line': b'-- Up-to-date: /home/yadhu/ur3e/src/install/ur_description/share/ur_description/config/ur3e/visual_parameters.yaml\n'}
[0.459850] (ur_description) StdoutLine: {'line': b'-- Up-to-date: /home/yadhu/ur3e/src/install/ur_description/share/ur_description/config/ur3e/physical_parameters.yaml\n'}
[0.459927] (ur_description) StdoutLine: {'line': b'-- Up-to-date: /home/yadhu/ur3e/src/install/ur_description/share/ur_description/config/ur3e/default_kinematics.yaml\n'}
[0.460016] (ur_description) StdoutLine: {'line': b'-- Up-to-date: /home/yadhu/ur3e/src/install/ur_description/share/ur_description/config/ur10\n'}
[0.460100] (ur_description) StdoutLine: {'line': b'-- Up-to-date: /home/yadhu/ur3e/src/install/ur_description/share/ur_description/config/ur10/joint_limits.yaml\n'}
[0.460175] (ur_description) StdoutLine: {'line': b'-- Up-to-date: /home/yadhu/ur3e/src/install/ur_description/share/ur_description/config/ur10/visual_parameters.yaml\n'}
[0.460702] (ur_description) StdoutLine: {'line': b'-- Up-to-date: /home/yadhu/ur3e/src/install/ur_description/share/ur_description/config/ur10/physical_parameters.yaml\n'}
[0.461117] (ur_description) StdoutLine: {'line': b'-- Up-to-date: /home/yadhu/ur3e/src/install/ur_description/share/ur_description/config/ur10/default_kinematics.yaml\n'}
[0.461199] (ur_description) StdoutLine: {'line': b'-- Up-to-date: /home/yadhu/ur3e/src/install/ur_description/share/ur_description/config/initial_positions.yaml\n'}
[0.461246] (ur_description) StdoutLine: {'line': b'-- Up-to-date: /home/yadhu/ur3e/src/install/ur_description/share/ur_description/config/ros2control_controllers.yaml\n'}
[0.461296] (ur_description) StdoutLine: {'line': b'-- Up-to-date: /home/yadhu/ur3e/src/install/ur_description/share/ur_description/config/ur20\n'}
[0.461542] (ur_description) StdoutLine: {'line': b'-- Up-to-date: /home/yadhu/ur3e/src/install/ur_description/share/ur_description/config/ur20/joint_limits.yaml\n'}
[0.461581] (ur_description) StdoutLine: {'line': b'-- Up-to-date: /home/yadhu/ur3e/src/install/ur_description/share/ur_description/config/ur20/visual_parameters.yaml\n'}
[0.461613] (ur_description) StdoutLine: {'line': b'-- Up-to-date: /home/yadhu/ur3e/src/install/ur_description/share/ur_description/config/ur20/physical_parameters.yaml\n'}
[0.461652] (ur_description) StdoutLine: {'line': b'-- Up-to-date: /home/yadhu/ur3e/src/install/ur_description/share/ur_description/config/ur20/default_kinematics.yaml\n'}
[0.461692] (ur_description) StdoutLine: {'line': b'-- Up-to-date: /home/yadhu/ur3e/src/install/ur_description/share/ur_description/config/ur3\n'}
[0.461730] (ur_description) StdoutLine: {'line': b'-- Up-to-date: /home/yadhu/ur3e/src/install/ur_description/share/ur_description/config/ur3/joint_limits.yaml\n'}
[0.461768] (ur_description) StdoutLine: {'line': b'-- Up-to-date: /home/yadhu/ur3e/src/install/ur_description/share/ur_description/config/ur3/visual_parameters.yaml\n'}
[0.461805] (ur_description) StdoutLine: {'line': b'-- Up-to-date: /home/yadhu/ur3e/src/install/ur_description/share/ur_description/config/ur3/physical_parameters.yaml\n'}
[0.461842] (ur_description) StdoutLine: {'line': b'-- Up-to-date: /home/yadhu/ur3e/src/install/ur_description/share/ur_description/config/ur3/default_kinematics.yaml\n'}
[0.461879] (ur_description) StdoutLine: {'line': b'-- Up-to-date: /home/yadhu/ur3e/src/install/ur_description/share/ur_description/config/ur16e\n'}
[0.461917] (ur_description) StdoutLine: {'line': b'-- Up-to-date: /home/yadhu/ur3e/src/install/ur_description/share/ur_description/config/ur16e/joint_limits.yaml\n'}
[0.461953] (ur_description) StdoutLine: {'line': b'-- Up-to-date: /home/yadhu/ur3e/src/install/ur_description/share/ur_description/config/ur16e/visual_parameters.yaml\n'}
[0.461991] (ur_description) StdoutLine: {'line': b'-- Up-to-date: /home/yadhu/ur3e/src/install/ur_description/share/ur_description/config/ur16e/physical_parameters.yaml\n'}
[0.462027] (ur_description) StdoutLine: {'line': b'-- Up-to-date: /home/yadhu/ur3e/src/install/ur_description/share/ur_description/config/ur16e/default_kinematics.yaml\n'}
[0.462061] (ur_description) StdoutLine: {'line': b'-- Up-to-date: /home/yadhu/ur3e/src/install/ur_description/share/ur_description/launch\n'}
[0.462096] (ur_description) StdoutLine: {'line': b'-- Up-to-date: /home/yadhu/ur3e/src/install/ur_description/share/ur_description/launch/gazebo.launch.py\n'}
[0.462131] (ur_description) StdoutLine: {'line': b'-- Up-to-date: /home/yadhu/ur3e/src/install/ur_description/share/ur_description/launch/rviz.launch.py\n'}
[0.462165] (ur_description) StdoutLine: {'line': b'-- Up-to-date: /home/yadhu/ur3e/src/install/ur_description/share/ur_description/meshes\n'}
[0.462200] (ur_description) StdoutLine: {'line': b'-- Up-to-date: /home/yadhu/ur3e/src/install/ur_description/share/ur_description/meshes/ur10e\n'}
[0.462235] (ur_description) StdoutLine: {'line': b'-- Up-to-date: /home/yadhu/ur3e/src/install/ur_description/share/ur_description/meshes/ur10e/collision\n'}
[0.462269] (ur_description) StdoutLine: {'line': b'-- Up-to-date: /home/yadhu/ur3e/src/install/ur_description/share/ur_description/meshes/ur10e/collision/wrist2.stl\n'}
[0.462315] (ur_description) StdoutLine: {'line': b'-- Up-to-date: /home/yadhu/ur3e/src/install/ur_description/share/ur_description/meshes/ur10e/collision/base.stl\n'}
[0.462382] (ur_description) StdoutLine: {'line': b'-- Up-to-date: /home/yadhu/ur3e/src/install/ur_description/share/ur_description/meshes/ur10e/collision/upperarm.stl\n'}
[0.462416] (ur_description) StdoutLine: {'line': b'-- Up-to-date: /home/yadhu/ur3e/src/install/ur_description/share/ur_description/meshes/ur10e/collision/forearm.stl\n'}
[0.462448] (ur_description) StdoutLine: {'line': b'-- Up-to-date: /home/yadhu/ur3e/src/install/ur_description/share/ur_description/meshes/ur10e/collision/wrist1.stl\n'}
[0.462502] (ur_description) StdoutLine: {'line': b'-- Up-to-date: /home/yadhu/ur3e/src/install/ur_description/share/ur_description/meshes/ur10e/collision/shoulder.stl\n'}
[0.462534] (ur_description) StdoutLine: {'line': b'-- Up-to-date: /home/yadhu/ur3e/src/install/ur_description/share/ur_description/meshes/ur10e/collision/wrist3.stl\n'}
[0.462614] (ur_description) StdoutLine: {'line': b'-- Up-to-date: /home/yadhu/ur3e/src/install/ur_description/share/ur_description/meshes/ur10e/visual\n'}
[0.462644] (ur_description) StdoutLine: {'line': b'-- Up-to-date: /home/yadhu/ur3e/src/install/ur_description/share/ur_description/meshes/ur10e/visual/wrist2.dae\n'}
[0.462718] (ur_description) StdoutLine: {'line': b'-- Up-to-date: /home/yadhu/ur3e/src/install/ur_description/share/ur_description/meshes/ur10e/visual/base.dae\n'}
[0.462747] (ur_description) StdoutLine: {'line': b'-- Up-to-date: /home/yadhu/ur3e/src/install/ur_description/share/ur_description/meshes/ur10e/visual/wrist3.dae\n'}
[0.462776] (ur_description) StdoutLine: {'line': b'-- Up-to-date: /home/yadhu/ur3e/src/install/ur_description/share/ur_description/meshes/ur10e/visual/upperarm.dae\n'}
[0.462808] (ur_description) StdoutLine: {'line': b'-- Up-to-date: /home/yadhu/ur3e/src/install/ur_description/share/ur_description/meshes/ur10e/visual/wrist1.dae\n'}
[0.462835] (ur_description) StdoutLine: {'line': b'-- Up-to-date: /home/yadhu/ur3e/src/install/ur_description/share/ur_description/meshes/ur10e/visual/forearm.dae\n'}
[0.462863] (ur_description) StdoutLine: {'line': b'-- Up-to-date: /home/yadhu/ur3e/src/install/ur_description/share/ur_description/meshes/ur10e/visual/shoulder.dae\n'}
[0.462945] (ur_description) StdoutLine: {'line': b'-- Up-to-date: /home/yadhu/ur3e/src/install/ur_description/share/ur_description/meshes/ur30\n'}
[0.462983] (ur_description) StdoutLine: {'line': b'-- Up-to-date: /home/yadhu/ur3e/src/install/ur_description/share/ur_description/meshes/ur30/LICENSE.txt\n'}
[0.463020] (ur_description) StdoutLine: {'line': b'-- Up-to-date: /home/yadhu/ur3e/src/install/ur_description/share/ur_description/meshes/ur30/collision\n'}
[0.463057] (ur_description) StdoutLine: {'line': b'-- Up-to-date: /home/yadhu/ur3e/src/install/ur_description/share/ur_description/meshes/ur30/collision/upperarm.stl\n'}
[0.463094] (ur_description) StdoutLine: {'line': b'-- Up-to-date: /home/yadhu/ur3e/src/install/ur_description/share/ur_description/meshes/ur30/collision/forearm.stl\n'}
[0.463130] (ur_description) StdoutLine: {'line': b'-- Up-to-date: /home/yadhu/ur3e/src/install/ur_description/share/ur_description/meshes/ur30/visual\n'}
[0.463202] (ur_description) StdoutLine: {'line': b'-- Up-to-date: /home/yadhu/ur3e/src/install/ur_description/share/ur_description/meshes/ur30/visual/UR30_DIFF_8bit_2K.png\n'}
[0.463245] (ur_description) StdoutLine: {'line': b'-- Up-to-date: /home/yadhu/ur3e/src/install/ur_description/share/ur_description/meshes/ur30/visual/upperarm.dae\n'}
[0.463283] (ur_description) StdoutLine: {'line': b'-- Up-to-date: /home/yadhu/ur3e/src/install/ur_description/share/ur_description/meshes/ur30/visual/forearm.dae\n'}
[0.463543] (ur_description) StdoutLine: {'line': b'-- Up-to-date: /home/yadhu/ur3e/src/install/ur_description/share/ur_description/meshes/ur5e\n'}
[0.464175] (ur_description) StdoutLine: {'line': b'-- Up-to-date: /home/yadhu/ur3e/src/install/ur_description/share/ur_description/meshes/ur5e/collision\n'}
[0.464321] (ur_description) StdoutLine: {'line': b'-- Up-to-date: /home/yadhu/ur3e/src/install/ur_description/share/ur_description/meshes/ur5e/collision/wrist2.stl\n'}
[0.464447] (ur_description) StdoutLine: {'line': b'-- Up-to-date: /home/yadhu/ur3e/src/install/ur_description/share/ur_description/meshes/ur5e/collision/base.stl\n'}
[0.464631] (ur_description) StdoutLine: {'line': b'-- Up-to-date: /home/yadhu/ur3e/src/install/ur_description/share/ur_description/meshes/ur5e/collision/upperarm.stl\n'}
[0.464768] (ur_description) StdoutLine: {'line': b'-- Up-to-date: /home/yadhu/ur3e/src/install/ur_description/share/ur_description/meshes/ur5e/collision/forearm.stl\n'}
[0.464894] (ur_description) StdoutLine: {'line': b'-- Up-to-date: /home/yadhu/ur3e/src/install/ur_description/share/ur_description/meshes/ur5e/collision/wrist1.stl\n'}
[0.465003] (ur_description) StdoutLine: {'line': b'-- Up-to-date: /home/yadhu/ur3e/src/install/ur_description/share/ur_description/meshes/ur5e/collision/shoulder.stl\n'}
[0.465099] (ur_description) StdoutLine: {'line': b'-- Up-to-date: /home/yadhu/ur3e/src/install/ur_description/share/ur_description/meshes/ur5e/collision/wrist3.stl\n'}
[0.465196] (ur_description) StdoutLine: {'line': b'-- Up-to-date: /home/yadhu/ur3e/src/install/ur_description/share/ur_description/meshes/ur5e/visual\n'}
[0.465271] (ur_description) StdoutLine: {'line': b'-- Up-to-date: /home/yadhu/ur3e/src/install/ur_description/share/ur_description/meshes/ur5e/visual/wrist2.dae\n'}
[0.465375] (ur_description) StdoutLine: {'line': b'-- Up-to-date: /home/yadhu/ur3e/src/install/ur_description/share/ur_description/meshes/ur5e/visual/base.dae\n'}
[0.465463] (ur_description) StdoutLine: {'line': b'-- Up-to-date: /home/yadhu/ur3e/src/install/ur_description/share/ur_description/meshes/ur5e/visual/wrist3.dae\n'}
[0.465534] (ur_description) StdoutLine: {'line': b'-- Up-to-date: /home/yadhu/ur3e/src/install/ur_description/share/ur_description/meshes/ur5e/visual/upperarm.dae\n'}
[0.465603] (ur_description) StdoutLine: {'line': b'-- Up-to-date: /home/yadhu/ur3e/src/install/ur_description/share/ur_description/meshes/ur5e/visual/wrist1.dae\n'}
[0.465672] (ur_description) StdoutLine: {'line': b'-- Up-to-date: /home/yadhu/ur3e/src/install/ur_description/share/ur_description/meshes/ur5e/visual/forearm.dae\n'}
[0.465744] (ur_description) StdoutLine: {'line': b'-- Up-to-date: /home/yadhu/ur3e/src/install/ur_description/share/ur_description/meshes/ur5e/visual/shoulder.dae\n'}
[0.465834] (ur_description) StdoutLine: {'line': b'-- Up-to-date: /home/yadhu/ur3e/src/install/ur_description/share/ur_description/meshes/ur5\n'}
[0.465907] (ur_description) StdoutLine: {'line': b'-- Up-to-date: /home/yadhu/ur3e/src/install/ur_description/share/ur_description/meshes/ur5/collision\n'}
[0.465976] (ur_description) StdoutLine: {'line': b'-- Up-to-date: /home/yadhu/ur3e/src/install/ur_description/share/ur_description/meshes/ur5/collision/wrist2.stl\n'}
[0.466045] (ur_description) StdoutLine: {'line': b'-- Up-to-date: /home/yadhu/ur3e/src/install/ur_description/share/ur_description/meshes/ur5/collision/base.stl\n'}
[0.466113] (ur_description) StdoutLine: {'line': b'-- Up-to-date: /home/yadhu/ur3e/src/install/ur_description/share/ur_description/meshes/ur5/collision/upperarm.stl\n'}
[0.466182] (ur_description) StdoutLine: {'line': b'-- Up-to-date: /home/yadhu/ur3e/src/install/ur_description/share/ur_description/meshes/ur5/collision/forearm.stl\n'}
[0.466250] (ur_description) StdoutLine: {'line': b'-- Up-to-date: /home/yadhu/ur3e/src/install/ur_description/share/ur_description/meshes/ur5/collision/wrist1.stl\n'}
[0.466328] (ur_description) StdoutLine: {'line': b'-- Up-to-date: /home/yadhu/ur3e/src/install/ur_description/share/ur_description/meshes/ur5/collision/shoulder.stl\n'}
[0.466427] (ur_description) StdoutLine: {'line': b'-- Up-to-date: /home/yadhu/ur3e/src/install/ur_description/share/ur_description/meshes/ur5/collision/wrist3.stl\n'}
[0.466565] (ur_description) StdoutLine: {'line': b'-- Up-to-date: /home/yadhu/ur3e/src/install/ur_description/share/ur_description/meshes/ur5/visual\n'}
[0.466639] (ur_description) StdoutLine: {'line': b'-- Up-to-date: /home/yadhu/ur3e/src/install/ur_description/share/ur_description/meshes/ur5/visual/wrist2.dae\n'}
[0.466707] (ur_description) StdoutLine: {'line': b'-- Up-to-date: /home/yadhu/ur3e/src/install/ur_description/share/ur_description/meshes/ur5/visual/base.dae\n'}
[0.466777] (ur_description) StdoutLine: {'line': b'-- Up-to-date: /home/yadhu/ur3e/src/install/ur_description/share/ur_description/meshes/ur5/visual/wrist3.dae\n'}
[0.466847] (ur_description) StdoutLine: {'line': b'-- Up-to-date: /home/yadhu/ur3e/src/install/ur_description/share/ur_description/meshes/ur5/visual/upperarm.dae\n'}
[0.466927] (ur_description) StdoutLine: {'line': b'-- Up-to-date: /home/yadhu/ur3e/src/install/ur_description/share/ur_description/meshes/ur5/visual/wrist1.dae\n'}
[0.467006] (ur_description) StdoutLine: {'line': b'-- Up-to-date: /home/yadhu/ur3e/src/install/ur_description/share/ur_description/meshes/ur5/visual/forearm.dae\n'}
[0.467168] (ur_description) StdoutLine: {'line': b'-- Up-to-date: /home/yadhu/ur3e/src/install/ur_description/share/ur_description/meshes/ur5/visual/shoulder.dae\n'}
[0.467295] (ur_description) StdoutLine: {'line': b'-- Up-to-date: /home/yadhu/ur3e/src/install/ur_description/share/ur_description/meshes/ur3e\n'}
[0.467401] (ur_description) StdoutLine: {'line': b'-- Up-to-date: /home/yadhu/ur3e/src/install/ur_description/share/ur_description/meshes/ur3e/collision\n'}
[0.467516] (ur_description) StdoutLine: {'line': b'-- Up-to-date: /home/yadhu/ur3e/src/install/ur_description/share/ur_description/meshes/ur3e/collision/wrist2.stl\n'}
[0.467605] (ur_description) StdoutLine: {'line': b'-- Up-to-date: /home/yadhu/ur3e/src/install/ur_description/share/ur_description/meshes/ur3e/collision/base.stl\n'}
[0.467682] (ur_description) StdoutLine: {'line': b'-- Up-to-date: /home/yadhu/ur3e/src/install/ur_description/share/ur_description/meshes/ur3e/collision/upperarm.stl\n'}
[0.467753] (ur_description) StdoutLine: {'line': b'-- Up-to-date: /home/yadhu/ur3e/src/install/ur_description/share/ur_description/meshes/ur3e/collision/forearm.stl\n'}
[0.467824] (ur_description) StdoutLine: {'line': b'-- Up-to-date: /home/yadhu/ur3e/src/install/ur_description/share/ur_description/meshes/ur3e/collision/wrist1.stl\n'}
[0.467897] (ur_description) StdoutLine: {'line': b'-- Up-to-date: /home/yadhu/ur3e/src/install/ur_description/share/ur_description/meshes/ur3e/collision/shoulder.stl\n'}
[0.468020] (ur_description) StdoutLine: {'line': b'-- Up-to-date: /home/yadhu/ur3e/src/install/ur_description/share/ur_description/meshes/ur3e/collision/wrist3.stl\n'}
[0.468127] (ur_description) StdoutLine: {'line': b'-- Up-to-date: /home/yadhu/ur3e/src/install/ur_description/share/ur_description/meshes/ur3e/visual\n'}
[0.468212] (ur_description) StdoutLine: {'line': b'-- Up-to-date: /home/yadhu/ur3e/src/install/ur_description/share/ur_description/meshes/ur3e/visual/wrist2.dae\n'}
[0.468350] (ur_description) StdoutLine: {'line': b'-- Up-to-date: /home/yadhu/ur3e/src/install/ur_description/share/ur_description/meshes/ur3e/visual/base.dae\n'}
[0.468436] (ur_description) StdoutLine: {'line': b'-- Up-to-date: /home/yadhu/ur3e/src/install/ur_description/share/ur_description/meshes/ur3e/visual/wrist3.dae\n'}
[0.468533] (ur_description) StdoutLine: {'line': b'-- Up-to-date: /home/yadhu/ur3e/src/install/ur_description/share/ur_description/meshes/ur3e/visual/upperarm.dae\n'}
[0.468624] (ur_description) StdoutLine: {'line': b'-- Up-to-date: /home/yadhu/ur3e/src/install/ur_description/share/ur_description/meshes/ur3e/visual/wrist1.dae\n'}
[0.468714] (ur_description) StdoutLine: {'line': b'-- Up-to-date: /home/yadhu/ur3e/src/install/ur_description/share/ur_description/meshes/ur3e/visual/forearm.dae\n'}
[0.468806] (ur_description) StdoutLine: {'line': b'-- Up-to-date: /home/yadhu/ur3e/src/install/ur_description/share/ur_description/meshes/ur3e/visual/shoulder.dae\n'}
[0.468901] (ur_description) StdoutLine: {'line': b'-- Up-to-date: /home/yadhu/ur3e/src/install/ur_description/share/ur_description/meshes/ur10\n'}
[0.468999] (ur_description) StdoutLine: {'line': b'-- Up-to-date: /home/yadhu/ur3e/src/install/ur_description/share/ur_description/meshes/ur10/collision\n'}
[0.469094] (ur_description) StdoutLine: {'line': b'-- Up-to-date: /home/yadhu/ur3e/src/install/ur_description/share/ur_description/meshes/ur10/collision/wrist2.stl\n'}
[0.469185] (ur_description) StdoutLine: {'line': b'-- Up-to-date: /home/yadhu/ur3e/src/install/ur_description/share/ur_description/meshes/ur10/collision/base.stl\n'}
[0.469285] (ur_description) StdoutLine: {'line': b'-- Up-to-date: /home/yadhu/ur3e/src/install/ur_description/share/ur_description/meshes/ur10/collision/upperarm.stl\n'}
[0.469410] (ur_description) StdoutLine: {'line': b'-- Up-to-date: /home/yadhu/ur3e/src/install/ur_description/share/ur_description/meshes/ur10/collision/forearm.stl\n'}
[0.469521] (ur_description) StdoutLine: {'line': b'-- Up-to-date: /home/yadhu/ur3e/src/install/ur_description/share/ur_description/meshes/ur10/collision/wrist1.stl\n'}
[0.469619] (ur_description) StdoutLine: {'line': b'-- Up-to-date: /home/yadhu/ur3e/src/install/ur_description/share/ur_description/meshes/ur10/collision/shoulder.stl\n'}
[0.469706] (ur_description) StdoutLine: {'line': b'-- Up-to-date: /home/yadhu/ur3e/src/install/ur_description/share/ur_description/meshes/ur10/collision/wrist3.stl\n'}
[0.469809] (ur_description) StdoutLine: {'line': b'-- Up-to-date: /home/yadhu/ur3e/src/install/ur_description/share/ur_description/meshes/ur10/visual\n'}
[0.469933] (ur_description) StdoutLine: {'line': b'-- Up-to-date: /home/yadhu/ur3e/src/install/ur_description/share/ur_description/meshes/ur10/visual/wrist2.dae\n'}
[0.470072] (ur_description) StdoutLine: {'line': b'-- Up-to-date: /home/yadhu/ur3e/src/install/ur_description/share/ur_description/meshes/ur10/visual/base.dae\n'}
[0.470247] (ur_description) StdoutLine: {'line': b'-- Up-to-date: /home/yadhu/ur3e/src/install/ur_description/share/ur_description/meshes/ur10/visual/wrist3.dae\n'}
[0.470496] (ur_description) StdoutLine: {'line': b'-- Up-to-date: /home/yadhu/ur3e/src/install/ur_description/share/ur_description/meshes/ur10/visual/upperarm.dae\n'}
[0.471045] (ur_description) StdoutLine: {'line': b'-- Up-to-date: /home/yadhu/ur3e/src/install/ur_description/share/ur_description/meshes/ur10/visual/wrist1.dae\n'}
[0.471479] (ur_description) StdoutLine: {'line': b'-- Up-to-date: /home/yadhu/ur3e/src/install/ur_description/share/ur_description/meshes/ur10/visual/forearm.dae\n'}
[0.471738] (ur_description) StdoutLine: {'line': b'-- Up-to-date: /home/yadhu/ur3e/src/install/ur_description/share/ur_description/meshes/ur10/visual/shoulder.dae\n'}
[0.471946] (ur_description) StdoutLine: {'line': b'-- Up-to-date: /home/yadhu/ur3e/src/install/ur_description/share/ur_description/meshes/ur20\n'}
[0.472087] (ur_description) StdoutLine: {'line': b'-- Up-to-date: /home/yadhu/ur3e/src/install/ur_description/share/ur_description/meshes/ur20/LICENSE.txt\n'}
[0.472492] (ur_description) StdoutLine: {'line': b'-- Up-to-date: /home/yadhu/ur3e/src/install/ur_description/share/ur_description/meshes/ur20/collision\n'}
[0.472835] (ur_description) StdoutLine: {'line': b'-- Up-to-date: /home/yadhu/ur3e/src/install/ur_description/share/ur_description/meshes/ur20/collision/wrist2.stl\n'}
[0.473239] (ur_description) StdoutLine: {'line': b'-- Up-to-date: /home/yadhu/ur3e/src/install/ur_description/share/ur_description/meshes/ur20/collision/base.stl\n'}
[0.473964] (ur_description) StdoutLine: {'line': b'-- Up-to-date: /home/yadhu/ur3e/src/install/ur_description/share/ur_description/meshes/ur20/collision/upperarm.stl\n'}
[0.474613] (ur_description) StdoutLine: {'line': b'-- Up-to-date: /home/yadhu/ur3e/src/install/ur_description/share/ur_description/meshes/ur20/collision/forearm.stl\n'}
[0.474663] (ur_description) StdoutLine: {'line': b'-- Up-to-date: /home/yadhu/ur3e/src/install/ur_description/share/ur_description/meshes/ur20/collision/wrist1.stl\n'}
[0.474698] (ur_description) StdoutLine: {'line': b'-- Up-to-date: /home/yadhu/ur3e/src/install/ur_description/share/ur_description/meshes/ur20/collision/shoulder.stl\n'}
[0.474729] (ur_description) StdoutLine: {'line': b'-- Up-to-date: /home/yadhu/ur3e/src/install/ur_description/share/ur_description/meshes/ur20/collision/wrist3.stl\n'}
[0.474759] (ur_description) StdoutLine: {'line': b'-- Up-to-date: /home/yadhu/ur3e/src/install/ur_description/share/ur_description/meshes/ur20/visual\n'}
[0.474789] (ur_description) StdoutLine: {'line': b'-- Up-to-date: /home/yadhu/ur3e/src/install/ur_description/share/ur_description/meshes/ur20/visual/wrist2.dae\n'}
[0.474818] (ur_description) StdoutLine: {'line': b'-- Up-to-date: /home/yadhu/ur3e/src/install/ur_description/share/ur_description/meshes/ur20/visual/base.dae\n'}
[0.474935] (ur_description) StdoutLine: {'line': b'-- Up-to-date: /home/yadhu/ur3e/src/install/ur_description/share/ur_description/meshes/ur20/visual/wrist3.dae\n'}
[0.474968] (ur_description) StdoutLine: {'line': b'-- Up-to-date: /home/yadhu/ur3e/src/install/ur_description/share/ur_description/meshes/ur20/visual/upperarm.dae\n'}
[0.474997] (ur_description) StdoutLine: {'line': b'-- Up-to-date: /home/yadhu/ur3e/src/install/ur_description/share/ur_description/meshes/ur20/visual/wrist1.dae\n'}
[0.475025] (ur_description) StdoutLine: {'line': b'-- Up-to-date: /home/yadhu/ur3e/src/install/ur_description/share/ur_description/meshes/ur20/visual/forearm.dae\n'}
[0.475053] (ur_description) StdoutLine: {'line': b'-- Up-to-date: /home/yadhu/ur3e/src/install/ur_description/share/ur_description/meshes/ur20/visual/UR20_DIFF_8bit_2K.png\n'}
[0.475085] (ur_description) StdoutLine: {'line': b'-- Up-to-date: /home/yadhu/ur3e/src/install/ur_description/share/ur_description/meshes/ur20/visual/shoulder.dae\n'}
[0.475114] (ur_description) StdoutLine: {'line': b'-- Up-to-date: /home/yadhu/ur3e/src/install/ur_description/share/ur_description/meshes/ur3\n'}
[0.475142] (ur_description) StdoutLine: {'line': b'-- Up-to-date: /home/yadhu/ur3e/src/install/ur_description/share/ur_description/meshes/ur3/collision\n'}
[0.475169] (ur_description) StdoutLine: {'line': b'-- Up-to-date: /home/yadhu/ur3e/src/install/ur_description/share/ur_description/meshes/ur3/collision/wrist2.stl\n'}
[0.475197] (ur_description) StdoutLine: {'line': b'-- Up-to-date: /home/yadhu/ur3e/src/install/ur_description/share/ur_description/meshes/ur3/collision/base.stl\n'}
[0.475225] (ur_description) StdoutLine: {'line': b'-- Up-to-date: /home/yadhu/ur3e/src/install/ur_description/share/ur_description/meshes/ur3/collision/upperarm.stl\n'}
[0.475253] (ur_description) StdoutLine: {'line': b'-- Up-to-date: /home/yadhu/ur3e/src/install/ur_description/share/ur_description/meshes/ur3/collision/forearm.stl\n'}
[0.475280] (ur_description) StdoutLine: {'line': b'-- Up-to-date: /home/yadhu/ur3e/src/install/ur_description/share/ur_description/meshes/ur3/collision/wrist1.stl\n'}
[0.475318] (ur_description) StdoutLine: {'line': b'-- Up-to-date: /home/yadhu/ur3e/src/install/ur_description/share/ur_description/meshes/ur3/collision/shoulder.stl\n'}
[0.475348] (ur_description) StdoutLine: {'line': b'-- Up-to-date: /home/yadhu/ur3e/src/install/ur_description/share/ur_description/meshes/ur3/collision/wrist3.stl\n'}
[0.475375] (ur_description) StdoutLine: {'line': b'-- Up-to-date: /home/yadhu/ur3e/src/install/ur_description/share/ur_description/meshes/ur3/visual\n'}
[0.475405] (ur_description) StdoutLine: {'line': b'-- Up-to-date: /home/yadhu/ur3e/src/install/ur_description/share/ur_description/meshes/ur3/visual/wrist2.dae\n'}
[0.475432] (ur_description) StdoutLine: {'line': b'-- Up-to-date: /home/yadhu/ur3e/src/install/ur_description/share/ur_description/meshes/ur3/visual/base.dae\n'}
[0.475460] (ur_description) StdoutLine: {'line': b'-- Up-to-date: /home/yadhu/ur3e/src/install/ur_description/share/ur_description/meshes/ur3/visual/wrist3.dae\n'}
[0.475488] (ur_description) StdoutLine: {'line': b'-- Up-to-date: /home/yadhu/ur3e/src/install/ur_description/share/ur_description/meshes/ur3/visual/upperarm.dae\n'}
[0.475516] (ur_description) StdoutLine: {'line': b'-- Up-to-date: /home/yadhu/ur3e/src/install/ur_description/share/ur_description/meshes/ur3/visual/wrist1.dae\n'}
[0.475543] (ur_description) StdoutLine: {'line': b'-- Up-to-date: /home/yadhu/ur3e/src/install/ur_description/share/ur_description/meshes/ur3/visual/forearm.dae\n'}
[0.475570] (ur_description) StdoutLine: {'line': b'-- Up-to-date: /home/yadhu/ur3e/src/install/ur_description/share/ur_description/meshes/ur3/visual/shoulder.dae\n'}
[0.475599] (ur_description) StdoutLine: {'line': b'-- Up-to-date: /home/yadhu/ur3e/src/install/ur_description/share/ur_description/meshes/ur16e\n'}
[0.475626] (ur_description) StdoutLine: {'line': b'-- Up-to-date: /home/yadhu/ur3e/src/install/ur_description/share/ur_description/meshes/ur16e/collision\n'}
[0.475975] (ur_description) StdoutLine: {'line': b'-- Up-to-date: /home/yadhu/ur3e/src/install/ur_description/share/ur_description/meshes/ur16e/collision/upperarm.stl\n'}
[0.476009] (ur_description) StdoutLine: {'line': b'-- Up-to-date: /home/yadhu/ur3e/src/install/ur_description/share/ur_description/meshes/ur16e/collision/forearm.stl\n'}
[0.476084] (ur_description) StdoutLine: {'line': b'-- Up-to-date: /home/yadhu/ur3e/src/install/ur_description/share/ur_description/meshes/ur16e/visual\n'}
[0.476251] (ur_description) StdoutLine: {'line': b'-- Up-to-date: /home/yadhu/ur3e/src/install/ur_description/share/ur_description/meshes/ur16e/visual/upperarm.dae\n'}
[0.476538] (ur_description) StdoutLine: {'line': b'-- Up-to-date: /home/yadhu/ur3e/src/install/ur_description/share/ur_description/meshes/ur16e/visual/forearm.dae\n'}
[0.476825] (ur_description) StdoutLine: {'line': b'-- Up-to-date: /home/yadhu/ur3e/src/install/ur_description/share/ur_description/rviz\n'}
[0.476989] (ur_description) StdoutLine: {'line': b'-- Up-to-date: /home/yadhu/ur3e/src/install/ur_description/share/ur_description/rviz/view_robot.rviz\n'}
[0.477116] (ur_description) StdoutLine: {'line': b'-- Up-to-date: /home/yadhu/ur3e/src/install/ur_description/share/ur_description/urdf\n'}
[0.477152] (ur_description) StdoutLine: {'line': b'-- Up-to-date: /home/yadhu/ur3e/src/install/ur_description/share/ur_description/urdf/ur.urdf\n'}
[0.477184] (ur_description) StdoutLine: {'line': b'-- Up-to-date: /home/yadhu/ur3e/src/install/ur_description/share/ur_description/urdf/ur.ros2_control.xacro\n'}
[0.477215] (ur_description) StdoutLine: {'line': b'-- Up-to-date: /home/yadhu/ur3e/src/install/ur_description/share/ur_description/urdf/ur.urdf.xacro\n'}
[0.477244] (ur_description) StdoutLine: {'line': b'-- Up-to-date: /home/yadhu/ur3e/src/install/ur_description/share/ur_description/urdf/initial_positions.yaml\n'}
[0.477273] (ur_description) StdoutLine: {'line': b'-- Up-to-date: /home/yadhu/ur3e/src/install/ur_description/share/ur_description/urdf/ur_gripper.xacro\n'}
[0.477311] (ur_description) StdoutLine: {'line': b'-- Up-to-date: /home/yadhu/ur3e/src/install/ur_description/share/ur_description/urdf/ur_macro.xacro\n'}
[0.477343] (ur_description) StdoutLine: {'line': b'-- Up-to-date: /home/yadhu/ur3e/src/install/ur_description/share/ur_description/urdf/inc\n'}
[0.477372] (ur_description) StdoutLine: {'line': b'-- Up-to-date: /home/yadhu/ur3e/src/install/ur_description/share/ur_description/urdf/inc/ur_common.xacro\n'}
[0.477410] (ur_description) StdoutLine: {'line': b'-- Up-to-date: /home/yadhu/ur3e/src/install/ur_description/share/ur_description/urdf/inc/ur_transmissions.xacro\n'}
[0.477445] (ur_description) StdoutLine: {'line': b'-- Up-to-date: /home/yadhu/ur3e/src/install/ur_description/share/ur_description/test\n'}
[0.477474] (ur_description) StdoutLine: {'line': b'-- Up-to-date: /home/yadhu/ur3e/src/install/ur_description/share/ur_description/test/test_ur_urdf_xacro.py\n'}
[0.477506] (ur_description) StdoutLine: {'line': b'-- Up-to-date: /home/yadhu/ur3e/src/install/ur_description/share/ur_description/test/test_view_ur_launch.py\n'}
[0.477534] (ur_description) StdoutLine: {'line': b'-- Up-to-date: /home/yadhu/ur3e/src/install/ur_description/share/ament_index/resource_index/package_run_dependencies/ur_description\n'}
[0.477562] (ur_description) StdoutLine: {'line': b'-- Up-to-date: /home/yadhu/ur3e/src/install/ur_description/share/ament_index/resource_index/parent_prefix_path/ur_description\n'}
[0.477590] (ur_description) StdoutLine: {'line': b'-- Up-to-date: /home/yadhu/ur3e/src/install/ur_description/share/ur_description/environment/ament_prefix_path.sh\n'}
[0.477619] (ur_description) StdoutLine: {'line': b'-- Up-to-date: /home/yadhu/ur3e/src/install/ur_description/share/ur_description/environment/ament_prefix_path.dsv\n'}
[0.477647] (ur_description) StdoutLine: {'line': b'-- Up-to-date: /home/yadhu/ur3e/src/install/ur_description/share/ur_description/environment/path.sh\n'}
[0.477699] (ur_description) StdoutLine: {'line': b'-- Up-to-date: /home/yadhu/ur3e/src/install/ur_description/share/ur_description/environment/path.dsv\n'}
[0.477729] (ur_description) StdoutLine: {'line': b'-- Up-to-date: /home/yadhu/ur3e/src/install/ur_description/share/ur_description/local_setup.bash\n'}
[0.477757] (ur_description) StdoutLine: {'line': b'-- Up-to-date: /home/yadhu/ur3e/src/install/ur_description/share/ur_description/local_setup.sh\n'}
[0.477785] (ur_description) StdoutLine: {'line': b'-- Up-to-date: /home/yadhu/ur3e/src/install/ur_description/share/ur_description/local_setup.zsh\n'}
[0.477812] (ur_description) StdoutLine: {'line': b'-- Up-to-date: /home/yadhu/ur3e/src/install/ur_description/share/ur_description/local_setup.dsv\n'}
[0.477839] (ur_description) StdoutLine: {'line': b'-- Installing: /home/yadhu/ur3e/src/install/ur_description/share/ur_description/package.dsv\n'}
[0.477866] (ur_description) StdoutLine: {'line': b'-- Up-to-date: /home/yadhu/ur3e/src/install/ur_description/share/ament_index/resource_index/packages/ur_description\n'}
[0.477895] (ur_description) StdoutLine: {'line': b'-- Up-to-date: /home/yadhu/ur3e/src/install/ur_description/share/ur_description/cmake/ur_descriptionConfig.cmake\n'}
[0.477923] (ur_description) StdoutLine: {'line': b'-- Up-to-date: /home/yadhu/ur3e/src/install/ur_description/share/ur_description/cmake/ur_descriptionConfig-version.cmake\n'}
[0.477951] (ur_description) StdoutLine: {'line': b'-- Up-to-date: /home/yadhu/ur3e/src/install/ur_description/share/ur_description/package.xml\n'}
[0.477980] (ur_description) CommandEnded: {'returncode': 0}
[0.478134] (unity_robotics_demo_msgs) StdoutLine: {'line': b"Listing '/home/yadhu/ur3e/src/install/unity_robotics_demo_msgs/local/lib/python3.10/dist-packages/unity_robotics_demo_msgs'...\n"}
[0.478309] (unity_robotics_demo_msgs) StdoutLine: {'line': b"Listing '/home/yadhu/ur3e/src/install/unity_robotics_demo_msgs/local/lib/python3.10/dist-packages/unity_robotics_demo_msgs/msg'...\n"}
[0.478346] (unity_robotics_demo_msgs) StdoutLine: {'line': b"Listing '/home/yadhu/ur3e/src/install/unity_robotics_demo_msgs/local/lib/python3.10/dist-packages/unity_robotics_demo_msgs/srv'...\n"}
[0.478375] (unity_robotics_demo_msgs) StdoutLine: {'line': b'-- Up-to-date: /home/yadhu/ur3e/src/install/unity_robotics_demo_msgs/local/lib/python3.10/dist-packages/unity_robotics_demo_msgs/unity_robotics_demo_msgs_s__rosidl_typesupport_fastrtps_c.cpython-310-x86_64-linux-gnu.so\n'}
[0.478405] (unity_robotics_demo_msgs) StdoutLine: {'line': b'-- Up-to-date: /home/yadhu/ur3e/src/install/unity_robotics_demo_msgs/local/lib/python3.10/dist-packages/unity_robotics_demo_msgs/unity_robotics_demo_msgs_s__rosidl_typesupport_introspection_c.cpython-310-x86_64-linux-gnu.so\n'}
[0.478437] (unity_robotics_demo_msgs) StdoutLine: {'line': b'-- Up-to-date: /home/yadhu/ur3e/src/install/unity_robotics_demo_msgs/local/lib/python3.10/dist-packages/unity_robotics_demo_msgs/unity_robotics_demo_msgs_s__rosidl_typesupport_c.cpython-310-x86_64-linux-gnu.so\n'}
[0.478466] (unity_robotics_demo_msgs) StdoutLine: {'line': b'-- Up-to-date: /home/yadhu/ur3e/src/install/unity_robotics_demo_msgs/lib/libunity_robotics_demo_msgs__rosidl_generator_py.so\n'}
[0.478496] (unity_robotics_demo_msgs) StdoutLine: {'line': b'-- Up-to-date: /home/yadhu/ur3e/src/install/unity_robotics_demo_msgs/share/unity_robotics_demo_msgs/msg/PosRot.idl\n'}
[0.478525] (unity_robotics_demo_msgs) StdoutLine: {'line': b'-- Up-to-date: /home/yadhu/ur3e/src/install/unity_robotics_demo_msgs/share/unity_robotics_demo_msgs/msg/UnityColor.idl\n'}
[0.478552] (unity_robotics_demo_msgs) StdoutLine: {'line': b'-- Up-to-date: /home/yadhu/ur3e/src/install/unity_robotics_demo_msgs/share/unity_robotics_demo_msgs/srv/PositionService.idl\n'}
[0.478580] (unity_robotics_demo_msgs) StdoutLine: {'line': b'-- Up-to-date: /home/yadhu/ur3e/src/install/unity_robotics_demo_msgs/share/unity_robotics_demo_msgs/srv/ObjectPoseService.idl\n'}
[0.478609] (unity_robotics_demo_msgs) StdoutLine: {'line': b'-- Up-to-date: /home/yadhu/ur3e/src/install/unity_robotics_demo_msgs/share/unity_robotics_demo_msgs/msg/PosRot.msg\n'}
[0.478645] (unity_robotics_demo_msgs) StdoutLine: {'line': b'-- Up-to-date: /home/yadhu/ur3e/src/install/unity_robotics_demo_msgs/share/unity_robotics_demo_msgs/msg/UnityColor.msg\n'}
[0.478673] (unity_robotics_demo_msgs) StdoutLine: {'line': b'-- Up-to-date: /home/yadhu/ur3e/src/install/unity_robotics_demo_msgs/share/unity_robotics_demo_msgs/srv/PositionService.srv\n'}
[0.478723] (unity_robotics_demo_msgs) StdoutLine: {'line': b'-- Up-to-date: /home/yadhu/ur3e/src/install/unity_robotics_demo_msgs/share/unity_robotics_demo_msgs/srv/PositionService_Request.msg\n'}
[0.478755] (unity_robotics_demo_msgs) StdoutLine: {'line': b'-- Up-to-date: /home/yadhu/ur3e/src/install/unity_robotics_demo_msgs/share/unity_robotics_demo_msgs/srv/PositionService_Response.msg\n'}
[0.478786] (unity_robotics_demo_msgs) StdoutLine: {'line': b'-- Up-to-date: /home/yadhu/ur3e/src/install/unity_robotics_demo_msgs/share/unity_robotics_demo_msgs/srv/ObjectPoseService.srv\n'}
[0.478814] (unity_robotics_demo_msgs) StdoutLine: {'line': b'-- Up-to-date: /home/yadhu/ur3e/src/install/unity_robotics_demo_msgs/share/unity_robotics_demo_msgs/srv/ObjectPoseService_Request.msg\n'}
[0.478842] (unity_robotics_demo_msgs) StdoutLine: {'line': b'-- Up-to-date: /home/yadhu/ur3e/src/install/unity_robotics_demo_msgs/share/unity_robotics_demo_msgs/srv/ObjectPoseService_Response.msg\n'}
[0.478870] (unity_robotics_demo_msgs) StdoutLine: {'line': b'-- Up-to-date: /home/yadhu/ur3e/src/install/unity_robotics_demo_msgs/share/ament_index/resource_index/package_run_dependencies/unity_robotics_demo_msgs\n'}
[0.478900] (unity_robotics_demo_msgs) StdoutLine: {'line': b'-- Up-to-date: /home/yadhu/ur3e/src/install/unity_robotics_demo_msgs/share/ament_index/resource_index/parent_prefix_path/unity_robotics_demo_msgs\n'}
[0.478928] (unity_robotics_demo_msgs) StdoutLine: {'line': b'-- Up-to-date: /home/yadhu/ur3e/src/install/unity_robotics_demo_msgs/share/unity_robotics_demo_msgs/environment/ament_prefix_path.sh\n'}
[0.478958] (unity_robotics_demo_msgs) StdoutLine: {'line': b'-- Up-to-date: /home/yadhu/ur3e/src/install/unity_robotics_demo_msgs/share/unity_robotics_demo_msgs/environment/ament_prefix_path.dsv\n'}
[0.478990] (unity_robotics_demo_msgs) StdoutLine: {'line': b'-- Up-to-date: /home/yadhu/ur3e/src/install/unity_robotics_demo_msgs/share/unity_robotics_demo_msgs/environment/path.sh\n'}
[0.479026] (unity_robotics_demo_msgs) StdoutLine: {'line': b'-- Up-to-date: /home/yadhu/ur3e/src/install/unity_robotics_demo_msgs/share/unity_robotics_demo_msgs/environment/path.dsv\n'}
[0.479055] (unity_robotics_demo_msgs) StdoutLine: {'line': b'-- Up-to-date: /home/yadhu/ur3e/src/install/unity_robotics_demo_msgs/share/unity_robotics_demo_msgs/local_setup.bash\n'}
[0.479087] (unity_robotics_demo_msgs) StdoutLine: {'line': b'-- Up-to-date: /home/yadhu/ur3e/src/install/unity_robotics_demo_msgs/share/unity_robotics_demo_msgs/local_setup.sh\n'}
[0.479116] (unity_robotics_demo_msgs) StdoutLine: {'line': b'-- Up-to-date: /home/yadhu/ur3e/src/install/unity_robotics_demo_msgs/share/unity_robotics_demo_msgs/local_setup.zsh\n'}
[0.479223] (unity_robotics_demo_msgs) StdoutLine: {'line': b'-- Up-to-date: /home/yadhu/ur3e/src/install/unity_robotics_demo_msgs/share/unity_robotics_demo_msgs/local_setup.dsv\n'}
[0.479257] (unity_robotics_demo_msgs) StdoutLine: {'line': b'-- Installing: /home/yadhu/ur3e/src/install/unity_robotics_demo_msgs/share/unity_robotics_demo_msgs/package.dsv\n'}
[0.479289] (unity_robotics_demo_msgs) StdoutLine: {'line': b'-- Up-to-date: /home/yadhu/ur3e/src/install/unity_robotics_demo_msgs/share/ament_index/resource_index/packages/unity_robotics_demo_msgs\n'}
[0.479385] (unity_robotics_demo_msgs) StdoutLine: {'line': b'-- Up-to-date: /home/yadhu/ur3e/src/install/unity_robotics_demo_msgs/share/unity_robotics_demo_msgs/cmake/export_unity_robotics_demo_msgs__rosidl_generator_cExport.cmake\n'}
[0.479418] (unity_robotics_demo_msgs) StdoutLine: {'line': b'-- Up-to-date: /home/yadhu/ur3e/src/install/unity_robotics_demo_msgs/share/unity_robotics_demo_msgs/cmake/export_unity_robotics_demo_msgs__rosidl_generator_cExport-noconfig.cmake\n'}
[0.479466] (unity_robotics_demo_msgs) StdoutLine: {'line': b'-- Up-to-date: /home/yadhu/ur3e/src/install/unity_robotics_demo_msgs/share/unity_robotics_demo_msgs/cmake/export_unity_robotics_demo_msgs__rosidl_typesupport_fastrtps_cExport.cmake\n'}
[0.479497] (unity_robotics_demo_msgs) StdoutLine: {'line': b'-- Up-to-date: /home/yadhu/ur3e/src/install/unity_robotics_demo_msgs/share/unity_robotics_demo_msgs/cmake/export_unity_robotics_demo_msgs__rosidl_typesupport_fastrtps_cExport-noconfig.cmake\n'}
[0.479529] (unity_robotics_demo_msgs) StdoutLine: {'line': b'-- Up-to-date: /home/yadhu/ur3e/src/install/unity_robotics_demo_msgs/share/unity_robotics_demo_msgs/cmake/unity_robotics_demo_msgs__rosidl_typesupport_introspection_cExport.cmake\n'}
[0.479572] (unity_robotics_demo_msgs) StdoutLine: {'line': b'-- Up-to-date: /home/yadhu/ur3e/src/install/unity_robotics_demo_msgs/share/unity_robotics_demo_msgs/cmake/unity_robotics_demo_msgs__rosidl_typesupport_introspection_cExport-noconfig.cmake\n'}
[0.479620] (unity_robotics_demo_msgs) StdoutLine: {'line': b'-- Up-to-date: /home/yadhu/ur3e/src/install/unity_robotics_demo_msgs/share/unity_robotics_demo_msgs/cmake/unity_robotics_demo_msgs__rosidl_typesupport_cExport.cmake\n'}
[0.479668] (unity_robotics_demo_msgs) StdoutLine: {'line': b'-- Up-to-date: /home/yadhu/ur3e/src/install/unity_robotics_demo_msgs/share/unity_robotics_demo_msgs/cmake/unity_robotics_demo_msgs__rosidl_typesupport_cExport-noconfig.cmake\n'}
[0.479701] (unity_robotics_demo_msgs) StdoutLine: {'line': b'-- Up-to-date: /home/yadhu/ur3e/src/install/unity_robotics_demo_msgs/share/unity_robotics_demo_msgs/cmake/export_unity_robotics_demo_msgs__rosidl_generator_cppExport.cmake\n'}
[0.479730] (unity_robotics_demo_msgs) StdoutLine: {'line': b'-- Up-to-date: /home/yadhu/ur3e/src/install/unity_robotics_demo_msgs/share/unity_robotics_demo_msgs/cmake/export_unity_robotics_demo_msgs__rosidl_typesupport_fastrtps_cppExport.cmake\n'}
[0.479759] (unity_robotics_demo_msgs) StdoutLine: {'line': b'-- Up-to-date: /home/yadhu/ur3e/src/install/unity_robotics_demo_msgs/share/unity_robotics_demo_msgs/cmake/export_unity_robotics_demo_msgs__rosidl_typesupport_fastrtps_cppExport-noconfig.cmake\n'}
[0.479808] (unity_robotics_demo_msgs) StdoutLine: {'line': b'-- Up-to-date: /home/yadhu/ur3e/src/install/unity_robotics_demo_msgs/share/unity_robotics_demo_msgs/cmake/unity_robotics_demo_msgs__rosidl_typesupport_introspection_cppExport.cmake\n'}
[0.479838] (unity_robotics_demo_msgs) StdoutLine: {'line': b'-- Up-to-date: /home/yadhu/ur3e/src/install/unity_robotics_demo_msgs/share/unity_robotics_demo_msgs/cmake/unity_robotics_demo_msgs__rosidl_typesupport_introspection_cppExport-noconfig.cmake\n'}
[0.479866] (unity_robotics_demo_msgs) StdoutLine: {'line': b'-- Up-to-date: /home/yadhu/ur3e/src/install/unity_robotics_demo_msgs/share/unity_robotics_demo_msgs/cmake/unity_robotics_demo_msgs__rosidl_typesupport_cppExport.cmake\n'}
[0.479895] (unity_robotics_demo_msgs) StdoutLine: {'line': b'-- Up-to-date: /home/yadhu/ur3e/src/install/unity_robotics_demo_msgs/share/unity_robotics_demo_msgs/cmake/unity_robotics_demo_msgs__rosidl_typesupport_cppExport-noconfig.cmake\n'}
[0.479923] (unity_robotics_demo_msgs) StdoutLine: {'line': b'-- Up-to-date: /home/yadhu/ur3e/src/install/unity_robotics_demo_msgs/share/unity_robotics_demo_msgs/cmake/export_unity_robotics_demo_msgs__rosidl_generator_pyExport.cmake\n'}
[0.479950] (unity_robotics_demo_msgs) StdoutLine: {'line': b'-- Up-to-date: /home/yadhu/ur3e/src/install/unity_robotics_demo_msgs/share/unity_robotics_demo_msgs/cmake/export_unity_robotics_demo_msgs__rosidl_generator_pyExport-noconfig.cmake\n'}
[0.479978] (unity_robotics_demo_msgs) StdoutLine: {'line': b'-- Up-to-date: /home/yadhu/ur3e/src/install/unity_robotics_demo_msgs/share/unity_robotics_demo_msgs/cmake/rosidl_cmake-extras.cmake\n'}
[0.480006] (unity_robotics_demo_msgs) StdoutLine: {'line': b'-- Up-to-date: /home/yadhu/ur3e/src/install/unity_robotics_demo_msgs/share/unity_robotics_demo_msgs/cmake/ament_cmake_export_dependencies-extras.cmake\n'}
[0.480159] (unity_robotics_demo_msgs) StdoutLine: {'line': b'-- Up-to-date: /home/yadhu/ur3e/src/install/unity_robotics_demo_msgs/share/unity_robotics_demo_msgs/cmake/ament_cmake_export_include_directories-extras.cmake\n'}
[0.480189] (unity_robotics_demo_msgs) StdoutLine: {'line': b'-- Up-to-date: /home/yadhu/ur3e/src/install/unity_robotics_demo_msgs/share/unity_robotics_demo_msgs/cmake/ament_cmake_export_libraries-extras.cmake\n'}
[0.480218] (unity_robotics_demo_msgs) StdoutLine: {'line': b'-- Up-to-date: /home/yadhu/ur3e/src/install/unity_robotics_demo_msgs/share/unity_robotics_demo_msgs/cmake/ament_cmake_export_targets-extras.cmake\n'}
[0.480246] (unity_robotics_demo_msgs) StdoutLine: {'line': b'-- Up-to-date: /home/yadhu/ur3e/src/install/unity_robotics_demo_msgs/share/unity_robotics_demo_msgs/cmake/rosidl_cmake_export_typesupport_targets-extras.cmake\n'}
[0.480275] (unity_robotics_demo_msgs) StdoutLine: {'line': b'-- Up-to-date: /home/yadhu/ur3e/src/install/unity_robotics_demo_msgs/share/unity_robotics_demo_msgs/cmake/rosidl_cmake_export_typesupport_libraries-extras.cmake\n'}
[0.480325] (unity_robotics_demo_msgs) StdoutLine: {'line': b'-- Up-to-date: /home/yadhu/ur3e/src/install/unity_robotics_demo_msgs/share/unity_robotics_demo_msgs/cmake/unity_robotics_demo_msgsConfig.cmake\n'}
[0.480357] (unity_robotics_demo_msgs) StdoutLine: {'line': b'-- Up-to-date: /home/yadhu/ur3e/src/install/unity_robotics_demo_msgs/share/unity_robotics_demo_msgs/cmake/unity_robotics_demo_msgsConfig-version.cmake\n'}
[0.480387] (unity_robotics_demo_msgs) StdoutLine: {'line': b'-- Up-to-date: /home/yadhu/ur3e/src/install/unity_robotics_demo_msgs/share/unity_robotics_demo_msgs/package.xml\n'}
[0.482352] (unity_robotics_demo_msgs) CommandEnded: {'returncode': 0}
[0.499361] (ur_description) JobEnded: {'identifier': 'ur_description', 'rc': 0}
[0.500339] (pyfile) JobStarted: {'identifier': 'pyfile'}
[0.500453] (-) TimerEvent: {}
[0.503594] (ur3e_gripper_moveit) JobStarted: {'identifier': 'ur3e_gripper_moveit'}
[0.506313] (ur_moveit_config) JobStarted: {'identifier': 'ur_moveit_config'}
[0.600547] (-) TimerEvent: {}
[0.662760] (ur3e_gripper_moveit) JobProgress: {'identifier': 'ur3e_gripper_moveit', 'progress': 'cmake'}
[0.662947] (ur3e_gripper_moveit) JobProgress: {'identifier': 'ur3e_gripper_moveit', 'progress': 'build'}
[0.663068] (ur3e_gripper_moveit) Command: {'cmd': ['/usr/bin/cmake', '--build', '/home/yadhu/ur3e/src/build/ur3e_gripper_moveit', '--', '-j16', '-l16'], 'cwd': '/home/yadhu/ur3e/src/build/ur3e_gripper_moveit', 'env': OrderedDict([('HOSTNAME', 'yadhuk'), ('GIT_ASKPASS', '/vscode/vscode-server/bin/linux-x64/e54c774e0add60467559eb0d1e229c6452cf8447/extensions/git/dist/askpass.sh'), ('SHLVL', '2'), ('LD_LIBRARY_PATH', '/usr/lib/x86_64-linux-gnu/gazebo-11/plugins:/opt/ros/humble/opt/rviz_ogre_vendor/lib:/opt/ros/humble/lib/x86_64-linux-gnu:/opt/ros/humble/lib'), ('BROWSER', '/vscode/vscode-server/bin/linux-x64/e54c774e0add60467559eb0d1e229c6452cf8447/bin/helpers/browser.sh'), ('HOME', '/home/yadhu'), ('OLDPWD', '/home/yadhu/ur3e'), ('TERM_PROGRAM_VERSION', '1.97.2'), ('VSCODE_IPC_HOOK_CLI', '/tmp/vscode-ipc-191d809e-ad6a-48a3-8c83-2991c7349be6.sock'), ('DEBUGPY_ADAPTER_ENDPOINTS', '/home/yadhu/.vscode-server/extensions/ms-python.debugpy-2025.0.1-linux-x64/.noConfigDebugAdapterEndpoints/endpoint-00e5a96652343ffc.txt'), ('ROS_PYTHON_VERSION', '3'), ('VSCODE_GIT_ASKPASS_MAIN', '/vscode/vscode-server/bin/linux-x64/e54c774e0add60467559eb0d1e229c6452cf8447/extensions/git/dist/askpass-main.js'), ('VSCODE_GIT_ASKPASS_NODE', '/vscode/vscode-server/bin/linux-x64/e54c774e0add60467559eb0d1e229c6452cf8447/node'), ('PYDEVD_DISABLE_FILE_VALIDATION', '1'), ('BUNDLED_DEBUGPY_PATH', '/home/yadhu/.vscode-server/extensions/ms-python.debugpy-2025.0.1-linux-x64/bundled/libs/debugpy'), ('COLORTERM', 'truecolor'), ('REMOTE_CONTAINERS', 'true'), ('ROS_DISTRO', 'humble'), ('REMOTE_CONTAINERS_IPC', '/tmp/vscode-remote-containers-ipc-3b15b7cf-88ad-4a56-828c-69c61a495d31.sock'), ('_', '/usr/bin/colcon'), ('ROS_VERSION', '2'), ('TERM', 'xterm-256color'), ('ROS_LOCALHOST_ONLY', '0'), ('PATH', '/vscode/vscode-server/bin/linux-x64/e54c774e0add60467559eb0d1e229c6452cf8447/bin/remote-cli:/opt/ros/humble/bin:/usr/local/sbin:/usr/local/bin:/usr/sbin:/usr/bin:/sbin:/bin:/home/yadhu/.vscode-server/extensions/ms-python.debugpy-2025.0.1-linux-x64/bundled/scripts/noConfigScripts'), ('REMOTE_CONTAINERS_SOCKETS', '["/tmp/vscode-ssh-auth-3b15b7cf-88ad-4a56-828c-69c61a495d31.sock","/home/yadhu/.gnupg/S.gpg-agent"]'), ('DISPLAY', ':1'), ('LANG', 'C.UTF-8'), ('RMW_IMPLEMENTATION', 'rmw_cyclonedds_cpp'), ('LS_COLORS', 'rs=0:di=01;34:ln=01;36:mh=00:pi=40;33:so=01;35:do=01;35:bd=40;33;01:cd=40;33;01:or=40;31;01:mi=00:su=37;41:sg=30;43:ca=30;41:tw=30;42:ow=34;42:st=37;44:ex=01;32:*.tar=01;31:*.tgz=01;31:*.arc=01;31:*.arj=01;31:*.taz=01;31:*.lha=01;31:*.lz4=01;31:*.lzh=01;31:*.lzma=01;31:*.tlz=01;31:*.txz=01;31:*.tzo=01;31:*.t7z=01;31:*.zip=01;31:*.z=01;31:*.dz=01;31:*.gz=01;31:*.lrz=01;31:*.lz=01;31:*.lzo=01;31:*.xz=01;31:*.zst=01;31:*.tzst=01;31:*.bz2=01;31:*.bz=01;31:*.tbz=01;31:*.tbz2=01;31:*.tz=01;31:*.deb=01;31:*.rpm=01;31:*.jar=01;31:*.war=01;31:*.ear=01;31:*.sar=01;31:*.rar=01;31:*.alz=01;31:*.ace=01;31:*.zoo=01;31:*.cpio=01;31:*.7z=01;31:*.rz=01;31:*.cab=01;31:*.wim=01;31:*.swm=01;31:*.dwm=01;31:*.esd=01;31:*.jpg=01;35:*.jpeg=01;35:*.mjpg=01;35:*.mjpeg=01;35:*.gif=01;35:*.bmp=01;35:*.pbm=01;35:*.pgm=01;35:*.ppm=01;35:*.tga=01;35:*.xbm=01;35:*.xpm=01;35:*.tif=01;35:*.tiff=01;35:*.png=01;35:*.svg=01;35:*.svgz=01;35:*.mng=01;35:*.pcx=01;35:*.mov=01;35:*.mpg=01;35:*.mpeg=01;35:*.m2v=01;35:*.mkv=01;35:*.webm=01;35:*.webp=01;35:*.ogm=01;35:*.mp4=01;35:*.m4v=01;35:*.mp4v=01;35:*.vob=01;35:*.qt=01;35:*.nuv=01;35:*.wmv=01;35:*.asf=01;35:*.rm=01;35:*.rmvb=01;35:*.flc=01;35:*.avi=01;35:*.fli=01;35:*.flv=01;35:*.gl=01;35:*.dl=01;35:*.xcf=01;35:*.xwd=01;35:*.yuv=01;35:*.cgm=01;35:*.emf=01;35:*.ogv=01;35:*.ogx=01;35:*.aac=00;36:*.au=00;36:*.flac=00;36:*.m4a=00;36:*.mid=00;36:*.midi=00;36:*.mka=00;36:*.mp3=00;36:*.mpc=00;36:*.ogg=00;36:*.ra=00;36:*.wav=00;36:*.oga=00;36:*.opus=00;36:*.spx=00;36:*.xspf=00;36:'), ('VSCODE_GIT_IPC_HANDLE', '/tmp/vscode-git-09c052f1c4.sock'), ('TERM_PROGRAM', 'vscode'), ('SSH_AUTH_SOCK', '/tmp/vscode-ssh-auth-3b15b7cf-88ad-4a56-828c-69c61a495d31.sock'), ('ROS_DOMAIN_ID', '42'), ('AMENT_PREFIX_PATH', '/home/yadhu/ur3e/src/install/ur_description:/home/yadhu/ur3e/src/install/robotiq_description:/opt/ros/humble'), ('SHELL', '/bin/bash'), ('ROS_AUTOMATIC_DISCOVERY_RANGE', 'LOCALHOST'), ('VSCODE_GIT_ASKPASS_EXTRA_ARGS', ''), ('PWD', '/home/yadhu/ur3e/src/build/ur3e_gripper_moveit'), ('LC_ALL', 'C.UTF-8'), ('PYTHONPATH', '/opt/ros/humble/lib/python3.10/site-packages:/opt/ros/humble/local/lib/python3.10/dist-packages'), ('COLCON', '1'), ('CMAKE_PREFIX_PATH', '/home/yadhu/ur3e/src/install/ur_description:/home/yadhu/ur3e/src/install/robotiq_description:/opt/ros/humble')]), 'shell': False}
[0.669276] (unity_robotics_demo_msgs) JobEnded: {'identifier': 'unity_robotics_demo_msgs', 'rc': 0}
[0.669687] (ur_moveit_config) JobProgress: {'identifier': 'ur_moveit_config', 'progress': 'cmake'}
[0.669805] (ur_moveit_config) JobProgress: {'identifier': 'ur_moveit_config', 'progress': 'build'}
[0.670007] (ur_moveit_config) Command: {'cmd': ['/usr/bin/cmake', '--build', '/home/yadhu/ur3e/src/build/ur_moveit_config', '--', '-j16', '-l16'], 'cwd': '/home/yadhu/ur3e/src/build/ur_moveit_config', 'env': OrderedDict([('HOSTNAME', 'yadhuk'), ('GIT_ASKPASS', '/vscode/vscode-server/bin/linux-x64/e54c774e0add60467559eb0d1e229c6452cf8447/extensions/git/dist/askpass.sh'), ('SHLVL', '2'), ('LD_LIBRARY_PATH', '/usr/lib/x86_64-linux-gnu/gazebo-11/plugins:/opt/ros/humble/opt/rviz_ogre_vendor/lib:/opt/ros/humble/lib/x86_64-linux-gnu:/opt/ros/humble/lib'), ('BROWSER', '/vscode/vscode-server/bin/linux-x64/e54c774e0add60467559eb0d1e229c6452cf8447/bin/helpers/browser.sh'), ('HOME', '/home/yadhu'), ('OLDPWD', '/home/yadhu/ur3e'), ('TERM_PROGRAM_VERSION', '1.97.2'), ('VSCODE_IPC_HOOK_CLI', '/tmp/vscode-ipc-191d809e-ad6a-48a3-8c83-2991c7349be6.sock'), ('DEBUGPY_ADAPTER_ENDPOINTS', '/home/yadhu/.vscode-server/extensions/ms-python.debugpy-2025.0.1-linux-x64/.noConfigDebugAdapterEndpoints/endpoint-00e5a96652343ffc.txt'), ('ROS_PYTHON_VERSION', '3'), ('VSCODE_GIT_ASKPASS_MAIN', '/vscode/vscode-server/bin/linux-x64/e54c774e0add60467559eb0d1e229c6452cf8447/extensions/git/dist/askpass-main.js'), ('VSCODE_GIT_ASKPASS_NODE', '/vscode/vscode-server/bin/linux-x64/e54c774e0add60467559eb0d1e229c6452cf8447/node'), ('PYDEVD_DISABLE_FILE_VALIDATION', '1'), ('BUNDLED_DEBUGPY_PATH', '/home/yadhu/.vscode-server/extensions/ms-python.debugpy-2025.0.1-linux-x64/bundled/libs/debugpy'), ('COLORTERM', 'truecolor'), ('REMOTE_CONTAINERS', 'true'), ('ROS_DISTRO', 'humble'), ('REMOTE_CONTAINERS_IPC', '/tmp/vscode-remote-containers-ipc-3b15b7cf-88ad-4a56-828c-69c61a495d31.sock'), ('_', '/usr/bin/colcon'), ('ROS_VERSION', '2'), ('TERM', 'xterm-256color'), ('ROS_LOCALHOST_ONLY', '0'), ('PATH', '/vscode/vscode-server/bin/linux-x64/e54c774e0add60467559eb0d1e229c6452cf8447/bin/remote-cli:/opt/ros/humble/bin:/usr/local/sbin:/usr/local/bin:/usr/sbin:/usr/bin:/sbin:/bin:/home/yadhu/.vscode-server/extensions/ms-python.debugpy-2025.0.1-linux-x64/bundled/scripts/noConfigScripts'), ('REMOTE_CONTAINERS_SOCKETS', '["/tmp/vscode-ssh-auth-3b15b7cf-88ad-4a56-828c-69c61a495d31.sock","/home/yadhu/.gnupg/S.gpg-agent"]'), ('DISPLAY', ':1'), ('LANG', 'C.UTF-8'), ('RMW_IMPLEMENTATION', 'rmw_cyclonedds_cpp'), ('LS_COLORS', 'rs=0:di=01;34:ln=01;36:mh=00:pi=40;33:so=01;35:do=01;35:bd=40;33;01:cd=40;33;01:or=40;31;01:mi=00:su=37;41:sg=30;43:ca=30;41:tw=30;42:ow=34;42:st=37;44:ex=01;32:*.tar=01;31:*.tgz=01;31:*.arc=01;31:*.arj=01;31:*.taz=01;31:*.lha=01;31:*.lz4=01;31:*.lzh=01;31:*.lzma=01;31:*.tlz=01;31:*.txz=01;31:*.tzo=01;31:*.t7z=01;31:*.zip=01;31:*.z=01;31:*.dz=01;31:*.gz=01;31:*.lrz=01;31:*.lz=01;31:*.lzo=01;31:*.xz=01;31:*.zst=01;31:*.tzst=01;31:*.bz2=01;31:*.bz=01;31:*.tbz=01;31:*.tbz2=01;31:*.tz=01;31:*.deb=01;31:*.rpm=01;31:*.jar=01;31:*.war=01;31:*.ear=01;31:*.sar=01;31:*.rar=01;31:*.alz=01;31:*.ace=01;31:*.zoo=01;31:*.cpio=01;31:*.7z=01;31:*.rz=01;31:*.cab=01;31:*.wim=01;31:*.swm=01;31:*.dwm=01;31:*.esd=01;31:*.jpg=01;35:*.jpeg=01;35:*.mjpg=01;35:*.mjpeg=01;35:*.gif=01;35:*.bmp=01;35:*.pbm=01;35:*.pgm=01;35:*.ppm=01;35:*.tga=01;35:*.xbm=01;35:*.xpm=01;35:*.tif=01;35:*.tiff=01;35:*.png=01;35:*.svg=01;35:*.svgz=01;35:*.mng=01;35:*.pcx=01;35:*.mov=01;35:*.mpg=01;35:*.mpeg=01;35:*.m2v=01;35:*.mkv=01;35:*.webm=01;35:*.webp=01;35:*.ogm=01;35:*.mp4=01;35:*.m4v=01;35:*.mp4v=01;35:*.vob=01;35:*.qt=01;35:*.nuv=01;35:*.wmv=01;35:*.asf=01;35:*.rm=01;35:*.rmvb=01;35:*.flc=01;35:*.avi=01;35:*.fli=01;35:*.flv=01;35:*.gl=01;35:*.dl=01;35:*.xcf=01;35:*.xwd=01;35:*.yuv=01;35:*.cgm=01;35:*.emf=01;35:*.ogv=01;35:*.ogx=01;35:*.aac=00;36:*.au=00;36:*.flac=00;36:*.m4a=00;36:*.mid=00;36:*.midi=00;36:*.mka=00;36:*.mp3=00;36:*.mpc=00;36:*.ogg=00;36:*.ra=00;36:*.wav=00;36:*.oga=00;36:*.opus=00;36:*.spx=00;36:*.xspf=00;36:'), ('VSCODE_GIT_IPC_HANDLE', '/tmp/vscode-git-09c052f1c4.sock'), ('TERM_PROGRAM', 'vscode'), ('SSH_AUTH_SOCK', '/tmp/vscode-ssh-auth-3b15b7cf-88ad-4a56-828c-69c61a495d31.sock'), ('ROS_DOMAIN_ID', '42'), ('AMENT_PREFIX_PATH', '/home/yadhu/ur3e/src/install/ur_description:/home/yadhu/ur3e/src/install/robotiq_description:/opt/ros/humble'), ('SHELL', '/bin/bash'), ('ROS_AUTOMATIC_DISCOVERY_RANGE', 'LOCALHOST'), ('VSCODE_GIT_ASKPASS_EXTRA_ARGS', ''), ('PWD', '/home/yadhu/ur3e/src/build/ur_moveit_config'), ('LC_ALL', 'C.UTF-8'), ('PYTHONPATH', '/opt/ros/humble/lib/python3.10/site-packages:/opt/ros/humble/local/lib/python3.10/dist-packages'), ('COLCON', '1'), ('CMAKE_PREFIX_PATH', '/home/yadhu/ur3e/src/install/ur_description:/home/yadhu/ur3e/src/install/robotiq_description:/opt/ros/humble')]), 'shell': False}
[0.672066] (ros_tcp_endpoint) Command: {'cmd': ['/usr/bin/python3', '-W', 'ignore:setup.py install is deprecated', 'setup.py', 'egg_info', '--egg-base', '../build/ros_tcp_endpoint', 'build', '--build-base', '/home/yadhu/ur3e/src/build/ros_tcp_endpoint/build', 'install', '--record', '/home/yadhu/ur3e/src/build/ros_tcp_endpoint/install.log', '--install-scripts', '$base/lib/ros_tcp_endpoint', '--single-version-externally-managed', 'install_data'], 'cwd': '/home/yadhu/ur3e/src/ROS-TCP-Endpoint-main-ros2', 'env': {'HOSTNAME': 'yadhuk', 'GIT_ASKPASS': '/vscode/vscode-server/bin/linux-x64/e54c774e0add60467559eb0d1e229c6452cf8447/extensions/git/dist/askpass.sh', 'SHLVL': '2', 'LD_LIBRARY_PATH': '/usr/lib/x86_64-linux-gnu/gazebo-11/plugins:/opt/ros/humble/opt/rviz_ogre_vendor/lib:/opt/ros/humble/lib/x86_64-linux-gnu:/opt/ros/humble/lib', 'BROWSER': '/vscode/vscode-server/bin/linux-x64/e54c774e0add60467559eb0d1e229c6452cf8447/bin/helpers/browser.sh', 'HOME': '/home/yadhu', 'OLDPWD': '/home/yadhu/ur3e', 'TERM_PROGRAM_VERSION': '1.97.2', 'VSCODE_IPC_HOOK_CLI': '/tmp/vscode-ipc-191d809e-ad6a-48a3-8c83-2991c7349be6.sock', 'DEBUGPY_ADAPTER_ENDPOINTS': '/home/yadhu/.vscode-server/extensions/ms-python.debugpy-2025.0.1-linux-x64/.noConfigDebugAdapterEndpoints/endpoint-00e5a96652343ffc.txt', 'ROS_PYTHON_VERSION': '3', 'VSCODE_GIT_ASKPASS_MAIN': '/vscode/vscode-server/bin/linux-x64/e54c774e0add60467559eb0d1e229c6452cf8447/extensions/git/dist/askpass-main.js', 'VSCODE_GIT_ASKPASS_NODE': '/vscode/vscode-server/bin/linux-x64/e54c774e0add60467559eb0d1e229c6452cf8447/node', 'PYDEVD_DISABLE_FILE_VALIDATION': '1', 'BUNDLED_DEBUGPY_PATH': '/home/yadhu/.vscode-server/extensions/ms-python.debugpy-2025.0.1-linux-x64/bundled/libs/debugpy', 'COLORTERM': 'truecolor', 'REMOTE_CONTAINERS': 'true', 'ROS_DISTRO': 'humble', 'REMOTE_CONTAINERS_IPC': '/tmp/vscode-remote-containers-ipc-3b15b7cf-88ad-4a56-828c-69c61a495d31.sock', '_': '/usr/bin/colcon', 'ROS_VERSION': '2', 'TERM': 'xterm-256color', 'ROS_LOCALHOST_ONLY': '0', 'PATH': '/vscode/vscode-server/bin/linux-x64/e54c774e0add60467559eb0d1e229c6452cf8447/bin/remote-cli:/opt/ros/humble/bin:/usr/local/sbin:/usr/local/bin:/usr/sbin:/usr/bin:/sbin:/bin:/home/yadhu/.vscode-server/extensions/ms-python.debugpy-2025.0.1-linux-x64/bundled/scripts/noConfigScripts', 'REMOTE_CONTAINERS_SOCKETS': '["/tmp/vscode-ssh-auth-3b15b7cf-88ad-4a56-828c-69c61a495d31.sock","/home/yadhu/.gnupg/S.gpg-agent"]', 'DISPLAY': ':1', 'LANG': 'C.UTF-8', 'RMW_IMPLEMENTATION': 'rmw_cyclonedds_cpp', 'LS_COLORS': 'rs=0:di=01;34:ln=01;36:mh=00:pi=40;33:so=01;35:do=01;35:bd=40;33;01:cd=40;33;01:or=40;31;01:mi=00:su=37;41:sg=30;43:ca=30;41:tw=30;42:ow=34;42:st=37;44:ex=01;32:*.tar=01;31:*.tgz=01;31:*.arc=01;31:*.arj=01;31:*.taz=01;31:*.lha=01;31:*.lz4=01;31:*.lzh=01;31:*.lzma=01;31:*.tlz=01;31:*.txz=01;31:*.tzo=01;31:*.t7z=01;31:*.zip=01;31:*.z=01;31:*.dz=01;31:*.gz=01;31:*.lrz=01;31:*.lz=01;31:*.lzo=01;31:*.xz=01;31:*.zst=01;31:*.tzst=01;31:*.bz2=01;31:*.bz=01;31:*.tbz=01;31:*.tbz2=01;31:*.tz=01;31:*.deb=01;31:*.rpm=01;31:*.jar=01;31:*.war=01;31:*.ear=01;31:*.sar=01;31:*.rar=01;31:*.alz=01;31:*.ace=01;31:*.zoo=01;31:*.cpio=01;31:*.7z=01;31:*.rz=01;31:*.cab=01;31:*.wim=01;31:*.swm=01;31:*.dwm=01;31:*.esd=01;31:*.jpg=01;35:*.jpeg=01;35:*.mjpg=01;35:*.mjpeg=01;35:*.gif=01;35:*.bmp=01;35:*.pbm=01;35:*.pgm=01;35:*.ppm=01;35:*.tga=01;35:*.xbm=01;35:*.xpm=01;35:*.tif=01;35:*.tiff=01;35:*.png=01;35:*.svg=01;35:*.svgz=01;35:*.mng=01;35:*.pcx=01;35:*.mov=01;35:*.mpg=01;35:*.mpeg=01;35:*.m2v=01;35:*.mkv=01;35:*.webm=01;35:*.webp=01;35:*.ogm=01;35:*.mp4=01;35:*.m4v=01;35:*.mp4v=01;35:*.vob=01;35:*.qt=01;35:*.nuv=01;35:*.wmv=01;35:*.asf=01;35:*.rm=01;35:*.rmvb=01;35:*.flc=01;35:*.avi=01;35:*.fli=01;35:*.flv=01;35:*.gl=01;35:*.dl=01;35:*.xcf=01;35:*.xwd=01;35:*.yuv=01;35:*.cgm=01;35:*.emf=01;35:*.ogv=01;35:*.ogx=01;35:*.aac=00;36:*.au=00;36:*.flac=00;36:*.m4a=00;36:*.mid=00;36:*.midi=00;36:*.mka=00;36:*.mp3=00;36:*.mpc=00;36:*.ogg=00;36:*.ra=00;36:*.wav=00;36:*.oga=00;36:*.opus=00;36:*.spx=00;36:*.xspf=00;36:', 'VSCODE_GIT_IPC_HANDLE': '/tmp/vscode-git-09c052f1c4.sock', 'TERM_PROGRAM': 'vscode', 'SSH_AUTH_SOCK': '/tmp/vscode-ssh-auth-3b15b7cf-88ad-4a56-828c-69c61a495d31.sock', 'ROS_DOMAIN_ID': '42', 'AMENT_PREFIX_PATH': '/opt/ros/humble', 'SHELL': '/bin/bash', 'ROS_AUTOMATIC_DISCOVERY_RANGE': 'LOCALHOST', 'VSCODE_GIT_ASKPASS_EXTRA_ARGS': '', 'PWD': '/home/yadhu/ur3e/src/build/ros_tcp_endpoint', 'LC_ALL': 'C.UTF-8', 'PYTHONPATH': '/home/yadhu/ur3e/src/build/ros_tcp_endpoint/prefix_override:/usr/lib/python3/dist-packages/colcon_core/task/python/colcon_distutils_commands:/home/yadhu/ur3e/src/install/ros_tcp_endpoint/lib/python3.10/site-packages:/opt/ros/humble/lib/python3.10/site-packages:/opt/ros/humble/local/lib/python3.10/dist-packages', 'COLCON': '1'}, 'shell': False}
[0.673570] (unity_robotics_demo) Command: {'cmd': ['/usr/bin/python3', '-W', 'ignore:setup.py install is deprecated', 'setup.py', 'egg_info', '--egg-base', '../build/unity_robotics_demo', 'build', '--build-base', '/home/yadhu/ur3e/src/build/unity_robotics_demo/build', 'install', '--record', '/home/yadhu/ur3e/src/build/unity_robotics_demo/install.log', '--install-scripts', '$base/lib/unity_robotics_demo', '--single-version-externally-managed', 'install_data'], 'cwd': '/home/yadhu/ur3e/src/unity_robotics_demo', 'env': {'HOSTNAME': 'yadhuk', 'GIT_ASKPASS': '/vscode/vscode-server/bin/linux-x64/e54c774e0add60467559eb0d1e229c6452cf8447/extensions/git/dist/askpass.sh', 'SHLVL': '2', 'LD_LIBRARY_PATH': '/usr/lib/x86_64-linux-gnu/gazebo-11/plugins:/opt/ros/humble/opt/rviz_ogre_vendor/lib:/opt/ros/humble/lib/x86_64-linux-gnu:/opt/ros/humble/lib', 'BROWSER': '/vscode/vscode-server/bin/linux-x64/e54c774e0add60467559eb0d1e229c6452cf8447/bin/helpers/browser.sh', 'HOME': '/home/yadhu', 'OLDPWD': '/home/yadhu/ur3e', 'TERM_PROGRAM_VERSION': '1.97.2', 'VSCODE_IPC_HOOK_CLI': '/tmp/vscode-ipc-191d809e-ad6a-48a3-8c83-2991c7349be6.sock', 'DEBUGPY_ADAPTER_ENDPOINTS': '/home/yadhu/.vscode-server/extensions/ms-python.debugpy-2025.0.1-linux-x64/.noConfigDebugAdapterEndpoints/endpoint-00e5a96652343ffc.txt', 'ROS_PYTHON_VERSION': '3', 'VSCODE_GIT_ASKPASS_MAIN': '/vscode/vscode-server/bin/linux-x64/e54c774e0add60467559eb0d1e229c6452cf8447/extensions/git/dist/askpass-main.js', 'VSCODE_GIT_ASKPASS_NODE': '/vscode/vscode-server/bin/linux-x64/e54c774e0add60467559eb0d1e229c6452cf8447/node', 'PYDEVD_DISABLE_FILE_VALIDATION': '1', 'BUNDLED_DEBUGPY_PATH': '/home/yadhu/.vscode-server/extensions/ms-python.debugpy-2025.0.1-linux-x64/bundled/libs/debugpy', 'COLORTERM': 'truecolor', 'REMOTE_CONTAINERS': 'true', 'ROS_DISTRO': 'humble', 'REMOTE_CONTAINERS_IPC': '/tmp/vscode-remote-containers-ipc-3b15b7cf-88ad-4a56-828c-69c61a495d31.sock', '_': '/usr/bin/colcon', 'ROS_VERSION': '2', 'TERM': 'xterm-256color', 'ROS_LOCALHOST_ONLY': '0', 'PATH': '/vscode/vscode-server/bin/linux-x64/e54c774e0add60467559eb0d1e229c6452cf8447/bin/remote-cli:/opt/ros/humble/bin:/usr/local/sbin:/usr/local/bin:/usr/sbin:/usr/bin:/sbin:/bin:/home/yadhu/.vscode-server/extensions/ms-python.debugpy-2025.0.1-linux-x64/bundled/scripts/noConfigScripts', 'REMOTE_CONTAINERS_SOCKETS': '["/tmp/vscode-ssh-auth-3b15b7cf-88ad-4a56-828c-69c61a495d31.sock","/home/yadhu/.gnupg/S.gpg-agent"]', 'DISPLAY': ':1', 'LANG': 'C.UTF-8', 'RMW_IMPLEMENTATION': 'rmw_cyclonedds_cpp', 'LS_COLORS': 'rs=0:di=01;34:ln=01;36:mh=00:pi=40;33:so=01;35:do=01;35:bd=40;33;01:cd=40;33;01:or=40;31;01:mi=00:su=37;41:sg=30;43:ca=30;41:tw=30;42:ow=34;42:st=37;44:ex=01;32:*.tar=01;31:*.tgz=01;31:*.arc=01;31:*.arj=01;31:*.taz=01;31:*.lha=01;31:*.lz4=01;31:*.lzh=01;31:*.lzma=01;31:*.tlz=01;31:*.txz=01;31:*.tzo=01;31:*.t7z=01;31:*.zip=01;31:*.z=01;31:*.dz=01;31:*.gz=01;31:*.lrz=01;31:*.lz=01;31:*.lzo=01;31:*.xz=01;31:*.zst=01;31:*.tzst=01;31:*.bz2=01;31:*.bz=01;31:*.tbz=01;31:*.tbz2=01;31:*.tz=01;31:*.deb=01;31:*.rpm=01;31:*.jar=01;31:*.war=01;31:*.ear=01;31:*.sar=01;31:*.rar=01;31:*.alz=01;31:*.ace=01;31:*.zoo=01;31:*.cpio=01;31:*.7z=01;31:*.rz=01;31:*.cab=01;31:*.wim=01;31:*.swm=01;31:*.dwm=01;31:*.esd=01;31:*.jpg=01;35:*.jpeg=01;35:*.mjpg=01;35:*.mjpeg=01;35:*.gif=01;35:*.bmp=01;35:*.pbm=01;35:*.pgm=01;35:*.ppm=01;35:*.tga=01;35:*.xbm=01;35:*.xpm=01;35:*.tif=01;35:*.tiff=01;35:*.png=01;35:*.svg=01;35:*.svgz=01;35:*.mng=01;35:*.pcx=01;35:*.mov=01;35:*.mpg=01;35:*.mpeg=01;35:*.m2v=01;35:*.mkv=01;35:*.webm=01;35:*.webp=01;35:*.ogm=01;35:*.mp4=01;35:*.m4v=01;35:*.mp4v=01;35:*.vob=01;35:*.qt=01;35:*.nuv=01;35:*.wmv=01;35:*.asf=01;35:*.rm=01;35:*.rmvb=01;35:*.flc=01;35:*.avi=01;35:*.fli=01;35:*.flv=01;35:*.gl=01;35:*.dl=01;35:*.xcf=01;35:*.xwd=01;35:*.yuv=01;35:*.cgm=01;35:*.emf=01;35:*.ogv=01;35:*.ogx=01;35:*.aac=00;36:*.au=00;36:*.flac=00;36:*.m4a=00;36:*.mid=00;36:*.midi=00;36:*.mka=00;36:*.mp3=00;36:*.mpc=00;36:*.ogg=00;36:*.ra=00;36:*.wav=00;36:*.oga=00;36:*.opus=00;36:*.spx=00;36:*.xspf=00;36:', 'VSCODE_GIT_IPC_HANDLE': '/tmp/vscode-git-09c052f1c4.sock', 'TERM_PROGRAM': 'vscode', 'SSH_AUTH_SOCK': '/tmp/vscode-ssh-auth-3b15b7cf-88ad-4a56-828c-69c61a495d31.sock', 'ROS_DOMAIN_ID': '42', 'AMENT_PREFIX_PATH': '/opt/ros/humble', 'SHELL': '/bin/bash', 'ROS_AUTOMATIC_DISCOVERY_RANGE': 'LOCALHOST', 'VSCODE_GIT_ASKPASS_EXTRA_ARGS': '', 'PWD': '/home/yadhu/ur3e/src/build/unity_robotics_demo', 'LC_ALL': 'C.UTF-8', 'PYTHONPATH': '/home/yadhu/ur3e/src/build/unity_robotics_demo/prefix_override:/usr/lib/python3/dist-packages/colcon_core/task/python/colcon_distutils_commands:/home/yadhu/ur3e/src/install/unity_robotics_demo/lib/python3.10/site-packages:/opt/ros/humble/lib/python3.10/site-packages:/opt/ros/humble/local/lib/python3.10/dist-packages', 'COLCON': '1'}, 'shell': False}
[0.688937] (ur3e_gripper_moveit) CommandEnded: {'returncode': 0}
[0.700635] (-) TimerEvent: {}
[0.705564] (ur3e_gripper_moveit) JobProgress: {'identifier': 'ur3e_gripper_moveit', 'progress': 'install'}
[0.705833] (ur3e_gripper_moveit) Command: {'cmd': ['/usr/bin/cmake', '--install', '/home/yadhu/ur3e/src/build/ur3e_gripper_moveit'], 'cwd': '/home/yadhu/ur3e/src/build/ur3e_gripper_moveit', 'env': OrderedDict([('HOSTNAME', 'yadhuk'), ('GIT_ASKPASS', '/vscode/vscode-server/bin/linux-x64/e54c774e0add60467559eb0d1e229c6452cf8447/extensions/git/dist/askpass.sh'), ('SHLVL', '2'), ('LD_LIBRARY_PATH', '/usr/lib/x86_64-linux-gnu/gazebo-11/plugins:/opt/ros/humble/opt/rviz_ogre_vendor/lib:/opt/ros/humble/lib/x86_64-linux-gnu:/opt/ros/humble/lib'), ('BROWSER', '/vscode/vscode-server/bin/linux-x64/e54c774e0add60467559eb0d1e229c6452cf8447/bin/helpers/browser.sh'), ('HOME', '/home/yadhu'), ('OLDPWD', '/home/yadhu/ur3e'), ('TERM_PROGRAM_VERSION', '1.97.2'), ('VSCODE_IPC_HOOK_CLI', '/tmp/vscode-ipc-191d809e-ad6a-48a3-8c83-2991c7349be6.sock'), ('DEBUGPY_ADAPTER_ENDPOINTS', '/home/yadhu/.vscode-server/extensions/ms-python.debugpy-2025.0.1-linux-x64/.noConfigDebugAdapterEndpoints/endpoint-00e5a96652343ffc.txt'), ('ROS_PYTHON_VERSION', '3'), ('VSCODE_GIT_ASKPASS_MAIN', '/vscode/vscode-server/bin/linux-x64/e54c774e0add60467559eb0d1e229c6452cf8447/extensions/git/dist/askpass-main.js'), ('VSCODE_GIT_ASKPASS_NODE', '/vscode/vscode-server/bin/linux-x64/e54c774e0add60467559eb0d1e229c6452cf8447/node'), ('PYDEVD_DISABLE_FILE_VALIDATION', '1'), ('BUNDLED_DEBUGPY_PATH', '/home/yadhu/.vscode-server/extensions/ms-python.debugpy-2025.0.1-linux-x64/bundled/libs/debugpy'), ('COLORTERM', 'truecolor'), ('REMOTE_CONTAINERS', 'true'), ('ROS_DISTRO', 'humble'), ('REMOTE_CONTAINERS_IPC', '/tmp/vscode-remote-containers-ipc-3b15b7cf-88ad-4a56-828c-69c61a495d31.sock'), ('_', '/usr/bin/colcon'), ('ROS_VERSION', '2'), ('TERM', 'xterm-256color'), ('ROS_LOCALHOST_ONLY', '0'), ('PATH', '/vscode/vscode-server/bin/linux-x64/e54c774e0add60467559eb0d1e229c6452cf8447/bin/remote-cli:/opt/ros/humble/bin:/usr/local/sbin:/usr/local/bin:/usr/sbin:/usr/bin:/sbin:/bin:/home/yadhu/.vscode-server/extensions/ms-python.debugpy-2025.0.1-linux-x64/bundled/scripts/noConfigScripts'), ('REMOTE_CONTAINERS_SOCKETS', '["/tmp/vscode-ssh-auth-3b15b7cf-88ad-4a56-828c-69c61a495d31.sock","/home/yadhu/.gnupg/S.gpg-agent"]'), ('DISPLAY', ':1'), ('LANG', 'C.UTF-8'), ('RMW_IMPLEMENTATION', 'rmw_cyclonedds_cpp'), ('LS_COLORS', 'rs=0:di=01;34:ln=01;36:mh=00:pi=40;33:so=01;35:do=01;35:bd=40;33;01:cd=40;33;01:or=40;31;01:mi=00:su=37;41:sg=30;43:ca=30;41:tw=30;42:ow=34;42:st=37;44:ex=01;32:*.tar=01;31:*.tgz=01;31:*.arc=01;31:*.arj=01;31:*.taz=01;31:*.lha=01;31:*.lz4=01;31:*.lzh=01;31:*.lzma=01;31:*.tlz=01;31:*.txz=01;31:*.tzo=01;31:*.t7z=01;31:*.zip=01;31:*.z=01;31:*.dz=01;31:*.gz=01;31:*.lrz=01;31:*.lz=01;31:*.lzo=01;31:*.xz=01;31:*.zst=01;31:*.tzst=01;31:*.bz2=01;31:*.bz=01;31:*.tbz=01;31:*.tbz2=01;31:*.tz=01;31:*.deb=01;31:*.rpm=01;31:*.jar=01;31:*.war=01;31:*.ear=01;31:*.sar=01;31:*.rar=01;31:*.alz=01;31:*.ace=01;31:*.zoo=01;31:*.cpio=01;31:*.7z=01;31:*.rz=01;31:*.cab=01;31:*.wim=01;31:*.swm=01;31:*.dwm=01;31:*.esd=01;31:*.jpg=01;35:*.jpeg=01;35:*.mjpg=01;35:*.mjpeg=01;35:*.gif=01;35:*.bmp=01;35:*.pbm=01;35:*.pgm=01;35:*.ppm=01;35:*.tga=01;35:*.xbm=01;35:*.xpm=01;35:*.tif=01;35:*.tiff=01;35:*.png=01;35:*.svg=01;35:*.svgz=01;35:*.mng=01;35:*.pcx=01;35:*.mov=01;35:*.mpg=01;35:*.mpeg=01;35:*.m2v=01;35:*.mkv=01;35:*.webm=01;35:*.webp=01;35:*.ogm=01;35:*.mp4=01;35:*.m4v=01;35:*.mp4v=01;35:*.vob=01;35:*.qt=01;35:*.nuv=01;35:*.wmv=01;35:*.asf=01;35:*.rm=01;35:*.rmvb=01;35:*.flc=01;35:*.avi=01;35:*.fli=01;35:*.flv=01;35:*.gl=01;35:*.dl=01;35:*.xcf=01;35:*.xwd=01;35:*.yuv=01;35:*.cgm=01;35:*.emf=01;35:*.ogv=01;35:*.ogx=01;35:*.aac=00;36:*.au=00;36:*.flac=00;36:*.m4a=00;36:*.mid=00;36:*.midi=00;36:*.mka=00;36:*.mp3=00;36:*.mpc=00;36:*.ogg=00;36:*.ra=00;36:*.wav=00;36:*.oga=00;36:*.opus=00;36:*.spx=00;36:*.xspf=00;36:'), ('VSCODE_GIT_IPC_HANDLE', '/tmp/vscode-git-09c052f1c4.sock'), ('TERM_PROGRAM', 'vscode'), ('SSH_AUTH_SOCK', '/tmp/vscode-ssh-auth-3b15b7cf-88ad-4a56-828c-69c61a495d31.sock'), ('ROS_DOMAIN_ID', '42'), ('AMENT_PREFIX_PATH', '/home/yadhu/ur3e/src/install/ur_description:/home/yadhu/ur3e/src/install/robotiq_description:/opt/ros/humble'), ('SHELL', '/bin/bash'), ('ROS_AUTOMATIC_DISCOVERY_RANGE', 'LOCALHOST'), ('VSCODE_GIT_ASKPASS_EXTRA_ARGS', ''), ('PWD', '/home/yadhu/ur3e/src/build/ur3e_gripper_moveit'), ('LC_ALL', 'C.UTF-8'), ('PYTHONPATH', '/opt/ros/humble/lib/python3.10/site-packages:/opt/ros/humble/local/lib/python3.10/dist-packages'), ('COLCON', '1'), ('CMAKE_PREFIX_PATH', '/home/yadhu/ur3e/src/install/ur_description:/home/yadhu/ur3e/src/install/robotiq_description:/opt/ros/humble')]), 'shell': False}
[0.708162] (ur_moveit_config) StdoutLine: {'line': b'Built target ament_cmake_python_copy_ur_moveit_config\n'}
[0.711061] (ur3e_gripper_moveit) StdoutLine: {'line': b'-- Install configuration: ""\n'}
[0.711311] (ur3e_gripper_moveit) StdoutLine: {'line': b'-- Up-to-date: /home/yadhu/ur3e/src/install/ur3e_gripper_moveit/share/ament_index/resource_index/package_run_dependencies/ur3e_gripper_moveit\n'}
[0.712699] (ur3e_gripper_moveit) StdoutLine: {'line': b'-- Up-to-date: /home/yadhu/ur3e/src/install/ur3e_gripper_moveit/share/ament_index/resource_index/parent_prefix_path/ur3e_gripper_moveit\n'}
[0.712762] (ur3e_gripper_moveit) StdoutLine: {'line': b'-- Up-to-date: /home/yadhu/ur3e/src/install/ur3e_gripper_moveit/share/ur3e_gripper_moveit/environment/ament_prefix_path.sh\n'}
[0.712812] (ur3e_gripper_moveit) StdoutLine: {'line': b'-- Up-to-date: /home/yadhu/ur3e/src/install/ur3e_gripper_moveit/share/ur3e_gripper_moveit/environment/ament_prefix_path.dsv\n'}
[0.712861] (ur3e_gripper_moveit) StdoutLine: {'line': b'-- Up-to-date: /home/yadhu/ur3e/src/install/ur3e_gripper_moveit/share/ur3e_gripper_moveit/environment/path.sh\n'}
[0.713117] (ur3e_gripper_moveit) StdoutLine: {'line': b'-- Up-to-date: /home/yadhu/ur3e/src/install/ur3e_gripper_moveit/share/ur3e_gripper_moveit/environment/path.dsv\n'}
[0.713182] (ur3e_gripper_moveit) StdoutLine: {'line': b'-- Up-to-date: /home/yadhu/ur3e/src/install/ur3e_gripper_moveit/share/ur3e_gripper_moveit/local_setup.bash\n'}
[0.713227] (ur3e_gripper_moveit) StdoutLine: {'line': b'-- Up-to-date: /home/yadhu/ur3e/src/install/ur3e_gripper_moveit/share/ur3e_gripper_moveit/local_setup.sh\n'}
[0.713269] (ur3e_gripper_moveit) StdoutLine: {'line': b'-- Up-to-date: /home/yadhu/ur3e/src/install/ur3e_gripper_moveit/share/ur3e_gripper_moveit/local_setup.zsh\n'}
[0.713316] (ur3e_gripper_moveit) StdoutLine: {'line': b'-- Up-to-date: /home/yadhu/ur3e/src/install/ur3e_gripper_moveit/share/ur3e_gripper_moveit/local_setup.dsv\n'}
[0.713359] (ur3e_gripper_moveit) StdoutLine: {'line': b'-- Up-to-date: /home/yadhu/ur3e/src/install/ur3e_gripper_moveit/share/ur3e_gripper_moveit/package.dsv\n'}
[0.713399] (ur3e_gripper_moveit) StdoutLine: {'line': b'-- Up-to-date: /home/yadhu/ur3e/src/install/ur3e_gripper_moveit/share/ament_index/resource_index/packages/ur3e_gripper_moveit\n'}
[0.713446] (ur3e_gripper_moveit) StdoutLine: {'line': b'-- Up-to-date: /home/yadhu/ur3e/src/install/ur3e_gripper_moveit/share/ur3e_gripper_moveit/cmake/ur3e_gripper_moveitConfig.cmake\n'}
[0.713484] (ur3e_gripper_moveit) StdoutLine: {'line': b'-- Up-to-date: /home/yadhu/ur3e/src/install/ur3e_gripper_moveit/share/ur3e_gripper_moveit/cmake/ur3e_gripper_moveitConfig-version.cmake\n'}
[0.713524] (ur3e_gripper_moveit) StdoutLine: {'line': b'-- Up-to-date: /home/yadhu/ur3e/src/install/ur3e_gripper_moveit/share/ur3e_gripper_moveit/package.xml\n'}
[0.713563] (ur3e_gripper_moveit) StdoutLine: {'line': b'-- Up-to-date: /home/yadhu/ur3e/src/install/ur3e_gripper_moveit/share/ur3e_gripper_moveit/launch\n'}
[0.713602] (ur3e_gripper_moveit) StdoutLine: {'line': b'-- Up-to-date: /home/yadhu/ur3e/src/install/ur3e_gripper_moveit/share/ur3e_gripper_moveit/launch/rsp.launch.py\n'}
[0.713641] (ur3e_gripper_moveit) StdoutLine: {'line': b'-- Up-to-date: /home/yadhu/ur3e/src/install/ur3e_gripper_moveit/share/ur3e_gripper_moveit/launch/warehouse_db.launch.py\n'}
[0.713679] (ur3e_gripper_moveit) StdoutLine: {'line': b'-- Up-to-date: /home/yadhu/ur3e/src/install/ur3e_gripper_moveit/share/ur3e_gripper_moveit/launch/demo.launch.py\n'}
[0.713720] (ur3e_gripper_moveit) StdoutLine: {'line': b'-- Up-to-date: /home/yadhu/ur3e/src/install/ur3e_gripper_moveit/share/ur3e_gripper_moveit/launch/move_group.launch.py\n'}
[0.713758] (ur3e_gripper_moveit) StdoutLine: {'line': b'-- Up-to-date: /home/yadhu/ur3e/src/install/ur3e_gripper_moveit/share/ur3e_gripper_moveit/launch/moveit_rviz.launch.py\n'}
[0.713798] (ur3e_gripper_moveit) StdoutLine: {'line': b'-- Up-to-date: /home/yadhu/ur3e/src/install/ur3e_gripper_moveit/share/ur3e_gripper_moveit/launch/setup_assistant.launch.py\n'}
[0.713837] (ur3e_gripper_moveit) StdoutLine: {'line': b'-- Up-to-date: /home/yadhu/ur3e/src/install/ur3e_gripper_moveit/share/ur3e_gripper_moveit/launch/static_virtual_joint_tfs.launch.py\n'}
[0.713879] (ur3e_gripper_moveit) StdoutLine: {'line': b'-- Up-to-date: /home/yadhu/ur3e/src/install/ur3e_gripper_moveit/share/ur3e_gripper_moveit/launch/spawn_controllers.launch.py\n'}
[0.713918] (ur3e_gripper_moveit) StdoutLine: {'line': b'-- Up-to-date: /home/yadhu/ur3e/src/install/ur3e_gripper_moveit/share/ur3e_gripper_moveit/config\n'}
[0.713959] (ur3e_gripper_moveit) StdoutLine: {'line': b'-- Up-to-date: /home/yadhu/ur3e/src/install/ur3e_gripper_moveit/share/ur3e_gripper_moveit/config/ur_gripper.ros2_control.xacro\n'}
[0.713996] (ur3e_gripper_moveit) StdoutLine: {'line': b'-- Up-to-date: /home/yadhu/ur3e/src/install/ur3e_gripper_moveit/share/ur3e_gripper_moveit/config/ur_gripper.srdf\n'}
[0.714034] (ur3e_gripper_moveit) StdoutLine: {'line': b'-- Up-to-date: /home/yadhu/ur3e/src/install/ur3e_gripper_moveit/share/ur3e_gripper_moveit/config/moveit_controllers.yaml\n'}
[0.714074] (ur3e_gripper_moveit) StdoutLine: {'line': b'-- Up-to-date: /home/yadhu/ur3e/src/install/ur3e_gripper_moveit/share/ur3e_gripper_moveit/config/kinematics.yaml\n'}
[0.714113] (ur3e_gripper_moveit) StdoutLine: {'line': b'-- Up-to-date: /home/yadhu/ur3e/src/install/ur3e_gripper_moveit/share/ur3e_gripper_moveit/config/joint_limits.yaml\n'}
[0.714150] (ur3e_gripper_moveit) StdoutLine: {'line': b'-- Up-to-date: /home/yadhu/ur3e/src/install/ur3e_gripper_moveit/share/ur3e_gripper_moveit/config/moveit.rviz\n'}
[0.714187] (ur3e_gripper_moveit) StdoutLine: {'line': b'-- Up-to-date: /home/yadhu/ur3e/src/install/ur3e_gripper_moveit/share/ur3e_gripper_moveit/config/initial_positions.yaml\n'}
[0.714224] (ur3e_gripper_moveit) StdoutLine: {'line': b'-- Up-to-date: /home/yadhu/ur3e/src/install/ur3e_gripper_moveit/share/ur3e_gripper_moveit/config/ur_gripper.urdf.xacro\n'}
[0.714265] (ur3e_gripper_moveit) StdoutLine: {'line': b'-- Up-to-date: /home/yadhu/ur3e/src/install/ur3e_gripper_moveit/share/ur3e_gripper_moveit/config/pilz_cartesian_limits.yaml\n'}
[0.714308] (ur3e_gripper_moveit) StdoutLine: {'line': b'-- Up-to-date: /home/yadhu/ur3e/src/install/ur3e_gripper_moveit/share/ur3e_gripper_moveit/config/ros2_controllers.yaml\n'}
[0.714354] (ur3e_gripper_moveit) StdoutLine: {'line': b'-- Up-to-date: /home/yadhu/ur3e/src/install/ur3e_gripper_moveit/share/ur3e_gripper_moveit/.setup_assistant\n'}
[0.717434] (ur3e_gripper_moveit) CommandEnded: {'returncode': 0}
[0.741990] (ur3e_gripper_moveit) JobEnded: {'identifier': 'ur3e_gripper_moveit', 'rc': 0}
[0.800716] (-) TimerEvent: {}
[0.827608] (ros_tcp_endpoint) StderrLine: {'line': b"/usr/lib/python3/dist-packages/setuptools/dist.py:723: UserWarning: Usage of dash-separated 'script-dir' will not be supported in future versions. Please use the underscore name 'script_dir' instead\n"}
[0.827816] (ros_tcp_endpoint) StderrLine: {'line': b'  warnings.warn(\n'}
[0.837019] (ros_tcp_endpoint) StdoutLine: {'line': b'running egg_info\n'}
[0.837695] (ros_tcp_endpoint) StdoutLine: {'line': b'writing ../build/ros_tcp_endpoint/ros_tcp_endpoint.egg-info/PKG-INFO\n'}
[0.837957] (ros_tcp_endpoint) StdoutLine: {'line': b'writing dependency_links to ../build/ros_tcp_endpoint/ros_tcp_endpoint.egg-info/dependency_links.txt\n'}
[0.838087] (ros_tcp_endpoint) StdoutLine: {'line': b'writing entry points to ../build/ros_tcp_endpoint/ros_tcp_endpoint.egg-info/entry_points.txt\n'}
[0.838212] (ros_tcp_endpoint) StdoutLine: {'line': b'writing requirements to ../build/ros_tcp_endpoint/ros_tcp_endpoint.egg-info/requires.txt\n'}
[0.838366] (ros_tcp_endpoint) StdoutLine: {'line': b'writing top-level names to ../build/ros_tcp_endpoint/ros_tcp_endpoint.egg-info/top_level.txt\n'}
[0.839914] (ros_tcp_endpoint) StdoutLine: {'line': b"reading manifest file '../build/ros_tcp_endpoint/ros_tcp_endpoint.egg-info/SOURCES.txt'\n"}
[0.840173] (ros_tcp_endpoint) StdoutLine: {'line': b"adding license file 'LICENSE'\n"}
[0.840918] (ros_tcp_endpoint) StdoutLine: {'line': b"writing manifest file '../build/ros_tcp_endpoint/ros_tcp_endpoint.egg-info/SOURCES.txt'\n"}
[0.841032] (ros_tcp_endpoint) StdoutLine: {'line': b'running build\n'}
[0.841104] (ros_tcp_endpoint) StdoutLine: {'line': b'running build_py\n'}
[0.842116] (ros_tcp_endpoint) StdoutLine: {'line': b'running install\n'}
[0.842312] (ros_tcp_endpoint) StdoutLine: {'line': b'running install_lib\n'}
[0.844003] (ros_tcp_endpoint) StdoutLine: {'line': b'running install_data\n'}
[0.844149] (ros_tcp_endpoint) StdoutLine: {'line': b'running install_egg_info\n'}
[0.845903] (ros_tcp_endpoint) StdoutLine: {'line': b"removing '/home/yadhu/ur3e/src/install/ros_tcp_endpoint/lib/python3.10/site-packages/ros_tcp_endpoint-0.0.1-py3.10.egg-info' (and everything under it)\n"}
[0.846199] (ros_tcp_endpoint) StdoutLine: {'line': b'Copying ../build/ros_tcp_endpoint/ros_tcp_endpoint.egg-info to /home/yadhu/ur3e/src/install/ros_tcp_endpoint/lib/python3.10/site-packages/ros_tcp_endpoint-0.0.1-py3.10.egg-info\n'}
[0.847066] (ros_tcp_endpoint) StdoutLine: {'line': b'running install_scripts\n'}
[0.848467] (unity_robotics_demo) StderrLine: {'line': b"/usr/lib/python3/dist-packages/setuptools/dist.py:723: UserWarning: Usage of dash-separated 'script-dir' will not be supported in future versions. Please use the underscore name 'script_dir' instead\n"}
[0.848611] (unity_robotics_demo) StderrLine: {'line': b'  warnings.warn(\n'}
[0.853583] (unity_robotics_demo) StdoutLine: {'line': b'running egg_info\n'}
[0.854131] (unity_robotics_demo) StdoutLine: {'line': b'writing ../build/unity_robotics_demo/unity_robotics_demo.egg-info/PKG-INFO\n'}
[0.854192] (unity_robotics_demo) StdoutLine: {'line': b'writing dependency_links to ../build/unity_robotics_demo/unity_robotics_demo.egg-info/dependency_links.txt\n'}
[0.854252] (unity_robotics_demo) StdoutLine: {'line': b'writing entry points to ../build/unity_robotics_demo/unity_robotics_demo.egg-info/entry_points.txt\n'}
[0.854334] (unity_robotics_demo) StdoutLine: {'line': b'writing requirements to ../build/unity_robotics_demo/unity_robotics_demo.egg-info/requires.txt\n'}
[0.854473] (unity_robotics_demo) StdoutLine: {'line': b'writing top-level names to ../build/unity_robotics_demo/unity_robotics_demo.egg-info/top_level.txt\n'}
[0.855321] (unity_robotics_demo) StdoutLine: {'line': b"reading manifest file '../build/unity_robotics_demo/unity_robotics_demo.egg-info/SOURCES.txt'\n"}
[0.855778] (unity_robotics_demo) StdoutLine: {'line': b"writing manifest file '../build/unity_robotics_demo/unity_robotics_demo.egg-info/SOURCES.txt'\n"}
[0.855927] (unity_robotics_demo) StdoutLine: {'line': b'running build\n'}
[0.856001] (unity_robotics_demo) StdoutLine: {'line': b'running build_py\n'}
[0.856081] (unity_robotics_demo) StdoutLine: {'line': b'running install\n'}
[0.856317] (unity_robotics_demo) StdoutLine: {'line': b'running install_lib\n'}
[0.856975] (unity_robotics_demo) StdoutLine: {'line': b'running install_data\n'}
[0.857060] (unity_robotics_demo) StdoutLine: {'line': b'running install_egg_info\n'}
[0.858188] (unity_robotics_demo) StdoutLine: {'line': b"removing '/home/yadhu/ur3e/src/install/unity_robotics_demo/lib/python3.10/site-packages/unity_robotics_demo-0.0.1-py3.10.egg-info' (and everything under it)\n"}
[0.858327] (unity_robotics_demo) StdoutLine: {'line': b'Copying ../build/unity_robotics_demo/unity_robotics_demo.egg-info to /home/yadhu/ur3e/src/install/unity_robotics_demo/lib/python3.10/site-packages/unity_robotics_demo-0.0.1-py3.10.egg-info\n'}
[0.858767] (unity_robotics_demo) StdoutLine: {'line': b'running install_scripts\n'}
[0.862263] (ur_moveit_config) StdoutLine: {'line': b'running egg_info\n'}
[0.862882] (ur_moveit_config) StdoutLine: {'line': b'writing ur_moveit_config.egg-info/PKG-INFO\n'}
[0.862994] (ur_moveit_config) StdoutLine: {'line': b'writing dependency_links to ur_moveit_config.egg-info/dependency_links.txt\n'}
[0.863087] (ur_moveit_config) StdoutLine: {'line': b'writing top-level names to ur_moveit_config.egg-info/top_level.txt\n'}
[0.864255] (ur_moveit_config) StdoutLine: {'line': b"reading manifest file 'ur_moveit_config.egg-info/SOURCES.txt'\n"}
[0.864624] (ur_moveit_config) StdoutLine: {'line': b"writing manifest file 'ur_moveit_config.egg-info/SOURCES.txt'\n"}
[0.866721] (ros_tcp_endpoint) StdoutLine: {'line': b'Installing default_server_endpoint script to /home/yadhu/ur3e/src/install/ros_tcp_endpoint/lib/ros_tcp_endpoint\n'}
[0.867077] (ros_tcp_endpoint) StdoutLine: {'line': b"writing list of installed files to '/home/yadhu/ur3e/src/build/ros_tcp_endpoint/install.log'\n"}
[0.872438] (unity_robotics_demo) StdoutLine: {'line': b'Installing color_publisher script to /home/yadhu/ur3e/src/install/unity_robotics_demo/lib/unity_robotics_demo\n'}
[0.872714] (unity_robotics_demo) StdoutLine: {'line': b'Installing position_service script to /home/yadhu/ur3e/src/install/unity_robotics_demo/lib/unity_robotics_demo\n'}
[0.872808] (unity_robotics_demo) StdoutLine: {'line': b"writing list of installed files to '/home/yadhu/ur3e/src/build/unity_robotics_demo/install.log'\n"}
[0.883194] (ur_moveit_config) StdoutLine: {'line': b'Built target ament_cmake_python_build_ur_moveit_config_egg\n'}
[0.887751] (ros_tcp_endpoint) CommandEnded: {'returncode': 0}
[0.893711] (ros_tcp_endpoint) JobEnded: {'identifier': 'ros_tcp_endpoint', 'rc': 0}
[0.894553] (ur_moveit_config) CommandEnded: {'returncode': 0}
[0.895236] (unity_robotics_demo) CommandEnded: {'returncode': 0}
[0.898389] (unity_robotics_demo) JobEnded: {'identifier': 'unity_robotics_demo', 'rc': 0}
[0.900783] (-) TimerEvent: {}
[0.908191] (pyfile) Command: {'cmd': ['/usr/bin/python3', '-W', 'ignore:setup.py install is deprecated', 'setup.py', 'egg_info', '--egg-base', '../build/pyfile', 'build', '--build-base', '/home/yadhu/ur3e/src/build/pyfile/build', 'install', '--record', '/home/yadhu/ur3e/src/build/pyfile/install.log', '--single-version-externally-managed', 'install_data'], 'cwd': '/home/yadhu/ur3e/src/pyfile', 'env': {'HOSTNAME': 'yadhuk', 'GIT_ASKPASS': '/vscode/vscode-server/bin/linux-x64/e54c774e0add60467559eb0d1e229c6452cf8447/extensions/git/dist/askpass.sh', 'SHLVL': '2', 'LD_LIBRARY_PATH': '/usr/lib/x86_64-linux-gnu/gazebo-11/plugins:/opt/ros/humble/opt/rviz_ogre_vendor/lib:/opt/ros/humble/lib/x86_64-linux-gnu:/opt/ros/humble/lib', 'BROWSER': '/vscode/vscode-server/bin/linux-x64/e54c774e0add60467559eb0d1e229c6452cf8447/bin/helpers/browser.sh', 'HOME': '/home/yadhu', 'OLDPWD': '/home/yadhu/ur3e', 'TERM_PROGRAM_VERSION': '1.97.2', 'VSCODE_IPC_HOOK_CLI': '/tmp/vscode-ipc-191d809e-ad6a-48a3-8c83-2991c7349be6.sock', 'DEBUGPY_ADAPTER_ENDPOINTS': '/home/yadhu/.vscode-server/extensions/ms-python.debugpy-2025.0.1-linux-x64/.noConfigDebugAdapterEndpoints/endpoint-00e5a96652343ffc.txt', 'ROS_PYTHON_VERSION': '3', 'VSCODE_GIT_ASKPASS_MAIN': '/vscode/vscode-server/bin/linux-x64/e54c774e0add60467559eb0d1e229c6452cf8447/extensions/git/dist/askpass-main.js', 'VSCODE_GIT_ASKPASS_NODE': '/vscode/vscode-server/bin/linux-x64/e54c774e0add60467559eb0d1e229c6452cf8447/node', 'PYDEVD_DISABLE_FILE_VALIDATION': '1', 'BUNDLED_DEBUGPY_PATH': '/home/yadhu/.vscode-server/extensions/ms-python.debugpy-2025.0.1-linux-x64/bundled/libs/debugpy', 'COLORTERM': 'truecolor', 'REMOTE_CONTAINERS': 'true', 'ROS_DISTRO': 'humble', 'REMOTE_CONTAINERS_IPC': '/tmp/vscode-remote-containers-ipc-3b15b7cf-88ad-4a56-828c-69c61a495d31.sock', '_': '/usr/bin/colcon', 'ROS_VERSION': '2', 'TERM': 'xterm-256color', 'ROS_LOCALHOST_ONLY': '0', 'PATH': '/vscode/vscode-server/bin/linux-x64/e54c774e0add60467559eb0d1e229c6452cf8447/bin/remote-cli:/opt/ros/humble/bin:/usr/local/sbin:/usr/local/bin:/usr/sbin:/usr/bin:/sbin:/bin:/home/yadhu/.vscode-server/extensions/ms-python.debugpy-2025.0.1-linux-x64/bundled/scripts/noConfigScripts', 'REMOTE_CONTAINERS_SOCKETS': '["/tmp/vscode-ssh-auth-3b15b7cf-88ad-4a56-828c-69c61a495d31.sock","/home/yadhu/.gnupg/S.gpg-agent"]', 'DISPLAY': ':1', 'LANG': 'C.UTF-8', 'RMW_IMPLEMENTATION': 'rmw_cyclonedds_cpp', 'LS_COLORS': 'rs=0:di=01;34:ln=01;36:mh=00:pi=40;33:so=01;35:do=01;35:bd=40;33;01:cd=40;33;01:or=40;31;01:mi=00:su=37;41:sg=30;43:ca=30;41:tw=30;42:ow=34;42:st=37;44:ex=01;32:*.tar=01;31:*.tgz=01;31:*.arc=01;31:*.arj=01;31:*.taz=01;31:*.lha=01;31:*.lz4=01;31:*.lzh=01;31:*.lzma=01;31:*.tlz=01;31:*.txz=01;31:*.tzo=01;31:*.t7z=01;31:*.zip=01;31:*.z=01;31:*.dz=01;31:*.gz=01;31:*.lrz=01;31:*.lz=01;31:*.lzo=01;31:*.xz=01;31:*.zst=01;31:*.tzst=01;31:*.bz2=01;31:*.bz=01;31:*.tbz=01;31:*.tbz2=01;31:*.tz=01;31:*.deb=01;31:*.rpm=01;31:*.jar=01;31:*.war=01;31:*.ear=01;31:*.sar=01;31:*.rar=01;31:*.alz=01;31:*.ace=01;31:*.zoo=01;31:*.cpio=01;31:*.7z=01;31:*.rz=01;31:*.cab=01;31:*.wim=01;31:*.swm=01;31:*.dwm=01;31:*.esd=01;31:*.jpg=01;35:*.jpeg=01;35:*.mjpg=01;35:*.mjpeg=01;35:*.gif=01;35:*.bmp=01;35:*.pbm=01;35:*.pgm=01;35:*.ppm=01;35:*.tga=01;35:*.xbm=01;35:*.xpm=01;35:*.tif=01;35:*.tiff=01;35:*.png=01;35:*.svg=01;35:*.svgz=01;35:*.mng=01;35:*.pcx=01;35:*.mov=01;35:*.mpg=01;35:*.mpeg=01;35:*.m2v=01;35:*.mkv=01;35:*.webm=01;35:*.webp=01;35:*.ogm=01;35:*.mp4=01;35:*.m4v=01;35:*.mp4v=01;35:*.vob=01;35:*.qt=01;35:*.nuv=01;35:*.wmv=01;35:*.asf=01;35:*.rm=01;35:*.rmvb=01;35:*.flc=01;35:*.avi=01;35:*.fli=01;35:*.flv=01;35:*.gl=01;35:*.dl=01;35:*.xcf=01;35:*.xwd=01;35:*.yuv=01;35:*.cgm=01;35:*.emf=01;35:*.ogv=01;35:*.ogx=01;35:*.aac=00;36:*.au=00;36:*.flac=00;36:*.m4a=00;36:*.mid=00;36:*.midi=00;36:*.mka=00;36:*.mp3=00;36:*.mpc=00;36:*.ogg=00;36:*.ra=00;36:*.wav=00;36:*.oga=00;36:*.opus=00;36:*.spx=00;36:*.xspf=00;36:', 'VSCODE_GIT_IPC_HANDLE': '/tmp/vscode-git-09c052f1c4.sock', 'TERM_PROGRAM': 'vscode', 'SSH_AUTH_SOCK': '/tmp/vscode-ssh-auth-3b15b7cf-88ad-4a56-828c-69c61a495d31.sock', 'ROS_DOMAIN_ID': '42', 'AMENT_PREFIX_PATH': '/home/yadhu/ur3e/src/install/ur_description:/home/yadhu/ur3e/src/install/robotiq_description:/opt/ros/humble', 'SHELL': '/bin/bash', 'ROS_AUTOMATIC_DISCOVERY_RANGE': 'LOCALHOST', 'VSCODE_GIT_ASKPASS_EXTRA_ARGS': '', 'PWD': '/home/yadhu/ur3e/src/build/pyfile', 'LC_ALL': 'C.UTF-8', 'PYTHONPATH': '/home/yadhu/ur3e/src/build/pyfile/prefix_override:/usr/lib/python3/dist-packages/colcon_core/task/python/colcon_distutils_commands:/home/yadhu/ur3e/src/install/pyfile/lib/python3.10/site-packages:/opt/ros/humble/lib/python3.10/site-packages:/opt/ros/humble/local/lib/python3.10/dist-packages', 'COLCON': '1', 'CMAKE_PREFIX_PATH': '/home/yadhu/ur3e/src/install/ur_description:/home/yadhu/ur3e/src/install/robotiq_description'}, 'shell': False}
[0.912642] (ur_moveit_config) JobProgress: {'identifier': 'ur_moveit_config', 'progress': 'install'}
[0.912969] (ur_moveit_config) Command: {'cmd': ['/usr/bin/cmake', '--install', '/home/yadhu/ur3e/src/build/ur_moveit_config'], 'cwd': '/home/yadhu/ur3e/src/build/ur_moveit_config', 'env': OrderedDict([('HOSTNAME', 'yadhuk'), ('GIT_ASKPASS', '/vscode/vscode-server/bin/linux-x64/e54c774e0add60467559eb0d1e229c6452cf8447/extensions/git/dist/askpass.sh'), ('SHLVL', '2'), ('LD_LIBRARY_PATH', '/usr/lib/x86_64-linux-gnu/gazebo-11/plugins:/opt/ros/humble/opt/rviz_ogre_vendor/lib:/opt/ros/humble/lib/x86_64-linux-gnu:/opt/ros/humble/lib'), ('BROWSER', '/vscode/vscode-server/bin/linux-x64/e54c774e0add60467559eb0d1e229c6452cf8447/bin/helpers/browser.sh'), ('HOME', '/home/yadhu'), ('OLDPWD', '/home/yadhu/ur3e'), ('TERM_PROGRAM_VERSION', '1.97.2'), ('VSCODE_IPC_HOOK_CLI', '/tmp/vscode-ipc-191d809e-ad6a-48a3-8c83-2991c7349be6.sock'), ('DEBUGPY_ADAPTER_ENDPOINTS', '/home/yadhu/.vscode-server/extensions/ms-python.debugpy-2025.0.1-linux-x64/.noConfigDebugAdapterEndpoints/endpoint-00e5a96652343ffc.txt'), ('ROS_PYTHON_VERSION', '3'), ('VSCODE_GIT_ASKPASS_MAIN', '/vscode/vscode-server/bin/linux-x64/e54c774e0add60467559eb0d1e229c6452cf8447/extensions/git/dist/askpass-main.js'), ('VSCODE_GIT_ASKPASS_NODE', '/vscode/vscode-server/bin/linux-x64/e54c774e0add60467559eb0d1e229c6452cf8447/node'), ('PYDEVD_DISABLE_FILE_VALIDATION', '1'), ('BUNDLED_DEBUGPY_PATH', '/home/yadhu/.vscode-server/extensions/ms-python.debugpy-2025.0.1-linux-x64/bundled/libs/debugpy'), ('COLORTERM', 'truecolor'), ('REMOTE_CONTAINERS', 'true'), ('ROS_DISTRO', 'humble'), ('REMOTE_CONTAINERS_IPC', '/tmp/vscode-remote-containers-ipc-3b15b7cf-88ad-4a56-828c-69c61a495d31.sock'), ('_', '/usr/bin/colcon'), ('ROS_VERSION', '2'), ('TERM', 'xterm-256color'), ('ROS_LOCALHOST_ONLY', '0'), ('PATH', '/vscode/vscode-server/bin/linux-x64/e54c774e0add60467559eb0d1e229c6452cf8447/bin/remote-cli:/opt/ros/humble/bin:/usr/local/sbin:/usr/local/bin:/usr/sbin:/usr/bin:/sbin:/bin:/home/yadhu/.vscode-server/extensions/ms-python.debugpy-2025.0.1-linux-x64/bundled/scripts/noConfigScripts'), ('REMOTE_CONTAINERS_SOCKETS', '["/tmp/vscode-ssh-auth-3b15b7cf-88ad-4a56-828c-69c61a495d31.sock","/home/yadhu/.gnupg/S.gpg-agent"]'), ('DISPLAY', ':1'), ('LANG', 'C.UTF-8'), ('RMW_IMPLEMENTATION', 'rmw_cyclonedds_cpp'), ('LS_COLORS', 'rs=0:di=01;34:ln=01;36:mh=00:pi=40;33:so=01;35:do=01;35:bd=40;33;01:cd=40;33;01:or=40;31;01:mi=00:su=37;41:sg=30;43:ca=30;41:tw=30;42:ow=34;42:st=37;44:ex=01;32:*.tar=01;31:*.tgz=01;31:*.arc=01;31:*.arj=01;31:*.taz=01;31:*.lha=01;31:*.lz4=01;31:*.lzh=01;31:*.lzma=01;31:*.tlz=01;31:*.txz=01;31:*.tzo=01;31:*.t7z=01;31:*.zip=01;31:*.z=01;31:*.dz=01;31:*.gz=01;31:*.lrz=01;31:*.lz=01;31:*.lzo=01;31:*.xz=01;31:*.zst=01;31:*.tzst=01;31:*.bz2=01;31:*.bz=01;31:*.tbz=01;31:*.tbz2=01;31:*.tz=01;31:*.deb=01;31:*.rpm=01;31:*.jar=01;31:*.war=01;31:*.ear=01;31:*.sar=01;31:*.rar=01;31:*.alz=01;31:*.ace=01;31:*.zoo=01;31:*.cpio=01;31:*.7z=01;31:*.rz=01;31:*.cab=01;31:*.wim=01;31:*.swm=01;31:*.dwm=01;31:*.esd=01;31:*.jpg=01;35:*.jpeg=01;35:*.mjpg=01;35:*.mjpeg=01;35:*.gif=01;35:*.bmp=01;35:*.pbm=01;35:*.pgm=01;35:*.ppm=01;35:*.tga=01;35:*.xbm=01;35:*.xpm=01;35:*.tif=01;35:*.tiff=01;35:*.png=01;35:*.svg=01;35:*.svgz=01;35:*.mng=01;35:*.pcx=01;35:*.mov=01;35:*.mpg=01;35:*.mpeg=01;35:*.m2v=01;35:*.mkv=01;35:*.webm=01;35:*.webp=01;35:*.ogm=01;35:*.mp4=01;35:*.m4v=01;35:*.mp4v=01;35:*.vob=01;35:*.qt=01;35:*.nuv=01;35:*.wmv=01;35:*.asf=01;35:*.rm=01;35:*.rmvb=01;35:*.flc=01;35:*.avi=01;35:*.fli=01;35:*.flv=01;35:*.gl=01;35:*.dl=01;35:*.xcf=01;35:*.xwd=01;35:*.yuv=01;35:*.cgm=01;35:*.emf=01;35:*.ogv=01;35:*.ogx=01;35:*.aac=00;36:*.au=00;36:*.flac=00;36:*.m4a=00;36:*.mid=00;36:*.midi=00;36:*.mka=00;36:*.mp3=00;36:*.mpc=00;36:*.ogg=00;36:*.ra=00;36:*.wav=00;36:*.oga=00;36:*.opus=00;36:*.spx=00;36:*.xspf=00;36:'), ('VSCODE_GIT_IPC_HANDLE', '/tmp/vscode-git-09c052f1c4.sock'), ('TERM_PROGRAM', 'vscode'), ('SSH_AUTH_SOCK', '/tmp/vscode-ssh-auth-3b15b7cf-88ad-4a56-828c-69c61a495d31.sock'), ('ROS_DOMAIN_ID', '42'), ('AMENT_PREFIX_PATH', '/home/yadhu/ur3e/src/install/ur_description:/home/yadhu/ur3e/src/install/robotiq_description:/opt/ros/humble'), ('SHELL', '/bin/bash'), ('ROS_AUTOMATIC_DISCOVERY_RANGE', 'LOCALHOST'), ('VSCODE_GIT_ASKPASS_EXTRA_ARGS', ''), ('PWD', '/home/yadhu/ur3e/src/build/ur_moveit_config'), ('LC_ALL', 'C.UTF-8'), ('PYTHONPATH', '/opt/ros/humble/lib/python3.10/site-packages:/opt/ros/humble/local/lib/python3.10/dist-packages'), ('COLCON', '1'), ('CMAKE_PREFIX_PATH', '/home/yadhu/ur3e/src/install/ur_description:/home/yadhu/ur3e/src/install/robotiq_description:/opt/ros/humble')]), 'shell': False}
[0.919772] (ur_moveit_config) StdoutLine: {'line': b'-- Install configuration: ""\n'}
[0.919922] (ur_moveit_config) StdoutLine: {'line': b'-- Up-to-date: /home/yadhu/ur3e/src/install/ur_moveit_config/share/ur_moveit_config/config\n'}
[0.919976] (ur_moveit_config) StdoutLine: {'line': b'-- Up-to-date: /home/yadhu/ur3e/src/install/ur_moveit_config/share/ur_moveit_config/config/controllers.yaml\n'}
[0.920014] (ur_moveit_config) StdoutLine: {'line': b'-- Up-to-date: /home/yadhu/ur3e/src/install/ur_moveit_config/share/ur_moveit_config/config/kinematics.yaml\n'}
[0.920048] (ur_moveit_config) StdoutLine: {'line': b'-- Up-to-date: /home/yadhu/ur3e/src/install/ur_moveit_config/share/ur_moveit_config/config/joint_limits.yaml\n'}
[0.920076] (ur_moveit_config) StdoutLine: {'line': b'-- Up-to-date: /home/yadhu/ur3e/src/install/ur_moveit_config/share/ur_moveit_config/config/ur_servo.yaml\n'}
[0.920138] (ur_moveit_config) StdoutLine: {'line': b'-- Up-to-date: /home/yadhu/ur3e/src/install/ur_moveit_config/share/ur_moveit_config/config/ompl_planning.yaml\n'}
[0.920199] (ur_moveit_config) StdoutLine: {'line': b'-- Up-to-date: /home/yadhu/ur3e/src/install/ur_moveit_config/share/ur_moveit_config/launch\n'}
[0.920233] (ur_moveit_config) StdoutLine: {'line': b'-- Up-to-date: /home/yadhu/ur3e/src/install/ur_moveit_config/share/ur_moveit_config/launch/ur_moveit.launch.py\n'}
[0.920262] (ur_moveit_config) StdoutLine: {'line': b'-- Up-to-date: /home/yadhu/ur3e/src/install/ur_moveit_config/share/ur_moveit_config/rviz\n'}
[0.920298] (ur_moveit_config) StdoutLine: {'line': b'-- Up-to-date: /home/yadhu/ur3e/src/install/ur_moveit_config/share/ur_moveit_config/rviz/view_robot.rviz\n'}
[0.920419] (ur_moveit_config) StdoutLine: {'line': b'-- Up-to-date: /home/yadhu/ur3e/src/install/ur_moveit_config/share/ur_moveit_config/srdf\n'}
[0.920452] (ur_moveit_config) StdoutLine: {'line': b'-- Up-to-date: /home/yadhu/ur3e/src/install/ur_moveit_config/share/ur_moveit_config/srdf/ur_macro.srdf.xacro\n'}
[0.920482] (ur_moveit_config) StdoutLine: {'line': b'-- Up-to-date: /home/yadhu/ur3e/src/install/ur_moveit_config/share/ur_moveit_config/srdf/ur.srdf.xacro\n'}
[0.920509] (ur_moveit_config) StdoutLine: {'line': b'-- Up-to-date: /home/yadhu/ur3e/src/install/ur_moveit_config/share/ur_moveit_config/environment/pythonpath.sh\n'}
[0.920536] (ur_moveit_config) StdoutLine: {'line': b'-- Up-to-date: /home/yadhu/ur3e/src/install/ur_moveit_config/share/ur_moveit_config/environment/pythonpath.dsv\n'}
[0.920564] (ur_moveit_config) StdoutLine: {'line': b'-- Up-to-date: /home/yadhu/ur3e/src/install/ur_moveit_config/local/lib/python3.10/dist-packages/ur_moveit_config-2.2.16-py3.10.egg-info\n'}
[0.920591] (ur_moveit_config) StdoutLine: {'line': b'-- Installing: /home/yadhu/ur3e/src/install/ur_moveit_config/local/lib/python3.10/dist-packages/ur_moveit_config-2.2.16-py3.10.egg-info/top_level.txt\n'}
[0.920647] (ur_moveit_config) StdoutLine: {'line': b'-- Installing: /home/yadhu/ur3e/src/install/ur_moveit_config/local/lib/python3.10/dist-packages/ur_moveit_config-2.2.16-py3.10.egg-info/PKG-INFO\n'}
[0.920677] (ur_moveit_config) StdoutLine: {'line': b'-- Installing: /home/yadhu/ur3e/src/install/ur_moveit_config/local/lib/python3.10/dist-packages/ur_moveit_config-2.2.16-py3.10.egg-info/dependency_links.txt\n'}
[0.920725] (ur_moveit_config) StdoutLine: {'line': b'-- Installing: /home/yadhu/ur3e/src/install/ur_moveit_config/local/lib/python3.10/dist-packages/ur_moveit_config-2.2.16-py3.10.egg-info/SOURCES.txt\n'}
[0.920852] (ur_moveit_config) StdoutLine: {'line': b'-- Up-to-date: /home/yadhu/ur3e/src/install/ur_moveit_config/local/lib/python3.10/dist-packages/ur_moveit_config\n'}
[0.920890] (ur_moveit_config) StdoutLine: {'line': b'-- Up-to-date: /home/yadhu/ur3e/src/install/ur_moveit_config/local/lib/python3.10/dist-packages/ur_moveit_config/launch_common.py\n'}
[0.920917] (ur_moveit_config) StdoutLine: {'line': b'-- Up-to-date: /home/yadhu/ur3e/src/install/ur_moveit_config/local/lib/python3.10/dist-packages/ur_moveit_config/__init__.py\n'}
[0.942766] (ur_moveit_config) StdoutLine: {'line': b"Listing '/home/yadhu/ur3e/src/install/ur_moveit_config/local/lib/python3.10/dist-packages/ur_moveit_config'...\n"}
[0.945950] (ur_moveit_config) StdoutLine: {'line': b'-- Up-to-date: /home/yadhu/ur3e/src/install/ur_moveit_config/local/lib/python3.10/dist-packages/launch_common.py\n'}
[0.971342] (ur_moveit_config) StdoutLine: {'line': b'-- Up-to-date: /home/yadhu/ur3e/src/install/ur_moveit_config/share/ament_index/resource_index/package_run_dependencies/ur_moveit_config\n'}
[0.971537] (ur_moveit_config) StdoutLine: {'line': b'-- Up-to-date: /home/yadhu/ur3e/src/install/ur_moveit_config/share/ament_index/resource_index/parent_prefix_path/ur_moveit_config\n'}
[0.971578] (ur_moveit_config) StdoutLine: {'line': b'-- Up-to-date: /home/yadhu/ur3e/src/install/ur_moveit_config/share/ur_moveit_config/environment/ament_prefix_path.sh\n'}
[0.971636] (ur_moveit_config) StdoutLine: {'line': b'-- Up-to-date: /home/yadhu/ur3e/src/install/ur_moveit_config/share/ur_moveit_config/environment/ament_prefix_path.dsv\n'}
[0.971699] (ur_moveit_config) StdoutLine: {'line': b'-- Up-to-date: /home/yadhu/ur3e/src/install/ur_moveit_config/share/ur_moveit_config/environment/path.sh\n'}
[0.971731] (ur_moveit_config) StdoutLine: {'line': b'-- Up-to-date: /home/yadhu/ur3e/src/install/ur_moveit_config/share/ur_moveit_config/environment/path.dsv\n'}
[0.971765] (ur_moveit_config) StdoutLine: {'line': b'-- Up-to-date: /home/yadhu/ur3e/src/install/ur_moveit_config/share/ur_moveit_config/local_setup.bash\n'}
[0.971871] (ur_moveit_config) StdoutLine: {'line': b'-- Up-to-date: /home/yadhu/ur3e/src/install/ur_moveit_config/share/ur_moveit_config/local_setup.sh\n'}
[0.971904] (ur_moveit_config) StdoutLine: {'line': b'-- Up-to-date: /home/yadhu/ur3e/src/install/ur_moveit_config/share/ur_moveit_config/local_setup.zsh\n'}
[0.971931] (ur_moveit_config) StdoutLine: {'line': b'-- Up-to-date: /home/yadhu/ur3e/src/install/ur_moveit_config/share/ur_moveit_config/local_setup.dsv\n'}
[0.971956] (ur_moveit_config) StdoutLine: {'line': b'-- Installing: /home/yadhu/ur3e/src/install/ur_moveit_config/share/ur_moveit_config/package.dsv\n'}
[0.972017] (ur_moveit_config) StdoutLine: {'line': b'-- Up-to-date: /home/yadhu/ur3e/src/install/ur_moveit_config/share/ament_index/resource_index/packages/ur_moveit_config\n'}
[0.972074] (ur_moveit_config) StdoutLine: {'line': b'-- Up-to-date: /home/yadhu/ur3e/src/install/ur_moveit_config/share/ur_moveit_config/cmake/ur_moveit_configConfig.cmake\n'}
[0.972106] (ur_moveit_config) StdoutLine: {'line': b'-- Up-to-date: /home/yadhu/ur3e/src/install/ur_moveit_config/share/ur_moveit_config/cmake/ur_moveit_configConfig-version.cmake\n'}
[0.972156] (ur_moveit_config) StdoutLine: {'line': b'-- Up-to-date: /home/yadhu/ur3e/src/install/ur_moveit_config/share/ur_moveit_config/package.xml\n'}
[0.973403] (ur_moveit_config) CommandEnded: {'returncode': 0}
[0.998623] (ur_moveit_config) JobEnded: {'identifier': 'ur_moveit_config', 'rc': 0}
[1.000882] (-) TimerEvent: {}
[1.051138] (pyfile) StdoutLine: {'line': b'running egg_info\n'}
[1.051523] (pyfile) StdoutLine: {'line': b'writing ../build/pyfile/pyfile.egg-info/PKG-INFO\n'}
[1.051651] (pyfile) StdoutLine: {'line': b'writing dependency_links to ../build/pyfile/pyfile.egg-info/dependency_links.txt\n'}
[1.051727] (pyfile) StdoutLine: {'line': b'writing entry points to ../build/pyfile/pyfile.egg-info/entry_points.txt\n'}
[1.051778] (pyfile) StdoutLine: {'line': b'writing requirements to ../build/pyfile/pyfile.egg-info/requires.txt\n'}
[1.051827] (pyfile) StdoutLine: {'line': b'writing top-level names to ../build/pyfile/pyfile.egg-info/top_level.txt\n'}
[1.052877] (pyfile) StdoutLine: {'line': b"reading manifest file '../build/pyfile/pyfile.egg-info/SOURCES.txt'\n"}
[1.053438] (pyfile) StdoutLine: {'line': b"writing manifest file '../build/pyfile/pyfile.egg-info/SOURCES.txt'\n"}
[1.053584] (pyfile) StdoutLine: {'line': b'running build\n'}
[1.053659] (pyfile) StdoutLine: {'line': b'running build_py\n'}
[1.053726] (pyfile) StdoutLine: {'line': b'running install\n'}
[1.053804] (pyfile) StdoutLine: {'line': b'running install_lib\n'}
[1.054419] (pyfile) StdoutLine: {'line': b'running install_data\n'}
[1.054511] (pyfile) StdoutLine: {'line': b'running install_egg_info\n'}
[1.055629] (pyfile) StdoutLine: {'line': b"removing '/home/yadhu/ur3e/src/install/pyfile/lib/python3.10/site-packages/pyfile-0.0.0-py3.10.egg-info' (and everything under it)\n"}
[1.055748] (pyfile) StdoutLine: {'line': b'Copying ../build/pyfile/pyfile.egg-info to /home/yadhu/ur3e/src/install/pyfile/lib/python3.10/site-packages/pyfile-0.0.0-py3.10.egg-info\n'}
[1.056120] (pyfile) StdoutLine: {'line': b'running install_scripts\n'}
[1.069272] (pyfile) StdoutLine: {'line': b'Installing move_bot script to /home/yadhu/ur3e/src/install/pyfile/lib/pyfile\n'}
[1.069513] (pyfile) StdoutLine: {'line': b"writing list of installed files to '/home/yadhu/ur3e/src/build/pyfile/install.log'\n"}
[1.083890] (pyfile) CommandEnded: {'returncode': 0}
[1.087170] (pyfile) JobEnded: {'identifier': 'pyfile', 'rc': 0}
[1.100969] (-) TimerEvent: {}
[1.201322] (-) TimerEvent: {}
[1.301875] (-) TimerEvent: {}
[1.402089] (-) TimerEvent: {}
[1.408706] (moveit_msgs) JobProgress: {'identifier': 'moveit_msgs', 'progress': 'install'}
[1.408928] (moveit_msgs) Command: {'cmd': ['/usr/bin/cmake', '--install', '/home/yadhu/ur3e/src/build/moveit_msgs'], 'cwd': '/home/yadhu/ur3e/src/build/moveit_msgs', 'env': OrderedDict([('HOSTNAME', 'yadhuk'), ('GIT_ASKPASS', '/vscode/vscode-server/bin/linux-x64/e54c774e0add60467559eb0d1e229c6452cf8447/extensions/git/dist/askpass.sh'), ('SHLVL', '2'), ('LD_LIBRARY_PATH', '/usr/lib/x86_64-linux-gnu/gazebo-11/plugins:/opt/ros/humble/opt/rviz_ogre_vendor/lib:/opt/ros/humble/lib/x86_64-linux-gnu:/opt/ros/humble/lib'), ('BROWSER', '/vscode/vscode-server/bin/linux-x64/e54c774e0add60467559eb0d1e229c6452cf8447/bin/helpers/browser.sh'), ('HOME', '/home/yadhu'), ('OLDPWD', '/home/yadhu/ur3e'), ('TERM_PROGRAM_VERSION', '1.97.2'), ('VSCODE_IPC_HOOK_CLI', '/tmp/vscode-ipc-191d809e-ad6a-48a3-8c83-2991c7349be6.sock'), ('DEBUGPY_ADAPTER_ENDPOINTS', '/home/yadhu/.vscode-server/extensions/ms-python.debugpy-2025.0.1-linux-x64/.noConfigDebugAdapterEndpoints/endpoint-00e5a96652343ffc.txt'), ('ROS_PYTHON_VERSION', '3'), ('VSCODE_GIT_ASKPASS_MAIN', '/vscode/vscode-server/bin/linux-x64/e54c774e0add60467559eb0d1e229c6452cf8447/extensions/git/dist/askpass-main.js'), ('VSCODE_GIT_ASKPASS_NODE', '/vscode/vscode-server/bin/linux-x64/e54c774e0add60467559eb0d1e229c6452cf8447/node'), ('PYDEVD_DISABLE_FILE_VALIDATION', '1'), ('BUNDLED_DEBUGPY_PATH', '/home/yadhu/.vscode-server/extensions/ms-python.debugpy-2025.0.1-linux-x64/bundled/libs/debugpy'), ('COLORTERM', 'truecolor'), ('REMOTE_CONTAINERS', 'true'), ('ROS_DISTRO', 'humble'), ('REMOTE_CONTAINERS_IPC', '/tmp/vscode-remote-containers-ipc-3b15b7cf-88ad-4a56-828c-69c61a495d31.sock'), ('_', '/usr/bin/colcon'), ('ROS_VERSION', '2'), ('TERM', 'xterm-256color'), ('ROS_LOCALHOST_ONLY', '0'), ('PATH', '/vscode/vscode-server/bin/linux-x64/e54c774e0add60467559eb0d1e229c6452cf8447/bin/remote-cli:/opt/ros/humble/bin:/usr/local/sbin:/usr/local/bin:/usr/sbin:/usr/bin:/sbin:/bin:/home/yadhu/.vscode-server/extensions/ms-python.debugpy-2025.0.1-linux-x64/bundled/scripts/noConfigScripts'), ('REMOTE_CONTAINERS_SOCKETS', '["/tmp/vscode-ssh-auth-3b15b7cf-88ad-4a56-828c-69c61a495d31.sock","/home/yadhu/.gnupg/S.gpg-agent"]'), ('DISPLAY', ':1'), ('LANG', 'C.UTF-8'), ('RMW_IMPLEMENTATION', 'rmw_cyclonedds_cpp'), ('LS_COLORS', 'rs=0:di=01;34:ln=01;36:mh=00:pi=40;33:so=01;35:do=01;35:bd=40;33;01:cd=40;33;01:or=40;31;01:mi=00:su=37;41:sg=30;43:ca=30;41:tw=30;42:ow=34;42:st=37;44:ex=01;32:*.tar=01;31:*.tgz=01;31:*.arc=01;31:*.arj=01;31:*.taz=01;31:*.lha=01;31:*.lz4=01;31:*.lzh=01;31:*.lzma=01;31:*.tlz=01;31:*.txz=01;31:*.tzo=01;31:*.t7z=01;31:*.zip=01;31:*.z=01;31:*.dz=01;31:*.gz=01;31:*.lrz=01;31:*.lz=01;31:*.lzo=01;31:*.xz=01;31:*.zst=01;31:*.tzst=01;31:*.bz2=01;31:*.bz=01;31:*.tbz=01;31:*.tbz2=01;31:*.tz=01;31:*.deb=01;31:*.rpm=01;31:*.jar=01;31:*.war=01;31:*.ear=01;31:*.sar=01;31:*.rar=01;31:*.alz=01;31:*.ace=01;31:*.zoo=01;31:*.cpio=01;31:*.7z=01;31:*.rz=01;31:*.cab=01;31:*.wim=01;31:*.swm=01;31:*.dwm=01;31:*.esd=01;31:*.jpg=01;35:*.jpeg=01;35:*.mjpg=01;35:*.mjpeg=01;35:*.gif=01;35:*.bmp=01;35:*.pbm=01;35:*.pgm=01;35:*.ppm=01;35:*.tga=01;35:*.xbm=01;35:*.xpm=01;35:*.tif=01;35:*.tiff=01;35:*.png=01;35:*.svg=01;35:*.svgz=01;35:*.mng=01;35:*.pcx=01;35:*.mov=01;35:*.mpg=01;35:*.mpeg=01;35:*.m2v=01;35:*.mkv=01;35:*.webm=01;35:*.webp=01;35:*.ogm=01;35:*.mp4=01;35:*.m4v=01;35:*.mp4v=01;35:*.vob=01;35:*.qt=01;35:*.nuv=01;35:*.wmv=01;35:*.asf=01;35:*.rm=01;35:*.rmvb=01;35:*.flc=01;35:*.avi=01;35:*.fli=01;35:*.flv=01;35:*.gl=01;35:*.dl=01;35:*.xcf=01;35:*.xwd=01;35:*.yuv=01;35:*.cgm=01;35:*.emf=01;35:*.ogv=01;35:*.ogx=01;35:*.aac=00;36:*.au=00;36:*.flac=00;36:*.m4a=00;36:*.mid=00;36:*.midi=00;36:*.mka=00;36:*.mp3=00;36:*.mpc=00;36:*.ogg=00;36:*.ra=00;36:*.wav=00;36:*.oga=00;36:*.opus=00;36:*.spx=00;36:*.xspf=00;36:'), ('VSCODE_GIT_IPC_HANDLE', '/tmp/vscode-git-09c052f1c4.sock'), ('TERM_PROGRAM', 'vscode'), ('SSH_AUTH_SOCK', '/tmp/vscode-ssh-auth-3b15b7cf-88ad-4a56-828c-69c61a495d31.sock'), ('ROS_DOMAIN_ID', '42'), ('AMENT_PREFIX_PATH', '/opt/ros/humble'), ('SHELL', '/bin/bash'), ('ROS_AUTOMATIC_DISCOVERY_RANGE', 'LOCALHOST'), ('VSCODE_GIT_ASKPASS_EXTRA_ARGS', ''), ('PWD', '/home/yadhu/ur3e/src/build/moveit_msgs'), ('LC_ALL', 'C.UTF-8'), ('PYTHONPATH', '/opt/ros/humble/lib/python3.10/site-packages:/opt/ros/humble/local/lib/python3.10/dist-packages'), ('COLCON', '1'), ('CMAKE_PREFIX_PATH', '/opt/ros/humble')]), 'shell': False}
[1.415771] (moveit_msgs) StdoutLine: {'line': b'-- Install configuration: ""\n'}
[1.415889] (moveit_msgs) StdoutLine: {'line': b'-- Up-to-date: /home/yadhu/ur3e/src/install/moveit_msgs/share/ament_index/resource_index/rosidl_interfaces/moveit_msgs\n'}
[1.415978] (moveit_msgs) StdoutLine: {'line': b'-- Up-to-date: /home/yadhu/ur3e/src/install/moveit_msgs/include/moveit_msgs/moveit_msgs\n'}
[1.416121] (moveit_msgs) StdoutLine: {'line': b'-- Up-to-date: /home/yadhu/ur3e/src/install/moveit_msgs/include/moveit_msgs/moveit_msgs/action\n'}
[1.416175] (moveit_msgs) StdoutLine: {'line': b'-- Up-to-date: /home/yadhu/ur3e/src/install/moveit_msgs/include/moveit_msgs/moveit_msgs/action/place.h\n'}
[1.416225] (moveit_msgs) StdoutLine: {'line': b'-- Up-to-date: /home/yadhu/ur3e/src/install/moveit_msgs/include/moveit_msgs/moveit_msgs/action/move_group_sequence.h\n'}
[1.416272] (moveit_msgs) StdoutLine: {'line': b'-- Up-to-date: /home/yadhu/ur3e/src/install/moveit_msgs/include/moveit_msgs/moveit_msgs/action/execute_trajectory.h\n'}
[1.416458] (moveit_msgs) StdoutLine: {'line': b'-- Up-to-date: /home/yadhu/ur3e/src/install/moveit_msgs/include/moveit_msgs/moveit_msgs/action/hybrid_planner.h\n'}
[1.416519] (moveit_msgs) StdoutLine: {'line': b'-- Up-to-date: /home/yadhu/ur3e/src/install/moveit_msgs/include/moveit_msgs/moveit_msgs/action/move_group.h\n'}
[1.416608] (moveit_msgs) StdoutLine: {'line': b'-- Up-to-date: /home/yadhu/ur3e/src/install/moveit_msgs/include/moveit_msgs/moveit_msgs/action/detail\n'}
[1.416649] (moveit_msgs) StdoutLine: {'line': b'-- Up-to-date: /home/yadhu/ur3e/src/install/moveit_msgs/include/moveit_msgs/moveit_msgs/action/detail/local_planner__functions.c\n'}
[1.416694] (moveit_msgs) StdoutLine: {'line': b'-- Up-to-date: /home/yadhu/ur3e/src/install/moveit_msgs/include/moveit_msgs/moveit_msgs/action/detail/place__functions.h\n'}
[1.416732] (moveit_msgs) StdoutLine: {'line': b'-- Up-to-date: /home/yadhu/ur3e/src/install/moveit_msgs/include/moveit_msgs/moveit_msgs/action/detail/place__type_support.h\n'}
[1.416775] (moveit_msgs) StdoutLine: {'line': b'-- Up-to-date: /home/yadhu/ur3e/src/install/moveit_msgs/include/moveit_msgs/moveit_msgs/action/detail/local_planner__struct.h\n'}
[1.416811] (moveit_msgs) StdoutLine: {'line': b'-- Up-to-date: /home/yadhu/ur3e/src/install/moveit_msgs/include/moveit_msgs/moveit_msgs/action/detail/pickup__type_support.h\n'}
[1.416850] (moveit_msgs) StdoutLine: {'line': b'-- Up-to-date: /home/yadhu/ur3e/src/install/moveit_msgs/include/moveit_msgs/moveit_msgs/action/detail/move_group_sequence__functions.c\n'}
[1.416885] (moveit_msgs) StdoutLine: {'line': b'-- Up-to-date: /home/yadhu/ur3e/src/install/moveit_msgs/include/moveit_msgs/moveit_msgs/action/detail/move_group_sequence__functions.h\n'}
[1.416922] (moveit_msgs) StdoutLine: {'line': b'-- Up-to-date: /home/yadhu/ur3e/src/install/moveit_msgs/include/moveit_msgs/moveit_msgs/action/detail/hybrid_planner__functions.h\n'}
[1.416959] (moveit_msgs) StdoutLine: {'line': b'-- Up-to-date: /home/yadhu/ur3e/src/install/moveit_msgs/include/moveit_msgs/moveit_msgs/action/detail/hybrid_planner__type_support.h\n'}
[1.416995] (moveit_msgs) StdoutLine: {'line': b'-- Up-to-date: /home/yadhu/ur3e/src/install/moveit_msgs/include/moveit_msgs/moveit_msgs/action/detail/pickup__struct.h\n'}
[1.417031] (moveit_msgs) StdoutLine: {'line': b'-- Up-to-date: /home/yadhu/ur3e/src/install/moveit_msgs/include/moveit_msgs/moveit_msgs/action/detail/pickup__functions.c\n'}
[1.417067] (moveit_msgs) StdoutLine: {'line': b'-- Up-to-date: /home/yadhu/ur3e/src/install/moveit_msgs/include/moveit_msgs/moveit_msgs/action/detail/execute_trajectory__functions.h\n'}
[1.417100] (moveit_msgs) StdoutLine: {'line': b'-- Up-to-date: /home/yadhu/ur3e/src/install/moveit_msgs/include/moveit_msgs/moveit_msgs/action/detail/move_group__functions.c\n'}
[1.417134] (moveit_msgs) StdoutLine: {'line': b'-- Up-to-date: /home/yadhu/ur3e/src/install/moveit_msgs/include/moveit_msgs/moveit_msgs/action/detail/move_group__type_support.h\n'}
[1.417168] (moveit_msgs) StdoutLine: {'line': b'-- Up-to-date: /home/yadhu/ur3e/src/install/moveit_msgs/include/moveit_msgs/moveit_msgs/action/detail/move_group__struct.h\n'}
[1.417208] (moveit_msgs) StdoutLine: {'line': b'-- Up-to-date: /home/yadhu/ur3e/src/install/moveit_msgs/include/moveit_msgs/moveit_msgs/action/detail/local_planner__functions.h\n'}
[1.417240] (moveit_msgs) StdoutLine: {'line': b'-- Up-to-date: /home/yadhu/ur3e/src/install/moveit_msgs/include/moveit_msgs/moveit_msgs/action/detail/execute_trajectory__functions.c\n'}
[1.417272] (moveit_msgs) StdoutLine: {'line': b'-- Up-to-date: /home/yadhu/ur3e/src/install/moveit_msgs/include/moveit_msgs/moveit_msgs/action/detail/local_planner__type_support.h\n'}
[1.417375] (moveit_msgs) StdoutLine: {'line': b'-- Up-to-date: /home/yadhu/ur3e/src/install/moveit_msgs/include/moveit_msgs/moveit_msgs/action/detail/global_planner__functions.c\n'}
[1.417475] (moveit_msgs) StdoutLine: {'line': b'-- Up-to-date: /home/yadhu/ur3e/src/install/moveit_msgs/include/moveit_msgs/moveit_msgs/action/detail/execute_trajectory__type_support.h\n'}
[1.417518] (moveit_msgs) StdoutLine: {'line': b'-- Up-to-date: /home/yadhu/ur3e/src/install/moveit_msgs/include/moveit_msgs/moveit_msgs/action/detail/move_group_sequence__type_support.h\n'}
[1.417561] (moveit_msgs) StdoutLine: {'line': b'-- Up-to-date: /home/yadhu/ur3e/src/install/moveit_msgs/include/moveit_msgs/moveit_msgs/action/detail/global_planner__type_support.h\n'}
[1.417601] (moveit_msgs) StdoutLine: {'line': b'-- Up-to-date: /home/yadhu/ur3e/src/install/moveit_msgs/include/moveit_msgs/moveit_msgs/action/detail/global_planner__functions.h\n'}
[1.417641] (moveit_msgs) StdoutLine: {'line': b'-- Up-to-date: /home/yadhu/ur3e/src/install/moveit_msgs/include/moveit_msgs/moveit_msgs/action/detail/place__struct.h\n'}
[1.417677] (moveit_msgs) StdoutLine: {'line': b'-- Up-to-date: /home/yadhu/ur3e/src/install/moveit_msgs/include/moveit_msgs/moveit_msgs/action/detail/global_planner__struct.h\n'}
[1.417714] (moveit_msgs) StdoutLine: {'line': b'-- Up-to-date: /home/yadhu/ur3e/src/install/moveit_msgs/include/moveit_msgs/moveit_msgs/action/detail/move_group__functions.h\n'}
[1.417754] (moveit_msgs) StdoutLine: {'line': b'-- Up-to-date: /home/yadhu/ur3e/src/install/moveit_msgs/include/moveit_msgs/moveit_msgs/action/detail/move_group_sequence__struct.h\n'}
[1.417789] (moveit_msgs) StdoutLine: {'line': b'-- Up-to-date: /home/yadhu/ur3e/src/install/moveit_msgs/include/moveit_msgs/moveit_msgs/action/detail/place__functions.c\n'}
[1.417823] (moveit_msgs) StdoutLine: {'line': b'-- Up-to-date: /home/yadhu/ur3e/src/install/moveit_msgs/include/moveit_msgs/moveit_msgs/action/detail/execute_trajectory__struct.h\n'}
[1.417857] (moveit_msgs) StdoutLine: {'line': b'-- Up-to-date: /home/yadhu/ur3e/src/install/moveit_msgs/include/moveit_msgs/moveit_msgs/action/detail/hybrid_planner__struct.h\n'}
[1.417890] (moveit_msgs) StdoutLine: {'line': b'-- Up-to-date: /home/yadhu/ur3e/src/install/moveit_msgs/include/moveit_msgs/moveit_msgs/action/detail/pickup__functions.h\n'}
[1.417921] (moveit_msgs) StdoutLine: {'line': b'-- Up-to-date: /home/yadhu/ur3e/src/install/moveit_msgs/include/moveit_msgs/moveit_msgs/action/detail/hybrid_planner__functions.c\n'}
[1.417951] (moveit_msgs) StdoutLine: {'line': b'-- Up-to-date: /home/yadhu/ur3e/src/install/moveit_msgs/include/moveit_msgs/moveit_msgs/action/global_planner.h\n'}
[1.417982] (moveit_msgs) StdoutLine: {'line': b'-- Up-to-date: /home/yadhu/ur3e/src/install/moveit_msgs/include/moveit_msgs/moveit_msgs/action/local_planner.h\n'}
[1.418013] (moveit_msgs) StdoutLine: {'line': b'-- Up-to-date: /home/yadhu/ur3e/src/install/moveit_msgs/include/moveit_msgs/moveit_msgs/action/pickup.h\n'}
[1.418043] (moveit_msgs) StdoutLine: {'line': b'-- Up-to-date: /home/yadhu/ur3e/src/install/moveit_msgs/include/moveit_msgs/moveit_msgs/msg\n'}
[1.418073] (moveit_msgs) StdoutLine: {'line': b'-- Up-to-date: /home/yadhu/ur3e/src/install/moveit_msgs/include/moveit_msgs/moveit_msgs/msg/planning_scene.h\n'}
[1.418103] (moveit_msgs) StdoutLine: {'line': b'-- Up-to-date: /home/yadhu/ur3e/src/install/moveit_msgs/include/moveit_msgs/moveit_msgs/msg/move_it_error_codes.h\n'}
[1.418133] (moveit_msgs) StdoutLine: {'line': b'-- Up-to-date: /home/yadhu/ur3e/src/install/moveit_msgs/include/moveit_msgs/moveit_msgs/msg/display_robot_state.h\n'}
[1.418166] (moveit_msgs) StdoutLine: {'line': b'-- Up-to-date: /home/yadhu/ur3e/src/install/moveit_msgs/include/moveit_msgs/moveit_msgs/msg/link_scale.h\n'}
[1.418196] (moveit_msgs) StdoutLine: {'line': b'-- Up-to-date: /home/yadhu/ur3e/src/install/moveit_msgs/include/moveit_msgs/moveit_msgs/msg/generic_trajectory.h\n'}
[1.418223] (moveit_msgs) StdoutLine: {'line': b'-- Up-to-date: /home/yadhu/ur3e/src/install/moveit_msgs/include/moveit_msgs/moveit_msgs/msg/cartesian_trajectory_point.h\n'}
[1.418247] (moveit_msgs) StdoutLine: {'line': b'-- Up-to-date: /home/yadhu/ur3e/src/install/moveit_msgs/include/moveit_msgs/moveit_msgs/msg/allowed_collision_matrix.h\n'}
[1.418271] (moveit_msgs) StdoutLine: {'line': b'-- Up-to-date: /home/yadhu/ur3e/src/install/moveit_msgs/include/moveit_msgs/moveit_msgs/msg/contact_information.h\n'}
[1.418302] (moveit_msgs) StdoutLine: {'line': b'-- Up-to-date: /home/yadhu/ur3e/src/install/moveit_msgs/include/moveit_msgs/moveit_msgs/msg/workspace_parameters.h\n'}
[1.418334] (moveit_msgs) StdoutLine: {'line': b'-- Up-to-date: /home/yadhu/ur3e/src/install/moveit_msgs/include/moveit_msgs/moveit_msgs/msg/robot_trajectory.h\n'}
[1.418360] (moveit_msgs) StdoutLine: {'line': b'-- Up-to-date: /home/yadhu/ur3e/src/install/moveit_msgs/include/moveit_msgs/moveit_msgs/msg/grasp.h\n'}
[1.418385] (moveit_msgs) StdoutLine: {'line': b'-- Up-to-date: /home/yadhu/ur3e/src/install/moveit_msgs/include/moveit_msgs/moveit_msgs/msg/cartesian_trajectory.h\n'}
[1.418416] (moveit_msgs) StdoutLine: {'line': b'-- Up-to-date: /home/yadhu/ur3e/src/install/moveit_msgs/include/moveit_msgs/moveit_msgs/msg/visibility_constraint.h\n'}
[1.418456] (moveit_msgs) StdoutLine: {'line': b'-- Up-to-date: /home/yadhu/ur3e/src/install/moveit_msgs/include/moveit_msgs/moveit_msgs/msg/robot_state.h\n'}
[1.418649] (moveit_msgs) StdoutLine: {'line': b'-- Up-to-date: /home/yadhu/ur3e/src/install/moveit_msgs/include/moveit_msgs/moveit_msgs/msg/position_ik_request.h\n'}
[1.418691] (moveit_msgs) StdoutLine: {'line': b'-- Up-to-date: /home/yadhu/ur3e/src/install/moveit_msgs/include/moveit_msgs/moveit_msgs/msg/trajectory_constraints.h\n'}
[1.418730] (moveit_msgs) StdoutLine: {'line': b'-- Up-to-date: /home/yadhu/ur3e/src/install/moveit_msgs/include/moveit_msgs/moveit_msgs/msg/gripper_translation.h\n'}
[1.418769] (moveit_msgs) StdoutLine: {'line': b'-- Up-to-date: /home/yadhu/ur3e/src/install/moveit_msgs/include/moveit_msgs/moveit_msgs/msg/joint_constraint.h\n'}
[1.418804] (moveit_msgs) StdoutLine: {'line': b'-- Up-to-date: /home/yadhu/ur3e/src/install/moveit_msgs/include/moveit_msgs/moveit_msgs/msg/rosidl_generator_c__visibility_control.h\n'}
[1.418841] (moveit_msgs) StdoutLine: {'line': b'-- Up-to-date: /home/yadhu/ur3e/src/install/moveit_msgs/include/moveit_msgs/moveit_msgs/msg/motion_sequence_request.h\n'}
[1.418878] (moveit_msgs) StdoutLine: {'line': b'-- Up-to-date: /home/yadhu/ur3e/src/install/moveit_msgs/include/moveit_msgs/moveit_msgs/msg/object_color.h\n'}
[1.418917] (moveit_msgs) StdoutLine: {'line': b'-- Up-to-date: /home/yadhu/ur3e/src/install/moveit_msgs/include/moveit_msgs/moveit_msgs/msg/link_padding.h\n'}
[1.418954] (moveit_msgs) StdoutLine: {'line': b'-- Up-to-date: /home/yadhu/ur3e/src/install/moveit_msgs/include/moveit_msgs/moveit_msgs/msg/motion_plan_request.h\n'}
[1.418991] (moveit_msgs) StdoutLine: {'line': b'-- Up-to-date: /home/yadhu/ur3e/src/install/moveit_msgs/include/moveit_msgs/moveit_msgs/msg/position_constraint.h\n'}
[1.419030] (moveit_msgs) StdoutLine: {'line': b'-- Up-to-date: /home/yadhu/ur3e/src/install/moveit_msgs/include/moveit_msgs/moveit_msgs/msg/detail\n'}
[1.419069] (moveit_msgs) StdoutLine: {'line': b'-- Up-to-date: /home/yadhu/ur3e/src/install/moveit_msgs/include/moveit_msgs/moveit_msgs/msg/detail/move_it_error_codes__struct.h\n'}
[1.419111] (moveit_msgs) StdoutLine: {'line': b'-- Up-to-date: /home/yadhu/ur3e/src/install/moveit_msgs/include/moveit_msgs/moveit_msgs/msg/detail/orientation_constraint__struct.h\n'}
[1.419153] (moveit_msgs) StdoutLine: {'line': b'-- Up-to-date: /home/yadhu/ur3e/src/install/moveit_msgs/include/moveit_msgs/moveit_msgs/msg/detail/position_constraint__struct.h\n'}
[1.419192] (moveit_msgs) StdoutLine: {'line': b'-- Up-to-date: /home/yadhu/ur3e/src/install/moveit_msgs/include/moveit_msgs/moveit_msgs/msg/detail/robot_state__functions.h\n'}
[1.419231] (moveit_msgs) StdoutLine: {'line': b'-- Up-to-date: /home/yadhu/ur3e/src/install/moveit_msgs/include/moveit_msgs/moveit_msgs/msg/detail/planner_interface_description__functions.c\n'}
[1.419274] (moveit_msgs) StdoutLine: {'line': b'-- Up-to-date: /home/yadhu/ur3e/src/install/moveit_msgs/include/moveit_msgs/moveit_msgs/msg/detail/display_robot_state__struct.h\n'}
[1.419385] (moveit_msgs) StdoutLine: {'line': b'-- Up-to-date: /home/yadhu/ur3e/src/install/moveit_msgs/include/moveit_msgs/moveit_msgs/msg/detail/robot_trajectory__functions.h\n'}
[1.419534] (moveit_msgs) StdoutLine: {'line': b'-- Up-to-date: /home/yadhu/ur3e/src/install/moveit_msgs/include/moveit_msgs/moveit_msgs/msg/detail/planning_scene__functions.h\n'}
[1.419595] (moveit_msgs) StdoutLine: {'line': b'-- Up-to-date: /home/yadhu/ur3e/src/install/moveit_msgs/include/moveit_msgs/moveit_msgs/msg/detail/bounding_volume__functions.h\n'}
[1.419635] (moveit_msgs) StdoutLine: {'line': b'-- Up-to-date: /home/yadhu/ur3e/src/install/moveit_msgs/include/moveit_msgs/moveit_msgs/msg/detail/visibility_constraint__functions.h\n'}
[1.419679] (moveit_msgs) StdoutLine: {'line': b'-- Up-to-date: /home/yadhu/ur3e/src/install/moveit_msgs/include/moveit_msgs/moveit_msgs/msg/detail/planner_params__functions.h\n'}
[1.419716] (moveit_msgs) StdoutLine: {'line': b'-- Up-to-date: /home/yadhu/ur3e/src/install/moveit_msgs/include/moveit_msgs/moveit_msgs/msg/detail/motion_plan_detailed_response__struct.h\n'}
[1.419751] (moveit_msgs) StdoutLine: {'line': b'-- Up-to-date: /home/yadhu/ur3e/src/install/moveit_msgs/include/moveit_msgs/moveit_msgs/msg/detail/motion_plan_detailed_response__type_support.h\n'}
[1.419788] (moveit_msgs) StdoutLine: {'line': b'-- Up-to-date: /home/yadhu/ur3e/src/install/moveit_msgs/include/moveit_msgs/moveit_msgs/msg/detail/motion_sequence_item__struct.h\n'}
[1.419823] (moveit_msgs) StdoutLine: {'line': b'-- Up-to-date: /home/yadhu/ur3e/src/install/moveit_msgs/include/moveit_msgs/moveit_msgs/msg/detail/robot_state__type_support.h\n'}
[1.419858] (moveit_msgs) StdoutLine: {'line': b'-- Up-to-date: /home/yadhu/ur3e/src/install/moveit_msgs/include/moveit_msgs/moveit_msgs/msg/detail/motion_plan_request__type_support.h\n'}
[1.419892] (moveit_msgs) StdoutLine: {'line': b'-- Up-to-date: /home/yadhu/ur3e/src/install/moveit_msgs/include/moveit_msgs/moveit_msgs/msg/detail/link_padding__functions.c\n'}
[1.419925] (moveit_msgs) StdoutLine: {'line': b'-- Up-to-date: /home/yadhu/ur3e/src/install/moveit_msgs/include/moveit_msgs/moveit_msgs/msg/detail/planning_options__type_support.h\n'}
[1.419958] (moveit_msgs) StdoutLine: {'line': b'-- Up-to-date: /home/yadhu/ur3e/src/install/moveit_msgs/include/moveit_msgs/moveit_msgs/msg/detail/gripper_translation__struct.h\n'}
[1.419992] (moveit_msgs) StdoutLine: {'line': b'-- Up-to-date: /home/yadhu/ur3e/src/install/moveit_msgs/include/moveit_msgs/moveit_msgs/msg/detail/allowed_collision_matrix__functions.c\n'}
[1.420026] (moveit_msgs) StdoutLine: {'line': b'-- Up-to-date: /home/yadhu/ur3e/src/install/moveit_msgs/include/moveit_msgs/moveit_msgs/msg/detail/motion_sequence_request__functions.c\n'}
[1.420063] (moveit_msgs) StdoutLine: {'line': b'-- Up-to-date: /home/yadhu/ur3e/src/install/moveit_msgs/include/moveit_msgs/moveit_msgs/msg/detail/display_trajectory__struct.h\n'}
[1.420096] (moveit_msgs) StdoutLine: {'line': b'-- Up-to-date: /home/yadhu/ur3e/src/install/moveit_msgs/include/moveit_msgs/moveit_msgs/msg/detail/place_location__functions.h\n'}
[1.420130] (moveit_msgs) StdoutLine: {'line': b'-- Up-to-date: /home/yadhu/ur3e/src/install/moveit_msgs/include/moveit_msgs/moveit_msgs/msg/detail/planner_params__type_support.h\n'}
[1.420163] (moveit_msgs) StdoutLine: {'line': b'-- Up-to-date: /home/yadhu/ur3e/src/install/moveit_msgs/include/moveit_msgs/moveit_msgs/msg/detail/joint_constraint__functions.c\n'}
[1.420197] (moveit_msgs) StdoutLine: {'line': b'-- Up-to-date: /home/yadhu/ur3e/src/install/moveit_msgs/include/moveit_msgs/moveit_msgs/msg/detail/cartesian_point__functions.h\n'}
[1.420230] (moveit_msgs) StdoutLine: {'line': b'-- Up-to-date: /home/yadhu/ur3e/src/install/moveit_msgs/include/moveit_msgs/moveit_msgs/msg/detail/motion_sequence_response__type_support.h\n'}
[1.420263] (moveit_msgs) StdoutLine: {'line': b'-- Up-to-date: /home/yadhu/ur3e/src/install/moveit_msgs/include/moveit_msgs/moveit_msgs/msg/detail/display_robot_state__functions.c\n'}
[1.420302] (moveit_msgs) StdoutLine: {'line': b'-- Up-to-date: /home/yadhu/ur3e/src/install/moveit_msgs/include/moveit_msgs/moveit_msgs/msg/detail/collision_object__functions.h\n'}
[1.420337] (moveit_msgs) StdoutLine: {'line': b'-- Up-to-date: /home/yadhu/ur3e/src/install/moveit_msgs/include/moveit_msgs/moveit_msgs/msg/detail/robot_state__functions.c\n'}
[1.420371] (moveit_msgs) StdoutLine: {'line': b'-- Up-to-date: /home/yadhu/ur3e/src/install/moveit_msgs/include/moveit_msgs/moveit_msgs/msg/detail/cartesian_trajectory__struct.h\n'}
[1.420404] (moveit_msgs) StdoutLine: {'line': b'-- Up-to-date: /home/yadhu/ur3e/src/install/moveit_msgs/include/moveit_msgs/moveit_msgs/msg/detail/bounding_volume__struct.h\n'}
[1.420437] (moveit_msgs) StdoutLine: {'line': b'-- Up-to-date: /home/yadhu/ur3e/src/install/moveit_msgs/include/moveit_msgs/moveit_msgs/msg/detail/link_scale__functions.h\n'}
[1.420471] (moveit_msgs) StdoutLine: {'line': b'-- Up-to-date: /home/yadhu/ur3e/src/install/moveit_msgs/include/moveit_msgs/moveit_msgs/msg/detail/cartesian_trajectory__functions.c\n'}
[1.420495] (moveit_msgs) StdoutLine: {'line': b'-- Up-to-date: /home/yadhu/ur3e/src/install/moveit_msgs/include/moveit_msgs/moveit_msgs/msg/detail/cost_source__type_support.h\n'}
[1.420520] (moveit_msgs) StdoutLine: {'line': b'-- Up-to-date: /home/yadhu/ur3e/src/install/moveit_msgs/include/moveit_msgs/moveit_msgs/msg/detail/cartesian_trajectory_point__functions.c\n'}
[1.420545] (moveit_msgs) StdoutLine: {'line': b'-- Up-to-date: /home/yadhu/ur3e/src/install/moveit_msgs/include/moveit_msgs/moveit_msgs/msg/detail/contact_information__functions.c\n'}
[1.420702] (moveit_msgs) StdoutLine: {'line': b'-- Up-to-date: /home/yadhu/ur3e/src/install/moveit_msgs/include/moveit_msgs/moveit_msgs/msg/detail/link_padding__type_support.h\n'}
[1.420731] (moveit_msgs) StdoutLine: {'line': b'-- Up-to-date: /home/yadhu/ur3e/src/install/moveit_msgs/include/moveit_msgs/moveit_msgs/msg/detail/collision_object__functions.c\n'}
[1.420758] (moveit_msgs) StdoutLine: {'line': b'-- Up-to-date: /home/yadhu/ur3e/src/install/moveit_msgs/include/moveit_msgs/moveit_msgs/msg/detail/motion_plan_request__struct.h\n'}
[1.420821] (moveit_msgs) StdoutLine: {'line': b'-- Up-to-date: /home/yadhu/ur3e/src/install/moveit_msgs/include/moveit_msgs/moveit_msgs/msg/detail/place_location__struct.h\n'}
[1.420850] (moveit_msgs) StdoutLine: {'line': b'-- Up-to-date: /home/yadhu/ur3e/src/install/moveit_msgs/include/moveit_msgs/moveit_msgs/msg/detail/allowed_collision_entry__functions.c\n'}
[1.420877] (moveit_msgs) StdoutLine: {'line': b'-- Up-to-date: /home/yadhu/ur3e/src/install/moveit_msgs/include/moveit_msgs/moveit_msgs/msg/detail/display_robot_state__functions.h\n'}
[1.420904] (moveit_msgs) StdoutLine: {'line': b'-- Up-to-date: /home/yadhu/ur3e/src/install/moveit_msgs/include/moveit_msgs/moveit_msgs/msg/detail/attached_collision_object__functions.h\n'}
[1.420974] (moveit_msgs) StdoutLine: {'line': b'-- Up-to-date: /home/yadhu/ur3e/src/install/moveit_msgs/include/moveit_msgs/moveit_msgs/msg/detail/kinematic_solver_info__struct.h\n'}
[1.421001] (moveit_msgs) StdoutLine: {'line': b'-- Up-to-date: /home/yadhu/ur3e/src/install/moveit_msgs/include/moveit_msgs/moveit_msgs/msg/detail/motion_sequence_response__struct.h\n'}
[1.421028] (moveit_msgs) StdoutLine: {'line': b'-- Up-to-date: /home/yadhu/ur3e/src/install/moveit_msgs/include/moveit_msgs/moveit_msgs/msg/detail/link_scale__type_support.h\n'}
[1.421055] (moveit_msgs) StdoutLine: {'line': b'-- Up-to-date: /home/yadhu/ur3e/src/install/moveit_msgs/include/moveit_msgs/moveit_msgs/msg/detail/position_constraint__functions.h\n'}
[1.421082] (moveit_msgs) StdoutLine: {'line': b'-- Up-to-date: /home/yadhu/ur3e/src/install/moveit_msgs/include/moveit_msgs/moveit_msgs/msg/detail/motion_plan_response__struct.h\n'}
[1.421109] (moveit_msgs) StdoutLine: {'line': b'-- Up-to-date: /home/yadhu/ur3e/src/install/moveit_msgs/include/moveit_msgs/moveit_msgs/msg/detail/workspace_parameters__functions.h\n'}
[1.421135] (moveit_msgs) StdoutLine: {'line': b'-- Up-to-date: /home/yadhu/ur3e/src/install/moveit_msgs/include/moveit_msgs/moveit_msgs/msg/detail/link_scale__functions.c\n'}
[1.421161] (moveit_msgs) StdoutLine: {'line': b'-- Up-to-date: /home/yadhu/ur3e/src/install/moveit_msgs/include/moveit_msgs/moveit_msgs/msg/detail/joint_constraint__type_support.h\n'}
[1.421189] (moveit_msgs) StdoutLine: {'line': b'-- Up-to-date: /home/yadhu/ur3e/src/install/moveit_msgs/include/moveit_msgs/moveit_msgs/msg/detail/planning_scene_components__functions.h\n'}
[1.421297] (moveit_msgs) StdoutLine: {'line': b'-- Up-to-date: /home/yadhu/ur3e/src/install/moveit_msgs/include/moveit_msgs/moveit_msgs/msg/detail/allowed_collision_matrix__functions.h\n'}
[1.421356] (moveit_msgs) StdoutLine: {'line': b'-- Up-to-date: /home/yadhu/ur3e/src/install/moveit_msgs/include/moveit_msgs/moveit_msgs/msg/detail/workspace_parameters__functions.c\n'}
[1.421386] (moveit_msgs) StdoutLine: {'line': b'-- Up-to-date: /home/yadhu/ur3e/src/install/moveit_msgs/include/moveit_msgs/moveit_msgs/msg/detail/allowed_collision_matrix__type_support.h\n'}
[1.421414] (moveit_msgs) StdoutLine: {'line': b'-- Up-to-date: /home/yadhu/ur3e/src/install/moveit_msgs/include/moveit_msgs/moveit_msgs/msg/detail/robot_trajectory__struct.h\n'}
[1.421452] (moveit_msgs) StdoutLine: {'line': b'-- Up-to-date: /home/yadhu/ur3e/src/install/moveit_msgs/include/moveit_msgs/moveit_msgs/msg/detail/move_it_error_codes__functions.h\n'}
[1.421481] (moveit_msgs) StdoutLine: {'line': b'-- Up-to-date: /home/yadhu/ur3e/src/install/moveit_msgs/include/moveit_msgs/moveit_msgs/msg/detail/move_it_error_codes__functions.c\n'}
[1.421508] (moveit_msgs) StdoutLine: {'line': b'-- Up-to-date: /home/yadhu/ur3e/src/install/moveit_msgs/include/moveit_msgs/moveit_msgs/msg/detail/planner_interface_description__functions.h\n'}
[1.421538] (moveit_msgs) StdoutLine: {'line': b'-- Up-to-date: /home/yadhu/ur3e/src/install/moveit_msgs/include/moveit_msgs/moveit_msgs/msg/detail/motion_plan_request__functions.h\n'}
[1.421566] (moveit_msgs) StdoutLine: {'line': b'-- Up-to-date: /home/yadhu/ur3e/src/install/moveit_msgs/include/moveit_msgs/moveit_msgs/msg/detail/planner_interface_description__type_support.h\n'}
[1.421594] (moveit_msgs) StdoutLine: {'line': b'-- Up-to-date: /home/yadhu/ur3e/src/install/moveit_msgs/include/moveit_msgs/moveit_msgs/msg/detail/cartesian_trajectory_point__functions.h\n'}
[1.421622] (moveit_msgs) StdoutLine: {'line': b'-- Up-to-date: /home/yadhu/ur3e/src/install/moveit_msgs/include/moveit_msgs/moveit_msgs/msg/detail/planning_scene__struct.h\n'}
[1.421650] (moveit_msgs) StdoutLine: {'line': b'-- Up-to-date: /home/yadhu/ur3e/src/install/moveit_msgs/include/moveit_msgs/moveit_msgs/msg/detail/orientation_constraint__functions.c\n'}
[1.421679] (moveit_msgs) StdoutLine: {'line': b'-- Up-to-date: /home/yadhu/ur3e/src/install/moveit_msgs/include/moveit_msgs/moveit_msgs/msg/detail/planner_params__functions.c\n'}
[1.421708] (moveit_msgs) StdoutLine: {'line': b'-- Up-to-date: /home/yadhu/ur3e/src/install/moveit_msgs/include/moveit_msgs/moveit_msgs/msg/detail/planning_scene_world__functions.c\n'}
[1.421739] (moveit_msgs) StdoutLine: {'line': b'-- Up-to-date: /home/yadhu/ur3e/src/install/moveit_msgs/include/moveit_msgs/moveit_msgs/msg/detail/motion_sequence_item__functions.c\n'}
[1.422083] (moveit_msgs) StdoutLine: {'line': b'-- Up-to-date: /home/yadhu/ur3e/src/install/moveit_msgs/include/moveit_msgs/moveit_msgs/msg/detail/collision_object__struct.h\n'}
[1.422151] (moveit_msgs) StdoutLine: {'line': b'-- Up-to-date: /home/yadhu/ur3e/src/install/moveit_msgs/include/moveit_msgs/moveit_msgs/msg/detail/contact_information__type_support.h\n'}
[1.422184] (moveit_msgs) StdoutLine: {'line': b'-- Up-to-date: /home/yadhu/ur3e/src/install/moveit_msgs/include/moveit_msgs/moveit_msgs/msg/detail/constraints__functions.c\n'}
[1.422214] (moveit_msgs) StdoutLine: {'line': b'-- Up-to-date: /home/yadhu/ur3e/src/install/moveit_msgs/include/moveit_msgs/moveit_msgs/msg/detail/orientation_constraint__functions.h\n'}
[1.422242] (moveit_msgs) StdoutLine: {'line': b'-- Up-to-date: /home/yadhu/ur3e/src/install/moveit_msgs/include/moveit_msgs/moveit_msgs/msg/detail/oriented_bounding_box__struct.h\n'}
[1.422269] (moveit_msgs) StdoutLine: {'line': b'-- Up-to-date: /home/yadhu/ur3e/src/install/moveit_msgs/include/moveit_msgs/moveit_msgs/msg/detail/allowed_collision_matrix__struct.h\n'}
[1.422314] (moveit_msgs) StdoutLine: {'line': b'-- Up-to-date: /home/yadhu/ur3e/src/install/moveit_msgs/include/moveit_msgs/moveit_msgs/msg/detail/cartesian_trajectory_point__type_support.h\n'}
[1.422345] (moveit_msgs) StdoutLine: {'line': b'-- Up-to-date: /home/yadhu/ur3e/src/install/moveit_msgs/include/moveit_msgs/moveit_msgs/msg/detail/position_ik_request__functions.c\n'}
[1.422374] (moveit_msgs) StdoutLine: {'line': b'-- Up-to-date: /home/yadhu/ur3e/src/install/moveit_msgs/include/moveit_msgs/moveit_msgs/msg/detail/grasp__struct.h\n'}
[1.422401] (moveit_msgs) StdoutLine: {'line': b'-- Up-to-date: /home/yadhu/ur3e/src/install/moveit_msgs/include/moveit_msgs/moveit_msgs/msg/detail/cartesian_trajectory_point__struct.h\n'}
[1.422430] (moveit_msgs) StdoutLine: {'line': b'-- Up-to-date: /home/yadhu/ur3e/src/install/moveit_msgs/include/moveit_msgs/moveit_msgs/msg/detail/motion_sequence_request__struct.h\n'}
[1.422459] (moveit_msgs) StdoutLine: {'line': b'-- Up-to-date: /home/yadhu/ur3e/src/install/moveit_msgs/include/moveit_msgs/moveit_msgs/msg/detail/generic_trajectory__functions.h\n'}
[1.422514] (moveit_msgs) StdoutLine: {'line': b'-- Up-to-date: /home/yadhu/ur3e/src/install/moveit_msgs/include/moveit_msgs/moveit_msgs/msg/detail/contact_information__functions.h\n'}
[1.422543] (moveit_msgs) StdoutLine: {'line': b'-- Up-to-date: /home/yadhu/ur3e/src/install/moveit_msgs/include/moveit_msgs/moveit_msgs/msg/detail/generic_trajectory__struct.h\n'}
[1.422571] (moveit_msgs) StdoutLine: {'line': b'-- Up-to-date: /home/yadhu/ur3e/src/install/moveit_msgs/include/moveit_msgs/moveit_msgs/msg/detail/planning_options__struct.h\n'}
[1.422599] (moveit_msgs) StdoutLine: {'line': b'-- Up-to-date: /home/yadhu/ur3e/src/install/moveit_msgs/include/moveit_msgs/moveit_msgs/msg/detail/contact_information__struct.h\n'}
[1.422684] (moveit_msgs) StdoutLine: {'line': b'-- Up-to-date: /home/yadhu/ur3e/src/install/moveit_msgs/include/moveit_msgs/moveit_msgs/msg/detail/collision_object__type_support.h\n'}
[1.422714] (moveit_msgs) StdoutLine: {'line': b'-- Up-to-date: /home/yadhu/ur3e/src/install/moveit_msgs/include/moveit_msgs/moveit_msgs/msg/detail/joint_limits__struct.h\n'}
[1.422742] (moveit_msgs) StdoutLine: {'line': b'-- Up-to-date: /home/yadhu/ur3e/src/install/moveit_msgs/include/moveit_msgs/moveit_msgs/msg/detail/cost_source__struct.h\n'}
[1.422769] (moveit_msgs) StdoutLine: {'line': b'-- Up-to-date: /home/yadhu/ur3e/src/install/moveit_msgs/include/moveit_msgs/moveit_msgs/msg/detail/motion_sequence_request__functions.h\n'}
[1.422798] (moveit_msgs) StdoutLine: {'line': b'-- Up-to-date: /home/yadhu/ur3e/src/install/moveit_msgs/include/moveit_msgs/moveit_msgs/msg/detail/orientation_constraint__type_support.h\n'}
[1.422826] (moveit_msgs) StdoutLine: {'line': b'-- Up-to-date: /home/yadhu/ur3e/src/install/moveit_msgs/include/moveit_msgs/moveit_msgs/msg/detail/planning_scene__type_support.h\n'}
[1.422853] (moveit_msgs) StdoutLine: {'line': b'-- Up-to-date: /home/yadhu/ur3e/src/install/moveit_msgs/include/moveit_msgs/moveit_msgs/msg/detail/position_constraint__functions.c\n'}
[1.422881] (moveit_msgs) StdoutLine: {'line': b'-- Up-to-date: /home/yadhu/ur3e/src/install/moveit_msgs/include/moveit_msgs/moveit_msgs/msg/detail/planning_options__functions.c\n'}
[1.422907] (moveit_msgs) StdoutLine: {'line': b'-- Up-to-date: /home/yadhu/ur3e/src/install/moveit_msgs/include/moveit_msgs/moveit_msgs/msg/detail/display_trajectory__functions.c\n'}
[1.422935] (moveit_msgs) StdoutLine: {'line': b'-- Up-to-date: /home/yadhu/ur3e/src/install/moveit_msgs/include/moveit_msgs/moveit_msgs/msg/detail/grasp__functions.c\n'}
[1.422961] (moveit_msgs) StdoutLine: {'line': b'-- Up-to-date: /home/yadhu/ur3e/src/install/moveit_msgs/include/moveit_msgs/moveit_msgs/msg/detail/robot_trajectory__functions.c\n'}
[1.422987] (moveit_msgs) StdoutLine: {'line': b'-- Up-to-date: /home/yadhu/ur3e/src/install/moveit_msgs/include/moveit_msgs/moveit_msgs/msg/detail/gripper_translation__type_support.h\n'}
[1.423014] (moveit_msgs) StdoutLine: {'line': b'-- Up-to-date: /home/yadhu/ur3e/src/install/moveit_msgs/include/moveit_msgs/moveit_msgs/msg/detail/constraints__functions.h\n'}
[1.423040] (moveit_msgs) StdoutLine: {'line': b'-- Up-to-date: /home/yadhu/ur3e/src/install/moveit_msgs/include/moveit_msgs/moveit_msgs/msg/detail/planning_scene_components__type_support.h\n'}
[1.423077] (moveit_msgs) StdoutLine: {'line': b'-- Up-to-date: /home/yadhu/ur3e/src/install/moveit_msgs/include/moveit_msgs/moveit_msgs/msg/detail/cartesian_point__type_support.h\n'}
[1.423104] (moveit_msgs) StdoutLine: {'line': b'-- Up-to-date: /home/yadhu/ur3e/src/install/moveit_msgs/include/moveit_msgs/moveit_msgs/msg/detail/motion_sequence_response__functions.c\n'}
[1.423132] (moveit_msgs) StdoutLine: {'line': b'-- Up-to-date: /home/yadhu/ur3e/src/install/moveit_msgs/include/moveit_msgs/moveit_msgs/msg/detail/position_ik_request__functions.h\n'}
[1.423160] (moveit_msgs) StdoutLine: {'line': b'-- Up-to-date: /home/yadhu/ur3e/src/install/moveit_msgs/include/moveit_msgs/moveit_msgs/msg/detail/motion_plan_response__type_support.h\n'}
[1.423238] (moveit_msgs) StdoutLine: {'line': b'-- Up-to-date: /home/yadhu/ur3e/src/install/moveit_msgs/include/moveit_msgs/moveit_msgs/msg/detail/planner_params__struct.h\n'}
[1.423267] (moveit_msgs) StdoutLine: {'line': b'-- Up-to-date: /home/yadhu/ur3e/src/install/moveit_msgs/include/moveit_msgs/moveit_msgs/msg/detail/workspace_parameters__type_support.h\n'}
[1.423309] (moveit_msgs) StdoutLine: {'line': b'-- Up-to-date: /home/yadhu/ur3e/src/install/moveit_msgs/include/moveit_msgs/moveit_msgs/msg/detail/move_it_error_codes__type_support.h\n'}
[1.423337] (moveit_msgs) StdoutLine: {'line': b'-- Up-to-date: /home/yadhu/ur3e/src/install/moveit_msgs/include/moveit_msgs/moveit_msgs/msg/detail/grasp__type_support.h\n'}
[1.423364] (moveit_msgs) StdoutLine: {'line': b'-- Up-to-date: /home/yadhu/ur3e/src/install/moveit_msgs/include/moveit_msgs/moveit_msgs/msg/detail/planning_scene_world__functions.h\n'}
[1.423391] (moveit_msgs) StdoutLine: {'line': b'-- Up-to-date: /home/yadhu/ur3e/src/install/moveit_msgs/include/moveit_msgs/moveit_msgs/msg/detail/motion_plan_detailed_response__functions.h\n'}
[1.423418] (moveit_msgs) StdoutLine: {'line': b'-- Up-to-date: /home/yadhu/ur3e/src/install/moveit_msgs/include/moveit_msgs/moveit_msgs/msg/detail/joint_limits__functions.h\n'}
[1.423444] (moveit_msgs) StdoutLine: {'line': b'-- Up-to-date: /home/yadhu/ur3e/src/install/moveit_msgs/include/moveit_msgs/moveit_msgs/msg/detail/planning_options__functions.h\n'}
[1.423470] (moveit_msgs) StdoutLine: {'line': b'-- Up-to-date: /home/yadhu/ur3e/src/install/moveit_msgs/include/moveit_msgs/moveit_msgs/msg/detail/planner_interface_description__struct.h\n'}
[1.423497] (moveit_msgs) StdoutLine: {'line': b'-- Up-to-date: /home/yadhu/ur3e/src/install/moveit_msgs/include/moveit_msgs/moveit_msgs/msg/detail/generic_trajectory__functions.c\n'}
[1.423523] (moveit_msgs) StdoutLine: {'line': b'-- Up-to-date: /home/yadhu/ur3e/src/install/moveit_msgs/include/moveit_msgs/moveit_msgs/msg/detail/gripper_translation__functions.c\n'}
[1.423549] (moveit_msgs) StdoutLine: {'line': b'-- Up-to-date: /home/yadhu/ur3e/src/install/moveit_msgs/include/moveit_msgs/moveit_msgs/msg/detail/trajectory_constraints__functions.c\n'}
[1.423577] (moveit_msgs) StdoutLine: {'line': b'-- Up-to-date: /home/yadhu/ur3e/src/install/moveit_msgs/include/moveit_msgs/moveit_msgs/msg/detail/visibility_constraint__type_support.h\n'}
[1.423675] (moveit_msgs) StdoutLine: {'line': b'-- Up-to-date: /home/yadhu/ur3e/src/install/moveit_msgs/include/moveit_msgs/moveit_msgs/msg/detail/cost_source__functions.h\n'}
[1.423711] (moveit_msgs) StdoutLine: {'line': b'-- Up-to-date: /home/yadhu/ur3e/src/install/moveit_msgs/include/moveit_msgs/moveit_msgs/msg/detail/place_location__functions.c\n'}
[1.423740] (moveit_msgs) StdoutLine: {'line': b'-- Up-to-date: /home/yadhu/ur3e/src/install/moveit_msgs/include/moveit_msgs/moveit_msgs/msg/detail/motion_sequence_item__type_support.h\n'}
[1.423768] (moveit_msgs) StdoutLine: {'line': b'-- Up-to-date: /home/yadhu/ur3e/src/install/moveit_msgs/include/moveit_msgs/moveit_msgs/msg/detail/allowed_collision_entry__functions.h\n'}
[1.423795] (moveit_msgs) StdoutLine: {'line': b'-- Up-to-date: /home/yadhu/ur3e/src/install/moveit_msgs/include/moveit_msgs/moveit_msgs/msg/detail/gripper_translation__functions.h\n'}
[1.423823] (moveit_msgs) StdoutLine: {'line': b'-- Up-to-date: /home/yadhu/ur3e/src/install/moveit_msgs/include/moveit_msgs/moveit_msgs/msg/detail/display_trajectory__functions.h\n'}
[1.423850] (moveit_msgs) StdoutLine: {'line': b'-- Up-to-date: /home/yadhu/ur3e/src/install/moveit_msgs/include/moveit_msgs/moveit_msgs/msg/detail/display_trajectory__type_support.h\n'}
[1.423878] (moveit_msgs) StdoutLine: {'line': b'-- Up-to-date: /home/yadhu/ur3e/src/install/moveit_msgs/include/moveit_msgs/moveit_msgs/msg/detail/planning_scene_world__type_support.h\n'}
[1.423905] (moveit_msgs) StdoutLine: {'line': b'-- Up-to-date: /home/yadhu/ur3e/src/install/moveit_msgs/include/moveit_msgs/moveit_msgs/msg/detail/object_color__type_support.h\n'}
[1.423944] (moveit_msgs) StdoutLine: {'line': b'-- Up-to-date: /home/yadhu/ur3e/src/install/moveit_msgs/include/moveit_msgs/moveit_msgs/msg/detail/oriented_bounding_box__type_support.h\n'}
[1.423972] (moveit_msgs) StdoutLine: {'line': b'-- Up-to-date: /home/yadhu/ur3e/src/install/moveit_msgs/include/moveit_msgs/moveit_msgs/msg/detail/motion_plan_response__functions.c\n'}
[1.423999] (moveit_msgs) StdoutLine: {'line': b'-- Up-to-date: /home/yadhu/ur3e/src/install/moveit_msgs/include/moveit_msgs/moveit_msgs/msg/detail/grasp__functions.h\n'}
[1.424064] (moveit_msgs) StdoutLine: {'line': b'-- Up-to-date: /home/yadhu/ur3e/src/install/moveit_msgs/include/moveit_msgs/moveit_msgs/msg/detail/display_robot_state__type_support.h\n'}
[1.424093] (moveit_msgs) StdoutLine: {'line': b'-- Up-to-date: /home/yadhu/ur3e/src/install/moveit_msgs/include/moveit_msgs/moveit_msgs/msg/detail/motion_sequence_item__functions.h\n'}
[1.424120] (moveit_msgs) StdoutLine: {'line': b'-- Up-to-date: /home/yadhu/ur3e/src/install/moveit_msgs/include/moveit_msgs/moveit_msgs/msg/detail/trajectory_constraints__struct.h\n'}
[1.424146] (moveit_msgs) StdoutLine: {'line': b'-- Up-to-date: /home/yadhu/ur3e/src/install/moveit_msgs/include/moveit_msgs/moveit_msgs/msg/detail/kinematic_solver_info__type_support.h\n'}
[1.424172] (moveit_msgs) StdoutLine: {'line': b'-- Up-to-date: /home/yadhu/ur3e/src/install/moveit_msgs/include/moveit_msgs/moveit_msgs/msg/detail/cartesian_point__functions.c\n'}
[1.424224] (moveit_msgs) StdoutLine: {'line': b'-- Up-to-date: /home/yadhu/ur3e/src/install/moveit_msgs/include/moveit_msgs/moveit_msgs/msg/detail/oriented_bounding_box__functions.c\n'}
[1.424250] (moveit_msgs) StdoutLine: {'line': b'-- Up-to-date: /home/yadhu/ur3e/src/install/moveit_msgs/include/moveit_msgs/moveit_msgs/msg/detail/joint_limits__functions.c\n'}
[1.424277] (moveit_msgs) StdoutLine: {'line': b'-- Up-to-date: /home/yadhu/ur3e/src/install/moveit_msgs/include/moveit_msgs/moveit_msgs/msg/detail/link_padding__struct.h\n'}
[1.424313] (moveit_msgs) StdoutLine: {'line': b'-- Up-to-date: /home/yadhu/ur3e/src/install/moveit_msgs/include/moveit_msgs/moveit_msgs/msg/detail/constraint_eval_result__functions.c\n'}
[1.424341] (moveit_msgs) StdoutLine: {'line': b'-- Up-to-date: /home/yadhu/ur3e/src/install/moveit_msgs/include/moveit_msgs/moveit_msgs/msg/detail/joint_limits__type_support.h\n'}
[1.424368] (moveit_msgs) StdoutLine: {'line': b'-- Up-to-date: /home/yadhu/ur3e/src/install/moveit_msgs/include/moveit_msgs/moveit_msgs/msg/detail/object_color__struct.h\n'}
[1.424395] (moveit_msgs) StdoutLine: {'line': b'-- Up-to-date: /home/yadhu/ur3e/src/install/moveit_msgs/include/moveit_msgs/moveit_msgs/msg/detail/allowed_collision_entry__struct.h\n'}
[1.424423] (moveit_msgs) StdoutLine: {'line': b'-- Up-to-date: /home/yadhu/ur3e/src/install/moveit_msgs/include/moveit_msgs/moveit_msgs/msg/detail/visibility_constraint__struct.h\n'}
[1.424450] (moveit_msgs) StdoutLine: {'line': b'-- Up-to-date: /home/yadhu/ur3e/src/install/moveit_msgs/include/moveit_msgs/moveit_msgs/msg/detail/generic_trajectory__type_support.h\n'}
[1.424477] (moveit_msgs) StdoutLine: {'line': b'-- Up-to-date: /home/yadhu/ur3e/src/install/moveit_msgs/include/moveit_msgs/moveit_msgs/msg/detail/constraints__struct.h\n'}
[1.424503] (moveit_msgs) StdoutLine: {'line': b'-- Up-to-date: /home/yadhu/ur3e/src/install/moveit_msgs/include/moveit_msgs/moveit_msgs/msg/detail/robot_trajectory__type_support.h\n'}
[1.424529] (moveit_msgs) StdoutLine: {'line': b'-- Up-to-date: /home/yadhu/ur3e/src/install/moveit_msgs/include/moveit_msgs/moveit_msgs/msg/detail/bounding_volume__type_support.h\n'}
[1.424555] (moveit_msgs) StdoutLine: {'line': b'-- Up-to-date: /home/yadhu/ur3e/src/install/moveit_msgs/include/moveit_msgs/moveit_msgs/msg/detail/constraints__type_support.h\n'}
[1.424581] (moveit_msgs) StdoutLine: {'line': b'-- Up-to-date: /home/yadhu/ur3e/src/install/moveit_msgs/include/moveit_msgs/moveit_msgs/msg/detail/robot_state__struct.h\n'}
[1.424686] (moveit_msgs) StdoutLine: {'line': b'-- Up-to-date: /home/yadhu/ur3e/src/install/moveit_msgs/include/moveit_msgs/moveit_msgs/msg/detail/cartesian_trajectory__type_support.h\n'}
[1.424763] (moveit_msgs) StdoutLine: {'line': b'-- Up-to-date: /home/yadhu/ur3e/src/install/moveit_msgs/include/moveit_msgs/moveit_msgs/msg/detail/motion_sequence_response__functions.h\n'}
[1.424812] (moveit_msgs) StdoutLine: {'line': b'-- Up-to-date: /home/yadhu/ur3e/src/install/moveit_msgs/include/moveit_msgs/moveit_msgs/msg/detail/attached_collision_object__type_support.h\n'}
[1.424845] (moveit_msgs) StdoutLine: {'line': b'-- Up-to-date: /home/yadhu/ur3e/src/install/moveit_msgs/include/moveit_msgs/moveit_msgs/msg/detail/visibility_constraint__functions.c\n'}
[1.424885] (moveit_msgs) StdoutLine: {'line': b'-- Up-to-date: /home/yadhu/ur3e/src/install/moveit_msgs/include/moveit_msgs/moveit_msgs/msg/detail/trajectory_constraints__type_support.h\n'}
[1.424917] (moveit_msgs) StdoutLine: {'line': b'-- Up-to-date: /home/yadhu/ur3e/src/install/moveit_msgs/include/moveit_msgs/moveit_msgs/msg/detail/link_scale__struct.h\n'}
[1.424948] (moveit_msgs) StdoutLine: {'line': b'-- Up-to-date: /home/yadhu/ur3e/src/install/moveit_msgs/include/moveit_msgs/moveit_msgs/msg/detail/cartesian_trajectory__functions.h\n'}
[1.424980] (moveit_msgs) StdoutLine: {'line': b'-- Up-to-date: /home/yadhu/ur3e/src/install/moveit_msgs/include/moveit_msgs/moveit_msgs/msg/detail/constraint_eval_result__type_support.h\n'}
[1.425012] (moveit_msgs) StdoutLine: {'line': b'-- Up-to-date: /home/yadhu/ur3e/src/install/moveit_msgs/include/moveit_msgs/moveit_msgs/msg/detail/constraint_eval_result__struct.h\n'}
[1.425039] (moveit_msgs) StdoutLine: {'line': b'-- Up-to-date: /home/yadhu/ur3e/src/install/moveit_msgs/include/moveit_msgs/moveit_msgs/msg/detail/position_ik_request__struct.h\n'}
[1.425082] (moveit_msgs) StdoutLine: {'line': b'-- Up-to-date: /home/yadhu/ur3e/src/install/moveit_msgs/include/moveit_msgs/moveit_msgs/msg/detail/attached_collision_object__functions.c\n'}
[1.425109] (moveit_msgs) StdoutLine: {'line': b'-- Up-to-date: /home/yadhu/ur3e/src/install/moveit_msgs/include/moveit_msgs/moveit_msgs/msg/detail/oriented_bounding_box__functions.h\n'}
[1.425137] (moveit_msgs) StdoutLine: {'line': b'-- Up-to-date: /home/yadhu/ur3e/src/install/moveit_msgs/include/moveit_msgs/moveit_msgs/msg/detail/motion_sequence_request__type_support.h\n'}
[1.425164] (moveit_msgs) StdoutLine: {'line': b'-- Up-to-date: /home/yadhu/ur3e/src/install/moveit_msgs/include/moveit_msgs/moveit_msgs/msg/detail/cartesian_point__struct.h\n'}
[1.425189] (moveit_msgs) StdoutLine: {'line': b'-- Up-to-date: /home/yadhu/ur3e/src/install/moveit_msgs/include/moveit_msgs/moveit_msgs/msg/detail/cost_source__functions.c\n'}
[1.425215] (moveit_msgs) StdoutLine: {'line': b'-- Up-to-date: /home/yadhu/ur3e/src/install/moveit_msgs/include/moveit_msgs/moveit_msgs/msg/detail/attached_collision_object__struct.h\n'}
[1.425240] (moveit_msgs) StdoutLine: {'line': b'-- Up-to-date: /home/yadhu/ur3e/src/install/moveit_msgs/include/moveit_msgs/moveit_msgs/msg/detail/planning_scene_components__struct.h\n'}
[1.425266] (moveit_msgs) StdoutLine: {'line': b'-- Up-to-date: /home/yadhu/ur3e/src/install/moveit_msgs/include/moveit_msgs/moveit_msgs/msg/detail/motion_plan_request__functions.c\n'}
[1.425298] (moveit_msgs) StdoutLine: {'line': b'-- Up-to-date: /home/yadhu/ur3e/src/install/moveit_msgs/include/moveit_msgs/moveit_msgs/msg/detail/joint_constraint__functions.h\n'}
[1.425327] (moveit_msgs) StdoutLine: {'line': b'-- Up-to-date: /home/yadhu/ur3e/src/install/moveit_msgs/include/moveit_msgs/moveit_msgs/msg/detail/kinematic_solver_info__functions.c\n'}
[1.425352] (moveit_msgs) StdoutLine: {'line': b'-- Up-to-date: /home/yadhu/ur3e/src/install/moveit_msgs/include/moveit_msgs/moveit_msgs/msg/detail/allowed_collision_entry__type_support.h\n'}
[1.425378] (moveit_msgs) StdoutLine: {'line': b'-- Up-to-date: /home/yadhu/ur3e/src/install/moveit_msgs/include/moveit_msgs/moveit_msgs/msg/detail/place_location__type_support.h\n'}
[1.425407] (moveit_msgs) StdoutLine: {'line': b'-- Up-to-date: /home/yadhu/ur3e/src/install/moveit_msgs/include/moveit_msgs/moveit_msgs/msg/detail/planning_scene__functions.c\n'}
[1.425483] (moveit_msgs) StdoutLine: {'line': b'-- Up-to-date: /home/yadhu/ur3e/src/install/moveit_msgs/include/moveit_msgs/moveit_msgs/msg/detail/object_color__functions.c\n'}
[1.425517] (moveit_msgs) StdoutLine: {'line': b'-- Up-to-date: /home/yadhu/ur3e/src/install/moveit_msgs/include/moveit_msgs/moveit_msgs/msg/detail/workspace_parameters__struct.h\n'}
[1.425549] (moveit_msgs) StdoutLine: {'line': b'-- Up-to-date: /home/yadhu/ur3e/src/install/moveit_msgs/include/moveit_msgs/moveit_msgs/msg/detail/motion_plan_detailed_response__functions.c\n'}
[1.425579] (moveit_msgs) StdoutLine: {'line': b'-- Up-to-date: /home/yadhu/ur3e/src/install/moveit_msgs/include/moveit_msgs/moveit_msgs/msg/detail/planning_scene_components__functions.c\n'}
[1.425610] (moveit_msgs) StdoutLine: {'line': b'-- Up-to-date: /home/yadhu/ur3e/src/install/moveit_msgs/include/moveit_msgs/moveit_msgs/msg/detail/trajectory_constraints__functions.h\n'}
[1.425641] (moveit_msgs) StdoutLine: {'line': b'-- Up-to-date: /home/yadhu/ur3e/src/install/moveit_msgs/include/moveit_msgs/moveit_msgs/msg/detail/planning_scene_world__struct.h\n'}
[1.425672] (moveit_msgs) StdoutLine: {'line': b'-- Up-to-date: /home/yadhu/ur3e/src/install/moveit_msgs/include/moveit_msgs/moveit_msgs/msg/detail/joint_constraint__struct.h\n'}
[1.425703] (moveit_msgs) StdoutLine: {'line': b'-- Up-to-date: /home/yadhu/ur3e/src/install/moveit_msgs/include/moveit_msgs/moveit_msgs/msg/detail/position_constraint__type_support.h\n'}
[1.425794] (moveit_msgs) StdoutLine: {'line': b'-- Up-to-date: /home/yadhu/ur3e/src/install/moveit_msgs/include/moveit_msgs/moveit_msgs/msg/detail/motion_plan_response__functions.h\n'}
[1.425828] (moveit_msgs) StdoutLine: {'line': b'-- Up-to-date: /home/yadhu/ur3e/src/install/moveit_msgs/include/moveit_msgs/moveit_msgs/msg/detail/object_color__functions.h\n'}
[1.425860] (moveit_msgs) StdoutLine: {'line': b'-- Up-to-date: /home/yadhu/ur3e/src/install/moveit_msgs/include/moveit_msgs/moveit_msgs/msg/detail/link_padding__functions.h\n'}
[1.425902] (moveit_msgs) StdoutLine: {'line': b'-- Up-to-date: /home/yadhu/ur3e/src/install/moveit_msgs/include/moveit_msgs/moveit_msgs/msg/detail/kinematic_solver_info__functions.h\n'}
[1.425935] (moveit_msgs) StdoutLine: {'line': b'-- Up-to-date: /home/yadhu/ur3e/src/install/moveit_msgs/include/moveit_msgs/moveit_msgs/msg/detail/position_ik_request__type_support.h\n'}
[1.425967] (moveit_msgs) StdoutLine: {'line': b'-- Up-to-date: /home/yadhu/ur3e/src/install/moveit_msgs/include/moveit_msgs/moveit_msgs/msg/detail/constraint_eval_result__functions.h\n'}
[1.425994] (moveit_msgs) StdoutLine: {'line': b'-- Up-to-date: /home/yadhu/ur3e/src/install/moveit_msgs/include/moveit_msgs/moveit_msgs/msg/detail/bounding_volume__functions.c\n'}
[1.426023] (moveit_msgs) StdoutLine: {'line': b'-- Up-to-date: /home/yadhu/ur3e/src/install/moveit_msgs/include/moveit_msgs/moveit_msgs/msg/oriented_bounding_box.h\n'}
[1.426072] (moveit_msgs) StdoutLine: {'line': b'-- Up-to-date: /home/yadhu/ur3e/src/install/moveit_msgs/include/moveit_msgs/moveit_msgs/msg/constraints.h\n'}
[1.426104] (moveit_msgs) StdoutLine: {'line': b'-- Up-to-date: /home/yadhu/ur3e/src/install/moveit_msgs/include/moveit_msgs/moveit_msgs/msg/bounding_volume.h\n'}
[1.426135] (moveit_msgs) StdoutLine: {'line': b'-- Up-to-date: /home/yadhu/ur3e/src/install/moveit_msgs/include/moveit_msgs/moveit_msgs/msg/constraint_eval_result.h\n'}
[1.426167] (moveit_msgs) StdoutLine: {'line': b'-- Up-to-date: /home/yadhu/ur3e/src/install/moveit_msgs/include/moveit_msgs/moveit_msgs/msg/attached_collision_object.h\n'}
[1.426198] (moveit_msgs) StdoutLine: {'line': b'-- Up-to-date: /home/yadhu/ur3e/src/install/moveit_msgs/include/moveit_msgs/moveit_msgs/msg/planner_interface_description.h\n'}
[1.426228] (moveit_msgs) StdoutLine: {'line': b'-- Up-to-date: /home/yadhu/ur3e/src/install/moveit_msgs/include/moveit_msgs/moveit_msgs/msg/collision_object.h\n'}
[1.426260] (moveit_msgs) StdoutLine: {'line': b'-- Up-to-date: /home/yadhu/ur3e/src/install/moveit_msgs/include/moveit_msgs/moveit_msgs/msg/motion_sequence_response.h\n'}
[1.426373] (moveit_msgs) StdoutLine: {'line': b'-- Up-to-date: /home/yadhu/ur3e/src/install/moveit_msgs/include/moveit_msgs/moveit_msgs/msg/planning_scene_components.h\n'}
[1.426421] (moveit_msgs) StdoutLine: {'line': b'-- Up-to-date: /home/yadhu/ur3e/src/install/moveit_msgs/include/moveit_msgs/moveit_msgs/msg/planning_options.h\n'}
[1.426454] (moveit_msgs) StdoutLine: {'line': b'-- Up-to-date: /home/yadhu/ur3e/src/install/moveit_msgs/include/moveit_msgs/moveit_msgs/msg/joint_limits.h\n'}
[1.426487] (moveit_msgs) StdoutLine: {'line': b'-- Up-to-date: /home/yadhu/ur3e/src/install/moveit_msgs/include/moveit_msgs/moveit_msgs/msg/orientation_constraint.h\n'}
[1.426520] (moveit_msgs) StdoutLine: {'line': b'-- Up-to-date: /home/yadhu/ur3e/src/install/moveit_msgs/include/moveit_msgs/moveit_msgs/msg/planning_scene_world.h\n'}
[1.426551] (moveit_msgs) StdoutLine: {'line': b'-- Up-to-date: /home/yadhu/ur3e/src/install/moveit_msgs/include/moveit_msgs/moveit_msgs/msg/motion_sequence_item.h\n'}
[1.426581] (moveit_msgs) StdoutLine: {'line': b'-- Up-to-date: /home/yadhu/ur3e/src/install/moveit_msgs/include/moveit_msgs/moveit_msgs/msg/motion_plan_response.h\n'}
[1.426613] (moveit_msgs) StdoutLine: {'line': b'-- Up-to-date: /home/yadhu/ur3e/src/install/moveit_msgs/include/moveit_msgs/moveit_msgs/msg/place_location.h\n'}
[1.426644] (moveit_msgs) StdoutLine: {'line': b'-- Up-to-date: /home/yadhu/ur3e/src/install/moveit_msgs/include/moveit_msgs/moveit_msgs/msg/planner_params.h\n'}
[1.426678] (moveit_msgs) StdoutLine: {'line': b'-- Up-to-date: /home/yadhu/ur3e/src/install/moveit_msgs/include/moveit_msgs/moveit_msgs/msg/display_trajectory.h\n'}
[1.426723] (moveit_msgs) StdoutLine: {'line': b'-- Up-to-date: /home/yadhu/ur3e/src/install/moveit_msgs/include/moveit_msgs/moveit_msgs/msg/kinematic_solver_info.h\n'}
[1.426760] (moveit_msgs) StdoutLine: {'line': b'-- Up-to-date: /home/yadhu/ur3e/src/install/moveit_msgs/include/moveit_msgs/moveit_msgs/msg/cost_source.h\n'}
[1.426793] (moveit_msgs) StdoutLine: {'line': b'-- Up-to-date: /home/yadhu/ur3e/src/install/moveit_msgs/include/moveit_msgs/moveit_msgs/msg/allowed_collision_entry.h\n'}
[1.426826] (moveit_msgs) StdoutLine: {'line': b'-- Up-to-date: /home/yadhu/ur3e/src/install/moveit_msgs/include/moveit_msgs/moveit_msgs/msg/cartesian_point.h\n'}
[1.426856] (moveit_msgs) StdoutLine: {'line': b'-- Up-to-date: /home/yadhu/ur3e/src/install/moveit_msgs/include/moveit_msgs/moveit_msgs/msg/motion_plan_detailed_response.h\n'}
[1.426888] (moveit_msgs) StdoutLine: {'line': b'-- Up-to-date: /home/yadhu/ur3e/src/install/moveit_msgs/include/moveit_msgs/moveit_msgs/srv\n'}
[1.426920] (moveit_msgs) StdoutLine: {'line': b'-- Up-to-date: /home/yadhu/ur3e/src/install/moveit_msgs/include/moveit_msgs/moveit_msgs/srv/get_planner_params.h\n'}
[1.426951] (moveit_msgs) StdoutLine: {'line': b'-- Up-to-date: /home/yadhu/ur3e/src/install/moveit_msgs/include/moveit_msgs/moveit_msgs/srv/change_control_dimensions.h\n'}
[1.426982] (moveit_msgs) StdoutLine: {'line': b'-- Up-to-date: /home/yadhu/ur3e/src/install/moveit_msgs/include/moveit_msgs/moveit_msgs/srv/rename_robot_state_in_warehouse.h\n'}
[1.427014] (moveit_msgs) StdoutLine: {'line': b'-- Up-to-date: /home/yadhu/ur3e/src/install/moveit_msgs/include/moveit_msgs/moveit_msgs/srv/delete_robot_state_from_warehouse.h\n'}
[1.427097] (moveit_msgs) StdoutLine: {'line': b'-- Up-to-date: /home/yadhu/ur3e/src/install/moveit_msgs/include/moveit_msgs/moveit_msgs/srv/get_planning_scene.h\n'}
[1.427125] (moveit_msgs) StdoutLine: {'line': b'-- Up-to-date: /home/yadhu/ur3e/src/install/moveit_msgs/include/moveit_msgs/moveit_msgs/srv/query_planner_interfaces.h\n'}
[1.427152] (moveit_msgs) StdoutLine: {'line': b'-- Up-to-date: /home/yadhu/ur3e/src/install/moveit_msgs/include/moveit_msgs/moveit_msgs/srv/set_planner_params.h\n'}
[1.427178] (moveit_msgs) StdoutLine: {'line': b'-- Up-to-date: /home/yadhu/ur3e/src/install/moveit_msgs/include/moveit_msgs/moveit_msgs/srv/grasp_planning.h\n'}
[1.427204] (moveit_msgs) StdoutLine: {'line': b'-- Up-to-date: /home/yadhu/ur3e/src/install/moveit_msgs/include/moveit_msgs/moveit_msgs/srv/get_cartesian_path.h\n'}
[1.427295] (moveit_msgs) StdoutLine: {'line': b'-- Up-to-date: /home/yadhu/ur3e/src/install/moveit_msgs/include/moveit_msgs/moveit_msgs/srv/list_robot_states_in_warehouse.h\n'}
[1.427426] (moveit_msgs) StdoutLine: {'line': b'-- Up-to-date: /home/yadhu/ur3e/src/install/moveit_msgs/include/moveit_msgs/moveit_msgs/srv/get_state_validity.h\n'}
[1.427468] (moveit_msgs) StdoutLine: {'line': b'-- Up-to-date: /home/yadhu/ur3e/src/install/moveit_msgs/include/moveit_msgs/moveit_msgs/srv/update_pointcloud_octomap.h\n'}
[1.427501] (moveit_msgs) StdoutLine: {'line': b'-- Up-to-date: /home/yadhu/ur3e/src/install/moveit_msgs/include/moveit_msgs/moveit_msgs/srv/get_motion_sequence.h\n'}
[1.427532] (moveit_msgs) StdoutLine: {'line': b'-- Up-to-date: /home/yadhu/ur3e/src/install/moveit_msgs/include/moveit_msgs/moveit_msgs/srv/detail\n'}
[1.427564] (moveit_msgs) StdoutLine: {'line': b'-- Up-to-date: /home/yadhu/ur3e/src/install/moveit_msgs/include/moveit_msgs/moveit_msgs/srv/detail/apply_planning_scene__struct.h\n'}
[1.427594] (moveit_msgs) StdoutLine: {'line': b'-- Up-to-date: /home/yadhu/ur3e/src/install/moveit_msgs/include/moveit_msgs/moveit_msgs/srv/detail/get_robot_state_from_warehouse__functions.c\n'}
[1.427636] (moveit_msgs) StdoutLine: {'line': b'-- Up-to-date: /home/yadhu/ur3e/src/install/moveit_msgs/include/moveit_msgs/moveit_msgs/srv/detail/update_pointcloud_octomap__functions.h\n'}
[1.427663] (moveit_msgs) StdoutLine: {'line': b'-- Up-to-date: /home/yadhu/ur3e/src/install/moveit_msgs/include/moveit_msgs/moveit_msgs/srv/detail/save_map__struct.h\n'}
[1.427689] (moveit_msgs) StdoutLine: {'line': b'-- Up-to-date: /home/yadhu/ur3e/src/install/moveit_msgs/include/moveit_msgs/moveit_msgs/srv/detail/change_drift_dimensions__type_support.h\n'}
[1.427716] (moveit_msgs) StdoutLine: {'line': b'-- Up-to-date: /home/yadhu/ur3e/src/install/moveit_msgs/include/moveit_msgs/moveit_msgs/srv/detail/delete_robot_state_from_warehouse__struct.h\n'}
[1.427742] (moveit_msgs) StdoutLine: {'line': b'-- Up-to-date: /home/yadhu/ur3e/src/install/moveit_msgs/include/moveit_msgs/moveit_msgs/srv/detail/get_planner_params__functions.c\n'}
[1.427768] (moveit_msgs) StdoutLine: {'line': b'-- Up-to-date: /home/yadhu/ur3e/src/install/moveit_msgs/include/moveit_msgs/moveit_msgs/srv/detail/get_robot_state_from_warehouse__functions.h\n'}
[1.427794] (moveit_msgs) StdoutLine: {'line': b'-- Up-to-date: /home/yadhu/ur3e/src/install/moveit_msgs/include/moveit_msgs/moveit_msgs/srv/detail/get_motion_plan__struct.h\n'}
[1.427820] (moveit_msgs) StdoutLine: {'line': b'-- Up-to-date: /home/yadhu/ur3e/src/install/moveit_msgs/include/moveit_msgs/moveit_msgs/srv/detail/change_control_dimensions__functions.c\n'}
[1.427845] (moveit_msgs) StdoutLine: {'line': b'-- Up-to-date: /home/yadhu/ur3e/src/install/moveit_msgs/include/moveit_msgs/moveit_msgs/srv/detail/check_if_robot_state_exists_in_warehouse__functions.c\n'}
[1.427871] (moveit_msgs) StdoutLine: {'line': b'-- Up-to-date: /home/yadhu/ur3e/src/install/moveit_msgs/include/moveit_msgs/moveit_msgs/srv/detail/change_drift_dimensions__functions.h\n'}
[1.427898] (moveit_msgs) StdoutLine: {'line': b'-- Up-to-date: /home/yadhu/ur3e/src/install/moveit_msgs/include/moveit_msgs/moveit_msgs/srv/detail/load_map__struct.h\n'}
[1.427924] (moveit_msgs) StdoutLine: {'line': b'-- Up-to-date: /home/yadhu/ur3e/src/install/moveit_msgs/include/moveit_msgs/moveit_msgs/srv/detail/update_pointcloud_octomap__type_support.h\n'}
[1.427951] (moveit_msgs) StdoutLine: {'line': b'-- Up-to-date: /home/yadhu/ur3e/src/install/moveit_msgs/include/moveit_msgs/moveit_msgs/srv/detail/get_position_ik__struct.h\n'}
[1.427976] (moveit_msgs) StdoutLine: {'line': b'-- Up-to-date: /home/yadhu/ur3e/src/install/moveit_msgs/include/moveit_msgs/moveit_msgs/srv/detail/get_position_ik__type_support.h\n'}
[1.428001] (moveit_msgs) StdoutLine: {'line': b'-- Up-to-date: /home/yadhu/ur3e/src/install/moveit_msgs/include/moveit_msgs/moveit_msgs/srv/detail/query_planner_interfaces__functions.h\n'}
[1.428057] (moveit_msgs) StdoutLine: {'line': b'-- Up-to-date: /home/yadhu/ur3e/src/install/moveit_msgs/include/moveit_msgs/moveit_msgs/srv/detail/set_planner_params__struct.h\n'}
[1.428127] (moveit_msgs) StdoutLine: {'line': b'-- Up-to-date: /home/yadhu/ur3e/src/install/moveit_msgs/include/moveit_msgs/moveit_msgs/srv/detail/save_robot_state_to_warehouse__type_support.h\n'}
[1.428155] (moveit_msgs) StdoutLine: {'line': b'-- Up-to-date: /home/yadhu/ur3e/src/install/moveit_msgs/include/moveit_msgs/moveit_msgs/srv/detail/save_robot_state_to_warehouse__functions.c\n'}
[1.428181] (moveit_msgs) StdoutLine: {'line': b'-- Up-to-date: /home/yadhu/ur3e/src/install/moveit_msgs/include/moveit_msgs/moveit_msgs/srv/detail/get_robot_state_from_warehouse__type_support.h\n'}
[1.428208] (moveit_msgs) StdoutLine: {'line': b'-- Up-to-date: /home/yadhu/ur3e/src/install/moveit_msgs/include/moveit_msgs/moveit_msgs/srv/detail/get_cartesian_path__functions.h\n'}
[1.428363] (moveit_msgs) StdoutLine: {'line': b'-- Up-to-date: /home/yadhu/ur3e/src/install/moveit_msgs/include/moveit_msgs/moveit_msgs/srv/detail/get_position_fk__functions.h\n'}
[1.428405] (moveit_msgs) StdoutLine: {'line': b'-- Up-to-date: /home/yadhu/ur3e/src/install/moveit_msgs/include/moveit_msgs/moveit_msgs/srv/detail/get_motion_plan__functions.c\n'}
[1.428432] (moveit_msgs) StdoutLine: {'line': b'-- Up-to-date: /home/yadhu/ur3e/src/install/moveit_msgs/include/moveit_msgs/moveit_msgs/srv/detail/get_cartesian_path__type_support.h\n'}
[1.428459] (moveit_msgs) StdoutLine: {'line': b'-- Up-to-date: /home/yadhu/ur3e/src/install/moveit_msgs/include/moveit_msgs/moveit_msgs/srv/detail/save_robot_state_to_warehouse__struct.h\n'}
[1.428494] (moveit_msgs) StdoutLine: {'line': b'-- Up-to-date: /home/yadhu/ur3e/src/install/moveit_msgs/include/moveit_msgs/moveit_msgs/srv/detail/change_control_dimensions__functions.h\n'}
[1.428522] (moveit_msgs) StdoutLine: {'line': b'-- Up-to-date: /home/yadhu/ur3e/src/install/moveit_msgs/include/moveit_msgs/moveit_msgs/srv/detail/change_drift_dimensions__struct.h\n'}
[1.428547] (moveit_msgs) StdoutLine: {'line': b'-- Up-to-date: /home/yadhu/ur3e/src/install/moveit_msgs/include/moveit_msgs/moveit_msgs/srv/detail/change_control_dimensions__type_support.h\n'}
[1.428573] (moveit_msgs) StdoutLine: {'line': b'-- Up-to-date: /home/yadhu/ur3e/src/install/moveit_msgs/include/moveit_msgs/moveit_msgs/srv/detail/set_planner_params__functions.c\n'}
[1.428599] (moveit_msgs) StdoutLine: {'line': b'-- Up-to-date: /home/yadhu/ur3e/src/install/moveit_msgs/include/moveit_msgs/moveit_msgs/srv/detail/rename_robot_state_in_warehouse__functions.h\n'}
[1.428626] (moveit_msgs) StdoutLine: {'line': b'-- Up-to-date: /home/yadhu/ur3e/src/install/moveit_msgs/include/moveit_msgs/moveit_msgs/srv/detail/delete_robot_state_from_warehouse__functions.c\n'}
[1.428652] (moveit_msgs) StdoutLine: {'line': b'-- Up-to-date: /home/yadhu/ur3e/src/install/moveit_msgs/include/moveit_msgs/moveit_msgs/srv/detail/get_position_fk__functions.c\n'}
[1.428679] (moveit_msgs) StdoutLine: {'line': b'-- Up-to-date: /home/yadhu/ur3e/src/install/moveit_msgs/include/moveit_msgs/moveit_msgs/srv/detail/save_map__functions.h\n'}
[1.428759] (moveit_msgs) StdoutLine: {'line': b'-- Up-to-date: /home/yadhu/ur3e/src/install/moveit_msgs/include/moveit_msgs/moveit_msgs/srv/detail/load_map__functions.c\n'}
[1.428803] (moveit_msgs) StdoutLine: {'line': b'-- Up-to-date: /home/yadhu/ur3e/src/install/moveit_msgs/include/moveit_msgs/moveit_msgs/srv/detail/get_state_validity__type_support.h\n'}
[1.428836] (moveit_msgs) StdoutLine: {'line': b'-- Up-to-date: /home/yadhu/ur3e/src/install/moveit_msgs/include/moveit_msgs/moveit_msgs/srv/detail/update_pointcloud_octomap__struct.h\n'}
[1.428878] (moveit_msgs) StdoutLine: {'line': b'-- Up-to-date: /home/yadhu/ur3e/src/install/moveit_msgs/include/moveit_msgs/moveit_msgs/srv/detail/rename_robot_state_in_warehouse__functions.c\n'}
[1.428920] (moveit_msgs) StdoutLine: {'line': b'-- Up-to-date: /home/yadhu/ur3e/src/install/moveit_msgs/include/moveit_msgs/moveit_msgs/srv/detail/grasp_planning__functions.h\n'}
[1.428976] (moveit_msgs) StdoutLine: {'line': b'-- Up-to-date: /home/yadhu/ur3e/src/install/moveit_msgs/include/moveit_msgs/moveit_msgs/srv/detail/get_cartesian_path__struct.h\n'}
[1.429007] (moveit_msgs) StdoutLine: {'line': b'-- Up-to-date: /home/yadhu/ur3e/src/install/moveit_msgs/include/moveit_msgs/moveit_msgs/srv/detail/get_motion_plan__functions.h\n'}
[1.429036] (moveit_msgs) StdoutLine: {'line': b'-- Up-to-date: /home/yadhu/ur3e/src/install/moveit_msgs/include/moveit_msgs/moveit_msgs/srv/detail/apply_planning_scene__type_support.h\n'}
[1.429065] (moveit_msgs) StdoutLine: {'line': b'-- Up-to-date: /home/yadhu/ur3e/src/install/moveit_msgs/include/moveit_msgs/moveit_msgs/srv/detail/query_planner_interfaces__type_support.h\n'}
[1.429094] (moveit_msgs) StdoutLine: {'line': b'-- Up-to-date: /home/yadhu/ur3e/src/install/moveit_msgs/include/moveit_msgs/moveit_msgs/srv/detail/apply_planning_scene__functions.h\n'}
[1.429122] (moveit_msgs) StdoutLine: {'line': b'-- Up-to-date: /home/yadhu/ur3e/src/install/moveit_msgs/include/moveit_msgs/moveit_msgs/srv/detail/get_motion_plan__type_support.h\n'}
[1.429149] (moveit_msgs) StdoutLine: {'line': b'-- Up-to-date: /home/yadhu/ur3e/src/install/moveit_msgs/include/moveit_msgs/moveit_msgs/srv/detail/delete_robot_state_from_warehouse__type_support.h\n'}
[1.429176] (moveit_msgs) StdoutLine: {'line': b'-- Up-to-date: /home/yadhu/ur3e/src/install/moveit_msgs/include/moveit_msgs/moveit_msgs/srv/detail/delete_robot_state_from_warehouse__functions.h\n'}
[1.429205] (moveit_msgs) StdoutLine: {'line': b'-- Up-to-date: /home/yadhu/ur3e/src/install/moveit_msgs/include/moveit_msgs/moveit_msgs/srv/detail/list_robot_states_in_warehouse__type_support.h\n'}
[1.429232] (moveit_msgs) StdoutLine: {'line': b'-- Up-to-date: /home/yadhu/ur3e/src/install/moveit_msgs/include/moveit_msgs/moveit_msgs/srv/detail/list_robot_states_in_warehouse__functions.c\n'}
[1.429262] (moveit_msgs) StdoutLine: {'line': b'-- Up-to-date: /home/yadhu/ur3e/src/install/moveit_msgs/include/moveit_msgs/moveit_msgs/srv/detail/save_map__functions.c\n'}
[1.429382] (moveit_msgs) StdoutLine: {'line': b'-- Up-to-date: /home/yadhu/ur3e/src/install/moveit_msgs/include/moveit_msgs/moveit_msgs/srv/detail/get_position_ik__functions.h\n'}
[1.429447] (moveit_msgs) StdoutLine: {'line': b'-- Up-to-date: /home/yadhu/ur3e/src/install/moveit_msgs/include/moveit_msgs/moveit_msgs/srv/detail/get_motion_sequence__struct.h\n'}
[1.429506] (moveit_msgs) StdoutLine: {'line': b'-- Up-to-date: /home/yadhu/ur3e/src/install/moveit_msgs/include/moveit_msgs/moveit_msgs/srv/detail/check_if_robot_state_exists_in_warehouse__struct.h\n'}
[1.429539] (moveit_msgs) StdoutLine: {'line': b'-- Up-to-date: /home/yadhu/ur3e/src/install/moveit_msgs/include/moveit_msgs/moveit_msgs/srv/detail/update_pointcloud_octomap__functions.c\n'}
[1.429581] (moveit_msgs) StdoutLine: {'line': b'-- Up-to-date: /home/yadhu/ur3e/src/install/moveit_msgs/include/moveit_msgs/moveit_msgs/srv/detail/get_planning_scene__functions.c\n'}
[1.429613] (moveit_msgs) StdoutLine: {'line': b'-- Up-to-date: /home/yadhu/ur3e/src/install/moveit_msgs/include/moveit_msgs/moveit_msgs/srv/detail/check_if_robot_state_exists_in_warehouse__functions.h\n'}
[1.429643] (moveit_msgs) StdoutLine: {'line': b'-- Up-to-date: /home/yadhu/ur3e/src/install/moveit_msgs/include/moveit_msgs/moveit_msgs/srv/detail/get_cartesian_path__functions.c\n'}
[1.429675] (moveit_msgs) StdoutLine: {'line': b'-- Up-to-date: /home/yadhu/ur3e/src/install/moveit_msgs/include/moveit_msgs/moveit_msgs/srv/detail/rename_robot_state_in_warehouse__struct.h\n'}
[1.429703] (moveit_msgs) StdoutLine: {'line': b'-- Up-to-date: /home/yadhu/ur3e/src/install/moveit_msgs/include/moveit_msgs/moveit_msgs/srv/detail/grasp_planning__type_support.h\n'}
[1.429729] (moveit_msgs) StdoutLine: {'line': b'-- Up-to-date: /home/yadhu/ur3e/src/install/moveit_msgs/include/moveit_msgs/moveit_msgs/srv/detail/get_position_ik__functions.c\n'}
[1.429757] (moveit_msgs) StdoutLine: {'line': b'-- Up-to-date: /home/yadhu/ur3e/src/install/moveit_msgs/include/moveit_msgs/moveit_msgs/srv/detail/load_map__functions.h\n'}
[1.429804] (moveit_msgs) StdoutLine: {'line': b'-- Up-to-date: /home/yadhu/ur3e/src/install/moveit_msgs/include/moveit_msgs/moveit_msgs/srv/detail/get_planner_params__type_support.h\n'}
[1.429833] (moveit_msgs) StdoutLine: {'line': b'-- Up-to-date: /home/yadhu/ur3e/src/install/moveit_msgs/include/moveit_msgs/moveit_msgs/srv/detail/get_state_validity__functions.c\n'}
[1.429861] (moveit_msgs) StdoutLine: {'line': b'-- Up-to-date: /home/yadhu/ur3e/src/install/moveit_msgs/include/moveit_msgs/moveit_msgs/srv/detail/get_motion_sequence__type_support.h\n'}
[1.429888] (moveit_msgs) StdoutLine: {'line': b'-- Up-to-date: /home/yadhu/ur3e/src/install/moveit_msgs/include/moveit_msgs/moveit_msgs/srv/detail/apply_planning_scene__functions.c\n'}
[1.429913] (moveit_msgs) StdoutLine: {'line': b'-- Up-to-date: /home/yadhu/ur3e/src/install/moveit_msgs/include/moveit_msgs/moveit_msgs/srv/detail/query_planner_interfaces__functions.c\n'}
[1.429965] (moveit_msgs) StdoutLine: {'line': b'-- Up-to-date: /home/yadhu/ur3e/src/install/moveit_msgs/include/moveit_msgs/moveit_msgs/srv/detail/get_position_fk__type_support.h\n'}
[1.429998] (moveit_msgs) StdoutLine: {'line': b'-- Up-to-date: /home/yadhu/ur3e/src/install/moveit_msgs/include/moveit_msgs/moveit_msgs/srv/detail/get_state_validity__struct.h\n'}
[1.430029] (moveit_msgs) StdoutLine: {'line': b'-- Up-to-date: /home/yadhu/ur3e/src/install/moveit_msgs/include/moveit_msgs/moveit_msgs/srv/detail/change_control_dimensions__struct.h\n'}
[1.430058] (moveit_msgs) StdoutLine: {'line': b'-- Up-to-date: /home/yadhu/ur3e/src/install/moveit_msgs/include/moveit_msgs/moveit_msgs/srv/detail/get_planner_params__functions.h\n'}
[1.430088] (moveit_msgs) StdoutLine: {'line': b'-- Up-to-date: /home/yadhu/ur3e/src/install/moveit_msgs/include/moveit_msgs/moveit_msgs/srv/detail/list_robot_states_in_warehouse__struct.h\n'}
[1.430119] (moveit_msgs) StdoutLine: {'line': b'-- Up-to-date: /home/yadhu/ur3e/src/install/moveit_msgs/include/moveit_msgs/moveit_msgs/srv/detail/query_planner_interfaces__struct.h\n'}
[1.430149] (moveit_msgs) StdoutLine: {'line': b'-- Up-to-date: /home/yadhu/ur3e/src/install/moveit_msgs/include/moveit_msgs/moveit_msgs/srv/detail/get_position_fk__struct.h\n'}
[1.430178] (moveit_msgs) StdoutLine: {'line': b'-- Up-to-date: /home/yadhu/ur3e/src/install/moveit_msgs/include/moveit_msgs/moveit_msgs/srv/detail/rename_robot_state_in_warehouse__type_support.h\n'}
[1.430209] (moveit_msgs) StdoutLine: {'line': b'-- Up-to-date: /home/yadhu/ur3e/src/install/moveit_msgs/include/moveit_msgs/moveit_msgs/srv/detail/set_planner_params__type_support.h\n'}
[1.430237] (moveit_msgs) StdoutLine: {'line': b'-- Up-to-date: /home/yadhu/ur3e/src/install/moveit_msgs/include/moveit_msgs/moveit_msgs/srv/detail/check_if_robot_state_exists_in_warehouse__type_support.h\n'}
[1.430266] (moveit_msgs) StdoutLine: {'line': b'-- Up-to-date: /home/yadhu/ur3e/src/install/moveit_msgs/include/moveit_msgs/moveit_msgs/srv/detail/grasp_planning__functions.c\n'}
[1.430310] (moveit_msgs) StdoutLine: {'line': b'-- Up-to-date: /home/yadhu/ur3e/src/install/moveit_msgs/include/moveit_msgs/moveit_msgs/srv/detail/get_planning_scene__type_support.h\n'}
[1.430392] (moveit_msgs) StdoutLine: {'line': b'-- Up-to-date: /home/yadhu/ur3e/src/install/moveit_msgs/include/moveit_msgs/moveit_msgs/srv/detail/get_planning_scene__functions.h\n'}
[1.430423] (moveit_msgs) StdoutLine: {'line': b'-- Up-to-date: /home/yadhu/ur3e/src/install/moveit_msgs/include/moveit_msgs/moveit_msgs/srv/detail/grasp_planning__struct.h\n'}
[1.430454] (moveit_msgs) StdoutLine: {'line': b'-- Up-to-date: /home/yadhu/ur3e/src/install/moveit_msgs/include/moveit_msgs/moveit_msgs/srv/detail/set_planner_params__functions.h\n'}
[1.430485] (moveit_msgs) StdoutLine: {'line': b'-- Up-to-date: /home/yadhu/ur3e/src/install/moveit_msgs/include/moveit_msgs/moveit_msgs/srv/detail/change_drift_dimensions__functions.c\n'}
[1.430532] (moveit_msgs) StdoutLine: {'line': b'-- Up-to-date: /home/yadhu/ur3e/src/install/moveit_msgs/include/moveit_msgs/moveit_msgs/srv/detail/list_robot_states_in_warehouse__functions.h\n'}
[1.430627] (moveit_msgs) StdoutLine: {'line': b'-- Up-to-date: /home/yadhu/ur3e/src/install/moveit_msgs/include/moveit_msgs/moveit_msgs/srv/detail/get_motion_sequence__functions.h\n'}
[1.430656] (moveit_msgs) StdoutLine: {'line': b'-- Up-to-date: /home/yadhu/ur3e/src/install/moveit_msgs/include/moveit_msgs/moveit_msgs/srv/detail/get_planner_params__struct.h\n'}
[1.430809] (moveit_msgs) StdoutLine: {'line': b'-- Up-to-date: /home/yadhu/ur3e/src/install/moveit_msgs/include/moveit_msgs/moveit_msgs/srv/detail/save_map__type_support.h\n'}
[1.430945] (moveit_msgs) StdoutLine: {'line': b'-- Up-to-date: /home/yadhu/ur3e/src/install/moveit_msgs/include/moveit_msgs/moveit_msgs/srv/detail/get_robot_state_from_warehouse__struct.h\n'}
[1.431062] (moveit_msgs) StdoutLine: {'line': b'-- Up-to-date: /home/yadhu/ur3e/src/install/moveit_msgs/include/moveit_msgs/moveit_msgs/srv/detail/load_map__type_support.h\n'}
[1.431184] (moveit_msgs) StdoutLine: {'line': b'-- Up-to-date: /home/yadhu/ur3e/src/install/moveit_msgs/include/moveit_msgs/moveit_msgs/srv/detail/get_state_validity__functions.h\n'}
[1.431293] (moveit_msgs) StdoutLine: {'line': b'-- Up-to-date: /home/yadhu/ur3e/src/install/moveit_msgs/include/moveit_msgs/moveit_msgs/srv/detail/save_robot_state_to_warehouse__functions.h\n'}
[1.431405] (moveit_msgs) StdoutLine: {'line': b'-- Up-to-date: /home/yadhu/ur3e/src/install/moveit_msgs/include/moveit_msgs/moveit_msgs/srv/detail/get_motion_sequence__functions.c\n'}
[1.431539] (moveit_msgs) StdoutLine: {'line': b'-- Up-to-date: /home/yadhu/ur3e/src/install/moveit_msgs/include/moveit_msgs/moveit_msgs/srv/detail/get_planning_scene__struct.h\n'}
[1.431639] (moveit_msgs) StdoutLine: {'line': b'-- Up-to-date: /home/yadhu/ur3e/src/install/moveit_msgs/include/moveit_msgs/moveit_msgs/srv/change_drift_dimensions.h\n'}
[1.431682] (moveit_msgs) StdoutLine: {'line': b'-- Up-to-date: /home/yadhu/ur3e/src/install/moveit_msgs/include/moveit_msgs/moveit_msgs/srv/get_motion_plan.h\n'}
[1.431719] (moveit_msgs) StdoutLine: {'line': b'-- Up-to-date: /home/yadhu/ur3e/src/install/moveit_msgs/include/moveit_msgs/moveit_msgs/srv/save_map.h\n'}
[1.431754] (moveit_msgs) StdoutLine: {'line': b'-- Up-to-date: /home/yadhu/ur3e/src/install/moveit_msgs/include/moveit_msgs/moveit_msgs/srv/get_robot_state_from_warehouse.h\n'}
[1.431787] (moveit_msgs) StdoutLine: {'line': b'-- Up-to-date: /home/yadhu/ur3e/src/install/moveit_msgs/include/moveit_msgs/moveit_msgs/srv/apply_planning_scene.h\n'}
[1.431820] (moveit_msgs) StdoutLine: {'line': b'-- Up-to-date: /home/yadhu/ur3e/src/install/moveit_msgs/include/moveit_msgs/moveit_msgs/srv/get_position_fk.h\n'}
[1.431854] (moveit_msgs) StdoutLine: {'line': b'-- Up-to-date: /home/yadhu/ur3e/src/install/moveit_msgs/include/moveit_msgs/moveit_msgs/srv/get_position_ik.h\n'}
[1.431886] (moveit_msgs) StdoutLine: {'line': b'-- Up-to-date: /home/yadhu/ur3e/src/install/moveit_msgs/include/moveit_msgs/moveit_msgs/srv/load_map.h\n'}
[1.431917] (moveit_msgs) StdoutLine: {'line': b'-- Up-to-date: /home/yadhu/ur3e/src/install/moveit_msgs/include/moveit_msgs/moveit_msgs/srv/save_robot_state_to_warehouse.h\n'}
[1.431950] (moveit_msgs) StdoutLine: {'line': b'-- Up-to-date: /home/yadhu/ur3e/src/install/moveit_msgs/include/moveit_msgs/moveit_msgs/srv/check_if_robot_state_exists_in_warehouse.h\n'}
[1.431983] (moveit_msgs) StdoutLine: {'line': b'-- Up-to-date: /home/yadhu/ur3e/src/install/moveit_msgs/share/moveit_msgs/environment/library_path.sh\n'}
[1.432015] (moveit_msgs) StdoutLine: {'line': b'-- Up-to-date: /home/yadhu/ur3e/src/install/moveit_msgs/share/moveit_msgs/environment/library_path.dsv\n'}
[1.432048] (moveit_msgs) StdoutLine: {'line': b'-- Up-to-date: /home/yadhu/ur3e/src/install/moveit_msgs/lib/libmoveit_msgs__rosidl_generator_c.so\n'}
[1.432080] (moveit_msgs) StdoutLine: {'line': b'-- Up-to-date: /home/yadhu/ur3e/src/install/moveit_msgs/include/moveit_msgs/moveit_msgs\n'}
[1.432111] (moveit_msgs) StdoutLine: {'line': b'-- Up-to-date: /home/yadhu/ur3e/src/install/moveit_msgs/include/moveit_msgs/moveit_msgs/action\n'}
[1.432158] (moveit_msgs) StdoutLine: {'line': b'-- Up-to-date: /home/yadhu/ur3e/src/install/moveit_msgs/include/moveit_msgs/moveit_msgs/action/detail\n'}
[1.432194] (moveit_msgs) StdoutLine: {'line': b'-- Up-to-date: /home/yadhu/ur3e/src/install/moveit_msgs/include/moveit_msgs/moveit_msgs/action/detail/local_planner__rosidl_typesupport_fastrtps_c.h\n'}
[1.432227] (moveit_msgs) StdoutLine: {'line': b'-- Up-to-date: /home/yadhu/ur3e/src/install/moveit_msgs/include/moveit_msgs/moveit_msgs/action/detail/place__rosidl_typesupport_fastrtps_c.h\n'}
[1.432261] (moveit_msgs) StdoutLine: {'line': b'-- Up-to-date: /home/yadhu/ur3e/src/install/moveit_msgs/include/moveit_msgs/moveit_msgs/action/detail/global_planner__rosidl_typesupport_fastrtps_c.h\n'}
[1.432296] (moveit_msgs) StdoutLine: {'line': b'-- Up-to-date: /home/yadhu/ur3e/src/install/moveit_msgs/include/moveit_msgs/moveit_msgs/action/detail/move_group__rosidl_typesupport_fastrtps_c.h\n'}
[1.432356] (moveit_msgs) StdoutLine: {'line': b'-- Up-to-date: /home/yadhu/ur3e/src/install/moveit_msgs/include/moveit_msgs/moveit_msgs/action/detail/pickup__rosidl_typesupport_fastrtps_c.h\n'}
[1.432384] (moveit_msgs) StdoutLine: {'line': b'-- Up-to-date: /home/yadhu/ur3e/src/install/moveit_msgs/include/moveit_msgs/moveit_msgs/action/detail/move_group_sequence__rosidl_typesupport_fastrtps_c.h\n'}
[1.432422] (moveit_msgs) StdoutLine: {'line': b'-- Up-to-date: /home/yadhu/ur3e/src/install/moveit_msgs/include/moveit_msgs/moveit_msgs/action/detail/hybrid_planner__rosidl_typesupport_fastrtps_c.h\n'}
[1.432449] (moveit_msgs) StdoutLine: {'line': b'-- Up-to-date: /home/yadhu/ur3e/src/install/moveit_msgs/include/moveit_msgs/moveit_msgs/action/detail/execute_trajectory__rosidl_typesupport_fastrtps_c.h\n'}
[1.432489] (moveit_msgs) StdoutLine: {'line': b'-- Up-to-date: /home/yadhu/ur3e/src/install/moveit_msgs/include/moveit_msgs/moveit_msgs/msg\n'}
[1.432524] (moveit_msgs) StdoutLine: {'line': b'-- Up-to-date: /home/yadhu/ur3e/src/install/moveit_msgs/include/moveit_msgs/moveit_msgs/msg/rosidl_typesupport_fastrtps_c__visibility_control.h\n'}
[1.432557] (moveit_msgs) StdoutLine: {'line': b'-- Up-to-date: /home/yadhu/ur3e/src/install/moveit_msgs/include/moveit_msgs/moveit_msgs/msg/detail\n'}
[1.432590] (moveit_msgs) StdoutLine: {'line': b'-- Up-to-date: /home/yadhu/ur3e/src/install/moveit_msgs/include/moveit_msgs/moveit_msgs/msg/detail/robot_state__rosidl_typesupport_fastrtps_c.h\n'}
[1.432624] (moveit_msgs) StdoutLine: {'line': b'-- Up-to-date: /home/yadhu/ur3e/src/install/moveit_msgs/include/moveit_msgs/moveit_msgs/msg/detail/motion_sequence_request__rosidl_typesupport_fastrtps_c.h\n'}
[1.432657] (moveit_msgs) StdoutLine: {'line': b'-- Up-to-date: /home/yadhu/ur3e/src/install/moveit_msgs/include/moveit_msgs/moveit_msgs/msg/detail/planner_interface_description__rosidl_typesupport_fastrtps_c.h\n'}
[1.432690] (moveit_msgs) StdoutLine: {'line': b'-- Up-to-date: /home/yadhu/ur3e/src/install/moveit_msgs/include/moveit_msgs/moveit_msgs/msg/detail/planning_scene_components__rosidl_typesupport_fastrtps_c.h\n'}
[1.432724] (moveit_msgs) StdoutLine: {'line': b'-- Up-to-date: /home/yadhu/ur3e/src/install/moveit_msgs/include/moveit_msgs/moveit_msgs/msg/detail/kinematic_solver_info__rosidl_typesupport_fastrtps_c.h\n'}
[1.432756] (moveit_msgs) StdoutLine: {'line': b'-- Up-to-date: /home/yadhu/ur3e/src/install/moveit_msgs/include/moveit_msgs/moveit_msgs/msg/detail/allowed_collision_matrix__rosidl_typesupport_fastrtps_c.h\n'}
[1.432788] (moveit_msgs) StdoutLine: {'line': b'-- Up-to-date: /home/yadhu/ur3e/src/install/moveit_msgs/include/moveit_msgs/moveit_msgs/msg/detail/display_robot_state__rosidl_typesupport_fastrtps_c.h\n'}
[1.432820] (moveit_msgs) StdoutLine: {'line': b'-- Up-to-date: /home/yadhu/ur3e/src/install/moveit_msgs/include/moveit_msgs/moveit_msgs/msg/detail/place_location__rosidl_typesupport_fastrtps_c.h\n'}
[1.432852] (moveit_msgs) StdoutLine: {'line': b'-- Up-to-date: /home/yadhu/ur3e/src/install/moveit_msgs/include/moveit_msgs/moveit_msgs/msg/detail/gripper_translation__rosidl_typesupport_fastrtps_c.h\n'}
[1.432897] (moveit_msgs) StdoutLine: {'line': b'-- Up-to-date: /home/yadhu/ur3e/src/install/moveit_msgs/include/moveit_msgs/moveit_msgs/msg/detail/constraint_eval_result__rosidl_typesupport_fastrtps_c.h\n'}
[1.432932] (moveit_msgs) StdoutLine: {'line': b'-- Up-to-date: /home/yadhu/ur3e/src/install/moveit_msgs/include/moveit_msgs/moveit_msgs/msg/detail/collision_object__rosidl_typesupport_fastrtps_c.h\n'}
[1.432965] (moveit_msgs) StdoutLine: {'line': b'-- Up-to-date: /home/yadhu/ur3e/src/install/moveit_msgs/include/moveit_msgs/moveit_msgs/msg/detail/planning_scene__rosidl_typesupport_fastrtps_c.h\n'}
[1.432998] (moveit_msgs) StdoutLine: {'line': b'-- Up-to-date: /home/yadhu/ur3e/src/install/moveit_msgs/include/moveit_msgs/moveit_msgs/msg/detail/bounding_volume__rosidl_typesupport_fastrtps_c.h\n'}
[1.433030] (moveit_msgs) StdoutLine: {'line': b'-- Up-to-date: /home/yadhu/ur3e/src/install/moveit_msgs/include/moveit_msgs/moveit_msgs/msg/detail/planning_scene_world__rosidl_typesupport_fastrtps_c.h\n'}
[1.433061] (moveit_msgs) StdoutLine: {'line': b'-- Up-to-date: /home/yadhu/ur3e/src/install/moveit_msgs/include/moveit_msgs/moveit_msgs/msg/detail/contact_information__rosidl_typesupport_fastrtps_c.h\n'}
[1.433093] (moveit_msgs) StdoutLine: {'line': b'-- Up-to-date: /home/yadhu/ur3e/src/install/moveit_msgs/include/moveit_msgs/moveit_msgs/msg/detail/link_scale__rosidl_typesupport_fastrtps_c.h\n'}
[1.433124] (moveit_msgs) StdoutLine: {'line': b'-- Up-to-date: /home/yadhu/ur3e/src/install/moveit_msgs/include/moveit_msgs/moveit_msgs/msg/detail/motion_sequence_response__rosidl_typesupport_fastrtps_c.h\n'}
[1.433156] (moveit_msgs) StdoutLine: {'line': b'-- Up-to-date: /home/yadhu/ur3e/src/install/moveit_msgs/include/moveit_msgs/moveit_msgs/msg/detail/motion_plan_detailed_response__rosidl_typesupport_fastrtps_c.h\n'}
[1.433189] (moveit_msgs) StdoutLine: {'line': b'-- Up-to-date: /home/yadhu/ur3e/src/install/moveit_msgs/include/moveit_msgs/moveit_msgs/msg/detail/position_ik_request__rosidl_typesupport_fastrtps_c.h\n'}
[1.433222] (moveit_msgs) StdoutLine: {'line': b'-- Up-to-date: /home/yadhu/ur3e/src/install/moveit_msgs/include/moveit_msgs/moveit_msgs/msg/detail/grasp__rosidl_typesupport_fastrtps_c.h\n'}
[1.433255] (moveit_msgs) StdoutLine: {'line': b'-- Up-to-date: /home/yadhu/ur3e/src/install/moveit_msgs/include/moveit_msgs/moveit_msgs/msg/detail/generic_trajectory__rosidl_typesupport_fastrtps_c.h\n'}
[1.433330] (moveit_msgs) StdoutLine: {'line': b'-- Up-to-date: /home/yadhu/ur3e/src/install/moveit_msgs/include/moveit_msgs/moveit_msgs/msg/detail/cartesian_trajectory_point__rosidl_typesupport_fastrtps_c.h\n'}
[1.433471] (moveit_msgs) StdoutLine: {'line': b'-- Up-to-date: /home/yadhu/ur3e/src/install/moveit_msgs/include/moveit_msgs/moveit_msgs/msg/detail/cost_source__rosidl_typesupport_fastrtps_c.h\n'}
[1.433509] (moveit_msgs) StdoutLine: {'line': b'-- Up-to-date: /home/yadhu/ur3e/src/install/moveit_msgs/include/moveit_msgs/moveit_msgs/msg/detail/visibility_constraint__rosidl_typesupport_fastrtps_c.h\n'}
[1.433574] (moveit_msgs) StdoutLine: {'line': b'-- Up-to-date: /home/yadhu/ur3e/src/install/moveit_msgs/include/moveit_msgs/moveit_msgs/msg/detail/constraints__rosidl_typesupport_fastrtps_c.h\n'}
[1.433610] (moveit_msgs) StdoutLine: {'line': b'-- Up-to-date: /home/yadhu/ur3e/src/install/moveit_msgs/include/moveit_msgs/moveit_msgs/msg/detail/link_padding__rosidl_typesupport_fastrtps_c.h\n'}
[1.433644] (moveit_msgs) StdoutLine: {'line': b'-- Up-to-date: /home/yadhu/ur3e/src/install/moveit_msgs/include/moveit_msgs/moveit_msgs/msg/detail/position_constraint__rosidl_typesupport_fastrtps_c.h\n'}
[1.433676] (moveit_msgs) StdoutLine: {'line': b'-- Up-to-date: /home/yadhu/ur3e/src/install/moveit_msgs/include/moveit_msgs/moveit_msgs/msg/detail/display_trajectory__rosidl_typesupport_fastrtps_c.h\n'}
[1.433707] (moveit_msgs) StdoutLine: {'line': b'-- Up-to-date: /home/yadhu/ur3e/src/install/moveit_msgs/include/moveit_msgs/moveit_msgs/msg/detail/motion_sequence_item__rosidl_typesupport_fastrtps_c.h\n'}
[1.433750] (moveit_msgs) StdoutLine: {'line': b'-- Up-to-date: /home/yadhu/ur3e/src/install/moveit_msgs/include/moveit_msgs/moveit_msgs/msg/detail/robot_trajectory__rosidl_typesupport_fastrtps_c.h\n'}
[1.433782] (moveit_msgs) StdoutLine: {'line': b'-- Up-to-date: /home/yadhu/ur3e/src/install/moveit_msgs/include/moveit_msgs/moveit_msgs/msg/detail/allowed_collision_entry__rosidl_typesupport_fastrtps_c.h\n'}
[1.433814] (moveit_msgs) StdoutLine: {'line': b'-- Up-to-date: /home/yadhu/ur3e/src/install/moveit_msgs/include/moveit_msgs/moveit_msgs/msg/detail/joint_limits__rosidl_typesupport_fastrtps_c.h\n'}
[1.433846] (moveit_msgs) StdoutLine: {'line': b'-- Up-to-date: /home/yadhu/ur3e/src/install/moveit_msgs/include/moveit_msgs/moveit_msgs/msg/detail/trajectory_constraints__rosidl_typesupport_fastrtps_c.h\n'}
[1.433877] (moveit_msgs) StdoutLine: {'line': b'-- Up-to-date: /home/yadhu/ur3e/src/install/moveit_msgs/include/moveit_msgs/moveit_msgs/msg/detail/motion_plan_request__rosidl_typesupport_fastrtps_c.h\n'}
[1.433941] (moveit_msgs) StdoutLine: {'line': b'-- Up-to-date: /home/yadhu/ur3e/src/install/moveit_msgs/include/moveit_msgs/moveit_msgs/msg/detail/motion_plan_response__rosidl_typesupport_fastrtps_c.h\n'}
[1.433976] (moveit_msgs) StdoutLine: {'line': b'-- Up-to-date: /home/yadhu/ur3e/src/install/moveit_msgs/include/moveit_msgs/moveit_msgs/msg/detail/workspace_parameters__rosidl_typesupport_fastrtps_c.h\n'}
[1.434008] (moveit_msgs) StdoutLine: {'line': b'-- Up-to-date: /home/yadhu/ur3e/src/install/moveit_msgs/include/moveit_msgs/moveit_msgs/msg/detail/joint_constraint__rosidl_typesupport_fastrtps_c.h\n'}
[1.434042] (moveit_msgs) StdoutLine: {'line': b'-- Up-to-date: /home/yadhu/ur3e/src/install/moveit_msgs/include/moveit_msgs/moveit_msgs/msg/detail/orientation_constraint__rosidl_typesupport_fastrtps_c.h\n'}
[1.434075] (moveit_msgs) StdoutLine: {'line': b'-- Up-to-date: /home/yadhu/ur3e/src/install/moveit_msgs/include/moveit_msgs/moveit_msgs/msg/detail/planning_options__rosidl_typesupport_fastrtps_c.h\n'}
[1.434107] (moveit_msgs) StdoutLine: {'line': b'-- Up-to-date: /home/yadhu/ur3e/src/install/moveit_msgs/include/moveit_msgs/moveit_msgs/msg/detail/planner_params__rosidl_typesupport_fastrtps_c.h\n'}
[1.434139] (moveit_msgs) StdoutLine: {'line': b'-- Up-to-date: /home/yadhu/ur3e/src/install/moveit_msgs/include/moveit_msgs/moveit_msgs/msg/detail/move_it_error_codes__rosidl_typesupport_fastrtps_c.h\n'}
[1.434170] (moveit_msgs) StdoutLine: {'line': b'-- Up-to-date: /home/yadhu/ur3e/src/install/moveit_msgs/include/moveit_msgs/moveit_msgs/msg/detail/attached_collision_object__rosidl_typesupport_fastrtps_c.h\n'}
[1.434202] (moveit_msgs) StdoutLine: {'line': b'-- Up-to-date: /home/yadhu/ur3e/src/install/moveit_msgs/include/moveit_msgs/moveit_msgs/msg/detail/cartesian_trajectory__rosidl_typesupport_fastrtps_c.h\n'}
[1.434234] (moveit_msgs) StdoutLine: {'line': b'-- Up-to-date: /home/yadhu/ur3e/src/install/moveit_msgs/include/moveit_msgs/moveit_msgs/msg/detail/cartesian_point__rosidl_typesupport_fastrtps_c.h\n'}
[1.434267] (moveit_msgs) StdoutLine: {'line': b'-- Up-to-date: /home/yadhu/ur3e/src/install/moveit_msgs/include/moveit_msgs/moveit_msgs/msg/detail/object_color__rosidl_typesupport_fastrtps_c.h\n'}
[1.434337] (moveit_msgs) StdoutLine: {'line': b'-- Up-to-date: /home/yadhu/ur3e/src/install/moveit_msgs/include/moveit_msgs/moveit_msgs/msg/detail/oriented_bounding_box__rosidl_typesupport_fastrtps_c.h\n'}
[1.434424] (moveit_msgs) StdoutLine: {'line': b'-- Up-to-date: /home/yadhu/ur3e/src/install/moveit_msgs/include/moveit_msgs/moveit_msgs/srv\n'}
[1.434454] (moveit_msgs) StdoutLine: {'line': b'-- Up-to-date: /home/yadhu/ur3e/src/install/moveit_msgs/include/moveit_msgs/moveit_msgs/srv/detail\n'}
[1.434480] (moveit_msgs) StdoutLine: {'line': b'-- Up-to-date: /home/yadhu/ur3e/src/install/moveit_msgs/include/moveit_msgs/moveit_msgs/srv/detail/get_motion_sequence__rosidl_typesupport_fastrtps_c.h\n'}
[1.434505] (moveit_msgs) StdoutLine: {'line': b'-- Up-to-date: /home/yadhu/ur3e/src/install/moveit_msgs/include/moveit_msgs/moveit_msgs/srv/detail/get_state_validity__rosidl_typesupport_fastrtps_c.h\n'}
[1.434531] (moveit_msgs) StdoutLine: {'line': b'-- Up-to-date: /home/yadhu/ur3e/src/install/moveit_msgs/include/moveit_msgs/moveit_msgs/srv/detail/get_planning_scene__rosidl_typesupport_fastrtps_c.h\n'}
[1.434555] (moveit_msgs) StdoutLine: {'line': b'-- Up-to-date: /home/yadhu/ur3e/src/install/moveit_msgs/include/moveit_msgs/moveit_msgs/srv/detail/load_map__rosidl_typesupport_fastrtps_c.h\n'}
[1.434584] (moveit_msgs) StdoutLine: {'line': b'-- Up-to-date: /home/yadhu/ur3e/src/install/moveit_msgs/include/moveit_msgs/moveit_msgs/srv/detail/get_motion_plan__rosidl_typesupport_fastrtps_c.h\n'}
[1.434610] (moveit_msgs) StdoutLine: {'line': b'-- Up-to-date: /home/yadhu/ur3e/src/install/moveit_msgs/include/moveit_msgs/moveit_msgs/srv/detail/save_robot_state_to_warehouse__rosidl_typesupport_fastrtps_c.h\n'}
[1.434637] (moveit_msgs) StdoutLine: {'line': b'-- Up-to-date: /home/yadhu/ur3e/src/install/moveit_msgs/include/moveit_msgs/moveit_msgs/srv/detail/list_robot_states_in_warehouse__rosidl_typesupport_fastrtps_c.h\n'}
[1.434662] (moveit_msgs) StdoutLine: {'line': b'-- Up-to-date: /home/yadhu/ur3e/src/install/moveit_msgs/include/moveit_msgs/moveit_msgs/srv/detail/get_robot_state_from_warehouse__rosidl_typesupport_fastrtps_c.h\n'}
[1.434687] (moveit_msgs) StdoutLine: {'line': b'-- Up-to-date: /home/yadhu/ur3e/src/install/moveit_msgs/include/moveit_msgs/moveit_msgs/srv/detail/save_map__rosidl_typesupport_fastrtps_c.h\n'}
[1.434713] (moveit_msgs) StdoutLine: {'line': b'-- Up-to-date: /home/yadhu/ur3e/src/install/moveit_msgs/include/moveit_msgs/moveit_msgs/srv/detail/grasp_planning__rosidl_typesupport_fastrtps_c.h\n'}
[1.434739] (moveit_msgs) StdoutLine: {'line': b'-- Up-to-date: /home/yadhu/ur3e/src/install/moveit_msgs/include/moveit_msgs/moveit_msgs/srv/detail/query_planner_interfaces__rosidl_typesupport_fastrtps_c.h\n'}
[1.434764] (moveit_msgs) StdoutLine: {'line': b'-- Up-to-date: /home/yadhu/ur3e/src/install/moveit_msgs/include/moveit_msgs/moveit_msgs/srv/detail/get_position_fk__rosidl_typesupport_fastrtps_c.h\n'}
[1.434788] (moveit_msgs) StdoutLine: {'line': b'-- Up-to-date: /home/yadhu/ur3e/src/install/moveit_msgs/include/moveit_msgs/moveit_msgs/srv/detail/rename_robot_state_in_warehouse__rosidl_typesupport_fastrtps_c.h\n'}
[1.434814] (moveit_msgs) StdoutLine: {'line': b'-- Up-to-date: /home/yadhu/ur3e/src/install/moveit_msgs/include/moveit_msgs/moveit_msgs/srv/detail/check_if_robot_state_exists_in_warehouse__rosidl_typesupport_fastrtps_c.h\n'}
[1.434839] (moveit_msgs) StdoutLine: {'line': b'-- Up-to-date: /home/yadhu/ur3e/src/install/moveit_msgs/include/moveit_msgs/moveit_msgs/srv/detail/delete_robot_state_from_warehouse__rosidl_typesupport_fastrtps_c.h\n'}
[1.434866] (moveit_msgs) StdoutLine: {'line': b'-- Up-to-date: /home/yadhu/ur3e/src/install/moveit_msgs/include/moveit_msgs/moveit_msgs/srv/detail/get_cartesian_path__rosidl_typesupport_fastrtps_c.h\n'}
[1.434893] (moveit_msgs) StdoutLine: {'line': b'-- Up-to-date: /home/yadhu/ur3e/src/install/moveit_msgs/include/moveit_msgs/moveit_msgs/srv/detail/get_planner_params__rosidl_typesupport_fastrtps_c.h\n'}
[1.434919] (moveit_msgs) StdoutLine: {'line': b'-- Up-to-date: /home/yadhu/ur3e/src/install/moveit_msgs/include/moveit_msgs/moveit_msgs/srv/detail/apply_planning_scene__rosidl_typesupport_fastrtps_c.h\n'}
[1.434946] (moveit_msgs) StdoutLine: {'line': b'-- Up-to-date: /home/yadhu/ur3e/src/install/moveit_msgs/include/moveit_msgs/moveit_msgs/srv/detail/get_position_ik__rosidl_typesupport_fastrtps_c.h\n'}
[1.434972] (moveit_msgs) StdoutLine: {'line': b'-- Up-to-date: /home/yadhu/ur3e/src/install/moveit_msgs/include/moveit_msgs/moveit_msgs/srv/detail/change_control_dimensions__rosidl_typesupport_fastrtps_c.h\n'}
[1.434996] (moveit_msgs) StdoutLine: {'line': b'-- Up-to-date: /home/yadhu/ur3e/src/install/moveit_msgs/include/moveit_msgs/moveit_msgs/srv/detail/update_pointcloud_octomap__rosidl_typesupport_fastrtps_c.h\n'}
[1.435021] (moveit_msgs) StdoutLine: {'line': b'-- Up-to-date: /home/yadhu/ur3e/src/install/moveit_msgs/include/moveit_msgs/moveit_msgs/srv/detail/set_planner_params__rosidl_typesupport_fastrtps_c.h\n'}
[1.435047] (moveit_msgs) StdoutLine: {'line': b'-- Up-to-date: /home/yadhu/ur3e/src/install/moveit_msgs/include/moveit_msgs/moveit_msgs/srv/detail/change_drift_dimensions__rosidl_typesupport_fastrtps_c.h\n'}
[1.435070] (moveit_msgs) StdoutLine: {'line': b'-- Up-to-date: /home/yadhu/ur3e/src/install/moveit_msgs/lib/libmoveit_msgs__rosidl_typesupport_fastrtps_c.so\n'}
[1.435094] (moveit_msgs) StdoutLine: {'line': b'-- Up-to-date: /home/yadhu/ur3e/src/install/moveit_msgs/include/moveit_msgs/moveit_msgs\n'}
[1.435120] (moveit_msgs) StdoutLine: {'line': b'-- Up-to-date: /home/yadhu/ur3e/src/install/moveit_msgs/include/moveit_msgs/moveit_msgs/action\n'}
[1.435143] (moveit_msgs) StdoutLine: {'line': b'-- Up-to-date: /home/yadhu/ur3e/src/install/moveit_msgs/include/moveit_msgs/moveit_msgs/action/detail\n'}
[1.435168] (moveit_msgs) StdoutLine: {'line': b'-- Up-to-date: /home/yadhu/ur3e/src/install/moveit_msgs/include/moveit_msgs/moveit_msgs/action/detail/hybrid_planner__rosidl_typesupport_introspection_c.h\n'}
[1.435193] (moveit_msgs) StdoutLine: {'line': b'-- Up-to-date: /home/yadhu/ur3e/src/install/moveit_msgs/include/moveit_msgs/moveit_msgs/action/detail/pickup__rosidl_typesupport_introspection_c.h\n'}
[1.435219] (moveit_msgs) StdoutLine: {'line': b'-- Up-to-date: /home/yadhu/ur3e/src/install/moveit_msgs/include/moveit_msgs/moveit_msgs/action/detail/local_planner__rosidl_typesupport_introspection_c.h\n'}
[1.435243] (moveit_msgs) StdoutLine: {'line': b'-- Up-to-date: /home/yadhu/ur3e/src/install/moveit_msgs/include/moveit_msgs/moveit_msgs/action/detail/place__rosidl_typesupport_introspection_c.h\n'}
[1.435266] (moveit_msgs) StdoutLine: {'line': b'-- Up-to-date: /home/yadhu/ur3e/src/install/moveit_msgs/include/moveit_msgs/moveit_msgs/action/detail/execute_trajectory__rosidl_typesupport_introspection_c.h\n'}
[1.435299] (moveit_msgs) StdoutLine: {'line': b'-- Up-to-date: /home/yadhu/ur3e/src/install/moveit_msgs/include/moveit_msgs/moveit_msgs/action/detail/place__type_support.c\n'}
[1.435328] (moveit_msgs) StdoutLine: {'line': b'-- Up-to-date: /home/yadhu/ur3e/src/install/moveit_msgs/include/moveit_msgs/moveit_msgs/action/detail/global_planner__rosidl_typesupport_introspection_c.h\n'}
[1.435355] (moveit_msgs) StdoutLine: {'line': b'-- Up-to-date: /home/yadhu/ur3e/src/install/moveit_msgs/include/moveit_msgs/moveit_msgs/action/detail/local_planner__type_support.c\n'}
[1.435380] (moveit_msgs) StdoutLine: {'line': b'-- Up-to-date: /home/yadhu/ur3e/src/install/moveit_msgs/include/moveit_msgs/moveit_msgs/action/detail/hybrid_planner__type_support.c\n'}
[1.435404] (moveit_msgs) StdoutLine: {'line': b'-- Up-to-date: /home/yadhu/ur3e/src/install/moveit_msgs/include/moveit_msgs/moveit_msgs/action/detail/move_group_sequence__rosidl_typesupport_introspection_c.h\n'}
[1.435430] (moveit_msgs) StdoutLine: {'line': b'-- Up-to-date: /home/yadhu/ur3e/src/install/moveit_msgs/include/moveit_msgs/moveit_msgs/action/detail/pickup__type_support.c\n'}
[1.435454] (moveit_msgs) StdoutLine: {'line': b'-- Up-to-date: /home/yadhu/ur3e/src/install/moveit_msgs/include/moveit_msgs/moveit_msgs/action/detail/move_group__rosidl_typesupport_introspection_c.h\n'}
[1.435479] (moveit_msgs) StdoutLine: {'line': b'-- Up-to-date: /home/yadhu/ur3e/src/install/moveit_msgs/include/moveit_msgs/moveit_msgs/action/detail/move_group_sequence__type_support.c\n'}
[1.435503] (moveit_msgs) StdoutLine: {'line': b'-- Up-to-date: /home/yadhu/ur3e/src/install/moveit_msgs/include/moveit_msgs/moveit_msgs/action/detail/move_group__type_support.c\n'}
[1.435529] (moveit_msgs) StdoutLine: {'line': b'-- Up-to-date: /home/yadhu/ur3e/src/install/moveit_msgs/include/moveit_msgs/moveit_msgs/action/detail/global_planner__type_support.c\n'}
[1.435553] (moveit_msgs) StdoutLine: {'line': b'-- Up-to-date: /home/yadhu/ur3e/src/install/moveit_msgs/include/moveit_msgs/moveit_msgs/action/detail/execute_trajectory__type_support.c\n'}
[1.435577] (moveit_msgs) StdoutLine: {'line': b'-- Up-to-date: /home/yadhu/ur3e/src/install/moveit_msgs/include/moveit_msgs/moveit_msgs/msg\n'}
[1.435603] (moveit_msgs) StdoutLine: {'line': b'-- Up-to-date: /home/yadhu/ur3e/src/install/moveit_msgs/include/moveit_msgs/moveit_msgs/msg/detail\n'}
[1.435629] (moveit_msgs) StdoutLine: {'line': b'-- Up-to-date: /home/yadhu/ur3e/src/install/moveit_msgs/include/moveit_msgs/moveit_msgs/msg/detail/workspace_parameters__type_support.c\n'}
[1.435655] (moveit_msgs) StdoutLine: {'line': b'-- Up-to-date: /home/yadhu/ur3e/src/install/moveit_msgs/include/moveit_msgs/moveit_msgs/msg/detail/motion_plan_detailed_response__type_support.c\n'}
[1.435681] (moveit_msgs) StdoutLine: {'line': b'-- Up-to-date: /home/yadhu/ur3e/src/install/moveit_msgs/include/moveit_msgs/moveit_msgs/msg/detail/motion_plan_request__type_support.c\n'}
[1.435705] (moveit_msgs) StdoutLine: {'line': b'-- Up-to-date: /home/yadhu/ur3e/src/install/moveit_msgs/include/moveit_msgs/moveit_msgs/msg/detail/position_ik_request__type_support.c\n'}
[1.435728] (moveit_msgs) StdoutLine: {'line': b'-- Up-to-date: /home/yadhu/ur3e/src/install/moveit_msgs/include/moveit_msgs/moveit_msgs/msg/detail/motion_plan_response__type_support.c\n'}
[1.435753] (moveit_msgs) StdoutLine: {'line': b'-- Up-to-date: /home/yadhu/ur3e/src/install/moveit_msgs/include/moveit_msgs/moveit_msgs/msg/detail/cartesian_trajectory__rosidl_typesupport_introspection_c.h\n'}
[1.435777] (moveit_msgs) StdoutLine: {'line': b'-- Up-to-date: /home/yadhu/ur3e/src/install/moveit_msgs/include/moveit_msgs/moveit_msgs/msg/detail/contact_information__rosidl_typesupport_introspection_c.h\n'}
[1.435800] (moveit_msgs) StdoutLine: {'line': b'-- Up-to-date: /home/yadhu/ur3e/src/install/moveit_msgs/include/moveit_msgs/moveit_msgs/msg/detail/trajectory_constraints__type_support.c\n'}
[1.435825] (moveit_msgs) StdoutLine: {'line': b'-- Up-to-date: /home/yadhu/ur3e/src/install/moveit_msgs/include/moveit_msgs/moveit_msgs/msg/detail/robot_trajectory__rosidl_typesupport_introspection_c.h\n'}
[1.435849] (moveit_msgs) StdoutLine: {'line': b'-- Up-to-date: /home/yadhu/ur3e/src/install/moveit_msgs/include/moveit_msgs/moveit_msgs/msg/detail/oriented_bounding_box__type_support.c\n'}
[1.435873] (moveit_msgs) StdoutLine: {'line': b'-- Up-to-date: /home/yadhu/ur3e/src/install/moveit_msgs/include/moveit_msgs/moveit_msgs/msg/detail/planning_options__rosidl_typesupport_introspection_c.h\n'}
[1.435895] (moveit_msgs) StdoutLine: {'line': b'-- Up-to-date: /home/yadhu/ur3e/src/install/moveit_msgs/include/moveit_msgs/moveit_msgs/msg/detail/visibility_constraint__rosidl_typesupport_introspection_c.h\n'}
[1.435920] (moveit_msgs) StdoutLine: {'line': b'-- Up-to-date: /home/yadhu/ur3e/src/install/moveit_msgs/include/moveit_msgs/moveit_msgs/msg/detail/planning_scene__rosidl_typesupport_introspection_c.h\n'}
[1.435944] (moveit_msgs) StdoutLine: {'line': b'-- Up-to-date: /home/yadhu/ur3e/src/install/moveit_msgs/include/moveit_msgs/moveit_msgs/msg/detail/oriented_bounding_box__rosidl_typesupport_introspection_c.h\n'}
[1.435968] (moveit_msgs) StdoutLine: {'line': b'-- Up-to-date: /home/yadhu/ur3e/src/install/moveit_msgs/include/moveit_msgs/moveit_msgs/msg/detail/planning_scene_components__type_support.c\n'}
[1.435991] (moveit_msgs) StdoutLine: {'line': b'-- Up-to-date: /home/yadhu/ur3e/src/install/moveit_msgs/include/moveit_msgs/moveit_msgs/msg/detail/grasp__rosidl_typesupport_introspection_c.h\n'}
[1.436015] (moveit_msgs) StdoutLine: {'line': b'-- Up-to-date: /home/yadhu/ur3e/src/install/moveit_msgs/include/moveit_msgs/moveit_msgs/msg/detail/grasp__type_support.c\n'}
[1.436041] (moveit_msgs) StdoutLine: {'line': b'-- Up-to-date: /home/yadhu/ur3e/src/install/moveit_msgs/include/moveit_msgs/moveit_msgs/msg/detail/planning_options__type_support.c\n'}
[1.436065] (moveit_msgs) StdoutLine: {'line': b'-- Up-to-date: /home/yadhu/ur3e/src/install/moveit_msgs/include/moveit_msgs/moveit_msgs/msg/detail/motion_plan_detailed_response__rosidl_typesupport_introspection_c.h\n'}
[1.436088] (moveit_msgs) StdoutLine: {'line': b'-- Up-to-date: /home/yadhu/ur3e/src/install/moveit_msgs/include/moveit_msgs/moveit_msgs/msg/detail/link_padding__type_support.c\n'}
[1.436113] (moveit_msgs) StdoutLine: {'line': b'-- Up-to-date: /home/yadhu/ur3e/src/install/moveit_msgs/include/moveit_msgs/moveit_msgs/msg/detail/robot_state__type_support.c\n'}
[1.436137] (moveit_msgs) StdoutLine: {'line': b'-- Up-to-date: /home/yadhu/ur3e/src/install/moveit_msgs/include/moveit_msgs/moveit_msgs/msg/detail/cartesian_point__type_support.c\n'}
[1.436160] (moveit_msgs) StdoutLine: {'line': b'-- Up-to-date: /home/yadhu/ur3e/src/install/moveit_msgs/include/moveit_msgs/moveit_msgs/msg/detail/place_location__rosidl_typesupport_introspection_c.h\n'}
[1.436182] (moveit_msgs) StdoutLine: {'line': b'-- Up-to-date: /home/yadhu/ur3e/src/install/moveit_msgs/include/moveit_msgs/moveit_msgs/msg/detail/object_color__type_support.c\n'}
[1.436206] (moveit_msgs) StdoutLine: {'line': b'-- Up-to-date: /home/yadhu/ur3e/src/install/moveit_msgs/include/moveit_msgs/moveit_msgs/msg/detail/planner_params__type_support.c\n'}
[1.436231] (moveit_msgs) StdoutLine: {'line': b'-- Up-to-date: /home/yadhu/ur3e/src/install/moveit_msgs/include/moveit_msgs/moveit_msgs/msg/detail/allowed_collision_entry__rosidl_typesupport_introspection_c.h\n'}
[1.436254] (moveit_msgs) StdoutLine: {'line': b'-- Up-to-date: /home/yadhu/ur3e/src/install/moveit_msgs/include/moveit_msgs/moveit_msgs/msg/detail/gripper_translation__rosidl_typesupport_introspection_c.h\n'}
[1.436278] (moveit_msgs) StdoutLine: {'line': b'-- Up-to-date: /home/yadhu/ur3e/src/install/moveit_msgs/include/moveit_msgs/moveit_msgs/msg/detail/allowed_collision_entry__type_support.c\n'}
[1.436309] (moveit_msgs) StdoutLine: {'line': b'-- Up-to-date: /home/yadhu/ur3e/src/install/moveit_msgs/include/moveit_msgs/moveit_msgs/msg/detail/planning_scene_world__rosidl_typesupport_introspection_c.h\n'}
[1.436334] (moveit_msgs) StdoutLine: {'line': b'-- Up-to-date: /home/yadhu/ur3e/src/install/moveit_msgs/include/moveit_msgs/moveit_msgs/msg/detail/move_it_error_codes__type_support.c\n'}
[1.436360] (moveit_msgs) StdoutLine: {'line': b'-- Up-to-date: /home/yadhu/ur3e/src/install/moveit_msgs/include/moveit_msgs/moveit_msgs/msg/detail/bounding_volume__rosidl_typesupport_introspection_c.h\n'}
[1.436383] (moveit_msgs) StdoutLine: {'line': b'-- Up-to-date: /home/yadhu/ur3e/src/install/moveit_msgs/include/moveit_msgs/moveit_msgs/msg/detail/link_scale__type_support.c\n'}
[1.436407] (moveit_msgs) StdoutLine: {'line': b'-- Up-to-date: /home/yadhu/ur3e/src/install/moveit_msgs/include/moveit_msgs/moveit_msgs/msg/detail/constraints__rosidl_typesupport_introspection_c.h\n'}
[1.436430] (moveit_msgs) StdoutLine: {'line': b'-- Up-to-date: /home/yadhu/ur3e/src/install/moveit_msgs/include/moveit_msgs/moveit_msgs/msg/detail/move_it_error_codes__rosidl_typesupport_introspection_c.h\n'}
[1.436453] (moveit_msgs) StdoutLine: {'line': b'-- Up-to-date: /home/yadhu/ur3e/src/install/moveit_msgs/include/moveit_msgs/moveit_msgs/msg/detail/cost_source__rosidl_typesupport_introspection_c.h\n'}
[1.436478] (moveit_msgs) StdoutLine: {'line': b'-- Up-to-date: /home/yadhu/ur3e/src/install/moveit_msgs/include/moveit_msgs/moveit_msgs/msg/detail/display_robot_state__rosidl_typesupport_introspection_c.h\n'}
[1.436501] (moveit_msgs) StdoutLine: {'line': b'-- Up-to-date: /home/yadhu/ur3e/src/install/moveit_msgs/include/moveit_msgs/moveit_msgs/msg/detail/gripper_translation__type_support.c\n'}
[1.436526] (moveit_msgs) StdoutLine: {'line': b'-- Up-to-date: /home/yadhu/ur3e/src/install/moveit_msgs/include/moveit_msgs/moveit_msgs/msg/detail/motion_sequence_request__type_support.c\n'}
[1.436550] (moveit_msgs) StdoutLine: {'line': b'-- Up-to-date: /home/yadhu/ur3e/src/install/moveit_msgs/include/moveit_msgs/moveit_msgs/msg/detail/planner_interface_description__type_support.c\n'}
[1.436573] (moveit_msgs) StdoutLine: {'line': b'-- Up-to-date: /home/yadhu/ur3e/src/install/moveit_msgs/include/moveit_msgs/moveit_msgs/msg/detail/orientation_constraint__rosidl_typesupport_introspection_c.h\n'}
[1.436596] (moveit_msgs) StdoutLine: {'line': b'-- Up-to-date: /home/yadhu/ur3e/src/install/moveit_msgs/include/moveit_msgs/moveit_msgs/msg/detail/motion_sequence_item__type_support.c\n'}
[1.436621] (moveit_msgs) StdoutLine: {'line': b'-- Up-to-date: /home/yadhu/ur3e/src/install/moveit_msgs/include/moveit_msgs/moveit_msgs/msg/detail/constraints__type_support.c\n'}
[1.436643] (moveit_msgs) StdoutLine: {'line': b'-- Up-to-date: /home/yadhu/ur3e/src/install/moveit_msgs/include/moveit_msgs/moveit_msgs/msg/detail/cartesian_trajectory__type_support.c\n'}
[1.436666] (moveit_msgs) StdoutLine: {'line': b'-- Up-to-date: /home/yadhu/ur3e/src/install/moveit_msgs/include/moveit_msgs/moveit_msgs/msg/detail/position_constraint__rosidl_typesupport_introspection_c.h\n'}
[1.436689] (moveit_msgs) StdoutLine: {'line': b'-- Up-to-date: /home/yadhu/ur3e/src/install/moveit_msgs/include/moveit_msgs/moveit_msgs/msg/detail/link_scale__rosidl_typesupport_introspection_c.h\n'}
[1.436715] (moveit_msgs) StdoutLine: {'line': b'-- Up-to-date: /home/yadhu/ur3e/src/install/moveit_msgs/include/moveit_msgs/moveit_msgs/msg/detail/robot_state__rosidl_typesupport_introspection_c.h\n'}
[1.436738] (moveit_msgs) StdoutLine: {'line': b'-- Up-to-date: /home/yadhu/ur3e/src/install/moveit_msgs/include/moveit_msgs/moveit_msgs/msg/detail/trajectory_constraints__rosidl_typesupport_introspection_c.h\n'}
[1.436761] (moveit_msgs) StdoutLine: {'line': b'-- Up-to-date: /home/yadhu/ur3e/src/install/moveit_msgs/include/moveit_msgs/moveit_msgs/msg/detail/orientation_constraint__type_support.c\n'}
[1.436785] (moveit_msgs) StdoutLine: {'line': b'-- Up-to-date: /home/yadhu/ur3e/src/install/moveit_msgs/include/moveit_msgs/moveit_msgs/msg/detail/cartesian_trajectory_point__type_support.c\n'}
[1.436808] (moveit_msgs) StdoutLine: {'line': b'-- Up-to-date: /home/yadhu/ur3e/src/install/moveit_msgs/include/moveit_msgs/moveit_msgs/msg/detail/robot_trajectory__type_support.c\n'}
[1.436831] (moveit_msgs) StdoutLine: {'line': b'-- Up-to-date: /home/yadhu/ur3e/src/install/moveit_msgs/include/moveit_msgs/moveit_msgs/msg/detail/allowed_collision_matrix__rosidl_typesupport_introspection_c.h\n'}
[1.436854] (moveit_msgs) StdoutLine: {'line': b'-- Up-to-date: /home/yadhu/ur3e/src/install/moveit_msgs/include/moveit_msgs/moveit_msgs/msg/detail/constraint_eval_result__rosidl_typesupport_introspection_c.h\n'}
[1.436878] (moveit_msgs) StdoutLine: {'line': b'-- Up-to-date: /home/yadhu/ur3e/src/install/moveit_msgs/include/moveit_msgs/moveit_msgs/msg/detail/joint_limits__type_support.c\n'}
[1.436902] (moveit_msgs) StdoutLine: {'line': b'-- Up-to-date: /home/yadhu/ur3e/src/install/moveit_msgs/include/moveit_msgs/moveit_msgs/msg/detail/position_ik_request__rosidl_typesupport_introspection_c.h\n'}
[1.436926] (moveit_msgs) StdoutLine: {'line': b'-- Up-to-date: /home/yadhu/ur3e/src/install/moveit_msgs/include/moveit_msgs/moveit_msgs/msg/detail/cartesian_point__rosidl_typesupport_introspection_c.h\n'}
[1.436950] (moveit_msgs) StdoutLine: {'line': b'-- Up-to-date: /home/yadhu/ur3e/src/install/moveit_msgs/include/moveit_msgs/moveit_msgs/msg/detail/motion_sequence_response__type_support.c\n'}
[1.436973] (moveit_msgs) StdoutLine: {'line': b'-- Up-to-date: /home/yadhu/ur3e/src/install/moveit_msgs/include/moveit_msgs/moveit_msgs/msg/detail/display_robot_state__type_support.c\n'}
[1.436995] (moveit_msgs) StdoutLine: {'line': b'-- Up-to-date: /home/yadhu/ur3e/src/install/moveit_msgs/include/moveit_msgs/moveit_msgs/msg/detail/planning_scene_components__rosidl_typesupport_introspection_c.h\n'}
[1.437019] (moveit_msgs) StdoutLine: {'line': b'-- Up-to-date: /home/yadhu/ur3e/src/install/moveit_msgs/include/moveit_msgs/moveit_msgs/msg/detail/bounding_volume__type_support.c\n'}
[1.437042] (moveit_msgs) StdoutLine: {'line': b'-- Up-to-date: /home/yadhu/ur3e/src/install/moveit_msgs/include/moveit_msgs/moveit_msgs/msg/detail/planner_interface_description__rosidl_typesupport_introspection_c.h\n'}
[1.437066] (moveit_msgs) StdoutLine: {'line': b'-- Up-to-date: /home/yadhu/ur3e/src/install/moveit_msgs/include/moveit_msgs/moveit_msgs/msg/detail/motion_sequence_request__rosidl_typesupport_introspection_c.h\n'}
[1.437091] (moveit_msgs) StdoutLine: {'line': b'-- Up-to-date: /home/yadhu/ur3e/src/install/moveit_msgs/include/moveit_msgs/moveit_msgs/msg/detail/display_trajectory__rosidl_typesupport_introspection_c.h\n'}
[1.437115] (moveit_msgs) StdoutLine: {'line': b'-- Up-to-date: /home/yadhu/ur3e/src/install/moveit_msgs/include/moveit_msgs/moveit_msgs/msg/detail/display_trajectory__type_support.c\n'}
[1.437138] (moveit_msgs) StdoutLine: {'line': b'-- Up-to-date: /home/yadhu/ur3e/src/install/moveit_msgs/include/moveit_msgs/moveit_msgs/msg/detail/link_padding__rosidl_typesupport_introspection_c.h\n'}
[1.437161] (moveit_msgs) StdoutLine: {'line': b'-- Up-to-date: /home/yadhu/ur3e/src/install/moveit_msgs/include/moveit_msgs/moveit_msgs/msg/detail/motion_plan_response__rosidl_typesupport_introspection_c.h\n'}
[1.437185] (moveit_msgs) StdoutLine: {'line': b'-- Up-to-date: /home/yadhu/ur3e/src/install/moveit_msgs/include/moveit_msgs/moveit_msgs/msg/detail/motion_sequence_item__rosidl_typesupport_introspection_c.h\n'}
[1.437207] (moveit_msgs) StdoutLine: {'line': b'-- Up-to-date: /home/yadhu/ur3e/src/install/moveit_msgs/include/moveit_msgs/moveit_msgs/msg/detail/planning_scene_world__type_support.c\n'}
[1.437230] (moveit_msgs) StdoutLine: {'line': b'-- Up-to-date: /home/yadhu/ur3e/src/install/moveit_msgs/include/moveit_msgs/moveit_msgs/msg/detail/contact_information__type_support.c\n'}
[1.437253] (moveit_msgs) StdoutLine: {'line': b'-- Up-to-date: /home/yadhu/ur3e/src/install/moveit_msgs/include/moveit_msgs/moveit_msgs/msg/detail/object_color__rosidl_typesupport_introspection_c.h\n'}
[1.437277] (moveit_msgs) StdoutLine: {'line': b'-- Up-to-date: /home/yadhu/ur3e/src/install/moveit_msgs/include/moveit_msgs/moveit_msgs/msg/detail/collision_object__rosidl_typesupport_introspection_c.h\n'}
[1.437309] (moveit_msgs) StdoutLine: {'line': b'-- Up-to-date: /home/yadhu/ur3e/src/install/moveit_msgs/include/moveit_msgs/moveit_msgs/msg/detail/visibility_constraint__type_support.c\n'}
[1.437333] (moveit_msgs) StdoutLine: {'line': b'-- Up-to-date: /home/yadhu/ur3e/src/install/moveit_msgs/include/moveit_msgs/moveit_msgs/msg/detail/attached_collision_object__rosidl_typesupport_introspection_c.h\n'}
[1.437357] (moveit_msgs) StdoutLine: {'line': b'-- Up-to-date: /home/yadhu/ur3e/src/install/moveit_msgs/include/moveit_msgs/moveit_msgs/msg/detail/workspace_parameters__rosidl_typesupport_introspection_c.h\n'}
[1.437384] (moveit_msgs) StdoutLine: {'line': b'-- Up-to-date: /home/yadhu/ur3e/src/install/moveit_msgs/include/moveit_msgs/moveit_msgs/msg/detail/cost_source__type_support.c\n'}
[1.437408] (moveit_msgs) StdoutLine: {'line': b'-- Up-to-date: /home/yadhu/ur3e/src/install/moveit_msgs/include/moveit_msgs/moveit_msgs/msg/detail/motion_plan_request__rosidl_typesupport_introspection_c.h\n'}
[1.437432] (moveit_msgs) StdoutLine: {'line': b'-- Up-to-date: /home/yadhu/ur3e/src/install/moveit_msgs/include/moveit_msgs/moveit_msgs/msg/detail/generic_trajectory__rosidl_typesupport_introspection_c.h\n'}
[1.437456] (moveit_msgs) StdoutLine: {'line': b'-- Up-to-date: /home/yadhu/ur3e/src/install/moveit_msgs/include/moveit_msgs/moveit_msgs/msg/detail/motion_sequence_response__rosidl_typesupport_introspection_c.h\n'}
[1.437480] (moveit_msgs) StdoutLine: {'line': b'-- Up-to-date: /home/yadhu/ur3e/src/install/moveit_msgs/include/moveit_msgs/moveit_msgs/msg/detail/joint_constraint__rosidl_typesupport_introspection_c.h\n'}
[1.437504] (moveit_msgs) StdoutLine: {'line': b'-- Up-to-date: /home/yadhu/ur3e/src/install/moveit_msgs/include/moveit_msgs/moveit_msgs/msg/detail/kinematic_solver_info__rosidl_typesupport_introspection_c.h\n'}
[1.437528] (moveit_msgs) StdoutLine: {'line': b'-- Up-to-date: /home/yadhu/ur3e/src/install/moveit_msgs/include/moveit_msgs/moveit_msgs/msg/detail/kinematic_solver_info__type_support.c\n'}
[1.437551] (moveit_msgs) StdoutLine: {'line': b'-- Up-to-date: /home/yadhu/ur3e/src/install/moveit_msgs/include/moveit_msgs/moveit_msgs/msg/detail/position_constraint__type_support.c\n'}
[1.437574] (moveit_msgs) StdoutLine: {'line': b'-- Up-to-date: /home/yadhu/ur3e/src/install/moveit_msgs/include/moveit_msgs/moveit_msgs/msg/detail/generic_trajectory__type_support.c\n'}
[1.437598] (moveit_msgs) StdoutLine: {'line': b'-- Up-to-date: /home/yadhu/ur3e/src/install/moveit_msgs/include/moveit_msgs/moveit_msgs/msg/detail/collision_object__type_support.c\n'}
[1.437621] (moveit_msgs) StdoutLine: {'line': b'-- Up-to-date: /home/yadhu/ur3e/src/install/moveit_msgs/include/moveit_msgs/moveit_msgs/msg/detail/allowed_collision_matrix__type_support.c\n'}
[1.437645] (moveit_msgs) StdoutLine: {'line': b'-- Up-to-date: /home/yadhu/ur3e/src/install/moveit_msgs/include/moveit_msgs/moveit_msgs/msg/detail/planning_scene__type_support.c\n'}
[1.437667] (moveit_msgs) StdoutLine: {'line': b'-- Up-to-date: /home/yadhu/ur3e/src/install/moveit_msgs/include/moveit_msgs/moveit_msgs/msg/detail/constraint_eval_result__type_support.c\n'}
[1.437691] (moveit_msgs) StdoutLine: {'line': b'-- Up-to-date: /home/yadhu/ur3e/src/install/moveit_msgs/include/moveit_msgs/moveit_msgs/msg/detail/attached_collision_object__type_support.c\n'}
[1.437714] (moveit_msgs) StdoutLine: {'line': b'-- Up-to-date: /home/yadhu/ur3e/src/install/moveit_msgs/include/moveit_msgs/moveit_msgs/msg/detail/cartesian_trajectory_point__rosidl_typesupport_introspection_c.h\n'}
[1.437738] (moveit_msgs) StdoutLine: {'line': b'-- Up-to-date: /home/yadhu/ur3e/src/install/moveit_msgs/include/moveit_msgs/moveit_msgs/msg/detail/place_location__type_support.c\n'}
[1.437761] (moveit_msgs) StdoutLine: {'line': b'-- Up-to-date: /home/yadhu/ur3e/src/install/moveit_msgs/include/moveit_msgs/moveit_msgs/msg/detail/joint_constraint__type_support.c\n'}
[1.437783] (moveit_msgs) StdoutLine: {'line': b'-- Up-to-date: /home/yadhu/ur3e/src/install/moveit_msgs/include/moveit_msgs/moveit_msgs/msg/detail/joint_limits__rosidl_typesupport_introspection_c.h\n'}
[1.437806] (moveit_msgs) StdoutLine: {'line': b'-- Up-to-date: /home/yadhu/ur3e/src/install/moveit_msgs/include/moveit_msgs/moveit_msgs/msg/detail/planner_params__rosidl_typesupport_introspection_c.h\n'}
[1.437830] (moveit_msgs) StdoutLine: {'line': b'-- Up-to-date: /home/yadhu/ur3e/src/install/moveit_msgs/include/moveit_msgs/moveit_msgs/msg/rosidl_typesupport_introspection_c__visibility_control.h\n'}
[1.437853] (moveit_msgs) StdoutLine: {'line': b'-- Up-to-date: /home/yadhu/ur3e/src/install/moveit_msgs/include/moveit_msgs/moveit_msgs/srv\n'}
[1.437877] (moveit_msgs) StdoutLine: {'line': b'-- Up-to-date: /home/yadhu/ur3e/src/install/moveit_msgs/include/moveit_msgs/moveit_msgs/srv/detail\n'}
[1.437900] (moveit_msgs) StdoutLine: {'line': b'-- Up-to-date: /home/yadhu/ur3e/src/install/moveit_msgs/include/moveit_msgs/moveit_msgs/srv/detail/check_if_robot_state_exists_in_warehouse__type_support.c\n'}
[1.437924] (moveit_msgs) StdoutLine: {'line': b'-- Up-to-date: /home/yadhu/ur3e/src/install/moveit_msgs/include/moveit_msgs/moveit_msgs/srv/detail/get_planning_scene__type_support.c\n'}
[1.437947] (moveit_msgs) StdoutLine: {'line': b'-- Up-to-date: /home/yadhu/ur3e/src/install/moveit_msgs/include/moveit_msgs/moveit_msgs/srv/detail/query_planner_interfaces__type_support.c\n'}
[1.437970] (moveit_msgs) StdoutLine: {'line': b'-- Up-to-date: /home/yadhu/ur3e/src/install/moveit_msgs/include/moveit_msgs/moveit_msgs/srv/detail/set_planner_params__type_support.c\n'}
[1.437992] (moveit_msgs) StdoutLine: {'line': b'-- Up-to-date: /home/yadhu/ur3e/src/install/moveit_msgs/include/moveit_msgs/moveit_msgs/srv/detail/load_map__type_support.c\n'}
[1.438015] (moveit_msgs) StdoutLine: {'line': b'-- Up-to-date: /home/yadhu/ur3e/src/install/moveit_msgs/include/moveit_msgs/moveit_msgs/srv/detail/change_drift_dimensions__rosidl_typesupport_introspection_c.h\n'}
[1.438037] (moveit_msgs) StdoutLine: {'line': b'-- Up-to-date: /home/yadhu/ur3e/src/install/moveit_msgs/include/moveit_msgs/moveit_msgs/srv/detail/get_planner_params__type_support.c\n'}
[1.438062] (moveit_msgs) StdoutLine: {'line': b'-- Up-to-date: /home/yadhu/ur3e/src/install/moveit_msgs/include/moveit_msgs/moveit_msgs/srv/detail/get_planner_params__rosidl_typesupport_introspection_c.h\n'}
[1.438085] (moveit_msgs) StdoutLine: {'line': b'-- Up-to-date: /home/yadhu/ur3e/src/install/moveit_msgs/include/moveit_msgs/moveit_msgs/srv/detail/grasp_planning__type_support.c\n'}
[1.438109] (moveit_msgs) StdoutLine: {'line': b'-- Up-to-date: /home/yadhu/ur3e/src/install/moveit_msgs/include/moveit_msgs/moveit_msgs/srv/detail/get_motion_sequence__rosidl_typesupport_introspection_c.h\n'}
[1.438132] (moveit_msgs) StdoutLine: {'line': b'-- Up-to-date: /home/yadhu/ur3e/src/install/moveit_msgs/include/moveit_msgs/moveit_msgs/srv/detail/save_map__rosidl_typesupport_introspection_c.h\n'}
[1.438155] (moveit_msgs) StdoutLine: {'line': b'-- Up-to-date: /home/yadhu/ur3e/src/install/moveit_msgs/include/moveit_msgs/moveit_msgs/srv/detail/list_robot_states_in_warehouse__rosidl_typesupport_introspection_c.h\n'}
[1.438179] (moveit_msgs) StdoutLine: {'line': b'-- Up-to-date: /home/yadhu/ur3e/src/install/moveit_msgs/include/moveit_msgs/moveit_msgs/srv/detail/get_position_ik__rosidl_typesupport_introspection_c.h\n'}
[1.438203] (moveit_msgs) StdoutLine: {'line': b'-- Up-to-date: /home/yadhu/ur3e/src/install/moveit_msgs/include/moveit_msgs/moveit_msgs/srv/detail/get_motion_plan__rosidl_typesupport_introspection_c.h\n'}
[1.438226] (moveit_msgs) StdoutLine: {'line': b'-- Up-to-date: /home/yadhu/ur3e/src/install/moveit_msgs/include/moveit_msgs/moveit_msgs/srv/detail/get_position_fk__rosidl_typesupport_introspection_c.h\n'}
[1.438248] (moveit_msgs) StdoutLine: {'line': b'-- Up-to-date: /home/yadhu/ur3e/src/install/moveit_msgs/include/moveit_msgs/moveit_msgs/srv/detail/get_motion_plan__type_support.c\n'}
[1.438270] (moveit_msgs) StdoutLine: {'line': b'-- Up-to-date: /home/yadhu/ur3e/src/install/moveit_msgs/include/moveit_msgs/moveit_msgs/srv/detail/list_robot_states_in_warehouse__type_support.c\n'}
[1.438298] (moveit_msgs) StdoutLine: {'line': b'-- Up-to-date: /home/yadhu/ur3e/src/install/moveit_msgs/include/moveit_msgs/moveit_msgs/srv/detail/load_map__rosidl_typesupport_introspection_c.h\n'}
[1.438323] (moveit_msgs) StdoutLine: {'line': b'-- Up-to-date: /home/yadhu/ur3e/src/install/moveit_msgs/include/moveit_msgs/moveit_msgs/srv/detail/get_cartesian_path__rosidl_typesupport_introspection_c.h\n'}
[1.438347] (moveit_msgs) StdoutLine: {'line': b'-- Up-to-date: /home/yadhu/ur3e/src/install/moveit_msgs/include/moveit_msgs/moveit_msgs/srv/detail/update_pointcloud_octomap__type_support.c\n'}
[1.438371] (moveit_msgs) StdoutLine: {'line': b'-- Up-to-date: /home/yadhu/ur3e/src/install/moveit_msgs/include/moveit_msgs/moveit_msgs/srv/detail/query_planner_interfaces__rosidl_typesupport_introspection_c.h\n'}
[1.438393] (moveit_msgs) StdoutLine: {'line': b'-- Up-to-date: /home/yadhu/ur3e/src/install/moveit_msgs/include/moveit_msgs/moveit_msgs/srv/detail/get_motion_sequence__type_support.c\n'}
[1.438416] (moveit_msgs) StdoutLine: {'line': b'-- Up-to-date: /home/yadhu/ur3e/src/install/moveit_msgs/include/moveit_msgs/moveit_msgs/srv/detail/rename_robot_state_in_warehouse__rosidl_typesupport_introspection_c.h\n'}
[1.438439] (moveit_msgs) StdoutLine: {'line': b'-- Up-to-date: /home/yadhu/ur3e/src/install/moveit_msgs/include/moveit_msgs/moveit_msgs/srv/detail/delete_robot_state_from_warehouse__rosidl_typesupport_introspection_c.h\n'}
[1.438462] (moveit_msgs) StdoutLine: {'line': b'-- Up-to-date: /home/yadhu/ur3e/src/install/moveit_msgs/include/moveit_msgs/moveit_msgs/srv/detail/delete_robot_state_from_warehouse__type_support.c\n'}
[1.438485] (moveit_msgs) StdoutLine: {'line': b'-- Up-to-date: /home/yadhu/ur3e/src/install/moveit_msgs/include/moveit_msgs/moveit_msgs/srv/detail/set_planner_params__rosidl_typesupport_introspection_c.h\n'}
[1.438509] (moveit_msgs) StdoutLine: {'line': b'-- Up-to-date: /home/yadhu/ur3e/src/install/moveit_msgs/include/moveit_msgs/moveit_msgs/srv/detail/update_pointcloud_octomap__rosidl_typesupport_introspection_c.h\n'}
[1.438532] (moveit_msgs) StdoutLine: {'line': b'-- Up-to-date: /home/yadhu/ur3e/src/install/moveit_msgs/include/moveit_msgs/moveit_msgs/srv/detail/save_map__type_support.c\n'}
[1.438555] (moveit_msgs) StdoutLine: {'line': b'-- Up-to-date: /home/yadhu/ur3e/src/install/moveit_msgs/include/moveit_msgs/moveit_msgs/srv/detail/get_state_validity__type_support.c\n'}
[1.438579] (moveit_msgs) StdoutLine: {'line': b'-- Up-to-date: /home/yadhu/ur3e/src/install/moveit_msgs/include/moveit_msgs/moveit_msgs/srv/detail/check_if_robot_state_exists_in_warehouse__rosidl_typesupport_introspection_c.h\n'}
[1.438602] (moveit_msgs) StdoutLine: {'line': b'-- Up-to-date: /home/yadhu/ur3e/src/install/moveit_msgs/include/moveit_msgs/moveit_msgs/srv/detail/get_cartesian_path__type_support.c\n'}
[1.438625] (moveit_msgs) StdoutLine: {'line': b'-- Up-to-date: /home/yadhu/ur3e/src/install/moveit_msgs/include/moveit_msgs/moveit_msgs/srv/detail/save_robot_state_to_warehouse__type_support.c\n'}
[1.438649] (moveit_msgs) StdoutLine: {'line': b'-- Up-to-date: /home/yadhu/ur3e/src/install/moveit_msgs/include/moveit_msgs/moveit_msgs/srv/detail/get_position_ik__type_support.c\n'}
[1.438672] (moveit_msgs) StdoutLine: {'line': b'-- Up-to-date: /home/yadhu/ur3e/src/install/moveit_msgs/include/moveit_msgs/moveit_msgs/srv/detail/apply_planning_scene__rosidl_typesupport_introspection_c.h\n'}
[1.438696] (moveit_msgs) StdoutLine: {'line': b'-- Up-to-date: /home/yadhu/ur3e/src/install/moveit_msgs/include/moveit_msgs/moveit_msgs/srv/detail/apply_planning_scene__type_support.c\n'}
[1.438719] (moveit_msgs) StdoutLine: {'line': b'-- Up-to-date: /home/yadhu/ur3e/src/install/moveit_msgs/include/moveit_msgs/moveit_msgs/srv/detail/get_planning_scene__rosidl_typesupport_introspection_c.h\n'}
[1.438741] (moveit_msgs) StdoutLine: {'line': b'-- Up-to-date: /home/yadhu/ur3e/src/install/moveit_msgs/include/moveit_msgs/moveit_msgs/srv/detail/change_drift_dimensions__type_support.c\n'}
[1.438764] (moveit_msgs) StdoutLine: {'line': b'-- Up-to-date: /home/yadhu/ur3e/src/install/moveit_msgs/include/moveit_msgs/moveit_msgs/srv/detail/get_robot_state_from_warehouse__type_support.c\n'}
[1.438786] (moveit_msgs) StdoutLine: {'line': b'-- Up-to-date: /home/yadhu/ur3e/src/install/moveit_msgs/include/moveit_msgs/moveit_msgs/srv/detail/get_state_validity__rosidl_typesupport_introspection_c.h\n'}
[1.438809] (moveit_msgs) StdoutLine: {'line': b'-- Up-to-date: /home/yadhu/ur3e/src/install/moveit_msgs/include/moveit_msgs/moveit_msgs/srv/detail/get_position_fk__type_support.c\n'}
[1.438832] (moveit_msgs) StdoutLine: {'line': b'-- Up-to-date: /home/yadhu/ur3e/src/install/moveit_msgs/include/moveit_msgs/moveit_msgs/srv/detail/grasp_planning__rosidl_typesupport_introspection_c.h\n'}
[1.438856] (moveit_msgs) StdoutLine: {'line': b'-- Up-to-date: /home/yadhu/ur3e/src/install/moveit_msgs/include/moveit_msgs/moveit_msgs/srv/detail/save_robot_state_to_warehouse__rosidl_typesupport_introspection_c.h\n'}
[1.438880] (moveit_msgs) StdoutLine: {'line': b'-- Up-to-date: /home/yadhu/ur3e/src/install/moveit_msgs/include/moveit_msgs/moveit_msgs/srv/detail/get_robot_state_from_warehouse__rosidl_typesupport_introspection_c.h\n'}
[1.438904] (moveit_msgs) StdoutLine: {'line': b'-- Up-to-date: /home/yadhu/ur3e/src/install/moveit_msgs/include/moveit_msgs/moveit_msgs/srv/detail/rename_robot_state_in_warehouse__type_support.c\n'}
[1.438927] (moveit_msgs) StdoutLine: {'line': b'-- Up-to-date: /home/yadhu/ur3e/src/install/moveit_msgs/include/moveit_msgs/moveit_msgs/srv/detail/change_control_dimensions__rosidl_typesupport_introspection_c.h\n'}
[1.438951] (moveit_msgs) StdoutLine: {'line': b'-- Up-to-date: /home/yadhu/ur3e/src/install/moveit_msgs/include/moveit_msgs/moveit_msgs/srv/detail/change_control_dimensions__type_support.c\n'}
[1.438975] (moveit_msgs) StdoutLine: {'line': b'-- Up-to-date: /home/yadhu/ur3e/src/install/moveit_msgs/lib/libmoveit_msgs__rosidl_typesupport_introspection_c.so\n'}
[1.438998] (moveit_msgs) StdoutLine: {'line': b'-- Up-to-date: /home/yadhu/ur3e/src/install/moveit_msgs/lib/libmoveit_msgs__rosidl_typesupport_c.so\n'}
[1.439023] (moveit_msgs) StdoutLine: {'line': b'-- Up-to-date: /home/yadhu/ur3e/src/install/moveit_msgs/include/moveit_msgs/moveit_msgs\n'}
[1.439048] (moveit_msgs) StdoutLine: {'line': b'-- Up-to-date: /home/yadhu/ur3e/src/install/moveit_msgs/include/moveit_msgs/moveit_msgs/action\n'}
[1.439073] (moveit_msgs) StdoutLine: {'line': b'-- Up-to-date: /home/yadhu/ur3e/src/install/moveit_msgs/include/moveit_msgs/moveit_msgs/action/local_planner.hpp\n'}
[1.439097] (moveit_msgs) StdoutLine: {'line': b'-- Up-to-date: /home/yadhu/ur3e/src/install/moveit_msgs/include/moveit_msgs/moveit_msgs/action/place.hpp\n'}
[1.439121] (moveit_msgs) StdoutLine: {'line': b'-- Up-to-date: /home/yadhu/ur3e/src/install/moveit_msgs/include/moveit_msgs/moveit_msgs/action/detail\n'}
[1.439145] (moveit_msgs) StdoutLine: {'line': b'-- Up-to-date: /home/yadhu/ur3e/src/install/moveit_msgs/include/moveit_msgs/moveit_msgs/action/detail/local_planner__struct.hpp\n'}
[1.439169] (moveit_msgs) StdoutLine: {'line': b'-- Up-to-date: /home/yadhu/ur3e/src/install/moveit_msgs/include/moveit_msgs/moveit_msgs/action/detail/global_planner__builder.hpp\n'}
[1.439192] (moveit_msgs) StdoutLine: {'line': b'-- Up-to-date: /home/yadhu/ur3e/src/install/moveit_msgs/include/moveit_msgs/moveit_msgs/action/detail/place__struct.hpp\n'}
[1.439215] (moveit_msgs) StdoutLine: {'line': b'-- Up-to-date: /home/yadhu/ur3e/src/install/moveit_msgs/include/moveit_msgs/moveit_msgs/action/detail/global_planner__struct.hpp\n'}
[1.439239] (moveit_msgs) StdoutLine: {'line': b'-- Up-to-date: /home/yadhu/ur3e/src/install/moveit_msgs/include/moveit_msgs/moveit_msgs/action/detail/move_group__struct.hpp\n'}
[1.439262] (moveit_msgs) StdoutLine: {'line': b'-- Up-to-date: /home/yadhu/ur3e/src/install/moveit_msgs/include/moveit_msgs/moveit_msgs/action/detail/move_group__builder.hpp\n'}
[1.439286] (moveit_msgs) StdoutLine: {'line': b'-- Up-to-date: /home/yadhu/ur3e/src/install/moveit_msgs/include/moveit_msgs/moveit_msgs/action/detail/move_group_sequence__builder.hpp\n'}
[1.439316] (moveit_msgs) StdoutLine: {'line': b'-- Up-to-date: /home/yadhu/ur3e/src/install/moveit_msgs/include/moveit_msgs/moveit_msgs/action/detail/pickup__struct.hpp\n'}
[1.439339] (moveit_msgs) StdoutLine: {'line': b'-- Up-to-date: /home/yadhu/ur3e/src/install/moveit_msgs/include/moveit_msgs/moveit_msgs/action/detail/place__builder.hpp\n'}
[1.439362] (moveit_msgs) StdoutLine: {'line': b'-- Up-to-date: /home/yadhu/ur3e/src/install/moveit_msgs/include/moveit_msgs/moveit_msgs/action/detail/place__traits.hpp\n'}
[1.439386] (moveit_msgs) StdoutLine: {'line': b'-- Up-to-date: /home/yadhu/ur3e/src/install/moveit_msgs/include/moveit_msgs/moveit_msgs/action/detail/move_group_sequence__struct.hpp\n'}
[1.439410] (moveit_msgs) StdoutLine: {'line': b'-- Up-to-date: /home/yadhu/ur3e/src/install/moveit_msgs/include/moveit_msgs/moveit_msgs/action/detail/execute_trajectory__builder.hpp\n'}
[1.439433] (moveit_msgs) StdoutLine: {'line': b'-- Up-to-date: /home/yadhu/ur3e/src/install/moveit_msgs/include/moveit_msgs/moveit_msgs/action/detail/execute_trajectory__traits.hpp\n'}
[1.439460] (moveit_msgs) StdoutLine: {'line': b'-- Up-to-date: /home/yadhu/ur3e/src/install/moveit_msgs/include/moveit_msgs/moveit_msgs/action/detail/execute_trajectory__struct.hpp\n'}
[1.439484] (moveit_msgs) StdoutLine: {'line': b'-- Up-to-date: /home/yadhu/ur3e/src/install/moveit_msgs/include/moveit_msgs/moveit_msgs/action/detail/local_planner__builder.hpp\n'}
[1.439507] (moveit_msgs) StdoutLine: {'line': b'-- Up-to-date: /home/yadhu/ur3e/src/install/moveit_msgs/include/moveit_msgs/moveit_msgs/action/detail/local_planner__traits.hpp\n'}
[1.439531] (moveit_msgs) StdoutLine: {'line': b'-- Up-to-date: /home/yadhu/ur3e/src/install/moveit_msgs/include/moveit_msgs/moveit_msgs/action/detail/global_planner__traits.hpp\n'}
[1.439554] (moveit_msgs) StdoutLine: {'line': b'-- Up-to-date: /home/yadhu/ur3e/src/install/moveit_msgs/include/moveit_msgs/moveit_msgs/action/detail/pickup__builder.hpp\n'}
[1.439577] (moveit_msgs) StdoutLine: {'line': b'-- Up-to-date: /home/yadhu/ur3e/src/install/moveit_msgs/include/moveit_msgs/moveit_msgs/action/detail/pickup__traits.hpp\n'}
[1.439600] (moveit_msgs) StdoutLine: {'line': b'-- Up-to-date: /home/yadhu/ur3e/src/install/moveit_msgs/include/moveit_msgs/moveit_msgs/action/detail/hybrid_planner__traits.hpp\n'}
[1.439624] (moveit_msgs) StdoutLine: {'line': b'-- Up-to-date: /home/yadhu/ur3e/src/install/moveit_msgs/include/moveit_msgs/moveit_msgs/action/detail/hybrid_planner__builder.hpp\n'}
[1.439647] (moveit_msgs) StdoutLine: {'line': b'-- Up-to-date: /home/yadhu/ur3e/src/install/moveit_msgs/include/moveit_msgs/moveit_msgs/action/detail/move_group__traits.hpp\n'}
[1.439671] (moveit_msgs) StdoutLine: {'line': b'-- Up-to-date: /home/yadhu/ur3e/src/install/moveit_msgs/include/moveit_msgs/moveit_msgs/action/detail/move_group_sequence__traits.hpp\n'}
[1.439694] (moveit_msgs) StdoutLine: {'line': b'-- Up-to-date: /home/yadhu/ur3e/src/install/moveit_msgs/include/moveit_msgs/moveit_msgs/action/detail/hybrid_planner__struct.hpp\n'}
[1.439718] (moveit_msgs) StdoutLine: {'line': b'-- Up-to-date: /home/yadhu/ur3e/src/install/moveit_msgs/include/moveit_msgs/moveit_msgs/action/pickup.hpp\n'}
[1.439741] (moveit_msgs) StdoutLine: {'line': b'-- Up-to-date: /home/yadhu/ur3e/src/install/moveit_msgs/include/moveit_msgs/moveit_msgs/action/move_group_sequence.hpp\n'}
[1.439765] (moveit_msgs) StdoutLine: {'line': b'-- Up-to-date: /home/yadhu/ur3e/src/install/moveit_msgs/include/moveit_msgs/moveit_msgs/action/move_group.hpp\n'}
[1.439787] (moveit_msgs) StdoutLine: {'line': b'-- Up-to-date: /home/yadhu/ur3e/src/install/moveit_msgs/include/moveit_msgs/moveit_msgs/action/execute_trajectory.hpp\n'}
[1.439810] (moveit_msgs) StdoutLine: {'line': b'-- Up-to-date: /home/yadhu/ur3e/src/install/moveit_msgs/include/moveit_msgs/moveit_msgs/action/hybrid_planner.hpp\n'}
[1.439833] (moveit_msgs) StdoutLine: {'line': b'-- Up-to-date: /home/yadhu/ur3e/src/install/moveit_msgs/include/moveit_msgs/moveit_msgs/action/global_planner.hpp\n'}
[1.439856] (moveit_msgs) StdoutLine: {'line': b'-- Up-to-date: /home/yadhu/ur3e/src/install/moveit_msgs/include/moveit_msgs/moveit_msgs/msg\n'}
[1.439880] (moveit_msgs) StdoutLine: {'line': b'-- Up-to-date: /home/yadhu/ur3e/src/install/moveit_msgs/include/moveit_msgs/moveit_msgs/msg/planning_options.hpp\n'}
[1.439903] (moveit_msgs) StdoutLine: {'line': b'-- Up-to-date: /home/yadhu/ur3e/src/install/moveit_msgs/include/moveit_msgs/moveit_msgs/msg/collision_object.hpp\n'}
[1.439926] (moveit_msgs) StdoutLine: {'line': b'-- Up-to-date: /home/yadhu/ur3e/src/install/moveit_msgs/include/moveit_msgs/moveit_msgs/msg/motion_sequence_request.hpp\n'}
[1.439951] (moveit_msgs) StdoutLine: {'line': b'-- Up-to-date: /home/yadhu/ur3e/src/install/moveit_msgs/include/moveit_msgs/moveit_msgs/msg/attached_collision_object.hpp\n'}
[1.439974] (moveit_msgs) StdoutLine: {'line': b'-- Up-to-date: /home/yadhu/ur3e/src/install/moveit_msgs/include/moveit_msgs/moveit_msgs/msg/planning_scene_world.hpp\n'}
[1.439998] (moveit_msgs) StdoutLine: {'line': b'-- Up-to-date: /home/yadhu/ur3e/src/install/moveit_msgs/include/moveit_msgs/moveit_msgs/msg/object_color.hpp\n'}
[1.440021] (moveit_msgs) StdoutLine: {'line': b'-- Up-to-date: /home/yadhu/ur3e/src/install/moveit_msgs/include/moveit_msgs/moveit_msgs/msg/constraint_eval_result.hpp\n'}
[1.440044] (moveit_msgs) StdoutLine: {'line': b'-- Up-to-date: /home/yadhu/ur3e/src/install/moveit_msgs/include/moveit_msgs/moveit_msgs/msg/position_constraint.hpp\n'}
[1.440067] (moveit_msgs) StdoutLine: {'line': b'-- Up-to-date: /home/yadhu/ur3e/src/install/moveit_msgs/include/moveit_msgs/moveit_msgs/msg/joint_limits.hpp\n'}
[1.440091] (moveit_msgs) StdoutLine: {'line': b'-- Up-to-date: /home/yadhu/ur3e/src/install/moveit_msgs/include/moveit_msgs/moveit_msgs/msg/link_scale.hpp\n'}
[1.440114] (moveit_msgs) StdoutLine: {'line': b'-- Up-to-date: /home/yadhu/ur3e/src/install/moveit_msgs/include/moveit_msgs/moveit_msgs/msg/motion_sequence_item.hpp\n'}
[1.440137] (moveit_msgs) StdoutLine: {'line': b'-- Up-to-date: /home/yadhu/ur3e/src/install/moveit_msgs/include/moveit_msgs/moveit_msgs/msg/trajectory_constraints.hpp\n'}
[1.440159] (moveit_msgs) StdoutLine: {'line': b'-- Up-to-date: /home/yadhu/ur3e/src/install/moveit_msgs/include/moveit_msgs/moveit_msgs/msg/constraints.hpp\n'}
[1.440182] (moveit_msgs) StdoutLine: {'line': b'-- Up-to-date: /home/yadhu/ur3e/src/install/moveit_msgs/include/moveit_msgs/moveit_msgs/msg/cartesian_point.hpp\n'}
[1.440207] (moveit_msgs) StdoutLine: {'line': b'-- Up-to-date: /home/yadhu/ur3e/src/install/moveit_msgs/include/moveit_msgs/moveit_msgs/msg/generic_trajectory.hpp\n'}
[1.440230] (moveit_msgs) StdoutLine: {'line': b'-- Up-to-date: /home/yadhu/ur3e/src/install/moveit_msgs/include/moveit_msgs/moveit_msgs/msg/oriented_bounding_box.hpp\n'}
[1.440252] (moveit_msgs) StdoutLine: {'line': b'-- Up-to-date: /home/yadhu/ur3e/src/install/moveit_msgs/include/moveit_msgs/moveit_msgs/msg/planning_scene.hpp\n'}
[1.440278] (moveit_msgs) StdoutLine: {'line': b'-- Up-to-date: /home/yadhu/ur3e/src/install/moveit_msgs/include/moveit_msgs/moveit_msgs/msg/display_trajectory.hpp\n'}
[1.440308] (moveit_msgs) StdoutLine: {'line': b'-- Up-to-date: /home/yadhu/ur3e/src/install/moveit_msgs/include/moveit_msgs/moveit_msgs/msg/contact_information.hpp\n'}
[1.440333] (moveit_msgs) StdoutLine: {'line': b'-- Up-to-date: /home/yadhu/ur3e/src/install/moveit_msgs/include/moveit_msgs/moveit_msgs/msg/position_ik_request.hpp\n'}
[1.440356] (moveit_msgs) StdoutLine: {'line': b'-- Up-to-date: /home/yadhu/ur3e/src/install/moveit_msgs/include/moveit_msgs/moveit_msgs/msg/detail\n'}
[1.440379] (moveit_msgs) StdoutLine: {'line': b'-- Up-to-date: /home/yadhu/ur3e/src/install/moveit_msgs/include/moveit_msgs/moveit_msgs/msg/detail/robot_trajectory__struct.hpp\n'}
[1.440402] (moveit_msgs) StdoutLine: {'line': b'-- Up-to-date: /home/yadhu/ur3e/src/install/moveit_msgs/include/moveit_msgs/moveit_msgs/msg/detail/allowed_collision_entry__traits.hpp\n'}
[1.440425] (moveit_msgs) StdoutLine: {'line': b'-- Up-to-date: /home/yadhu/ur3e/src/install/moveit_msgs/include/moveit_msgs/moveit_msgs/msg/detail/cartesian_trajectory_point__traits.hpp\n'}
[1.440449] (moveit_msgs) StdoutLine: {'line': b'-- Up-to-date: /home/yadhu/ur3e/src/install/moveit_msgs/include/moveit_msgs/moveit_msgs/msg/detail/trajectory_constraints__traits.hpp\n'}
[1.440474] (moveit_msgs) StdoutLine: {'line': b'-- Up-to-date: /home/yadhu/ur3e/src/install/moveit_msgs/include/moveit_msgs/moveit_msgs/msg/detail/cartesian_trajectory__builder.hpp\n'}
[1.440497] (moveit_msgs) StdoutLine: {'line': b'-- Up-to-date: /home/yadhu/ur3e/src/install/moveit_msgs/include/moveit_msgs/moveit_msgs/msg/detail/cartesian_point__traits.hpp\n'}
[1.440520] (moveit_msgs) StdoutLine: {'line': b'-- Up-to-date: /home/yadhu/ur3e/src/install/moveit_msgs/include/moveit_msgs/moveit_msgs/msg/detail/joint_limits__struct.hpp\n'}
[1.440542] (moveit_msgs) StdoutLine: {'line': b'-- Up-to-date: /home/yadhu/ur3e/src/install/moveit_msgs/include/moveit_msgs/moveit_msgs/msg/detail/position_ik_request__traits.hpp\n'}
[1.440565] (moveit_msgs) StdoutLine: {'line': b'-- Up-to-date: /home/yadhu/ur3e/src/install/moveit_msgs/include/moveit_msgs/moveit_msgs/msg/detail/motion_plan_request__traits.hpp\n'}
[1.440588] (moveit_msgs) StdoutLine: {'line': b'-- Up-to-date: /home/yadhu/ur3e/src/install/moveit_msgs/include/moveit_msgs/moveit_msgs/msg/detail/motion_plan_response__struct.hpp\n'}
[1.440612] (moveit_msgs) StdoutLine: {'line': b'-- Up-to-date: /home/yadhu/ur3e/src/install/moveit_msgs/include/moveit_msgs/moveit_msgs/msg/detail/planning_scene_world__struct.hpp\n'}
[1.440634] (moveit_msgs) StdoutLine: {'line': b'-- Up-to-date: /home/yadhu/ur3e/src/install/moveit_msgs/include/moveit_msgs/moveit_msgs/msg/detail/grasp__builder.hpp\n'}
[1.440657] (moveit_msgs) StdoutLine: {'line': b'-- Up-to-date: /home/yadhu/ur3e/src/install/moveit_msgs/include/moveit_msgs/moveit_msgs/msg/detail/allowed_collision_matrix__struct.hpp\n'}
[1.440679] (moveit_msgs) StdoutLine: {'line': b'-- Up-to-date: /home/yadhu/ur3e/src/install/moveit_msgs/include/moveit_msgs/moveit_msgs/msg/detail/motion_sequence_request__traits.hpp\n'}
[1.440702] (moveit_msgs) StdoutLine: {'line': b'-- Up-to-date: /home/yadhu/ur3e/src/install/moveit_msgs/include/moveit_msgs/moveit_msgs/msg/detail/joint_limits__builder.hpp\n'}
[1.440724] (moveit_msgs) StdoutLine: {'line': b'-- Up-to-date: /home/yadhu/ur3e/src/install/moveit_msgs/include/moveit_msgs/moveit_msgs/msg/detail/position_ik_request__struct.hpp\n'}
[1.440748] (moveit_msgs) StdoutLine: {'line': b'-- Up-to-date: /home/yadhu/ur3e/src/install/moveit_msgs/include/moveit_msgs/moveit_msgs/msg/detail/contact_information__traits.hpp\n'}
[1.440771] (moveit_msgs) StdoutLine: {'line': b'-- Up-to-date: /home/yadhu/ur3e/src/install/moveit_msgs/include/moveit_msgs/moveit_msgs/msg/detail/object_color__traits.hpp\n'}
[1.440793] (moveit_msgs) StdoutLine: {'line': b'-- Up-to-date: /home/yadhu/ur3e/src/install/moveit_msgs/include/moveit_msgs/moveit_msgs/msg/detail/collision_object__struct.hpp\n'}
[1.440816] (moveit_msgs) StdoutLine: {'line': b'-- Up-to-date: /home/yadhu/ur3e/src/install/moveit_msgs/include/moveit_msgs/moveit_msgs/msg/detail/joint_constraint__builder.hpp\n'}
[1.440839] (moveit_msgs) StdoutLine: {'line': b'-- Up-to-date: /home/yadhu/ur3e/src/install/moveit_msgs/include/moveit_msgs/moveit_msgs/msg/detail/planner_params__builder.hpp\n'}
[1.440861] (moveit_msgs) StdoutLine: {'line': b'-- Up-to-date: /home/yadhu/ur3e/src/install/moveit_msgs/include/moveit_msgs/moveit_msgs/msg/detail/motion_sequence_request__struct.hpp\n'}
[1.440884] (moveit_msgs) StdoutLine: {'line': b'-- Up-to-date: /home/yadhu/ur3e/src/install/moveit_msgs/include/moveit_msgs/moveit_msgs/msg/detail/planning_scene__traits.hpp\n'}
[1.440906] (moveit_msgs) StdoutLine: {'line': b'-- Up-to-date: /home/yadhu/ur3e/src/install/moveit_msgs/include/moveit_msgs/moveit_msgs/msg/detail/display_trajectory__builder.hpp\n'}
[1.440929] (moveit_msgs) StdoutLine: {'line': b'-- Up-to-date: /home/yadhu/ur3e/src/install/moveit_msgs/include/moveit_msgs/moveit_msgs/msg/detail/link_scale__struct.hpp\n'}
[1.440951] (moveit_msgs) StdoutLine: {'line': b'-- Up-to-date: /home/yadhu/ur3e/src/install/moveit_msgs/include/moveit_msgs/moveit_msgs/msg/detail/robot_state__struct.hpp\n'}
[1.440973] (moveit_msgs) StdoutLine: {'line': b'-- Up-to-date: /home/yadhu/ur3e/src/install/moveit_msgs/include/moveit_msgs/moveit_msgs/msg/detail/motion_plan_detailed_response__traits.hpp\n'}
[1.440996] (moveit_msgs) StdoutLine: {'line': b'-- Up-to-date: /home/yadhu/ur3e/src/install/moveit_msgs/include/moveit_msgs/moveit_msgs/msg/detail/display_trajectory__traits.hpp\n'}
[1.441021] (moveit_msgs) StdoutLine: {'line': b'-- Up-to-date: /home/yadhu/ur3e/src/install/moveit_msgs/include/moveit_msgs/moveit_msgs/msg/detail/allowed_collision_entry__builder.hpp\n'}
[1.441045] (moveit_msgs) StdoutLine: {'line': b'-- Up-to-date: /home/yadhu/ur3e/src/install/moveit_msgs/include/moveit_msgs/moveit_msgs/msg/detail/joint_constraint__struct.hpp\n'}
[1.441067] (moveit_msgs) StdoutLine: {'line': b'-- Up-to-date: /home/yadhu/ur3e/src/install/moveit_msgs/include/moveit_msgs/moveit_msgs/msg/detail/oriented_bounding_box__traits.hpp\n'}
[1.441091] (moveit_msgs) StdoutLine: {'line': b'-- Up-to-date: /home/yadhu/ur3e/src/install/moveit_msgs/include/moveit_msgs/moveit_msgs/msg/detail/workspace_parameters__struct.hpp\n'}
[1.441113] (moveit_msgs) StdoutLine: {'line': b'-- Up-to-date: /home/yadhu/ur3e/src/install/moveit_msgs/include/moveit_msgs/moveit_msgs/msg/detail/position_constraint__traits.hpp\n'}
[1.441136] (moveit_msgs) StdoutLine: {'line': b'-- Up-to-date: /home/yadhu/ur3e/src/install/moveit_msgs/include/moveit_msgs/moveit_msgs/msg/detail/cost_source__traits.hpp\n'}
[1.441159] (moveit_msgs) StdoutLine: {'line': b'-- Up-to-date: /home/yadhu/ur3e/src/install/moveit_msgs/include/moveit_msgs/moveit_msgs/msg/detail/constraint_eval_result__struct.hpp\n'}
[1.441182] (moveit_msgs) StdoutLine: {'line': b'-- Up-to-date: /home/yadhu/ur3e/src/install/moveit_msgs/include/moveit_msgs/moveit_msgs/msg/detail/generic_trajectory__traits.hpp\n'}
[1.441204] (moveit_msgs) StdoutLine: {'line': b'-- Up-to-date: /home/yadhu/ur3e/src/install/moveit_msgs/include/moveit_msgs/moveit_msgs/msg/detail/cartesian_point__struct.hpp\n'}
[1.441226] (moveit_msgs) StdoutLine: {'line': b'-- Up-to-date: /home/yadhu/ur3e/src/install/moveit_msgs/include/moveit_msgs/moveit_msgs/msg/detail/motion_sequence_request__builder.hpp\n'}
[1.441250] (moveit_msgs) StdoutLine: {'line': b'-- Up-to-date: /home/yadhu/ur3e/src/install/moveit_msgs/include/moveit_msgs/moveit_msgs/msg/detail/cartesian_trajectory_point__builder.hpp\n'}
[1.441273] (moveit_msgs) StdoutLine: {'line': b'-- Up-to-date: /home/yadhu/ur3e/src/install/moveit_msgs/include/moveit_msgs/moveit_msgs/msg/detail/motion_plan_detailed_response__builder.hpp\n'}
[1.441304] (moveit_msgs) StdoutLine: {'line': b'-- Up-to-date: /home/yadhu/ur3e/src/install/moveit_msgs/include/moveit_msgs/moveit_msgs/msg/detail/cartesian_trajectory__traits.hpp\n'}
[1.441331] (moveit_msgs) StdoutLine: {'line': b'-- Up-to-date: /home/yadhu/ur3e/src/install/moveit_msgs/include/moveit_msgs/moveit_msgs/msg/detail/visibility_constraint__builder.hpp\n'}
[1.441358] (moveit_msgs) StdoutLine: {'line': b'-- Up-to-date: /home/yadhu/ur3e/src/install/moveit_msgs/include/moveit_msgs/moveit_msgs/msg/detail/generic_trajectory__struct.hpp\n'}
[1.441384] (moveit_msgs) StdoutLine: {'line': b'-- Up-to-date: /home/yadhu/ur3e/src/install/moveit_msgs/include/moveit_msgs/moveit_msgs/msg/detail/trajectory_constraints__struct.hpp\n'}
[1.441409] (moveit_msgs) StdoutLine: {'line': b'-- Up-to-date: /home/yadhu/ur3e/src/install/moveit_msgs/include/moveit_msgs/moveit_msgs/msg/detail/planning_scene_world__traits.hpp\n'}
[1.441433] (moveit_msgs) StdoutLine: {'line': b'-- Up-to-date: /home/yadhu/ur3e/src/install/moveit_msgs/include/moveit_msgs/moveit_msgs/msg/detail/gripper_translation__traits.hpp\n'}
[1.441457] (moveit_msgs) StdoutLine: {'line': b'-- Up-to-date: /home/yadhu/ur3e/src/install/moveit_msgs/include/moveit_msgs/moveit_msgs/msg/detail/constraints__struct.hpp\n'}
[1.441480] (moveit_msgs) StdoutLine: {'line': b'-- Up-to-date: /home/yadhu/ur3e/src/install/moveit_msgs/include/moveit_msgs/moveit_msgs/msg/detail/link_scale__builder.hpp\n'}
[1.441503] (moveit_msgs) StdoutLine: {'line': b'-- Up-to-date: /home/yadhu/ur3e/src/install/moveit_msgs/include/moveit_msgs/moveit_msgs/msg/detail/contact_information__builder.hpp\n'}
[1.441527] (moveit_msgs) StdoutLine: {'line': b'-- Up-to-date: /home/yadhu/ur3e/src/install/moveit_msgs/include/moveit_msgs/moveit_msgs/msg/detail/bounding_volume__struct.hpp\n'}
[1.441550] (moveit_msgs) StdoutLine: {'line': b'-- Up-to-date: /home/yadhu/ur3e/src/install/moveit_msgs/include/moveit_msgs/moveit_msgs/msg/detail/grasp__struct.hpp\n'}
[1.441573] (moveit_msgs) StdoutLine: {'line': b'-- Up-to-date: /home/yadhu/ur3e/src/install/moveit_msgs/include/moveit_msgs/moveit_msgs/msg/detail/kinematic_solver_info__struct.hpp\n'}
[1.441597] (moveit_msgs) StdoutLine: {'line': b'-- Up-to-date: /home/yadhu/ur3e/src/install/moveit_msgs/include/moveit_msgs/moveit_msgs/msg/detail/orientation_constraint__traits.hpp\n'}
[1.441622] (moveit_msgs) StdoutLine: {'line': b'-- Up-to-date: /home/yadhu/ur3e/src/install/moveit_msgs/include/moveit_msgs/moveit_msgs/msg/detail/attached_collision_object__traits.hpp\n'}
[1.441645] (moveit_msgs) StdoutLine: {'line': b'-- Up-to-date: /home/yadhu/ur3e/src/install/moveit_msgs/include/moveit_msgs/moveit_msgs/msg/detail/planner_interface_description__struct.hpp\n'}
[1.441669] (moveit_msgs) StdoutLine: {'line': b'-- Up-to-date: /home/yadhu/ur3e/src/install/moveit_msgs/include/moveit_msgs/moveit_msgs/msg/detail/robot_state__traits.hpp\n'}
[1.441692] (moveit_msgs) StdoutLine: {'line': b'-- Up-to-date: /home/yadhu/ur3e/src/install/moveit_msgs/include/moveit_msgs/moveit_msgs/msg/detail/allowed_collision_matrix__traits.hpp\n'}
[1.441715] (moveit_msgs) StdoutLine: {'line': b'-- Up-to-date: /home/yadhu/ur3e/src/install/moveit_msgs/include/moveit_msgs/moveit_msgs/msg/detail/constraints__traits.hpp\n'}
[1.441738] (moveit_msgs) StdoutLine: {'line': b'-- Up-to-date: /home/yadhu/ur3e/src/install/moveit_msgs/include/moveit_msgs/moveit_msgs/msg/detail/planning_options__struct.hpp\n'}
[1.441765] (moveit_msgs) StdoutLine: {'line': b'-- Up-to-date: /home/yadhu/ur3e/src/install/moveit_msgs/include/moveit_msgs/moveit_msgs/msg/detail/kinematic_solver_info__builder.hpp\n'}
[1.441788] (moveit_msgs) StdoutLine: {'line': b'-- Up-to-date: /home/yadhu/ur3e/src/install/moveit_msgs/include/moveit_msgs/moveit_msgs/msg/detail/motion_sequence_response__traits.hpp\n'}
[1.441815] (moveit_msgs) StdoutLine: {'line': b'-- Up-to-date: /home/yadhu/ur3e/src/install/moveit_msgs/include/moveit_msgs/moveit_msgs/msg/detail/place_location__traits.hpp\n'}
[1.441837] (moveit_msgs) StdoutLine: {'line': b'-- Up-to-date: /home/yadhu/ur3e/src/install/moveit_msgs/include/moveit_msgs/moveit_msgs/msg/detail/link_padding__traits.hpp\n'}
[1.441861] (moveit_msgs) StdoutLine: {'line': b'-- Up-to-date: /home/yadhu/ur3e/src/install/moveit_msgs/include/moveit_msgs/moveit_msgs/msg/detail/move_it_error_codes__struct.hpp\n'}
[1.441883] (moveit_msgs) StdoutLine: {'line': b'-- Up-to-date: /home/yadhu/ur3e/src/install/moveit_msgs/include/moveit_msgs/moveit_msgs/msg/detail/object_color__struct.hpp\n'}
[1.441906] (moveit_msgs) StdoutLine: {'line': b'-- Up-to-date: /home/yadhu/ur3e/src/install/moveit_msgs/include/moveit_msgs/moveit_msgs/msg/detail/cartesian_trajectory_point__struct.hpp\n'}
[1.441929] (moveit_msgs) StdoutLine: {'line': b'-- Up-to-date: /home/yadhu/ur3e/src/install/moveit_msgs/include/moveit_msgs/moveit_msgs/msg/detail/position_ik_request__builder.hpp\n'}
[1.441952] (moveit_msgs) StdoutLine: {'line': b'-- Up-to-date: /home/yadhu/ur3e/src/install/moveit_msgs/include/moveit_msgs/moveit_msgs/msg/detail/display_trajectory__struct.hpp\n'}
[1.441975] (moveit_msgs) StdoutLine: {'line': b'-- Up-to-date: /home/yadhu/ur3e/src/install/moveit_msgs/include/moveit_msgs/moveit_msgs/msg/detail/visibility_constraint__struct.hpp\n'}
[1.441997] (moveit_msgs) StdoutLine: {'line': b'-- Up-to-date: /home/yadhu/ur3e/src/install/moveit_msgs/include/moveit_msgs/moveit_msgs/msg/detail/move_it_error_codes__traits.hpp\n'}
[1.442020] (moveit_msgs) StdoutLine: {'line': b'-- Up-to-date: /home/yadhu/ur3e/src/install/moveit_msgs/include/moveit_msgs/moveit_msgs/msg/detail/motion_plan_response__traits.hpp\n'}
[1.442042] (moveit_msgs) StdoutLine: {'line': b'-- Up-to-date: /home/yadhu/ur3e/src/install/moveit_msgs/include/moveit_msgs/moveit_msgs/msg/detail/attached_collision_object__struct.hpp\n'}
[1.442065] (moveit_msgs) StdoutLine: {'line': b'-- Up-to-date: /home/yadhu/ur3e/src/install/moveit_msgs/include/moveit_msgs/moveit_msgs/msg/detail/attached_collision_object__builder.hpp\n'}
[1.442088] (moveit_msgs) StdoutLine: {'line': b'-- Up-to-date: /home/yadhu/ur3e/src/install/moveit_msgs/include/moveit_msgs/moveit_msgs/msg/detail/place_location__builder.hpp\n'}
[1.442110] (moveit_msgs) StdoutLine: {'line': b'-- Up-to-date: /home/yadhu/ur3e/src/install/moveit_msgs/include/moveit_msgs/moveit_msgs/msg/detail/planning_scene__builder.hpp\n'}
[1.442133] (moveit_msgs) StdoutLine: {'line': b'-- Up-to-date: /home/yadhu/ur3e/src/install/moveit_msgs/include/moveit_msgs/moveit_msgs/msg/detail/planner_interface_description__builder.hpp\n'}
[1.442156] (moveit_msgs) StdoutLine: {'line': b'-- Up-to-date: /home/yadhu/ur3e/src/install/moveit_msgs/include/moveit_msgs/moveit_msgs/msg/detail/display_robot_state__struct.hpp\n'}
[1.442180] (moveit_msgs) StdoutLine: {'line': b'-- Up-to-date: /home/yadhu/ur3e/src/install/moveit_msgs/include/moveit_msgs/moveit_msgs/msg/detail/motion_sequence_item__builder.hpp\n'}
[1.442203] (moveit_msgs) StdoutLine: {'line': b'-- Up-to-date: /home/yadhu/ur3e/src/install/moveit_msgs/include/moveit_msgs/moveit_msgs/msg/detail/planner_interface_description__traits.hpp\n'}
[1.442227] (moveit_msgs) StdoutLine: {'line': b'-- Up-to-date: /home/yadhu/ur3e/src/install/moveit_msgs/include/moveit_msgs/moveit_msgs/msg/detail/planning_scene_components__struct.hpp\n'}
[1.442250] (moveit_msgs) StdoutLine: {'line': b'-- Up-to-date: /home/yadhu/ur3e/src/install/moveit_msgs/include/moveit_msgs/moveit_msgs/msg/detail/motion_sequence_response__builder.hpp\n'}
[1.442272] (moveit_msgs) StdoutLine: {'line': b'-- Up-to-date: /home/yadhu/ur3e/src/install/moveit_msgs/include/moveit_msgs/moveit_msgs/msg/detail/planning_scene_components__traits.hpp\n'}
[1.442301] (moveit_msgs) StdoutLine: {'line': b'-- Up-to-date: /home/yadhu/ur3e/src/install/moveit_msgs/include/moveit_msgs/moveit_msgs/msg/detail/orientation_constraint__struct.hpp\n'}
[1.442326] (moveit_msgs) StdoutLine: {'line': b'-- Up-to-date: /home/yadhu/ur3e/src/install/moveit_msgs/include/moveit_msgs/moveit_msgs/msg/detail/cost_source__builder.hpp\n'}
[1.442350] (moveit_msgs) StdoutLine: {'line': b'-- Up-to-date: /home/yadhu/ur3e/src/install/moveit_msgs/include/moveit_msgs/moveit_msgs/msg/detail/contact_information__struct.hpp\n'}
[1.442372] (moveit_msgs) StdoutLine: {'line': b'-- Up-to-date: /home/yadhu/ur3e/src/install/moveit_msgs/include/moveit_msgs/moveit_msgs/msg/detail/link_scale__traits.hpp\n'}
[1.442395] (moveit_msgs) StdoutLine: {'line': b'-- Up-to-date: /home/yadhu/ur3e/src/install/moveit_msgs/include/moveit_msgs/moveit_msgs/msg/detail/robot_trajectory__traits.hpp\n'}
[1.442417] (moveit_msgs) StdoutLine: {'line': b'-- Up-to-date: /home/yadhu/ur3e/src/install/moveit_msgs/include/moveit_msgs/moveit_msgs/msg/detail/allowed_collision_entry__struct.hpp\n'}
[1.442440] (moveit_msgs) StdoutLine: {'line': b'-- Up-to-date: /home/yadhu/ur3e/src/install/moveit_msgs/include/moveit_msgs/moveit_msgs/msg/detail/motion_plan_request__struct.hpp\n'}
[1.442462] (moveit_msgs) StdoutLine: {'line': b'-- Up-to-date: /home/yadhu/ur3e/src/install/moveit_msgs/include/moveit_msgs/moveit_msgs/msg/detail/object_color__builder.hpp\n'}
[1.442488] (moveit_msgs) StdoutLine: {'line': b'-- Up-to-date: /home/yadhu/ur3e/src/install/moveit_msgs/include/moveit_msgs/moveit_msgs/msg/detail/allowed_collision_matrix__builder.hpp\n'}
[1.442511] (moveit_msgs) StdoutLine: {'line': b'-- Up-to-date: /home/yadhu/ur3e/src/install/moveit_msgs/include/moveit_msgs/moveit_msgs/msg/detail/planning_scene_components__builder.hpp\n'}
[1.442535] (moveit_msgs) StdoutLine: {'line': b'-- Up-to-date: /home/yadhu/ur3e/src/install/moveit_msgs/include/moveit_msgs/moveit_msgs/msg/detail/gripper_translation__struct.hpp\n'}
[1.442558] (moveit_msgs) StdoutLine: {'line': b'-- Up-to-date: /home/yadhu/ur3e/src/install/moveit_msgs/include/moveit_msgs/moveit_msgs/msg/detail/orientation_constraint__builder.hpp\n'}
[1.442581] (moveit_msgs) StdoutLine: {'line': b'-- Up-to-date: /home/yadhu/ur3e/src/install/moveit_msgs/include/moveit_msgs/moveit_msgs/msg/detail/position_constraint__builder.hpp\n'}
[1.442605] (moveit_msgs) StdoutLine: {'line': b'-- Up-to-date: /home/yadhu/ur3e/src/install/moveit_msgs/include/moveit_msgs/moveit_msgs/msg/detail/cartesian_point__builder.hpp\n'}
[1.442627] (moveit_msgs) StdoutLine: {'line': b'-- Up-to-date: /home/yadhu/ur3e/src/install/moveit_msgs/include/moveit_msgs/moveit_msgs/msg/detail/collision_object__builder.hpp\n'}
[1.442650] (moveit_msgs) StdoutLine: {'line': b'-- Up-to-date: /home/yadhu/ur3e/src/install/moveit_msgs/include/moveit_msgs/moveit_msgs/msg/detail/grasp__traits.hpp\n'}
[1.442673] (moveit_msgs) StdoutLine: {'line': b'-- Up-to-date: /home/yadhu/ur3e/src/install/moveit_msgs/include/moveit_msgs/moveit_msgs/msg/detail/gripper_translation__builder.hpp\n'}
[1.442696] (moveit_msgs) StdoutLine: {'line': b'-- Up-to-date: /home/yadhu/ur3e/src/install/moveit_msgs/include/moveit_msgs/moveit_msgs/msg/detail/link_padding__struct.hpp\n'}
[1.442720] (moveit_msgs) StdoutLine: {'line': b'-- Up-to-date: /home/yadhu/ur3e/src/install/moveit_msgs/include/moveit_msgs/moveit_msgs/msg/detail/generic_trajectory__builder.hpp\n'}
[1.442743] (moveit_msgs) StdoutLine: {'line': b'-- Up-to-date: /home/yadhu/ur3e/src/install/moveit_msgs/include/moveit_msgs/moveit_msgs/msg/detail/oriented_bounding_box__struct.hpp\n'}
[1.442766] (moveit_msgs) StdoutLine: {'line': b'-- Up-to-date: /home/yadhu/ur3e/src/install/moveit_msgs/include/moveit_msgs/moveit_msgs/msg/detail/planner_params__struct.hpp\n'}
[1.442789] (moveit_msgs) StdoutLine: {'line': b'-- Up-to-date: /home/yadhu/ur3e/src/install/moveit_msgs/include/moveit_msgs/moveit_msgs/msg/detail/joint_limits__traits.hpp\n'}
[1.442812] (moveit_msgs) StdoutLine: {'line': b'-- Up-to-date: /home/yadhu/ur3e/src/install/moveit_msgs/include/moveit_msgs/moveit_msgs/msg/detail/planning_scene__struct.hpp\n'}
[1.442835] (moveit_msgs) StdoutLine: {'line': b'-- Up-to-date: /home/yadhu/ur3e/src/install/moveit_msgs/include/moveit_msgs/moveit_msgs/msg/detail/workspace_parameters__builder.hpp\n'}
[1.442859] (moveit_msgs) StdoutLine: {'line': b'-- Up-to-date: /home/yadhu/ur3e/src/install/moveit_msgs/include/moveit_msgs/moveit_msgs/msg/detail/planner_params__traits.hpp\n'}
[1.442881] (moveit_msgs) StdoutLine: {'line': b'-- Up-to-date: /home/yadhu/ur3e/src/install/moveit_msgs/include/moveit_msgs/moveit_msgs/msg/detail/link_padding__builder.hpp\n'}
[1.442904] (moveit_msgs) StdoutLine: {'line': b'-- Up-to-date: /home/yadhu/ur3e/src/install/moveit_msgs/include/moveit_msgs/moveit_msgs/msg/detail/move_it_error_codes__builder.hpp\n'}
[1.442927] (moveit_msgs) StdoutLine: {'line': b'-- Up-to-date: /home/yadhu/ur3e/src/install/moveit_msgs/include/moveit_msgs/moveit_msgs/msg/detail/workspace_parameters__traits.hpp\n'}
[1.442949] (moveit_msgs) StdoutLine: {'line': b'-- Up-to-date: /home/yadhu/ur3e/src/install/moveit_msgs/include/moveit_msgs/moveit_msgs/msg/detail/planning_options__builder.hpp\n'}
[1.442971] (moveit_msgs) StdoutLine: {'line': b'-- Up-to-date: /home/yadhu/ur3e/src/install/moveit_msgs/include/moveit_msgs/moveit_msgs/msg/detail/planning_scene_world__builder.hpp\n'}
[1.442994] (moveit_msgs) StdoutLine: {'line': b'-- Up-to-date: /home/yadhu/ur3e/src/install/moveit_msgs/include/moveit_msgs/moveit_msgs/msg/detail/constraint_eval_result__traits.hpp\n'}
[1.443016] (moveit_msgs) StdoutLine: {'line': b'-- Up-to-date: /home/yadhu/ur3e/src/install/moveit_msgs/include/moveit_msgs/moveit_msgs/msg/detail/motion_sequence_item__traits.hpp\n'}
[1.443039] (moveit_msgs) StdoutLine: {'line': b'-- Up-to-date: /home/yadhu/ur3e/src/install/moveit_msgs/include/moveit_msgs/moveit_msgs/msg/detail/joint_constraint__traits.hpp\n'}
[1.443062] (moveit_msgs) StdoutLine: {'line': b'-- Up-to-date: /home/yadhu/ur3e/src/install/moveit_msgs/include/moveit_msgs/moveit_msgs/msg/detail/cost_source__struct.hpp\n'}
[1.443084] (moveit_msgs) StdoutLine: {'line': b'-- Up-to-date: /home/yadhu/ur3e/src/install/moveit_msgs/include/moveit_msgs/moveit_msgs/msg/detail/robot_state__builder.hpp\n'}
[1.443108] (moveit_msgs) StdoutLine: {'line': b'-- Up-to-date: /home/yadhu/ur3e/src/install/moveit_msgs/include/moveit_msgs/moveit_msgs/msg/detail/kinematic_solver_info__traits.hpp\n'}
[1.443131] (moveit_msgs) StdoutLine: {'line': b'-- Up-to-date: /home/yadhu/ur3e/src/install/moveit_msgs/include/moveit_msgs/moveit_msgs/msg/detail/motion_sequence_response__struct.hpp\n'}
[1.443153] (moveit_msgs) StdoutLine: {'line': b'-- Up-to-date: /home/yadhu/ur3e/src/install/moveit_msgs/include/moveit_msgs/moveit_msgs/msg/detail/position_constraint__struct.hpp\n'}
[1.443176] (moveit_msgs) StdoutLine: {'line': b'-- Up-to-date: /home/yadhu/ur3e/src/install/moveit_msgs/include/moveit_msgs/moveit_msgs/msg/detail/visibility_constraint__traits.hpp\n'}
[1.443200] (moveit_msgs) StdoutLine: {'line': b'-- Up-to-date: /home/yadhu/ur3e/src/install/moveit_msgs/include/moveit_msgs/moveit_msgs/msg/detail/constraints__builder.hpp\n'}
[1.443225] (moveit_msgs) StdoutLine: {'line': b'-- Up-to-date: /home/yadhu/ur3e/src/install/moveit_msgs/include/moveit_msgs/moveit_msgs/msg/detail/display_robot_state__traits.hpp\n'}
[1.443248] (moveit_msgs) StdoutLine: {'line': b'-- Up-to-date: /home/yadhu/ur3e/src/install/moveit_msgs/include/moveit_msgs/moveit_msgs/msg/detail/trajectory_constraints__builder.hpp\n'}
[1.443270] (moveit_msgs) StdoutLine: {'line': b'-- Up-to-date: /home/yadhu/ur3e/src/install/moveit_msgs/include/moveit_msgs/moveit_msgs/msg/detail/motion_sequence_item__struct.hpp\n'}
[1.443296] (moveit_msgs) StdoutLine: {'line': b'-- Up-to-date: /home/yadhu/ur3e/src/install/moveit_msgs/include/moveit_msgs/moveit_msgs/msg/detail/constraint_eval_result__builder.hpp\n'}
[1.443322] (moveit_msgs) StdoutLine: {'line': b'-- Up-to-date: /home/yadhu/ur3e/src/install/moveit_msgs/include/moveit_msgs/moveit_msgs/msg/detail/motion_plan_request__builder.hpp\n'}
[1.443345] (moveit_msgs) StdoutLine: {'line': b'-- Up-to-date: /home/yadhu/ur3e/src/install/moveit_msgs/include/moveit_msgs/moveit_msgs/msg/detail/cartesian_trajectory__struct.hpp\n'}
[1.443369] (moveit_msgs) StdoutLine: {'line': b'-- Up-to-date: /home/yadhu/ur3e/src/install/moveit_msgs/include/moveit_msgs/moveit_msgs/msg/detail/display_robot_state__builder.hpp\n'}
[1.443391] (moveit_msgs) StdoutLine: {'line': b'-- Up-to-date: /home/yadhu/ur3e/src/install/moveit_msgs/include/moveit_msgs/moveit_msgs/msg/detail/motion_plan_detailed_response__struct.hpp\n'}
[1.443414] (moveit_msgs) StdoutLine: {'line': b'-- Up-to-date: /home/yadhu/ur3e/src/install/moveit_msgs/include/moveit_msgs/moveit_msgs/msg/detail/oriented_bounding_box__builder.hpp\n'}
[1.443438] (moveit_msgs) StdoutLine: {'line': b'-- Up-to-date: /home/yadhu/ur3e/src/install/moveit_msgs/include/moveit_msgs/moveit_msgs/msg/detail/bounding_volume__builder.hpp\n'}
[1.443461] (moveit_msgs) StdoutLine: {'line': b'-- Up-to-date: /home/yadhu/ur3e/src/install/moveit_msgs/include/moveit_msgs/moveit_msgs/msg/detail/planning_options__traits.hpp\n'}
[1.443483] (moveit_msgs) StdoutLine: {'line': b'-- Up-to-date: /home/yadhu/ur3e/src/install/moveit_msgs/include/moveit_msgs/moveit_msgs/msg/detail/bounding_volume__traits.hpp\n'}
[1.443506] (moveit_msgs) StdoutLine: {'line': b'-- Up-to-date: /home/yadhu/ur3e/src/install/moveit_msgs/include/moveit_msgs/moveit_msgs/msg/detail/place_location__struct.hpp\n'}
[1.443528] (moveit_msgs) StdoutLine: {'line': b'-- Up-to-date: /home/yadhu/ur3e/src/install/moveit_msgs/include/moveit_msgs/moveit_msgs/msg/detail/robot_trajectory__builder.hpp\n'}
[1.443550] (moveit_msgs) StdoutLine: {'line': b'-- Up-to-date: /home/yadhu/ur3e/src/install/moveit_msgs/include/moveit_msgs/moveit_msgs/msg/detail/motion_plan_response__builder.hpp\n'}
[1.443573] (moveit_msgs) StdoutLine: {'line': b'-- Up-to-date: /home/yadhu/ur3e/src/install/moveit_msgs/include/moveit_msgs/moveit_msgs/msg/detail/collision_object__traits.hpp\n'}
[1.443595] (moveit_msgs) StdoutLine: {'line': b'-- Up-to-date: /home/yadhu/ur3e/src/install/moveit_msgs/include/moveit_msgs/moveit_msgs/msg/gripper_translation.hpp\n'}
[1.443619] (moveit_msgs) StdoutLine: {'line': b'-- Up-to-date: /home/yadhu/ur3e/src/install/moveit_msgs/include/moveit_msgs/moveit_msgs/msg/grasp.hpp\n'}
[1.443642] (moveit_msgs) StdoutLine: {'line': b'-- Up-to-date: /home/yadhu/ur3e/src/install/moveit_msgs/include/moveit_msgs/moveit_msgs/msg/planner_interface_description.hpp\n'}
[1.443665] (moveit_msgs) StdoutLine: {'line': b'-- Up-to-date: /home/yadhu/ur3e/src/install/moveit_msgs/include/moveit_msgs/moveit_msgs/msg/motion_plan_response.hpp\n'}
[1.443688] (moveit_msgs) StdoutLine: {'line': b'-- Up-to-date: /home/yadhu/ur3e/src/install/moveit_msgs/include/moveit_msgs/moveit_msgs/msg/cartesian_trajectory.hpp\n'}
[1.443710] (moveit_msgs) StdoutLine: {'line': b'-- Up-to-date: /home/yadhu/ur3e/src/install/moveit_msgs/include/moveit_msgs/moveit_msgs/msg/motion_plan_detailed_response.hpp\n'}
[1.443733] (moveit_msgs) StdoutLine: {'line': b'-- Up-to-date: /home/yadhu/ur3e/src/install/moveit_msgs/include/moveit_msgs/moveit_msgs/msg/motion_sequence_response.hpp\n'}
[1.443756] (moveit_msgs) StdoutLine: {'line': b'-- Up-to-date: /home/yadhu/ur3e/src/install/moveit_msgs/include/moveit_msgs/moveit_msgs/msg/allowed_collision_entry.hpp\n'}
[1.443779] (moveit_msgs) StdoutLine: {'line': b'-- Up-to-date: /home/yadhu/ur3e/src/install/moveit_msgs/include/moveit_msgs/moveit_msgs/msg/workspace_parameters.hpp\n'}
[1.443801] (moveit_msgs) StdoutLine: {'line': b'-- Up-to-date: /home/yadhu/ur3e/src/install/moveit_msgs/include/moveit_msgs/moveit_msgs/msg/bounding_volume.hpp\n'}
[1.443824] (moveit_msgs) StdoutLine: {'line': b'-- Up-to-date: /home/yadhu/ur3e/src/install/moveit_msgs/include/moveit_msgs/moveit_msgs/msg/visibility_constraint.hpp\n'}
[1.443847] (moveit_msgs) StdoutLine: {'line': b'-- Up-to-date: /home/yadhu/ur3e/src/install/moveit_msgs/include/moveit_msgs/moveit_msgs/msg/place_location.hpp\n'}
[1.443870] (moveit_msgs) StdoutLine: {'line': b'-- Up-to-date: /home/yadhu/ur3e/src/install/moveit_msgs/include/moveit_msgs/moveit_msgs/msg/display_robot_state.hpp\n'}
[1.443894] (moveit_msgs) StdoutLine: {'line': b'-- Up-to-date: /home/yadhu/ur3e/src/install/moveit_msgs/include/moveit_msgs/moveit_msgs/msg/joint_constraint.hpp\n'}
[1.443918] (moveit_msgs) StdoutLine: {'line': b'-- Up-to-date: /home/yadhu/ur3e/src/install/moveit_msgs/include/moveit_msgs/moveit_msgs/msg/planning_scene_components.hpp\n'}
[1.443941] (moveit_msgs) StdoutLine: {'line': b'-- Up-to-date: /home/yadhu/ur3e/src/install/moveit_msgs/include/moveit_msgs/moveit_msgs/msg/cartesian_trajectory_point.hpp\n'}
[1.443964] (moveit_msgs) StdoutLine: {'line': b'-- Up-to-date: /home/yadhu/ur3e/src/install/moveit_msgs/include/moveit_msgs/moveit_msgs/msg/planner_params.hpp\n'}
[1.443988] (moveit_msgs) StdoutLine: {'line': b'-- Up-to-date: /home/yadhu/ur3e/src/install/moveit_msgs/include/moveit_msgs/moveit_msgs/msg/kinematic_solver_info.hpp\n'}
[1.444011] (moveit_msgs) StdoutLine: {'line': b'-- Up-to-date: /home/yadhu/ur3e/src/install/moveit_msgs/include/moveit_msgs/moveit_msgs/msg/link_padding.hpp\n'}
[1.444034] (moveit_msgs) StdoutLine: {'line': b'-- Up-to-date: /home/yadhu/ur3e/src/install/moveit_msgs/include/moveit_msgs/moveit_msgs/msg/motion_plan_request.hpp\n'}
[1.444057] (moveit_msgs) StdoutLine: {'line': b'-- Up-to-date: /home/yadhu/ur3e/src/install/moveit_msgs/include/moveit_msgs/moveit_msgs/msg/robot_trajectory.hpp\n'}
[1.444080] (moveit_msgs) StdoutLine: {'line': b'-- Up-to-date: /home/yadhu/ur3e/src/install/moveit_msgs/include/moveit_msgs/moveit_msgs/msg/robot_state.hpp\n'}
[1.444103] (moveit_msgs) StdoutLine: {'line': b'-- Up-to-date: /home/yadhu/ur3e/src/install/moveit_msgs/include/moveit_msgs/moveit_msgs/msg/allowed_collision_matrix.hpp\n'}
[1.444125] (moveit_msgs) StdoutLine: {'line': b'-- Up-to-date: /home/yadhu/ur3e/src/install/moveit_msgs/include/moveit_msgs/moveit_msgs/msg/orientation_constraint.hpp\n'}
[1.444148] (moveit_msgs) StdoutLine: {'line': b'-- Up-to-date: /home/yadhu/ur3e/src/install/moveit_msgs/include/moveit_msgs/moveit_msgs/msg/cost_source.hpp\n'}
[1.444170] (moveit_msgs) StdoutLine: {'line': b'-- Up-to-date: /home/yadhu/ur3e/src/install/moveit_msgs/include/moveit_msgs/moveit_msgs/msg/move_it_error_codes.hpp\n'}
[1.444194] (moveit_msgs) StdoutLine: {'line': b'-- Up-to-date: /home/yadhu/ur3e/src/install/moveit_msgs/include/moveit_msgs/moveit_msgs/srv\n'}
[1.444216] (moveit_msgs) StdoutLine: {'line': b'-- Up-to-date: /home/yadhu/ur3e/src/install/moveit_msgs/include/moveit_msgs/moveit_msgs/srv/get_position_fk.hpp\n'}
[1.444239] (moveit_msgs) StdoutLine: {'line': b'-- Up-to-date: /home/yadhu/ur3e/src/install/moveit_msgs/include/moveit_msgs/moveit_msgs/srv/grasp_planning.hpp\n'}
[1.444261] (moveit_msgs) StdoutLine: {'line': b'-- Up-to-date: /home/yadhu/ur3e/src/install/moveit_msgs/include/moveit_msgs/moveit_msgs/srv/delete_robot_state_from_warehouse.hpp\n'}
[1.444284] (moveit_msgs) StdoutLine: {'line': b'-- Up-to-date: /home/yadhu/ur3e/src/install/moveit_msgs/include/moveit_msgs/moveit_msgs/srv/get_cartesian_path.hpp\n'}
[1.444312] (moveit_msgs) StdoutLine: {'line': b'-- Up-to-date: /home/yadhu/ur3e/src/install/moveit_msgs/include/moveit_msgs/moveit_msgs/srv/update_pointcloud_octomap.hpp\n'}
[1.444335] (moveit_msgs) StdoutLine: {'line': b'-- Up-to-date: /home/yadhu/ur3e/src/install/moveit_msgs/include/moveit_msgs/moveit_msgs/srv/change_control_dimensions.hpp\n'}
[1.444357] (moveit_msgs) StdoutLine: {'line': b'-- Up-to-date: /home/yadhu/ur3e/src/install/moveit_msgs/include/moveit_msgs/moveit_msgs/srv/list_robot_states_in_warehouse.hpp\n'}
[1.444380] (moveit_msgs) StdoutLine: {'line': b'-- Up-to-date: /home/yadhu/ur3e/src/install/moveit_msgs/include/moveit_msgs/moveit_msgs/srv/apply_planning_scene.hpp\n'}
[1.444403] (moveit_msgs) StdoutLine: {'line': b'-- Up-to-date: /home/yadhu/ur3e/src/install/moveit_msgs/include/moveit_msgs/moveit_msgs/srv/save_map.hpp\n'}
[1.444426] (moveit_msgs) StdoutLine: {'line': b'-- Up-to-date: /home/yadhu/ur3e/src/install/moveit_msgs/include/moveit_msgs/moveit_msgs/srv/set_planner_params.hpp\n'}
[1.444447] (moveit_msgs) StdoutLine: {'line': b'-- Up-to-date: /home/yadhu/ur3e/src/install/moveit_msgs/include/moveit_msgs/moveit_msgs/srv/query_planner_interfaces.hpp\n'}
[1.444473] (moveit_msgs) StdoutLine: {'line': b'-- Up-to-date: /home/yadhu/ur3e/src/install/moveit_msgs/include/moveit_msgs/moveit_msgs/srv/get_robot_state_from_warehouse.hpp\n'}
[1.444495] (moveit_msgs) StdoutLine: {'line': b'-- Up-to-date: /home/yadhu/ur3e/src/install/moveit_msgs/include/moveit_msgs/moveit_msgs/srv/detail\n'}
[1.444519] (moveit_msgs) StdoutLine: {'line': b'-- Up-to-date: /home/yadhu/ur3e/src/install/moveit_msgs/include/moveit_msgs/moveit_msgs/srv/detail/delete_robot_state_from_warehouse__traits.hpp\n'}
[1.444542] (moveit_msgs) StdoutLine: {'line': b'-- Up-to-date: /home/yadhu/ur3e/src/install/moveit_msgs/include/moveit_msgs/moveit_msgs/srv/detail/load_map__builder.hpp\n'}
[1.444564] (moveit_msgs) StdoutLine: {'line': b'-- Up-to-date: /home/yadhu/ur3e/src/install/moveit_msgs/include/moveit_msgs/moveit_msgs/srv/detail/save_map__traits.hpp\n'}
[1.444587] (moveit_msgs) StdoutLine: {'line': b'-- Up-to-date: /home/yadhu/ur3e/src/install/moveit_msgs/include/moveit_msgs/moveit_msgs/srv/detail/set_planner_params__builder.hpp\n'}
[1.444609] (moveit_msgs) StdoutLine: {'line': b'-- Up-to-date: /home/yadhu/ur3e/src/install/moveit_msgs/include/moveit_msgs/moveit_msgs/srv/detail/get_state_validity__builder.hpp\n'}
[1.444632] (moveit_msgs) StdoutLine: {'line': b'-- Up-to-date: /home/yadhu/ur3e/src/install/moveit_msgs/include/moveit_msgs/moveit_msgs/srv/detail/get_planner_params__struct.hpp\n'}
[1.444654] (moveit_msgs) StdoutLine: {'line': b'-- Up-to-date: /home/yadhu/ur3e/src/install/moveit_msgs/include/moveit_msgs/moveit_msgs/srv/detail/get_position_fk__traits.hpp\n'}
[1.444678] (moveit_msgs) StdoutLine: {'line': b'-- Up-to-date: /home/yadhu/ur3e/src/install/moveit_msgs/include/moveit_msgs/moveit_msgs/srv/detail/apply_planning_scene__struct.hpp\n'}
[1.444701] (moveit_msgs) StdoutLine: {'line': b'-- Up-to-date: /home/yadhu/ur3e/src/install/moveit_msgs/include/moveit_msgs/moveit_msgs/srv/detail/save_robot_state_to_warehouse__struct.hpp\n'}
[1.444723] (moveit_msgs) StdoutLine: {'line': b'-- Up-to-date: /home/yadhu/ur3e/src/install/moveit_msgs/include/moveit_msgs/moveit_msgs/srv/detail/save_robot_state_to_warehouse__traits.hpp\n'}
[1.444746] (moveit_msgs) StdoutLine: {'line': b'-- Up-to-date: /home/yadhu/ur3e/src/install/moveit_msgs/include/moveit_msgs/moveit_msgs/srv/detail/save_robot_state_to_warehouse__builder.hpp\n'}
[1.444772] (moveit_msgs) StdoutLine: {'line': b'-- Up-to-date: /home/yadhu/ur3e/src/install/moveit_msgs/include/moveit_msgs/moveit_msgs/srv/detail/query_planner_interfaces__struct.hpp\n'}
[1.444795] (moveit_msgs) StdoutLine: {'line': b'-- Up-to-date: /home/yadhu/ur3e/src/install/moveit_msgs/include/moveit_msgs/moveit_msgs/srv/detail/grasp_planning__builder.hpp\n'}
[1.444817] (moveit_msgs) StdoutLine: {'line': b'-- Up-to-date: /home/yadhu/ur3e/src/install/moveit_msgs/include/moveit_msgs/moveit_msgs/srv/detail/set_planner_params__traits.hpp\n'}
[1.444840] (moveit_msgs) StdoutLine: {'line': b'-- Up-to-date: /home/yadhu/ur3e/src/install/moveit_msgs/include/moveit_msgs/moveit_msgs/srv/detail/load_map__traits.hpp\n'}
[1.444862] (moveit_msgs) StdoutLine: {'line': b'-- Up-to-date: /home/yadhu/ur3e/src/install/moveit_msgs/include/moveit_msgs/moveit_msgs/srv/detail/update_pointcloud_octomap__struct.hpp\n'}
[1.444885] (moveit_msgs) StdoutLine: {'line': b'-- Up-to-date: /home/yadhu/ur3e/src/install/moveit_msgs/include/moveit_msgs/moveit_msgs/srv/detail/get_robot_state_from_warehouse__builder.hpp\n'}
[1.444908] (moveit_msgs) StdoutLine: {'line': b'-- Up-to-date: /home/yadhu/ur3e/src/install/moveit_msgs/include/moveit_msgs/moveit_msgs/srv/detail/get_motion_sequence__struct.hpp\n'}
[1.444931] (moveit_msgs) StdoutLine: {'line': b'-- Up-to-date: /home/yadhu/ur3e/src/install/moveit_msgs/include/moveit_msgs/moveit_msgs/srv/detail/grasp_planning__traits.hpp\n'}
[1.444954] (moveit_msgs) StdoutLine: {'line': b'-- Up-to-date: /home/yadhu/ur3e/src/install/moveit_msgs/include/moveit_msgs/moveit_msgs/srv/detail/set_planner_params__struct.hpp\n'}
[1.444978] (moveit_msgs) StdoutLine: {'line': b'-- Up-to-date: /home/yadhu/ur3e/src/install/moveit_msgs/include/moveit_msgs/moveit_msgs/srv/detail/rename_robot_state_in_warehouse__struct.hpp\n'}
[1.445001] (moveit_msgs) StdoutLine: {'line': b'-- Up-to-date: /home/yadhu/ur3e/src/install/moveit_msgs/include/moveit_msgs/moveit_msgs/srv/detail/delete_robot_state_from_warehouse__struct.hpp\n'}
[1.445024] (moveit_msgs) StdoutLine: {'line': b'-- Up-to-date: /home/yadhu/ur3e/src/install/moveit_msgs/include/moveit_msgs/moveit_msgs/srv/detail/get_cartesian_path__struct.hpp\n'}
[1.445047] (moveit_msgs) StdoutLine: {'line': b'-- Up-to-date: /home/yadhu/ur3e/src/install/moveit_msgs/include/moveit_msgs/moveit_msgs/srv/detail/grasp_planning__struct.hpp\n'}
[1.445070] (moveit_msgs) StdoutLine: {'line': b'-- Up-to-date: /home/yadhu/ur3e/src/install/moveit_msgs/include/moveit_msgs/moveit_msgs/srv/detail/update_pointcloud_octomap__builder.hpp\n'}
[1.445093] (moveit_msgs) StdoutLine: {'line': b'-- Up-to-date: /home/yadhu/ur3e/src/install/moveit_msgs/include/moveit_msgs/moveit_msgs/srv/detail/get_state_validity__traits.hpp\n'}
[1.445117] (moveit_msgs) StdoutLine: {'line': b'-- Up-to-date: /home/yadhu/ur3e/src/install/moveit_msgs/include/moveit_msgs/moveit_msgs/srv/detail/get_planning_scene__builder.hpp\n'}
[1.445144] (moveit_msgs) StdoutLine: {'line': b'-- Up-to-date: /home/yadhu/ur3e/src/install/moveit_msgs/include/moveit_msgs/moveit_msgs/srv/detail/get_planner_params__traits.hpp\n'}
[1.445167] (moveit_msgs) StdoutLine: {'line': b'-- Up-to-date: /home/yadhu/ur3e/src/install/moveit_msgs/include/moveit_msgs/moveit_msgs/srv/detail/change_control_dimensions__builder.hpp\n'}
[1.445190] (moveit_msgs) StdoutLine: {'line': b'-- Up-to-date: /home/yadhu/ur3e/src/install/moveit_msgs/include/moveit_msgs/moveit_msgs/srv/detail/get_position_fk__builder.hpp\n'}
[1.445213] (moveit_msgs) StdoutLine: {'line': b'-- Up-to-date: /home/yadhu/ur3e/src/install/moveit_msgs/include/moveit_msgs/moveit_msgs/srv/detail/get_position_ik__struct.hpp\n'}
[1.445236] (moveit_msgs) StdoutLine: {'line': b'-- Up-to-date: /home/yadhu/ur3e/src/install/moveit_msgs/include/moveit_msgs/moveit_msgs/srv/detail/list_robot_states_in_warehouse__traits.hpp\n'}
[1.445259] (moveit_msgs) StdoutLine: {'line': b'-- Up-to-date: /home/yadhu/ur3e/src/install/moveit_msgs/include/moveit_msgs/moveit_msgs/srv/detail/update_pointcloud_octomap__traits.hpp\n'}
[1.445281] (moveit_msgs) StdoutLine: {'line': b'-- Up-to-date: /home/yadhu/ur3e/src/install/moveit_msgs/include/moveit_msgs/moveit_msgs/srv/detail/change_drift_dimensions__struct.hpp\n'}
[1.445310] (moveit_msgs) StdoutLine: {'line': b'-- Up-to-date: /home/yadhu/ur3e/src/install/moveit_msgs/include/moveit_msgs/moveit_msgs/srv/detail/change_control_dimensions__struct.hpp\n'}
[1.445334] (moveit_msgs) StdoutLine: {'line': b'-- Up-to-date: /home/yadhu/ur3e/src/install/moveit_msgs/include/moveit_msgs/moveit_msgs/srv/detail/apply_planning_scene__traits.hpp\n'}
[1.445357] (moveit_msgs) StdoutLine: {'line': b'-- Up-to-date: /home/yadhu/ur3e/src/install/moveit_msgs/include/moveit_msgs/moveit_msgs/srv/detail/query_planner_interfaces__traits.hpp\n'}
[1.445380] (moveit_msgs) StdoutLine: {'line': b'-- Up-to-date: /home/yadhu/ur3e/src/install/moveit_msgs/include/moveit_msgs/moveit_msgs/srv/detail/query_planner_interfaces__builder.hpp\n'}
[1.445403] (moveit_msgs) StdoutLine: {'line': b'-- Up-to-date: /home/yadhu/ur3e/src/install/moveit_msgs/include/moveit_msgs/moveit_msgs/srv/detail/check_if_robot_state_exists_in_warehouse__builder.hpp\n'}
[1.445426] (moveit_msgs) StdoutLine: {'line': b'-- Up-to-date: /home/yadhu/ur3e/src/install/moveit_msgs/include/moveit_msgs/moveit_msgs/srv/detail/change_control_dimensions__traits.hpp\n'}
[1.445449] (moveit_msgs) StdoutLine: {'line': b'-- Up-to-date: /home/yadhu/ur3e/src/install/moveit_msgs/include/moveit_msgs/moveit_msgs/srv/detail/get_planning_scene__traits.hpp\n'}
[1.445475] (moveit_msgs) StdoutLine: {'line': b'-- Up-to-date: /home/yadhu/ur3e/src/install/moveit_msgs/include/moveit_msgs/moveit_msgs/srv/detail/rename_robot_state_in_warehouse__builder.hpp\n'}
[1.445501] (moveit_msgs) StdoutLine: {'line': b'-- Up-to-date: /home/yadhu/ur3e/src/install/moveit_msgs/include/moveit_msgs/moveit_msgs/srv/detail/list_robot_states_in_warehouse__struct.hpp\n'}
[1.445524] (moveit_msgs) StdoutLine: {'line': b'-- Up-to-date: /home/yadhu/ur3e/src/install/moveit_msgs/include/moveit_msgs/moveit_msgs/srv/detail/get_motion_plan__struct.hpp\n'}
[1.445547] (moveit_msgs) StdoutLine: {'line': b'-- Up-to-date: /home/yadhu/ur3e/src/install/moveit_msgs/include/moveit_msgs/moveit_msgs/srv/detail/save_map__struct.hpp\n'}
[1.445570] (moveit_msgs) StdoutLine: {'line': b'-- Up-to-date: /home/yadhu/ur3e/src/install/moveit_msgs/include/moveit_msgs/moveit_msgs/srv/detail/change_drift_dimensions__builder.hpp\n'}
[1.445593] (moveit_msgs) StdoutLine: {'line': b'-- Up-to-date: /home/yadhu/ur3e/src/install/moveit_msgs/include/moveit_msgs/moveit_msgs/srv/detail/get_robot_state_from_warehouse__struct.hpp\n'}
[1.445615] (moveit_msgs) StdoutLine: {'line': b'-- Up-to-date: /home/yadhu/ur3e/src/install/moveit_msgs/include/moveit_msgs/moveit_msgs/srv/detail/apply_planning_scene__builder.hpp\n'}
[1.445638] (moveit_msgs) StdoutLine: {'line': b'-- Up-to-date: /home/yadhu/ur3e/src/install/moveit_msgs/include/moveit_msgs/moveit_msgs/srv/detail/change_drift_dimensions__traits.hpp\n'}
[1.445660] (moveit_msgs) StdoutLine: {'line': b'-- Up-to-date: /home/yadhu/ur3e/src/install/moveit_msgs/include/moveit_msgs/moveit_msgs/srv/detail/get_cartesian_path__builder.hpp\n'}
[1.445683] (moveit_msgs) StdoutLine: {'line': b'-- Up-to-date: /home/yadhu/ur3e/src/install/moveit_msgs/include/moveit_msgs/moveit_msgs/srv/detail/rename_robot_state_in_warehouse__traits.hpp\n'}
[1.445705] (moveit_msgs) StdoutLine: {'line': b'-- Up-to-date: /home/yadhu/ur3e/src/install/moveit_msgs/include/moveit_msgs/moveit_msgs/srv/detail/get_position_fk__struct.hpp\n'}
[1.445728] (moveit_msgs) StdoutLine: {'line': b'-- Up-to-date: /home/yadhu/ur3e/src/install/moveit_msgs/include/moveit_msgs/moveit_msgs/srv/detail/get_state_validity__struct.hpp\n'}
[1.445750] (moveit_msgs) StdoutLine: {'line': b'-- Up-to-date: /home/yadhu/ur3e/src/install/moveit_msgs/include/moveit_msgs/moveit_msgs/srv/detail/get_position_ik__traits.hpp\n'}
[1.445772] (moveit_msgs) StdoutLine: {'line': b'-- Up-to-date: /home/yadhu/ur3e/src/install/moveit_msgs/include/moveit_msgs/moveit_msgs/srv/detail/get_motion_sequence__builder.hpp\n'}
[1.445795] (moveit_msgs) StdoutLine: {'line': b'-- Up-to-date: /home/yadhu/ur3e/src/install/moveit_msgs/include/moveit_msgs/moveit_msgs/srv/detail/save_map__builder.hpp\n'}
[1.445817] (moveit_msgs) StdoutLine: {'line': b'-- Up-to-date: /home/yadhu/ur3e/src/install/moveit_msgs/include/moveit_msgs/moveit_msgs/srv/detail/get_planner_params__builder.hpp\n'}
[1.445840] (moveit_msgs) StdoutLine: {'line': b'-- Up-to-date: /home/yadhu/ur3e/src/install/moveit_msgs/include/moveit_msgs/moveit_msgs/srv/detail/get_cartesian_path__traits.hpp\n'}
[1.445862] (moveit_msgs) StdoutLine: {'line': b'-- Up-to-date: /home/yadhu/ur3e/src/install/moveit_msgs/include/moveit_msgs/moveit_msgs/srv/detail/check_if_robot_state_exists_in_warehouse__struct.hpp\n'}
[1.445885] (moveit_msgs) StdoutLine: {'line': b'-- Up-to-date: /home/yadhu/ur3e/src/install/moveit_msgs/include/moveit_msgs/moveit_msgs/srv/detail/delete_robot_state_from_warehouse__builder.hpp\n'}
[1.445909] (moveit_msgs) StdoutLine: {'line': b'-- Up-to-date: /home/yadhu/ur3e/src/install/moveit_msgs/include/moveit_msgs/moveit_msgs/srv/detail/get_robot_state_from_warehouse__traits.hpp\n'}
[1.445931] (moveit_msgs) StdoutLine: {'line': b'-- Up-to-date: /home/yadhu/ur3e/src/install/moveit_msgs/include/moveit_msgs/moveit_msgs/srv/detail/load_map__struct.hpp\n'}
[1.445954] (moveit_msgs) StdoutLine: {'line': b'-- Up-to-date: /home/yadhu/ur3e/src/install/moveit_msgs/include/moveit_msgs/moveit_msgs/srv/detail/get_motion_plan__builder.hpp\n'}
[1.445977] (moveit_msgs) StdoutLine: {'line': b'-- Up-to-date: /home/yadhu/ur3e/src/install/moveit_msgs/include/moveit_msgs/moveit_msgs/srv/detail/get_motion_plan__traits.hpp\n'}
[1.446002] (moveit_msgs) StdoutLine: {'line': b'-- Up-to-date: /home/yadhu/ur3e/src/install/moveit_msgs/include/moveit_msgs/moveit_msgs/srv/detail/get_planning_scene__struct.hpp\n'}
[1.446025] (moveit_msgs) StdoutLine: {'line': b'-- Up-to-date: /home/yadhu/ur3e/src/install/moveit_msgs/include/moveit_msgs/moveit_msgs/srv/detail/get_motion_sequence__traits.hpp\n'}
[1.446048] (moveit_msgs) StdoutLine: {'line': b'-- Up-to-date: /home/yadhu/ur3e/src/install/moveit_msgs/include/moveit_msgs/moveit_msgs/srv/detail/get_position_ik__builder.hpp\n'}
[1.446071] (moveit_msgs) StdoutLine: {'line': b'-- Up-to-date: /home/yadhu/ur3e/src/install/moveit_msgs/include/moveit_msgs/moveit_msgs/srv/detail/list_robot_states_in_warehouse__builder.hpp\n'}
[1.446095] (moveit_msgs) StdoutLine: {'line': b'-- Up-to-date: /home/yadhu/ur3e/src/install/moveit_msgs/include/moveit_msgs/moveit_msgs/srv/detail/check_if_robot_state_exists_in_warehouse__traits.hpp\n'}
[1.446117] (moveit_msgs) StdoutLine: {'line': b'-- Up-to-date: /home/yadhu/ur3e/src/install/moveit_msgs/include/moveit_msgs/moveit_msgs/srv/rename_robot_state_in_warehouse.hpp\n'}
[1.446140] (moveit_msgs) StdoutLine: {'line': b'-- Up-to-date: /home/yadhu/ur3e/src/install/moveit_msgs/include/moveit_msgs/moveit_msgs/srv/get_planner_params.hpp\n'}
[1.446163] (moveit_msgs) StdoutLine: {'line': b'-- Up-to-date: /home/yadhu/ur3e/src/install/moveit_msgs/include/moveit_msgs/moveit_msgs/srv/get_motion_sequence.hpp\n'}
[1.446188] (moveit_msgs) StdoutLine: {'line': b'-- Up-to-date: /home/yadhu/ur3e/src/install/moveit_msgs/include/moveit_msgs/moveit_msgs/srv/get_motion_plan.hpp\n'}
[1.446211] (moveit_msgs) StdoutLine: {'line': b'-- Up-to-date: /home/yadhu/ur3e/src/install/moveit_msgs/include/moveit_msgs/moveit_msgs/srv/change_drift_dimensions.hpp\n'}
[1.446234] (moveit_msgs) StdoutLine: {'line': b'-- Up-to-date: /home/yadhu/ur3e/src/install/moveit_msgs/include/moveit_msgs/moveit_msgs/srv/get_position_ik.hpp\n'}
[1.446258] (moveit_msgs) StdoutLine: {'line': b'-- Up-to-date: /home/yadhu/ur3e/src/install/moveit_msgs/include/moveit_msgs/moveit_msgs/srv/check_if_robot_state_exists_in_warehouse.hpp\n'}
[1.446280] (moveit_msgs) StdoutLine: {'line': b'-- Up-to-date: /home/yadhu/ur3e/src/install/moveit_msgs/include/moveit_msgs/moveit_msgs/srv/load_map.hpp\n'}
[1.446309] (moveit_msgs) StdoutLine: {'line': b'-- Up-to-date: /home/yadhu/ur3e/src/install/moveit_msgs/include/moveit_msgs/moveit_msgs/srv/get_state_validity.hpp\n'}
[1.446333] (moveit_msgs) StdoutLine: {'line': b'-- Up-to-date: /home/yadhu/ur3e/src/install/moveit_msgs/include/moveit_msgs/moveit_msgs/srv/get_planning_scene.hpp\n'}
[1.446355] (moveit_msgs) StdoutLine: {'line': b'-- Up-to-date: /home/yadhu/ur3e/src/install/moveit_msgs/include/moveit_msgs/moveit_msgs/srv/save_robot_state_to_warehouse.hpp\n'}
[1.446379] (moveit_msgs) StdoutLine: {'line': b'-- Up-to-date: /home/yadhu/ur3e/src/install/moveit_msgs/include/moveit_msgs/moveit_msgs\n'}
[1.446401] (moveit_msgs) StdoutLine: {'line': b'-- Up-to-date: /home/yadhu/ur3e/src/install/moveit_msgs/include/moveit_msgs/moveit_msgs/action\n'}
[1.446424] (moveit_msgs) StdoutLine: {'line': b'-- Up-to-date: /home/yadhu/ur3e/src/install/moveit_msgs/include/moveit_msgs/moveit_msgs/action/detail\n'}
[1.446448] (moveit_msgs) StdoutLine: {'line': b'-- Up-to-date: /home/yadhu/ur3e/src/install/moveit_msgs/include/moveit_msgs/moveit_msgs/action/detail/move_group__rosidl_typesupport_fastrtps_cpp.hpp\n'}
[1.446472] (moveit_msgs) StdoutLine: {'line': b'-- Up-to-date: /home/yadhu/ur3e/src/install/moveit_msgs/include/moveit_msgs/moveit_msgs/action/detail/execute_trajectory__rosidl_typesupport_fastrtps_cpp.hpp\n'}
[1.446495] (moveit_msgs) StdoutLine: {'line': b'-- Up-to-date: /home/yadhu/ur3e/src/install/moveit_msgs/include/moveit_msgs/moveit_msgs/action/detail/dds_fastrtps\n'}
[1.446518] (moveit_msgs) StdoutLine: {'line': b'-- Up-to-date: /home/yadhu/ur3e/src/install/moveit_msgs/include/moveit_msgs/moveit_msgs/action/detail/move_group_sequence__rosidl_typesupport_fastrtps_cpp.hpp\n'}
[1.446540] (moveit_msgs) StdoutLine: {'line': b'-- Up-to-date: /home/yadhu/ur3e/src/install/moveit_msgs/include/moveit_msgs/moveit_msgs/action/detail/global_planner__rosidl_typesupport_fastrtps_cpp.hpp\n'}
[1.446564] (moveit_msgs) StdoutLine: {'line': b'-- Up-to-date: /home/yadhu/ur3e/src/install/moveit_msgs/include/moveit_msgs/moveit_msgs/action/detail/hybrid_planner__rosidl_typesupport_fastrtps_cpp.hpp\n'}
[1.446587] (moveit_msgs) StdoutLine: {'line': b'-- Up-to-date: /home/yadhu/ur3e/src/install/moveit_msgs/include/moveit_msgs/moveit_msgs/action/detail/local_planner__rosidl_typesupport_fastrtps_cpp.hpp\n'}
[1.446610] (moveit_msgs) StdoutLine: {'line': b'-- Up-to-date: /home/yadhu/ur3e/src/install/moveit_msgs/include/moveit_msgs/moveit_msgs/action/detail/pickup__rosidl_typesupport_fastrtps_cpp.hpp\n'}
[1.446633] (moveit_msgs) StdoutLine: {'line': b'-- Up-to-date: /home/yadhu/ur3e/src/install/moveit_msgs/include/moveit_msgs/moveit_msgs/action/detail/place__rosidl_typesupport_fastrtps_cpp.hpp\n'}
[1.446656] (moveit_msgs) StdoutLine: {'line': b'-- Up-to-date: /home/yadhu/ur3e/src/install/moveit_msgs/include/moveit_msgs/moveit_msgs/msg\n'}
[1.446678] (moveit_msgs) StdoutLine: {'line': b'-- Up-to-date: /home/yadhu/ur3e/src/install/moveit_msgs/include/moveit_msgs/moveit_msgs/msg/rosidl_typesupport_fastrtps_cpp__visibility_control.h\n'}
[1.446703] (moveit_msgs) StdoutLine: {'line': b'-- Up-to-date: /home/yadhu/ur3e/src/install/moveit_msgs/include/moveit_msgs/moveit_msgs/msg/detail\n'}
[1.446726] (moveit_msgs) StdoutLine: {'line': b'-- Up-to-date: /home/yadhu/ur3e/src/install/moveit_msgs/include/moveit_msgs/moveit_msgs/msg/detail/visibility_constraint__rosidl_typesupport_fastrtps_cpp.hpp\n'}
[1.446748] (moveit_msgs) StdoutLine: {'line': b'-- Up-to-date: /home/yadhu/ur3e/src/install/moveit_msgs/include/moveit_msgs/moveit_msgs/msg/detail/constraints__rosidl_typesupport_fastrtps_cpp.hpp\n'}
[1.446772] (moveit_msgs) StdoutLine: {'line': b'-- Up-to-date: /home/yadhu/ur3e/src/install/moveit_msgs/include/moveit_msgs/moveit_msgs/msg/detail/robot_state__rosidl_typesupport_fastrtps_cpp.hpp\n'}
[1.446794] (moveit_msgs) StdoutLine: {'line': b'-- Up-to-date: /home/yadhu/ur3e/src/install/moveit_msgs/include/moveit_msgs/moveit_msgs/msg/detail/planning_options__rosidl_typesupport_fastrtps_cpp.hpp\n'}
[1.446817] (moveit_msgs) StdoutLine: {'line': b'-- Up-to-date: /home/yadhu/ur3e/src/install/moveit_msgs/include/moveit_msgs/moveit_msgs/msg/detail/planner_params__rosidl_typesupport_fastrtps_cpp.hpp\n'}
[1.446840] (moveit_msgs) StdoutLine: {'line': b'-- Up-to-date: /home/yadhu/ur3e/src/install/moveit_msgs/include/moveit_msgs/moveit_msgs/msg/detail/planning_scene_components__rosidl_typesupport_fastrtps_cpp.hpp\n'}
[1.446863] (moveit_msgs) StdoutLine: {'line': b'-- Up-to-date: /home/yadhu/ur3e/src/install/moveit_msgs/include/moveit_msgs/moveit_msgs/msg/detail/workspace_parameters__rosidl_typesupport_fastrtps_cpp.hpp\n'}
[1.446886] (moveit_msgs) StdoutLine: {'line': b'-- Up-to-date: /home/yadhu/ur3e/src/install/moveit_msgs/include/moveit_msgs/moveit_msgs/msg/detail/motion_plan_detailed_response__rosidl_typesupport_fastrtps_cpp.hpp\n'}
[1.446912] (moveit_msgs) StdoutLine: {'line': b'-- Up-to-date: /home/yadhu/ur3e/src/install/moveit_msgs/include/moveit_msgs/moveit_msgs/msg/detail/collision_object__rosidl_typesupport_fastrtps_cpp.hpp\n'}
[1.446935] (moveit_msgs) StdoutLine: {'line': b'-- Up-to-date: /home/yadhu/ur3e/src/install/moveit_msgs/include/moveit_msgs/moveit_msgs/msg/detail/cartesian_point__rosidl_typesupport_fastrtps_cpp.hpp\n'}
[1.446958] (moveit_msgs) StdoutLine: {'line': b'-- Up-to-date: /home/yadhu/ur3e/src/install/moveit_msgs/include/moveit_msgs/moveit_msgs/msg/detail/display_trajectory__rosidl_typesupport_fastrtps_cpp.hpp\n'}
[1.446980] (moveit_msgs) StdoutLine: {'line': b'-- Up-to-date: /home/yadhu/ur3e/src/install/moveit_msgs/include/moveit_msgs/moveit_msgs/msg/detail/oriented_bounding_box__rosidl_typesupport_fastrtps_cpp.hpp\n'}
[1.447003] (moveit_msgs) StdoutLine: {'line': b'-- Up-to-date: /home/yadhu/ur3e/src/install/moveit_msgs/include/moveit_msgs/moveit_msgs/msg/detail/dds_fastrtps\n'}
[1.447027] (moveit_msgs) StdoutLine: {'line': b'-- Up-to-date: /home/yadhu/ur3e/src/install/moveit_msgs/include/moveit_msgs/moveit_msgs/msg/detail/bounding_volume__rosidl_typesupport_fastrtps_cpp.hpp\n'}
[1.447050] (moveit_msgs) StdoutLine: {'line': b'-- Up-to-date: /home/yadhu/ur3e/src/install/moveit_msgs/include/moveit_msgs/moveit_msgs/msg/detail/link_scale__rosidl_typesupport_fastrtps_cpp.hpp\n'}
[1.447073] (moveit_msgs) StdoutLine: {'line': b'-- Up-to-date: /home/yadhu/ur3e/src/install/moveit_msgs/include/moveit_msgs/moveit_msgs/msg/detail/attached_collision_object__rosidl_typesupport_fastrtps_cpp.hpp\n'}
[1.447096] (moveit_msgs) StdoutLine: {'line': b'-- Up-to-date: /home/yadhu/ur3e/src/install/moveit_msgs/include/moveit_msgs/moveit_msgs/msg/detail/planning_scene__rosidl_typesupport_fastrtps_cpp.hpp\n'}
[1.447120] (moveit_msgs) StdoutLine: {'line': b'-- Up-to-date: /home/yadhu/ur3e/src/install/moveit_msgs/include/moveit_msgs/moveit_msgs/msg/detail/position_constraint__rosidl_typesupport_fastrtps_cpp.hpp\n'}
[1.447142] (moveit_msgs) StdoutLine: {'line': b'-- Up-to-date: /home/yadhu/ur3e/src/install/moveit_msgs/include/moveit_msgs/moveit_msgs/msg/detail/position_ik_request__rosidl_typesupport_fastrtps_cpp.hpp\n'}
[1.447165] (moveit_msgs) StdoutLine: {'line': b'-- Up-to-date: /home/yadhu/ur3e/src/install/moveit_msgs/include/moveit_msgs/moveit_msgs/msg/detail/motion_plan_request__rosidl_typesupport_fastrtps_cpp.hpp\n'}
[1.447187] (moveit_msgs) StdoutLine: {'line': b'-- Up-to-date: /home/yadhu/ur3e/src/install/moveit_msgs/include/moveit_msgs/moveit_msgs/msg/detail/motion_sequence_request__rosidl_typesupport_fastrtps_cpp.hpp\n'}
[1.447210] (moveit_msgs) StdoutLine: {'line': b'-- Up-to-date: /home/yadhu/ur3e/src/install/moveit_msgs/include/moveit_msgs/moveit_msgs/msg/detail/object_color__rosidl_typesupport_fastrtps_cpp.hpp\n'}
[1.447232] (moveit_msgs) StdoutLine: {'line': b'-- Up-to-date: /home/yadhu/ur3e/src/install/moveit_msgs/include/moveit_msgs/moveit_msgs/msg/detail/planner_interface_description__rosidl_typesupport_fastrtps_cpp.hpp\n'}
[1.447255] (moveit_msgs) StdoutLine: {'line': b'-- Up-to-date: /home/yadhu/ur3e/src/install/moveit_msgs/include/moveit_msgs/moveit_msgs/msg/detail/planning_scene_world__rosidl_typesupport_fastrtps_cpp.hpp\n'}
[1.447278] (moveit_msgs) StdoutLine: {'line': b'-- Up-to-date: /home/yadhu/ur3e/src/install/moveit_msgs/include/moveit_msgs/moveit_msgs/msg/detail/gripper_translation__rosidl_typesupport_fastrtps_cpp.hpp\n'}
[1.447305] (moveit_msgs) StdoutLine: {'line': b'-- Up-to-date: /home/yadhu/ur3e/src/install/moveit_msgs/include/moveit_msgs/moveit_msgs/msg/detail/place_location__rosidl_typesupport_fastrtps_cpp.hpp\n'}
[1.447328] (moveit_msgs) StdoutLine: {'line': b'-- Up-to-date: /home/yadhu/ur3e/src/install/moveit_msgs/include/moveit_msgs/moveit_msgs/msg/detail/cartesian_trajectory_point__rosidl_typesupport_fastrtps_cpp.hpp\n'}
[1.447351] (moveit_msgs) StdoutLine: {'line': b'-- Up-to-date: /home/yadhu/ur3e/src/install/moveit_msgs/include/moveit_msgs/moveit_msgs/msg/detail/generic_trajectory__rosidl_typesupport_fastrtps_cpp.hpp\n'}
[1.447376] (moveit_msgs) StdoutLine: {'line': b'-- Up-to-date: /home/yadhu/ur3e/src/install/moveit_msgs/include/moveit_msgs/moveit_msgs/msg/detail/robot_trajectory__rosidl_typesupport_fastrtps_cpp.hpp\n'}
[1.447398] (moveit_msgs) StdoutLine: {'line': b'-- Up-to-date: /home/yadhu/ur3e/src/install/moveit_msgs/include/moveit_msgs/moveit_msgs/msg/detail/display_robot_state__rosidl_typesupport_fastrtps_cpp.hpp\n'}
[1.447421] (moveit_msgs) StdoutLine: {'line': b'-- Up-to-date: /home/yadhu/ur3e/src/install/moveit_msgs/include/moveit_msgs/moveit_msgs/msg/detail/move_it_error_codes__rosidl_typesupport_fastrtps_cpp.hpp\n'}
[1.447445] (moveit_msgs) StdoutLine: {'line': b'-- Up-to-date: /home/yadhu/ur3e/src/install/moveit_msgs/include/moveit_msgs/moveit_msgs/msg/detail/kinematic_solver_info__rosidl_typesupport_fastrtps_cpp.hpp\n'}
[1.447467] (moveit_msgs) StdoutLine: {'line': b'-- Up-to-date: /home/yadhu/ur3e/src/install/moveit_msgs/include/moveit_msgs/moveit_msgs/msg/detail/cost_source__rosidl_typesupport_fastrtps_cpp.hpp\n'}
[1.447492] (moveit_msgs) StdoutLine: {'line': b'-- Up-to-date: /home/yadhu/ur3e/src/install/moveit_msgs/include/moveit_msgs/moveit_msgs/msg/detail/trajectory_constraints__rosidl_typesupport_fastrtps_cpp.hpp\n'}
[1.447514] (moveit_msgs) StdoutLine: {'line': b'-- Up-to-date: /home/yadhu/ur3e/src/install/moveit_msgs/include/moveit_msgs/moveit_msgs/msg/detail/cartesian_trajectory__rosidl_typesupport_fastrtps_cpp.hpp\n'}
[1.447540] (moveit_msgs) StdoutLine: {'line': b'-- Up-to-date: /home/yadhu/ur3e/src/install/moveit_msgs/include/moveit_msgs/moveit_msgs/msg/detail/link_padding__rosidl_typesupport_fastrtps_cpp.hpp\n'}
[1.447563] (moveit_msgs) StdoutLine: {'line': b'-- Up-to-date: /home/yadhu/ur3e/src/install/moveit_msgs/include/moveit_msgs/moveit_msgs/msg/detail/grasp__rosidl_typesupport_fastrtps_cpp.hpp\n'}
[1.447586] (moveit_msgs) StdoutLine: {'line': b'-- Up-to-date: /home/yadhu/ur3e/src/install/moveit_msgs/include/moveit_msgs/moveit_msgs/msg/detail/allowed_collision_matrix__rosidl_typesupport_fastrtps_cpp.hpp\n'}
[1.447610] (moveit_msgs) StdoutLine: {'line': b'-- Up-to-date: /home/yadhu/ur3e/src/install/moveit_msgs/include/moveit_msgs/moveit_msgs/msg/detail/motion_sequence_item__rosidl_typesupport_fastrtps_cpp.hpp\n'}
[1.447632] (moveit_msgs) StdoutLine: {'line': b'-- Up-to-date: /home/yadhu/ur3e/src/install/moveit_msgs/include/moveit_msgs/moveit_msgs/msg/detail/allowed_collision_entry__rosidl_typesupport_fastrtps_cpp.hpp\n'}
[1.447656] (moveit_msgs) StdoutLine: {'line': b'-- Up-to-date: /home/yadhu/ur3e/src/install/moveit_msgs/include/moveit_msgs/moveit_msgs/msg/detail/contact_information__rosidl_typesupport_fastrtps_cpp.hpp\n'}
[1.447678] (moveit_msgs) StdoutLine: {'line': b'-- Up-to-date: /home/yadhu/ur3e/src/install/moveit_msgs/include/moveit_msgs/moveit_msgs/msg/detail/motion_sequence_response__rosidl_typesupport_fastrtps_cpp.hpp\n'}
[1.447700] (moveit_msgs) StdoutLine: {'line': b'-- Up-to-date: /home/yadhu/ur3e/src/install/moveit_msgs/include/moveit_msgs/moveit_msgs/msg/detail/joint_limits__rosidl_typesupport_fastrtps_cpp.hpp\n'}
[1.447723] (moveit_msgs) StdoutLine: {'line': b'-- Up-to-date: /home/yadhu/ur3e/src/install/moveit_msgs/include/moveit_msgs/moveit_msgs/msg/detail/constraint_eval_result__rosidl_typesupport_fastrtps_cpp.hpp\n'}
[1.447746] (moveit_msgs) StdoutLine: {'line': b'-- Up-to-date: /home/yadhu/ur3e/src/install/moveit_msgs/include/moveit_msgs/moveit_msgs/msg/detail/joint_constraint__rosidl_typesupport_fastrtps_cpp.hpp\n'}
[1.447767] (moveit_msgs) StdoutLine: {'line': b'-- Up-to-date: /home/yadhu/ur3e/src/install/moveit_msgs/include/moveit_msgs/moveit_msgs/msg/detail/motion_plan_response__rosidl_typesupport_fastrtps_cpp.hpp\n'}
[1.447790] (moveit_msgs) StdoutLine: {'line': b'-- Up-to-date: /home/yadhu/ur3e/src/install/moveit_msgs/include/moveit_msgs/moveit_msgs/msg/detail/orientation_constraint__rosidl_typesupport_fastrtps_cpp.hpp\n'}
[1.447813] (moveit_msgs) StdoutLine: {'line': b'-- Up-to-date: /home/yadhu/ur3e/src/install/moveit_msgs/include/moveit_msgs/moveit_msgs/srv\n'}
[1.447836] (moveit_msgs) StdoutLine: {'line': b'-- Up-to-date: /home/yadhu/ur3e/src/install/moveit_msgs/include/moveit_msgs/moveit_msgs/srv/detail\n'}
[1.447858] (moveit_msgs) StdoutLine: {'line': b'-- Up-to-date: /home/yadhu/ur3e/src/install/moveit_msgs/include/moveit_msgs/moveit_msgs/srv/detail/save_map__rosidl_typesupport_fastrtps_cpp.hpp\n'}
[1.447882] (moveit_msgs) StdoutLine: {'line': b'-- Up-to-date: /home/yadhu/ur3e/src/install/moveit_msgs/include/moveit_msgs/moveit_msgs/srv/detail/rename_robot_state_in_warehouse__rosidl_typesupport_fastrtps_cpp.hpp\n'}
[1.447904] (moveit_msgs) StdoutLine: {'line': b'-- Up-to-date: /home/yadhu/ur3e/src/install/moveit_msgs/include/moveit_msgs/moveit_msgs/srv/detail/get_planning_scene__rosidl_typesupport_fastrtps_cpp.hpp\n'}
[1.447927] (moveit_msgs) StdoutLine: {'line': b'-- Up-to-date: /home/yadhu/ur3e/src/install/moveit_msgs/include/moveit_msgs/moveit_msgs/srv/detail/dds_fastrtps\n'}
[1.447950] (moveit_msgs) StdoutLine: {'line': b'-- Up-to-date: /home/yadhu/ur3e/src/install/moveit_msgs/include/moveit_msgs/moveit_msgs/srv/detail/get_motion_sequence__rosidl_typesupport_fastrtps_cpp.hpp\n'}
[1.447974] (moveit_msgs) StdoutLine: {'line': b'-- Up-to-date: /home/yadhu/ur3e/src/install/moveit_msgs/include/moveit_msgs/moveit_msgs/srv/detail/get_position_ik__rosidl_typesupport_fastrtps_cpp.hpp\n'}
[1.447997] (moveit_msgs) StdoutLine: {'line': b'-- Up-to-date: /home/yadhu/ur3e/src/install/moveit_msgs/include/moveit_msgs/moveit_msgs/srv/detail/query_planner_interfaces__rosidl_typesupport_fastrtps_cpp.hpp\n'}
[1.448020] (moveit_msgs) StdoutLine: {'line': b'-- Up-to-date: /home/yadhu/ur3e/src/install/moveit_msgs/include/moveit_msgs/moveit_msgs/srv/detail/get_planner_params__rosidl_typesupport_fastrtps_cpp.hpp\n'}
[1.448043] (moveit_msgs) StdoutLine: {'line': b'-- Up-to-date: /home/yadhu/ur3e/src/install/moveit_msgs/include/moveit_msgs/moveit_msgs/srv/detail/change_control_dimensions__rosidl_typesupport_fastrtps_cpp.hpp\n'}
[1.448065] (moveit_msgs) StdoutLine: {'line': b'-- Up-to-date: /home/yadhu/ur3e/src/install/moveit_msgs/include/moveit_msgs/moveit_msgs/srv/detail/update_pointcloud_octomap__rosidl_typesupport_fastrtps_cpp.hpp\n'}
[1.448088] (moveit_msgs) StdoutLine: {'line': b'-- Up-to-date: /home/yadhu/ur3e/src/install/moveit_msgs/include/moveit_msgs/moveit_msgs/srv/detail/delete_robot_state_from_warehouse__rosidl_typesupport_fastrtps_cpp.hpp\n'}
[1.448110] (moveit_msgs) StdoutLine: {'line': b'-- Up-to-date: /home/yadhu/ur3e/src/install/moveit_msgs/include/moveit_msgs/moveit_msgs/srv/detail/get_cartesian_path__rosidl_typesupport_fastrtps_cpp.hpp\n'}
[1.448133] (moveit_msgs) StdoutLine: {'line': b'-- Up-to-date: /home/yadhu/ur3e/src/install/moveit_msgs/include/moveit_msgs/moveit_msgs/srv/detail/get_state_validity__rosidl_typesupport_fastrtps_cpp.hpp\n'}
[1.448158] (moveit_msgs) StdoutLine: {'line': b'-- Up-to-date: /home/yadhu/ur3e/src/install/moveit_msgs/include/moveit_msgs/moveit_msgs/srv/detail/get_position_fk__rosidl_typesupport_fastrtps_cpp.hpp\n'}
[1.448181] (moveit_msgs) StdoutLine: {'line': b'-- Up-to-date: /home/yadhu/ur3e/src/install/moveit_msgs/include/moveit_msgs/moveit_msgs/srv/detail/list_robot_states_in_warehouse__rosidl_typesupport_fastrtps_cpp.hpp\n'}
[1.448203] (moveit_msgs) StdoutLine: {'line': b'-- Up-to-date: /home/yadhu/ur3e/src/install/moveit_msgs/include/moveit_msgs/moveit_msgs/srv/detail/get_motion_plan__rosidl_typesupport_fastrtps_cpp.hpp\n'}
[1.448226] (moveit_msgs) StdoutLine: {'line': b'-- Up-to-date: /home/yadhu/ur3e/src/install/moveit_msgs/include/moveit_msgs/moveit_msgs/srv/detail/save_robot_state_to_warehouse__rosidl_typesupport_fastrtps_cpp.hpp\n'}
[1.448249] (moveit_msgs) StdoutLine: {'line': b'-- Up-to-date: /home/yadhu/ur3e/src/install/moveit_msgs/include/moveit_msgs/moveit_msgs/srv/detail/load_map__rosidl_typesupport_fastrtps_cpp.hpp\n'}
[1.448272] (moveit_msgs) StdoutLine: {'line': b'-- Up-to-date: /home/yadhu/ur3e/src/install/moveit_msgs/include/moveit_msgs/moveit_msgs/srv/detail/get_robot_state_from_warehouse__rosidl_typesupport_fastrtps_cpp.hpp\n'}
[1.448298] (moveit_msgs) StdoutLine: {'line': b'-- Up-to-date: /home/yadhu/ur3e/src/install/moveit_msgs/include/moveit_msgs/moveit_msgs/srv/detail/change_drift_dimensions__rosidl_typesupport_fastrtps_cpp.hpp\n'}
[1.448321] (moveit_msgs) StdoutLine: {'line': b'-- Up-to-date: /home/yadhu/ur3e/src/install/moveit_msgs/include/moveit_msgs/moveit_msgs/srv/detail/set_planner_params__rosidl_typesupport_fastrtps_cpp.hpp\n'}
[1.448344] (moveit_msgs) StdoutLine: {'line': b'-- Up-to-date: /home/yadhu/ur3e/src/install/moveit_msgs/include/moveit_msgs/moveit_msgs/srv/detail/check_if_robot_state_exists_in_warehouse__rosidl_typesupport_fastrtps_cpp.hpp\n'}
[1.448367] (moveit_msgs) StdoutLine: {'line': b'-- Up-to-date: /home/yadhu/ur3e/src/install/moveit_msgs/include/moveit_msgs/moveit_msgs/srv/detail/grasp_planning__rosidl_typesupport_fastrtps_cpp.hpp\n'}
[1.448390] (moveit_msgs) StdoutLine: {'line': b'-- Up-to-date: /home/yadhu/ur3e/src/install/moveit_msgs/include/moveit_msgs/moveit_msgs/srv/detail/apply_planning_scene__rosidl_typesupport_fastrtps_cpp.hpp\n'}
[1.448414] (moveit_msgs) StdoutLine: {'line': b'-- Up-to-date: /home/yadhu/ur3e/src/install/moveit_msgs/lib/libmoveit_msgs__rosidl_typesupport_fastrtps_cpp.so\n'}
[1.448437] (moveit_msgs) StdoutLine: {'line': b'-- Up-to-date: /home/yadhu/ur3e/src/install/moveit_msgs/include/moveit_msgs/moveit_msgs\n'}
[1.448460] (moveit_msgs) StdoutLine: {'line': b'-- Up-to-date: /home/yadhu/ur3e/src/install/moveit_msgs/include/moveit_msgs/moveit_msgs/action\n'}
[1.448484] (moveit_msgs) StdoutLine: {'line': b'-- Up-to-date: /home/yadhu/ur3e/src/install/moveit_msgs/include/moveit_msgs/moveit_msgs/action/detail\n'}
[1.448508] (moveit_msgs) StdoutLine: {'line': b'-- Up-to-date: /home/yadhu/ur3e/src/install/moveit_msgs/include/moveit_msgs/moveit_msgs/action/detail/hybrid_planner__rosidl_typesupport_introspection_cpp.hpp\n'}
[1.448530] (moveit_msgs) StdoutLine: {'line': b'-- Up-to-date: /home/yadhu/ur3e/src/install/moveit_msgs/include/moveit_msgs/moveit_msgs/action/detail/place__type_support.cpp\n'}
[1.448552] (moveit_msgs) StdoutLine: {'line': b'-- Up-to-date: /home/yadhu/ur3e/src/install/moveit_msgs/include/moveit_msgs/moveit_msgs/action/detail/local_planner__rosidl_typesupport_introspection_cpp.hpp\n'}
[1.448575] (moveit_msgs) StdoutLine: {'line': b'-- Up-to-date: /home/yadhu/ur3e/src/install/moveit_msgs/include/moveit_msgs/moveit_msgs/action/detail/move_group_sequence__type_support.cpp\n'}
[1.448598] (moveit_msgs) StdoutLine: {'line': b'-- Up-to-date: /home/yadhu/ur3e/src/install/moveit_msgs/include/moveit_msgs/moveit_msgs/action/detail/hybrid_planner__type_support.cpp\n'}
[1.448622] (moveit_msgs) StdoutLine: {'line': b'-- Up-to-date: /home/yadhu/ur3e/src/install/moveit_msgs/include/moveit_msgs/moveit_msgs/action/detail/global_planner__type_support.cpp\n'}
[1.448646] (moveit_msgs) StdoutLine: {'line': b'-- Up-to-date: /home/yadhu/ur3e/src/install/moveit_msgs/include/moveit_msgs/moveit_msgs/action/detail/pickup__type_support.cpp\n'}
[1.448668] (moveit_msgs) StdoutLine: {'line': b'-- Up-to-date: /home/yadhu/ur3e/src/install/moveit_msgs/include/moveit_msgs/moveit_msgs/action/detail/pickup__rosidl_typesupport_introspection_cpp.hpp\n'}
[1.448691] (moveit_msgs) StdoutLine: {'line': b'-- Up-to-date: /home/yadhu/ur3e/src/install/moveit_msgs/include/moveit_msgs/moveit_msgs/action/detail/move_group__rosidl_typesupport_introspection_cpp.hpp\n'}
[1.448714] (moveit_msgs) StdoutLine: {'line': b'-- Up-to-date: /home/yadhu/ur3e/src/install/moveit_msgs/include/moveit_msgs/moveit_msgs/action/detail/execute_trajectory__rosidl_typesupport_introspection_cpp.hpp\n'}
[1.448736] (moveit_msgs) StdoutLine: {'line': b'-- Up-to-date: /home/yadhu/ur3e/src/install/moveit_msgs/include/moveit_msgs/moveit_msgs/action/detail/move_group_sequence__rosidl_typesupport_introspection_cpp.hpp\n'}
[1.448759] (moveit_msgs) StdoutLine: {'line': b'-- Up-to-date: /home/yadhu/ur3e/src/install/moveit_msgs/include/moveit_msgs/moveit_msgs/action/detail/place__rosidl_typesupport_introspection_cpp.hpp\n'}
[1.448782] (moveit_msgs) StdoutLine: {'line': b'-- Up-to-date: /home/yadhu/ur3e/src/install/moveit_msgs/include/moveit_msgs/moveit_msgs/action/detail/local_planner__type_support.cpp\n'}
[1.448808] (moveit_msgs) StdoutLine: {'line': b'-- Up-to-date: /home/yadhu/ur3e/src/install/moveit_msgs/include/moveit_msgs/moveit_msgs/action/detail/global_planner__rosidl_typesupport_introspection_cpp.hpp\n'}
[1.448830] (moveit_msgs) StdoutLine: {'line': b'-- Up-to-date: /home/yadhu/ur3e/src/install/moveit_msgs/include/moveit_msgs/moveit_msgs/action/detail/execute_trajectory__type_support.cpp\n'}
[1.448854] (moveit_msgs) StdoutLine: {'line': b'-- Up-to-date: /home/yadhu/ur3e/src/install/moveit_msgs/include/moveit_msgs/moveit_msgs/action/detail/move_group__type_support.cpp\n'}
[1.448877] (moveit_msgs) StdoutLine: {'line': b'-- Up-to-date: /home/yadhu/ur3e/src/install/moveit_msgs/include/moveit_msgs/moveit_msgs/msg\n'}
[1.448900] (moveit_msgs) StdoutLine: {'line': b'-- Up-to-date: /home/yadhu/ur3e/src/install/moveit_msgs/include/moveit_msgs/moveit_msgs/msg/detail\n'}
[1.448925] (moveit_msgs) StdoutLine: {'line': b'-- Up-to-date: /home/yadhu/ur3e/src/install/moveit_msgs/include/moveit_msgs/moveit_msgs/msg/detail/workspace_parameters__type_support.cpp\n'}
[1.448947] (moveit_msgs) StdoutLine: {'line': b'-- Up-to-date: /home/yadhu/ur3e/src/install/moveit_msgs/include/moveit_msgs/moveit_msgs/msg/detail/trajectory_constraints__rosidl_typesupport_introspection_cpp.hpp\n'}
[1.448971] (moveit_msgs) StdoutLine: {'line': b'-- Up-to-date: /home/yadhu/ur3e/src/install/moveit_msgs/include/moveit_msgs/moveit_msgs/msg/detail/motion_sequence_item__type_support.cpp\n'}
[1.448994] (moveit_msgs) StdoutLine: {'line': b'-- Up-to-date: /home/yadhu/ur3e/src/install/moveit_msgs/include/moveit_msgs/moveit_msgs/msg/detail/planning_options__rosidl_typesupport_introspection_cpp.hpp\n'}
[1.449016] (moveit_msgs) StdoutLine: {'line': b'-- Up-to-date: /home/yadhu/ur3e/src/install/moveit_msgs/include/moveit_msgs/moveit_msgs/msg/detail/cartesian_trajectory_point__type_support.cpp\n'}
[1.449040] (moveit_msgs) StdoutLine: {'line': b'-- Up-to-date: /home/yadhu/ur3e/src/install/moveit_msgs/include/moveit_msgs/moveit_msgs/msg/detail/display_trajectory__type_support.cpp\n'}
[1.449063] (moveit_msgs) StdoutLine: {'line': b'-- Up-to-date: /home/yadhu/ur3e/src/install/moveit_msgs/include/moveit_msgs/moveit_msgs/msg/detail/planning_scene_world__type_support.cpp\n'}
[1.449086] (moveit_msgs) StdoutLine: {'line': b'-- Up-to-date: /home/yadhu/ur3e/src/install/moveit_msgs/include/moveit_msgs/moveit_msgs/msg/detail/planning_scene_components__type_support.cpp\n'}
[1.449110] (moveit_msgs) StdoutLine: {'line': b'-- Up-to-date: /home/yadhu/ur3e/src/install/moveit_msgs/include/moveit_msgs/moveit_msgs/msg/detail/visibility_constraint__rosidl_typesupport_introspection_cpp.hpp\n'}
[1.449134] (moveit_msgs) StdoutLine: {'line': b'-- Up-to-date: /home/yadhu/ur3e/src/install/moveit_msgs/include/moveit_msgs/moveit_msgs/msg/detail/constraints__type_support.cpp\n'}
[1.449157] (moveit_msgs) StdoutLine: {'line': b'-- Up-to-date: /home/yadhu/ur3e/src/install/moveit_msgs/include/moveit_msgs/moveit_msgs/msg/detail/cost_source__type_support.cpp\n'}
[1.449180] (moveit_msgs) StdoutLine: {'line': b'-- Up-to-date: /home/yadhu/ur3e/src/install/moveit_msgs/include/moveit_msgs/moveit_msgs/msg/detail/planner_interface_description__rosidl_typesupport_introspection_cpp.hpp\n'}
[1.449204] (moveit_msgs) StdoutLine: {'line': b'-- Up-to-date: /home/yadhu/ur3e/src/install/moveit_msgs/include/moveit_msgs/moveit_msgs/msg/detail/position_constraint__rosidl_typesupport_introspection_cpp.hpp\n'}
[1.449227] (moveit_msgs) StdoutLine: {'line': b'-- Up-to-date: /home/yadhu/ur3e/src/install/moveit_msgs/include/moveit_msgs/moveit_msgs/msg/detail/joint_constraint__type_support.cpp\n'}
[1.449249] (moveit_msgs) StdoutLine: {'line': b'-- Up-to-date: /home/yadhu/ur3e/src/install/moveit_msgs/include/moveit_msgs/moveit_msgs/msg/detail/motion_plan_detailed_response__type_support.cpp\n'}
[1.449271] (moveit_msgs) StdoutLine: {'line': b'-- Up-to-date: /home/yadhu/ur3e/src/install/moveit_msgs/include/moveit_msgs/moveit_msgs/msg/detail/attached_collision_object__rosidl_typesupport_introspection_cpp.hpp\n'}
[1.449298] (moveit_msgs) StdoutLine: {'line': b'-- Up-to-date: /home/yadhu/ur3e/src/install/moveit_msgs/include/moveit_msgs/moveit_msgs/msg/detail/display_robot_state__rosidl_typesupport_introspection_cpp.hpp\n'}
[1.449322] (moveit_msgs) StdoutLine: {'line': b'-- Up-to-date: /home/yadhu/ur3e/src/install/moveit_msgs/include/moveit_msgs/moveit_msgs/msg/detail/motion_plan_request__rosidl_typesupport_introspection_cpp.hpp\n'}
[1.449345] (moveit_msgs) StdoutLine: {'line': b'-- Up-to-date: /home/yadhu/ur3e/src/install/moveit_msgs/include/moveit_msgs/moveit_msgs/msg/detail/object_color__rosidl_typesupport_introspection_cpp.hpp\n'}
[1.449368] (moveit_msgs) StdoutLine: {'line': b'-- Up-to-date: /home/yadhu/ur3e/src/install/moveit_msgs/include/moveit_msgs/moveit_msgs/msg/detail/orientation_constraint__rosidl_typesupport_introspection_cpp.hpp\n'}
[1.449392] (moveit_msgs) StdoutLine: {'line': b'-- Up-to-date: /home/yadhu/ur3e/src/install/moveit_msgs/include/moveit_msgs/moveit_msgs/msg/detail/kinematic_solver_info__rosidl_typesupport_introspection_cpp.hpp\n'}
[1.449414] (moveit_msgs) StdoutLine: {'line': b'-- Up-to-date: /home/yadhu/ur3e/src/install/moveit_msgs/include/moveit_msgs/moveit_msgs/msg/detail/position_ik_request__type_support.cpp\n'}
[1.449438] (moveit_msgs) StdoutLine: {'line': b'-- Up-to-date: /home/yadhu/ur3e/src/install/moveit_msgs/include/moveit_msgs/moveit_msgs/msg/detail/bounding_volume__rosidl_typesupport_introspection_cpp.hpp\n'}
[1.449462] (moveit_msgs) StdoutLine: {'line': b'-- Up-to-date: /home/yadhu/ur3e/src/install/moveit_msgs/include/moveit_msgs/moveit_msgs/msg/detail/allowed_collision_entry__rosidl_typesupport_introspection_cpp.hpp\n'}
[1.449485] (moveit_msgs) StdoutLine: {'line': b'-- Up-to-date: /home/yadhu/ur3e/src/install/moveit_msgs/include/moveit_msgs/moveit_msgs/msg/detail/oriented_bounding_box__type_support.cpp\n'}
[1.449507] (moveit_msgs) StdoutLine: {'line': b'-- Up-to-date: /home/yadhu/ur3e/src/install/moveit_msgs/include/moveit_msgs/moveit_msgs/msg/detail/planner_params__type_support.cpp\n'}
[1.449530] (moveit_msgs) StdoutLine: {'line': b'-- Up-to-date: /home/yadhu/ur3e/src/install/moveit_msgs/include/moveit_msgs/moveit_msgs/msg/detail/gripper_translation__type_support.cpp\n'}
[1.449552] (moveit_msgs) StdoutLine: {'line': b'-- Up-to-date: /home/yadhu/ur3e/src/install/moveit_msgs/include/moveit_msgs/moveit_msgs/msg/detail/motion_sequence_response__rosidl_typesupport_introspection_cpp.hpp\n'}
[1.449575] (moveit_msgs) StdoutLine: {'line': b'-- Up-to-date: /home/yadhu/ur3e/src/install/moveit_msgs/include/moveit_msgs/moveit_msgs/msg/detail/robot_state__type_support.cpp\n'}
[1.449599] (moveit_msgs) StdoutLine: {'line': b'-- Up-to-date: /home/yadhu/ur3e/src/install/moveit_msgs/include/moveit_msgs/moveit_msgs/msg/detail/move_it_error_codes__type_support.cpp\n'}
[1.449621] (moveit_msgs) StdoutLine: {'line': b'-- Up-to-date: /home/yadhu/ur3e/src/install/moveit_msgs/include/moveit_msgs/moveit_msgs/msg/detail/gripper_translation__rosidl_typesupport_introspection_cpp.hpp\n'}
[1.449643] (moveit_msgs) StdoutLine: {'line': b'-- Up-to-date: /home/yadhu/ur3e/src/install/moveit_msgs/include/moveit_msgs/moveit_msgs/msg/detail/motion_sequence_response__type_support.cpp\n'}
[1.449667] (moveit_msgs) StdoutLine: {'line': b'-- Up-to-date: /home/yadhu/ur3e/src/install/moveit_msgs/include/moveit_msgs/moveit_msgs/msg/detail/grasp__type_support.cpp\n'}
[1.449689] (moveit_msgs) StdoutLine: {'line': b'-- Up-to-date: /home/yadhu/ur3e/src/install/moveit_msgs/include/moveit_msgs/moveit_msgs/msg/detail/joint_limits__rosidl_typesupport_introspection_cpp.hpp\n'}
[1.449714] (moveit_msgs) StdoutLine: {'line': b'-- Up-to-date: /home/yadhu/ur3e/src/install/moveit_msgs/include/moveit_msgs/moveit_msgs/msg/detail/joint_constraint__rosidl_typesupport_introspection_cpp.hpp\n'}
[1.449736] (moveit_msgs) StdoutLine: {'line': b'-- Up-to-date: /home/yadhu/ur3e/src/install/moveit_msgs/include/moveit_msgs/moveit_msgs/msg/detail/planning_options__type_support.cpp\n'}
[1.449759] (moveit_msgs) StdoutLine: {'line': b'-- Up-to-date: /home/yadhu/ur3e/src/install/moveit_msgs/include/moveit_msgs/moveit_msgs/msg/detail/cartesian_point__type_support.cpp\n'}
[1.449780] (moveit_msgs) StdoutLine: {'line': b'-- Up-to-date: /home/yadhu/ur3e/src/install/moveit_msgs/include/moveit_msgs/moveit_msgs/msg/detail/cartesian_trajectory_point__rosidl_typesupport_introspection_cpp.hpp\n'}
[1.449804] (moveit_msgs) StdoutLine: {'line': b'-- Up-to-date: /home/yadhu/ur3e/src/install/moveit_msgs/include/moveit_msgs/moveit_msgs/msg/detail/motion_sequence_request__type_support.cpp\n'}
[1.449828] (moveit_msgs) StdoutLine: {'line': b'-- Up-to-date: /home/yadhu/ur3e/src/install/moveit_msgs/include/moveit_msgs/moveit_msgs/msg/detail/position_ik_request__rosidl_typesupport_introspection_cpp.hpp\n'}
[1.449850] (moveit_msgs) StdoutLine: {'line': b'-- Up-to-date: /home/yadhu/ur3e/src/install/moveit_msgs/include/moveit_msgs/moveit_msgs/msg/detail/allowed_collision_matrix__rosidl_typesupport_introspection_cpp.hpp\n'}
[1.449874] (moveit_msgs) StdoutLine: {'line': b'-- Up-to-date: /home/yadhu/ur3e/src/install/moveit_msgs/include/moveit_msgs/moveit_msgs/msg/detail/robot_state__rosidl_typesupport_introspection_cpp.hpp\n'}
[1.449897] (moveit_msgs) StdoutLine: {'line': b'-- Up-to-date: /home/yadhu/ur3e/src/install/moveit_msgs/include/moveit_msgs/moveit_msgs/msg/detail/place_location__type_support.cpp\n'}
[1.449921] (moveit_msgs) StdoutLine: {'line': b'-- Up-to-date: /home/yadhu/ur3e/src/install/moveit_msgs/include/moveit_msgs/moveit_msgs/msg/detail/robot_trajectory__rosidl_typesupport_introspection_cpp.hpp\n'}
[1.449944] (moveit_msgs) StdoutLine: {'line': b'-- Up-to-date: /home/yadhu/ur3e/src/install/moveit_msgs/include/moveit_msgs/moveit_msgs/msg/detail/joint_limits__type_support.cpp\n'}
[1.449966] (moveit_msgs) StdoutLine: {'line': b'-- Up-to-date: /home/yadhu/ur3e/src/install/moveit_msgs/include/moveit_msgs/moveit_msgs/msg/detail/bounding_volume__type_support.cpp\n'}
[1.449988] (moveit_msgs) StdoutLine: {'line': b'-- Up-to-date: /home/yadhu/ur3e/src/install/moveit_msgs/include/moveit_msgs/moveit_msgs/msg/detail/link_padding__rosidl_typesupport_introspection_cpp.hpp\n'}
[1.450012] (moveit_msgs) StdoutLine: {'line': b'-- Up-to-date: /home/yadhu/ur3e/src/install/moveit_msgs/include/moveit_msgs/moveit_msgs/msg/detail/grasp__rosidl_typesupport_introspection_cpp.hpp\n'}
[1.450035] (moveit_msgs) StdoutLine: {'line': b'-- Up-to-date: /home/yadhu/ur3e/src/install/moveit_msgs/include/moveit_msgs/moveit_msgs/msg/detail/motion_plan_response__rosidl_typesupport_introspection_cpp.hpp\n'}
[1.450058] (moveit_msgs) StdoutLine: {'line': b'-- Up-to-date: /home/yadhu/ur3e/src/install/moveit_msgs/include/moveit_msgs/moveit_msgs/msg/detail/link_scale__type_support.cpp\n'}
[1.450081] (moveit_msgs) StdoutLine: {'line': b'-- Up-to-date: /home/yadhu/ur3e/src/install/moveit_msgs/include/moveit_msgs/moveit_msgs/msg/detail/planner_params__rosidl_typesupport_introspection_cpp.hpp\n'}
[1.450106] (moveit_msgs) StdoutLine: {'line': b'-- Up-to-date: /home/yadhu/ur3e/src/install/moveit_msgs/include/moveit_msgs/moveit_msgs/msg/detail/planning_scene_world__rosidl_typesupport_introspection_cpp.hpp\n'}
[1.450129] (moveit_msgs) StdoutLine: {'line': b'-- Up-to-date: /home/yadhu/ur3e/src/install/moveit_msgs/include/moveit_msgs/moveit_msgs/msg/detail/contact_information__rosidl_typesupport_introspection_cpp.hpp\n'}
[1.450152] (moveit_msgs) StdoutLine: {'line': b'-- Up-to-date: /home/yadhu/ur3e/src/install/moveit_msgs/include/moveit_msgs/moveit_msgs/msg/detail/position_constraint__type_support.cpp\n'}
[1.450174] (moveit_msgs) StdoutLine: {'line': b'-- Up-to-date: /home/yadhu/ur3e/src/install/moveit_msgs/include/moveit_msgs/moveit_msgs/msg/detail/workspace_parameters__rosidl_typesupport_introspection_cpp.hpp\n'}
[1.450196] (moveit_msgs) StdoutLine: {'line': b'-- Up-to-date: /home/yadhu/ur3e/src/install/moveit_msgs/include/moveit_msgs/moveit_msgs/msg/detail/planning_scene_components__rosidl_typesupport_introspection_cpp.hpp\n'}
[1.450219] (moveit_msgs) StdoutLine: {'line': b'-- Up-to-date: /home/yadhu/ur3e/src/install/moveit_msgs/include/moveit_msgs/moveit_msgs/msg/detail/motion_sequence_item__rosidl_typesupport_introspection_cpp.hpp\n'}
[1.450242] (moveit_msgs) StdoutLine: {'line': b'-- Up-to-date: /home/yadhu/ur3e/src/install/moveit_msgs/include/moveit_msgs/moveit_msgs/msg/detail/robot_trajectory__type_support.cpp\n'}
[1.450265] (moveit_msgs) StdoutLine: {'line': b'-- Up-to-date: /home/yadhu/ur3e/src/install/moveit_msgs/include/moveit_msgs/moveit_msgs/msg/detail/contact_information__type_support.cpp\n'}
[1.450286] (moveit_msgs) StdoutLine: {'line': b'-- Up-to-date: /home/yadhu/ur3e/src/install/moveit_msgs/include/moveit_msgs/moveit_msgs/msg/detail/collision_object__type_support.cpp\n'}
[1.450315] (moveit_msgs) StdoutLine: {'line': b'-- Up-to-date: /home/yadhu/ur3e/src/install/moveit_msgs/include/moveit_msgs/moveit_msgs/msg/detail/display_robot_state__type_support.cpp\n'}
[1.450340] (moveit_msgs) StdoutLine: {'line': b'-- Up-to-date: /home/yadhu/ur3e/src/install/moveit_msgs/include/moveit_msgs/moveit_msgs/msg/detail/collision_object__rosidl_typesupport_introspection_cpp.hpp\n'}
[1.450363] (moveit_msgs) StdoutLine: {'line': b'-- Up-to-date: /home/yadhu/ur3e/src/install/moveit_msgs/include/moveit_msgs/moveit_msgs/msg/detail/motion_plan_detailed_response__rosidl_typesupport_introspection_cpp.hpp\n'}
[1.450387] (moveit_msgs) StdoutLine: {'line': b'-- Up-to-date: /home/yadhu/ur3e/src/install/moveit_msgs/include/moveit_msgs/moveit_msgs/msg/detail/generic_trajectory__rosidl_typesupport_introspection_cpp.hpp\n'}
[1.450410] (moveit_msgs) StdoutLine: {'line': b'-- Up-to-date: /home/yadhu/ur3e/src/install/moveit_msgs/include/moveit_msgs/moveit_msgs/msg/detail/motion_plan_request__type_support.cpp\n'}
[1.450433] (moveit_msgs) StdoutLine: {'line': b'-- Up-to-date: /home/yadhu/ur3e/src/install/moveit_msgs/include/moveit_msgs/moveit_msgs/msg/detail/kinematic_solver_info__type_support.cpp\n'}
[1.450455] (moveit_msgs) StdoutLine: {'line': b'-- Up-to-date: /home/yadhu/ur3e/src/install/moveit_msgs/include/moveit_msgs/moveit_msgs/msg/detail/oriented_bounding_box__rosidl_typesupport_introspection_cpp.hpp\n'}
[1.450477] (moveit_msgs) StdoutLine: {'line': b'-- Up-to-date: /home/yadhu/ur3e/src/install/moveit_msgs/include/moveit_msgs/moveit_msgs/msg/detail/orientation_constraint__type_support.cpp\n'}
[1.450500] (moveit_msgs) StdoutLine: {'line': b'-- Up-to-date: /home/yadhu/ur3e/src/install/moveit_msgs/include/moveit_msgs/moveit_msgs/msg/detail/motion_plan_response__type_support.cpp\n'}
[1.450523] (moveit_msgs) StdoutLine: {'line': b'-- Up-to-date: /home/yadhu/ur3e/src/install/moveit_msgs/include/moveit_msgs/moveit_msgs/msg/detail/constraint_eval_result__type_support.cpp\n'}
[1.450546] (moveit_msgs) StdoutLine: {'line': b'-- Up-to-date: /home/yadhu/ur3e/src/install/moveit_msgs/include/moveit_msgs/moveit_msgs/msg/detail/move_it_error_codes__rosidl_typesupport_introspection_cpp.hpp\n'}
[1.450569] (moveit_msgs) StdoutLine: {'line': b'-- Up-to-date: /home/yadhu/ur3e/src/install/moveit_msgs/include/moveit_msgs/moveit_msgs/msg/detail/cartesian_trajectory__rosidl_typesupport_introspection_cpp.hpp\n'}
[1.450591] (moveit_msgs) StdoutLine: {'line': b'-- Up-to-date: /home/yadhu/ur3e/src/install/moveit_msgs/include/moveit_msgs/moveit_msgs/msg/detail/trajectory_constraints__type_support.cpp\n'}
[1.450614] (moveit_msgs) StdoutLine: {'line': b'-- Up-to-date: /home/yadhu/ur3e/src/install/moveit_msgs/include/moveit_msgs/moveit_msgs/msg/detail/motion_sequence_request__rosidl_typesupport_introspection_cpp.hpp\n'}
[1.450637] (moveit_msgs) StdoutLine: {'line': b'-- Up-to-date: /home/yadhu/ur3e/src/install/moveit_msgs/include/moveit_msgs/moveit_msgs/msg/detail/display_trajectory__rosidl_typesupport_introspection_cpp.hpp\n'}
[1.450662] (moveit_msgs) StdoutLine: {'line': b'-- Up-to-date: /home/yadhu/ur3e/src/install/moveit_msgs/include/moveit_msgs/moveit_msgs/msg/detail/constraint_eval_result__rosidl_typesupport_introspection_cpp.hpp\n'}
[1.450688] (moveit_msgs) StdoutLine: {'line': b'-- Up-to-date: /home/yadhu/ur3e/src/install/moveit_msgs/include/moveit_msgs/moveit_msgs/msg/detail/attached_collision_object__type_support.cpp\n'}
[1.450713] (moveit_msgs) StdoutLine: {'line': b'-- Up-to-date: /home/yadhu/ur3e/src/install/moveit_msgs/include/moveit_msgs/moveit_msgs/msg/detail/planner_interface_description__type_support.cpp\n'}
[1.450745] (moveit_msgs) StdoutLine: {'line': b'-- Up-to-date: /home/yadhu/ur3e/src/install/moveit_msgs/include/moveit_msgs/moveit_msgs/msg/detail/allowed_collision_matrix__type_support.cpp\n'}
[1.450773] (moveit_msgs) StdoutLine: {'line': b'-- Up-to-date: /home/yadhu/ur3e/src/install/moveit_msgs/include/moveit_msgs/moveit_msgs/msg/detail/cost_source__rosidl_typesupport_introspection_cpp.hpp\n'}
[1.450801] (moveit_msgs) StdoutLine: {'line': b'-- Up-to-date: /home/yadhu/ur3e/src/install/moveit_msgs/include/moveit_msgs/moveit_msgs/msg/detail/visibility_constraint__type_support.cpp\n'}
[1.450829] (moveit_msgs) StdoutLine: {'line': b'-- Up-to-date: /home/yadhu/ur3e/src/install/moveit_msgs/include/moveit_msgs/moveit_msgs/msg/detail/planning_scene__type_support.cpp\n'}
[1.450860] (moveit_msgs) StdoutLine: {'line': b'-- Up-to-date: /home/yadhu/ur3e/src/install/moveit_msgs/include/moveit_msgs/moveit_msgs/msg/detail/link_padding__type_support.cpp\n'}
[1.450889] (moveit_msgs) StdoutLine: {'line': b'-- Up-to-date: /home/yadhu/ur3e/src/install/moveit_msgs/include/moveit_msgs/moveit_msgs/msg/detail/object_color__type_support.cpp\n'}
[1.450917] (moveit_msgs) StdoutLine: {'line': b'-- Up-to-date: /home/yadhu/ur3e/src/install/moveit_msgs/include/moveit_msgs/moveit_msgs/msg/detail/link_scale__rosidl_typesupport_introspection_cpp.hpp\n'}
[1.450945] (moveit_msgs) StdoutLine: {'line': b'-- Up-to-date: /home/yadhu/ur3e/src/install/moveit_msgs/include/moveit_msgs/moveit_msgs/msg/detail/cartesian_point__rosidl_typesupport_introspection_cpp.hpp\n'}
[1.450968] (moveit_msgs) StdoutLine: {'line': b'-- Up-to-date: /home/yadhu/ur3e/src/install/moveit_msgs/include/moveit_msgs/moveit_msgs/msg/detail/generic_trajectory__type_support.cpp\n'}
[1.450991] (moveit_msgs) StdoutLine: {'line': b'-- Up-to-date: /home/yadhu/ur3e/src/install/moveit_msgs/include/moveit_msgs/moveit_msgs/msg/detail/allowed_collision_entry__type_support.cpp\n'}
[1.451013] (moveit_msgs) StdoutLine: {'line': b'-- Up-to-date: /home/yadhu/ur3e/src/install/moveit_msgs/include/moveit_msgs/moveit_msgs/msg/detail/constraints__rosidl_typesupport_introspection_cpp.hpp\n'}
[1.451036] (moveit_msgs) StdoutLine: {'line': b'-- Up-to-date: /home/yadhu/ur3e/src/install/moveit_msgs/include/moveit_msgs/moveit_msgs/msg/detail/place_location__rosidl_typesupport_introspection_cpp.hpp\n'}
[1.451059] (moveit_msgs) StdoutLine: {'line': b'-- Up-to-date: /home/yadhu/ur3e/src/install/moveit_msgs/include/moveit_msgs/moveit_msgs/msg/detail/planning_scene__rosidl_typesupport_introspection_cpp.hpp\n'}
[1.451082] (moveit_msgs) StdoutLine: {'line': b'-- Up-to-date: /home/yadhu/ur3e/src/install/moveit_msgs/include/moveit_msgs/moveit_msgs/msg/detail/cartesian_trajectory__type_support.cpp\n'}
[1.451105] (moveit_msgs) StdoutLine: {'line': b'-- Up-to-date: /home/yadhu/ur3e/src/install/moveit_msgs/include/moveit_msgs/moveit_msgs/srv\n'}
[1.451128] (moveit_msgs) StdoutLine: {'line': b'-- Up-to-date: /home/yadhu/ur3e/src/install/moveit_msgs/include/moveit_msgs/moveit_msgs/srv/detail\n'}
[1.451152] (moveit_msgs) StdoutLine: {'line': b'-- Up-to-date: /home/yadhu/ur3e/src/install/moveit_msgs/include/moveit_msgs/moveit_msgs/srv/detail/get_motion_plan__rosidl_typesupport_introspection_cpp.hpp\n'}
[1.451176] (moveit_msgs) StdoutLine: {'line': b'-- Up-to-date: /home/yadhu/ur3e/src/install/moveit_msgs/include/moveit_msgs/moveit_msgs/srv/detail/check_if_robot_state_exists_in_warehouse__type_support.cpp\n'}
[1.451200] (moveit_msgs) StdoutLine: {'line': b'-- Up-to-date: /home/yadhu/ur3e/src/install/moveit_msgs/include/moveit_msgs/moveit_msgs/srv/detail/update_pointcloud_octomap__type_support.cpp\n'}
[1.451223] (moveit_msgs) StdoutLine: {'line': b'-- Up-to-date: /home/yadhu/ur3e/src/install/moveit_msgs/include/moveit_msgs/moveit_msgs/srv/detail/get_state_validity__type_support.cpp\n'}
[1.451246] (moveit_msgs) StdoutLine: {'line': b'-- Up-to-date: /home/yadhu/ur3e/src/install/moveit_msgs/include/moveit_msgs/moveit_msgs/srv/detail/get_motion_sequence__rosidl_typesupport_introspection_cpp.hpp\n'}
[1.451269] (moveit_msgs) StdoutLine: {'line': b'-- Up-to-date: /home/yadhu/ur3e/src/install/moveit_msgs/include/moveit_msgs/moveit_msgs/srv/detail/change_drift_dimensions__type_support.cpp\n'}
[1.451297] (moveit_msgs) StdoutLine: {'line': b'-- Up-to-date: /home/yadhu/ur3e/src/install/moveit_msgs/include/moveit_msgs/moveit_msgs/srv/detail/get_planner_params__rosidl_typesupport_introspection_cpp.hpp\n'}
[1.451323] (moveit_msgs) StdoutLine: {'line': b'-- Up-to-date: /home/yadhu/ur3e/src/install/moveit_msgs/include/moveit_msgs/moveit_msgs/srv/detail/apply_planning_scene__rosidl_typesupport_introspection_cpp.hpp\n'}
[1.451349] (moveit_msgs) StdoutLine: {'line': b'-- Up-to-date: /home/yadhu/ur3e/src/install/moveit_msgs/include/moveit_msgs/moveit_msgs/srv/detail/save_map__type_support.cpp\n'}
[1.451378] (moveit_msgs) StdoutLine: {'line': b'-- Up-to-date: /home/yadhu/ur3e/src/install/moveit_msgs/include/moveit_msgs/moveit_msgs/srv/detail/save_robot_state_to_warehouse__type_support.cpp\n'}
[1.451404] (moveit_msgs) StdoutLine: {'line': b'-- Up-to-date: /home/yadhu/ur3e/src/install/moveit_msgs/include/moveit_msgs/moveit_msgs/srv/detail/get_cartesian_path__type_support.cpp\n'}
[1.451429] (moveit_msgs) StdoutLine: {'line': b'-- Up-to-date: /home/yadhu/ur3e/src/install/moveit_msgs/include/moveit_msgs/moveit_msgs/srv/detail/get_cartesian_path__rosidl_typesupport_introspection_cpp.hpp\n'}
[1.451452] (moveit_msgs) StdoutLine: {'line': b'-- Up-to-date: /home/yadhu/ur3e/src/install/moveit_msgs/include/moveit_msgs/moveit_msgs/srv/detail/list_robot_states_in_warehouse__type_support.cpp\n'}
[1.451477] (moveit_msgs) StdoutLine: {'line': b'-- Up-to-date: /home/yadhu/ur3e/src/install/moveit_msgs/include/moveit_msgs/moveit_msgs/srv/detail/change_control_dimensions__type_support.cpp\n'}
[1.451500] (moveit_msgs) StdoutLine: {'line': b'-- Up-to-date: /home/yadhu/ur3e/src/install/moveit_msgs/include/moveit_msgs/moveit_msgs/srv/detail/load_map__rosidl_typesupport_introspection_cpp.hpp\n'}
[1.451526] (moveit_msgs) StdoutLine: {'line': b'-- Up-to-date: /home/yadhu/ur3e/src/install/moveit_msgs/include/moveit_msgs/moveit_msgs/srv/detail/query_planner_interfaces__rosidl_typesupport_introspection_cpp.hpp\n'}
[1.451556] (moveit_msgs) StdoutLine: {'line': b'-- Up-to-date: /home/yadhu/ur3e/src/install/moveit_msgs/include/moveit_msgs/moveit_msgs/srv/detail/grasp_planning__rosidl_typesupport_introspection_cpp.hpp\n'}
[1.451583] (moveit_msgs) StdoutLine: {'line': b'-- Up-to-date: /home/yadhu/ur3e/src/install/moveit_msgs/include/moveit_msgs/moveit_msgs/srv/detail/save_robot_state_to_warehouse__rosidl_typesupport_introspection_cpp.hpp\n'}
[1.451621] (moveit_msgs) StdoutLine: {'line': b'-- Up-to-date: /home/yadhu/ur3e/src/install/moveit_msgs/include/moveit_msgs/moveit_msgs/srv/detail/get_planning_scene__type_support.cpp\n'}
[1.451675] (moveit_msgs) StdoutLine: {'line': b'-- Up-to-date: /home/yadhu/ur3e/src/install/moveit_msgs/include/moveit_msgs/moveit_msgs/srv/detail/save_map__rosidl_typesupport_introspection_cpp.hpp\n'}
[1.451732] (moveit_msgs) StdoutLine: {'line': b'-- Up-to-date: /home/yadhu/ur3e/src/install/moveit_msgs/include/moveit_msgs/moveit_msgs/srv/detail/set_planner_params__rosidl_typesupport_introspection_cpp.hpp\n'}
[1.451790] (moveit_msgs) StdoutLine: {'line': b'-- Up-to-date: /home/yadhu/ur3e/src/install/moveit_msgs/include/moveit_msgs/moveit_msgs/srv/detail/get_motion_plan__type_support.cpp\n'}
[1.451837] (moveit_msgs) StdoutLine: {'line': b'-- Up-to-date: /home/yadhu/ur3e/src/install/moveit_msgs/include/moveit_msgs/moveit_msgs/srv/detail/get_robot_state_from_warehouse__type_support.cpp\n'}
[1.451882] (moveit_msgs) StdoutLine: {'line': b'-- Up-to-date: /home/yadhu/ur3e/src/install/moveit_msgs/include/moveit_msgs/moveit_msgs/srv/detail/rename_robot_state_in_warehouse__type_support.cpp\n'}
[1.451930] (moveit_msgs) StdoutLine: {'line': b'-- Up-to-date: /home/yadhu/ur3e/src/install/moveit_msgs/include/moveit_msgs/moveit_msgs/srv/detail/get_state_validity__rosidl_typesupport_introspection_cpp.hpp\n'}
[1.451981] (moveit_msgs) StdoutLine: {'line': b'-- Up-to-date: /home/yadhu/ur3e/src/install/moveit_msgs/include/moveit_msgs/moveit_msgs/srv/detail/get_motion_sequence__type_support.cpp\n'}
[1.452031] (moveit_msgs) StdoutLine: {'line': b'-- Up-to-date: /home/yadhu/ur3e/src/install/moveit_msgs/include/moveit_msgs/moveit_msgs/srv/detail/apply_planning_scene__type_support.cpp\n'}
[1.452080] (moveit_msgs) StdoutLine: {'line': b'-- Up-to-date: /home/yadhu/ur3e/src/install/moveit_msgs/include/moveit_msgs/moveit_msgs/srv/detail/grasp_planning__type_support.cpp\n'}
[1.452142] (moveit_msgs) StdoutLine: {'line': b'-- Up-to-date: /home/yadhu/ur3e/src/install/moveit_msgs/include/moveit_msgs/moveit_msgs/srv/detail/get_robot_state_from_warehouse__rosidl_typesupport_introspection_cpp.hpp\n'}
[1.452236] (moveit_msgs) StdoutLine: {'line': b'-- Up-to-date: /home/yadhu/ur3e/src/install/moveit_msgs/include/moveit_msgs/moveit_msgs/srv/detail/delete_robot_state_from_warehouse__rosidl_typesupport_introspection_cpp.hpp\n'}
[1.452295] (moveit_msgs) StdoutLine: {'line': b'-- Up-to-date: /home/yadhu/ur3e/src/install/moveit_msgs/include/moveit_msgs/moveit_msgs/srv/detail/change_drift_dimensions__rosidl_typesupport_introspection_cpp.hpp\n'}
[1.452341] (moveit_msgs) StdoutLine: {'line': b'-- Up-to-date: /home/yadhu/ur3e/src/install/moveit_msgs/include/moveit_msgs/moveit_msgs/srv/detail/delete_robot_state_from_warehouse__type_support.cpp\n'}
[1.452377] (moveit_msgs) StdoutLine: {'line': b'-- Up-to-date: /home/yadhu/ur3e/src/install/moveit_msgs/include/moveit_msgs/moveit_msgs/srv/detail/change_control_dimensions__rosidl_typesupport_introspection_cpp.hpp\n'}
[1.452404] (moveit_msgs) StdoutLine: {'line': b'-- Up-to-date: /home/yadhu/ur3e/src/install/moveit_msgs/include/moveit_msgs/moveit_msgs/srv/detail/get_position_fk__rosidl_typesupport_introspection_cpp.hpp\n'}
[1.452431] (moveit_msgs) StdoutLine: {'line': b'-- Up-to-date: /home/yadhu/ur3e/src/install/moveit_msgs/include/moveit_msgs/moveit_msgs/srv/detail/get_position_ik__type_support.cpp\n'}
[1.452456] (moveit_msgs) StdoutLine: {'line': b'-- Up-to-date: /home/yadhu/ur3e/src/install/moveit_msgs/include/moveit_msgs/moveit_msgs/srv/detail/get_position_ik__rosidl_typesupport_introspection_cpp.hpp\n'}
[1.452483] (moveit_msgs) StdoutLine: {'line': b'-- Up-to-date: /home/yadhu/ur3e/src/install/moveit_msgs/include/moveit_msgs/moveit_msgs/srv/detail/get_position_fk__type_support.cpp\n'}
[1.452512] (moveit_msgs) StdoutLine: {'line': b'-- Up-to-date: /home/yadhu/ur3e/src/install/moveit_msgs/include/moveit_msgs/moveit_msgs/srv/detail/get_planning_scene__rosidl_typesupport_introspection_cpp.hpp\n'}
[1.452564] (moveit_msgs) StdoutLine: {'line': b'-- Up-to-date: /home/yadhu/ur3e/src/install/moveit_msgs/include/moveit_msgs/moveit_msgs/srv/detail/list_robot_states_in_warehouse__rosidl_typesupport_introspection_cpp.hpp\n'}
[1.452615] (moveit_msgs) StdoutLine: {'line': b'-- Up-to-date: /home/yadhu/ur3e/src/install/moveit_msgs/include/moveit_msgs/moveit_msgs/srv/detail/get_planner_params__type_support.cpp\n'}
[1.452671] (moveit_msgs) StdoutLine: {'line': b'-- Up-to-date: /home/yadhu/ur3e/src/install/moveit_msgs/include/moveit_msgs/moveit_msgs/srv/detail/update_pointcloud_octomap__rosidl_typesupport_introspection_cpp.hpp\n'}
[1.452721] (moveit_msgs) StdoutLine: {'line': b'-- Up-to-date: /home/yadhu/ur3e/src/install/moveit_msgs/include/moveit_msgs/moveit_msgs/srv/detail/query_planner_interfaces__type_support.cpp\n'}
[1.452780] (moveit_msgs) StdoutLine: {'line': b'-- Up-to-date: /home/yadhu/ur3e/src/install/moveit_msgs/include/moveit_msgs/moveit_msgs/srv/detail/set_planner_params__type_support.cpp\n'}
[1.452838] (moveit_msgs) StdoutLine: {'line': b'-- Up-to-date: /home/yadhu/ur3e/src/install/moveit_msgs/include/moveit_msgs/moveit_msgs/srv/detail/load_map__type_support.cpp\n'}
[1.452892] (moveit_msgs) StdoutLine: {'line': b'-- Up-to-date: /home/yadhu/ur3e/src/install/moveit_msgs/include/moveit_msgs/moveit_msgs/srv/detail/rename_robot_state_in_warehouse__rosidl_typesupport_introspection_cpp.hpp\n'}
[1.452959] (moveit_msgs) StdoutLine: {'line': b'-- Up-to-date: /home/yadhu/ur3e/src/install/moveit_msgs/include/moveit_msgs/moveit_msgs/srv/detail/check_if_robot_state_exists_in_warehouse__rosidl_typesupport_introspection_cpp.hpp\n'}
[1.453006] (moveit_msgs) StdoutLine: {'line': b'-- Up-to-date: /home/yadhu/ur3e/src/install/moveit_msgs/lib/libmoveit_msgs__rosidl_typesupport_introspection_cpp.so\n'}
[1.453034] (moveit_msgs) StdoutLine: {'line': b'-- Up-to-date: /home/yadhu/ur3e/src/install/moveit_msgs/lib/libmoveit_msgs__rosidl_typesupport_cpp.so\n'}
[1.453060] (moveit_msgs) StdoutLine: {'line': b'-- Up-to-date: /home/yadhu/ur3e/src/install/moveit_msgs/share/moveit_msgs/environment/pythonpath.sh\n'}
[1.453084] (moveit_msgs) StdoutLine: {'line': b'-- Up-to-date: /home/yadhu/ur3e/src/install/moveit_msgs/share/moveit_msgs/environment/pythonpath.dsv\n'}
[1.453110] (moveit_msgs) StdoutLine: {'line': b'-- Up-to-date: /home/yadhu/ur3e/src/install/moveit_msgs/local/lib/python3.10/dist-packages/moveit_msgs-2.2.1-py3.10.egg-info\n'}
[1.453133] (moveit_msgs) StdoutLine: {'line': b'-- Installing: /home/yadhu/ur3e/src/install/moveit_msgs/local/lib/python3.10/dist-packages/moveit_msgs-2.2.1-py3.10.egg-info/top_level.txt\n'}
[1.453157] (moveit_msgs) StdoutLine: {'line': b'-- Installing: /home/yadhu/ur3e/src/install/moveit_msgs/local/lib/python3.10/dist-packages/moveit_msgs-2.2.1-py3.10.egg-info/PKG-INFO\n'}
[1.453183] (moveit_msgs) StdoutLine: {'line': b'-- Installing: /home/yadhu/ur3e/src/install/moveit_msgs/local/lib/python3.10/dist-packages/moveit_msgs-2.2.1-py3.10.egg-info/dependency_links.txt\n'}
[1.453207] (moveit_msgs) StdoutLine: {'line': b'-- Installing: /home/yadhu/ur3e/src/install/moveit_msgs/local/lib/python3.10/dist-packages/moveit_msgs-2.2.1-py3.10.egg-info/SOURCES.txt\n'}
[1.453231] (moveit_msgs) StdoutLine: {'line': b'-- Up-to-date: /home/yadhu/ur3e/src/install/moveit_msgs/local/lib/python3.10/dist-packages/moveit_msgs\n'}
[1.453255] (moveit_msgs) StdoutLine: {'line': b'-- Up-to-date: /home/yadhu/ur3e/src/install/moveit_msgs/local/lib/python3.10/dist-packages/moveit_msgs/_moveit_msgs_s.ep.rosidl_typesupport_c.c\n'}
[1.453279] (moveit_msgs) StdoutLine: {'line': b'-- Up-to-date: /home/yadhu/ur3e/src/install/moveit_msgs/local/lib/python3.10/dist-packages/moveit_msgs/moveit_msgs_s__rosidl_typesupport_c.cpython-310-x86_64-linux-gnu.so\n'}
[1.453314] (moveit_msgs) StdoutLine: {'line': b'-- Up-to-date: /home/yadhu/ur3e/src/install/moveit_msgs/local/lib/python3.10/dist-packages/moveit_msgs/action\n'}
[1.453342] (moveit_msgs) StdoutLine: {'line': b'-- Up-to-date: /home/yadhu/ur3e/src/install/moveit_msgs/local/lib/python3.10/dist-packages/moveit_msgs/action/_hybrid_planner_s.c\n'}
[1.453368] (moveit_msgs) StdoutLine: {'line': b'-- Up-to-date: /home/yadhu/ur3e/src/install/moveit_msgs/local/lib/python3.10/dist-packages/moveit_msgs/action/_hybrid_planner.py\n'}
[1.453403] (moveit_msgs) StdoutLine: {'line': b'-- Up-to-date: /home/yadhu/ur3e/src/install/moveit_msgs/local/lib/python3.10/dist-packages/moveit_msgs/action/_pickup.py\n'}
[1.453432] (moveit_msgs) StdoutLine: {'line': b'-- Up-to-date: /home/yadhu/ur3e/src/install/moveit_msgs/local/lib/python3.10/dist-packages/moveit_msgs/action/_local_planner.py\n'}
[1.453476] (moveit_msgs) StdoutLine: {'line': b'-- Up-to-date: /home/yadhu/ur3e/src/install/moveit_msgs/local/lib/python3.10/dist-packages/moveit_msgs/action/_execute_trajectory.py\n'}
[1.453520] (moveit_msgs) StdoutLine: {'line': b'-- Up-to-date: /home/yadhu/ur3e/src/install/moveit_msgs/local/lib/python3.10/dist-packages/moveit_msgs/action/_global_planner_s.c\n'}
[1.453567] (moveit_msgs) StdoutLine: {'line': b'-- Up-to-date: /home/yadhu/ur3e/src/install/moveit_msgs/local/lib/python3.10/dist-packages/moveit_msgs/action/_move_group_sequence.py\n'}
[1.453615] (moveit_msgs) StdoutLine: {'line': b'-- Up-to-date: /home/yadhu/ur3e/src/install/moveit_msgs/local/lib/python3.10/dist-packages/moveit_msgs/action/_move_group_sequence_s.c\n'}
[1.453664] (moveit_msgs) StdoutLine: {'line': b'-- Up-to-date: /home/yadhu/ur3e/src/install/moveit_msgs/local/lib/python3.10/dist-packages/moveit_msgs/action/_pickup_s.c\n'}
[1.453712] (moveit_msgs) StdoutLine: {'line': b'-- Up-to-date: /home/yadhu/ur3e/src/install/moveit_msgs/local/lib/python3.10/dist-packages/moveit_msgs/action/_place_s.c\n'}
[1.453756] (moveit_msgs) StdoutLine: {'line': b'-- Up-to-date: /home/yadhu/ur3e/src/install/moveit_msgs/local/lib/python3.10/dist-packages/moveit_msgs/action/_global_planner.py\n'}
[1.453800] (moveit_msgs) StdoutLine: {'line': b'-- Up-to-date: /home/yadhu/ur3e/src/install/moveit_msgs/local/lib/python3.10/dist-packages/moveit_msgs/action/_place.py\n'}
[1.453849] (moveit_msgs) StdoutLine: {'line': b'-- Up-to-date: /home/yadhu/ur3e/src/install/moveit_msgs/local/lib/python3.10/dist-packages/moveit_msgs/action/_local_planner_s.c\n'}
[1.453895] (moveit_msgs) StdoutLine: {'line': b'-- Up-to-date: /home/yadhu/ur3e/src/install/moveit_msgs/local/lib/python3.10/dist-packages/moveit_msgs/action/_execute_trajectory_s.c\n'}
[1.453981] (moveit_msgs) StdoutLine: {'line': b'-- Up-to-date: /home/yadhu/ur3e/src/install/moveit_msgs/local/lib/python3.10/dist-packages/moveit_msgs/action/__init__.py\n'}
[1.454103] (moveit_msgs) StdoutLine: {'line': b'-- Up-to-date: /home/yadhu/ur3e/src/install/moveit_msgs/local/lib/python3.10/dist-packages/moveit_msgs/action/_move_group.py\n'}
[1.454169] (moveit_msgs) StdoutLine: {'line': b'-- Up-to-date: /home/yadhu/ur3e/src/install/moveit_msgs/local/lib/python3.10/dist-packages/moveit_msgs/action/_move_group_s.c\n'}
[1.454234] (moveit_msgs) StdoutLine: {'line': b'-- Up-to-date: /home/yadhu/ur3e/src/install/moveit_msgs/local/lib/python3.10/dist-packages/moveit_msgs/moveit_msgs_s__rosidl_typesupport_fastrtps_c.cpython-310-x86_64-linux-gnu.so\n'}
[1.454303] (moveit_msgs) StdoutLine: {'line': b'-- Up-to-date: /home/yadhu/ur3e/src/install/moveit_msgs/local/lib/python3.10/dist-packages/moveit_msgs/libmoveit_msgs__rosidl_generator_py.so\n'}
[1.454374] (moveit_msgs) StdoutLine: {'line': b'-- Up-to-date: /home/yadhu/ur3e/src/install/moveit_msgs/local/lib/python3.10/dist-packages/moveit_msgs/msg\n'}
[1.454438] (moveit_msgs) StdoutLine: {'line': b'-- Up-to-date: /home/yadhu/ur3e/src/install/moveit_msgs/local/lib/python3.10/dist-packages/moveit_msgs/msg/_visibility_constraint_s.c\n'}
[1.454498] (moveit_msgs) StdoutLine: {'line': b'-- Up-to-date: /home/yadhu/ur3e/src/install/moveit_msgs/local/lib/python3.10/dist-packages/moveit_msgs/msg/_planner_interface_description_s.c\n'}
[1.454559] (moveit_msgs) StdoutLine: {'line': b'-- Up-to-date: /home/yadhu/ur3e/src/install/moveit_msgs/local/lib/python3.10/dist-packages/moveit_msgs/msg/_constraint_eval_result.py\n'}
[1.454623] (moveit_msgs) StdoutLine: {'line': b'-- Up-to-date: /home/yadhu/ur3e/src/install/moveit_msgs/local/lib/python3.10/dist-packages/moveit_msgs/msg/_motion_sequence_item_s.c\n'}
[1.454689] (moveit_msgs) StdoutLine: {'line': b'-- Up-to-date: /home/yadhu/ur3e/src/install/moveit_msgs/local/lib/python3.10/dist-packages/moveit_msgs/msg/_allowed_collision_entry.py\n'}
[1.454754] (moveit_msgs) StdoutLine: {'line': b'-- Up-to-date: /home/yadhu/ur3e/src/install/moveit_msgs/local/lib/python3.10/dist-packages/moveit_msgs/msg/_robot_state.py\n'}
[1.454815] (moveit_msgs) StdoutLine: {'line': b'-- Up-to-date: /home/yadhu/ur3e/src/install/moveit_msgs/local/lib/python3.10/dist-packages/moveit_msgs/msg/_display_trajectory_s.c\n'}
[1.454883] (moveit_msgs) StdoutLine: {'line': b'-- Up-to-date: /home/yadhu/ur3e/src/install/moveit_msgs/local/lib/python3.10/dist-packages/moveit_msgs/msg/_motion_sequence_request_s.c\n'}
[1.454950] (moveit_msgs) StdoutLine: {'line': b'-- Up-to-date: /home/yadhu/ur3e/src/install/moveit_msgs/local/lib/python3.10/dist-packages/moveit_msgs/msg/_move_it_error_codes_s.c\n'}
[1.455011] (moveit_msgs) StdoutLine: {'line': b'-- Up-to-date: /home/yadhu/ur3e/src/install/moveit_msgs/local/lib/python3.10/dist-packages/moveit_msgs/msg/_trajectory_constraints_s.c\n'}
[1.455069] (moveit_msgs) StdoutLine: {'line': b'-- Up-to-date: /home/yadhu/ur3e/src/install/moveit_msgs/local/lib/python3.10/dist-packages/moveit_msgs/msg/_motion_sequence_response_s.c\n'}
[1.455135] (moveit_msgs) StdoutLine: {'line': b'-- Up-to-date: /home/yadhu/ur3e/src/install/moveit_msgs/local/lib/python3.10/dist-packages/moveit_msgs/msg/_workspace_parameters.py\n'}
[1.455205] (moveit_msgs) StdoutLine: {'line': b'-- Up-to-date: /home/yadhu/ur3e/src/install/moveit_msgs/local/lib/python3.10/dist-packages/moveit_msgs/msg/_planning_options.py\n'}
[1.455270] (moveit_msgs) StdoutLine: {'line': b'-- Up-to-date: /home/yadhu/ur3e/src/install/moveit_msgs/local/lib/python3.10/dist-packages/moveit_msgs/msg/_motion_sequence_request.py\n'}
[1.455347] (moveit_msgs) StdoutLine: {'line': b'-- Up-to-date: /home/yadhu/ur3e/src/install/moveit_msgs/local/lib/python3.10/dist-packages/moveit_msgs/msg/_motion_plan_response.py\n'}
[1.455418] (moveit_msgs) StdoutLine: {'line': b'-- Up-to-date: /home/yadhu/ur3e/src/install/moveit_msgs/local/lib/python3.10/dist-packages/moveit_msgs/msg/_planning_scene_world_s.c\n'}
[1.455479] (moveit_msgs) StdoutLine: {'line': b'-- Up-to-date: /home/yadhu/ur3e/src/install/moveit_msgs/local/lib/python3.10/dist-packages/moveit_msgs/msg/_motion_plan_request.py\n'}
[1.455538] (moveit_msgs) StdoutLine: {'line': b'-- Up-to-date: /home/yadhu/ur3e/src/install/moveit_msgs/local/lib/python3.10/dist-packages/moveit_msgs/msg/_cost_source.py\n'}
[1.455598] (moveit_msgs) StdoutLine: {'line': b'-- Up-to-date: /home/yadhu/ur3e/src/install/moveit_msgs/local/lib/python3.10/dist-packages/moveit_msgs/msg/_link_padding.py\n'}
[1.455659] (moveit_msgs) StdoutLine: {'line': b'-- Up-to-date: /home/yadhu/ur3e/src/install/moveit_msgs/local/lib/python3.10/dist-packages/moveit_msgs/msg/_allowed_collision_matrix_s.c\n'}
[1.455721] (moveit_msgs) StdoutLine: {'line': b'-- Up-to-date: /home/yadhu/ur3e/src/install/moveit_msgs/local/lib/python3.10/dist-packages/moveit_msgs/msg/_robot_trajectory_s.c\n'}
[1.455781] (moveit_msgs) StdoutLine: {'line': b'-- Up-to-date: /home/yadhu/ur3e/src/install/moveit_msgs/local/lib/python3.10/dist-packages/moveit_msgs/msg/_planning_scene_s.c\n'}
[1.455843] (moveit_msgs) StdoutLine: {'line': b'-- Up-to-date: /home/yadhu/ur3e/src/install/moveit_msgs/local/lib/python3.10/dist-packages/moveit_msgs/msg/_position_constraint.py\n'}
[1.455910] (moveit_msgs) StdoutLine: {'line': b'-- Up-to-date: /home/yadhu/ur3e/src/install/moveit_msgs/local/lib/python3.10/dist-packages/moveit_msgs/msg/_orientation_constraint.py\n'}
[1.455969] (moveit_msgs) StdoutLine: {'line': b'-- Up-to-date: /home/yadhu/ur3e/src/install/moveit_msgs/local/lib/python3.10/dist-packages/moveit_msgs/msg/_workspace_parameters_s.c\n'}
[1.456025] (moveit_msgs) StdoutLine: {'line': b'-- Up-to-date: /home/yadhu/ur3e/src/install/moveit_msgs/local/lib/python3.10/dist-packages/moveit_msgs/msg/_motion_sequence_response.py\n'}
[1.456081] (moveit_msgs) StdoutLine: {'line': b'-- Up-to-date: /home/yadhu/ur3e/src/install/moveit_msgs/local/lib/python3.10/dist-packages/moveit_msgs/msg/_bounding_volume.py\n'}
[1.456135] (moveit_msgs) StdoutLine: {'line': b'-- Up-to-date: /home/yadhu/ur3e/src/install/moveit_msgs/local/lib/python3.10/dist-packages/moveit_msgs/msg/_motion_plan_detailed_response_s.c\n'}
[1.456190] (moveit_msgs) StdoutLine: {'line': b'-- Up-to-date: /home/yadhu/ur3e/src/install/moveit_msgs/local/lib/python3.10/dist-packages/moveit_msgs/msg/_planning_scene_world.py\n'}
[1.456245] (moveit_msgs) StdoutLine: {'line': b'-- Up-to-date: /home/yadhu/ur3e/src/install/moveit_msgs/local/lib/python3.10/dist-packages/moveit_msgs/msg/_planning_options_s.c\n'}
[1.456305] (moveit_msgs) StdoutLine: {'line': b'-- Up-to-date: /home/yadhu/ur3e/src/install/moveit_msgs/local/lib/python3.10/dist-packages/moveit_msgs/msg/_joint_limits_s.c\n'}
[1.456404] (moveit_msgs) StdoutLine: {'line': b'-- Up-to-date: /home/yadhu/ur3e/src/install/moveit_msgs/local/lib/python3.10/dist-packages/moveit_msgs/msg/_oriented_bounding_box_s.c\n'}
[1.456446] (moveit_msgs) StdoutLine: {'line': b'-- Up-to-date: /home/yadhu/ur3e/src/install/moveit_msgs/local/lib/python3.10/dist-packages/moveit_msgs/msg/_attached_collision_object_s.c\n'}
[1.456477] (moveit_msgs) StdoutLine: {'line': b'-- Up-to-date: /home/yadhu/ur3e/src/install/moveit_msgs/local/lib/python3.10/dist-packages/moveit_msgs/msg/_bounding_volume_s.c\n'}
[1.456503] (moveit_msgs) StdoutLine: {'line': b'-- Up-to-date: /home/yadhu/ur3e/src/install/moveit_msgs/local/lib/python3.10/dist-packages/moveit_msgs/msg/_move_it_error_codes.py\n'}
[1.456528] (moveit_msgs) StdoutLine: {'line': b'-- Up-to-date: /home/yadhu/ur3e/src/install/moveit_msgs/local/lib/python3.10/dist-packages/moveit_msgs/msg/_display_robot_state.py\n'}
[1.456553] (moveit_msgs) StdoutLine: {'line': b'-- Up-to-date: /home/yadhu/ur3e/src/install/moveit_msgs/local/lib/python3.10/dist-packages/moveit_msgs/msg/_position_constraint_s.c\n'}
[1.456577] (moveit_msgs) StdoutLine: {'line': b'-- Up-to-date: /home/yadhu/ur3e/src/install/moveit_msgs/local/lib/python3.10/dist-packages/moveit_msgs/msg/_robot_state_s.c\n'}
[1.456606] (moveit_msgs) StdoutLine: {'line': b'-- Up-to-date: /home/yadhu/ur3e/src/install/moveit_msgs/local/lib/python3.10/dist-packages/moveit_msgs/msg/_link_scale.py\n'}
[1.456631] (moveit_msgs) StdoutLine: {'line': b'-- Up-to-date: /home/yadhu/ur3e/src/install/moveit_msgs/local/lib/python3.10/dist-packages/moveit_msgs/msg/_object_color.py\n'}
[1.456655] (moveit_msgs) StdoutLine: {'line': b'-- Up-to-date: /home/yadhu/ur3e/src/install/moveit_msgs/local/lib/python3.10/dist-packages/moveit_msgs/msg/_contact_information.py\n'}
[1.456680] (moveit_msgs) StdoutLine: {'line': b'-- Up-to-date: /home/yadhu/ur3e/src/install/moveit_msgs/local/lib/python3.10/dist-packages/moveit_msgs/msg/_object_color_s.c\n'}
[1.456704] (moveit_msgs) StdoutLine: {'line': b'-- Up-to-date: /home/yadhu/ur3e/src/install/moveit_msgs/local/lib/python3.10/dist-packages/moveit_msgs/msg/_cartesian_point.py\n'}
[1.456726] (moveit_msgs) StdoutLine: {'line': b'-- Up-to-date: /home/yadhu/ur3e/src/install/moveit_msgs/local/lib/python3.10/dist-packages/moveit_msgs/msg/_cartesian_trajectory.py\n'}
[1.456749] (moveit_msgs) StdoutLine: {'line': b'-- Up-to-date: /home/yadhu/ur3e/src/install/moveit_msgs/local/lib/python3.10/dist-packages/moveit_msgs/msg/_gripper_translation.py\n'}
[1.456772] (moveit_msgs) StdoutLine: {'line': b'-- Up-to-date: /home/yadhu/ur3e/src/install/moveit_msgs/local/lib/python3.10/dist-packages/moveit_msgs/msg/_collision_object.py\n'}
[1.456796] (moveit_msgs) StdoutLine: {'line': b'-- Up-to-date: /home/yadhu/ur3e/src/install/moveit_msgs/local/lib/python3.10/dist-packages/moveit_msgs/msg/_generic_trajectory_s.c\n'}
[1.456819] (moveit_msgs) StdoutLine: {'line': b'-- Up-to-date: /home/yadhu/ur3e/src/install/moveit_msgs/local/lib/python3.10/dist-packages/moveit_msgs/msg/_planner_params_s.c\n'}
[1.456843] (moveit_msgs) StdoutLine: {'line': b'-- Up-to-date: /home/yadhu/ur3e/src/install/moveit_msgs/local/lib/python3.10/dist-packages/moveit_msgs/msg/_planning_scene_components_s.c\n'}
[1.456868] (moveit_msgs) StdoutLine: {'line': b'-- Up-to-date: /home/yadhu/ur3e/src/install/moveit_msgs/local/lib/python3.10/dist-packages/moveit_msgs/msg/_collision_object_s.c\n'}
[1.456891] (moveit_msgs) StdoutLine: {'line': b'-- Up-to-date: /home/yadhu/ur3e/src/install/moveit_msgs/local/lib/python3.10/dist-packages/moveit_msgs/msg/_allowed_collision_matrix.py\n'}
[1.456913] (moveit_msgs) StdoutLine: {'line': b'-- Up-to-date: /home/yadhu/ur3e/src/install/moveit_msgs/local/lib/python3.10/dist-packages/moveit_msgs/msg/_planner_interface_description.py\n'}
[1.456937] (moveit_msgs) StdoutLine: {'line': b'-- Up-to-date: /home/yadhu/ur3e/src/install/moveit_msgs/local/lib/python3.10/dist-packages/moveit_msgs/msg/_cartesian_trajectory_point_s.c\n'}
[1.456961] (moveit_msgs) StdoutLine: {'line': b'-- Up-to-date: /home/yadhu/ur3e/src/install/moveit_msgs/local/lib/python3.10/dist-packages/moveit_msgs/msg/_trajectory_constraints.py\n'}
[1.456989] (moveit_msgs) StdoutLine: {'line': b'-- Up-to-date: /home/yadhu/ur3e/src/install/moveit_msgs/local/lib/python3.10/dist-packages/moveit_msgs/msg/_kinematic_solver_info.py\n'}
[1.457012] (moveit_msgs) StdoutLine: {'line': b'-- Up-to-date: /home/yadhu/ur3e/src/install/moveit_msgs/local/lib/python3.10/dist-packages/moveit_msgs/msg/_motion_plan_request_s.c\n'}
[1.457034] (moveit_msgs) StdoutLine: {'line': b'-- Up-to-date: /home/yadhu/ur3e/src/install/moveit_msgs/local/lib/python3.10/dist-packages/moveit_msgs/msg/_position_ik_request_s.c\n'}
[1.457056] (moveit_msgs) StdoutLine: {'line': b'-- Up-to-date: /home/yadhu/ur3e/src/install/moveit_msgs/local/lib/python3.10/dist-packages/moveit_msgs/msg/_planner_params.py\n'}
[1.457079] (moveit_msgs) StdoutLine: {'line': b'-- Up-to-date: /home/yadhu/ur3e/src/install/moveit_msgs/local/lib/python3.10/dist-packages/moveit_msgs/msg/_motion_plan_detailed_response.py\n'}
[1.457102] (moveit_msgs) StdoutLine: {'line': b'-- Up-to-date: /home/yadhu/ur3e/src/install/moveit_msgs/local/lib/python3.10/dist-packages/moveit_msgs/msg/_link_scale_s.c\n'}
[1.457127] (moveit_msgs) StdoutLine: {'line': b'-- Up-to-date: /home/yadhu/ur3e/src/install/moveit_msgs/local/lib/python3.10/dist-packages/moveit_msgs/msg/_constraints.py\n'}
[1.457152] (moveit_msgs) StdoutLine: {'line': b'-- Up-to-date: /home/yadhu/ur3e/src/install/moveit_msgs/local/lib/python3.10/dist-packages/moveit_msgs/msg/_allowed_collision_entry_s.c\n'}
[1.457175] (moveit_msgs) StdoutLine: {'line': b'-- Up-to-date: /home/yadhu/ur3e/src/install/moveit_msgs/local/lib/python3.10/dist-packages/moveit_msgs/msg/__init__.py\n'}
[1.457200] (moveit_msgs) StdoutLine: {'line': b'-- Up-to-date: /home/yadhu/ur3e/src/install/moveit_msgs/local/lib/python3.10/dist-packages/moveit_msgs/msg/_visibility_constraint.py\n'}
[1.457224] (moveit_msgs) StdoutLine: {'line': b'-- Up-to-date: /home/yadhu/ur3e/src/install/moveit_msgs/local/lib/python3.10/dist-packages/moveit_msgs/msg/_planning_scene.py\n'}
[1.457248] (moveit_msgs) StdoutLine: {'line': b'-- Up-to-date: /home/yadhu/ur3e/src/install/moveit_msgs/local/lib/python3.10/dist-packages/moveit_msgs/msg/_joint_limits.py\n'}
[1.457271] (moveit_msgs) StdoutLine: {'line': b'-- Up-to-date: /home/yadhu/ur3e/src/install/moveit_msgs/local/lib/python3.10/dist-packages/moveit_msgs/msg/_joint_constraint.py\n'}
[1.457299] (moveit_msgs) StdoutLine: {'line': b'-- Up-to-date: /home/yadhu/ur3e/src/install/moveit_msgs/local/lib/python3.10/dist-packages/moveit_msgs/msg/_place_location_s.c\n'}
[1.457324] (moveit_msgs) StdoutLine: {'line': b'-- Up-to-date: /home/yadhu/ur3e/src/install/moveit_msgs/local/lib/python3.10/dist-packages/moveit_msgs/msg/_generic_trajectory.py\n'}
[1.457348] (moveit_msgs) StdoutLine: {'line': b'-- Up-to-date: /home/yadhu/ur3e/src/install/moveit_msgs/local/lib/python3.10/dist-packages/moveit_msgs/msg/_cartesian_trajectory_point.py\n'}
[1.457372] (moveit_msgs) StdoutLine: {'line': b'-- Up-to-date: /home/yadhu/ur3e/src/install/moveit_msgs/local/lib/python3.10/dist-packages/moveit_msgs/msg/_cartesian_point_s.c\n'}
[1.457395] (moveit_msgs) StdoutLine: {'line': b'-- Up-to-date: /home/yadhu/ur3e/src/install/moveit_msgs/local/lib/python3.10/dist-packages/moveit_msgs/msg/_planning_scene_components.py\n'}
[1.457419] (moveit_msgs) StdoutLine: {'line': b'-- Up-to-date: /home/yadhu/ur3e/src/install/moveit_msgs/local/lib/python3.10/dist-packages/moveit_msgs/msg/_contact_information_s.c\n'}
[1.457442] (moveit_msgs) StdoutLine: {'line': b'-- Up-to-date: /home/yadhu/ur3e/src/install/moveit_msgs/local/lib/python3.10/dist-packages/moveit_msgs/msg/_oriented_bounding_box.py\n'}
[1.457465] (moveit_msgs) StdoutLine: {'line': b'-- Up-to-date: /home/yadhu/ur3e/src/install/moveit_msgs/local/lib/python3.10/dist-packages/moveit_msgs/msg/_gripper_translation_s.c\n'}
[1.457487] (moveit_msgs) StdoutLine: {'line': b'-- Up-to-date: /home/yadhu/ur3e/src/install/moveit_msgs/local/lib/python3.10/dist-packages/moveit_msgs/msg/_place_location.py\n'}
[1.457510] (moveit_msgs) StdoutLine: {'line': b'-- Up-to-date: /home/yadhu/ur3e/src/install/moveit_msgs/local/lib/python3.10/dist-packages/moveit_msgs/msg/_cartesian_trajectory_s.c\n'}
[1.457532] (moveit_msgs) StdoutLine: {'line': b'-- Up-to-date: /home/yadhu/ur3e/src/install/moveit_msgs/local/lib/python3.10/dist-packages/moveit_msgs/msg/_orientation_constraint_s.c\n'}
[1.457555] (moveit_msgs) StdoutLine: {'line': b'-- Up-to-date: /home/yadhu/ur3e/src/install/moveit_msgs/local/lib/python3.10/dist-packages/moveit_msgs/msg/_joint_constraint_s.c\n'}
[1.457578] (moveit_msgs) StdoutLine: {'line': b'-- Up-to-date: /home/yadhu/ur3e/src/install/moveit_msgs/local/lib/python3.10/dist-packages/moveit_msgs/msg/_display_robot_state_s.c\n'}
[1.457601] (moveit_msgs) StdoutLine: {'line': b'-- Up-to-date: /home/yadhu/ur3e/src/install/moveit_msgs/local/lib/python3.10/dist-packages/moveit_msgs/msg/_link_padding_s.c\n'}
[1.457625] (moveit_msgs) StdoutLine: {'line': b'-- Up-to-date: /home/yadhu/ur3e/src/install/moveit_msgs/local/lib/python3.10/dist-packages/moveit_msgs/msg/_robot_trajectory.py\n'}
[1.457649] (moveit_msgs) StdoutLine: {'line': b'-- Up-to-date: /home/yadhu/ur3e/src/install/moveit_msgs/local/lib/python3.10/dist-packages/moveit_msgs/msg/_attached_collision_object.py\n'}
[1.457674] (moveit_msgs) StdoutLine: {'line': b'-- Up-to-date: /home/yadhu/ur3e/src/install/moveit_msgs/local/lib/python3.10/dist-packages/moveit_msgs/msg/_grasp_s.c\n'}
[1.457697] (moveit_msgs) StdoutLine: {'line': b'-- Up-to-date: /home/yadhu/ur3e/src/install/moveit_msgs/local/lib/python3.10/dist-packages/moveit_msgs/msg/_position_ik_request.py\n'}
[1.457720] (moveit_msgs) StdoutLine: {'line': b'-- Up-to-date: /home/yadhu/ur3e/src/install/moveit_msgs/local/lib/python3.10/dist-packages/moveit_msgs/msg/_constraints_s.c\n'}
[1.457746] (moveit_msgs) StdoutLine: {'line': b'-- Up-to-date: /home/yadhu/ur3e/src/install/moveit_msgs/local/lib/python3.10/dist-packages/moveit_msgs/msg/_cost_source_s.c\n'}
[1.457769] (moveit_msgs) StdoutLine: {'line': b'-- Up-to-date: /home/yadhu/ur3e/src/install/moveit_msgs/local/lib/python3.10/dist-packages/moveit_msgs/msg/_motion_sequence_item.py\n'}
[1.457792] (moveit_msgs) StdoutLine: {'line': b'-- Up-to-date: /home/yadhu/ur3e/src/install/moveit_msgs/local/lib/python3.10/dist-packages/moveit_msgs/msg/_display_trajectory.py\n'}
[1.457815] (moveit_msgs) StdoutLine: {'line': b'-- Up-to-date: /home/yadhu/ur3e/src/install/moveit_msgs/local/lib/python3.10/dist-packages/moveit_msgs/msg/_motion_plan_response_s.c\n'}
[1.457838] (moveit_msgs) StdoutLine: {'line': b'-- Up-to-date: /home/yadhu/ur3e/src/install/moveit_msgs/local/lib/python3.10/dist-packages/moveit_msgs/msg/_kinematic_solver_info_s.c\n'}
[1.457860] (moveit_msgs) StdoutLine: {'line': b'-- Up-to-date: /home/yadhu/ur3e/src/install/moveit_msgs/local/lib/python3.10/dist-packages/moveit_msgs/msg/_constraint_eval_result_s.c\n'}
[1.457882] (moveit_msgs) StdoutLine: {'line': b'-- Up-to-date: /home/yadhu/ur3e/src/install/moveit_msgs/local/lib/python3.10/dist-packages/moveit_msgs/msg/_grasp.py\n'}
[1.457904] (moveit_msgs) StdoutLine: {'line': b'-- Up-to-date: /home/yadhu/ur3e/src/install/moveit_msgs/local/lib/python3.10/dist-packages/moveit_msgs/srv\n'}
[1.457927] (moveit_msgs) StdoutLine: {'line': b'-- Up-to-date: /home/yadhu/ur3e/src/install/moveit_msgs/local/lib/python3.10/dist-packages/moveit_msgs/srv/_change_drift_dimensions_s.c\n'}
[1.457950] (moveit_msgs) StdoutLine: {'line': b'-- Up-to-date: /home/yadhu/ur3e/src/install/moveit_msgs/local/lib/python3.10/dist-packages/moveit_msgs/srv/_delete_robot_state_from_warehouse.py\n'}
[1.457973] (moveit_msgs) StdoutLine: {'line': b'-- Up-to-date: /home/yadhu/ur3e/src/install/moveit_msgs/local/lib/python3.10/dist-packages/moveit_msgs/srv/_update_pointcloud_octomap_s.c\n'}
[1.457997] (moveit_msgs) StdoutLine: {'line': b'-- Up-to-date: /home/yadhu/ur3e/src/install/moveit_msgs/local/lib/python3.10/dist-packages/moveit_msgs/srv/_get_position_fk_s.c\n'}
[1.458020] (moveit_msgs) StdoutLine: {'line': b'-- Up-to-date: /home/yadhu/ur3e/src/install/moveit_msgs/local/lib/python3.10/dist-packages/moveit_msgs/srv/_get_state_validity.py\n'}
[1.458042] (moveit_msgs) StdoutLine: {'line': b'-- Up-to-date: /home/yadhu/ur3e/src/install/moveit_msgs/local/lib/python3.10/dist-packages/moveit_msgs/srv/_grasp_planning.py\n'}
[1.458066] (moveit_msgs) StdoutLine: {'line': b'-- Up-to-date: /home/yadhu/ur3e/src/install/moveit_msgs/local/lib/python3.10/dist-packages/moveit_msgs/srv/_grasp_planning_s.c\n'}
[1.458088] (moveit_msgs) StdoutLine: {'line': b'-- Up-to-date: /home/yadhu/ur3e/src/install/moveit_msgs/local/lib/python3.10/dist-packages/moveit_msgs/srv/_get_robot_state_from_warehouse.py\n'}
[1.458111] (moveit_msgs) StdoutLine: {'line': b'-- Up-to-date: /home/yadhu/ur3e/src/install/moveit_msgs/local/lib/python3.10/dist-packages/moveit_msgs/srv/_check_if_robot_state_exists_in_warehouse.py\n'}
[1.458135] (moveit_msgs) StdoutLine: {'line': b'-- Up-to-date: /home/yadhu/ur3e/src/install/moveit_msgs/local/lib/python3.10/dist-packages/moveit_msgs/srv/_change_control_dimensions_s.c\n'}
[1.458158] (moveit_msgs) StdoutLine: {'line': b'-- Up-to-date: /home/yadhu/ur3e/src/install/moveit_msgs/local/lib/python3.10/dist-packages/moveit_msgs/srv/_set_planner_params.py\n'}
[1.458182] (moveit_msgs) StdoutLine: {'line': b'-- Up-to-date: /home/yadhu/ur3e/src/install/moveit_msgs/local/lib/python3.10/dist-packages/moveit_msgs/srv/_get_motion_sequence.py\n'}
[1.458205] (moveit_msgs) StdoutLine: {'line': b'-- Up-to-date: /home/yadhu/ur3e/src/install/moveit_msgs/local/lib/python3.10/dist-packages/moveit_msgs/srv/_update_pointcloud_octomap.py\n'}
[1.458229] (moveit_msgs) StdoutLine: {'line': b'-- Up-to-date: /home/yadhu/ur3e/src/install/moveit_msgs/local/lib/python3.10/dist-packages/moveit_msgs/srv/_get_planner_params.py\n'}
[1.458252] (moveit_msgs) StdoutLine: {'line': b'-- Up-to-date: /home/yadhu/ur3e/src/install/moveit_msgs/local/lib/python3.10/dist-packages/moveit_msgs/srv/_save_map.py\n'}
[1.458275] (moveit_msgs) StdoutLine: {'line': b'-- Up-to-date: /home/yadhu/ur3e/src/install/moveit_msgs/local/lib/python3.10/dist-packages/moveit_msgs/srv/_rename_robot_state_in_warehouse.py\n'}
[1.458303] (moveit_msgs) StdoutLine: {'line': b'-- Up-to-date: /home/yadhu/ur3e/src/install/moveit_msgs/local/lib/python3.10/dist-packages/moveit_msgs/srv/_get_position_ik.py\n'}
[1.458327] (moveit_msgs) StdoutLine: {'line': b'-- Up-to-date: /home/yadhu/ur3e/src/install/moveit_msgs/local/lib/python3.10/dist-packages/moveit_msgs/srv/_load_map.py\n'}
[1.458351] (moveit_msgs) StdoutLine: {'line': b'-- Up-to-date: /home/yadhu/ur3e/src/install/moveit_msgs/local/lib/python3.10/dist-packages/moveit_msgs/srv/_apply_planning_scene.py\n'}
[1.458374] (moveit_msgs) StdoutLine: {'line': b'-- Up-to-date: /home/yadhu/ur3e/src/install/moveit_msgs/local/lib/python3.10/dist-packages/moveit_msgs/srv/_rename_robot_state_in_warehouse_s.c\n'}
[1.458397] (moveit_msgs) StdoutLine: {'line': b'-- Up-to-date: /home/yadhu/ur3e/src/install/moveit_msgs/local/lib/python3.10/dist-packages/moveit_msgs/srv/_get_position_fk.py\n'}
[1.458419] (moveit_msgs) StdoutLine: {'line': b'-- Up-to-date: /home/yadhu/ur3e/src/install/moveit_msgs/local/lib/python3.10/dist-packages/moveit_msgs/srv/_get_cartesian_path_s.c\n'}
[1.458441] (moveit_msgs) StdoutLine: {'line': b'-- Up-to-date: /home/yadhu/ur3e/src/install/moveit_msgs/local/lib/python3.10/dist-packages/moveit_msgs/srv/_get_motion_plan_s.c\n'}
[1.458466] (moveit_msgs) StdoutLine: {'line': b'-- Up-to-date: /home/yadhu/ur3e/src/install/moveit_msgs/local/lib/python3.10/dist-packages/moveit_msgs/srv/_get_planner_params_s.c\n'}
[1.458489] (moveit_msgs) StdoutLine: {'line': b'-- Up-to-date: /home/yadhu/ur3e/src/install/moveit_msgs/local/lib/python3.10/dist-packages/moveit_msgs/srv/_save_robot_state_to_warehouse_s.c\n'}
[1.458512] (moveit_msgs) StdoutLine: {'line': b'-- Up-to-date: /home/yadhu/ur3e/src/install/moveit_msgs/local/lib/python3.10/dist-packages/moveit_msgs/srv/_get_state_validity_s.c\n'}
[1.458535] (moveit_msgs) StdoutLine: {'line': b'-- Up-to-date: /home/yadhu/ur3e/src/install/moveit_msgs/local/lib/python3.10/dist-packages/moveit_msgs/srv/_delete_robot_state_from_warehouse_s.c\n'}
[1.458558] (moveit_msgs) StdoutLine: {'line': b'-- Up-to-date: /home/yadhu/ur3e/src/install/moveit_msgs/local/lib/python3.10/dist-packages/moveit_msgs/srv/_query_planner_interfaces_s.c\n'}
[1.458580] (moveit_msgs) StdoutLine: {'line': b'-- Up-to-date: /home/yadhu/ur3e/src/install/moveit_msgs/local/lib/python3.10/dist-packages/moveit_msgs/srv/__init__.py\n'}
[1.458603] (moveit_msgs) StdoutLine: {'line': b'-- Up-to-date: /home/yadhu/ur3e/src/install/moveit_msgs/local/lib/python3.10/dist-packages/moveit_msgs/srv/_check_if_robot_state_exists_in_warehouse_s.c\n'}
[1.458625] (moveit_msgs) StdoutLine: {'line': b'-- Up-to-date: /home/yadhu/ur3e/src/install/moveit_msgs/local/lib/python3.10/dist-packages/moveit_msgs/srv/_list_robot_states_in_warehouse.py\n'}
[1.458648] (moveit_msgs) StdoutLine: {'line': b'-- Up-to-date: /home/yadhu/ur3e/src/install/moveit_msgs/local/lib/python3.10/dist-packages/moveit_msgs/srv/_get_position_ik_s.c\n'}
[1.458670] (moveit_msgs) StdoutLine: {'line': b'-- Up-to-date: /home/yadhu/ur3e/src/install/moveit_msgs/local/lib/python3.10/dist-packages/moveit_msgs/srv/_get_planning_scene.py\n'}
[1.458694] (moveit_msgs) StdoutLine: {'line': b'-- Up-to-date: /home/yadhu/ur3e/src/install/moveit_msgs/local/lib/python3.10/dist-packages/moveit_msgs/srv/_save_robot_state_to_warehouse.py\n'}
[1.458716] (moveit_msgs) StdoutLine: {'line': b'-- Up-to-date: /home/yadhu/ur3e/src/install/moveit_msgs/local/lib/python3.10/dist-packages/moveit_msgs/srv/_get_motion_plan.py\n'}
[1.458739] (moveit_msgs) StdoutLine: {'line': b'-- Up-to-date: /home/yadhu/ur3e/src/install/moveit_msgs/local/lib/python3.10/dist-packages/moveit_msgs/srv/_get_motion_sequence_s.c\n'}
[1.458762] (moveit_msgs) StdoutLine: {'line': b'-- Up-to-date: /home/yadhu/ur3e/src/install/moveit_msgs/local/lib/python3.10/dist-packages/moveit_msgs/srv/_list_robot_states_in_warehouse_s.c\n'}
[1.458785] (moveit_msgs) StdoutLine: {'line': b'-- Up-to-date: /home/yadhu/ur3e/src/install/moveit_msgs/local/lib/python3.10/dist-packages/moveit_msgs/srv/_change_control_dimensions.py\n'}
[1.458808] (moveit_msgs) StdoutLine: {'line': b'-- Up-to-date: /home/yadhu/ur3e/src/install/moveit_msgs/local/lib/python3.10/dist-packages/moveit_msgs/srv/_load_map_s.c\n'}
[1.458830] (moveit_msgs) StdoutLine: {'line': b'-- Up-to-date: /home/yadhu/ur3e/src/install/moveit_msgs/local/lib/python3.10/dist-packages/moveit_msgs/srv/_get_robot_state_from_warehouse_s.c\n'}
[1.458853] (moveit_msgs) StdoutLine: {'line': b'-- Up-to-date: /home/yadhu/ur3e/src/install/moveit_msgs/local/lib/python3.10/dist-packages/moveit_msgs/srv/_change_drift_dimensions.py\n'}
[1.458876] (moveit_msgs) StdoutLine: {'line': b'-- Up-to-date: /home/yadhu/ur3e/src/install/moveit_msgs/local/lib/python3.10/dist-packages/moveit_msgs/srv/_apply_planning_scene_s.c\n'}
[1.458899] (moveit_msgs) StdoutLine: {'line': b'-- Up-to-date: /home/yadhu/ur3e/src/install/moveit_msgs/local/lib/python3.10/dist-packages/moveit_msgs/srv/_get_cartesian_path.py\n'}
[1.458921] (moveit_msgs) StdoutLine: {'line': b'-- Up-to-date: /home/yadhu/ur3e/src/install/moveit_msgs/local/lib/python3.10/dist-packages/moveit_msgs/srv/_query_planner_interfaces.py\n'}
[1.458944] (moveit_msgs) StdoutLine: {'line': b'-- Up-to-date: /home/yadhu/ur3e/src/install/moveit_msgs/local/lib/python3.10/dist-packages/moveit_msgs/srv/_get_planning_scene_s.c\n'}
[1.458967] (moveit_msgs) StdoutLine: {'line': b'-- Up-to-date: /home/yadhu/ur3e/src/install/moveit_msgs/local/lib/python3.10/dist-packages/moveit_msgs/srv/_set_planner_params_s.c\n'}
[1.458992] (moveit_msgs) StdoutLine: {'line': b'-- Up-to-date: /home/yadhu/ur3e/src/install/moveit_msgs/local/lib/python3.10/dist-packages/moveit_msgs/srv/_save_map_s.c\n'}
[1.459015] (moveit_msgs) StdoutLine: {'line': b'-- Up-to-date: /home/yadhu/ur3e/src/install/moveit_msgs/local/lib/python3.10/dist-packages/moveit_msgs/_moveit_msgs_s.ep.rosidl_typesupport_fastrtps_c.c\n'}
[1.459037] (moveit_msgs) StdoutLine: {'line': b'-- Up-to-date: /home/yadhu/ur3e/src/install/moveit_msgs/local/lib/python3.10/dist-packages/moveit_msgs/__init__.py\n'}
[1.459060] (moveit_msgs) StdoutLine: {'line': b'-- Up-to-date: /home/yadhu/ur3e/src/install/moveit_msgs/local/lib/python3.10/dist-packages/moveit_msgs/moveit_msgs_s__rosidl_typesupport_introspection_c.cpython-310-x86_64-linux-gnu.so\n'}
[1.459083] (moveit_msgs) StdoutLine: {'line': b'-- Up-to-date: /home/yadhu/ur3e/src/install/moveit_msgs/local/lib/python3.10/dist-packages/moveit_msgs/_moveit_msgs_s.ep.rosidl_typesupport_introspection_c.c\n'}
[1.461106] (moveit_msgs) StdoutLine: {'line': b"Listing '/home/yadhu/ur3e/src/install/moveit_msgs/local/lib/python3.10/dist-packages/moveit_msgs'...\n"}
[1.461153] (moveit_msgs) StdoutLine: {'line': b"Listing '/home/yadhu/ur3e/src/install/moveit_msgs/local/lib/python3.10/dist-packages/moveit_msgs/action'...\n"}
[1.461185] (moveit_msgs) StdoutLine: {'line': b"Listing '/home/yadhu/ur3e/src/install/moveit_msgs/local/lib/python3.10/dist-packages/moveit_msgs/msg'...\n"}
[1.461211] (moveit_msgs) StdoutLine: {'line': b"Listing '/home/yadhu/ur3e/src/install/moveit_msgs/local/lib/python3.10/dist-packages/moveit_msgs/srv'...\n"}
[1.464113] (moveit_msgs) StdoutLine: {'line': b'-- Up-to-date: /home/yadhu/ur3e/src/install/moveit_msgs/local/lib/python3.10/dist-packages/moveit_msgs/moveit_msgs_s__rosidl_typesupport_fastrtps_c.cpython-310-x86_64-linux-gnu.so\n'}
[1.464312] (moveit_msgs) StdoutLine: {'line': b'-- Up-to-date: /home/yadhu/ur3e/src/install/moveit_msgs/local/lib/python3.10/dist-packages/moveit_msgs/moveit_msgs_s__rosidl_typesupport_introspection_c.cpython-310-x86_64-linux-gnu.so\n'}
[1.464555] (moveit_msgs) StdoutLine: {'line': b'-- Up-to-date: /home/yadhu/ur3e/src/install/moveit_msgs/local/lib/python3.10/dist-packages/moveit_msgs/moveit_msgs_s__rosidl_typesupport_c.cpython-310-x86_64-linux-gnu.so\n'}
[1.464797] (moveit_msgs) StdoutLine: {'line': b'-- Up-to-date: /home/yadhu/ur3e/src/install/moveit_msgs/lib/libmoveit_msgs__rosidl_generator_py.so\n'}
[1.464904] (moveit_msgs) StdoutLine: {'line': b'-- Up-to-date: /home/yadhu/ur3e/src/install/moveit_msgs/share/moveit_msgs/msg/AllowedCollisionEntry.idl\n'}
[1.465020] (moveit_msgs) StdoutLine: {'line': b'-- Up-to-date: /home/yadhu/ur3e/src/install/moveit_msgs/share/moveit_msgs/msg/AllowedCollisionMatrix.idl\n'}
[1.465134] (moveit_msgs) StdoutLine: {'line': b'-- Up-to-date: /home/yadhu/ur3e/src/install/moveit_msgs/share/moveit_msgs/msg/AttachedCollisionObject.idl\n'}
[1.465209] (moveit_msgs) StdoutLine: {'line': b'-- Up-to-date: /home/yadhu/ur3e/src/install/moveit_msgs/share/moveit_msgs/msg/BoundingVolume.idl\n'}
[1.465279] (moveit_msgs) StdoutLine: {'line': b'-- Up-to-date: /home/yadhu/ur3e/src/install/moveit_msgs/share/moveit_msgs/msg/CartesianPoint.idl\n'}
[1.465346] (moveit_msgs) StdoutLine: {'line': b'-- Up-to-date: /home/yadhu/ur3e/src/install/moveit_msgs/share/moveit_msgs/msg/CartesianTrajectory.idl\n'}
[1.465457] (moveit_msgs) StdoutLine: {'line': b'-- Up-to-date: /home/yadhu/ur3e/src/install/moveit_msgs/share/moveit_msgs/msg/CartesianTrajectoryPoint.idl\n'}
[1.465528] (moveit_msgs) StdoutLine: {'line': b'-- Up-to-date: /home/yadhu/ur3e/src/install/moveit_msgs/share/moveit_msgs/msg/CollisionObject.idl\n'}
[1.465598] (moveit_msgs) StdoutLine: {'line': b'-- Up-to-date: /home/yadhu/ur3e/src/install/moveit_msgs/share/moveit_msgs/msg/ConstraintEvalResult.idl\n'}
[1.465659] (moveit_msgs) StdoutLine: {'line': b'-- Up-to-date: /home/yadhu/ur3e/src/install/moveit_msgs/share/moveit_msgs/msg/Constraints.idl\n'}
[1.465771] (moveit_msgs) StdoutLine: {'line': b'-- Up-to-date: /home/yadhu/ur3e/src/install/moveit_msgs/share/moveit_msgs/msg/CostSource.idl\n'}
[1.465842] (moveit_msgs) StdoutLine: {'line': b'-- Up-to-date: /home/yadhu/ur3e/src/install/moveit_msgs/share/moveit_msgs/msg/ContactInformation.idl\n'}
[1.465907] (moveit_msgs) StdoutLine: {'line': b'-- Up-to-date: /home/yadhu/ur3e/src/install/moveit_msgs/share/moveit_msgs/msg/DisplayTrajectory.idl\n'}
[1.465965] (moveit_msgs) StdoutLine: {'line': b'-- Up-to-date: /home/yadhu/ur3e/src/install/moveit_msgs/share/moveit_msgs/msg/DisplayRobotState.idl\n'}
[1.466072] (moveit_msgs) StdoutLine: {'line': b'-- Up-to-date: /home/yadhu/ur3e/src/install/moveit_msgs/share/moveit_msgs/msg/GenericTrajectory.idl\n'}
[1.466151] (moveit_msgs) StdoutLine: {'line': b'-- Up-to-date: /home/yadhu/ur3e/src/install/moveit_msgs/share/moveit_msgs/msg/Grasp.idl\n'}
[1.466210] (moveit_msgs) StdoutLine: {'line': b'-- Up-to-date: /home/yadhu/ur3e/src/install/moveit_msgs/share/moveit_msgs/msg/GripperTranslation.idl\n'}
[1.466268] (moveit_msgs) StdoutLine: {'line': b'-- Up-to-date: /home/yadhu/ur3e/src/install/moveit_msgs/share/moveit_msgs/msg/JointConstraint.idl\n'}
[1.466385] (moveit_msgs) StdoutLine: {'line': b'-- Up-to-date: /home/yadhu/ur3e/src/install/moveit_msgs/share/moveit_msgs/msg/JointLimits.idl\n'}
[1.466493] (moveit_msgs) StdoutLine: {'line': b'-- Up-to-date: /home/yadhu/ur3e/src/install/moveit_msgs/share/moveit_msgs/msg/LinkPadding.idl\n'}
[1.466534] (moveit_msgs) StdoutLine: {'line': b'-- Up-to-date: /home/yadhu/ur3e/src/install/moveit_msgs/share/moveit_msgs/msg/LinkScale.idl\n'}
[1.466618] (moveit_msgs) StdoutLine: {'line': b'-- Up-to-date: /home/yadhu/ur3e/src/install/moveit_msgs/share/moveit_msgs/msg/MotionPlanRequest.idl\n'}
[1.466723] (moveit_msgs) StdoutLine: {'line': b'-- Up-to-date: /home/yadhu/ur3e/src/install/moveit_msgs/share/moveit_msgs/msg/MotionPlanResponse.idl\n'}
[1.466788] (moveit_msgs) StdoutLine: {'line': b'-- Up-to-date: /home/yadhu/ur3e/src/install/moveit_msgs/share/moveit_msgs/msg/MotionPlanDetailedResponse.idl\n'}
[1.466863] (moveit_msgs) StdoutLine: {'line': b'-- Up-to-date: /home/yadhu/ur3e/src/install/moveit_msgs/share/moveit_msgs/msg/MotionSequenceItem.idl\n'}
[1.466915] (moveit_msgs) StdoutLine: {'line': b'-- Up-to-date: /home/yadhu/ur3e/src/install/moveit_msgs/share/moveit_msgs/msg/MotionSequenceRequest.idl\n'}
[1.467020] (moveit_msgs) StdoutLine: {'line': b'-- Up-to-date: /home/yadhu/ur3e/src/install/moveit_msgs/share/moveit_msgs/msg/MotionSequenceResponse.idl\n'}
[1.467091] (moveit_msgs) StdoutLine: {'line': b'-- Up-to-date: /home/yadhu/ur3e/src/install/moveit_msgs/share/moveit_msgs/msg/MoveItErrorCodes.idl\n'}
[1.467155] (moveit_msgs) StdoutLine: {'line': b'-- Up-to-date: /home/yadhu/ur3e/src/install/moveit_msgs/share/moveit_msgs/msg/TrajectoryConstraints.idl\n'}
[1.467215] (moveit_msgs) StdoutLine: {'line': b'-- Up-to-date: /home/yadhu/ur3e/src/install/moveit_msgs/share/moveit_msgs/msg/ObjectColor.idl\n'}
[1.467326] (moveit_msgs) StdoutLine: {'line': b'-- Up-to-date: /home/yadhu/ur3e/src/install/moveit_msgs/share/moveit_msgs/msg/OrientationConstraint.idl\n'}
[1.467394] (moveit_msgs) StdoutLine: {'line': b'-- Up-to-date: /home/yadhu/ur3e/src/install/moveit_msgs/share/moveit_msgs/msg/OrientedBoundingBox.idl\n'}
[1.467459] (moveit_msgs) StdoutLine: {'line': b'-- Up-to-date: /home/yadhu/ur3e/src/install/moveit_msgs/share/moveit_msgs/msg/PlaceLocation.idl\n'}
[1.467521] (moveit_msgs) StdoutLine: {'line': b'-- Up-to-date: /home/yadhu/ur3e/src/install/moveit_msgs/share/moveit_msgs/msg/PlannerInterfaceDescription.idl\n'}
[1.467623] (moveit_msgs) StdoutLine: {'line': b'-- Up-to-date: /home/yadhu/ur3e/src/install/moveit_msgs/share/moveit_msgs/msg/PlannerParams.idl\n'}
[1.467689] (moveit_msgs) StdoutLine: {'line': b'-- Up-to-date: /home/yadhu/ur3e/src/install/moveit_msgs/share/moveit_msgs/msg/PlanningScene.idl\n'}
[1.467753] (moveit_msgs) StdoutLine: {'line': b'-- Up-to-date: /home/yadhu/ur3e/src/install/moveit_msgs/share/moveit_msgs/msg/PlanningSceneComponents.idl\n'}
[1.467810] (moveit_msgs) StdoutLine: {'line': b'-- Up-to-date: /home/yadhu/ur3e/src/install/moveit_msgs/share/moveit_msgs/msg/PlanningSceneWorld.idl\n'}
[1.467914] (moveit_msgs) StdoutLine: {'line': b'-- Up-to-date: /home/yadhu/ur3e/src/install/moveit_msgs/share/moveit_msgs/msg/PlanningOptions.idl\n'}
[1.467976] (moveit_msgs) StdoutLine: {'line': b'-- Up-to-date: /home/yadhu/ur3e/src/install/moveit_msgs/share/moveit_msgs/msg/PositionConstraint.idl\n'}
[1.468039] (moveit_msgs) StdoutLine: {'line': b'-- Up-to-date: /home/yadhu/ur3e/src/install/moveit_msgs/share/moveit_msgs/msg/RobotState.idl\n'}
[1.468096] (moveit_msgs) StdoutLine: {'line': b'-- Up-to-date: /home/yadhu/ur3e/src/install/moveit_msgs/share/moveit_msgs/msg/RobotTrajectory.idl\n'}
[1.468200] (moveit_msgs) StdoutLine: {'line': b'-- Up-to-date: /home/yadhu/ur3e/src/install/moveit_msgs/share/moveit_msgs/msg/VisibilityConstraint.idl\n'}
[1.468304] (moveit_msgs) StdoutLine: {'line': b'-- Up-to-date: /home/yadhu/ur3e/src/install/moveit_msgs/share/moveit_msgs/msg/WorkspaceParameters.idl\n'}
[1.468348] (moveit_msgs) StdoutLine: {'line': b'-- Up-to-date: /home/yadhu/ur3e/src/install/moveit_msgs/share/moveit_msgs/msg/KinematicSolverInfo.idl\n'}
[1.468419] (moveit_msgs) StdoutLine: {'line': b'-- Up-to-date: /home/yadhu/ur3e/src/install/moveit_msgs/share/moveit_msgs/msg/PositionIKRequest.idl\n'}
[1.468520] (moveit_msgs) StdoutLine: {'line': b'-- Up-to-date: /home/yadhu/ur3e/src/install/moveit_msgs/share/moveit_msgs/srv/GetMotionPlan.idl\n'}
[1.468584] (moveit_msgs) StdoutLine: {'line': b'-- Up-to-date: /home/yadhu/ur3e/src/install/moveit_msgs/share/moveit_msgs/srv/GetStateValidity.idl\n'}
[1.468645] (moveit_msgs) StdoutLine: {'line': b'-- Up-to-date: /home/yadhu/ur3e/src/install/moveit_msgs/share/moveit_msgs/srv/GetCartesianPath.idl\n'}
[1.468701] (moveit_msgs) StdoutLine: {'line': b'-- Up-to-date: /home/yadhu/ur3e/src/install/moveit_msgs/share/moveit_msgs/srv/GetPlanningScene.idl\n'}
[1.468811] (moveit_msgs) StdoutLine: {'line': b'-- Up-to-date: /home/yadhu/ur3e/src/install/moveit_msgs/share/moveit_msgs/srv/GraspPlanning.idl\n'}
[1.468868] (moveit_msgs) StdoutLine: {'line': b'-- Up-to-date: /home/yadhu/ur3e/src/install/moveit_msgs/share/moveit_msgs/srv/ApplyPlanningScene.idl\n'}
[1.468930] (moveit_msgs) StdoutLine: {'line': b'-- Up-to-date: /home/yadhu/ur3e/src/install/moveit_msgs/share/moveit_msgs/srv/QueryPlannerInterfaces.idl\n'}
[1.468988] (moveit_msgs) StdoutLine: {'line': b'-- Up-to-date: /home/yadhu/ur3e/src/install/moveit_msgs/share/moveit_msgs/srv/GetMotionSequence.idl\n'}
[1.469091] (moveit_msgs) StdoutLine: {'line': b'-- Up-to-date: /home/yadhu/ur3e/src/install/moveit_msgs/share/moveit_msgs/srv/GetPositionFK.idl\n'}
[1.469154] (moveit_msgs) StdoutLine: {'line': b'-- Up-to-date: /home/yadhu/ur3e/src/install/moveit_msgs/share/moveit_msgs/srv/GetPositionIK.idl\n'}
[1.469216] (moveit_msgs) StdoutLine: {'line': b'-- Up-to-date: /home/yadhu/ur3e/src/install/moveit_msgs/share/moveit_msgs/srv/GetPlannerParams.idl\n'}
[1.469272] (moveit_msgs) StdoutLine: {'line': b'-- Up-to-date: /home/yadhu/ur3e/src/install/moveit_msgs/share/moveit_msgs/srv/SetPlannerParams.idl\n'}
[1.469377] (moveit_msgs) StdoutLine: {'line': b'-- Up-to-date: /home/yadhu/ur3e/src/install/moveit_msgs/share/moveit_msgs/srv/UpdatePointcloudOctomap.idl\n'}
[1.469441] (moveit_msgs) StdoutLine: {'line': b'-- Up-to-date: /home/yadhu/ur3e/src/install/moveit_msgs/share/moveit_msgs/srv/SaveMap.idl\n'}
[1.469502] (moveit_msgs) StdoutLine: {'line': b'-- Up-to-date: /home/yadhu/ur3e/src/install/moveit_msgs/share/moveit_msgs/srv/LoadMap.idl\n'}
[1.469561] (moveit_msgs) StdoutLine: {'line': b'-- Up-to-date: /home/yadhu/ur3e/src/install/moveit_msgs/share/moveit_msgs/srv/SaveRobotStateToWarehouse.idl\n'}
[1.469664] (moveit_msgs) StdoutLine: {'line': b'-- Up-to-date: /home/yadhu/ur3e/src/install/moveit_msgs/share/moveit_msgs/srv/ListRobotStatesInWarehouse.idl\n'}
[1.469726] (moveit_msgs) StdoutLine: {'line': b'-- Up-to-date: /home/yadhu/ur3e/src/install/moveit_msgs/share/moveit_msgs/srv/GetRobotStateFromWarehouse.idl\n'}
[1.469791] (moveit_msgs) StdoutLine: {'line': b'-- Up-to-date: /home/yadhu/ur3e/src/install/moveit_msgs/share/moveit_msgs/srv/CheckIfRobotStateExistsInWarehouse.idl\n'}
[1.469848] (moveit_msgs) StdoutLine: {'line': b'-- Up-to-date: /home/yadhu/ur3e/src/install/moveit_msgs/share/moveit_msgs/srv/RenameRobotStateInWarehouse.idl\n'}
[1.469954] (moveit_msgs) StdoutLine: {'line': b'-- Up-to-date: /home/yadhu/ur3e/src/install/moveit_msgs/share/moveit_msgs/srv/DeleteRobotStateFromWarehouse.idl\n'}
[1.470057] (moveit_msgs) StdoutLine: {'line': b'-- Up-to-date: /home/yadhu/ur3e/src/install/moveit_msgs/share/moveit_msgs/srv/ChangeControlDimensions.idl\n'}
[1.470096] (moveit_msgs) StdoutLine: {'line': b'-- Up-to-date: /home/yadhu/ur3e/src/install/moveit_msgs/share/moveit_msgs/srv/ChangeDriftDimensions.idl\n'}
[1.470179] (moveit_msgs) StdoutLine: {'line': b'-- Up-to-date: /home/yadhu/ur3e/src/install/moveit_msgs/share/moveit_msgs/action/ExecuteTrajectory.idl\n'}
[1.470283] (moveit_msgs) StdoutLine: {'line': b'-- Up-to-date: /home/yadhu/ur3e/src/install/moveit_msgs/share/moveit_msgs/action/MoveGroup.idl\n'}
[1.470351] (moveit_msgs) StdoutLine: {'line': b'-- Up-to-date: /home/yadhu/ur3e/src/install/moveit_msgs/share/moveit_msgs/action/MoveGroupSequence.idl\n'}
[1.470413] (moveit_msgs) StdoutLine: {'line': b'-- Up-to-date: /home/yadhu/ur3e/src/install/moveit_msgs/share/moveit_msgs/action/Pickup.idl\n'}
[1.470474] (moveit_msgs) StdoutLine: {'line': b'-- Up-to-date: /home/yadhu/ur3e/src/install/moveit_msgs/share/moveit_msgs/action/Place.idl\n'}
[1.470575] (moveit_msgs) StdoutLine: {'line': b'-- Up-to-date: /home/yadhu/ur3e/src/install/moveit_msgs/share/moveit_msgs/action/LocalPlanner.idl\n'}
[1.470641] (moveit_msgs) StdoutLine: {'line': b'-- Up-to-date: /home/yadhu/ur3e/src/install/moveit_msgs/share/moveit_msgs/action/GlobalPlanner.idl\n'}
[1.470702] (moveit_msgs) StdoutLine: {'line': b'-- Up-to-date: /home/yadhu/ur3e/src/install/moveit_msgs/share/moveit_msgs/action/HybridPlanner.idl\n'}
[1.470760] (moveit_msgs) StdoutLine: {'line': b'-- Up-to-date: /home/yadhu/ur3e/src/install/moveit_msgs/share/moveit_msgs/msg/AllowedCollisionEntry.msg\n'}
[1.470866] (moveit_msgs) StdoutLine: {'line': b'-- Up-to-date: /home/yadhu/ur3e/src/install/moveit_msgs/share/moveit_msgs/msg/AllowedCollisionMatrix.msg\n'}
[1.470925] (moveit_msgs) StdoutLine: {'line': b'-- Up-to-date: /home/yadhu/ur3e/src/install/moveit_msgs/share/moveit_msgs/msg/AttachedCollisionObject.msg\n'}
[1.470979] (moveit_msgs) StdoutLine: {'line': b'-- Up-to-date: /home/yadhu/ur3e/src/install/moveit_msgs/share/moveit_msgs/msg/BoundingVolume.msg\n'}
[1.471080] (moveit_msgs) StdoutLine: {'line': b'-- Up-to-date: /home/yadhu/ur3e/src/install/moveit_msgs/share/moveit_msgs/msg/CartesianPoint.msg\n'}
[1.471144] (moveit_msgs) StdoutLine: {'line': b'-- Up-to-date: /home/yadhu/ur3e/src/install/moveit_msgs/share/moveit_msgs/msg/CartesianTrajectory.msg\n'}
[1.471205] (moveit_msgs) StdoutLine: {'line': b'-- Up-to-date: /home/yadhu/ur3e/src/install/moveit_msgs/share/moveit_msgs/msg/CartesianTrajectoryPoint.msg\n'}
[1.471262] (moveit_msgs) StdoutLine: {'line': b'-- Up-to-date: /home/yadhu/ur3e/src/install/moveit_msgs/share/moveit_msgs/msg/CollisionObject.msg\n'}
[1.471367] (moveit_msgs) StdoutLine: {'line': b'-- Up-to-date: /home/yadhu/ur3e/src/install/moveit_msgs/share/moveit_msgs/msg/ConstraintEvalResult.msg\n'}
[1.471430] (moveit_msgs) StdoutLine: {'line': b'-- Up-to-date: /home/yadhu/ur3e/src/install/moveit_msgs/share/moveit_msgs/msg/Constraints.msg\n'}
[1.471491] (moveit_msgs) StdoutLine: {'line': b'-- Up-to-date: /home/yadhu/ur3e/src/install/moveit_msgs/share/moveit_msgs/msg/CostSource.msg\n'}
[1.471549] (moveit_msgs) StdoutLine: {'line': b'-- Up-to-date: /home/yadhu/ur3e/src/install/moveit_msgs/share/moveit_msgs/msg/ContactInformation.msg\n'}
[1.471656] (moveit_msgs) StdoutLine: {'line': b'-- Up-to-date: /home/yadhu/ur3e/src/install/moveit_msgs/share/moveit_msgs/msg/DisplayTrajectory.msg\n'}
[1.471760] (moveit_msgs) StdoutLine: {'line': b'-- Up-to-date: /home/yadhu/ur3e/src/install/moveit_msgs/share/moveit_msgs/msg/DisplayRobotState.msg\n'}
[1.471801] (moveit_msgs) StdoutLine: {'line': b'-- Up-to-date: /home/yadhu/ur3e/src/install/moveit_msgs/share/moveit_msgs/msg/GenericTrajectory.msg\n'}
[1.471885] (moveit_msgs) StdoutLine: {'line': b'-- Up-to-date: /home/yadhu/ur3e/src/install/moveit_msgs/share/moveit_msgs/msg/Grasp.msg\n'}
[1.471987] (moveit_msgs) StdoutLine: {'line': b'-- Up-to-date: /home/yadhu/ur3e/src/install/moveit_msgs/share/moveit_msgs/msg/GripperTranslation.msg\n'}
[1.472053] (moveit_msgs) StdoutLine: {'line': b'-- Up-to-date: /home/yadhu/ur3e/src/install/moveit_msgs/share/moveit_msgs/msg/JointConstraint.msg\n'}
[1.472114] (moveit_msgs) StdoutLine: {'line': b'-- Up-to-date: /home/yadhu/ur3e/src/install/moveit_msgs/share/moveit_msgs/msg/JointLimits.msg\n'}
[1.472171] (moveit_msgs) StdoutLine: {'line': b'-- Up-to-date: /home/yadhu/ur3e/src/install/moveit_msgs/share/moveit_msgs/msg/LinkPadding.msg\n'}
[1.472273] (moveit_msgs) StdoutLine: {'line': b'-- Up-to-date: /home/yadhu/ur3e/src/install/moveit_msgs/share/moveit_msgs/msg/LinkScale.msg\n'}
[1.472351] (moveit_msgs) StdoutLine: {'line': b'-- Up-to-date: /home/yadhu/ur3e/src/install/moveit_msgs/share/moveit_msgs/msg/MotionPlanRequest.msg\n'}
[1.472412] (moveit_msgs) StdoutLine: {'line': b'-- Up-to-date: /home/yadhu/ur3e/src/install/moveit_msgs/share/moveit_msgs/msg/MotionPlanResponse.msg\n'}
[1.472471] (moveit_msgs) StdoutLine: {'line': b'-- Up-to-date: /home/yadhu/ur3e/src/install/moveit_msgs/share/moveit_msgs/msg/MotionPlanDetailedResponse.msg\n'}
[1.472576] (moveit_msgs) StdoutLine: {'line': b'-- Up-to-date: /home/yadhu/ur3e/src/install/moveit_msgs/share/moveit_msgs/msg/MotionSequenceItem.msg\n'}
[1.472642] (moveit_msgs) StdoutLine: {'line': b'-- Up-to-date: /home/yadhu/ur3e/src/install/moveit_msgs/share/moveit_msgs/msg/MotionSequenceRequest.msg\n'}
[1.472705] (moveit_msgs) StdoutLine: {'line': b'-- Up-to-date: /home/yadhu/ur3e/src/install/moveit_msgs/share/moveit_msgs/msg/MotionSequenceResponse.msg\n'}
[1.472763] (moveit_msgs) StdoutLine: {'line': b'-- Up-to-date: /home/yadhu/ur3e/src/install/moveit_msgs/share/moveit_msgs/msg/MoveItErrorCodes.msg\n'}
[1.472864] (moveit_msgs) StdoutLine: {'line': b'-- Up-to-date: /home/yadhu/ur3e/src/install/moveit_msgs/share/moveit_msgs/msg/TrajectoryConstraints.msg\n'}
[1.472930] (moveit_msgs) StdoutLine: {'line': b'-- Up-to-date: /home/yadhu/ur3e/src/install/moveit_msgs/share/moveit_msgs/msg/ObjectColor.msg\n'}
[1.472991] (moveit_msgs) StdoutLine: {'line': b'-- Up-to-date: /home/yadhu/ur3e/src/install/moveit_msgs/share/moveit_msgs/msg/OrientationConstraint.msg\n'}
[1.473050] (moveit_msgs) StdoutLine: {'line': b'-- Up-to-date: /home/yadhu/ur3e/src/install/moveit_msgs/share/moveit_msgs/msg/OrientedBoundingBox.msg\n'}
[1.473153] (moveit_msgs) StdoutLine: {'line': b'-- Up-to-date: /home/yadhu/ur3e/src/install/moveit_msgs/share/moveit_msgs/msg/PlaceLocation.msg\n'}
[1.473219] (moveit_msgs) StdoutLine: {'line': b'-- Up-to-date: /home/yadhu/ur3e/src/install/moveit_msgs/share/moveit_msgs/msg/PlannerInterfaceDescription.msg\n'}
[1.473280] (moveit_msgs) StdoutLine: {'line': b'-- Up-to-date: /home/yadhu/ur3e/src/install/moveit_msgs/share/moveit_msgs/msg/PlannerParams.msg\n'}
[1.473344] (moveit_msgs) StdoutLine: {'line': b'-- Up-to-date: /home/yadhu/ur3e/src/install/moveit_msgs/share/moveit_msgs/msg/PlanningScene.msg\n'}
[1.473453] (moveit_msgs) StdoutLine: {'line': b'-- Up-to-date: /home/yadhu/ur3e/src/install/moveit_msgs/share/moveit_msgs/msg/PlanningSceneComponents.msg\n'}
[1.473564] (moveit_msgs) StdoutLine: {'line': b'-- Up-to-date: /home/yadhu/ur3e/src/install/moveit_msgs/share/moveit_msgs/msg/PlanningSceneWorld.msg\n'}
[1.473600] (moveit_msgs) StdoutLine: {'line': b'-- Up-to-date: /home/yadhu/ur3e/src/install/moveit_msgs/share/moveit_msgs/msg/PlanningOptions.msg\n'}
[1.473684] (moveit_msgs) StdoutLine: {'line': b'-- Up-to-date: /home/yadhu/ur3e/src/install/moveit_msgs/share/moveit_msgs/msg/PositionConstraint.msg\n'}
[1.473787] (moveit_msgs) StdoutLine: {'line': b'-- Up-to-date: /home/yadhu/ur3e/src/install/moveit_msgs/share/moveit_msgs/msg/RobotState.msg\n'}
[1.473853] (moveit_msgs) StdoutLine: {'line': b'-- Up-to-date: /home/yadhu/ur3e/src/install/moveit_msgs/share/moveit_msgs/msg/RobotTrajectory.msg\n'}
[1.473914] (moveit_msgs) StdoutLine: {'line': b'-- Up-to-date: /home/yadhu/ur3e/src/install/moveit_msgs/share/moveit_msgs/msg/VisibilityConstraint.msg\n'}
[1.473973] (moveit_msgs) StdoutLine: {'line': b'-- Up-to-date: /home/yadhu/ur3e/src/install/moveit_msgs/share/moveit_msgs/msg/WorkspaceParameters.msg\n'}
[1.474079] (moveit_msgs) StdoutLine: {'line': b'-- Up-to-date: /home/yadhu/ur3e/src/install/moveit_msgs/share/moveit_msgs/msg/KinematicSolverInfo.msg\n'}
[1.474146] (moveit_msgs) StdoutLine: {'line': b'-- Up-to-date: /home/yadhu/ur3e/src/install/moveit_msgs/share/moveit_msgs/msg/PositionIKRequest.msg\n'}
[1.474207] (moveit_msgs) StdoutLine: {'line': b'-- Up-to-date: /home/yadhu/ur3e/src/install/moveit_msgs/share/moveit_msgs/srv/GetMotionPlan.srv\n'}
[1.474268] (moveit_msgs) StdoutLine: {'line': b'-- Up-to-date: /home/yadhu/ur3e/src/install/moveit_msgs/share/moveit_msgs/srv/GetMotionPlan_Request.msg\n'}
[1.474389] (moveit_msgs) StdoutLine: {'line': b'-- Up-to-date: /home/yadhu/ur3e/src/install/moveit_msgs/share/moveit_msgs/srv/GetMotionPlan_Response.msg\n'}
[1.474447] (moveit_msgs) StdoutLine: {'line': b'-- Up-to-date: /home/yadhu/ur3e/src/install/moveit_msgs/share/moveit_msgs/srv/GetStateValidity.srv\n'}
[1.474512] (moveit_msgs) StdoutLine: {'line': b'-- Up-to-date: /home/yadhu/ur3e/src/install/moveit_msgs/share/moveit_msgs/srv/GetStateValidity_Request.msg\n'}
[1.474570] (moveit_msgs) StdoutLine: {'line': b'-- Up-to-date: /home/yadhu/ur3e/src/install/moveit_msgs/share/moveit_msgs/srv/GetStateValidity_Response.msg\n'}
[1.474676] (moveit_msgs) StdoutLine: {'line': b'-- Up-to-date: /home/yadhu/ur3e/src/install/moveit_msgs/share/moveit_msgs/srv/GetCartesianPath.srv\n'}
[1.474752] (moveit_msgs) StdoutLine: {'line': b'-- Up-to-date: /home/yadhu/ur3e/src/install/moveit_msgs/share/moveit_msgs/srv/GetCartesianPath_Request.msg\n'}
[1.474808] (moveit_msgs) StdoutLine: {'line': b'-- Up-to-date: /home/yadhu/ur3e/src/install/moveit_msgs/share/moveit_msgs/srv/GetCartesianPath_Response.msg\n'}
[1.474866] (moveit_msgs) StdoutLine: {'line': b'-- Up-to-date: /home/yadhu/ur3e/src/install/moveit_msgs/share/moveit_msgs/srv/GetPlanningScene.srv\n'}
[1.474974] (moveit_msgs) StdoutLine: {'line': b'-- Up-to-date: /home/yadhu/ur3e/src/install/moveit_msgs/share/moveit_msgs/srv/GetPlanningScene_Request.msg\n'}
[1.475040] (moveit_msgs) StdoutLine: {'line': b'-- Up-to-date: /home/yadhu/ur3e/src/install/moveit_msgs/share/moveit_msgs/srv/GetPlanningScene_Response.msg\n'}
[1.475104] (moveit_msgs) StdoutLine: {'line': b'-- Up-to-date: /home/yadhu/ur3e/src/install/moveit_msgs/share/moveit_msgs/srv/GraspPlanning.srv\n'}
[1.475166] (moveit_msgs) StdoutLine: {'line': b'-- Up-to-date: /home/yadhu/ur3e/src/install/moveit_msgs/share/moveit_msgs/srv/GraspPlanning_Request.msg\n'}
[1.475276] (moveit_msgs) StdoutLine: {'line': b'-- Up-to-date: /home/yadhu/ur3e/src/install/moveit_msgs/share/moveit_msgs/srv/GraspPlanning_Response.msg\n'}
[1.475385] (moveit_msgs) StdoutLine: {'line': b'-- Up-to-date: /home/yadhu/ur3e/src/install/moveit_msgs/share/moveit_msgs/srv/ApplyPlanningScene.srv\n'}
[1.475430] (moveit_msgs) StdoutLine: {'line': b'-- Up-to-date: /home/yadhu/ur3e/src/install/moveit_msgs/share/moveit_msgs/srv/ApplyPlanningScene_Request.msg\n'}
[1.475509] (moveit_msgs) StdoutLine: {'line': b'-- Up-to-date: /home/yadhu/ur3e/src/install/moveit_msgs/share/moveit_msgs/srv/ApplyPlanningScene_Response.msg\n'}
[1.475615] (moveit_msgs) StdoutLine: {'line': b'-- Up-to-date: /home/yadhu/ur3e/src/install/moveit_msgs/share/moveit_msgs/srv/QueryPlannerInterfaces.srv\n'}
[1.475684] (moveit_msgs) StdoutLine: {'line': b'-- Up-to-date: /home/yadhu/ur3e/src/install/moveit_msgs/share/moveit_msgs/srv/QueryPlannerInterfaces_Request.msg\n'}
[1.475748] (moveit_msgs) StdoutLine: {'line': b'-- Up-to-date: /home/yadhu/ur3e/src/install/moveit_msgs/share/moveit_msgs/srv/QueryPlannerInterfaces_Response.msg\n'}
[1.475808] (moveit_msgs) StdoutLine: {'line': b'-- Up-to-date: /home/yadhu/ur3e/src/install/moveit_msgs/share/moveit_msgs/srv/GetMotionSequence.srv\n'}
[1.475918] (moveit_msgs) StdoutLine: {'line': b'-- Up-to-date: /home/yadhu/ur3e/src/install/moveit_msgs/share/moveit_msgs/srv/GetMotionSequence_Request.msg\n'}
[1.475985] (moveit_msgs) StdoutLine: {'line': b'-- Up-to-date: /home/yadhu/ur3e/src/install/moveit_msgs/share/moveit_msgs/srv/GetMotionSequence_Response.msg\n'}
[1.476051] (moveit_msgs) StdoutLine: {'line': b'-- Up-to-date: /home/yadhu/ur3e/src/install/moveit_msgs/share/moveit_msgs/srv/GetPositionFK.srv\n'}
[1.476121] (moveit_msgs) StdoutLine: {'line': b'-- Up-to-date: /home/yadhu/ur3e/src/install/moveit_msgs/share/moveit_msgs/srv/GetPositionFK_Request.msg\n'}
[1.476218] (moveit_msgs) StdoutLine: {'line': b'-- Up-to-date: /home/yadhu/ur3e/src/install/moveit_msgs/share/moveit_msgs/srv/GetPositionFK_Response.msg\n'}
[1.476285] (moveit_msgs) StdoutLine: {'line': b'-- Up-to-date: /home/yadhu/ur3e/src/install/moveit_msgs/share/moveit_msgs/srv/GetPositionIK.srv\n'}
[1.476353] (moveit_msgs) StdoutLine: {'line': b'-- Up-to-date: /home/yadhu/ur3e/src/install/moveit_msgs/share/moveit_msgs/srv/GetPositionIK_Request.msg\n'}
[1.476413] (moveit_msgs) StdoutLine: {'line': b'-- Up-to-date: /home/yadhu/ur3e/src/install/moveit_msgs/share/moveit_msgs/srv/GetPositionIK_Response.msg\n'}
[1.476518] (moveit_msgs) StdoutLine: {'line': b'-- Up-to-date: /home/yadhu/ur3e/src/install/moveit_msgs/share/moveit_msgs/srv/GetPlannerParams.srv\n'}
[1.476585] (moveit_msgs) StdoutLine: {'line': b'-- Up-to-date: /home/yadhu/ur3e/src/install/moveit_msgs/share/moveit_msgs/srv/GetPlannerParams_Request.msg\n'}
[1.476648] (moveit_msgs) StdoutLine: {'line': b'-- Up-to-date: /home/yadhu/ur3e/src/install/moveit_msgs/share/moveit_msgs/srv/GetPlannerParams_Response.msg\n'}
[1.476708] (moveit_msgs) StdoutLine: {'line': b'-- Up-to-date: /home/yadhu/ur3e/src/install/moveit_msgs/share/moveit_msgs/srv/SetPlannerParams.srv\n'}
[1.476815] (moveit_msgs) StdoutLine: {'line': b'-- Up-to-date: /home/yadhu/ur3e/src/install/moveit_msgs/share/moveit_msgs/srv/SetPlannerParams_Request.msg\n'}
[1.476881] (moveit_msgs) StdoutLine: {'line': b'-- Up-to-date: /home/yadhu/ur3e/src/install/moveit_msgs/share/moveit_msgs/srv/SetPlannerParams_Response.msg\n'}
[1.476946] (moveit_msgs) StdoutLine: {'line': b'-- Up-to-date: /home/yadhu/ur3e/src/install/moveit_msgs/share/moveit_msgs/srv/UpdatePointcloudOctomap.srv\n'}
[1.477008] (moveit_msgs) StdoutLine: {'line': b'-- Up-to-date: /home/yadhu/ur3e/src/install/moveit_msgs/share/moveit_msgs/srv/UpdatePointcloudOctomap_Request.msg\n'}
[1.477117] (moveit_msgs) StdoutLine: {'line': b'-- Up-to-date: /home/yadhu/ur3e/src/install/moveit_msgs/share/moveit_msgs/srv/UpdatePointcloudOctomap_Response.msg\n'}
[1.477223] (moveit_msgs) StdoutLine: {'line': b'-- Up-to-date: /home/yadhu/ur3e/src/install/moveit_msgs/share/moveit_msgs/srv/SaveMap.srv\n'}
[1.477264] (moveit_msgs) StdoutLine: {'line': b'-- Up-to-date: /home/yadhu/ur3e/src/install/moveit_msgs/share/moveit_msgs/srv/SaveMap_Request.msg\n'}
[1.477352] (moveit_msgs) StdoutLine: {'line': b'-- Up-to-date: /home/yadhu/ur3e/src/install/moveit_msgs/share/moveit_msgs/srv/SaveMap_Response.msg\n'}
[1.477457] (moveit_msgs) StdoutLine: {'line': b'-- Up-to-date: /home/yadhu/ur3e/src/install/moveit_msgs/share/moveit_msgs/srv/LoadMap.srv\n'}
[1.477523] (moveit_msgs) StdoutLine: {'line': b'-- Up-to-date: /home/yadhu/ur3e/src/install/moveit_msgs/share/moveit_msgs/srv/LoadMap_Request.msg\n'}
[1.477587] (moveit_msgs) StdoutLine: {'line': b'-- Up-to-date: /home/yadhu/ur3e/src/install/moveit_msgs/share/moveit_msgs/srv/LoadMap_Response.msg\n'}
[1.477648] (moveit_msgs) StdoutLine: {'line': b'-- Up-to-date: /home/yadhu/ur3e/src/install/moveit_msgs/share/moveit_msgs/srv/SaveRobotStateToWarehouse.srv\n'}
[1.477756] (moveit_msgs) StdoutLine: {'line': b'-- Up-to-date: /home/yadhu/ur3e/src/install/moveit_msgs/share/moveit_msgs/srv/SaveRobotStateToWarehouse_Request.msg\n'}
[1.477821] (moveit_msgs) StdoutLine: {'line': b'-- Up-to-date: /home/yadhu/ur3e/src/install/moveit_msgs/share/moveit_msgs/srv/SaveRobotStateToWarehouse_Response.msg\n'}
[1.477886] (moveit_msgs) StdoutLine: {'line': b'-- Up-to-date: /home/yadhu/ur3e/src/install/moveit_msgs/share/moveit_msgs/srv/ListRobotStatesInWarehouse.srv\n'}
[1.477954] (moveit_msgs) StdoutLine: {'line': b'-- Up-to-date: /home/yadhu/ur3e/src/install/moveit_msgs/share/moveit_msgs/srv/ListRobotStatesInWarehouse_Request.msg\n'}
[1.478052] (moveit_msgs) StdoutLine: {'line': b'-- Up-to-date: /home/yadhu/ur3e/src/install/moveit_msgs/share/moveit_msgs/srv/ListRobotStatesInWarehouse_Response.msg\n'}
[1.478121] (moveit_msgs) StdoutLine: {'line': b'-- Up-to-date: /home/yadhu/ur3e/src/install/moveit_msgs/share/moveit_msgs/srv/GetRobotStateFromWarehouse.srv\n'}
[1.478184] (moveit_msgs) StdoutLine: {'line': b'-- Up-to-date: /home/yadhu/ur3e/src/install/moveit_msgs/share/moveit_msgs/srv/GetRobotStateFromWarehouse_Request.msg\n'}
[1.478245] (moveit_msgs) StdoutLine: {'line': b'-- Up-to-date: /home/yadhu/ur3e/src/install/moveit_msgs/share/moveit_msgs/srv/GetRobotStateFromWarehouse_Response.msg\n'}
[1.478411] (moveit_msgs) StdoutLine: {'line': b'-- Up-to-date: /home/yadhu/ur3e/src/install/moveit_msgs/share/moveit_msgs/srv/CheckIfRobotStateExistsInWarehouse.srv\n'}
[1.478544] (moveit_msgs) StdoutLine: {'line': b'-- Up-to-date: /home/yadhu/ur3e/src/install/moveit_msgs/share/moveit_msgs/srv/CheckIfRobotStateExistsInWarehouse_Request.msg\n'}
[1.478622] (moveit_msgs) StdoutLine: {'line': b'-- Up-to-date: /home/yadhu/ur3e/src/install/moveit_msgs/share/moveit_msgs/srv/CheckIfRobotStateExistsInWarehouse_Response.msg\n'}
[1.478678] (moveit_msgs) StdoutLine: {'line': b'-- Up-to-date: /home/yadhu/ur3e/src/install/moveit_msgs/share/moveit_msgs/srv/RenameRobotStateInWarehouse.srv\n'}
[1.478746] (moveit_msgs) StdoutLine: {'line': b'-- Up-to-date: /home/yadhu/ur3e/src/install/moveit_msgs/share/moveit_msgs/srv/RenameRobotStateInWarehouse_Request.msg\n'}
[1.478819] (moveit_msgs) StdoutLine: {'line': b'-- Up-to-date: /home/yadhu/ur3e/src/install/moveit_msgs/share/moveit_msgs/srv/RenameRobotStateInWarehouse_Response.msg\n'}
[1.478896] (moveit_msgs) StdoutLine: {'line': b'-- Up-to-date: /home/yadhu/ur3e/src/install/moveit_msgs/share/moveit_msgs/srv/DeleteRobotStateFromWarehouse.srv\n'}
[1.478971] (moveit_msgs) StdoutLine: {'line': b'-- Up-to-date: /home/yadhu/ur3e/src/install/moveit_msgs/share/moveit_msgs/srv/DeleteRobotStateFromWarehouse_Request.msg\n'}
[1.479047] (moveit_msgs) StdoutLine: {'line': b'-- Up-to-date: /home/yadhu/ur3e/src/install/moveit_msgs/share/moveit_msgs/srv/DeleteRobotStateFromWarehouse_Response.msg\n'}
[1.479117] (moveit_msgs) StdoutLine: {'line': b'-- Up-to-date: /home/yadhu/ur3e/src/install/moveit_msgs/share/moveit_msgs/srv/ChangeControlDimensions.srv\n'}
[1.479188] (moveit_msgs) StdoutLine: {'line': b'-- Up-to-date: /home/yadhu/ur3e/src/install/moveit_msgs/share/moveit_msgs/srv/ChangeControlDimensions_Request.msg\n'}
[1.479260] (moveit_msgs) StdoutLine: {'line': b'-- Up-to-date: /home/yadhu/ur3e/src/install/moveit_msgs/share/moveit_msgs/srv/ChangeControlDimensions_Response.msg\n'}
[1.479350] (moveit_msgs) StdoutLine: {'line': b'-- Up-to-date: /home/yadhu/ur3e/src/install/moveit_msgs/share/moveit_msgs/srv/ChangeDriftDimensions.srv\n'}
[1.479426] (moveit_msgs) StdoutLine: {'line': b'-- Up-to-date: /home/yadhu/ur3e/src/install/moveit_msgs/share/moveit_msgs/srv/ChangeDriftDimensions_Request.msg\n'}
[1.479509] (moveit_msgs) StdoutLine: {'line': b'-- Up-to-date: /home/yadhu/ur3e/src/install/moveit_msgs/share/moveit_msgs/srv/ChangeDriftDimensions_Response.msg\n'}
[1.479558] (moveit_msgs) StdoutLine: {'line': b'-- Up-to-date: /home/yadhu/ur3e/src/install/moveit_msgs/share/moveit_msgs/action/ExecuteTrajectory.action\n'}
[1.479655] (moveit_msgs) StdoutLine: {'line': b'-- Up-to-date: /home/yadhu/ur3e/src/install/moveit_msgs/share/moveit_msgs/action/MoveGroup.action\n'}
[1.479727] (moveit_msgs) StdoutLine: {'line': b'-- Up-to-date: /home/yadhu/ur3e/src/install/moveit_msgs/share/moveit_msgs/action/MoveGroupSequence.action\n'}
[1.479798] (moveit_msgs) StdoutLine: {'line': b'-- Up-to-date: /home/yadhu/ur3e/src/install/moveit_msgs/share/moveit_msgs/action/Pickup.action\n'}
[1.479860] (moveit_msgs) StdoutLine: {'line': b'-- Up-to-date: /home/yadhu/ur3e/src/install/moveit_msgs/share/moveit_msgs/action/Place.action\n'}
[1.479969] (moveit_msgs) StdoutLine: {'line': b'-- Up-to-date: /home/yadhu/ur3e/src/install/moveit_msgs/share/moveit_msgs/action/LocalPlanner.action\n'}
[1.480037] (moveit_msgs) StdoutLine: {'line': b'-- Up-to-date: /home/yadhu/ur3e/src/install/moveit_msgs/share/moveit_msgs/action/GlobalPlanner.action\n'}
[1.480102] (moveit_msgs) StdoutLine: {'line': b'-- Up-to-date: /home/yadhu/ur3e/src/install/moveit_msgs/share/moveit_msgs/action/HybridPlanner.action\n'}
[1.480168] (moveit_msgs) StdoutLine: {'line': b'-- Up-to-date: /home/yadhu/ur3e/src/install/moveit_msgs/share/ament_index/resource_index/package_run_dependencies/moveit_msgs\n'}
[1.480278] (moveit_msgs) StdoutLine: {'line': b'-- Up-to-date: /home/yadhu/ur3e/src/install/moveit_msgs/share/ament_index/resource_index/parent_prefix_path/moveit_msgs\n'}
[1.480355] (moveit_msgs) StdoutLine: {'line': b'-- Up-to-date: /home/yadhu/ur3e/src/install/moveit_msgs/share/moveit_msgs/environment/ament_prefix_path.sh\n'}
[1.480424] (moveit_msgs) StdoutLine: {'line': b'-- Up-to-date: /home/yadhu/ur3e/src/install/moveit_msgs/share/moveit_msgs/environment/ament_prefix_path.dsv\n'}
[1.480491] (moveit_msgs) StdoutLine: {'line': b'-- Up-to-date: /home/yadhu/ur3e/src/install/moveit_msgs/share/moveit_msgs/environment/path.sh\n'}
[1.480605] (moveit_msgs) StdoutLine: {'line': b'-- Up-to-date: /home/yadhu/ur3e/src/install/moveit_msgs/share/moveit_msgs/environment/path.dsv\n'}
[1.480716] (moveit_msgs) StdoutLine: {'line': b'-- Up-to-date: /home/yadhu/ur3e/src/install/moveit_msgs/share/moveit_msgs/local_setup.bash\n'}
[1.480760] (moveit_msgs) StdoutLine: {'line': b'-- Up-to-date: /home/yadhu/ur3e/src/install/moveit_msgs/share/moveit_msgs/local_setup.sh\n'}
[1.480843] (moveit_msgs) StdoutLine: {'line': b'-- Up-to-date: /home/yadhu/ur3e/src/install/moveit_msgs/share/moveit_msgs/local_setup.zsh\n'}
[1.480948] (moveit_msgs) StdoutLine: {'line': b'-- Up-to-date: /home/yadhu/ur3e/src/install/moveit_msgs/share/moveit_msgs/local_setup.dsv\n'}
[1.481016] (moveit_msgs) StdoutLine: {'line': b'-- Installing: /home/yadhu/ur3e/src/install/moveit_msgs/share/moveit_msgs/package.dsv\n'}
[1.481177] (moveit_msgs) StdoutLine: {'line': b'-- Up-to-date: /home/yadhu/ur3e/src/install/moveit_msgs/share/ament_index/resource_index/packages/moveit_msgs\n'}
[1.481279] (moveit_msgs) StdoutLine: {'line': b'-- Up-to-date: /home/yadhu/ur3e/src/install/moveit_msgs/share/moveit_msgs/cmake/export_moveit_msgs__rosidl_generator_cExport.cmake\n'}
[1.481399] (moveit_msgs) StdoutLine: {'line': b'-- Up-to-date: /home/yadhu/ur3e/src/install/moveit_msgs/share/moveit_msgs/cmake/export_moveit_msgs__rosidl_generator_cExport-noconfig.cmake\n'}
[1.481493] (moveit_msgs) StdoutLine: {'line': b'-- Up-to-date: /home/yadhu/ur3e/src/install/moveit_msgs/share/moveit_msgs/cmake/export_moveit_msgs__rosidl_typesupport_fastrtps_cExport.cmake\n'}
[1.481563] (moveit_msgs) StdoutLine: {'line': b'-- Up-to-date: /home/yadhu/ur3e/src/install/moveit_msgs/share/moveit_msgs/cmake/export_moveit_msgs__rosidl_typesupport_fastrtps_cExport-noconfig.cmake\n'}
[1.481652] (moveit_msgs) StdoutLine: {'line': b'-- Up-to-date: /home/yadhu/ur3e/src/install/moveit_msgs/share/moveit_msgs/cmake/moveit_msgs__rosidl_typesupport_introspection_cExport.cmake\n'}
[1.481764] (moveit_msgs) StdoutLine: {'line': b'-- Up-to-date: /home/yadhu/ur3e/src/install/moveit_msgs/share/moveit_msgs/cmake/moveit_msgs__rosidl_typesupport_introspection_cExport-noconfig.cmake\n'}
[1.481865] (moveit_msgs) StdoutLine: {'line': b'-- Up-to-date: /home/yadhu/ur3e/src/install/moveit_msgs/share/moveit_msgs/cmake/moveit_msgs__rosidl_typesupport_cExport.cmake\n'}
[1.481925] (moveit_msgs) StdoutLine: {'line': b'-- Up-to-date: /home/yadhu/ur3e/src/install/moveit_msgs/share/moveit_msgs/cmake/moveit_msgs__rosidl_typesupport_cExport-noconfig.cmake\n'}
[1.482011] (moveit_msgs) StdoutLine: {'line': b'-- Up-to-date: /home/yadhu/ur3e/src/install/moveit_msgs/share/moveit_msgs/cmake/export_moveit_msgs__rosidl_generator_cppExport.cmake\n'}
[1.482141] (moveit_msgs) StdoutLine: {'line': b'-- Up-to-date: /home/yadhu/ur3e/src/install/moveit_msgs/share/moveit_msgs/cmake/export_moveit_msgs__rosidl_typesupport_fastrtps_cppExport.cmake\n'}
[1.482213] (moveit_msgs) StdoutLine: {'line': b'-- Up-to-date: /home/yadhu/ur3e/src/install/moveit_msgs/share/moveit_msgs/cmake/export_moveit_msgs__rosidl_typesupport_fastrtps_cppExport-noconfig.cmake\n'}
[1.482347] (moveit_msgs) StdoutLine: {'line': b'-- Up-to-date: /home/yadhu/ur3e/src/install/moveit_msgs/share/moveit_msgs/cmake/moveit_msgs__rosidl_typesupport_introspection_cppExport.cmake\n'}
[1.482418] (moveit_msgs) StdoutLine: {'line': b'-- Up-to-date: /home/yadhu/ur3e/src/install/moveit_msgs/share/moveit_msgs/cmake/moveit_msgs__rosidl_typesupport_introspection_cppExport-noconfig.cmake\n'}
[1.482574] (moveit_msgs) StdoutLine: {'line': b'-- Up-to-date: /home/yadhu/ur3e/src/install/moveit_msgs/share/moveit_msgs/cmake/moveit_msgs__rosidl_typesupport_cppExport.cmake\n'}
[1.482673] (moveit_msgs) StdoutLine: {'line': b'-- Up-to-date: /home/yadhu/ur3e/src/install/moveit_msgs/share/moveit_msgs/cmake/moveit_msgs__rosidl_typesupport_cppExport-noconfig.cmake\n'}
[1.482747] (moveit_msgs) StdoutLine: {'line': b'-- Up-to-date: /home/yadhu/ur3e/src/install/moveit_msgs/share/moveit_msgs/cmake/export_moveit_msgs__rosidl_generator_pyExport.cmake\n'}
[1.482822] (moveit_msgs) StdoutLine: {'line': b'-- Up-to-date: /home/yadhu/ur3e/src/install/moveit_msgs/share/moveit_msgs/cmake/export_moveit_msgs__rosidl_generator_pyExport-noconfig.cmake\n'}
[1.482933] (moveit_msgs) StdoutLine: {'line': b'-- Up-to-date: /home/yadhu/ur3e/src/install/moveit_msgs/share/moveit_msgs/cmake/rosidl_cmake-extras.cmake\n'}
[1.483004] (moveit_msgs) StdoutLine: {'line': b'-- Up-to-date: /home/yadhu/ur3e/src/install/moveit_msgs/share/moveit_msgs/cmake/ament_cmake_export_dependencies-extras.cmake\n'}
[1.483071] (moveit_msgs) StdoutLine: {'line': b'-- Up-to-date: /home/yadhu/ur3e/src/install/moveit_msgs/share/moveit_msgs/cmake/ament_cmake_export_include_directories-extras.cmake\n'}
[1.483140] (moveit_msgs) StdoutLine: {'line': b'-- Up-to-date: /home/yadhu/ur3e/src/install/moveit_msgs/share/moveit_msgs/cmake/ament_cmake_export_libraries-extras.cmake\n'}
[1.483244] (moveit_msgs) StdoutLine: {'line': b'-- Up-to-date: /home/yadhu/ur3e/src/install/moveit_msgs/share/moveit_msgs/cmake/ament_cmake_export_targets-extras.cmake\n'}
[1.483321] (moveit_msgs) StdoutLine: {'line': b'-- Up-to-date: /home/yadhu/ur3e/src/install/moveit_msgs/share/moveit_msgs/cmake/rosidl_cmake_export_typesupport_targets-extras.cmake\n'}
[1.483396] (moveit_msgs) StdoutLine: {'line': b'-- Up-to-date: /home/yadhu/ur3e/src/install/moveit_msgs/share/moveit_msgs/cmake/rosidl_cmake_export_typesupport_libraries-extras.cmake\n'}
[1.483462] (moveit_msgs) StdoutLine: {'line': b'-- Up-to-date: /home/yadhu/ur3e/src/install/moveit_msgs/share/moveit_msgs/cmake/moveit_msgsConfig.cmake\n'}
[1.483529] (moveit_msgs) StdoutLine: {'line': b'-- Up-to-date: /home/yadhu/ur3e/src/install/moveit_msgs/share/moveit_msgs/cmake/moveit_msgsConfig-version.cmake\n'}
[1.483594] (moveit_msgs) StdoutLine: {'line': b'-- Up-to-date: /home/yadhu/ur3e/src/install/moveit_msgs/share/moveit_msgs/package.xml\n'}
[1.485738] (moveit_msgs) CommandEnded: {'returncode': 0}
[1.502164] (-) TimerEvent: {}
[1.602387] (-) TimerEvent: {}
[1.702623] (-) TimerEvent: {}
[1.802928] (-) TimerEvent: {}
[1.903148] (-) TimerEvent: {}
[2.003416] (-) TimerEvent: {}
[2.103715] (-) TimerEvent: {}
[2.203954] (-) TimerEvent: {}
[2.304250] (-) TimerEvent: {}
[2.404531] (-) TimerEvent: {}
[2.504771] (-) TimerEvent: {}
[2.528444] (moveit_msgs) JobEnded: {'identifier': 'moveit_msgs', 'rc': 0}
[2.529140] (unity_ros_msgs) JobStarted: {'identifier': 'unity_ros_msgs'}
[2.530832] (ur_robotiq) JobStarted: {'identifier': 'ur_robotiq'}
[2.534086] (unity_ros_msgs) JobProgress: {'identifier': 'unity_ros_msgs', 'progress': 'cmake'}
[2.534443] (unity_ros_msgs) JobProgress: {'identifier': 'unity_ros_msgs', 'progress': 'build'}
[2.534635] (unity_ros_msgs) Command: {'cmd': ['/usr/bin/cmake', '--build', '/home/yadhu/ur3e/src/build/unity_ros_msgs', '--', '-j16', '-l16'], 'cwd': '/home/yadhu/ur3e/src/build/unity_ros_msgs', 'env': OrderedDict([('HOSTNAME', 'yadhuk'), ('GIT_ASKPASS', '/vscode/vscode-server/bin/linux-x64/e54c774e0add60467559eb0d1e229c6452cf8447/extensions/git/dist/askpass.sh'), ('SHLVL', '2'), ('LD_LIBRARY_PATH', '/home/yadhu/ur3e/src/install/moveit_msgs/lib:/usr/lib/x86_64-linux-gnu/gazebo-11/plugins:/opt/ros/humble/opt/rviz_ogre_vendor/lib:/opt/ros/humble/lib/x86_64-linux-gnu:/opt/ros/humble/lib'), ('BROWSER', '/vscode/vscode-server/bin/linux-x64/e54c774e0add60467559eb0d1e229c6452cf8447/bin/helpers/browser.sh'), ('HOME', '/home/yadhu'), ('OLDPWD', '/home/yadhu/ur3e'), ('TERM_PROGRAM_VERSION', '1.97.2'), ('VSCODE_IPC_HOOK_CLI', '/tmp/vscode-ipc-191d809e-ad6a-48a3-8c83-2991c7349be6.sock'), ('DEBUGPY_ADAPTER_ENDPOINTS', '/home/yadhu/.vscode-server/extensions/ms-python.debugpy-2025.0.1-linux-x64/.noConfigDebugAdapterEndpoints/endpoint-00e5a96652343ffc.txt'), ('ROS_PYTHON_VERSION', '3'), ('VSCODE_GIT_ASKPASS_MAIN', '/vscode/vscode-server/bin/linux-x64/e54c774e0add60467559eb0d1e229c6452cf8447/extensions/git/dist/askpass-main.js'), ('VSCODE_GIT_ASKPASS_NODE', '/vscode/vscode-server/bin/linux-x64/e54c774e0add60467559eb0d1e229c6452cf8447/node'), ('PYDEVD_DISABLE_FILE_VALIDATION', '1'), ('BUNDLED_DEBUGPY_PATH', '/home/yadhu/.vscode-server/extensions/ms-python.debugpy-2025.0.1-linux-x64/bundled/libs/debugpy'), ('COLORTERM', 'truecolor'), ('REMOTE_CONTAINERS', 'true'), ('ROS_DISTRO', 'humble'), ('REMOTE_CONTAINERS_IPC', '/tmp/vscode-remote-containers-ipc-3b15b7cf-88ad-4a56-828c-69c61a495d31.sock'), ('_', '/usr/bin/colcon'), ('ROS_VERSION', '2'), ('TERM', 'xterm-256color'), ('ROS_LOCALHOST_ONLY', '0'), ('PATH', '/vscode/vscode-server/bin/linux-x64/e54c774e0add60467559eb0d1e229c6452cf8447/bin/remote-cli:/opt/ros/humble/bin:/usr/local/sbin:/usr/local/bin:/usr/sbin:/usr/bin:/sbin:/bin:/home/yadhu/.vscode-server/extensions/ms-python.debugpy-2025.0.1-linux-x64/bundled/scripts/noConfigScripts'), ('REMOTE_CONTAINERS_SOCKETS', '["/tmp/vscode-ssh-auth-3b15b7cf-88ad-4a56-828c-69c61a495d31.sock","/home/yadhu/.gnupg/S.gpg-agent"]'), ('DISPLAY', ':1'), ('LANG', 'C.UTF-8'), ('RMW_IMPLEMENTATION', 'rmw_cyclonedds_cpp'), ('LS_COLORS', 'rs=0:di=01;34:ln=01;36:mh=00:pi=40;33:so=01;35:do=01;35:bd=40;33;01:cd=40;33;01:or=40;31;01:mi=00:su=37;41:sg=30;43:ca=30;41:tw=30;42:ow=34;42:st=37;44:ex=01;32:*.tar=01;31:*.tgz=01;31:*.arc=01;31:*.arj=01;31:*.taz=01;31:*.lha=01;31:*.lz4=01;31:*.lzh=01;31:*.lzma=01;31:*.tlz=01;31:*.txz=01;31:*.tzo=01;31:*.t7z=01;31:*.zip=01;31:*.z=01;31:*.dz=01;31:*.gz=01;31:*.lrz=01;31:*.lz=01;31:*.lzo=01;31:*.xz=01;31:*.zst=01;31:*.tzst=01;31:*.bz2=01;31:*.bz=01;31:*.tbz=01;31:*.tbz2=01;31:*.tz=01;31:*.deb=01;31:*.rpm=01;31:*.jar=01;31:*.war=01;31:*.ear=01;31:*.sar=01;31:*.rar=01;31:*.alz=01;31:*.ace=01;31:*.zoo=01;31:*.cpio=01;31:*.7z=01;31:*.rz=01;31:*.cab=01;31:*.wim=01;31:*.swm=01;31:*.dwm=01;31:*.esd=01;31:*.jpg=01;35:*.jpeg=01;35:*.mjpg=01;35:*.mjpeg=01;35:*.gif=01;35:*.bmp=01;35:*.pbm=01;35:*.pgm=01;35:*.ppm=01;35:*.tga=01;35:*.xbm=01;35:*.xpm=01;35:*.tif=01;35:*.tiff=01;35:*.png=01;35:*.svg=01;35:*.svgz=01;35:*.mng=01;35:*.pcx=01;35:*.mov=01;35:*.mpg=01;35:*.mpeg=01;35:*.m2v=01;35:*.mkv=01;35:*.webm=01;35:*.webp=01;35:*.ogm=01;35:*.mp4=01;35:*.m4v=01;35:*.mp4v=01;35:*.vob=01;35:*.qt=01;35:*.nuv=01;35:*.wmv=01;35:*.asf=01;35:*.rm=01;35:*.rmvb=01;35:*.flc=01;35:*.avi=01;35:*.fli=01;35:*.flv=01;35:*.gl=01;35:*.dl=01;35:*.xcf=01;35:*.xwd=01;35:*.yuv=01;35:*.cgm=01;35:*.emf=01;35:*.ogv=01;35:*.ogx=01;35:*.aac=00;36:*.au=00;36:*.flac=00;36:*.m4a=00;36:*.mid=00;36:*.midi=00;36:*.mka=00;36:*.mp3=00;36:*.mpc=00;36:*.ogg=00;36:*.ra=00;36:*.wav=00;36:*.oga=00;36:*.opus=00;36:*.spx=00;36:*.xspf=00;36:'), ('VSCODE_GIT_IPC_HANDLE', '/tmp/vscode-git-09c052f1c4.sock'), ('TERM_PROGRAM', 'vscode'), ('SSH_AUTH_SOCK', '/tmp/vscode-ssh-auth-3b15b7cf-88ad-4a56-828c-69c61a495d31.sock'), ('ROS_DOMAIN_ID', '42'), ('AMENT_PREFIX_PATH', '/home/yadhu/ur3e/src/install/moveit_msgs:/opt/ros/humble'), ('SHELL', '/bin/bash'), ('ROS_AUTOMATIC_DISCOVERY_RANGE', 'LOCALHOST'), ('VSCODE_GIT_ASKPASS_EXTRA_ARGS', ''), ('PWD', '/home/yadhu/ur3e/src/build/unity_ros_msgs'), ('LC_ALL', 'C.UTF-8'), ('PYTHONPATH', '/home/yadhu/ur3e/src/install/moveit_msgs/local/lib/python3.10/dist-packages:/opt/ros/humble/lib/python3.10/site-packages:/opt/ros/humble/local/lib/python3.10/dist-packages'), ('COLCON', '1'), ('CMAKE_PREFIX_PATH', '/home/yadhu/ur3e/src/install/moveit_msgs:/opt/ros/humble')]), 'shell': False}
[2.535868] (ur_robotiq) JobProgress: {'identifier': 'ur_robotiq', 'progress': 'cmake'}
[2.536217] (ur_robotiq) JobProgress: {'identifier': 'ur_robotiq', 'progress': 'build'}
[2.536418] (ur_robotiq) Command: {'cmd': ['/usr/bin/cmake', '--build', '/home/yadhu/ur3e/src/build/ur_robotiq', '--', '-j16', '-l16'], 'cwd': '/home/yadhu/ur3e/src/build/ur_robotiq', 'env': OrderedDict([('HOSTNAME', 'yadhuk'), ('GIT_ASKPASS', '/vscode/vscode-server/bin/linux-x64/e54c774e0add60467559eb0d1e229c6452cf8447/extensions/git/dist/askpass.sh'), ('SHLVL', '2'), ('LD_LIBRARY_PATH', '/home/yadhu/ur3e/src/install/moveit_msgs/lib:/usr/lib/x86_64-linux-gnu/gazebo-11/plugins:/opt/ros/humble/opt/rviz_ogre_vendor/lib:/opt/ros/humble/lib/x86_64-linux-gnu:/opt/ros/humble/lib'), ('BROWSER', '/vscode/vscode-server/bin/linux-x64/e54c774e0add60467559eb0d1e229c6452cf8447/bin/helpers/browser.sh'), ('HOME', '/home/yadhu'), ('OLDPWD', '/home/yadhu/ur3e'), ('TERM_PROGRAM_VERSION', '1.97.2'), ('VSCODE_IPC_HOOK_CLI', '/tmp/vscode-ipc-191d809e-ad6a-48a3-8c83-2991c7349be6.sock'), ('DEBUGPY_ADAPTER_ENDPOINTS', '/home/yadhu/.vscode-server/extensions/ms-python.debugpy-2025.0.1-linux-x64/.noConfigDebugAdapterEndpoints/endpoint-00e5a96652343ffc.txt'), ('ROS_PYTHON_VERSION', '3'), ('VSCODE_GIT_ASKPASS_MAIN', '/vscode/vscode-server/bin/linux-x64/e54c774e0add60467559eb0d1e229c6452cf8447/extensions/git/dist/askpass-main.js'), ('VSCODE_GIT_ASKPASS_NODE', '/vscode/vscode-server/bin/linux-x64/e54c774e0add60467559eb0d1e229c6452cf8447/node'), ('PYDEVD_DISABLE_FILE_VALIDATION', '1'), ('BUNDLED_DEBUGPY_PATH', '/home/yadhu/.vscode-server/extensions/ms-python.debugpy-2025.0.1-linux-x64/bundled/libs/debugpy'), ('COLORTERM', 'truecolor'), ('REMOTE_CONTAINERS', 'true'), ('ROS_DISTRO', 'humble'), ('REMOTE_CONTAINERS_IPC', '/tmp/vscode-remote-containers-ipc-3b15b7cf-88ad-4a56-828c-69c61a495d31.sock'), ('_', '/usr/bin/colcon'), ('ROS_VERSION', '2'), ('TERM', 'xterm-256color'), ('ROS_LOCALHOST_ONLY', '0'), ('PATH', '/vscode/vscode-server/bin/linux-x64/e54c774e0add60467559eb0d1e229c6452cf8447/bin/remote-cli:/opt/ros/humble/bin:/usr/local/sbin:/usr/local/bin:/usr/sbin:/usr/bin:/sbin:/bin:/home/yadhu/.vscode-server/extensions/ms-python.debugpy-2025.0.1-linux-x64/bundled/scripts/noConfigScripts'), ('REMOTE_CONTAINERS_SOCKETS', '["/tmp/vscode-ssh-auth-3b15b7cf-88ad-4a56-828c-69c61a495d31.sock","/home/yadhu/.gnupg/S.gpg-agent"]'), ('DISPLAY', ':1'), ('LANG', 'C.UTF-8'), ('RMW_IMPLEMENTATION', 'rmw_cyclonedds_cpp'), ('LS_COLORS', 'rs=0:di=01;34:ln=01;36:mh=00:pi=40;33:so=01;35:do=01;35:bd=40;33;01:cd=40;33;01:or=40;31;01:mi=00:su=37;41:sg=30;43:ca=30;41:tw=30;42:ow=34;42:st=37;44:ex=01;32:*.tar=01;31:*.tgz=01;31:*.arc=01;31:*.arj=01;31:*.taz=01;31:*.lha=01;31:*.lz4=01;31:*.lzh=01;31:*.lzma=01;31:*.tlz=01;31:*.txz=01;31:*.tzo=01;31:*.t7z=01;31:*.zip=01;31:*.z=01;31:*.dz=01;31:*.gz=01;31:*.lrz=01;31:*.lz=01;31:*.lzo=01;31:*.xz=01;31:*.zst=01;31:*.tzst=01;31:*.bz2=01;31:*.bz=01;31:*.tbz=01;31:*.tbz2=01;31:*.tz=01;31:*.deb=01;31:*.rpm=01;31:*.jar=01;31:*.war=01;31:*.ear=01;31:*.sar=01;31:*.rar=01;31:*.alz=01;31:*.ace=01;31:*.zoo=01;31:*.cpio=01;31:*.7z=01;31:*.rz=01;31:*.cab=01;31:*.wim=01;31:*.swm=01;31:*.dwm=01;31:*.esd=01;31:*.jpg=01;35:*.jpeg=01;35:*.mjpg=01;35:*.mjpeg=01;35:*.gif=01;35:*.bmp=01;35:*.pbm=01;35:*.pgm=01;35:*.ppm=01;35:*.tga=01;35:*.xbm=01;35:*.xpm=01;35:*.tif=01;35:*.tiff=01;35:*.png=01;35:*.svg=01;35:*.svgz=01;35:*.mng=01;35:*.pcx=01;35:*.mov=01;35:*.mpg=01;35:*.mpeg=01;35:*.m2v=01;35:*.mkv=01;35:*.webm=01;35:*.webp=01;35:*.ogm=01;35:*.mp4=01;35:*.m4v=01;35:*.mp4v=01;35:*.vob=01;35:*.qt=01;35:*.nuv=01;35:*.wmv=01;35:*.asf=01;35:*.rm=01;35:*.rmvb=01;35:*.flc=01;35:*.avi=01;35:*.fli=01;35:*.flv=01;35:*.gl=01;35:*.dl=01;35:*.xcf=01;35:*.xwd=01;35:*.yuv=01;35:*.cgm=01;35:*.emf=01;35:*.ogv=01;35:*.ogx=01;35:*.aac=00;36:*.au=00;36:*.flac=00;36:*.m4a=00;36:*.mid=00;36:*.midi=00;36:*.mka=00;36:*.mp3=00;36:*.mpc=00;36:*.ogg=00;36:*.ra=00;36:*.wav=00;36:*.oga=00;36:*.opus=00;36:*.spx=00;36:*.xspf=00;36:'), ('VSCODE_GIT_IPC_HANDLE', '/tmp/vscode-git-09c052f1c4.sock'), ('TERM_PROGRAM', 'vscode'), ('SSH_AUTH_SOCK', '/tmp/vscode-ssh-auth-3b15b7cf-88ad-4a56-828c-69c61a495d31.sock'), ('ROS_DOMAIN_ID', '42'), ('AMENT_PREFIX_PATH', '/home/yadhu/ur3e/src/install/moveit_msgs:/opt/ros/humble'), ('SHELL', '/bin/bash'), ('ROS_AUTOMATIC_DISCOVERY_RANGE', 'LOCALHOST'), ('VSCODE_GIT_ASKPASS_EXTRA_ARGS', ''), ('PWD', '/home/yadhu/ur3e/src/build/ur_robotiq'), ('LC_ALL', 'C.UTF-8'), ('PYTHONPATH', '/home/yadhu/ur3e/src/install/moveit_msgs/local/lib/python3.10/dist-packages:/opt/ros/humble/lib/python3.10/site-packages:/opt/ros/humble/local/lib/python3.10/dist-packages'), ('COLCON', '1'), ('CMAKE_PREFIX_PATH', '/home/yadhu/ur3e/src/install/moveit_msgs:/opt/ros/humble')]), 'shell': False}
[2.563473] (unity_ros_msgs) StdoutLine: {'line': b'\x1b[35m\x1b[1mConsolidate compiler generated dependencies of target unity_ros_msgs__rosidl_generator_c\x1b[0m\n'}
[2.565533] (ur_robotiq) StdoutLine: {'line': b'\x1b[35m\x1b[1mConsolidate compiler generated dependencies of target ur_robotiq__rosidl_generator_c\x1b[0m\n'}
[2.569129] (unity_ros_msgs) StdoutLine: {'line': b'[  1%] Built target unity_ros_msgs__cpp\n'}
[2.570017] (ur_robotiq) StdoutLine: {'line': b'[  1%] Built target ur_robotiq__cpp\n'}
[2.572545] (unity_ros_msgs) StdoutLine: {'line': b'[ 12%] Built target unity_ros_msgs__rosidl_generator_c\n'}
[2.574175] (ur_robotiq) StdoutLine: {'line': b'[ 12%] Built target ur_robotiq__rosidl_generator_c\n'}
[2.575007] (unity_ros_msgs) StdoutLine: {'line': b'[ 12%] Built target ament_cmake_python_copy_unity_ros_msgs\n'}
[2.575536] (ur_robotiq) StdoutLine: {'line': b'[ 12%] Built target ament_cmake_python_copy_ur_robotiq\n'}
[2.577947] (unity_ros_msgs) StdoutLine: {'line': b'\x1b[35m\x1b[1mConsolidate compiler generated dependencies of target unity_ros_msgs__rosidl_typesupport_fastrtps_cpp\x1b[0m\n'}
[2.581884] (ur_robotiq) StdoutLine: {'line': b'\x1b[35m\x1b[1mConsolidate compiler generated dependencies of target ur_robotiq__rosidl_typesupport_introspection_cpp\x1b[0m\n'}
[2.582031] (ur_robotiq) StdoutLine: {'line': b'\x1b[35m\x1b[1mConsolidate compiler generated dependencies of target ur_robotiq__rosidl_typesupport_cpp\x1b[0m\n'}
[2.582118] (ur_robotiq) StdoutLine: {'line': b'\x1b[35m\x1b[1mConsolidate compiler generated dependencies of target ur_robotiq__rosidl_typesupport_fastrtps_cpp\x1b[0m\n'}
[2.582166] (unity_ros_msgs) StdoutLine: {'line': b'\x1b[35m\x1b[1mConsolidate compiler generated dependencies of target unity_ros_msgs__rosidl_typesupport_introspection_cpp\x1b[0m\n'}
[2.582217] (unity_ros_msgs) StdoutLine: {'line': b'\x1b[35m\x1b[1mConsolidate compiler generated dependencies of target unity_ros_msgs__rosidl_typesupport_cpp\x1b[0m\n'}
[2.582258] (unity_ros_msgs) StdoutLine: {'line': b'\x1b[35m\x1b[1mConsolidate compiler generated dependencies of target unity_ros_msgs__rosidl_typesupport_c\x1b[0m\n'}
[2.582732] (unity_ros_msgs) StdoutLine: {'line': b'\x1b[35m\x1b[1mConsolidate compiler generated dependencies of target unity_ros_msgs__rosidl_typesupport_fastrtps_c\x1b[0m\n'}
[2.582945] (unity_ros_msgs) StdoutLine: {'line': b'\x1b[35m\x1b[1mConsolidate compiler generated dependencies of target unity_ros_msgs__rosidl_typesupport_introspection_c\x1b[0m\n'}
[2.584282] (ur_robotiq) StdoutLine: {'line': b'\x1b[35m\x1b[1mConsolidate compiler generated dependencies of target ur_robotiq__rosidl_typesupport_introspection_c\x1b[0m\n'}
[2.585027] (ur_robotiq) StdoutLine: {'line': b'\x1b[35m\x1b[1mConsolidate compiler generated dependencies of target ur_robotiq__rosidl_typesupport_c\x1b[0m\n'}
[2.585119] (ur_robotiq) StdoutLine: {'line': b'\x1b[35m\x1b[1mConsolidate compiler generated dependencies of target ur_robotiq__rosidl_typesupport_fastrtps_c\x1b[0m\n'}
[2.594159] (unity_ros_msgs) StdoutLine: {'line': b'[ 34%] Built target unity_ros_msgs__rosidl_typesupport_fastrtps_cpp\n'}
[2.594342] (unity_ros_msgs) StdoutLine: {'line': b'[ 34%] Built target unity_ros_msgs__rosidl_typesupport_c\n'}
[2.594790] (ur_robotiq) StdoutLine: {'line': b'[ 23%] Built target ur_robotiq__rosidl_typesupport_introspection_cpp\n'}
[2.594926] (ur_robotiq) StdoutLine: {'line': b'[ 34%] Built target ur_robotiq__rosidl_typesupport_cpp\n'}
[2.595945] (unity_ros_msgs) StdoutLine: {'line': b'[ 47%] Built target unity_ros_msgs__rosidl_typesupport_cpp\n'}
[2.596063] (unity_ros_msgs) StdoutLine: {'line': b'[ 56%] Built target unity_ros_msgs__rosidl_typesupport_introspection_cpp\n'}
[2.596538] (ur_robotiq) StdoutLine: {'line': b'[ 49%] Built target ur_robotiq__rosidl_typesupport_fastrtps_cpp\n'}
[2.596645] (ur_robotiq) StdoutLine: {'line': b'[ 56%] Built target ur_robotiq__rosidl_typesupport_c\n'}
[2.596826] (unity_ros_msgs) StdoutLine: {'line': b'[ 67%] Built target unity_ros_msgs__rosidl_typesupport_introspection_c\n'}
[2.597071] (ur_robotiq) StdoutLine: {'line': b'[ 67%] Built target ur_robotiq__rosidl_typesupport_introspection_c\n'}
[2.597646] (unity_ros_msgs) StdoutLine: {'line': b'[ 78%] Built target unity_ros_msgs__rosidl_typesupport_fastrtps_c\n'}
[2.599071] (ur_robotiq) StdoutLine: {'line': b'[ 78%] Built target ur_robotiq__rosidl_typesupport_fastrtps_c\n'}
[2.604878] (-) TimerEvent: {}
[2.612805] (unity_ros_msgs) StdoutLine: {'line': b'[ 78%] Built target unity_ros_msgs\n'}
[2.615647] (ur_robotiq) StdoutLine: {'line': b'[ 78%] Built target ur_robotiq\n'}
[2.631167] (unity_ros_msgs) StdoutLine: {'line': b'[ 80%] Built target unity_ros_msgs__py\n'}
[2.634910] (ur_robotiq) StdoutLine: {'line': b'[ 80%] Built target ur_robotiq__py\n'}
[2.638607] (unity_ros_msgs) StdoutLine: {'line': b'\x1b[35m\x1b[1mConsolidate compiler generated dependencies of target unity_ros_msgs__rosidl_generator_py\x1b[0m\n'}
[2.641622] (ur_robotiq) StdoutLine: {'line': b'\x1b[35m\x1b[1mConsolidate compiler generated dependencies of target ur_robotiq__rosidl_generator_py\x1b[0m\n'}
[2.651079] (unity_ros_msgs) StdoutLine: {'line': b'[ 89%] Built target unity_ros_msgs__rosidl_generator_py\n'}
[2.653558] (ur_robotiq) StdoutLine: {'line': b'[ 89%] Built target ur_robotiq__rosidl_generator_py\n'}
[2.659193] (unity_ros_msgs) StdoutLine: {'line': b'\x1b[35m\x1b[1mConsolidate compiler generated dependencies of target unity_ros_msgs__rosidl_typesupport_introspection_c__pyext\x1b[0m\n'}
[2.660255] (ur_robotiq) StdoutLine: {'line': b'\x1b[35m\x1b[1mConsolidate compiler generated dependencies of target ur_robotiq__rosidl_typesupport_fastrtps_c__pyext\x1b[0m\n'}
[2.661107] (unity_ros_msgs) StdoutLine: {'line': b'\x1b[35m\x1b[1mConsolidate compiler generated dependencies of target unity_ros_msgs__rosidl_typesupport_fastrtps_c__pyext\x1b[0m\n'}
[2.661222] (unity_ros_msgs) StdoutLine: {'line': b'\x1b[35m\x1b[1mConsolidate compiler generated dependencies of target unity_ros_msgs__rosidl_typesupport_c__pyext\x1b[0m\n'}
[2.661812] (ur_robotiq) StdoutLine: {'line': b'\x1b[35m\x1b[1mConsolidate compiler generated dependencies of target ur_robotiq__rosidl_typesupport_c__pyext\x1b[0m\n'}
[2.662179] (ur_robotiq) StdoutLine: {'line': b'\x1b[35m\x1b[1mConsolidate compiler generated dependencies of target ur_robotiq__rosidl_typesupport_introspection_c__pyext\x1b[0m\n'}
[2.669759] (unity_ros_msgs) StdoutLine: {'line': b'[ 92%] Built target unity_ros_msgs__rosidl_typesupport_introspection_c__pyext\n'}
[2.670021] (ur_robotiq) StdoutLine: {'line': b'[ 92%] Built target ur_robotiq__rosidl_typesupport_fastrtps_c__pyext\n'}
[2.670154] (ur_robotiq) StdoutLine: {'line': b'[ 96%] Built target ur_robotiq__rosidl_typesupport_c__pyext\n'}
[2.671484] (ur_robotiq) StdoutLine: {'line': b'[100%] Built target ur_robotiq__rosidl_typesupport_introspection_c__pyext\n'}
[2.672054] (unity_ros_msgs) StdoutLine: {'line': b'[ 96%] Built target unity_ros_msgs__rosidl_typesupport_fastrtps_c__pyext\n'}
[2.672953] (unity_ros_msgs) StdoutLine: {'line': b'[100%] Built target unity_ros_msgs__rosidl_typesupport_c__pyext\n'}
[2.704966] (-) TimerEvent: {}
[2.724407] (ur_robotiq) StdoutLine: {'line': b'running egg_info\n'}
[2.725096] (ur_robotiq) StdoutLine: {'line': b'writing ur_robotiq.egg-info/PKG-INFO\n'}
[2.725155] (ur_robotiq) StdoutLine: {'line': b'writing dependency_links to ur_robotiq.egg-info/dependency_links.txt\n'}
[2.725211] (ur_robotiq) StdoutLine: {'line': b'writing top-level names to ur_robotiq.egg-info/top_level.txt\n'}
[2.726555] (ur_robotiq) StdoutLine: {'line': b"reading manifest file 'ur_robotiq.egg-info/SOURCES.txt'\n"}
[2.726838] (ur_robotiq) StdoutLine: {'line': b"writing manifest file 'ur_robotiq.egg-info/SOURCES.txt'\n"}
[2.739932] (unity_ros_msgs) StdoutLine: {'line': b'running egg_info\n'}
[2.740503] (unity_ros_msgs) StdoutLine: {'line': b'writing unity_ros_msgs.egg-info/PKG-INFO\n'}
[2.740600] (unity_ros_msgs) StdoutLine: {'line': b'writing dependency_links to unity_ros_msgs.egg-info/dependency_links.txt\n'}
[2.740683] (unity_ros_msgs) StdoutLine: {'line': b'writing top-level names to unity_ros_msgs.egg-info/top_level.txt\n'}
[2.741937] (unity_ros_msgs) StdoutLine: {'line': b"reading manifest file 'unity_ros_msgs.egg-info/SOURCES.txt'\n"}
[2.742305] (unity_ros_msgs) StdoutLine: {'line': b"writing manifest file 'unity_ros_msgs.egg-info/SOURCES.txt'\n"}
[2.744443] (ur_robotiq) StdoutLine: {'line': b'[100%] Built target ament_cmake_python_build_ur_robotiq_egg\n'}
[2.752236] (ur_robotiq) CommandEnded: {'returncode': 0}
[2.759489] (unity_ros_msgs) StdoutLine: {'line': b'[100%] Built target ament_cmake_python_build_unity_ros_msgs_egg\n'}
[2.765995] (unity_ros_msgs) CommandEnded: {'returncode': 0}
[2.805050] (-) TimerEvent: {}
[2.831420] (ur_robotiq) JobProgress: {'identifier': 'ur_robotiq', 'progress': 'install'}
[2.831622] (ur_robotiq) Command: {'cmd': ['/usr/bin/cmake', '--install', '/home/yadhu/ur3e/src/build/ur_robotiq'], 'cwd': '/home/yadhu/ur3e/src/build/ur_robotiq', 'env': OrderedDict([('HOSTNAME', 'yadhuk'), ('GIT_ASKPASS', '/vscode/vscode-server/bin/linux-x64/e54c774e0add60467559eb0d1e229c6452cf8447/extensions/git/dist/askpass.sh'), ('SHLVL', '2'), ('LD_LIBRARY_PATH', '/home/yadhu/ur3e/src/install/moveit_msgs/lib:/usr/lib/x86_64-linux-gnu/gazebo-11/plugins:/opt/ros/humble/opt/rviz_ogre_vendor/lib:/opt/ros/humble/lib/x86_64-linux-gnu:/opt/ros/humble/lib'), ('BROWSER', '/vscode/vscode-server/bin/linux-x64/e54c774e0add60467559eb0d1e229c6452cf8447/bin/helpers/browser.sh'), ('HOME', '/home/yadhu'), ('OLDPWD', '/home/yadhu/ur3e'), ('TERM_PROGRAM_VERSION', '1.97.2'), ('VSCODE_IPC_HOOK_CLI', '/tmp/vscode-ipc-191d809e-ad6a-48a3-8c83-2991c7349be6.sock'), ('DEBUGPY_ADAPTER_ENDPOINTS', '/home/yadhu/.vscode-server/extensions/ms-python.debugpy-2025.0.1-linux-x64/.noConfigDebugAdapterEndpoints/endpoint-00e5a96652343ffc.txt'), ('ROS_PYTHON_VERSION', '3'), ('VSCODE_GIT_ASKPASS_MAIN', '/vscode/vscode-server/bin/linux-x64/e54c774e0add60467559eb0d1e229c6452cf8447/extensions/git/dist/askpass-main.js'), ('VSCODE_GIT_ASKPASS_NODE', '/vscode/vscode-server/bin/linux-x64/e54c774e0add60467559eb0d1e229c6452cf8447/node'), ('PYDEVD_DISABLE_FILE_VALIDATION', '1'), ('BUNDLED_DEBUGPY_PATH', '/home/yadhu/.vscode-server/extensions/ms-python.debugpy-2025.0.1-linux-x64/bundled/libs/debugpy'), ('COLORTERM', 'truecolor'), ('REMOTE_CONTAINERS', 'true'), ('ROS_DISTRO', 'humble'), ('REMOTE_CONTAINERS_IPC', '/tmp/vscode-remote-containers-ipc-3b15b7cf-88ad-4a56-828c-69c61a495d31.sock'), ('_', '/usr/bin/colcon'), ('ROS_VERSION', '2'), ('TERM', 'xterm-256color'), ('ROS_LOCALHOST_ONLY', '0'), ('PATH', '/vscode/vscode-server/bin/linux-x64/e54c774e0add60467559eb0d1e229c6452cf8447/bin/remote-cli:/opt/ros/humble/bin:/usr/local/sbin:/usr/local/bin:/usr/sbin:/usr/bin:/sbin:/bin:/home/yadhu/.vscode-server/extensions/ms-python.debugpy-2025.0.1-linux-x64/bundled/scripts/noConfigScripts'), ('REMOTE_CONTAINERS_SOCKETS', '["/tmp/vscode-ssh-auth-3b15b7cf-88ad-4a56-828c-69c61a495d31.sock","/home/yadhu/.gnupg/S.gpg-agent"]'), ('DISPLAY', ':1'), ('LANG', 'C.UTF-8'), ('RMW_IMPLEMENTATION', 'rmw_cyclonedds_cpp'), ('LS_COLORS', 'rs=0:di=01;34:ln=01;36:mh=00:pi=40;33:so=01;35:do=01;35:bd=40;33;01:cd=40;33;01:or=40;31;01:mi=00:su=37;41:sg=30;43:ca=30;41:tw=30;42:ow=34;42:st=37;44:ex=01;32:*.tar=01;31:*.tgz=01;31:*.arc=01;31:*.arj=01;31:*.taz=01;31:*.lha=01;31:*.lz4=01;31:*.lzh=01;31:*.lzma=01;31:*.tlz=01;31:*.txz=01;31:*.tzo=01;31:*.t7z=01;31:*.zip=01;31:*.z=01;31:*.dz=01;31:*.gz=01;31:*.lrz=01;31:*.lz=01;31:*.lzo=01;31:*.xz=01;31:*.zst=01;31:*.tzst=01;31:*.bz2=01;31:*.bz=01;31:*.tbz=01;31:*.tbz2=01;31:*.tz=01;31:*.deb=01;31:*.rpm=01;31:*.jar=01;31:*.war=01;31:*.ear=01;31:*.sar=01;31:*.rar=01;31:*.alz=01;31:*.ace=01;31:*.zoo=01;31:*.cpio=01;31:*.7z=01;31:*.rz=01;31:*.cab=01;31:*.wim=01;31:*.swm=01;31:*.dwm=01;31:*.esd=01;31:*.jpg=01;35:*.jpeg=01;35:*.mjpg=01;35:*.mjpeg=01;35:*.gif=01;35:*.bmp=01;35:*.pbm=01;35:*.pgm=01;35:*.ppm=01;35:*.tga=01;35:*.xbm=01;35:*.xpm=01;35:*.tif=01;35:*.tiff=01;35:*.png=01;35:*.svg=01;35:*.svgz=01;35:*.mng=01;35:*.pcx=01;35:*.mov=01;35:*.mpg=01;35:*.mpeg=01;35:*.m2v=01;35:*.mkv=01;35:*.webm=01;35:*.webp=01;35:*.ogm=01;35:*.mp4=01;35:*.m4v=01;35:*.mp4v=01;35:*.vob=01;35:*.qt=01;35:*.nuv=01;35:*.wmv=01;35:*.asf=01;35:*.rm=01;35:*.rmvb=01;35:*.flc=01;35:*.avi=01;35:*.fli=01;35:*.flv=01;35:*.gl=01;35:*.dl=01;35:*.xcf=01;35:*.xwd=01;35:*.yuv=01;35:*.cgm=01;35:*.emf=01;35:*.ogv=01;35:*.ogx=01;35:*.aac=00;36:*.au=00;36:*.flac=00;36:*.m4a=00;36:*.mid=00;36:*.midi=00;36:*.mka=00;36:*.mp3=00;36:*.mpc=00;36:*.ogg=00;36:*.ra=00;36:*.wav=00;36:*.oga=00;36:*.opus=00;36:*.spx=00;36:*.xspf=00;36:'), ('VSCODE_GIT_IPC_HANDLE', '/tmp/vscode-git-09c052f1c4.sock'), ('TERM_PROGRAM', 'vscode'), ('SSH_AUTH_SOCK', '/tmp/vscode-ssh-auth-3b15b7cf-88ad-4a56-828c-69c61a495d31.sock'), ('ROS_DOMAIN_ID', '42'), ('AMENT_PREFIX_PATH', '/home/yadhu/ur3e/src/install/moveit_msgs:/opt/ros/humble'), ('SHELL', '/bin/bash'), ('ROS_AUTOMATIC_DISCOVERY_RANGE', 'LOCALHOST'), ('VSCODE_GIT_ASKPASS_EXTRA_ARGS', ''), ('PWD', '/home/yadhu/ur3e/src/build/ur_robotiq'), ('LC_ALL', 'C.UTF-8'), ('PYTHONPATH', '/home/yadhu/ur3e/src/install/moveit_msgs/local/lib/python3.10/dist-packages:/opt/ros/humble/lib/python3.10/site-packages:/opt/ros/humble/local/lib/python3.10/dist-packages'), ('COLCON', '1'), ('CMAKE_PREFIX_PATH', '/home/yadhu/ur3e/src/install/moveit_msgs:/opt/ros/humble')]), 'shell': False}
[2.836752] (ur_robotiq) StdoutLine: {'line': b'-- Install configuration: ""\n'}
[2.836851] (ur_robotiq) StdoutLine: {'line': b'-- Up-to-date: /home/yadhu/ur3e/src/install/ur_robotiq/share/ament_index/resource_index/rosidl_interfaces/ur_robotiq\n'}
[2.836885] (ur_robotiq) StdoutLine: {'line': b'-- Up-to-date: /home/yadhu/ur3e/src/install/ur_robotiq/include/ur_robotiq/ur_robotiq\n'}
[2.836915] (ur_robotiq) StdoutLine: {'line': b'-- Up-to-date: /home/yadhu/ur3e/src/install/ur_robotiq/include/ur_robotiq/ur_robotiq/msg\n'}
[2.836944] (ur_robotiq) StdoutLine: {'line': b'-- Up-to-date: /home/yadhu/ur3e/src/install/ur_robotiq/include/ur_robotiq/ur_robotiq/msg/rosidl_generator_c__visibility_control.h\n'}
[2.836972] (ur_robotiq) StdoutLine: {'line': b'-- Up-to-date: /home/yadhu/ur3e/src/install/ur_robotiq/include/ur_robotiq/ur_robotiq/msg/ur3e_moveit_joints.h\n'}
[2.836999] (ur_robotiq) StdoutLine: {'line': b'-- Up-to-date: /home/yadhu/ur3e/src/install/ur_robotiq/include/ur_robotiq/ur_robotiq/msg/detail\n'}
[2.837026] (ur_robotiq) StdoutLine: {'line': b'-- Up-to-date: /home/yadhu/ur3e/src/install/ur_robotiq/include/ur_robotiq/ur_robotiq/msg/detail/ur3e_gripper__type_support.h\n'}
[2.837052] (ur_robotiq) StdoutLine: {'line': b'-- Up-to-date: /home/yadhu/ur3e/src/install/ur_robotiq/include/ur_robotiq/ur_robotiq/msg/detail/ur3e_trajectory__struct.h\n'}
[2.837078] (ur_robotiq) StdoutLine: {'line': b'-- Up-to-date: /home/yadhu/ur3e/src/install/ur_robotiq/include/ur_robotiq/ur_robotiq/msg/detail/ur3e_trajectory__functions.c\n'}
[2.837119] (ur_robotiq) StdoutLine: {'line': b'-- Up-to-date: /home/yadhu/ur3e/src/install/ur_robotiq/include/ur_robotiq/ur_robotiq/msg/detail/ur3e_moveit_joints__functions.h\n'}
[2.837236] (ur_robotiq) StdoutLine: {'line': b'-- Up-to-date: /home/yadhu/ur3e/src/install/ur_robotiq/include/ur_robotiq/ur_robotiq/msg/detail/ur3e_moveit_joints__type_support.h\n'}
[2.837452] (ur_robotiq) StdoutLine: {'line': b'-- Up-to-date: /home/yadhu/ur3e/src/install/ur_robotiq/include/ur_robotiq/ur_robotiq/msg/detail/ur3e_gripper__struct.h\n'}
[2.837530] (ur_robotiq) StdoutLine: {'line': b'-- Up-to-date: /home/yadhu/ur3e/src/install/ur_robotiq/include/ur_robotiq/ur_robotiq/msg/detail/ur3e_trajectory__functions.h\n'}
[2.837634] (ur_robotiq) StdoutLine: {'line': b'-- Up-to-date: /home/yadhu/ur3e/src/install/ur_robotiq/include/ur_robotiq/ur_robotiq/msg/detail/ur3e_moveit_joints__struct.h\n'}
[2.837702] (ur_robotiq) StdoutLine: {'line': b'-- Up-to-date: /home/yadhu/ur3e/src/install/ur_robotiq/include/ur_robotiq/ur_robotiq/msg/detail/ur3e_moveit_joints__functions.c\n'}
[2.837838] (ur_robotiq) StdoutLine: {'line': b'-- Up-to-date: /home/yadhu/ur3e/src/install/ur_robotiq/include/ur_robotiq/ur_robotiq/msg/detail/ur3e_trajectory__type_support.h\n'}
[2.837872] (ur_robotiq) StdoutLine: {'line': b'-- Up-to-date: /home/yadhu/ur3e/src/install/ur_robotiq/include/ur_robotiq/ur_robotiq/msg/detail/ur3e_gripper__functions.h\n'}
[2.837903] (ur_robotiq) StdoutLine: {'line': b'-- Up-to-date: /home/yadhu/ur3e/src/install/ur_robotiq/include/ur_robotiq/ur_robotiq/msg/detail/ur3e_gripper__functions.c\n'}
[2.837931] (ur_robotiq) StdoutLine: {'line': b'-- Up-to-date: /home/yadhu/ur3e/src/install/ur_robotiq/include/ur_robotiq/ur_robotiq/msg/ur3e_trajectory.h\n'}
[2.837971] (ur_robotiq) StdoutLine: {'line': b'-- Up-to-date: /home/yadhu/ur3e/src/install/ur_robotiq/include/ur_robotiq/ur_robotiq/msg/ur3e_gripper.h\n'}
[2.838000] (ur_robotiq) StdoutLine: {'line': b'-- Up-to-date: /home/yadhu/ur3e/src/install/ur_robotiq/include/ur_robotiq/ur_robotiq/srv\n'}
[2.838027] (ur_robotiq) StdoutLine: {'line': b'-- Up-to-date: /home/yadhu/ur3e/src/install/ur_robotiq/include/ur_robotiq/ur_robotiq/srv/ur_mover_service.h\n'}
[2.838054] (ur_robotiq) StdoutLine: {'line': b'-- Up-to-date: /home/yadhu/ur3e/src/install/ur_robotiq/include/ur_robotiq/ur_robotiq/srv/detail\n'}
[2.838080] (ur_robotiq) StdoutLine: {'line': b'-- Up-to-date: /home/yadhu/ur3e/src/install/ur_robotiq/include/ur_robotiq/ur_robotiq/srv/detail/ur_mover_service__functions.c\n'}
[2.838106] (ur_robotiq) StdoutLine: {'line': b'-- Up-to-date: /home/yadhu/ur3e/src/install/ur_robotiq/include/ur_robotiq/ur_robotiq/srv/detail/ur_mover_service__struct.h\n'}
[2.838131] (ur_robotiq) StdoutLine: {'line': b'-- Up-to-date: /home/yadhu/ur3e/src/install/ur_robotiq/include/ur_robotiq/ur_robotiq/srv/detail/ur_mover_service__type_support.h\n'}
[2.838156] (ur_robotiq) StdoutLine: {'line': b'-- Up-to-date: /home/yadhu/ur3e/src/install/ur_robotiq/include/ur_robotiq/ur_robotiq/srv/detail/ur_mover_service__functions.h\n'}
[2.838182] (ur_robotiq) StdoutLine: {'line': b'-- Up-to-date: /home/yadhu/ur3e/src/install/ur_robotiq/share/ur_robotiq/environment/library_path.sh\n'}
[2.838207] (ur_robotiq) StdoutLine: {'line': b'-- Up-to-date: /home/yadhu/ur3e/src/install/ur_robotiq/share/ur_robotiq/environment/library_path.dsv\n'}
[2.838232] (ur_robotiq) StdoutLine: {'line': b'-- Up-to-date: /home/yadhu/ur3e/src/install/ur_robotiq/lib/libur_robotiq__rosidl_generator_c.so\n'}
[2.838259] (ur_robotiq) StdoutLine: {'line': b'-- Up-to-date: /home/yadhu/ur3e/src/install/ur_robotiq/include/ur_robotiq/ur_robotiq\n'}
[2.838285] (ur_robotiq) StdoutLine: {'line': b'-- Up-to-date: /home/yadhu/ur3e/src/install/ur_robotiq/include/ur_robotiq/ur_robotiq/msg\n'}
[2.838352] (ur_robotiq) StdoutLine: {'line': b'-- Up-to-date: /home/yadhu/ur3e/src/install/ur_robotiq/include/ur_robotiq/ur_robotiq/msg/rosidl_typesupport_fastrtps_c__visibility_control.h\n'}
[2.838393] (ur_robotiq) StdoutLine: {'line': b'-- Up-to-date: /home/yadhu/ur3e/src/install/ur_robotiq/include/ur_robotiq/ur_robotiq/msg/detail\n'}
[2.838420] (ur_robotiq) StdoutLine: {'line': b'-- Up-to-date: /home/yadhu/ur3e/src/install/ur_robotiq/include/ur_robotiq/ur_robotiq/msg/detail/ur3e_gripper__rosidl_typesupport_fastrtps_c.h\n'}
[2.838446] (ur_robotiq) StdoutLine: {'line': b'-- Up-to-date: /home/yadhu/ur3e/src/install/ur_robotiq/include/ur_robotiq/ur_robotiq/msg/detail/ur3e_trajectory__rosidl_typesupport_fastrtps_c.h\n'}
[2.838473] (ur_robotiq) StdoutLine: {'line': b'-- Up-to-date: /home/yadhu/ur3e/src/install/ur_robotiq/include/ur_robotiq/ur_robotiq/msg/detail/ur3e_moveit_joints__rosidl_typesupport_fastrtps_c.h\n'}
[2.838500] (ur_robotiq) StdoutLine: {'line': b'-- Up-to-date: /home/yadhu/ur3e/src/install/ur_robotiq/include/ur_robotiq/ur_robotiq/srv\n'}
[2.838527] (ur_robotiq) StdoutLine: {'line': b'-- Up-to-date: /home/yadhu/ur3e/src/install/ur_robotiq/include/ur_robotiq/ur_robotiq/srv/detail\n'}
[2.838554] (ur_robotiq) StdoutLine: {'line': b'-- Up-to-date: /home/yadhu/ur3e/src/install/ur_robotiq/include/ur_robotiq/ur_robotiq/srv/detail/ur_mover_service__rosidl_typesupport_fastrtps_c.h\n'}
[2.838581] (ur_robotiq) StdoutLine: {'line': b'-- Up-to-date: /home/yadhu/ur3e/src/install/ur_robotiq/lib/libur_robotiq__rosidl_typesupport_fastrtps_c.so\n'}
[2.838607] (ur_robotiq) StdoutLine: {'line': b'-- Up-to-date: /home/yadhu/ur3e/src/install/ur_robotiq/include/ur_robotiq/ur_robotiq\n'}
[2.838633] (ur_robotiq) StdoutLine: {'line': b'-- Up-to-date: /home/yadhu/ur3e/src/install/ur_robotiq/include/ur_robotiq/ur_robotiq/msg\n'}
[2.838659] (ur_robotiq) StdoutLine: {'line': b'-- Up-to-date: /home/yadhu/ur3e/src/install/ur_robotiq/include/ur_robotiq/ur_robotiq/msg/detail\n'}
[2.838685] (ur_robotiq) StdoutLine: {'line': b'-- Up-to-date: /home/yadhu/ur3e/src/install/ur_robotiq/include/ur_robotiq/ur_robotiq/msg/detail/ur3e_trajectory__rosidl_typesupport_introspection_c.h\n'}
[2.838789] (ur_robotiq) StdoutLine: {'line': b'-- Up-to-date: /home/yadhu/ur3e/src/install/ur_robotiq/include/ur_robotiq/ur_robotiq/msg/detail/ur3e_gripper__rosidl_typesupport_introspection_c.h\n'}
[2.838822] (ur_robotiq) StdoutLine: {'line': b'-- Up-to-date: /home/yadhu/ur3e/src/install/ur_robotiq/include/ur_robotiq/ur_robotiq/msg/detail/ur3e_gripper__type_support.c\n'}
[2.838851] (ur_robotiq) StdoutLine: {'line': b'-- Up-to-date: /home/yadhu/ur3e/src/install/ur_robotiq/include/ur_robotiq/ur_robotiq/msg/detail/ur3e_trajectory__type_support.c\n'}
[2.838878] (ur_robotiq) StdoutLine: {'line': b'-- Up-to-date: /home/yadhu/ur3e/src/install/ur_robotiq/include/ur_robotiq/ur_robotiq/msg/detail/ur3e_moveit_joints__rosidl_typesupport_introspection_c.h\n'}
[2.838904] (ur_robotiq) StdoutLine: {'line': b'-- Up-to-date: /home/yadhu/ur3e/src/install/ur_robotiq/include/ur_robotiq/ur_robotiq/msg/detail/ur3e_moveit_joints__type_support.c\n'}
[2.838953] (ur_robotiq) StdoutLine: {'line': b'-- Up-to-date: /home/yadhu/ur3e/src/install/ur_robotiq/include/ur_robotiq/ur_robotiq/msg/rosidl_typesupport_introspection_c__visibility_control.h\n'}
[2.838981] (ur_robotiq) StdoutLine: {'line': b'-- Up-to-date: /home/yadhu/ur3e/src/install/ur_robotiq/include/ur_robotiq/ur_robotiq/srv\n'}
[2.839009] (ur_robotiq) StdoutLine: {'line': b'-- Up-to-date: /home/yadhu/ur3e/src/install/ur_robotiq/include/ur_robotiq/ur_robotiq/srv/detail\n'}
[2.839036] (ur_robotiq) StdoutLine: {'line': b'-- Up-to-date: /home/yadhu/ur3e/src/install/ur_robotiq/include/ur_robotiq/ur_robotiq/srv/detail/ur_mover_service__type_support.c\n'}
[2.839062] (ur_robotiq) StdoutLine: {'line': b'-- Up-to-date: /home/yadhu/ur3e/src/install/ur_robotiq/include/ur_robotiq/ur_robotiq/srv/detail/ur_mover_service__rosidl_typesupport_introspection_c.h\n'}
[2.839088] (ur_robotiq) StdoutLine: {'line': b'-- Up-to-date: /home/yadhu/ur3e/src/install/ur_robotiq/lib/libur_robotiq__rosidl_typesupport_introspection_c.so\n'}
[2.839115] (ur_robotiq) StdoutLine: {'line': b'-- Up-to-date: /home/yadhu/ur3e/src/install/ur_robotiq/lib/libur_robotiq__rosidl_typesupport_c.so\n'}
[2.839141] (ur_robotiq) StdoutLine: {'line': b'-- Up-to-date: /home/yadhu/ur3e/src/install/ur_robotiq/include/ur_robotiq/ur_robotiq\n'}
[2.839172] (ur_robotiq) StdoutLine: {'line': b'-- Up-to-date: /home/yadhu/ur3e/src/install/ur_robotiq/include/ur_robotiq/ur_robotiq/msg\n'}
[2.839199] (ur_robotiq) StdoutLine: {'line': b'-- Up-to-date: /home/yadhu/ur3e/src/install/ur_robotiq/include/ur_robotiq/ur_robotiq/msg/ur3e_moveit_joints.hpp\n'}
[2.839225] (ur_robotiq) StdoutLine: {'line': b'-- Up-to-date: /home/yadhu/ur3e/src/install/ur_robotiq/include/ur_robotiq/ur_robotiq/msg/ur3e_trajectory.hpp\n'}
[2.839252] (ur_robotiq) StdoutLine: {'line': b'-- Up-to-date: /home/yadhu/ur3e/src/install/ur_robotiq/include/ur_robotiq/ur_robotiq/msg/detail\n'}
[2.839278] (ur_robotiq) StdoutLine: {'line': b'-- Up-to-date: /home/yadhu/ur3e/src/install/ur_robotiq/include/ur_robotiq/ur_robotiq/msg/detail/ur3e_trajectory__builder.hpp\n'}
[2.839310] (ur_robotiq) StdoutLine: {'line': b'-- Up-to-date: /home/yadhu/ur3e/src/install/ur_robotiq/include/ur_robotiq/ur_robotiq/msg/detail/ur3e_moveit_joints__builder.hpp\n'}
[2.839336] (ur_robotiq) StdoutLine: {'line': b'-- Up-to-date: /home/yadhu/ur3e/src/install/ur_robotiq/include/ur_robotiq/ur_robotiq/msg/detail/ur3e_trajectory__struct.hpp\n'}
[2.839363] (ur_robotiq) StdoutLine: {'line': b'-- Up-to-date: /home/yadhu/ur3e/src/install/ur_robotiq/include/ur_robotiq/ur_robotiq/msg/detail/ur3e_gripper__traits.hpp\n'}
[2.839521] (ur_robotiq) StdoutLine: {'line': b'-- Up-to-date: /home/yadhu/ur3e/src/install/ur_robotiq/include/ur_robotiq/ur_robotiq/msg/detail/ur3e_moveit_joints__traits.hpp\n'}
[2.839549] (ur_robotiq) StdoutLine: {'line': b'-- Up-to-date: /home/yadhu/ur3e/src/install/ur_robotiq/include/ur_robotiq/ur_robotiq/msg/detail/ur3e_moveit_joints__struct.hpp\n'}
[2.839574] (ur_robotiq) StdoutLine: {'line': b'-- Up-to-date: /home/yadhu/ur3e/src/install/ur_robotiq/include/ur_robotiq/ur_robotiq/msg/detail/ur3e_trajectory__traits.hpp\n'}
[2.839601] (ur_robotiq) StdoutLine: {'line': b'-- Up-to-date: /home/yadhu/ur3e/src/install/ur_robotiq/include/ur_robotiq/ur_robotiq/msg/detail/ur3e_gripper__builder.hpp\n'}
[2.839625] (ur_robotiq) StdoutLine: {'line': b'-- Up-to-date: /home/yadhu/ur3e/src/install/ur_robotiq/include/ur_robotiq/ur_robotiq/msg/detail/ur3e_gripper__struct.hpp\n'}
[2.839648] (ur_robotiq) StdoutLine: {'line': b'-- Up-to-date: /home/yadhu/ur3e/src/install/ur_robotiq/include/ur_robotiq/ur_robotiq/msg/ur3e_gripper.hpp\n'}
[2.839671] (ur_robotiq) StdoutLine: {'line': b'-- Up-to-date: /home/yadhu/ur3e/src/install/ur_robotiq/include/ur_robotiq/ur_robotiq/srv\n'}
[2.839694] (ur_robotiq) StdoutLine: {'line': b'-- Up-to-date: /home/yadhu/ur3e/src/install/ur_robotiq/include/ur_robotiq/ur_robotiq/srv/detail\n'}
[2.839717] (ur_robotiq) StdoutLine: {'line': b'-- Up-to-date: /home/yadhu/ur3e/src/install/ur_robotiq/include/ur_robotiq/ur_robotiq/srv/detail/ur_mover_service__traits.hpp\n'}
[2.839740] (ur_robotiq) StdoutLine: {'line': b'-- Up-to-date: /home/yadhu/ur3e/src/install/ur_robotiq/include/ur_robotiq/ur_robotiq/srv/detail/ur_mover_service__struct.hpp\n'}
[2.839763] (ur_robotiq) StdoutLine: {'line': b'-- Up-to-date: /home/yadhu/ur3e/src/install/ur_robotiq/include/ur_robotiq/ur_robotiq/srv/detail/ur_mover_service__builder.hpp\n'}
[2.839786] (ur_robotiq) StdoutLine: {'line': b'-- Up-to-date: /home/yadhu/ur3e/src/install/ur_robotiq/include/ur_robotiq/ur_robotiq/srv/ur_mover_service.hpp\n'}
[2.839809] (ur_robotiq) StdoutLine: {'line': b'-- Up-to-date: /home/yadhu/ur3e/src/install/ur_robotiq/include/ur_robotiq/ur_robotiq\n'}
[2.839833] (ur_robotiq) StdoutLine: {'line': b'-- Up-to-date: /home/yadhu/ur3e/src/install/ur_robotiq/include/ur_robotiq/ur_robotiq/msg\n'}
[2.839859] (ur_robotiq) StdoutLine: {'line': b'-- Up-to-date: /home/yadhu/ur3e/src/install/ur_robotiq/include/ur_robotiq/ur_robotiq/msg/rosidl_typesupport_fastrtps_cpp__visibility_control.h\n'}
[2.839885] (ur_robotiq) StdoutLine: {'line': b'-- Up-to-date: /home/yadhu/ur3e/src/install/ur_robotiq/include/ur_robotiq/ur_robotiq/msg/detail\n'}
[2.839910] (ur_robotiq) StdoutLine: {'line': b'-- Up-to-date: /home/yadhu/ur3e/src/install/ur_robotiq/include/ur_robotiq/ur_robotiq/msg/detail/ur3e_moveit_joints__rosidl_typesupport_fastrtps_cpp.hpp\n'}
[2.839937] (ur_robotiq) StdoutLine: {'line': b'-- Up-to-date: /home/yadhu/ur3e/src/install/ur_robotiq/include/ur_robotiq/ur_robotiq/msg/detail/dds_fastrtps\n'}
[2.839963] (ur_robotiq) StdoutLine: {'line': b'-- Up-to-date: /home/yadhu/ur3e/src/install/ur_robotiq/include/ur_robotiq/ur_robotiq/msg/detail/ur3e_trajectory__rosidl_typesupport_fastrtps_cpp.hpp\n'}
[2.839988] (ur_robotiq) StdoutLine: {'line': b'-- Up-to-date: /home/yadhu/ur3e/src/install/ur_robotiq/include/ur_robotiq/ur_robotiq/msg/detail/ur3e_gripper__rosidl_typesupport_fastrtps_cpp.hpp\n'}
[2.840039] (ur_robotiq) StdoutLine: {'line': b'-- Up-to-date: /home/yadhu/ur3e/src/install/ur_robotiq/include/ur_robotiq/ur_robotiq/srv\n'}
[2.840063] (ur_robotiq) StdoutLine: {'line': b'-- Up-to-date: /home/yadhu/ur3e/src/install/ur_robotiq/include/ur_robotiq/ur_robotiq/srv/detail\n'}
[2.840085] (ur_robotiq) StdoutLine: {'line': b'-- Up-to-date: /home/yadhu/ur3e/src/install/ur_robotiq/include/ur_robotiq/ur_robotiq/srv/detail/ur_mover_service__rosidl_typesupport_fastrtps_cpp.hpp\n'}
[2.840108] (ur_robotiq) StdoutLine: {'line': b'-- Up-to-date: /home/yadhu/ur3e/src/install/ur_robotiq/include/ur_robotiq/ur_robotiq/srv/detail/dds_fastrtps\n'}
[2.840130] (ur_robotiq) StdoutLine: {'line': b'-- Up-to-date: /home/yadhu/ur3e/src/install/ur_robotiq/lib/libur_robotiq__rosidl_typesupport_fastrtps_cpp.so\n'}
[2.840153] (ur_robotiq) StdoutLine: {'line': b'-- Up-to-date: /home/yadhu/ur3e/src/install/ur_robotiq/include/ur_robotiq/ur_robotiq\n'}
[2.840176] (ur_robotiq) StdoutLine: {'line': b'-- Up-to-date: /home/yadhu/ur3e/src/install/ur_robotiq/include/ur_robotiq/ur_robotiq/msg\n'}
[2.840199] (ur_robotiq) StdoutLine: {'line': b'-- Up-to-date: /home/yadhu/ur3e/src/install/ur_robotiq/include/ur_robotiq/ur_robotiq/msg/detail\n'}
[2.840223] (ur_robotiq) StdoutLine: {'line': b'-- Up-to-date: /home/yadhu/ur3e/src/install/ur_robotiq/include/ur_robotiq/ur_robotiq/msg/detail/ur3e_trajectory__rosidl_typesupport_introspection_cpp.hpp\n'}
[2.840246] (ur_robotiq) StdoutLine: {'line': b'-- Up-to-date: /home/yadhu/ur3e/src/install/ur_robotiq/include/ur_robotiq/ur_robotiq/msg/detail/ur3e_trajectory__type_support.cpp\n'}
[2.840269] (ur_robotiq) StdoutLine: {'line': b'-- Up-to-date: /home/yadhu/ur3e/src/install/ur_robotiq/include/ur_robotiq/ur_robotiq/msg/detail/ur3e_gripper__type_support.cpp\n'}
[2.840329] (ur_robotiq) StdoutLine: {'line': b'-- Up-to-date: /home/yadhu/ur3e/src/install/ur_robotiq/include/ur_robotiq/ur_robotiq/msg/detail/ur3e_moveit_joints__type_support.cpp\n'}
[2.840358] (ur_robotiq) StdoutLine: {'line': b'-- Up-to-date: /home/yadhu/ur3e/src/install/ur_robotiq/include/ur_robotiq/ur_robotiq/msg/detail/ur3e_moveit_joints__rosidl_typesupport_introspection_cpp.hpp\n'}
[2.840386] (ur_robotiq) StdoutLine: {'line': b'-- Up-to-date: /home/yadhu/ur3e/src/install/ur_robotiq/include/ur_robotiq/ur_robotiq/msg/detail/ur3e_gripper__rosidl_typesupport_introspection_cpp.hpp\n'}
[2.840412] (ur_robotiq) StdoutLine: {'line': b'-- Up-to-date: /home/yadhu/ur3e/src/install/ur_robotiq/include/ur_robotiq/ur_robotiq/srv\n'}
[2.840437] (ur_robotiq) StdoutLine: {'line': b'-- Up-to-date: /home/yadhu/ur3e/src/install/ur_robotiq/include/ur_robotiq/ur_robotiq/srv/detail\n'}
[2.840463] (ur_robotiq) StdoutLine: {'line': b'-- Up-to-date: /home/yadhu/ur3e/src/install/ur_robotiq/include/ur_robotiq/ur_robotiq/srv/detail/ur_mover_service__type_support.cpp\n'}
[2.840488] (ur_robotiq) StdoutLine: {'line': b'-- Up-to-date: /home/yadhu/ur3e/src/install/ur_robotiq/include/ur_robotiq/ur_robotiq/srv/detail/ur_mover_service__rosidl_typesupport_introspection_cpp.hpp\n'}
[2.840514] (ur_robotiq) StdoutLine: {'line': b'-- Up-to-date: /home/yadhu/ur3e/src/install/ur_robotiq/lib/libur_robotiq__rosidl_typesupport_introspection_cpp.so\n'}
[2.840540] (ur_robotiq) StdoutLine: {'line': b'-- Up-to-date: /home/yadhu/ur3e/src/install/ur_robotiq/lib/libur_robotiq__rosidl_typesupport_cpp.so\n'}
[2.840566] (ur_robotiq) StdoutLine: {'line': b'-- Up-to-date: /home/yadhu/ur3e/src/install/ur_robotiq/share/ur_robotiq/environment/pythonpath.sh\n'}
[2.840592] (ur_robotiq) StdoutLine: {'line': b'-- Up-to-date: /home/yadhu/ur3e/src/install/ur_robotiq/share/ur_robotiq/environment/pythonpath.dsv\n'}
[2.840617] (ur_robotiq) StdoutLine: {'line': b'-- Up-to-date: /home/yadhu/ur3e/src/install/ur_robotiq/local/lib/python3.10/dist-packages/ur_robotiq-0.0.0-py3.10.egg-info\n'}
[2.840643] (ur_robotiq) StdoutLine: {'line': b'-- Installing: /home/yadhu/ur3e/src/install/ur_robotiq/local/lib/python3.10/dist-packages/ur_robotiq-0.0.0-py3.10.egg-info/top_level.txt\n'}
[2.840669] (ur_robotiq) StdoutLine: {'line': b'-- Installing: /home/yadhu/ur3e/src/install/ur_robotiq/local/lib/python3.10/dist-packages/ur_robotiq-0.0.0-py3.10.egg-info/PKG-INFO\n'}
[2.840694] (ur_robotiq) StdoutLine: {'line': b'-- Installing: /home/yadhu/ur3e/src/install/ur_robotiq/local/lib/python3.10/dist-packages/ur_robotiq-0.0.0-py3.10.egg-info/dependency_links.txt\n'}
[2.840719] (ur_robotiq) StdoutLine: {'line': b'-- Installing: /home/yadhu/ur3e/src/install/ur_robotiq/local/lib/python3.10/dist-packages/ur_robotiq-0.0.0-py3.10.egg-info/SOURCES.txt\n'}
[2.840745] (ur_robotiq) StdoutLine: {'line': b'-- Up-to-date: /home/yadhu/ur3e/src/install/ur_robotiq/local/lib/python3.10/dist-packages/ur_robotiq\n'}
[2.840770] (ur_robotiq) StdoutLine: {'line': b'-- Up-to-date: /home/yadhu/ur3e/src/install/ur_robotiq/local/lib/python3.10/dist-packages/ur_robotiq/ur_robotiq_s__rosidl_typesupport_introspection_c.cpython-310-x86_64-linux-gnu.so\n'}
[2.840797] (ur_robotiq) StdoutLine: {'line': b'-- Up-to-date: /home/yadhu/ur3e/src/install/ur_robotiq/local/lib/python3.10/dist-packages/ur_robotiq/libur_robotiq__rosidl_generator_py.so\n'}
[2.840823] (ur_robotiq) StdoutLine: {'line': b'-- Up-to-date: /home/yadhu/ur3e/src/install/ur_robotiq/local/lib/python3.10/dist-packages/ur_robotiq/_ur_robotiq_s.ep.rosidl_typesupport_introspection_c.c\n'}
[2.840953] (ur_robotiq) StdoutLine: {'line': b'-- Up-to-date: /home/yadhu/ur3e/src/install/ur_robotiq/local/lib/python3.10/dist-packages/ur_robotiq/ur_robotiq_s__rosidl_typesupport_fastrtps_c.cpython-310-x86_64-linux-gnu.so\n'}
[2.840983] (ur_robotiq) StdoutLine: {'line': b'-- Up-to-date: /home/yadhu/ur3e/src/install/ur_robotiq/local/lib/python3.10/dist-packages/ur_robotiq/_ur_robotiq_s.ep.rosidl_typesupport_fastrtps_c.c\n'}
[2.841007] (ur_robotiq) StdoutLine: {'line': b'-- Up-to-date: /home/yadhu/ur3e/src/install/ur_robotiq/local/lib/python3.10/dist-packages/ur_robotiq/msg\n'}
[2.841031] (ur_robotiq) StdoutLine: {'line': b'-- Up-to-date: /home/yadhu/ur3e/src/install/ur_robotiq/local/lib/python3.10/dist-packages/ur_robotiq/msg/_ur3e_gripper_s.c\n'}
[2.841055] (ur_robotiq) StdoutLine: {'line': b'-- Up-to-date: /home/yadhu/ur3e/src/install/ur_robotiq/local/lib/python3.10/dist-packages/ur_robotiq/msg/_ur3e_moveit_joints_s.c\n'}
[2.841079] (ur_robotiq) StdoutLine: {'line': b'-- Up-to-date: /home/yadhu/ur3e/src/install/ur_robotiq/local/lib/python3.10/dist-packages/ur_robotiq/msg/_ur3e_moveit_joints.py\n'}
[2.841102] (ur_robotiq) StdoutLine: {'line': b'-- Up-to-date: /home/yadhu/ur3e/src/install/ur_robotiq/local/lib/python3.10/dist-packages/ur_robotiq/msg/_ur3e_gripper.py\n'}
[2.841125] (ur_robotiq) StdoutLine: {'line': b'-- Up-to-date: /home/yadhu/ur3e/src/install/ur_robotiq/local/lib/python3.10/dist-packages/ur_robotiq/msg/_ur3e_trajectory.py\n'}
[2.841148] (ur_robotiq) StdoutLine: {'line': b'-- Up-to-date: /home/yadhu/ur3e/src/install/ur_robotiq/local/lib/python3.10/dist-packages/ur_robotiq/msg/__init__.py\n'}
[2.841170] (ur_robotiq) StdoutLine: {'line': b'-- Up-to-date: /home/yadhu/ur3e/src/install/ur_robotiq/local/lib/python3.10/dist-packages/ur_robotiq/msg/_ur3e_trajectory_s.c\n'}
[2.841193] (ur_robotiq) StdoutLine: {'line': b'-- Up-to-date: /home/yadhu/ur3e/src/install/ur_robotiq/local/lib/python3.10/dist-packages/ur_robotiq/srv\n'}
[2.841218] (ur_robotiq) StdoutLine: {'line': b'-- Up-to-date: /home/yadhu/ur3e/src/install/ur_robotiq/local/lib/python3.10/dist-packages/ur_robotiq/srv/_ur_mover_service_s.c\n'}
[2.841241] (ur_robotiq) StdoutLine: {'line': b'-- Up-to-date: /home/yadhu/ur3e/src/install/ur_robotiq/local/lib/python3.10/dist-packages/ur_robotiq/srv/_ur_mover_service.py\n'}
[2.841264] (ur_robotiq) StdoutLine: {'line': b'-- Up-to-date: /home/yadhu/ur3e/src/install/ur_robotiq/local/lib/python3.10/dist-packages/ur_robotiq/srv/__init__.py\n'}
[2.841291] (ur_robotiq) StdoutLine: {'line': b'-- Up-to-date: /home/yadhu/ur3e/src/install/ur_robotiq/local/lib/python3.10/dist-packages/ur_robotiq/__init__.py\n'}
[2.841317] (ur_robotiq) StdoutLine: {'line': b'-- Up-to-date: /home/yadhu/ur3e/src/install/ur_robotiq/local/lib/python3.10/dist-packages/ur_robotiq/ur_robotiq_s__rosidl_typesupport_c.cpython-310-x86_64-linux-gnu.so\n'}
[2.841342] (ur_robotiq) StdoutLine: {'line': b'-- Up-to-date: /home/yadhu/ur3e/src/install/ur_robotiq/local/lib/python3.10/dist-packages/ur_robotiq/_ur_robotiq_s.ep.rosidl_typesupport_c.c\n'}
[2.844236] (unity_ros_msgs) JobProgress: {'identifier': 'unity_ros_msgs', 'progress': 'install'}
[2.844570] (unity_ros_msgs) Command: {'cmd': ['/usr/bin/cmake', '--install', '/home/yadhu/ur3e/src/build/unity_ros_msgs'], 'cwd': '/home/yadhu/ur3e/src/build/unity_ros_msgs', 'env': OrderedDict([('HOSTNAME', 'yadhuk'), ('GIT_ASKPASS', '/vscode/vscode-server/bin/linux-x64/e54c774e0add60467559eb0d1e229c6452cf8447/extensions/git/dist/askpass.sh'), ('SHLVL', '2'), ('LD_LIBRARY_PATH', '/home/yadhu/ur3e/src/install/moveit_msgs/lib:/usr/lib/x86_64-linux-gnu/gazebo-11/plugins:/opt/ros/humble/opt/rviz_ogre_vendor/lib:/opt/ros/humble/lib/x86_64-linux-gnu:/opt/ros/humble/lib'), ('BROWSER', '/vscode/vscode-server/bin/linux-x64/e54c774e0add60467559eb0d1e229c6452cf8447/bin/helpers/browser.sh'), ('HOME', '/home/yadhu'), ('OLDPWD', '/home/yadhu/ur3e'), ('TERM_PROGRAM_VERSION', '1.97.2'), ('VSCODE_IPC_HOOK_CLI', '/tmp/vscode-ipc-191d809e-ad6a-48a3-8c83-2991c7349be6.sock'), ('DEBUGPY_ADAPTER_ENDPOINTS', '/home/yadhu/.vscode-server/extensions/ms-python.debugpy-2025.0.1-linux-x64/.noConfigDebugAdapterEndpoints/endpoint-00e5a96652343ffc.txt'), ('ROS_PYTHON_VERSION', '3'), ('VSCODE_GIT_ASKPASS_MAIN', '/vscode/vscode-server/bin/linux-x64/e54c774e0add60467559eb0d1e229c6452cf8447/extensions/git/dist/askpass-main.js'), ('VSCODE_GIT_ASKPASS_NODE', '/vscode/vscode-server/bin/linux-x64/e54c774e0add60467559eb0d1e229c6452cf8447/node'), ('PYDEVD_DISABLE_FILE_VALIDATION', '1'), ('BUNDLED_DEBUGPY_PATH', '/home/yadhu/.vscode-server/extensions/ms-python.debugpy-2025.0.1-linux-x64/bundled/libs/debugpy'), ('COLORTERM', 'truecolor'), ('REMOTE_CONTAINERS', 'true'), ('ROS_DISTRO', 'humble'), ('REMOTE_CONTAINERS_IPC', '/tmp/vscode-remote-containers-ipc-3b15b7cf-88ad-4a56-828c-69c61a495d31.sock'), ('_', '/usr/bin/colcon'), ('ROS_VERSION', '2'), ('TERM', 'xterm-256color'), ('ROS_LOCALHOST_ONLY', '0'), ('PATH', '/vscode/vscode-server/bin/linux-x64/e54c774e0add60467559eb0d1e229c6452cf8447/bin/remote-cli:/opt/ros/humble/bin:/usr/local/sbin:/usr/local/bin:/usr/sbin:/usr/bin:/sbin:/bin:/home/yadhu/.vscode-server/extensions/ms-python.debugpy-2025.0.1-linux-x64/bundled/scripts/noConfigScripts'), ('REMOTE_CONTAINERS_SOCKETS', '["/tmp/vscode-ssh-auth-3b15b7cf-88ad-4a56-828c-69c61a495d31.sock","/home/yadhu/.gnupg/S.gpg-agent"]'), ('DISPLAY', ':1'), ('LANG', 'C.UTF-8'), ('RMW_IMPLEMENTATION', 'rmw_cyclonedds_cpp'), ('LS_COLORS', 'rs=0:di=01;34:ln=01;36:mh=00:pi=40;33:so=01;35:do=01;35:bd=40;33;01:cd=40;33;01:or=40;31;01:mi=00:su=37;41:sg=30;43:ca=30;41:tw=30;42:ow=34;42:st=37;44:ex=01;32:*.tar=01;31:*.tgz=01;31:*.arc=01;31:*.arj=01;31:*.taz=01;31:*.lha=01;31:*.lz4=01;31:*.lzh=01;31:*.lzma=01;31:*.tlz=01;31:*.txz=01;31:*.tzo=01;31:*.t7z=01;31:*.zip=01;31:*.z=01;31:*.dz=01;31:*.gz=01;31:*.lrz=01;31:*.lz=01;31:*.lzo=01;31:*.xz=01;31:*.zst=01;31:*.tzst=01;31:*.bz2=01;31:*.bz=01;31:*.tbz=01;31:*.tbz2=01;31:*.tz=01;31:*.deb=01;31:*.rpm=01;31:*.jar=01;31:*.war=01;31:*.ear=01;31:*.sar=01;31:*.rar=01;31:*.alz=01;31:*.ace=01;31:*.zoo=01;31:*.cpio=01;31:*.7z=01;31:*.rz=01;31:*.cab=01;31:*.wim=01;31:*.swm=01;31:*.dwm=01;31:*.esd=01;31:*.jpg=01;35:*.jpeg=01;35:*.mjpg=01;35:*.mjpeg=01;35:*.gif=01;35:*.bmp=01;35:*.pbm=01;35:*.pgm=01;35:*.ppm=01;35:*.tga=01;35:*.xbm=01;35:*.xpm=01;35:*.tif=01;35:*.tiff=01;35:*.png=01;35:*.svg=01;35:*.svgz=01;35:*.mng=01;35:*.pcx=01;35:*.mov=01;35:*.mpg=01;35:*.mpeg=01;35:*.m2v=01;35:*.mkv=01;35:*.webm=01;35:*.webp=01;35:*.ogm=01;35:*.mp4=01;35:*.m4v=01;35:*.mp4v=01;35:*.vob=01;35:*.qt=01;35:*.nuv=01;35:*.wmv=01;35:*.asf=01;35:*.rm=01;35:*.rmvb=01;35:*.flc=01;35:*.avi=01;35:*.fli=01;35:*.flv=01;35:*.gl=01;35:*.dl=01;35:*.xcf=01;35:*.xwd=01;35:*.yuv=01;35:*.cgm=01;35:*.emf=01;35:*.ogv=01;35:*.ogx=01;35:*.aac=00;36:*.au=00;36:*.flac=00;36:*.m4a=00;36:*.mid=00;36:*.midi=00;36:*.mka=00;36:*.mp3=00;36:*.mpc=00;36:*.ogg=00;36:*.ra=00;36:*.wav=00;36:*.oga=00;36:*.opus=00;36:*.spx=00;36:*.xspf=00;36:'), ('VSCODE_GIT_IPC_HANDLE', '/tmp/vscode-git-09c052f1c4.sock'), ('TERM_PROGRAM', 'vscode'), ('SSH_AUTH_SOCK', '/tmp/vscode-ssh-auth-3b15b7cf-88ad-4a56-828c-69c61a495d31.sock'), ('ROS_DOMAIN_ID', '42'), ('AMENT_PREFIX_PATH', '/home/yadhu/ur3e/src/install/moveit_msgs:/opt/ros/humble'), ('SHELL', '/bin/bash'), ('ROS_AUTOMATIC_DISCOVERY_RANGE', 'LOCALHOST'), ('VSCODE_GIT_ASKPASS_EXTRA_ARGS', ''), ('PWD', '/home/yadhu/ur3e/src/build/unity_ros_msgs'), ('LC_ALL', 'C.UTF-8'), ('PYTHONPATH', '/home/yadhu/ur3e/src/install/moveit_msgs/local/lib/python3.10/dist-packages:/opt/ros/humble/lib/python3.10/site-packages:/opt/ros/humble/local/lib/python3.10/dist-packages'), ('COLCON', '1'), ('CMAKE_PREFIX_PATH', '/home/yadhu/ur3e/src/install/moveit_msgs:/opt/ros/humble')]), 'shell': False}
[2.849792] (unity_ros_msgs) StdoutLine: {'line': b'-- Install configuration: ""\n'}
[2.849947] (unity_ros_msgs) StdoutLine: {'line': b'-- Up-to-date: /home/yadhu/ur3e/src/install/unity_ros_msgs/share/ament_index/resource_index/rosidl_interfaces/unity_ros_msgs\n'}
[2.850057] (unity_ros_msgs) StdoutLine: {'line': b'-- Up-to-date: /home/yadhu/ur3e/src/install/unity_ros_msgs/include/unity_ros_msgs/unity_ros_msgs\n'}
[2.850147] (unity_ros_msgs) StdoutLine: {'line': b'-- Up-to-date: /home/yadhu/ur3e/src/install/unity_ros_msgs/include/unity_ros_msgs/unity_ros_msgs/msg\n'}
[2.850216] (unity_ros_msgs) StdoutLine: {'line': b'-- Up-to-date: /home/yadhu/ur3e/src/install/unity_ros_msgs/include/unity_ros_msgs/unity_ros_msgs/msg/rosidl_generator_c__visibility_control.h\n'}
[2.850284] (unity_ros_msgs) StdoutLine: {'line': b'-- Up-to-date: /home/yadhu/ur3e/src/install/unity_ros_msgs/include/unity_ros_msgs/unity_ros_msgs/msg/ur3e_moveit_joints.h\n'}
[2.850374] (unity_ros_msgs) StdoutLine: {'line': b'-- Up-to-date: /home/yadhu/ur3e/src/install/unity_ros_msgs/include/unity_ros_msgs/unity_ros_msgs/msg/detail\n'}
[2.850426] (unity_ros_msgs) StdoutLine: {'line': b'-- Up-to-date: /home/yadhu/ur3e/src/install/unity_ros_msgs/include/unity_ros_msgs/unity_ros_msgs/msg/detail/ur3e_gripper__type_support.h\n'}
[2.850458] (unity_ros_msgs) StdoutLine: {'line': b'-- Up-to-date: /home/yadhu/ur3e/src/install/unity_ros_msgs/include/unity_ros_msgs/unity_ros_msgs/msg/detail/ur3e_trajectory__struct.h\n'}
[2.850487] (unity_ros_msgs) StdoutLine: {'line': b'-- Up-to-date: /home/yadhu/ur3e/src/install/unity_ros_msgs/include/unity_ros_msgs/unity_ros_msgs/msg/detail/ur3e_trajectory__functions.c\n'}
[2.850514] (unity_ros_msgs) StdoutLine: {'line': b'-- Up-to-date: /home/yadhu/ur3e/src/install/unity_ros_msgs/include/unity_ros_msgs/unity_ros_msgs/msg/detail/ur3e_moveit_joints__functions.h\n'}
[2.850541] (unity_ros_msgs) StdoutLine: {'line': b'-- Up-to-date: /home/yadhu/ur3e/src/install/unity_ros_msgs/include/unity_ros_msgs/unity_ros_msgs/msg/detail/ur3e_moveit_joints__type_support.h\n'}
[2.850568] (unity_ros_msgs) StdoutLine: {'line': b'-- Up-to-date: /home/yadhu/ur3e/src/install/unity_ros_msgs/include/unity_ros_msgs/unity_ros_msgs/msg/detail/ur3e_gripper__struct.h\n'}
[2.850595] (unity_ros_msgs) StdoutLine: {'line': b'-- Up-to-date: /home/yadhu/ur3e/src/install/unity_ros_msgs/include/unity_ros_msgs/unity_ros_msgs/msg/detail/ur3e_trajectory__functions.h\n'}
[2.850648] (unity_ros_msgs) StdoutLine: {'line': b'-- Up-to-date: /home/yadhu/ur3e/src/install/unity_ros_msgs/include/unity_ros_msgs/unity_ros_msgs/msg/detail/ur3e_moveit_joints__struct.h\n'}
[2.850674] (unity_ros_msgs) StdoutLine: {'line': b'-- Up-to-date: /home/yadhu/ur3e/src/install/unity_ros_msgs/include/unity_ros_msgs/unity_ros_msgs/msg/detail/ur3e_moveit_joints__functions.c\n'}
[2.850700] (unity_ros_msgs) StdoutLine: {'line': b'-- Up-to-date: /home/yadhu/ur3e/src/install/unity_ros_msgs/include/unity_ros_msgs/unity_ros_msgs/msg/detail/ur3e_trajectory__type_support.h\n'}
[2.850727] (unity_ros_msgs) StdoutLine: {'line': b'-- Up-to-date: /home/yadhu/ur3e/src/install/unity_ros_msgs/include/unity_ros_msgs/unity_ros_msgs/msg/detail/ur3e_gripper__functions.h\n'}
[2.850753] (unity_ros_msgs) StdoutLine: {'line': b'-- Up-to-date: /home/yadhu/ur3e/src/install/unity_ros_msgs/include/unity_ros_msgs/unity_ros_msgs/msg/detail/ur3e_gripper__functions.c\n'}
[2.850777] (unity_ros_msgs) StdoutLine: {'line': b'-- Up-to-date: /home/yadhu/ur3e/src/install/unity_ros_msgs/include/unity_ros_msgs/unity_ros_msgs/msg/ur3e_trajectory.h\n'}
[2.850846] (unity_ros_msgs) StdoutLine: {'line': b'-- Up-to-date: /home/yadhu/ur3e/src/install/unity_ros_msgs/include/unity_ros_msgs/unity_ros_msgs/msg/ur3e_gripper.h\n'}
[2.850874] (unity_ros_msgs) StdoutLine: {'line': b'-- Up-to-date: /home/yadhu/ur3e/src/install/unity_ros_msgs/include/unity_ros_msgs/unity_ros_msgs/srv\n'}
[2.850902] (unity_ros_msgs) StdoutLine: {'line': b'-- Up-to-date: /home/yadhu/ur3e/src/install/unity_ros_msgs/include/unity_ros_msgs/unity_ros_msgs/srv/ur_mover_service.h\n'}
[2.850929] (unity_ros_msgs) StdoutLine: {'line': b'-- Up-to-date: /home/yadhu/ur3e/src/install/unity_ros_msgs/include/unity_ros_msgs/unity_ros_msgs/srv/detail\n'}
[2.850956] (unity_ros_msgs) StdoutLine: {'line': b'-- Up-to-date: /home/yadhu/ur3e/src/install/unity_ros_msgs/include/unity_ros_msgs/unity_ros_msgs/srv/detail/ur_mover_service__functions.c\n'}
[2.851015] (unity_ros_msgs) StdoutLine: {'line': b'-- Up-to-date: /home/yadhu/ur3e/src/install/unity_ros_msgs/include/unity_ros_msgs/unity_ros_msgs/srv/detail/ur_mover_service__struct.h\n'}
[2.851042] (unity_ros_msgs) StdoutLine: {'line': b'-- Up-to-date: /home/yadhu/ur3e/src/install/unity_ros_msgs/include/unity_ros_msgs/unity_ros_msgs/srv/detail/ur_mover_service__type_support.h\n'}
[2.851068] (unity_ros_msgs) StdoutLine: {'line': b'-- Up-to-date: /home/yadhu/ur3e/src/install/unity_ros_msgs/include/unity_ros_msgs/unity_ros_msgs/srv/detail/ur_mover_service__functions.h\n'}
[2.851094] (unity_ros_msgs) StdoutLine: {'line': b'-- Up-to-date: /home/yadhu/ur3e/src/install/unity_ros_msgs/share/unity_ros_msgs/environment/library_path.sh\n'}
[2.851120] (unity_ros_msgs) StdoutLine: {'line': b'-- Up-to-date: /home/yadhu/ur3e/src/install/unity_ros_msgs/share/unity_ros_msgs/environment/library_path.dsv\n'}
[2.851148] (unity_ros_msgs) StdoutLine: {'line': b'-- Up-to-date: /home/yadhu/ur3e/src/install/unity_ros_msgs/lib/libunity_ros_msgs__rosidl_generator_c.so\n'}
[2.851173] (unity_ros_msgs) StdoutLine: {'line': b'-- Up-to-date: /home/yadhu/ur3e/src/install/unity_ros_msgs/include/unity_ros_msgs/unity_ros_msgs\n'}
[2.851200] (unity_ros_msgs) StdoutLine: {'line': b'-- Up-to-date: /home/yadhu/ur3e/src/install/unity_ros_msgs/include/unity_ros_msgs/unity_ros_msgs/msg\n'}
[2.851227] (unity_ros_msgs) StdoutLine: {'line': b'-- Up-to-date: /home/yadhu/ur3e/src/install/unity_ros_msgs/include/unity_ros_msgs/unity_ros_msgs/msg/rosidl_typesupport_fastrtps_c__visibility_control.h\n'}
[2.851255] (unity_ros_msgs) StdoutLine: {'line': b'-- Up-to-date: /home/yadhu/ur3e/src/install/unity_ros_msgs/include/unity_ros_msgs/unity_ros_msgs/msg/detail\n'}
[2.851282] (unity_ros_msgs) StdoutLine: {'line': b'-- Up-to-date: /home/yadhu/ur3e/src/install/unity_ros_msgs/include/unity_ros_msgs/unity_ros_msgs/msg/detail/ur3e_gripper__rosidl_typesupport_fastrtps_c.h\n'}
[2.851407] (unity_ros_msgs) StdoutLine: {'line': b'-- Up-to-date: /home/yadhu/ur3e/src/install/unity_ros_msgs/include/unity_ros_msgs/unity_ros_msgs/msg/detail/ur3e_trajectory__rosidl_typesupport_fastrtps_c.h\n'}
[2.851436] (unity_ros_msgs) StdoutLine: {'line': b'-- Up-to-date: /home/yadhu/ur3e/src/install/unity_ros_msgs/include/unity_ros_msgs/unity_ros_msgs/msg/detail/ur3e_moveit_joints__rosidl_typesupport_fastrtps_c.h\n'}
[2.851463] (unity_ros_msgs) StdoutLine: {'line': b'-- Up-to-date: /home/yadhu/ur3e/src/install/unity_ros_msgs/include/unity_ros_msgs/unity_ros_msgs/srv\n'}
[2.851489] (unity_ros_msgs) StdoutLine: {'line': b'-- Up-to-date: /home/yadhu/ur3e/src/install/unity_ros_msgs/include/unity_ros_msgs/unity_ros_msgs/srv/detail\n'}
[2.851514] (unity_ros_msgs) StdoutLine: {'line': b'-- Up-to-date: /home/yadhu/ur3e/src/install/unity_ros_msgs/include/unity_ros_msgs/unity_ros_msgs/srv/detail/ur_mover_service__rosidl_typesupport_fastrtps_c.h\n'}
[2.851540] (unity_ros_msgs) StdoutLine: {'line': b'-- Up-to-date: /home/yadhu/ur3e/src/install/unity_ros_msgs/lib/libunity_ros_msgs__rosidl_typesupport_fastrtps_c.so\n'}
[2.851566] (unity_ros_msgs) StdoutLine: {'line': b'-- Up-to-date: /home/yadhu/ur3e/src/install/unity_ros_msgs/include/unity_ros_msgs/unity_ros_msgs\n'}
[2.851592] (unity_ros_msgs) StdoutLine: {'line': b'-- Up-to-date: /home/yadhu/ur3e/src/install/unity_ros_msgs/include/unity_ros_msgs/unity_ros_msgs/msg\n'}
[2.851618] (unity_ros_msgs) StdoutLine: {'line': b'-- Up-to-date: /home/yadhu/ur3e/src/install/unity_ros_msgs/include/unity_ros_msgs/unity_ros_msgs/msg/detail\n'}
[2.851644] (unity_ros_msgs) StdoutLine: {'line': b'-- Up-to-date: /home/yadhu/ur3e/src/install/unity_ros_msgs/include/unity_ros_msgs/unity_ros_msgs/msg/detail/ur3e_trajectory__rosidl_typesupport_introspection_c.h\n'}
[2.851688] (unity_ros_msgs) StdoutLine: {'line': b'-- Up-to-date: /home/yadhu/ur3e/src/install/unity_ros_msgs/include/unity_ros_msgs/unity_ros_msgs/msg/detail/ur3e_gripper__rosidl_typesupport_introspection_c.h\n'}
[2.851716] (unity_ros_msgs) StdoutLine: {'line': b'-- Up-to-date: /home/yadhu/ur3e/src/install/unity_ros_msgs/include/unity_ros_msgs/unity_ros_msgs/msg/detail/ur3e_gripper__type_support.c\n'}
[2.851743] (unity_ros_msgs) StdoutLine: {'line': b'-- Up-to-date: /home/yadhu/ur3e/src/install/unity_ros_msgs/include/unity_ros_msgs/unity_ros_msgs/msg/detail/ur3e_trajectory__type_support.c\n'}
[2.851769] (unity_ros_msgs) StdoutLine: {'line': b'-- Up-to-date: /home/yadhu/ur3e/src/install/unity_ros_msgs/include/unity_ros_msgs/unity_ros_msgs/msg/detail/ur3e_moveit_joints__rosidl_typesupport_introspection_c.h\n'}
[2.851795] (unity_ros_msgs) StdoutLine: {'line': b'-- Up-to-date: /home/yadhu/ur3e/src/install/unity_ros_msgs/include/unity_ros_msgs/unity_ros_msgs/msg/detail/ur3e_moveit_joints__type_support.c\n'}
[2.851820] (unity_ros_msgs) StdoutLine: {'line': b'-- Up-to-date: /home/yadhu/ur3e/src/install/unity_ros_msgs/include/unity_ros_msgs/unity_ros_msgs/msg/rosidl_typesupport_introspection_c__visibility_control.h\n'}
[2.851847] (unity_ros_msgs) StdoutLine: {'line': b'-- Up-to-date: /home/yadhu/ur3e/src/install/unity_ros_msgs/include/unity_ros_msgs/unity_ros_msgs/srv\n'}
[2.851872] (unity_ros_msgs) StdoutLine: {'line': b'-- Up-to-date: /home/yadhu/ur3e/src/install/unity_ros_msgs/include/unity_ros_msgs/unity_ros_msgs/srv/detail\n'}
[2.851897] (unity_ros_msgs) StdoutLine: {'line': b'-- Up-to-date: /home/yadhu/ur3e/src/install/unity_ros_msgs/include/unity_ros_msgs/unity_ros_msgs/srv/detail/ur_mover_service__type_support.c\n'}
[2.851921] (unity_ros_msgs) StdoutLine: {'line': b'-- Up-to-date: /home/yadhu/ur3e/src/install/unity_ros_msgs/include/unity_ros_msgs/unity_ros_msgs/srv/detail/ur_mover_service__rosidl_typesupport_introspection_c.h\n'}
[2.851946] (unity_ros_msgs) StdoutLine: {'line': b'-- Up-to-date: /home/yadhu/ur3e/src/install/unity_ros_msgs/lib/libunity_ros_msgs__rosidl_typesupport_introspection_c.so\n'}
[2.851971] (unity_ros_msgs) StdoutLine: {'line': b'-- Up-to-date: /home/yadhu/ur3e/src/install/unity_ros_msgs/lib/libunity_ros_msgs__rosidl_typesupport_c.so\n'}
[2.851996] (unity_ros_msgs) StdoutLine: {'line': b'-- Up-to-date: /home/yadhu/ur3e/src/install/unity_ros_msgs/include/unity_ros_msgs/unity_ros_msgs\n'}
[2.852022] (unity_ros_msgs) StdoutLine: {'line': b'-- Up-to-date: /home/yadhu/ur3e/src/install/unity_ros_msgs/include/unity_ros_msgs/unity_ros_msgs/msg\n'}
[2.852082] (unity_ros_msgs) StdoutLine: {'line': b'-- Up-to-date: /home/yadhu/ur3e/src/install/unity_ros_msgs/include/unity_ros_msgs/unity_ros_msgs/msg/ur3e_moveit_joints.hpp\n'}
[2.852108] (unity_ros_msgs) StdoutLine: {'line': b'-- Up-to-date: /home/yadhu/ur3e/src/install/unity_ros_msgs/include/unity_ros_msgs/unity_ros_msgs/msg/ur3e_trajectory.hpp\n'}
[2.852134] (unity_ros_msgs) StdoutLine: {'line': b'-- Up-to-date: /home/yadhu/ur3e/src/install/unity_ros_msgs/include/unity_ros_msgs/unity_ros_msgs/msg/detail\n'}
[2.852160] (unity_ros_msgs) StdoutLine: {'line': b'-- Up-to-date: /home/yadhu/ur3e/src/install/unity_ros_msgs/include/unity_ros_msgs/unity_ros_msgs/msg/detail/ur3e_trajectory__builder.hpp\n'}
[2.852187] (unity_ros_msgs) StdoutLine: {'line': b'-- Up-to-date: /home/yadhu/ur3e/src/install/unity_ros_msgs/include/unity_ros_msgs/unity_ros_msgs/msg/detail/ur3e_moveit_joints__builder.hpp\n'}
[2.852212] (unity_ros_msgs) StdoutLine: {'line': b'-- Up-to-date: /home/yadhu/ur3e/src/install/unity_ros_msgs/include/unity_ros_msgs/unity_ros_msgs/msg/detail/ur3e_trajectory__struct.hpp\n'}
[2.852237] (unity_ros_msgs) StdoutLine: {'line': b'-- Up-to-date: /home/yadhu/ur3e/src/install/unity_ros_msgs/include/unity_ros_msgs/unity_ros_msgs/msg/detail/ur3e_gripper__traits.hpp\n'}
[2.852262] (unity_ros_msgs) StdoutLine: {'line': b'-- Up-to-date: /home/yadhu/ur3e/src/install/unity_ros_msgs/include/unity_ros_msgs/unity_ros_msgs/msg/detail/ur3e_moveit_joints__traits.hpp\n'}
[2.852291] (unity_ros_msgs) StdoutLine: {'line': b'-- Up-to-date: /home/yadhu/ur3e/src/install/unity_ros_msgs/include/unity_ros_msgs/unity_ros_msgs/msg/detail/ur3e_moveit_joints__struct.hpp\n'}
[2.852319] (unity_ros_msgs) StdoutLine: {'line': b'-- Up-to-date: /home/yadhu/ur3e/src/install/unity_ros_msgs/include/unity_ros_msgs/unity_ros_msgs/msg/detail/ur3e_trajectory__traits.hpp\n'}
[2.852347] (unity_ros_msgs) StdoutLine: {'line': b'-- Up-to-date: /home/yadhu/ur3e/src/install/unity_ros_msgs/include/unity_ros_msgs/unity_ros_msgs/msg/detail/ur3e_gripper__builder.hpp\n'}
[2.852372] (unity_ros_msgs) StdoutLine: {'line': b'-- Up-to-date: /home/yadhu/ur3e/src/install/unity_ros_msgs/include/unity_ros_msgs/unity_ros_msgs/msg/detail/ur3e_gripper__struct.hpp\n'}
[2.852397] (unity_ros_msgs) StdoutLine: {'line': b'-- Up-to-date: /home/yadhu/ur3e/src/install/unity_ros_msgs/include/unity_ros_msgs/unity_ros_msgs/msg/ur3e_gripper.hpp\n'}
[2.852422] (unity_ros_msgs) StdoutLine: {'line': b'-- Up-to-date: /home/yadhu/ur3e/src/install/unity_ros_msgs/include/unity_ros_msgs/unity_ros_msgs/srv\n'}
[2.852448] (unity_ros_msgs) StdoutLine: {'line': b'-- Up-to-date: /home/yadhu/ur3e/src/install/unity_ros_msgs/include/unity_ros_msgs/unity_ros_msgs/srv/detail\n'}
[2.852473] (unity_ros_msgs) StdoutLine: {'line': b'-- Up-to-date: /home/yadhu/ur3e/src/install/unity_ros_msgs/include/unity_ros_msgs/unity_ros_msgs/srv/detail/ur_mover_service__traits.hpp\n'}
[2.852499] (unity_ros_msgs) StdoutLine: {'line': b'-- Up-to-date: /home/yadhu/ur3e/src/install/unity_ros_msgs/include/unity_ros_msgs/unity_ros_msgs/srv/detail/ur_mover_service__struct.hpp\n'}
[2.852525] (unity_ros_msgs) StdoutLine: {'line': b'-- Up-to-date: /home/yadhu/ur3e/src/install/unity_ros_msgs/include/unity_ros_msgs/unity_ros_msgs/srv/detail/ur_mover_service__builder.hpp\n'}
[2.852553] (unity_ros_msgs) StdoutLine: {'line': b'-- Up-to-date: /home/yadhu/ur3e/src/install/unity_ros_msgs/include/unity_ros_msgs/unity_ros_msgs/srv/ur_mover_service.hpp\n'}
[2.852579] (unity_ros_msgs) StdoutLine: {'line': b'-- Up-to-date: /home/yadhu/ur3e/src/install/unity_ros_msgs/include/unity_ros_msgs/unity_ros_msgs\n'}
[2.852604] (unity_ros_msgs) StdoutLine: {'line': b'-- Up-to-date: /home/yadhu/ur3e/src/install/unity_ros_msgs/include/unity_ros_msgs/unity_ros_msgs/msg\n'}
[2.852629] (unity_ros_msgs) StdoutLine: {'line': b'-- Up-to-date: /home/yadhu/ur3e/src/install/unity_ros_msgs/include/unity_ros_msgs/unity_ros_msgs/msg/rosidl_typesupport_fastrtps_cpp__visibility_control.h\n'}
[2.852655] (unity_ros_msgs) StdoutLine: {'line': b'-- Up-to-date: /home/yadhu/ur3e/src/install/unity_ros_msgs/include/unity_ros_msgs/unity_ros_msgs/msg/detail\n'}
[2.852680] (unity_ros_msgs) StdoutLine: {'line': b'-- Up-to-date: /home/yadhu/ur3e/src/install/unity_ros_msgs/include/unity_ros_msgs/unity_ros_msgs/msg/detail/ur3e_moveit_joints__rosidl_typesupport_fastrtps_cpp.hpp\n'}
[2.852707] (unity_ros_msgs) StdoutLine: {'line': b'-- Up-to-date: /home/yadhu/ur3e/src/install/unity_ros_msgs/include/unity_ros_msgs/unity_ros_msgs/msg/detail/dds_fastrtps\n'}
[2.852733] (unity_ros_msgs) StdoutLine: {'line': b'-- Up-to-date: /home/yadhu/ur3e/src/install/unity_ros_msgs/include/unity_ros_msgs/unity_ros_msgs/msg/detail/ur3e_trajectory__rosidl_typesupport_fastrtps_cpp.hpp\n'}
[2.852758] (unity_ros_msgs) StdoutLine: {'line': b'-- Up-to-date: /home/yadhu/ur3e/src/install/unity_ros_msgs/include/unity_ros_msgs/unity_ros_msgs/msg/detail/ur3e_gripper__rosidl_typesupport_fastrtps_cpp.hpp\n'}
[2.852784] (unity_ros_msgs) StdoutLine: {'line': b'-- Up-to-date: /home/yadhu/ur3e/src/install/unity_ros_msgs/include/unity_ros_msgs/unity_ros_msgs/srv\n'}
[2.852810] (unity_ros_msgs) StdoutLine: {'line': b'-- Up-to-date: /home/yadhu/ur3e/src/install/unity_ros_msgs/include/unity_ros_msgs/unity_ros_msgs/srv/detail\n'}
[2.852835] (unity_ros_msgs) StdoutLine: {'line': b'-- Up-to-date: /home/yadhu/ur3e/src/install/unity_ros_msgs/include/unity_ros_msgs/unity_ros_msgs/srv/detail/ur_mover_service__rosidl_typesupport_fastrtps_cpp.hpp\n'}
[2.852886] (unity_ros_msgs) StdoutLine: {'line': b'-- Up-to-date: /home/yadhu/ur3e/src/install/unity_ros_msgs/include/unity_ros_msgs/unity_ros_msgs/srv/detail/dds_fastrtps\n'}
[2.852915] (unity_ros_msgs) StdoutLine: {'line': b'-- Up-to-date: /home/yadhu/ur3e/src/install/unity_ros_msgs/lib/libunity_ros_msgs__rosidl_typesupport_fastrtps_cpp.so\n'}
[2.852992] (unity_ros_msgs) StdoutLine: {'line': b'-- Up-to-date: /home/yadhu/ur3e/src/install/unity_ros_msgs/include/unity_ros_msgs/unity_ros_msgs\n'}
[2.853018] (unity_ros_msgs) StdoutLine: {'line': b'-- Up-to-date: /home/yadhu/ur3e/src/install/unity_ros_msgs/include/unity_ros_msgs/unity_ros_msgs/msg\n'}
[2.853045] (unity_ros_msgs) StdoutLine: {'line': b'-- Up-to-date: /home/yadhu/ur3e/src/install/unity_ros_msgs/include/unity_ros_msgs/unity_ros_msgs/msg/detail\n'}
[2.853070] (unity_ros_msgs) StdoutLine: {'line': b'-- Up-to-date: /home/yadhu/ur3e/src/install/unity_ros_msgs/include/unity_ros_msgs/unity_ros_msgs/msg/detail/ur3e_trajectory__rosidl_typesupport_introspection_cpp.hpp\n'}
[2.853095] (unity_ros_msgs) StdoutLine: {'line': b'-- Up-to-date: /home/yadhu/ur3e/src/install/unity_ros_msgs/include/unity_ros_msgs/unity_ros_msgs/msg/detail/ur3e_trajectory__type_support.cpp\n'}
[2.853119] (unity_ros_msgs) StdoutLine: {'line': b'-- Up-to-date: /home/yadhu/ur3e/src/install/unity_ros_msgs/include/unity_ros_msgs/unity_ros_msgs/msg/detail/ur3e_gripper__type_support.cpp\n'}
[2.853143] (unity_ros_msgs) StdoutLine: {'line': b'-- Up-to-date: /home/yadhu/ur3e/src/install/unity_ros_msgs/include/unity_ros_msgs/unity_ros_msgs/msg/detail/ur3e_moveit_joints__type_support.cpp\n'}
[2.853166] (unity_ros_msgs) StdoutLine: {'line': b'-- Up-to-date: /home/yadhu/ur3e/src/install/unity_ros_msgs/include/unity_ros_msgs/unity_ros_msgs/msg/detail/ur3e_moveit_joints__rosidl_typesupport_introspection_cpp.hpp\n'}
[2.853190] (unity_ros_msgs) StdoutLine: {'line': b'-- Up-to-date: /home/yadhu/ur3e/src/install/unity_ros_msgs/include/unity_ros_msgs/unity_ros_msgs/msg/detail/ur3e_gripper__rosidl_typesupport_introspection_cpp.hpp\n'}
[2.853214] (unity_ros_msgs) StdoutLine: {'line': b'-- Up-to-date: /home/yadhu/ur3e/src/install/unity_ros_msgs/include/unity_ros_msgs/unity_ros_msgs/srv\n'}
[2.853236] (unity_ros_msgs) StdoutLine: {'line': b'-- Up-to-date: /home/yadhu/ur3e/src/install/unity_ros_msgs/include/unity_ros_msgs/unity_ros_msgs/srv/detail\n'}
[2.853260] (unity_ros_msgs) StdoutLine: {'line': b'-- Up-to-date: /home/yadhu/ur3e/src/install/unity_ros_msgs/include/unity_ros_msgs/unity_ros_msgs/srv/detail/ur_mover_service__type_support.cpp\n'}
[2.853284] (unity_ros_msgs) StdoutLine: {'line': b'-- Up-to-date: /home/yadhu/ur3e/src/install/unity_ros_msgs/include/unity_ros_msgs/unity_ros_msgs/srv/detail/ur_mover_service__rosidl_typesupport_introspection_cpp.hpp\n'}
[2.853314] (unity_ros_msgs) StdoutLine: {'line': b'-- Up-to-date: /home/yadhu/ur3e/src/install/unity_ros_msgs/lib/libunity_ros_msgs__rosidl_typesupport_introspection_cpp.so\n'}
[2.853339] (unity_ros_msgs) StdoutLine: {'line': b'-- Up-to-date: /home/yadhu/ur3e/src/install/unity_ros_msgs/lib/libunity_ros_msgs__rosidl_typesupport_cpp.so\n'}
[2.853363] (unity_ros_msgs) StdoutLine: {'line': b'-- Up-to-date: /home/yadhu/ur3e/src/install/unity_ros_msgs/share/unity_ros_msgs/environment/pythonpath.sh\n'}
[2.853386] (unity_ros_msgs) StdoutLine: {'line': b'-- Up-to-date: /home/yadhu/ur3e/src/install/unity_ros_msgs/share/unity_ros_msgs/environment/pythonpath.dsv\n'}
[2.853408] (unity_ros_msgs) StdoutLine: {'line': b'-- Up-to-date: /home/yadhu/ur3e/src/install/unity_ros_msgs/local/lib/python3.10/dist-packages/unity_ros_msgs-0.0.0-py3.10.egg-info\n'}
[2.853434] (unity_ros_msgs) StdoutLine: {'line': b'-- Installing: /home/yadhu/ur3e/src/install/unity_ros_msgs/local/lib/python3.10/dist-packages/unity_ros_msgs-0.0.0-py3.10.egg-info/top_level.txt\n'}
[2.853457] (unity_ros_msgs) StdoutLine: {'line': b'-- Installing: /home/yadhu/ur3e/src/install/unity_ros_msgs/local/lib/python3.10/dist-packages/unity_ros_msgs-0.0.0-py3.10.egg-info/PKG-INFO\n'}
[2.853479] (unity_ros_msgs) StdoutLine: {'line': b'-- Installing: /home/yadhu/ur3e/src/install/unity_ros_msgs/local/lib/python3.10/dist-packages/unity_ros_msgs-0.0.0-py3.10.egg-info/dependency_links.txt\n'}
[2.853503] (unity_ros_msgs) StdoutLine: {'line': b'-- Installing: /home/yadhu/ur3e/src/install/unity_ros_msgs/local/lib/python3.10/dist-packages/unity_ros_msgs-0.0.0-py3.10.egg-info/SOURCES.txt\n'}
[2.853527] (unity_ros_msgs) StdoutLine: {'line': b'-- Up-to-date: /home/yadhu/ur3e/src/install/unity_ros_msgs/local/lib/python3.10/dist-packages/unity_ros_msgs\n'}
[2.853550] (unity_ros_msgs) StdoutLine: {'line': b'-- Up-to-date: /home/yadhu/ur3e/src/install/unity_ros_msgs/local/lib/python3.10/dist-packages/unity_ros_msgs/_unity_ros_msgs_s.ep.rosidl_typesupport_c.c\n'}
[2.853574] (unity_ros_msgs) StdoutLine: {'line': b'-- Up-to-date: /home/yadhu/ur3e/src/install/unity_ros_msgs/local/lib/python3.10/dist-packages/unity_ros_msgs/unity_ros_msgs_s__rosidl_typesupport_c.cpython-310-x86_64-linux-gnu.so\n'}
[2.853597] (unity_ros_msgs) StdoutLine: {'line': b'-- Up-to-date: /home/yadhu/ur3e/src/install/unity_ros_msgs/local/lib/python3.10/dist-packages/unity_ros_msgs/msg\n'}
[2.853621] (unity_ros_msgs) StdoutLine: {'line': b'-- Up-to-date: /home/yadhu/ur3e/src/install/unity_ros_msgs/local/lib/python3.10/dist-packages/unity_ros_msgs/msg/_ur3e_gripper_s.c\n'}
[2.853646] (unity_ros_msgs) StdoutLine: {'line': b'-- Up-to-date: /home/yadhu/ur3e/src/install/unity_ros_msgs/local/lib/python3.10/dist-packages/unity_ros_msgs/msg/_ur3e_moveit_joints_s.c\n'}
[2.853669] (unity_ros_msgs) StdoutLine: {'line': b'-- Up-to-date: /home/yadhu/ur3e/src/install/unity_ros_msgs/local/lib/python3.10/dist-packages/unity_ros_msgs/msg/_ur3e_moveit_joints.py\n'}
[2.853693] (unity_ros_msgs) StdoutLine: {'line': b'-- Up-to-date: /home/yadhu/ur3e/src/install/unity_ros_msgs/local/lib/python3.10/dist-packages/unity_ros_msgs/msg/_ur3e_gripper.py\n'}
[2.853716] (unity_ros_msgs) StdoutLine: {'line': b'-- Up-to-date: /home/yadhu/ur3e/src/install/unity_ros_msgs/local/lib/python3.10/dist-packages/unity_ros_msgs/msg/_ur3e_trajectory.py\n'}
[2.853740] (unity_ros_msgs) StdoutLine: {'line': b'-- Up-to-date: /home/yadhu/ur3e/src/install/unity_ros_msgs/local/lib/python3.10/dist-packages/unity_ros_msgs/msg/__init__.py\n'}
[2.853764] (unity_ros_msgs) StdoutLine: {'line': b'-- Up-to-date: /home/yadhu/ur3e/src/install/unity_ros_msgs/local/lib/python3.10/dist-packages/unity_ros_msgs/msg/_ur3e_trajectory_s.c\n'}
[2.853787] (unity_ros_msgs) StdoutLine: {'line': b'-- Up-to-date: /home/yadhu/ur3e/src/install/unity_ros_msgs/local/lib/python3.10/dist-packages/unity_ros_msgs/srv\n'}
[2.853810] (unity_ros_msgs) StdoutLine: {'line': b'-- Up-to-date: /home/yadhu/ur3e/src/install/unity_ros_msgs/local/lib/python3.10/dist-packages/unity_ros_msgs/srv/_ur_mover_service_s.c\n'}
[2.853834] (unity_ros_msgs) StdoutLine: {'line': b'-- Up-to-date: /home/yadhu/ur3e/src/install/unity_ros_msgs/local/lib/python3.10/dist-packages/unity_ros_msgs/srv/_ur_mover_service.py\n'}
[2.853857] (unity_ros_msgs) StdoutLine: {'line': b'-- Up-to-date: /home/yadhu/ur3e/src/install/unity_ros_msgs/local/lib/python3.10/dist-packages/unity_ros_msgs/srv/__init__.py\n'}
[2.853880] (unity_ros_msgs) StdoutLine: {'line': b'-- Up-to-date: /home/yadhu/ur3e/src/install/unity_ros_msgs/local/lib/python3.10/dist-packages/unity_ros_msgs/_unity_ros_msgs_s.ep.rosidl_typesupport_fastrtps_c.c\n'}
[2.853903] (unity_ros_msgs) StdoutLine: {'line': b'-- Up-to-date: /home/yadhu/ur3e/src/install/unity_ros_msgs/local/lib/python3.10/dist-packages/unity_ros_msgs/_unity_ros_msgs_s.ep.rosidl_typesupport_introspection_c.c\n'}
[2.853927] (unity_ros_msgs) StdoutLine: {'line': b'-- Up-to-date: /home/yadhu/ur3e/src/install/unity_ros_msgs/local/lib/python3.10/dist-packages/unity_ros_msgs/__init__.py\n'}
[2.853951] (unity_ros_msgs) StdoutLine: {'line': b'-- Up-to-date: /home/yadhu/ur3e/src/install/unity_ros_msgs/local/lib/python3.10/dist-packages/unity_ros_msgs/libunity_ros_msgs__rosidl_generator_py.so\n'}
[2.853976] (unity_ros_msgs) StdoutLine: {'line': b'-- Up-to-date: /home/yadhu/ur3e/src/install/unity_ros_msgs/local/lib/python3.10/dist-packages/unity_ros_msgs/unity_ros_msgs_s__rosidl_typesupport_fastrtps_c.cpython-310-x86_64-linux-gnu.so\n'}
[2.854000] (unity_ros_msgs) StdoutLine: {'line': b'-- Up-to-date: /home/yadhu/ur3e/src/install/unity_ros_msgs/local/lib/python3.10/dist-packages/unity_ros_msgs/unity_ros_msgs_s__rosidl_typesupport_introspection_c.cpython-310-x86_64-linux-gnu.so\n'}
[2.858521] (ur_robotiq) StdoutLine: {'line': b"Listing '/home/yadhu/ur3e/src/install/ur_robotiq/local/lib/python3.10/dist-packages/ur_robotiq'...\n"}
[2.858613] (ur_robotiq) StdoutLine: {'line': b"Listing '/home/yadhu/ur3e/src/install/ur_robotiq/local/lib/python3.10/dist-packages/ur_robotiq/msg'...\n"}
[2.858645] (ur_robotiq) StdoutLine: {'line': b"Listing '/home/yadhu/ur3e/src/install/ur_robotiq/local/lib/python3.10/dist-packages/ur_robotiq/srv'...\n"}
[2.861359] (ur_robotiq) StdoutLine: {'line': b'-- Up-to-date: /home/yadhu/ur3e/src/install/ur_robotiq/local/lib/python3.10/dist-packages/ur_robotiq/ur_robotiq_s__rosidl_typesupport_fastrtps_c.cpython-310-x86_64-linux-gnu.so\n'}
[2.861454] (ur_robotiq) StdoutLine: {'line': b'-- Up-to-date: /home/yadhu/ur3e/src/install/ur_robotiq/local/lib/python3.10/dist-packages/ur_robotiq/ur_robotiq_s__rosidl_typesupport_introspection_c.cpython-310-x86_64-linux-gnu.so\n'}
[2.861531] (ur_robotiq) StdoutLine: {'line': b'-- Up-to-date: /home/yadhu/ur3e/src/install/ur_robotiq/local/lib/python3.10/dist-packages/ur_robotiq/ur_robotiq_s__rosidl_typesupport_c.cpython-310-x86_64-linux-gnu.so\n'}
[2.861645] (ur_robotiq) StdoutLine: {'line': b'-- Up-to-date: /home/yadhu/ur3e/src/install/ur_robotiq/lib/libur_robotiq__rosidl_generator_py.so\n'}
[2.861723] (ur_robotiq) StdoutLine: {'line': b'-- Up-to-date: /home/yadhu/ur3e/src/install/ur_robotiq/share/ur_robotiq/msg/UR3eGripper.idl\n'}
[2.861763] (ur_robotiq) StdoutLine: {'line': b'-- Up-to-date: /home/yadhu/ur3e/src/install/ur_robotiq/share/ur_robotiq/msg/UR3eMoveitJoints.idl\n'}
[2.861802] (ur_robotiq) StdoutLine: {'line': b'-- Up-to-date: /home/yadhu/ur3e/src/install/ur_robotiq/share/ur_robotiq/msg/UR3eTrajectory.idl\n'}
[2.861856] (ur_robotiq) StdoutLine: {'line': b'-- Up-to-date: /home/yadhu/ur3e/src/install/ur_robotiq/share/ur_robotiq/srv/UrMoverService.idl\n'}
[2.861885] (ur_robotiq) StdoutLine: {'line': b'-- Up-to-date: /home/yadhu/ur3e/src/install/ur_robotiq/share/ur_robotiq/msg/UR3eGripper.msg\n'}
[2.861914] (ur_robotiq) StdoutLine: {'line': b'-- Up-to-date: /home/yadhu/ur3e/src/install/ur_robotiq/share/ur_robotiq/msg/UR3eMoveitJoints.msg\n'}
[2.861942] (ur_robotiq) StdoutLine: {'line': b'-- Up-to-date: /home/yadhu/ur3e/src/install/ur_robotiq/share/ur_robotiq/msg/UR3eTrajectory.msg\n'}
[2.861969] (ur_robotiq) StdoutLine: {'line': b'-- Up-to-date: /home/yadhu/ur3e/src/install/ur_robotiq/share/ur_robotiq/srv/UrMoverService.srv\n'}
[2.862008] (ur_robotiq) StdoutLine: {'line': b'-- Up-to-date: /home/yadhu/ur3e/src/install/ur_robotiq/share/ur_robotiq/srv/UrMoverService_Request.msg\n'}
[2.862071] (ur_robotiq) StdoutLine: {'line': b'-- Up-to-date: /home/yadhu/ur3e/src/install/ur_robotiq/share/ur_robotiq/srv/UrMoverService_Response.msg\n'}
[2.862101] (ur_robotiq) StdoutLine: {'line': b'-- Up-to-date: /home/yadhu/ur3e/src/install/ur_robotiq/share/ament_index/resource_index/package_run_dependencies/ur_robotiq\n'}
[2.862130] (ur_robotiq) StdoutLine: {'line': b'-- Up-to-date: /home/yadhu/ur3e/src/install/ur_robotiq/share/ament_index/resource_index/parent_prefix_path/ur_robotiq\n'}
[2.862181] (ur_robotiq) StdoutLine: {'line': b'-- Up-to-date: /home/yadhu/ur3e/src/install/ur_robotiq/share/ur_robotiq/environment/ament_prefix_path.sh\n'}
[2.862209] (ur_robotiq) StdoutLine: {'line': b'-- Up-to-date: /home/yadhu/ur3e/src/install/ur_robotiq/share/ur_robotiq/environment/ament_prefix_path.dsv\n'}
[2.862236] (ur_robotiq) StdoutLine: {'line': b'-- Up-to-date: /home/yadhu/ur3e/src/install/ur_robotiq/share/ur_robotiq/environment/path.sh\n'}
[2.862262] (ur_robotiq) StdoutLine: {'line': b'-- Up-to-date: /home/yadhu/ur3e/src/install/ur_robotiq/share/ur_robotiq/environment/path.dsv\n'}
[2.862291] (ur_robotiq) StdoutLine: {'line': b'-- Up-to-date: /home/yadhu/ur3e/src/install/ur_robotiq/share/ur_robotiq/local_setup.bash\n'}
[2.862319] (ur_robotiq) StdoutLine: {'line': b'-- Up-to-date: /home/yadhu/ur3e/src/install/ur_robotiq/share/ur_robotiq/local_setup.sh\n'}
[2.862357] (ur_robotiq) StdoutLine: {'line': b'-- Up-to-date: /home/yadhu/ur3e/src/install/ur_robotiq/share/ur_robotiq/local_setup.zsh\n'}
[2.862383] (ur_robotiq) StdoutLine: {'line': b'-- Up-to-date: /home/yadhu/ur3e/src/install/ur_robotiq/share/ur_robotiq/local_setup.dsv\n'}
[2.862409] (ur_robotiq) StdoutLine: {'line': b'-- Installing: /home/yadhu/ur3e/src/install/ur_robotiq/share/ur_robotiq/package.dsv\n'}
[2.862463] (ur_robotiq) StdoutLine: {'line': b'-- Up-to-date: /home/yadhu/ur3e/src/install/ur_robotiq/share/ament_index/resource_index/packages/ur_robotiq\n'}
[2.862490] (ur_robotiq) StdoutLine: {'line': b'-- Up-to-date: /home/yadhu/ur3e/src/install/ur_robotiq/share/ur_robotiq/cmake/export_ur_robotiq__rosidl_generator_cExport.cmake\n'}
[2.862516] (ur_robotiq) StdoutLine: {'line': b'-- Up-to-date: /home/yadhu/ur3e/src/install/ur_robotiq/share/ur_robotiq/cmake/export_ur_robotiq__rosidl_generator_cExport-noconfig.cmake\n'}
[2.862542] (ur_robotiq) StdoutLine: {'line': b'-- Up-to-date: /home/yadhu/ur3e/src/install/ur_robotiq/share/ur_robotiq/cmake/export_ur_robotiq__rosidl_typesupport_fastrtps_cExport.cmake\n'}
[2.862568] (ur_robotiq) StdoutLine: {'line': b'-- Up-to-date: /home/yadhu/ur3e/src/install/ur_robotiq/share/ur_robotiq/cmake/export_ur_robotiq__rosidl_typesupport_fastrtps_cExport-noconfig.cmake\n'}
[2.862593] (ur_robotiq) StdoutLine: {'line': b'-- Up-to-date: /home/yadhu/ur3e/src/install/ur_robotiq/share/ur_robotiq/cmake/ur_robotiq__rosidl_typesupport_introspection_cExport.cmake\n'}
[2.862618] (ur_robotiq) StdoutLine: {'line': b'-- Up-to-date: /home/yadhu/ur3e/src/install/ur_robotiq/share/ur_robotiq/cmake/ur_robotiq__rosidl_typesupport_introspection_cExport-noconfig.cmake\n'}
[2.862643] (ur_robotiq) StdoutLine: {'line': b'-- Up-to-date: /home/yadhu/ur3e/src/install/ur_robotiq/share/ur_robotiq/cmake/ur_robotiq__rosidl_typesupport_cExport.cmake\n'}
[2.862682] (ur_robotiq) StdoutLine: {'line': b'-- Up-to-date: /home/yadhu/ur3e/src/install/ur_robotiq/share/ur_robotiq/cmake/ur_robotiq__rosidl_typesupport_cExport-noconfig.cmake\n'}
[2.862707] (ur_robotiq) StdoutLine: {'line': b'-- Up-to-date: /home/yadhu/ur3e/src/install/ur_robotiq/share/ur_robotiq/cmake/export_ur_robotiq__rosidl_generator_cppExport.cmake\n'}
[2.862762] (ur_robotiq) StdoutLine: {'line': b'-- Up-to-date: /home/yadhu/ur3e/src/install/ur_robotiq/share/ur_robotiq/cmake/export_ur_robotiq__rosidl_typesupport_fastrtps_cppExport.cmake\n'}
[2.862790] (ur_robotiq) StdoutLine: {'line': b'-- Up-to-date: /home/yadhu/ur3e/src/install/ur_robotiq/share/ur_robotiq/cmake/export_ur_robotiq__rosidl_typesupport_fastrtps_cppExport-noconfig.cmake\n'}
[2.862816] (ur_robotiq) StdoutLine: {'line': b'-- Up-to-date: /home/yadhu/ur3e/src/install/ur_robotiq/share/ur_robotiq/cmake/ur_robotiq__rosidl_typesupport_introspection_cppExport.cmake\n'}
[2.862841] (ur_robotiq) StdoutLine: {'line': b'-- Up-to-date: /home/yadhu/ur3e/src/install/ur_robotiq/share/ur_robotiq/cmake/ur_robotiq__rosidl_typesupport_introspection_cppExport-noconfig.cmake\n'}
[2.862866] (ur_robotiq) StdoutLine: {'line': b'-- Up-to-date: /home/yadhu/ur3e/src/install/ur_robotiq/share/ur_robotiq/cmake/ur_robotiq__rosidl_typesupport_cppExport.cmake\n'}
[2.862892] (ur_robotiq) StdoutLine: {'line': b'-- Up-to-date: /home/yadhu/ur3e/src/install/ur_robotiq/share/ur_robotiq/cmake/ur_robotiq__rosidl_typesupport_cppExport-noconfig.cmake\n'}
[2.862941] (ur_robotiq) StdoutLine: {'line': b'-- Up-to-date: /home/yadhu/ur3e/src/install/ur_robotiq/share/ur_robotiq/cmake/export_ur_robotiq__rosidl_generator_pyExport.cmake\n'}
[2.862968] (ur_robotiq) StdoutLine: {'line': b'-- Up-to-date: /home/yadhu/ur3e/src/install/ur_robotiq/share/ur_robotiq/cmake/export_ur_robotiq__rosidl_generator_pyExport-noconfig.cmake\n'}
[2.862994] (ur_robotiq) StdoutLine: {'line': b'-- Up-to-date: /home/yadhu/ur3e/src/install/ur_robotiq/share/ur_robotiq/cmake/rosidl_cmake-extras.cmake\n'}
[2.863019] (ur_robotiq) StdoutLine: {'line': b'-- Up-to-date: /home/yadhu/ur3e/src/install/ur_robotiq/share/ur_robotiq/cmake/ament_cmake_export_dependencies-extras.cmake\n'}
[2.863067] (ur_robotiq) StdoutLine: {'line': b'-- Up-to-date: /home/yadhu/ur3e/src/install/ur_robotiq/share/ur_robotiq/cmake/ament_cmake_export_include_directories-extras.cmake\n'}
[2.863094] (ur_robotiq) StdoutLine: {'line': b'-- Up-to-date: /home/yadhu/ur3e/src/install/ur_robotiq/share/ur_robotiq/cmake/ament_cmake_export_libraries-extras.cmake\n'}
[2.863119] (ur_robotiq) StdoutLine: {'line': b'-- Up-to-date: /home/yadhu/ur3e/src/install/ur_robotiq/share/ur_robotiq/cmake/ament_cmake_export_targets-extras.cmake\n'}
[2.863143] (ur_robotiq) StdoutLine: {'line': b'-- Up-to-date: /home/yadhu/ur3e/src/install/ur_robotiq/share/ur_robotiq/cmake/rosidl_cmake_export_typesupport_targets-extras.cmake\n'}
[2.863166] (ur_robotiq) StdoutLine: {'line': b'-- Up-to-date: /home/yadhu/ur3e/src/install/ur_robotiq/share/ur_robotiq/cmake/rosidl_cmake_export_typesupport_libraries-extras.cmake\n'}
[2.863193] (ur_robotiq) StdoutLine: {'line': b'-- Up-to-date: /home/yadhu/ur3e/src/install/ur_robotiq/share/ur_robotiq/cmake/ur_robotiqConfig.cmake\n'}
[2.863217] (ur_robotiq) StdoutLine: {'line': b'-- Up-to-date: /home/yadhu/ur3e/src/install/ur_robotiq/share/ur_robotiq/cmake/ur_robotiqConfig-version.cmake\n'}
[2.863240] (ur_robotiq) StdoutLine: {'line': b'-- Up-to-date: /home/yadhu/ur3e/src/install/ur_robotiq/share/ur_robotiq/package.xml\n'}
[2.864428] (ur_robotiq) CommandEnded: {'returncode': 0}
[2.871823] (unity_ros_msgs) StdoutLine: {'line': b"Listing '/home/yadhu/ur3e/src/install/unity_ros_msgs/local/lib/python3.10/dist-packages/unity_ros_msgs'...\n"}
[2.871884] (unity_ros_msgs) StdoutLine: {'line': b"Listing '/home/yadhu/ur3e/src/install/unity_ros_msgs/local/lib/python3.10/dist-packages/unity_ros_msgs/msg'...\n"}
[2.871916] (unity_ros_msgs) StdoutLine: {'line': b"Listing '/home/yadhu/ur3e/src/install/unity_ros_msgs/local/lib/python3.10/dist-packages/unity_ros_msgs/srv'...\n"}
[2.874385] (unity_ros_msgs) StdoutLine: {'line': b'-- Up-to-date: /home/yadhu/ur3e/src/install/unity_ros_msgs/local/lib/python3.10/dist-packages/unity_ros_msgs/unity_ros_msgs_s__rosidl_typesupport_fastrtps_c.cpython-310-x86_64-linux-gnu.so\n'}
[2.874496] (unity_ros_msgs) StdoutLine: {'line': b'-- Up-to-date: /home/yadhu/ur3e/src/install/unity_ros_msgs/local/lib/python3.10/dist-packages/unity_ros_msgs/unity_ros_msgs_s__rosidl_typesupport_introspection_c.cpython-310-x86_64-linux-gnu.so\n'}
[2.874618] (unity_ros_msgs) StdoutLine: {'line': b'-- Up-to-date: /home/yadhu/ur3e/src/install/unity_ros_msgs/local/lib/python3.10/dist-packages/unity_ros_msgs/unity_ros_msgs_s__rosidl_typesupport_c.cpython-310-x86_64-linux-gnu.so\n'}
[2.874738] (unity_ros_msgs) StdoutLine: {'line': b'-- Up-to-date: /home/yadhu/ur3e/src/install/unity_ros_msgs/lib/libunity_ros_msgs__rosidl_generator_py.so\n'}
[2.874814] (unity_ros_msgs) StdoutLine: {'line': b'-- Up-to-date: /home/yadhu/ur3e/src/install/unity_ros_msgs/share/unity_ros_msgs/msg/UR3eGripper.idl\n'}
[2.874871] (unity_ros_msgs) StdoutLine: {'line': b'-- Up-to-date: /home/yadhu/ur3e/src/install/unity_ros_msgs/share/unity_ros_msgs/msg/UR3eMoveitJoints.idl\n'}
[2.874901] (unity_ros_msgs) StdoutLine: {'line': b'-- Up-to-date: /home/yadhu/ur3e/src/install/unity_ros_msgs/share/unity_ros_msgs/msg/UR3eTrajectory.idl\n'}
[2.874930] (unity_ros_msgs) StdoutLine: {'line': b'-- Up-to-date: /home/yadhu/ur3e/src/install/unity_ros_msgs/share/unity_ros_msgs/srv/UrMoverService.idl\n'}
[2.874975] (unity_ros_msgs) StdoutLine: {'line': b'-- Up-to-date: /home/yadhu/ur3e/src/install/unity_ros_msgs/share/unity_ros_msgs/msg/UR3eGripper.msg\n'}
[2.875025] (unity_ros_msgs) StdoutLine: {'line': b'-- Up-to-date: /home/yadhu/ur3e/src/install/unity_ros_msgs/share/unity_ros_msgs/msg/UR3eMoveitJoints.msg\n'}
[2.875056] (unity_ros_msgs) StdoutLine: {'line': b'-- Up-to-date: /home/yadhu/ur3e/src/install/unity_ros_msgs/share/unity_ros_msgs/msg/UR3eTrajectory.msg\n'}
[2.875084] (unity_ros_msgs) StdoutLine: {'line': b'-- Up-to-date: /home/yadhu/ur3e/src/install/unity_ros_msgs/share/unity_ros_msgs/srv/UrMoverService.srv\n'}
[2.875112] (unity_ros_msgs) StdoutLine: {'line': b'-- Up-to-date: /home/yadhu/ur3e/src/install/unity_ros_msgs/share/unity_ros_msgs/srv/UrMoverService_Request.msg\n'}
[2.875179] (unity_ros_msgs) StdoutLine: {'line': b'-- Up-to-date: /home/yadhu/ur3e/src/install/unity_ros_msgs/share/unity_ros_msgs/srv/UrMoverService_Response.msg\n'}
[2.875207] (unity_ros_msgs) StdoutLine: {'line': b'-- Up-to-date: /home/yadhu/ur3e/src/install/unity_ros_msgs/share/ament_index/resource_index/package_run_dependencies/unity_ros_msgs\n'}
[2.875236] (unity_ros_msgs) StdoutLine: {'line': b'-- Up-to-date: /home/yadhu/ur3e/src/install/unity_ros_msgs/share/ament_index/resource_index/parent_prefix_path/unity_ros_msgs\n'}
[2.875264] (unity_ros_msgs) StdoutLine: {'line': b'-- Up-to-date: /home/yadhu/ur3e/src/install/unity_ros_msgs/share/unity_ros_msgs/environment/ament_prefix_path.sh\n'}
[2.875294] (unity_ros_msgs) StdoutLine: {'line': b'-- Up-to-date: /home/yadhu/ur3e/src/install/unity_ros_msgs/share/unity_ros_msgs/environment/ament_prefix_path.dsv\n'}
[2.875322] (unity_ros_msgs) StdoutLine: {'line': b'-- Up-to-date: /home/yadhu/ur3e/src/install/unity_ros_msgs/share/unity_ros_msgs/environment/path.sh\n'}
[2.875348] (unity_ros_msgs) StdoutLine: {'line': b'-- Up-to-date: /home/yadhu/ur3e/src/install/unity_ros_msgs/share/unity_ros_msgs/environment/path.dsv\n'}
[2.875374] (unity_ros_msgs) StdoutLine: {'line': b'-- Up-to-date: /home/yadhu/ur3e/src/install/unity_ros_msgs/share/unity_ros_msgs/local_setup.bash\n'}
[2.875420] (unity_ros_msgs) StdoutLine: {'line': b'-- Up-to-date: /home/yadhu/ur3e/src/install/unity_ros_msgs/share/unity_ros_msgs/local_setup.sh\n'}
[2.875449] (unity_ros_msgs) StdoutLine: {'line': b'-- Up-to-date: /home/yadhu/ur3e/src/install/unity_ros_msgs/share/unity_ros_msgs/local_setup.zsh\n'}
[2.875503] (unity_ros_msgs) StdoutLine: {'line': b'-- Up-to-date: /home/yadhu/ur3e/src/install/unity_ros_msgs/share/unity_ros_msgs/local_setup.dsv\n'}
[2.875531] (unity_ros_msgs) StdoutLine: {'line': b'-- Installing: /home/yadhu/ur3e/src/install/unity_ros_msgs/share/unity_ros_msgs/package.dsv\n'}
[2.875558] (unity_ros_msgs) StdoutLine: {'line': b'-- Up-to-date: /home/yadhu/ur3e/src/install/unity_ros_msgs/share/ament_index/resource_index/packages/unity_ros_msgs\n'}
[2.875584] (unity_ros_msgs) StdoutLine: {'line': b'-- Up-to-date: /home/yadhu/ur3e/src/install/unity_ros_msgs/share/unity_ros_msgs/cmake/export_unity_ros_msgs__rosidl_generator_cExport.cmake\n'}
[2.875611] (unity_ros_msgs) StdoutLine: {'line': b'-- Up-to-date: /home/yadhu/ur3e/src/install/unity_ros_msgs/share/unity_ros_msgs/cmake/export_unity_ros_msgs__rosidl_generator_cExport-noconfig.cmake\n'}
[2.875638] (unity_ros_msgs) StdoutLine: {'line': b'-- Up-to-date: /home/yadhu/ur3e/src/install/unity_ros_msgs/share/unity_ros_msgs/cmake/export_unity_ros_msgs__rosidl_typesupport_fastrtps_cExport.cmake\n'}
[2.875687] (unity_ros_msgs) StdoutLine: {'line': b'-- Up-to-date: /home/yadhu/ur3e/src/install/unity_ros_msgs/share/unity_ros_msgs/cmake/export_unity_ros_msgs__rosidl_typesupport_fastrtps_cExport-noconfig.cmake\n'}
[2.875716] (unity_ros_msgs) StdoutLine: {'line': b'-- Up-to-date: /home/yadhu/ur3e/src/install/unity_ros_msgs/share/unity_ros_msgs/cmake/unity_ros_msgs__rosidl_typesupport_introspection_cExport.cmake\n'}
[2.875743] (unity_ros_msgs) StdoutLine: {'line': b'-- Up-to-date: /home/yadhu/ur3e/src/install/unity_ros_msgs/share/unity_ros_msgs/cmake/unity_ros_msgs__rosidl_typesupport_introspection_cExport-noconfig.cmake\n'}
[2.875798] (unity_ros_msgs) StdoutLine: {'line': b'-- Up-to-date: /home/yadhu/ur3e/src/install/unity_ros_msgs/share/unity_ros_msgs/cmake/unity_ros_msgs__rosidl_typesupport_cExport.cmake\n'}
[2.875826] (unity_ros_msgs) StdoutLine: {'line': b'-- Up-to-date: /home/yadhu/ur3e/src/install/unity_ros_msgs/share/unity_ros_msgs/cmake/unity_ros_msgs__rosidl_typesupport_cExport-noconfig.cmake\n'}
[2.875853] (unity_ros_msgs) StdoutLine: {'line': b'-- Up-to-date: /home/yadhu/ur3e/src/install/unity_ros_msgs/share/unity_ros_msgs/cmake/export_unity_ros_msgs__rosidl_generator_cppExport.cmake\n'}
[2.875881] (unity_ros_msgs) StdoutLine: {'line': b'-- Up-to-date: /home/yadhu/ur3e/src/install/unity_ros_msgs/share/unity_ros_msgs/cmake/export_unity_ros_msgs__rosidl_typesupport_fastrtps_cppExport.cmake\n'}
[2.875909] (unity_ros_msgs) StdoutLine: {'line': b'-- Up-to-date: /home/yadhu/ur3e/src/install/unity_ros_msgs/share/unity_ros_msgs/cmake/export_unity_ros_msgs__rosidl_typesupport_fastrtps_cppExport-noconfig.cmake\n'}
[2.875934] (unity_ros_msgs) StdoutLine: {'line': b'-- Up-to-date: /home/yadhu/ur3e/src/install/unity_ros_msgs/share/unity_ros_msgs/cmake/unity_ros_msgs__rosidl_typesupport_introspection_cppExport.cmake\n'}
[2.875982] (unity_ros_msgs) StdoutLine: {'line': b'-- Up-to-date: /home/yadhu/ur3e/src/install/unity_ros_msgs/share/unity_ros_msgs/cmake/unity_ros_msgs__rosidl_typesupport_introspection_cppExport-noconfig.cmake\n'}
[2.876012] (unity_ros_msgs) StdoutLine: {'line': b'-- Up-to-date: /home/yadhu/ur3e/src/install/unity_ros_msgs/share/unity_ros_msgs/cmake/unity_ros_msgs__rosidl_typesupport_cppExport.cmake\n'}
[2.876039] (unity_ros_msgs) StdoutLine: {'line': b'-- Up-to-date: /home/yadhu/ur3e/src/install/unity_ros_msgs/share/unity_ros_msgs/cmake/unity_ros_msgs__rosidl_typesupport_cppExport-noconfig.cmake\n'}
[2.876066] (unity_ros_msgs) StdoutLine: {'line': b'-- Up-to-date: /home/yadhu/ur3e/src/install/unity_ros_msgs/share/unity_ros_msgs/cmake/export_unity_ros_msgs__rosidl_generator_pyExport.cmake\n'}
[2.876127] (unity_ros_msgs) StdoutLine: {'line': b'-- Up-to-date: /home/yadhu/ur3e/src/install/unity_ros_msgs/share/unity_ros_msgs/cmake/export_unity_ros_msgs__rosidl_generator_pyExport-noconfig.cmake\n'}
[2.876154] (unity_ros_msgs) StdoutLine: {'line': b'-- Up-to-date: /home/yadhu/ur3e/src/install/unity_ros_msgs/share/unity_ros_msgs/cmake/rosidl_cmake-extras.cmake\n'}
[2.876180] (unity_ros_msgs) StdoutLine: {'line': b'-- Up-to-date: /home/yadhu/ur3e/src/install/unity_ros_msgs/share/unity_ros_msgs/cmake/ament_cmake_export_dependencies-extras.cmake\n'}
[2.876205] (unity_ros_msgs) StdoutLine: {'line': b'-- Up-to-date: /home/yadhu/ur3e/src/install/unity_ros_msgs/share/unity_ros_msgs/cmake/ament_cmake_export_include_directories-extras.cmake\n'}
[2.876229] (unity_ros_msgs) StdoutLine: {'line': b'-- Up-to-date: /home/yadhu/ur3e/src/install/unity_ros_msgs/share/unity_ros_msgs/cmake/ament_cmake_export_libraries-extras.cmake\n'}
[2.876253] (unity_ros_msgs) StdoutLine: {'line': b'-- Up-to-date: /home/yadhu/ur3e/src/install/unity_ros_msgs/share/unity_ros_msgs/cmake/ament_cmake_export_targets-extras.cmake\n'}
[2.876276] (unity_ros_msgs) StdoutLine: {'line': b'-- Up-to-date: /home/yadhu/ur3e/src/install/unity_ros_msgs/share/unity_ros_msgs/cmake/rosidl_cmake_export_typesupport_targets-extras.cmake\n'}
[2.876304] (unity_ros_msgs) StdoutLine: {'line': b'-- Up-to-date: /home/yadhu/ur3e/src/install/unity_ros_msgs/share/unity_ros_msgs/cmake/rosidl_cmake_export_typesupport_libraries-extras.cmake\n'}
[2.876329] (unity_ros_msgs) StdoutLine: {'line': b'-- Up-to-date: /home/yadhu/ur3e/src/install/unity_ros_msgs/share/unity_ros_msgs/cmake/unity_ros_msgsConfig.cmake\n'}
[2.876353] (unity_ros_msgs) StdoutLine: {'line': b'-- Up-to-date: /home/yadhu/ur3e/src/install/unity_ros_msgs/share/unity_ros_msgs/cmake/unity_ros_msgsConfig-version.cmake\n'}
[2.876376] (unity_ros_msgs) StdoutLine: {'line': b'-- Up-to-date: /home/yadhu/ur3e/src/install/unity_ros_msgs/share/unity_ros_msgs/package.xml\n'}
[2.877373] (unity_ros_msgs) CommandEnded: {'returncode': 0}
[2.905167] (-) TimerEvent: {}
[2.958668] (ur_robotiq) JobEnded: {'identifier': 'ur_robotiq', 'rc': 0}
[2.974879] (unity_ros_msgs) JobEnded: {'identifier': 'unity_ros_msgs', 'rc': 0}
[2.975663] (cppfile) JobStarted: {'identifier': 'cppfile'}
[2.988208] (cppfile) JobProgress: {'identifier': 'cppfile', 'progress': 'cmake'}
[2.988927] (cppfile) JobProgress: {'identifier': 'cppfile', 'progress': 'build'}
[2.989479] (cppfile) Command: {'cmd': ['/usr/bin/cmake', '--build', '/home/yadhu/ur3e/src/build/cppfile', '--', '-j16', '-l16'], 'cwd': '/home/yadhu/ur3e/src/build/cppfile', 'env': OrderedDict([('HOSTNAME', 'yadhuk'), ('GIT_ASKPASS', '/vscode/vscode-server/bin/linux-x64/e54c774e0add60467559eb0d1e229c6452cf8447/extensions/git/dist/askpass.sh'), ('SHLVL', '2'), ('LD_LIBRARY_PATH', '/home/yadhu/ur3e/src/install/ur_robotiq/lib:/home/yadhu/ur3e/src/install/unity_ros_msgs/lib:/home/yadhu/ur3e/src/install/unity_robotics_demo_msgs/lib:/home/yadhu/ur3e/src/install/moveit_msgs/lib:/usr/lib/x86_64-linux-gnu/gazebo-11/plugins:/opt/ros/humble/opt/rviz_ogre_vendor/lib:/opt/ros/humble/lib/x86_64-linux-gnu:/opt/ros/humble/lib'), ('BROWSER', '/vscode/vscode-server/bin/linux-x64/e54c774e0add60467559eb0d1e229c6452cf8447/bin/helpers/browser.sh'), ('HOME', '/home/yadhu'), ('OLDPWD', '/home/yadhu/ur3e'), ('TERM_PROGRAM_VERSION', '1.97.2'), ('VSCODE_IPC_HOOK_CLI', '/tmp/vscode-ipc-191d809e-ad6a-48a3-8c83-2991c7349be6.sock'), ('DEBUGPY_ADAPTER_ENDPOINTS', '/home/yadhu/.vscode-server/extensions/ms-python.debugpy-2025.0.1-linux-x64/.noConfigDebugAdapterEndpoints/endpoint-00e5a96652343ffc.txt'), ('ROS_PYTHON_VERSION', '3'), ('VSCODE_GIT_ASKPASS_MAIN', '/vscode/vscode-server/bin/linux-x64/e54c774e0add60467559eb0d1e229c6452cf8447/extensions/git/dist/askpass-main.js'), ('VSCODE_GIT_ASKPASS_NODE', '/vscode/vscode-server/bin/linux-x64/e54c774e0add60467559eb0d1e229c6452cf8447/node'), ('PYDEVD_DISABLE_FILE_VALIDATION', '1'), ('BUNDLED_DEBUGPY_PATH', '/home/yadhu/.vscode-server/extensions/ms-python.debugpy-2025.0.1-linux-x64/bundled/libs/debugpy'), ('COLORTERM', 'truecolor'), ('REMOTE_CONTAINERS', 'true'), ('ROS_DISTRO', 'humble'), ('REMOTE_CONTAINERS_IPC', '/tmp/vscode-remote-containers-ipc-3b15b7cf-88ad-4a56-828c-69c61a495d31.sock'), ('_', '/usr/bin/colcon'), ('ROS_VERSION', '2'), ('TERM', 'xterm-256color'), ('ROS_LOCALHOST_ONLY', '0'), ('PATH', '/vscode/vscode-server/bin/linux-x64/e54c774e0add60467559eb0d1e229c6452cf8447/bin/remote-cli:/opt/ros/humble/bin:/usr/local/sbin:/usr/local/bin:/usr/sbin:/usr/bin:/sbin:/bin:/home/yadhu/.vscode-server/extensions/ms-python.debugpy-2025.0.1-linux-x64/bundled/scripts/noConfigScripts'), ('REMOTE_CONTAINERS_SOCKETS', '["/tmp/vscode-ssh-auth-3b15b7cf-88ad-4a56-828c-69c61a495d31.sock","/home/yadhu/.gnupg/S.gpg-agent"]'), ('DISPLAY', ':1'), ('LANG', 'C.UTF-8'), ('RMW_IMPLEMENTATION', 'rmw_cyclonedds_cpp'), ('LS_COLORS', 'rs=0:di=01;34:ln=01;36:mh=00:pi=40;33:so=01;35:do=01;35:bd=40;33;01:cd=40;33;01:or=40;31;01:mi=00:su=37;41:sg=30;43:ca=30;41:tw=30;42:ow=34;42:st=37;44:ex=01;32:*.tar=01;31:*.tgz=01;31:*.arc=01;31:*.arj=01;31:*.taz=01;31:*.lha=01;31:*.lz4=01;31:*.lzh=01;31:*.lzma=01;31:*.tlz=01;31:*.txz=01;31:*.tzo=01;31:*.t7z=01;31:*.zip=01;31:*.z=01;31:*.dz=01;31:*.gz=01;31:*.lrz=01;31:*.lz=01;31:*.lzo=01;31:*.xz=01;31:*.zst=01;31:*.tzst=01;31:*.bz2=01;31:*.bz=01;31:*.tbz=01;31:*.tbz2=01;31:*.tz=01;31:*.deb=01;31:*.rpm=01;31:*.jar=01;31:*.war=01;31:*.ear=01;31:*.sar=01;31:*.rar=01;31:*.alz=01;31:*.ace=01;31:*.zoo=01;31:*.cpio=01;31:*.7z=01;31:*.rz=01;31:*.cab=01;31:*.wim=01;31:*.swm=01;31:*.dwm=01;31:*.esd=01;31:*.jpg=01;35:*.jpeg=01;35:*.mjpg=01;35:*.mjpeg=01;35:*.gif=01;35:*.bmp=01;35:*.pbm=01;35:*.pgm=01;35:*.ppm=01;35:*.tga=01;35:*.xbm=01;35:*.xpm=01;35:*.tif=01;35:*.tiff=01;35:*.png=01;35:*.svg=01;35:*.svgz=01;35:*.mng=01;35:*.pcx=01;35:*.mov=01;35:*.mpg=01;35:*.mpeg=01;35:*.m2v=01;35:*.mkv=01;35:*.webm=01;35:*.webp=01;35:*.ogm=01;35:*.mp4=01;35:*.m4v=01;35:*.mp4v=01;35:*.vob=01;35:*.qt=01;35:*.nuv=01;35:*.wmv=01;35:*.asf=01;35:*.rm=01;35:*.rmvb=01;35:*.flc=01;35:*.avi=01;35:*.fli=01;35:*.flv=01;35:*.gl=01;35:*.dl=01;35:*.xcf=01;35:*.xwd=01;35:*.yuv=01;35:*.cgm=01;35:*.emf=01;35:*.ogv=01;35:*.ogx=01;35:*.aac=00;36:*.au=00;36:*.flac=00;36:*.m4a=00;36:*.mid=00;36:*.midi=00;36:*.mka=00;36:*.mp3=00;36:*.mpc=00;36:*.ogg=00;36:*.ra=00;36:*.wav=00;36:*.oga=00;36:*.opus=00;36:*.spx=00;36:*.xspf=00;36:'), ('VSCODE_GIT_IPC_HANDLE', '/tmp/vscode-git-09c052f1c4.sock'), ('TERM_PROGRAM', 'vscode'), ('SSH_AUTH_SOCK', '/tmp/vscode-ssh-auth-3b15b7cf-88ad-4a56-828c-69c61a495d31.sock'), ('ROS_DOMAIN_ID', '42'), ('AMENT_PREFIX_PATH', '/home/yadhu/ur3e/src/install/ur_robotiq:/home/yadhu/ur3e/src/install/ur_description:/home/yadhu/ur3e/src/install/unity_ros_msgs:/home/yadhu/ur3e/src/install/unity_robotics_demo_msgs:/home/yadhu/ur3e/src/install/robotiq_description:/home/yadhu/ur3e/src/install/moveit_msgs:/opt/ros/humble'), ('SHELL', '/bin/bash'), ('ROS_AUTOMATIC_DISCOVERY_RANGE', 'LOCALHOST'), ('VSCODE_GIT_ASKPASS_EXTRA_ARGS', ''), ('PWD', '/home/yadhu/ur3e/src/build/cppfile'), ('LC_ALL', 'C.UTF-8'), ('PYTHONPATH', '/home/yadhu/ur3e/src/install/ur_robotiq/local/lib/python3.10/dist-packages:/home/yadhu/ur3e/src/install/unity_ros_msgs/local/lib/python3.10/dist-packages:/home/yadhu/ur3e/src/install/unity_robotics_demo_msgs/local/lib/python3.10/dist-packages:/home/yadhu/ur3e/src/install/moveit_msgs/local/lib/python3.10/dist-packages:/opt/ros/humble/lib/python3.10/site-packages:/opt/ros/humble/local/lib/python3.10/dist-packages'), ('COLCON', '1'), ('CMAKE_PREFIX_PATH', '/home/yadhu/ur3e/src/install/ur_robotiq:/home/yadhu/ur3e/src/install/ur_description:/home/yadhu/ur3e/src/install/unity_ros_msgs:/home/yadhu/ur3e/src/install/unity_robotics_demo_msgs:/home/yadhu/ur3e/src/install/robotiq_description:/home/yadhu/ur3e/src/install/moveit_msgs:/opt/ros/humble')]), 'shell': False}
[3.005312] (-) TimerEvent: {}
[3.012170] (cppfile) StdoutLine: {'line': b'-- Found ament_cmake: 1.3.10 (/opt/ros/humble/share/ament_cmake/cmake)\n'}
[3.097363] (cppfile) StdoutLine: {'line': b'-- Found ur_description: 2.1.4 (/home/yadhu/ur3e/src/install/ur_description/share/ur_description/cmake)\n'}
[3.097524] (cppfile) StdoutLine: {'line': b'-- Found unity_robotics_demo_msgs: 0.0.1 (/home/yadhu/ur3e/src/install/unity_robotics_demo_msgs/share/unity_robotics_demo_msgs/cmake)\n'}
[3.105403] (-) TimerEvent: {}
[3.111966] (cppfile) StdoutLine: {'line': b'-- Found rosidl_generator_c: 3.1.5 (/opt/ros/humble/share/rosidl_generator_c/cmake)\n'}
[3.113254] (cppfile) StdoutLine: {'line': b'-- Found rosidl_adapter: 3.1.5 (/opt/ros/humble/share/rosidl_adapter/cmake)\n'}
[3.118086] (cppfile) StdoutLine: {'line': b'-- Found rosidl_generator_cpp: 3.1.5 (/opt/ros/humble/share/rosidl_generator_cpp/cmake)\n'}
[3.125372] (cppfile) StdoutLine: {'line': b'-- Using all available rosidl_typesupport_c: rosidl_typesupport_fastrtps_c;rosidl_typesupport_introspection_c\n'}
[3.133194] (cppfile) StdoutLine: {'line': b'-- Using all available rosidl_typesupport_cpp: rosidl_typesupport_fastrtps_cpp;rosidl_typesupport_introspection_cpp\n'}
[3.166092] (cppfile) StdoutLine: {'line': b'-- Found unity_ros_msgs: 0.0.0 (/home/yadhu/ur3e/src/install/unity_ros_msgs/share/unity_ros_msgs/cmake)\n'}
[3.205506] (-) TimerEvent: {}
[3.270127] (cppfile) StdoutLine: {'line': b'-- Found ur_robotiq: 0.0.0 (/home/yadhu/ur3e/src/install/ur_robotiq/share/ur_robotiq/cmake)\n'}
[3.283975] (cppfile) StdoutLine: {'line': b'-- Found rclcpp_action: 16.0.10 (/opt/ros/humble/share/rclcpp_action/cmake)\n'}
[3.301685] (cppfile) StdoutLine: {'line': b'-- Found rmw_implementation_cmake: 6.1.2 (/opt/ros/humble/share/rmw_implementation_cmake/cmake)\n'}
[3.302633] (cppfile) StdoutLine: {'line': b'-- Found rmw_cyclonedds_cpp: 1.3.4 (/opt/ros/humble/share/rmw_cyclonedds_cpp/cmake)\n'}
[3.305603] (-) TimerEvent: {}
[3.313709] (cppfile) StdoutLine: {'line': b"-- Using RMW implementation 'rmw_cyclonedds_cpp' as default\n"}
[3.343153] (cppfile) StdoutLine: {'line': b'-- Found rclcpp_components: 16.0.10 (/opt/ros/humble/share/rclcpp_components/cmake)\n'}
[3.354254] (cppfile) StdoutLine: {'line': b'-- Found moveit_ros_planning_interface: 2.5.6 (/opt/ros/humble/share/moveit_ros_planning_interface/cmake)\n'}
[3.361271] (cppfile) StdoutLine: {'line': b'-- Found Boost: /usr/lib/x86_64-linux-gnu/cmake/Boost-1.74.0/BoostConfig.cmake (found version "1.74.0") found components: date_time filesystem program_options system thread \n'}
[3.369256] (cppfile) StdoutLine: {'line': b'-- Found Boost: /usr/lib/x86_64-linux-gnu/cmake/Boost-1.74.0/BoostConfig.cmake (found version "1.74.0") found components: chrono date_time filesystem iostreams program_options regex serialization system thread \n'}
[3.383125] (cppfile) StdoutLine: {'line': b'-- Found parameter_traits: 0.3.9 (/opt/ros/humble/share/parameter_traits/cmake)\n'}
[3.388167] (cppfile) StdoutLine: {'line': b'-- Found rclcpp_lifecycle: 16.0.10 (/opt/ros/humble/share/rclcpp_lifecycle/cmake)\n'}
[3.400019] (cppfile) StdoutLine: {'line': b'-- Found Boost: /usr/lib/x86_64-linux-gnu/cmake/Boost-1.74.0/BoostConfig.cmake (found version "1.74.0") found components: filesystem \n'}
[3.405665] (-) TimerEvent: {}
[3.422449] (cppfile) StdoutLine: {'line': b'-- library: /usr/lib/x86_64-linux-gnu/libcurl.so\n'}
[3.439334] (cppfile) StdoutLine: {'line': b'-- Ensuring Eigen3 include directory is part of orocos-kdl CMake target\n'}
[3.500104] (cppfile) StdoutLine: {'line': b'-- Found Boost: /usr/lib/x86_64-linux-gnu/cmake/Boost-1.74.0/BoostConfig.cmake (found version "1.74.0") found components: system filesystem date_time program_options thread chrono \n'}
[3.505844] (-) TimerEvent: {}
[3.519364] (cppfile) StdoutLine: {'line': b'-- Found Boost: /usr/lib/x86_64-linux-gnu/cmake/Boost-1.74.0/BoostConfig.cmake (found version "1.74.0") found components: thread system filesystem regex date_time program_options \n'}
[3.539540] (cppfile) StdoutLine: {'line': b'-- Found Boost: /usr/lib/x86_64-linux-gnu/cmake/Boost-1.74.0/BoostConfig.cmake (found version "1.74.0") found components: system filesystem date_time program_options thread \n'}
[3.559840] (cppfile) StdoutLine: {'line': b'-- Found ament_lint_auto: 0.12.11 (/opt/ros/humble/share/ament_lint_auto/cmake)\n'}
[3.603992] (cppfile) StdoutLine: {'line': b"-- Added test 'cppcheck' to perform static code analysis on C / C++ code\n"}
[3.604216] (cppfile) StdoutLine: {'line': b'-- Configured cppcheck include dirs: \n'}
[3.604255] (cppfile) StdoutLine: {'line': b'-- Configured cppcheck exclude dirs and/or files: \n'}
[3.604607] (cppfile) StdoutLine: {'line': b"-- Added test 'lint_cmake' to check CMake code style\n"}
[3.604861] (cppfile) StdoutLine: {'line': b"-- Added test 'uncrustify' to check C / C++ code style\n"}
[3.604893] (cppfile) StdoutLine: {'line': b'-- Configured uncrustify additional arguments: \n'}
[3.605022] (cppfile) StdoutLine: {'line': b"-- Added test 'xmllint' to check XML markup files\n"}
[3.605504] (cppfile) StdoutLine: {'line': b'-- Configuring done\n'}
[3.605928] (-) TimerEvent: {}
[3.639474] (cppfile) StdoutLine: {'line': b'-- Generating done\n'}
[3.640641] (cppfile) StdoutLine: {'line': b'-- Build files have been written to: /home/yadhu/ur3e/src/build/cppfile\n'}
[3.662127] (cppfile) StdoutLine: {'line': b'\x1b[35m\x1b[1mConsolidate compiler generated dependencies of target simple_moveit_interface\x1b[0m\n'}
[3.664310] (cppfile) StdoutLine: {'line': b'\x1b[35m\x1b[1mConsolidate compiler generated dependencies of target position_pub\x1b[0m\n'}
[3.664668] (cppfile) StdoutLine: {'line': b'\x1b[35m\x1b[1mConsolidate compiler generated dependencies of target position_publisher\x1b[0m\n'}
[3.676076] (cppfile) StdoutLine: {'line': b'[ 33%] Built target simple_moveit_interface\n'}
[3.678750] (cppfile) StdoutLine: {'line': b'[ 50%] \x1b[32mBuilding CXX object CMakeFiles/position_pub.dir/src/position_pub.cpp.o\x1b[0m\n'}
[3.685727] (cppfile) StdoutLine: {'line': b'[ 66%] \x1b[32mBuilding CXX object CMakeFiles/position_publisher.dir/src/position_publisher.cpp.o\x1b[0m\n'}
[3.706065] (-) TimerEvent: {}
[3.806436] (-) TimerEvent: {}
[3.906720] (-) TimerEvent: {}
[4.007110] (-) TimerEvent: {}
[4.107404] (-) TimerEvent: {}
[4.207686] (-) TimerEvent: {}
[4.308107] (-) TimerEvent: {}
[4.408513] (-) TimerEvent: {}
[4.508914] (-) TimerEvent: {}
[4.609221] (-) TimerEvent: {}
[4.709503] (-) TimerEvent: {}
[4.809835] (-) TimerEvent: {}
[4.910241] (-) TimerEvent: {}
[5.010517] (-) TimerEvent: {}
[5.110913] (-) TimerEvent: {}
[5.211444] (-) TimerEvent: {}
[5.313251] (-) TimerEvent: {}
[5.414590] (-) TimerEvent: {}
[5.515530] (-) TimerEvent: {}
[5.616065] (-) TimerEvent: {}
[5.716366] (-) TimerEvent: {}
[5.816698] (-) TimerEvent: {}
[5.917105] (-) TimerEvent: {}
[6.017475] (-) TimerEvent: {}
[6.117847] (-) TimerEvent: {}
[6.218137] (-) TimerEvent: {}
[6.318429] (-) TimerEvent: {}
[6.418775] (-) TimerEvent: {}
[6.519170] (-) TimerEvent: {}
[6.619479] (-) TimerEvent: {}
[6.719749] (-) TimerEvent: {}
[6.820076] (-) TimerEvent: {}
[6.920473] (-) TimerEvent: {}
[7.020872] (-) TimerEvent: {}
[7.121267] (-) TimerEvent: {}
[7.221550] (-) TimerEvent: {}
[7.321947] (-) TimerEvent: {}
[7.422348] (-) TimerEvent: {}
[7.522682] (-) TimerEvent: {}
[7.623079] (-) TimerEvent: {}
[7.723389] (-) TimerEvent: {}
[7.823804] (-) TimerEvent: {}
[7.924122] (-) TimerEvent: {}
[8.024576] (-) TimerEvent: {}
[8.124982] (-) TimerEvent: {}
[8.225396] (-) TimerEvent: {}
[8.325842] (-) TimerEvent: {}
[8.426223] (-) TimerEvent: {}
[8.526608] (-) TimerEvent: {}
[8.626960] (-) TimerEvent: {}
[8.727367] (-) TimerEvent: {}
[8.827849] (-) TimerEvent: {}
[8.928202] (-) TimerEvent: {}
[9.028460] (-) TimerEvent: {}
[9.128734] (-) TimerEvent: {}
[9.229098] (-) TimerEvent: {}
[9.329428] (-) TimerEvent: {}
[9.429771] (-) TimerEvent: {}
[9.523681] (cppfile) StdoutLine: {'line': b'[ 83%] \x1b[32m\x1b[1mLinking CXX executable position_publisher\x1b[0m\n'}
[9.529890] (-) TimerEvent: {}
[9.630229] (-) TimerEvent: {}
[9.730501] (-) TimerEvent: {}
[9.813994] (cppfile) StdoutLine: {'line': b'[ 83%] Built target position_publisher\n'}
[9.830594] (-) TimerEvent: {}
[9.930945] (-) TimerEvent: {}
[10.031279] (-) TimerEvent: {}
[10.131499] (-) TimerEvent: {}
[10.231814] (-) TimerEvent: {}
[10.332139] (-) TimerEvent: {}
[10.432478] (-) TimerEvent: {}
[10.532811] (-) TimerEvent: {}
[10.633063] (-) TimerEvent: {}
[10.733378] (-) TimerEvent: {}
[10.833669] (-) TimerEvent: {}
[10.934019] (-) TimerEvent: {}
[11.034340] (-) TimerEvent: {}
[11.134661] (-) TimerEvent: {}
[11.234899] (-) TimerEvent: {}
[11.335209] (-) TimerEvent: {}
[11.435557] (-) TimerEvent: {}
[11.535785] (-) TimerEvent: {}
[11.636096] (-) TimerEvent: {}
[11.721731] (cppfile) StdoutLine: {'line': b'[100%] \x1b[32m\x1b[1mLinking CXX executable position_pub\x1b[0m\n'}
[11.736297] (-) TimerEvent: {}
[11.836563] (-) TimerEvent: {}
[11.936928] (-) TimerEvent: {}
[12.037262] (-) TimerEvent: {}
[12.137505] (-) TimerEvent: {}
[12.142665] (cppfile) StdoutLine: {'line': b'[100%] Built target position_pub\n'}
[12.151270] (cppfile) CommandEnded: {'returncode': 0}
[12.174190] (cppfile) JobProgress: {'identifier': 'cppfile', 'progress': 'install'}
[12.174427] (cppfile) Command: {'cmd': ['/usr/bin/cmake', '--install', '/home/yadhu/ur3e/src/build/cppfile'], 'cwd': '/home/yadhu/ur3e/src/build/cppfile', 'env': OrderedDict([('HOSTNAME', 'yadhuk'), ('GIT_ASKPASS', '/vscode/vscode-server/bin/linux-x64/e54c774e0add60467559eb0d1e229c6452cf8447/extensions/git/dist/askpass.sh'), ('SHLVL', '2'), ('LD_LIBRARY_PATH', '/home/yadhu/ur3e/src/install/ur_robotiq/lib:/home/yadhu/ur3e/src/install/unity_ros_msgs/lib:/home/yadhu/ur3e/src/install/unity_robotics_demo_msgs/lib:/home/yadhu/ur3e/src/install/moveit_msgs/lib:/usr/lib/x86_64-linux-gnu/gazebo-11/plugins:/opt/ros/humble/opt/rviz_ogre_vendor/lib:/opt/ros/humble/lib/x86_64-linux-gnu:/opt/ros/humble/lib'), ('BROWSER', '/vscode/vscode-server/bin/linux-x64/e54c774e0add60467559eb0d1e229c6452cf8447/bin/helpers/browser.sh'), ('HOME', '/home/yadhu'), ('OLDPWD', '/home/yadhu/ur3e'), ('TERM_PROGRAM_VERSION', '1.97.2'), ('VSCODE_IPC_HOOK_CLI', '/tmp/vscode-ipc-191d809e-ad6a-48a3-8c83-2991c7349be6.sock'), ('DEBUGPY_ADAPTER_ENDPOINTS', '/home/yadhu/.vscode-server/extensions/ms-python.debugpy-2025.0.1-linux-x64/.noConfigDebugAdapterEndpoints/endpoint-00e5a96652343ffc.txt'), ('ROS_PYTHON_VERSION', '3'), ('VSCODE_GIT_ASKPASS_MAIN', '/vscode/vscode-server/bin/linux-x64/e54c774e0add60467559eb0d1e229c6452cf8447/extensions/git/dist/askpass-main.js'), ('VSCODE_GIT_ASKPASS_NODE', '/vscode/vscode-server/bin/linux-x64/e54c774e0add60467559eb0d1e229c6452cf8447/node'), ('PYDEVD_DISABLE_FILE_VALIDATION', '1'), ('BUNDLED_DEBUGPY_PATH', '/home/yadhu/.vscode-server/extensions/ms-python.debugpy-2025.0.1-linux-x64/bundled/libs/debugpy'), ('COLORTERM', 'truecolor'), ('REMOTE_CONTAINERS', 'true'), ('ROS_DISTRO', 'humble'), ('REMOTE_CONTAINERS_IPC', '/tmp/vscode-remote-containers-ipc-3b15b7cf-88ad-4a56-828c-69c61a495d31.sock'), ('_', '/usr/bin/colcon'), ('ROS_VERSION', '2'), ('TERM', 'xterm-256color'), ('ROS_LOCALHOST_ONLY', '0'), ('PATH', '/vscode/vscode-server/bin/linux-x64/e54c774e0add60467559eb0d1e229c6452cf8447/bin/remote-cli:/opt/ros/humble/bin:/usr/local/sbin:/usr/local/bin:/usr/sbin:/usr/bin:/sbin:/bin:/home/yadhu/.vscode-server/extensions/ms-python.debugpy-2025.0.1-linux-x64/bundled/scripts/noConfigScripts'), ('REMOTE_CONTAINERS_SOCKETS', '["/tmp/vscode-ssh-auth-3b15b7cf-88ad-4a56-828c-69c61a495d31.sock","/home/yadhu/.gnupg/S.gpg-agent"]'), ('DISPLAY', ':1'), ('LANG', 'C.UTF-8'), ('RMW_IMPLEMENTATION', 'rmw_cyclonedds_cpp'), ('LS_COLORS', 'rs=0:di=01;34:ln=01;36:mh=00:pi=40;33:so=01;35:do=01;35:bd=40;33;01:cd=40;33;01:or=40;31;01:mi=00:su=37;41:sg=30;43:ca=30;41:tw=30;42:ow=34;42:st=37;44:ex=01;32:*.tar=01;31:*.tgz=01;31:*.arc=01;31:*.arj=01;31:*.taz=01;31:*.lha=01;31:*.lz4=01;31:*.lzh=01;31:*.lzma=01;31:*.tlz=01;31:*.txz=01;31:*.tzo=01;31:*.t7z=01;31:*.zip=01;31:*.z=01;31:*.dz=01;31:*.gz=01;31:*.lrz=01;31:*.lz=01;31:*.lzo=01;31:*.xz=01;31:*.zst=01;31:*.tzst=01;31:*.bz2=01;31:*.bz=01;31:*.tbz=01;31:*.tbz2=01;31:*.tz=01;31:*.deb=01;31:*.rpm=01;31:*.jar=01;31:*.war=01;31:*.ear=01;31:*.sar=01;31:*.rar=01;31:*.alz=01;31:*.ace=01;31:*.zoo=01;31:*.cpio=01;31:*.7z=01;31:*.rz=01;31:*.cab=01;31:*.wim=01;31:*.swm=01;31:*.dwm=01;31:*.esd=01;31:*.jpg=01;35:*.jpeg=01;35:*.mjpg=01;35:*.mjpeg=01;35:*.gif=01;35:*.bmp=01;35:*.pbm=01;35:*.pgm=01;35:*.ppm=01;35:*.tga=01;35:*.xbm=01;35:*.xpm=01;35:*.tif=01;35:*.tiff=01;35:*.png=01;35:*.svg=01;35:*.svgz=01;35:*.mng=01;35:*.pcx=01;35:*.mov=01;35:*.mpg=01;35:*.mpeg=01;35:*.m2v=01;35:*.mkv=01;35:*.webm=01;35:*.webp=01;35:*.ogm=01;35:*.mp4=01;35:*.m4v=01;35:*.mp4v=01;35:*.vob=01;35:*.qt=01;35:*.nuv=01;35:*.wmv=01;35:*.asf=01;35:*.rm=01;35:*.rmvb=01;35:*.flc=01;35:*.avi=01;35:*.fli=01;35:*.flv=01;35:*.gl=01;35:*.dl=01;35:*.xcf=01;35:*.xwd=01;35:*.yuv=01;35:*.cgm=01;35:*.emf=01;35:*.ogv=01;35:*.ogx=01;35:*.aac=00;36:*.au=00;36:*.flac=00;36:*.m4a=00;36:*.mid=00;36:*.midi=00;36:*.mka=00;36:*.mp3=00;36:*.mpc=00;36:*.ogg=00;36:*.ra=00;36:*.wav=00;36:*.oga=00;36:*.opus=00;36:*.spx=00;36:*.xspf=00;36:'), ('VSCODE_GIT_IPC_HANDLE', '/tmp/vscode-git-09c052f1c4.sock'), ('TERM_PROGRAM', 'vscode'), ('SSH_AUTH_SOCK', '/tmp/vscode-ssh-auth-3b15b7cf-88ad-4a56-828c-69c61a495d31.sock'), ('ROS_DOMAIN_ID', '42'), ('AMENT_PREFIX_PATH', '/home/yadhu/ur3e/src/install/ur_robotiq:/home/yadhu/ur3e/src/install/ur_description:/home/yadhu/ur3e/src/install/unity_ros_msgs:/home/yadhu/ur3e/src/install/unity_robotics_demo_msgs:/home/yadhu/ur3e/src/install/robotiq_description:/home/yadhu/ur3e/src/install/moveit_msgs:/opt/ros/humble'), ('SHELL', '/bin/bash'), ('ROS_AUTOMATIC_DISCOVERY_RANGE', 'LOCALHOST'), ('VSCODE_GIT_ASKPASS_EXTRA_ARGS', ''), ('PWD', '/home/yadhu/ur3e/src/build/cppfile'), ('LC_ALL', 'C.UTF-8'), ('PYTHONPATH', '/home/yadhu/ur3e/src/install/ur_robotiq/local/lib/python3.10/dist-packages:/home/yadhu/ur3e/src/install/unity_ros_msgs/local/lib/python3.10/dist-packages:/home/yadhu/ur3e/src/install/unity_robotics_demo_msgs/local/lib/python3.10/dist-packages:/home/yadhu/ur3e/src/install/moveit_msgs/local/lib/python3.10/dist-packages:/opt/ros/humble/lib/python3.10/site-packages:/opt/ros/humble/local/lib/python3.10/dist-packages'), ('COLCON', '1'), ('CMAKE_PREFIX_PATH', '/home/yadhu/ur3e/src/install/ur_robotiq:/home/yadhu/ur3e/src/install/ur_description:/home/yadhu/ur3e/src/install/unity_ros_msgs:/home/yadhu/ur3e/src/install/unity_robotics_demo_msgs:/home/yadhu/ur3e/src/install/robotiq_description:/home/yadhu/ur3e/src/install/moveit_msgs:/opt/ros/humble')]), 'shell': False}
[12.180556] (cppfile) StdoutLine: {'line': b'-- Install configuration: ""\n'}
[12.180644] (cppfile) StdoutLine: {'line': b'-- Installing: /home/yadhu/ur3e/src/install/cppfile/lib/cppfile/position_pub\n'}
[12.182549] (cppfile) StdoutLine: {'line': b'-- Set runtime path of "/home/yadhu/ur3e/src/install/cppfile/lib/cppfile/position_pub" to ""\n'}
[12.182624] (cppfile) StdoutLine: {'line': b'-- Installing: /home/yadhu/ur3e/src/install/cppfile/lib/cppfile/position_publisher\n'}
[12.183310] (cppfile) StdoutLine: {'line': b'-- Set runtime path of "/home/yadhu/ur3e/src/install/cppfile/lib/cppfile/position_publisher" to ""\n'}
[12.183391] (cppfile) StdoutLine: {'line': b'-- Up-to-date: /home/yadhu/ur3e/src/install/cppfile/lib/cppfile/simple_moveit_interface\n'}
[12.183457] (cppfile) StdoutLine: {'line': b'-- Installing: /home/yadhu/ur3e/src/install/cppfile/share/ament_index/resource_index/package_run_dependencies/cppfile\n'}
[12.183570] (cppfile) StdoutLine: {'line': b'-- Installing: /home/yadhu/ur3e/src/install/cppfile/share/ament_index/resource_index/parent_prefix_path/cppfile\n'}
[12.183650] (cppfile) StdoutLine: {'line': b'-- Up-to-date: /home/yadhu/ur3e/src/install/cppfile/share/cppfile/environment/ament_prefix_path.sh\n'}
[12.183698] (cppfile) StdoutLine: {'line': b'-- Installing: /home/yadhu/ur3e/src/install/cppfile/share/cppfile/environment/ament_prefix_path.dsv\n'}
[12.183744] (cppfile) StdoutLine: {'line': b'-- Up-to-date: /home/yadhu/ur3e/src/install/cppfile/share/cppfile/environment/path.sh\n'}
[12.183789] (cppfile) StdoutLine: {'line': b'-- Installing: /home/yadhu/ur3e/src/install/cppfile/share/cppfile/environment/path.dsv\n'}
[12.183839] (cppfile) StdoutLine: {'line': b'-- Up-to-date: /home/yadhu/ur3e/src/install/cppfile/share/cppfile/local_setup.bash\n'}
[12.183885] (cppfile) StdoutLine: {'line': b'-- Up-to-date: /home/yadhu/ur3e/src/install/cppfile/share/cppfile/local_setup.sh\n'}
[12.183941] (cppfile) StdoutLine: {'line': b'-- Up-to-date: /home/yadhu/ur3e/src/install/cppfile/share/cppfile/local_setup.zsh\n'}
[12.183967] (cppfile) StdoutLine: {'line': b'-- Installing: /home/yadhu/ur3e/src/install/cppfile/share/cppfile/local_setup.dsv\n'}
[12.183995] (cppfile) StdoutLine: {'line': b'-- Installing: /home/yadhu/ur3e/src/install/cppfile/share/cppfile/package.dsv\n'}
[12.184041] (cppfile) StdoutLine: {'line': b'-- Up-to-date: /home/yadhu/ur3e/src/install/cppfile/share/ament_index/resource_index/packages/cppfile\n'}
[12.184096] (cppfile) StdoutLine: {'line': b'-- Up-to-date: /home/yadhu/ur3e/src/install/cppfile/share/cppfile/cmake/cppfileConfig.cmake\n'}
[12.184123] (cppfile) StdoutLine: {'line': b'-- Up-to-date: /home/yadhu/ur3e/src/install/cppfile/share/cppfile/cmake/cppfileConfig-version.cmake\n'}
[12.184147] (cppfile) StdoutLine: {'line': b'-- Installing: /home/yadhu/ur3e/src/install/cppfile/share/cppfile/package.xml\n'}
[12.185147] (cppfile) CommandEnded: {'returncode': 0}
[12.212749] (cppfile) JobEnded: {'identifier': 'cppfile', 'rc': 0}
[12.213129] (-) EventReactorShutdown: {}
