[0.000000] (-) TimerEvent: {}
[0.000315] (robotiq_description) JobQueued: {'identifier': 'robotiq_description', 'dependencies': OrderedDict()}
[0.000390] (ur_description) JobQueued: {'identifier': 'ur_description', 'dependencies': OrderedDict()}
[0.000428] (ur_gripper_gazebo) JobQueued: {'identifier': 'ur_gripper_gazebo', 'dependencies': OrderedDict([('ur_description', '/home/yadhu/ur3e/install/ur_description')])}
[0.000502] (cppfile) JobQueued: {'identifier': 'cppfile', 'dependencies': OrderedDict([('ur_description', '/home/yadhu/ur3e/install/ur_description'), ('ur_gripper_gazebo', '/home/yadhu/ur3e/install/ur_gripper_gazebo')])}
[0.000867] (pyfile) JobQueued: {'identifier': 'pyfile', 'dependencies': OrderedDict([('ur_description', '/home/yadhu/ur3e/install/ur_description'), ('ur_gripper_gazebo', '/home/yadhu/ur3e/install/ur_gripper_gazebo')])}
[0.000891] (ur_moveit_config) JobQueued: {'identifier': 'ur_moveit_config', 'dependencies': OrderedDict([('robotiq_description', '/home/yadhu/ur3e/install/robotiq_description'), ('ur_description', '/home/yadhu/ur3e/install/ur_description'), ('ur_gripper_gazebo', '/home/yadhu/ur3e/install/ur_gripper_gazebo')])}
[0.000919] (ur_description) JobStarted: {'identifier': 'ur_description'}
[0.007007] (robotiq_description) JobStarted: {'identifier': 'robotiq_description'}
[0.012376] (ur_description) JobProgress: {'identifier': 'ur_description', 'progress': 'cmake'}
[0.013437] (ur_description) JobProgress: {'identifier': 'ur_description', 'progress': 'build'}
[0.013542] (ur_description) Command: {'cmd': ['/usr/bin/cmake', '--build', '/home/yadhu/ur3e/build/ur_description', '--', '-j16', '-l16'], 'cwd': '/home/yadhu/ur3e/build/ur_description', 'env': OrderedDict([('HOSTNAME', 'yadhuk'), ('GIT_ASKPASS', '/vscode/vscode-server/bin/linux-x64/138f619c86f1199955d53b4166bef66ef252935c/extensions/git/dist/askpass.sh'), ('SHLVL', '2'), ('LD_LIBRARY_PATH', '/usr/lib/x86_64-linux-gnu/gazebo-11/plugins:/opt/ros/humble/opt/rviz_ogre_vendor/lib:/opt/ros/humble/lib/x86_64-linux-gnu:/opt/ros/humble/lib'), ('BROWSER', '/vscode/vscode-server/bin/linux-x64/138f619c86f1199955d53b4166bef66ef252935c/bin/helpers/browser.sh'), ('HOME', '/home/yadhu'), ('TERM_PROGRAM_VERSION', '1.96.0'), ('VSCODE_IPC_HOOK_CLI', '/tmp/vscode-ipc-171a4022-fd1d-4aac-a031-e9fb1361d7a9.sock'), ('ROS_PYTHON_VERSION', '3'), ('VSCODE_GIT_ASKPASS_MAIN', '/vscode/vscode-server/bin/linux-x64/138f619c86f1199955d53b4166bef66ef252935c/extensions/git/dist/askpass-main.js'), ('VSCODE_GIT_ASKPASS_NODE', '/vscode/vscode-server/bin/linux-x64/138f619c86f1199955d53b4166bef66ef252935c/node'), ('COLORTERM', 'truecolor'), ('REMOTE_CONTAINERS', 'true'), ('COLCON_PREFIX_PATH', '/home/yadhu/ur3e/install'), ('ROS_DISTRO', 'humble'), ('REMOTE_CONTAINERS_IPC', '/tmp/vscode-remote-containers-ipc-be85f09e-c009-429d-9537-292811278ff2.sock'), ('_', '/usr/bin/colcon'), ('ROS_VERSION', '2'), ('TERM', 'xterm-256color'), ('ROS_LOCALHOST_ONLY', '0'), ('PATH', '/vscode/vscode-server/bin/linux-x64/138f619c86f1199955d53b4166bef66ef252935c/bin/remote-cli:/opt/ros/humble/bin:/usr/local/sbin:/usr/local/bin:/usr/sbin:/usr/bin:/sbin:/bin'), ('REMOTE_CONTAINERS_SOCKETS', '["/tmp/vscode-ssh-auth-be85f09e-c009-429d-9537-292811278ff2.sock","/home/yadhu/.gnupg/S.gpg-agent"]'), ('DISPLAY', ':1'), ('LANG', 'C.UTF-8'), ('RMW_IMPLEMENTATION', 'rmw_cyclonedds_cpp'), ('LS_COLORS', 'rs=0:di=01;34:ln=01;36:mh=00:pi=40;33:so=01;35:do=01;35:bd=40;33;01:cd=40;33;01:or=40;31;01:mi=00:su=37;41:sg=30;43:ca=30;41:tw=30;42:ow=34;42:st=37;44:ex=01;32:*.tar=01;31:*.tgz=01;31:*.arc=01;31:*.arj=01;31:*.taz=01;31:*.lha=01;31:*.lz4=01;31:*.lzh=01;31:*.lzma=01;31:*.tlz=01;31:*.txz=01;31:*.tzo=01;31:*.t7z=01;31:*.zip=01;31:*.z=01;31:*.dz=01;31:*.gz=01;31:*.lrz=01;31:*.lz=01;31:*.lzo=01;31:*.xz=01;31:*.zst=01;31:*.tzst=01;31:*.bz2=01;31:*.bz=01;31:*.tbz=01;31:*.tbz2=01;31:*.tz=01;31:*.deb=01;31:*.rpm=01;31:*.jar=01;31:*.war=01;31:*.ear=01;31:*.sar=01;31:*.rar=01;31:*.alz=01;31:*.ace=01;31:*.zoo=01;31:*.cpio=01;31:*.7z=01;31:*.rz=01;31:*.cab=01;31:*.wim=01;31:*.swm=01;31:*.dwm=01;31:*.esd=01;31:*.jpg=01;35:*.jpeg=01;35:*.mjpg=01;35:*.mjpeg=01;35:*.gif=01;35:*.bmp=01;35:*.pbm=01;35:*.pgm=01;35:*.ppm=01;35:*.tga=01;35:*.xbm=01;35:*.xpm=01;35:*.tif=01;35:*.tiff=01;35:*.png=01;35:*.svg=01;35:*.svgz=01;35:*.mng=01;35:*.pcx=01;35:*.mov=01;35:*.mpg=01;35:*.mpeg=01;35:*.m2v=01;35:*.mkv=01;35:*.webm=01;35:*.webp=01;35:*.ogm=01;35:*.mp4=01;35:*.m4v=01;35:*.mp4v=01;35:*.vob=01;35:*.qt=01;35:*.nuv=01;35:*.wmv=01;35:*.asf=01;35:*.rm=01;35:*.rmvb=01;35:*.flc=01;35:*.avi=01;35:*.fli=01;35:*.flv=01;35:*.gl=01;35:*.dl=01;35:*.xcf=01;35:*.xwd=01;35:*.yuv=01;35:*.cgm=01;35:*.emf=01;35:*.ogv=01;35:*.ogx=01;35:*.aac=00;36:*.au=00;36:*.flac=00;36:*.m4a=00;36:*.mid=00;36:*.midi=00;36:*.mka=00;36:*.mp3=00;36:*.mpc=00;36:*.ogg=00;36:*.ra=00;36:*.wav=00;36:*.oga=00;36:*.opus=00;36:*.spx=00;36:*.xspf=00;36:'), ('VSCODE_GIT_IPC_HANDLE', '/tmp/vscode-git-09c052f1c4.sock'), ('TERM_PROGRAM', 'vscode'), ('SSH_AUTH_SOCK', '/tmp/vscode-ssh-auth-be85f09e-c009-429d-9537-292811278ff2.sock'), ('ROS_DOMAIN_ID', '42'), ('AMENT_PREFIX_PATH', '/home/yadhu/ur3e/install/ur_moveit_config:/home/yadhu/ur3e/install/pyfile:/home/yadhu/ur3e/install/cppfile:/home/yadhu/ur3e/install/ur_gripper_gazebo:/home/yadhu/ur3e/install/ur_description:/home/yadhu/ur3e/install/robotiq_description:/opt/ros/humble'), ('SHELL', '/bin/bash'), ('ROS_AUTOMATIC_DISCOVERY_RANGE', 'LOCALHOST'), ('VSCODE_GIT_ASKPASS_EXTRA_ARGS', ''), ('PWD', '/home/yadhu/ur3e/build/ur_description'), ('LC_ALL', 'C.UTF-8'), ('PYTHONPATH', '/home/yadhu/ur3e/install/ur_moveit_config/local/lib/python3.10/dist-packages:/home/yadhu/ur3e/install/pyfile/lib/python3.10/site-packages:/opt/ros/humble/lib/python3.10/site-packages:/opt/ros/humble/local/lib/python3.10/dist-packages'), ('COLCON', '1'), ('CMAKE_PREFIX_PATH', '/home/yadhu/ur3e/install/ur_moveit_config:/home/yadhu/ur3e/install/cppfile:/home/yadhu/ur3e/install/ur_gripper_gazebo:/home/yadhu/ur3e/install/ur_description:/home/yadhu/ur3e/install/robotiq_description:/home/yadhu/ur3e/install/pyfile:/opt/ros/humble')]), 'shell': False}
[0.017385] (robotiq_description) JobProgress: {'identifier': 'robotiq_description', 'progress': 'cmake'}
[0.017878] (robotiq_description) JobProgress: {'identifier': 'robotiq_description', 'progress': 'build'}
[0.018650] (robotiq_description) Command: {'cmd': ['/usr/bin/cmake', '--build', '/home/yadhu/ur3e/build/robotiq_description', '--', '-j16', '-l16'], 'cwd': '/home/yadhu/ur3e/build/robotiq_description', 'env': OrderedDict([('HOSTNAME', 'yadhuk'), ('GIT_ASKPASS', '/vscode/vscode-server/bin/linux-x64/138f619c86f1199955d53b4166bef66ef252935c/extensions/git/dist/askpass.sh'), ('SHLVL', '2'), ('LD_LIBRARY_PATH', '/usr/lib/x86_64-linux-gnu/gazebo-11/plugins:/opt/ros/humble/opt/rviz_ogre_vendor/lib:/opt/ros/humble/lib/x86_64-linux-gnu:/opt/ros/humble/lib'), ('BROWSER', '/vscode/vscode-server/bin/linux-x64/138f619c86f1199955d53b4166bef66ef252935c/bin/helpers/browser.sh'), ('HOME', '/home/yadhu'), ('TERM_PROGRAM_VERSION', '1.96.0'), ('VSCODE_IPC_HOOK_CLI', '/tmp/vscode-ipc-171a4022-fd1d-4aac-a031-e9fb1361d7a9.sock'), ('ROS_PYTHON_VERSION', '3'), ('VSCODE_GIT_ASKPASS_MAIN', '/vscode/vscode-server/bin/linux-x64/138f619c86f1199955d53b4166bef66ef252935c/extensions/git/dist/askpass-main.js'), ('VSCODE_GIT_ASKPASS_NODE', '/vscode/vscode-server/bin/linux-x64/138f619c86f1199955d53b4166bef66ef252935c/node'), ('COLORTERM', 'truecolor'), ('REMOTE_CONTAINERS', 'true'), ('COLCON_PREFIX_PATH', '/home/yadhu/ur3e/install'), ('ROS_DISTRO', 'humble'), ('REMOTE_CONTAINERS_IPC', '/tmp/vscode-remote-containers-ipc-be85f09e-c009-429d-9537-292811278ff2.sock'), ('_', '/usr/bin/colcon'), ('ROS_VERSION', '2'), ('TERM', 'xterm-256color'), ('ROS_LOCALHOST_ONLY', '0'), ('PATH', '/vscode/vscode-server/bin/linux-x64/138f619c86f1199955d53b4166bef66ef252935c/bin/remote-cli:/opt/ros/humble/bin:/usr/local/sbin:/usr/local/bin:/usr/sbin:/usr/bin:/sbin:/bin'), ('REMOTE_CONTAINERS_SOCKETS', '["/tmp/vscode-ssh-auth-be85f09e-c009-429d-9537-292811278ff2.sock","/home/yadhu/.gnupg/S.gpg-agent"]'), ('DISPLAY', ':1'), ('LANG', 'C.UTF-8'), ('RMW_IMPLEMENTATION', 'rmw_cyclonedds_cpp'), ('LS_COLORS', 'rs=0:di=01;34:ln=01;36:mh=00:pi=40;33:so=01;35:do=01;35:bd=40;33;01:cd=40;33;01:or=40;31;01:mi=00:su=37;41:sg=30;43:ca=30;41:tw=30;42:ow=34;42:st=37;44:ex=01;32:*.tar=01;31:*.tgz=01;31:*.arc=01;31:*.arj=01;31:*.taz=01;31:*.lha=01;31:*.lz4=01;31:*.lzh=01;31:*.lzma=01;31:*.tlz=01;31:*.txz=01;31:*.tzo=01;31:*.t7z=01;31:*.zip=01;31:*.z=01;31:*.dz=01;31:*.gz=01;31:*.lrz=01;31:*.lz=01;31:*.lzo=01;31:*.xz=01;31:*.zst=01;31:*.tzst=01;31:*.bz2=01;31:*.bz=01;31:*.tbz=01;31:*.tbz2=01;31:*.tz=01;31:*.deb=01;31:*.rpm=01;31:*.jar=01;31:*.war=01;31:*.ear=01;31:*.sar=01;31:*.rar=01;31:*.alz=01;31:*.ace=01;31:*.zoo=01;31:*.cpio=01;31:*.7z=01;31:*.rz=01;31:*.cab=01;31:*.wim=01;31:*.swm=01;31:*.dwm=01;31:*.esd=01;31:*.jpg=01;35:*.jpeg=01;35:*.mjpg=01;35:*.mjpeg=01;35:*.gif=01;35:*.bmp=01;35:*.pbm=01;35:*.pgm=01;35:*.ppm=01;35:*.tga=01;35:*.xbm=01;35:*.xpm=01;35:*.tif=01;35:*.tiff=01;35:*.png=01;35:*.svg=01;35:*.svgz=01;35:*.mng=01;35:*.pcx=01;35:*.mov=01;35:*.mpg=01;35:*.mpeg=01;35:*.m2v=01;35:*.mkv=01;35:*.webm=01;35:*.webp=01;35:*.ogm=01;35:*.mp4=01;35:*.m4v=01;35:*.mp4v=01;35:*.vob=01;35:*.qt=01;35:*.nuv=01;35:*.wmv=01;35:*.asf=01;35:*.rm=01;35:*.rmvb=01;35:*.flc=01;35:*.avi=01;35:*.fli=01;35:*.flv=01;35:*.gl=01;35:*.dl=01;35:*.xcf=01;35:*.xwd=01;35:*.yuv=01;35:*.cgm=01;35:*.emf=01;35:*.ogv=01;35:*.ogx=01;35:*.aac=00;36:*.au=00;36:*.flac=00;36:*.m4a=00;36:*.mid=00;36:*.midi=00;36:*.mka=00;36:*.mp3=00;36:*.mpc=00;36:*.ogg=00;36:*.ra=00;36:*.wav=00;36:*.oga=00;36:*.opus=00;36:*.spx=00;36:*.xspf=00;36:'), ('VSCODE_GIT_IPC_HANDLE', '/tmp/vscode-git-09c052f1c4.sock'), ('TERM_PROGRAM', 'vscode'), ('SSH_AUTH_SOCK', '/tmp/vscode-ssh-auth-be85f09e-c009-429d-9537-292811278ff2.sock'), ('ROS_DOMAIN_ID', '42'), ('AMENT_PREFIX_PATH', '/home/yadhu/ur3e/install/ur_moveit_config:/home/yadhu/ur3e/install/pyfile:/home/yadhu/ur3e/install/cppfile:/home/yadhu/ur3e/install/ur_gripper_gazebo:/home/yadhu/ur3e/install/ur_description:/home/yadhu/ur3e/install/robotiq_description:/opt/ros/humble'), ('SHELL', '/bin/bash'), ('ROS_AUTOMATIC_DISCOVERY_RANGE', 'LOCALHOST'), ('VSCODE_GIT_ASKPASS_EXTRA_ARGS', ''), ('PWD', '/home/yadhu/ur3e/build/robotiq_description'), ('LC_ALL', 'C.UTF-8'), ('PYTHONPATH', '/home/yadhu/ur3e/install/ur_moveit_config/local/lib/python3.10/dist-packages:/home/yadhu/ur3e/install/pyfile/lib/python3.10/site-packages:/opt/ros/humble/lib/python3.10/site-packages:/opt/ros/humble/local/lib/python3.10/dist-packages'), ('COLCON', '1'), ('CMAKE_PREFIX_PATH', '/home/yadhu/ur3e/install/ur_moveit_config:/home/yadhu/ur3e/install/cppfile:/home/yadhu/ur3e/install/ur_gripper_gazebo:/home/yadhu/ur3e/install/ur_description:/home/yadhu/ur3e/install/robotiq_description:/home/yadhu/ur3e/install/pyfile:/opt/ros/humble')]), 'shell': False}
[0.052547] (ur_description) CommandEnded: {'returncode': 0}
[0.054016] (robotiq_description) CommandEnded: {'returncode': 0}
[0.075007] (ur_description) JobProgress: {'identifier': 'ur_description', 'progress': 'install'}
[0.083430] (ur_description) Command: {'cmd': ['/usr/bin/cmake', '--install', '/home/yadhu/ur3e/build/ur_description'], 'cwd': '/home/yadhu/ur3e/build/ur_description', 'env': OrderedDict([('HOSTNAME', 'yadhuk'), ('GIT_ASKPASS', '/vscode/vscode-server/bin/linux-x64/138f619c86f1199955d53b4166bef66ef252935c/extensions/git/dist/askpass.sh'), ('SHLVL', '2'), ('LD_LIBRARY_PATH', '/usr/lib/x86_64-linux-gnu/gazebo-11/plugins:/opt/ros/humble/opt/rviz_ogre_vendor/lib:/opt/ros/humble/lib/x86_64-linux-gnu:/opt/ros/humble/lib'), ('BROWSER', '/vscode/vscode-server/bin/linux-x64/138f619c86f1199955d53b4166bef66ef252935c/bin/helpers/browser.sh'), ('HOME', '/home/yadhu'), ('TERM_PROGRAM_VERSION', '1.96.0'), ('VSCODE_IPC_HOOK_CLI', '/tmp/vscode-ipc-171a4022-fd1d-4aac-a031-e9fb1361d7a9.sock'), ('ROS_PYTHON_VERSION', '3'), ('VSCODE_GIT_ASKPASS_MAIN', '/vscode/vscode-server/bin/linux-x64/138f619c86f1199955d53b4166bef66ef252935c/extensions/git/dist/askpass-main.js'), ('VSCODE_GIT_ASKPASS_NODE', '/vscode/vscode-server/bin/linux-x64/138f619c86f1199955d53b4166bef66ef252935c/node'), ('COLORTERM', 'truecolor'), ('REMOTE_CONTAINERS', 'true'), ('COLCON_PREFIX_PATH', '/home/yadhu/ur3e/install'), ('ROS_DISTRO', 'humble'), ('REMOTE_CONTAINERS_IPC', '/tmp/vscode-remote-containers-ipc-be85f09e-c009-429d-9537-292811278ff2.sock'), ('_', '/usr/bin/colcon'), ('ROS_VERSION', '2'), ('TERM', 'xterm-256color'), ('ROS_LOCALHOST_ONLY', '0'), ('PATH', '/vscode/vscode-server/bin/linux-x64/138f619c86f1199955d53b4166bef66ef252935c/bin/remote-cli:/opt/ros/humble/bin:/usr/local/sbin:/usr/local/bin:/usr/sbin:/usr/bin:/sbin:/bin'), ('REMOTE_CONTAINERS_SOCKETS', '["/tmp/vscode-ssh-auth-be85f09e-c009-429d-9537-292811278ff2.sock","/home/yadhu/.gnupg/S.gpg-agent"]'), ('DISPLAY', ':1'), ('LANG', 'C.UTF-8'), ('RMW_IMPLEMENTATION', 'rmw_cyclonedds_cpp'), ('LS_COLORS', 'rs=0:di=01;34:ln=01;36:mh=00:pi=40;33:so=01;35:do=01;35:bd=40;33;01:cd=40;33;01:or=40;31;01:mi=00:su=37;41:sg=30;43:ca=30;41:tw=30;42:ow=34;42:st=37;44:ex=01;32:*.tar=01;31:*.tgz=01;31:*.arc=01;31:*.arj=01;31:*.taz=01;31:*.lha=01;31:*.lz4=01;31:*.lzh=01;31:*.lzma=01;31:*.tlz=01;31:*.txz=01;31:*.tzo=01;31:*.t7z=01;31:*.zip=01;31:*.z=01;31:*.dz=01;31:*.gz=01;31:*.lrz=01;31:*.lz=01;31:*.lzo=01;31:*.xz=01;31:*.zst=01;31:*.tzst=01;31:*.bz2=01;31:*.bz=01;31:*.tbz=01;31:*.tbz2=01;31:*.tz=01;31:*.deb=01;31:*.rpm=01;31:*.jar=01;31:*.war=01;31:*.ear=01;31:*.sar=01;31:*.rar=01;31:*.alz=01;31:*.ace=01;31:*.zoo=01;31:*.cpio=01;31:*.7z=01;31:*.rz=01;31:*.cab=01;31:*.wim=01;31:*.swm=01;31:*.dwm=01;31:*.esd=01;31:*.jpg=01;35:*.jpeg=01;35:*.mjpg=01;35:*.mjpeg=01;35:*.gif=01;35:*.bmp=01;35:*.pbm=01;35:*.pgm=01;35:*.ppm=01;35:*.tga=01;35:*.xbm=01;35:*.xpm=01;35:*.tif=01;35:*.tiff=01;35:*.png=01;35:*.svg=01;35:*.svgz=01;35:*.mng=01;35:*.pcx=01;35:*.mov=01;35:*.mpg=01;35:*.mpeg=01;35:*.m2v=01;35:*.mkv=01;35:*.webm=01;35:*.webp=01;35:*.ogm=01;35:*.mp4=01;35:*.m4v=01;35:*.mp4v=01;35:*.vob=01;35:*.qt=01;35:*.nuv=01;35:*.wmv=01;35:*.asf=01;35:*.rm=01;35:*.rmvb=01;35:*.flc=01;35:*.avi=01;35:*.fli=01;35:*.flv=01;35:*.gl=01;35:*.dl=01;35:*.xcf=01;35:*.xwd=01;35:*.yuv=01;35:*.cgm=01;35:*.emf=01;35:*.ogv=01;35:*.ogx=01;35:*.aac=00;36:*.au=00;36:*.flac=00;36:*.m4a=00;36:*.mid=00;36:*.midi=00;36:*.mka=00;36:*.mp3=00;36:*.mpc=00;36:*.ogg=00;36:*.ra=00;36:*.wav=00;36:*.oga=00;36:*.opus=00;36:*.spx=00;36:*.xspf=00;36:'), ('VSCODE_GIT_IPC_HANDLE', '/tmp/vscode-git-09c052f1c4.sock'), ('TERM_PROGRAM', 'vscode'), ('SSH_AUTH_SOCK', '/tmp/vscode-ssh-auth-be85f09e-c009-429d-9537-292811278ff2.sock'), ('ROS_DOMAIN_ID', '42'), ('AMENT_PREFIX_PATH', '/home/yadhu/ur3e/install/ur_moveit_config:/home/yadhu/ur3e/install/pyfile:/home/yadhu/ur3e/install/cppfile:/home/yadhu/ur3e/install/ur_gripper_gazebo:/home/yadhu/ur3e/install/ur_description:/home/yadhu/ur3e/install/robotiq_description:/opt/ros/humble'), ('SHELL', '/bin/bash'), ('ROS_AUTOMATIC_DISCOVERY_RANGE', 'LOCALHOST'), ('VSCODE_GIT_ASKPASS_EXTRA_ARGS', ''), ('PWD', '/home/yadhu/ur3e/build/ur_description'), ('LC_ALL', 'C.UTF-8'), ('PYTHONPATH', '/home/yadhu/ur3e/install/ur_moveit_config/local/lib/python3.10/dist-packages:/home/yadhu/ur3e/install/pyfile/lib/python3.10/site-packages:/opt/ros/humble/lib/python3.10/site-packages:/opt/ros/humble/local/lib/python3.10/dist-packages'), ('COLCON', '1'), ('CMAKE_PREFIX_PATH', '/home/yadhu/ur3e/install/ur_moveit_config:/home/yadhu/ur3e/install/cppfile:/home/yadhu/ur3e/install/ur_gripper_gazebo:/home/yadhu/ur3e/install/ur_description:/home/yadhu/ur3e/install/robotiq_description:/home/yadhu/ur3e/install/pyfile:/opt/ros/humble')]), 'shell': False}
[0.085224] (robotiq_description) JobProgress: {'identifier': 'robotiq_description', 'progress': 'install'}
[0.085574] (robotiq_description) Command: {'cmd': ['/usr/bin/cmake', '--install', '/home/yadhu/ur3e/build/robotiq_description'], 'cwd': '/home/yadhu/ur3e/build/robotiq_description', 'env': OrderedDict([('HOSTNAME', 'yadhuk'), ('GIT_ASKPASS', '/vscode/vscode-server/bin/linux-x64/138f619c86f1199955d53b4166bef66ef252935c/extensions/git/dist/askpass.sh'), ('SHLVL', '2'), ('LD_LIBRARY_PATH', '/usr/lib/x86_64-linux-gnu/gazebo-11/plugins:/opt/ros/humble/opt/rviz_ogre_vendor/lib:/opt/ros/humble/lib/x86_64-linux-gnu:/opt/ros/humble/lib'), ('BROWSER', '/vscode/vscode-server/bin/linux-x64/138f619c86f1199955d53b4166bef66ef252935c/bin/helpers/browser.sh'), ('HOME', '/home/yadhu'), ('TERM_PROGRAM_VERSION', '1.96.0'), ('VSCODE_IPC_HOOK_CLI', '/tmp/vscode-ipc-171a4022-fd1d-4aac-a031-e9fb1361d7a9.sock'), ('ROS_PYTHON_VERSION', '3'), ('VSCODE_GIT_ASKPASS_MAIN', '/vscode/vscode-server/bin/linux-x64/138f619c86f1199955d53b4166bef66ef252935c/extensions/git/dist/askpass-main.js'), ('VSCODE_GIT_ASKPASS_NODE', '/vscode/vscode-server/bin/linux-x64/138f619c86f1199955d53b4166bef66ef252935c/node'), ('COLORTERM', 'truecolor'), ('REMOTE_CONTAINERS', 'true'), ('COLCON_PREFIX_PATH', '/home/yadhu/ur3e/install'), ('ROS_DISTRO', 'humble'), ('REMOTE_CONTAINERS_IPC', '/tmp/vscode-remote-containers-ipc-be85f09e-c009-429d-9537-292811278ff2.sock'), ('_', '/usr/bin/colcon'), ('ROS_VERSION', '2'), ('TERM', 'xterm-256color'), ('ROS_LOCALHOST_ONLY', '0'), ('PATH', '/vscode/vscode-server/bin/linux-x64/138f619c86f1199955d53b4166bef66ef252935c/bin/remote-cli:/opt/ros/humble/bin:/usr/local/sbin:/usr/local/bin:/usr/sbin:/usr/bin:/sbin:/bin'), ('REMOTE_CONTAINERS_SOCKETS', '["/tmp/vscode-ssh-auth-be85f09e-c009-429d-9537-292811278ff2.sock","/home/yadhu/.gnupg/S.gpg-agent"]'), ('DISPLAY', ':1'), ('LANG', 'C.UTF-8'), ('RMW_IMPLEMENTATION', 'rmw_cyclonedds_cpp'), ('LS_COLORS', 'rs=0:di=01;34:ln=01;36:mh=00:pi=40;33:so=01;35:do=01;35:bd=40;33;01:cd=40;33;01:or=40;31;01:mi=00:su=37;41:sg=30;43:ca=30;41:tw=30;42:ow=34;42:st=37;44:ex=01;32:*.tar=01;31:*.tgz=01;31:*.arc=01;31:*.arj=01;31:*.taz=01;31:*.lha=01;31:*.lz4=01;31:*.lzh=01;31:*.lzma=01;31:*.tlz=01;31:*.txz=01;31:*.tzo=01;31:*.t7z=01;31:*.zip=01;31:*.z=01;31:*.dz=01;31:*.gz=01;31:*.lrz=01;31:*.lz=01;31:*.lzo=01;31:*.xz=01;31:*.zst=01;31:*.tzst=01;31:*.bz2=01;31:*.bz=01;31:*.tbz=01;31:*.tbz2=01;31:*.tz=01;31:*.deb=01;31:*.rpm=01;31:*.jar=01;31:*.war=01;31:*.ear=01;31:*.sar=01;31:*.rar=01;31:*.alz=01;31:*.ace=01;31:*.zoo=01;31:*.cpio=01;31:*.7z=01;31:*.rz=01;31:*.cab=01;31:*.wim=01;31:*.swm=01;31:*.dwm=01;31:*.esd=01;31:*.jpg=01;35:*.jpeg=01;35:*.mjpg=01;35:*.mjpeg=01;35:*.gif=01;35:*.bmp=01;35:*.pbm=01;35:*.pgm=01;35:*.ppm=01;35:*.tga=01;35:*.xbm=01;35:*.xpm=01;35:*.tif=01;35:*.tiff=01;35:*.png=01;35:*.svg=01;35:*.svgz=01;35:*.mng=01;35:*.pcx=01;35:*.mov=01;35:*.mpg=01;35:*.mpeg=01;35:*.m2v=01;35:*.mkv=01;35:*.webm=01;35:*.webp=01;35:*.ogm=01;35:*.mp4=01;35:*.m4v=01;35:*.mp4v=01;35:*.vob=01;35:*.qt=01;35:*.nuv=01;35:*.wmv=01;35:*.asf=01;35:*.rm=01;35:*.rmvb=01;35:*.flc=01;35:*.avi=01;35:*.fli=01;35:*.flv=01;35:*.gl=01;35:*.dl=01;35:*.xcf=01;35:*.xwd=01;35:*.yuv=01;35:*.cgm=01;35:*.emf=01;35:*.ogv=01;35:*.ogx=01;35:*.aac=00;36:*.au=00;36:*.flac=00;36:*.m4a=00;36:*.mid=00;36:*.midi=00;36:*.mka=00;36:*.mp3=00;36:*.mpc=00;36:*.ogg=00;36:*.ra=00;36:*.wav=00;36:*.oga=00;36:*.opus=00;36:*.spx=00;36:*.xspf=00;36:'), ('VSCODE_GIT_IPC_HANDLE', '/tmp/vscode-git-09c052f1c4.sock'), ('TERM_PROGRAM', 'vscode'), ('SSH_AUTH_SOCK', '/tmp/vscode-ssh-auth-be85f09e-c009-429d-9537-292811278ff2.sock'), ('ROS_DOMAIN_ID', '42'), ('AMENT_PREFIX_PATH', '/home/yadhu/ur3e/install/ur_moveit_config:/home/yadhu/ur3e/install/pyfile:/home/yadhu/ur3e/install/cppfile:/home/yadhu/ur3e/install/ur_gripper_gazebo:/home/yadhu/ur3e/install/ur_description:/home/yadhu/ur3e/install/robotiq_description:/opt/ros/humble'), ('SHELL', '/bin/bash'), ('ROS_AUTOMATIC_DISCOVERY_RANGE', 'LOCALHOST'), ('VSCODE_GIT_ASKPASS_EXTRA_ARGS', ''), ('PWD', '/home/yadhu/ur3e/build/robotiq_description'), ('LC_ALL', 'C.UTF-8'), ('PYTHONPATH', '/home/yadhu/ur3e/install/ur_moveit_config/local/lib/python3.10/dist-packages:/home/yadhu/ur3e/install/pyfile/lib/python3.10/site-packages:/opt/ros/humble/lib/python3.10/site-packages:/opt/ros/humble/local/lib/python3.10/dist-packages'), ('COLCON', '1'), ('CMAKE_PREFIX_PATH', '/home/yadhu/ur3e/install/ur_moveit_config:/home/yadhu/ur3e/install/cppfile:/home/yadhu/ur3e/install/ur_gripper_gazebo:/home/yadhu/ur3e/install/ur_description:/home/yadhu/ur3e/install/robotiq_description:/home/yadhu/ur3e/install/pyfile:/opt/ros/humble')]), 'shell': False}
[0.090617] (ur_description) StdoutLine: {'line': b'-- Install configuration: ""\n'}
[0.090985] (ur_description) StdoutLine: {'line': b'-- Up-to-date: /home/yadhu/ur3e/install/ur_description/share/ur_description/config\n'}
[0.091068] (ur_description) StdoutLine: {'line': b'-- Up-to-date: /home/yadhu/ur3e/install/ur_description/share/ur_description/config/ur_controllers.yaml\n'}
[0.091110] (ur_description) StdoutLine: {'line': b'-- Up-to-date: /home/yadhu/ur3e/install/ur_description/share/ur_description/config/ur10e\n'}
[0.091146] (ur_description) StdoutLine: {'line': b'-- Up-to-date: /home/yadhu/ur3e/install/ur_description/share/ur_description/config/ur10e/joint_limits.yaml\n'}
[0.091181] (ur_description) StdoutLine: {'line': b'-- Up-to-date: /home/yadhu/ur3e/install/ur_description/share/ur_description/config/ur10e/visual_parameters.yaml\n'}
[0.091218] (ur_description) StdoutLine: {'line': b'-- Up-to-date: /home/yadhu/ur3e/install/ur_description/share/ur_description/config/ur10e/physical_parameters.yaml\n'}
[0.091251] (ur_description) StdoutLine: {'line': b'-- Up-to-date: /home/yadhu/ur3e/install/ur_description/share/ur_description/config/ur10e/default_kinematics.yaml\n'}
[0.091283] (ur_description) StdoutLine: {'line': b'-- Up-to-date: /home/yadhu/ur3e/install/ur_description/share/ur_description/config/ur30\n'}
[0.091314] (ur_description) StdoutLine: {'line': b'-- Up-to-date: /home/yadhu/ur3e/install/ur_description/share/ur_description/config/ur30/joint_limits.yaml\n'}
[0.091365] (ur_description) StdoutLine: {'line': b'-- Up-to-date: /home/yadhu/ur3e/install/ur_description/share/ur_description/config/ur30/visual_parameters.yaml\n'}
[0.091546] (ur_description) StdoutLine: {'line': b'-- Up-to-date: /home/yadhu/ur3e/install/ur_description/share/ur_description/config/ur30/physical_parameters.yaml\n'}
[0.091581] (ur_description) StdoutLine: {'line': b'-- Up-to-date: /home/yadhu/ur3e/install/ur_description/share/ur_description/config/ur30/default_kinematics.yaml\n'}
[0.091615] (ur_description) StdoutLine: {'line': b'-- Up-to-date: /home/yadhu/ur3e/install/ur_description/share/ur_description/config/ur5e\n'}
[0.091649] (ur_description) StdoutLine: {'line': b'-- Up-to-date: /home/yadhu/ur3e/install/ur_description/share/ur_description/config/ur5e/joint_limits.yaml\n'}
[0.091684] (ur_description) StdoutLine: {'line': b'-- Up-to-date: /home/yadhu/ur3e/install/ur_description/share/ur_description/config/ur5e/visual_parameters.yaml\n'}
[0.091721] (ur_description) StdoutLine: {'line': b'-- Up-to-date: /home/yadhu/ur3e/install/ur_description/share/ur_description/config/ur5e/physical_parameters.yaml\n'}
[0.091754] (ur_description) StdoutLine: {'line': b'-- Up-to-date: /home/yadhu/ur3e/install/ur_description/share/ur_description/config/ur5e/default_kinematics.yaml\n'}
[0.091787] (ur_description) StdoutLine: {'line': b'-- Up-to-date: /home/yadhu/ur3e/install/ur_description/share/ur_description/config/ur5\n'}
[0.091818] (ur_description) StdoutLine: {'line': b'-- Up-to-date: /home/yadhu/ur3e/install/ur_description/share/ur_description/config/ur5/joint_limits.yaml\n'}
[0.091854] (ur_description) StdoutLine: {'line': b'-- Up-to-date: /home/yadhu/ur3e/install/ur_description/share/ur_description/config/ur5/visual_parameters.yaml\n'}
[0.091896] (ur_description) StdoutLine: {'line': b'-- Up-to-date: /home/yadhu/ur3e/install/ur_description/share/ur_description/config/ur5/physical_parameters.yaml\n'}
[0.091937] (ur_description) StdoutLine: {'line': b'-- Up-to-date: /home/yadhu/ur3e/install/ur_description/share/ur_description/config/ur5/default_kinematics.yaml\n'}
[0.092008] (ur_description) StdoutLine: {'line': b'-- Up-to-date: /home/yadhu/ur3e/install/ur_description/share/ur_description/config/ur3e\n'}
[0.092055] (ur_description) StdoutLine: {'line': b'-- Up-to-date: /home/yadhu/ur3e/install/ur_description/share/ur_description/config/ur3e/joint_limits.yaml\n'}
[0.092103] (ur_description) StdoutLine: {'line': b'-- Up-to-date: /home/yadhu/ur3e/install/ur_description/share/ur_description/config/ur3e/visual_parameters.yaml\n'}
[0.092151] (ur_description) StdoutLine: {'line': b'-- Up-to-date: /home/yadhu/ur3e/install/ur_description/share/ur_description/config/ur3e/physical_parameters.yaml\n'}
[0.092283] (ur_description) StdoutLine: {'line': b'-- Up-to-date: /home/yadhu/ur3e/install/ur_description/share/ur_description/config/ur3e/default_kinematics.yaml\n'}
[0.092374] (ur_description) StdoutLine: {'line': b'-- Up-to-date: /home/yadhu/ur3e/install/ur_description/share/ur_description/config/ur10\n'}
[0.092478] (ur_description) StdoutLine: {'line': b'-- Up-to-date: /home/yadhu/ur3e/install/ur_description/share/ur_description/config/ur10/joint_limits.yaml\n'}
[0.092536] (ur_description) StdoutLine: {'line': b'-- Up-to-date: /home/yadhu/ur3e/install/ur_description/share/ur_description/config/ur10/visual_parameters.yaml\n'}
[0.092629] (ur_description) StdoutLine: {'line': b'-- Up-to-date: /home/yadhu/ur3e/install/ur_description/share/ur_description/config/ur10/physical_parameters.yaml\n'}
[0.092683] (ur_description) StdoutLine: {'line': b'-- Up-to-date: /home/yadhu/ur3e/install/ur_description/share/ur_description/config/ur10/default_kinematics.yaml\n'}
[0.092731] (ur_description) StdoutLine: {'line': b'-- Up-to-date: /home/yadhu/ur3e/install/ur_description/share/ur_description/config/initial_positions.yaml\n'}
[0.092786] (ur_description) StdoutLine: {'line': b'-- Up-to-date: /home/yadhu/ur3e/install/ur_description/share/ur_description/config/ur20\n'}
[0.092834] (ur_description) StdoutLine: {'line': b'-- Up-to-date: /home/yadhu/ur3e/install/ur_description/share/ur_description/config/ur20/joint_limits.yaml\n'}
[0.092882] (ur_description) StdoutLine: {'line': b'-- Up-to-date: /home/yadhu/ur3e/install/ur_description/share/ur_description/config/ur20/visual_parameters.yaml\n'}
[0.092928] (ur_description) StdoutLine: {'line': b'-- Up-to-date: /home/yadhu/ur3e/install/ur_description/share/ur_description/config/ur20/physical_parameters.yaml\n'}
[0.092969] (ur_description) StdoutLine: {'line': b'-- Up-to-date: /home/yadhu/ur3e/install/ur_description/share/ur_description/config/ur20/default_kinematics.yaml\n'}
[0.093009] (ur_description) StdoutLine: {'line': b'-- Up-to-date: /home/yadhu/ur3e/install/ur_description/share/ur_description/config/ur3\n'}
[0.093303] (ur_description) StdoutLine: {'line': b'-- Up-to-date: /home/yadhu/ur3e/install/ur_description/share/ur_description/config/ur3/joint_limits.yaml\n'}
[0.093439] (ur_description) StdoutLine: {'line': b'-- Up-to-date: /home/yadhu/ur3e/install/ur_description/share/ur_description/config/ur3/visual_parameters.yaml\n'}
[0.093522] (ur_description) StdoutLine: {'line': b'-- Up-to-date: /home/yadhu/ur3e/install/ur_description/share/ur_description/config/ur3/physical_parameters.yaml\n'}
[0.093567] (ur_description) StdoutLine: {'line': b'-- Up-to-date: /home/yadhu/ur3e/install/ur_description/share/ur_description/config/ur3/default_kinematics.yaml\n'}
[0.093754] (ur_description) StdoutLine: {'line': b'-- Up-to-date: /home/yadhu/ur3e/install/ur_description/share/ur_description/config/ur16e\n'}
[0.093831] (ur_description) StdoutLine: {'line': b'-- Up-to-date: /home/yadhu/ur3e/install/ur_description/share/ur_description/config/ur16e/joint_limits.yaml\n'}
[0.093883] (ur_description) StdoutLine: {'line': b'-- Up-to-date: /home/yadhu/ur3e/install/ur_description/share/ur_description/config/ur16e/visual_parameters.yaml\n'}
[0.093930] (ur_description) StdoutLine: {'line': b'-- Up-to-date: /home/yadhu/ur3e/install/ur_description/share/ur_description/config/ur16e/physical_parameters.yaml\n'}
[0.093979] (ur_description) StdoutLine: {'line': b'-- Up-to-date: /home/yadhu/ur3e/install/ur_description/share/ur_description/config/ur16e/default_kinematics.yaml\n'}
[0.094022] (ur_description) StdoutLine: {'line': b'-- Up-to-date: /home/yadhu/ur3e/install/ur_description/share/ur_description/launch\n'}
[0.094065] (ur_description) StdoutLine: {'line': b'-- Up-to-date: /home/yadhu/ur3e/install/ur_description/share/ur_description/launch/gazebo.launch.py\n'}
[0.094108] (ur_description) StdoutLine: {'line': b'-- Up-to-date: /home/yadhu/ur3e/install/ur_description/share/ur_description/launch/view_ur.launch.py\n'}
[0.094246] (ur_description) StdoutLine: {'line': b'-- Up-to-date: /home/yadhu/ur3e/install/ur_description/share/ur_description/meshes\n'}
[0.094296] (ur_description) StdoutLine: {'line': b'-- Up-to-date: /home/yadhu/ur3e/install/ur_description/share/ur_description/meshes/ur10e\n'}
[0.094415] (ur_description) StdoutLine: {'line': b'-- Up-to-date: /home/yadhu/ur3e/install/ur_description/share/ur_description/meshes/ur10e/collision\n'}
[0.094478] (ur_description) StdoutLine: {'line': b'-- Up-to-date: /home/yadhu/ur3e/install/ur_description/share/ur_description/meshes/ur10e/collision/wrist2.stl\n'}
[0.094524] (ur_description) StdoutLine: {'line': b'-- Up-to-date: /home/yadhu/ur3e/install/ur_description/share/ur_description/meshes/ur10e/collision/base.stl\n'}
[0.094567] (ur_description) StdoutLine: {'line': b'-- Up-to-date: /home/yadhu/ur3e/install/ur_description/share/ur_description/meshes/ur10e/collision/upperarm.stl\n'}
[0.094610] (ur_description) StdoutLine: {'line': b'-- Up-to-date: /home/yadhu/ur3e/install/ur_description/share/ur_description/meshes/ur10e/collision/forearm.stl\n'}
[0.094654] (ur_description) StdoutLine: {'line': b'-- Up-to-date: /home/yadhu/ur3e/install/ur_description/share/ur_description/meshes/ur10e/collision/wrist1.stl\n'}
[0.094693] (ur_description) StdoutLine: {'line': b'-- Up-to-date: /home/yadhu/ur3e/install/ur_description/share/ur_description/meshes/ur10e/collision/shoulder.stl\n'}
[0.094731] (ur_description) StdoutLine: {'line': b'-- Up-to-date: /home/yadhu/ur3e/install/ur_description/share/ur_description/meshes/ur10e/collision/wrist3.stl\n'}
[0.094771] (ur_description) StdoutLine: {'line': b'-- Up-to-date: /home/yadhu/ur3e/install/ur_description/share/ur_description/meshes/ur10e/visual\n'}
[0.094844] (ur_description) StdoutLine: {'line': b'-- Up-to-date: /home/yadhu/ur3e/install/ur_description/share/ur_description/meshes/ur10e/visual/wrist2.dae\n'}
[0.094885] (ur_description) StdoutLine: {'line': b'-- Up-to-date: /home/yadhu/ur3e/install/ur_description/share/ur_description/meshes/ur10e/visual/base.dae\n'}
[0.094927] (ur_description) StdoutLine: {'line': b'-- Up-to-date: /home/yadhu/ur3e/install/ur_description/share/ur_description/meshes/ur10e/visual/wrist3.dae\n'}
[0.094969] (ur_description) StdoutLine: {'line': b'-- Up-to-date: /home/yadhu/ur3e/install/ur_description/share/ur_description/meshes/ur10e/visual/upperarm.dae\n'}
[0.095053] (ur_description) StdoutLine: {'line': b'-- Up-to-date: /home/yadhu/ur3e/install/ur_description/share/ur_description/meshes/ur10e/visual/wrist1.dae\n'}
[0.095096] (ur_description) StdoutLine: {'line': b'-- Up-to-date: /home/yadhu/ur3e/install/ur_description/share/ur_description/meshes/ur10e/visual/forearm.dae\n'}
[0.095133] (ur_description) StdoutLine: {'line': b'-- Up-to-date: /home/yadhu/ur3e/install/ur_description/share/ur_description/meshes/ur10e/visual/shoulder.dae\n'}
[0.095168] (ur_description) StdoutLine: {'line': b'-- Up-to-date: /home/yadhu/ur3e/install/ur_description/share/ur_description/meshes/ur30\n'}
[0.095204] (ur_description) StdoutLine: {'line': b'-- Up-to-date: /home/yadhu/ur3e/install/ur_description/share/ur_description/meshes/ur30/LICENSE.txt\n'}
[0.095240] (ur_description) StdoutLine: {'line': b'-- Up-to-date: /home/yadhu/ur3e/install/ur_description/share/ur_description/meshes/ur30/collision\n'}
[0.095278] (ur_description) StdoutLine: {'line': b'-- Up-to-date: /home/yadhu/ur3e/install/ur_description/share/ur_description/meshes/ur30/collision/upperarm.stl\n'}
[0.095314] (ur_description) StdoutLine: {'line': b'-- Up-to-date: /home/yadhu/ur3e/install/ur_description/share/ur_description/meshes/ur30/collision/forearm.stl\n'}
[0.095358] (ur_description) StdoutLine: {'line': b'-- Up-to-date: /home/yadhu/ur3e/install/ur_description/share/ur_description/meshes/ur30/visual\n'}
[0.095395] (ur_description) StdoutLine: {'line': b'-- Up-to-date: /home/yadhu/ur3e/install/ur_description/share/ur_description/meshes/ur30/visual/UR30_DIFF_8bit_2K.png\n'}
[0.095475] (ur_description) StdoutLine: {'line': b'-- Up-to-date: /home/yadhu/ur3e/install/ur_description/share/ur_description/meshes/ur30/visual/upperarm.dae\n'}
[0.095675] (ur_description) StdoutLine: {'line': b'-- Up-to-date: /home/yadhu/ur3e/install/ur_description/share/ur_description/meshes/ur30/visual/forearm.dae\n'}
[0.095768] (ur_description) StdoutLine: {'line': b'-- Up-to-date: /home/yadhu/ur3e/install/ur_description/share/ur_description/meshes/ur5e\n'}
[0.095812] (ur_description) StdoutLine: {'line': b'-- Up-to-date: /home/yadhu/ur3e/install/ur_description/share/ur_description/meshes/ur5e/collision\n'}
[0.095852] (ur_description) StdoutLine: {'line': b'-- Up-to-date: /home/yadhu/ur3e/install/ur_description/share/ur_description/meshes/ur5e/collision/wrist2.stl\n'}
[0.095895] (ur_description) StdoutLine: {'line': b'-- Up-to-date: /home/yadhu/ur3e/install/ur_description/share/ur_description/meshes/ur5e/collision/base.stl\n'}
[0.096067] (ur_description) StdoutLine: {'line': b'-- Up-to-date: /home/yadhu/ur3e/install/ur_description/share/ur_description/meshes/ur5e/collision/upperarm.stl\n'}
[0.096108] (ur_description) StdoutLine: {'line': b'-- Up-to-date: /home/yadhu/ur3e/install/ur_description/share/ur_description/meshes/ur5e/collision/forearm.stl\n'}
[0.096147] (ur_description) StdoutLine: {'line': b'-- Up-to-date: /home/yadhu/ur3e/install/ur_description/share/ur_description/meshes/ur5e/collision/wrist1.stl\n'}
[0.096187] (ur_description) StdoutLine: {'line': b'-- Up-to-date: /home/yadhu/ur3e/install/ur_description/share/ur_description/meshes/ur5e/collision/shoulder.stl\n'}
[0.096227] (ur_description) StdoutLine: {'line': b'-- Up-to-date: /home/yadhu/ur3e/install/ur_description/share/ur_description/meshes/ur5e/collision/wrist3.stl\n'}
[0.096266] (ur_description) StdoutLine: {'line': b'-- Up-to-date: /home/yadhu/ur3e/install/ur_description/share/ur_description/meshes/ur5e/visual\n'}
[0.096308] (ur_description) StdoutLine: {'line': b'-- Up-to-date: /home/yadhu/ur3e/install/ur_description/share/ur_description/meshes/ur5e/visual/wrist2.dae\n'}
[0.096455] (ur_description) StdoutLine: {'line': b'-- Up-to-date: /home/yadhu/ur3e/install/ur_description/share/ur_description/meshes/ur5e/visual/base.dae\n'}
[0.096528] (ur_description) StdoutLine: {'line': b'-- Up-to-date: /home/yadhu/ur3e/install/ur_description/share/ur_description/meshes/ur5e/visual/wrist3.dae\n'}
[0.096579] (ur_description) StdoutLine: {'line': b'-- Up-to-date: /home/yadhu/ur3e/install/ur_description/share/ur_description/meshes/ur5e/visual/upperarm.dae\n'}
[0.096624] (ur_description) StdoutLine: {'line': b'-- Up-to-date: /home/yadhu/ur3e/install/ur_description/share/ur_description/meshes/ur5e/visual/wrist1.dae\n'}
[0.096670] (ur_description) StdoutLine: {'line': b'-- Up-to-date: /home/yadhu/ur3e/install/ur_description/share/ur_description/meshes/ur5e/visual/forearm.dae\n'}
[0.096717] (ur_description) StdoutLine: {'line': b'-- Up-to-date: /home/yadhu/ur3e/install/ur_description/share/ur_description/meshes/ur5e/visual/shoulder.dae\n'}
[0.096763] (ur_description) StdoutLine: {'line': b'-- Up-to-date: /home/yadhu/ur3e/install/ur_description/share/ur_description/meshes/ur5\n'}
[0.096808] (ur_description) StdoutLine: {'line': b'-- Up-to-date: /home/yadhu/ur3e/install/ur_description/share/ur_description/meshes/ur5/collision\n'}
[0.096852] (ur_description) StdoutLine: {'line': b'-- Up-to-date: /home/yadhu/ur3e/install/ur_description/share/ur_description/meshes/ur5/collision/wrist2.stl\n'}
[0.096893] (ur_description) StdoutLine: {'line': b'-- Up-to-date: /home/yadhu/ur3e/install/ur_description/share/ur_description/meshes/ur5/collision/base.stl\n'}
[0.096932] (ur_description) StdoutLine: {'line': b'-- Up-to-date: /home/yadhu/ur3e/install/ur_description/share/ur_description/meshes/ur5/collision/upperarm.stl\n'}
[0.096974] (ur_description) StdoutLine: {'line': b'-- Up-to-date: /home/yadhu/ur3e/install/ur_description/share/ur_description/meshes/ur5/collision/forearm.stl\n'}
[0.097015] (ur_description) StdoutLine: {'line': b'-- Up-to-date: /home/yadhu/ur3e/install/ur_description/share/ur_description/meshes/ur5/collision/wrist1.stl\n'}
[0.097149] (ur_description) StdoutLine: {'line': b'-- Up-to-date: /home/yadhu/ur3e/install/ur_description/share/ur_description/meshes/ur5/collision/shoulder.stl\n'}
[0.097327] (ur_description) StdoutLine: {'line': b'-- Up-to-date: /home/yadhu/ur3e/install/ur_description/share/ur_description/meshes/ur5/collision/wrist3.stl\n'}
[0.097547] (ur_description) StdoutLine: {'line': b'-- Up-to-date: /home/yadhu/ur3e/install/ur_description/share/ur_description/meshes/ur5/visual\n'}
[0.097616] (ur_description) StdoutLine: {'line': b'-- Up-to-date: /home/yadhu/ur3e/install/ur_description/share/ur_description/meshes/ur5/visual/wrist2.dae\n'}
[0.097680] (ur_description) StdoutLine: {'line': b'-- Up-to-date: /home/yadhu/ur3e/install/ur_description/share/ur_description/meshes/ur5/visual/base.dae\n'}
[0.097749] (ur_description) StdoutLine: {'line': b'-- Up-to-date: /home/yadhu/ur3e/install/ur_description/share/ur_description/meshes/ur5/visual/wrist3.dae\n'}
[0.097820] (ur_description) StdoutLine: {'line': b'-- Up-to-date: /home/yadhu/ur3e/install/ur_description/share/ur_description/meshes/ur5/visual/upperarm.dae\n'}
[0.097885] (ur_description) StdoutLine: {'line': b'-- Up-to-date: /home/yadhu/ur3e/install/ur_description/share/ur_description/meshes/ur5/visual/wrist1.dae\n'}
[0.097945] (ur_description) StdoutLine: {'line': b'-- Up-to-date: /home/yadhu/ur3e/install/ur_description/share/ur_description/meshes/ur5/visual/forearm.dae\n'}
[0.098003] (ur_description) StdoutLine: {'line': b'-- Up-to-date: /home/yadhu/ur3e/install/ur_description/share/ur_description/meshes/ur5/visual/shoulder.dae\n'}
[0.098054] (ur_description) StdoutLine: {'line': b'-- Up-to-date: /home/yadhu/ur3e/install/ur_description/share/ur_description/meshes/ur3e\n'}
[0.098105] (ur_description) StdoutLine: {'line': b'-- Up-to-date: /home/yadhu/ur3e/install/ur_description/share/ur_description/meshes/ur3e/collision\n'}
[0.098149] (ur_description) StdoutLine: {'line': b'-- Up-to-date: /home/yadhu/ur3e/install/ur_description/share/ur_description/meshes/ur3e/collision/wrist2.stl\n'}
[0.098193] (ur_description) StdoutLine: {'line': b'-- Up-to-date: /home/yadhu/ur3e/install/ur_description/share/ur_description/meshes/ur3e/collision/base.stl\n'}
[0.098245] (ur_description) StdoutLine: {'line': b'-- Up-to-date: /home/yadhu/ur3e/install/ur_description/share/ur_description/meshes/ur3e/collision/upperarm.stl\n'}
[0.098803] (ur_description) StdoutLine: {'line': b'-- Up-to-date: /home/yadhu/ur3e/install/ur_description/share/ur_description/meshes/ur3e/collision/forearm.stl\n'}
[0.099091] (ur_description) StdoutLine: {'line': b'-- Up-to-date: /home/yadhu/ur3e/install/ur_description/share/ur_description/meshes/ur3e/collision/wrist1.stl\n'}
[0.099214] (ur_description) StdoutLine: {'line': b'-- Up-to-date: /home/yadhu/ur3e/install/ur_description/share/ur_description/meshes/ur3e/collision/shoulder.stl\n'}
[0.099561] (ur_description) StdoutLine: {'line': b'-- Up-to-date: /home/yadhu/ur3e/install/ur_description/share/ur_description/meshes/ur3e/collision/wrist3.stl\n'}
[0.099912] (-) TimerEvent: {}
[0.100111] (ur_description) StdoutLine: {'line': b'-- Up-to-date: /home/yadhu/ur3e/install/ur_description/share/ur_description/meshes/ur3e/visual\n'}
[0.100308] (ur_description) StdoutLine: {'line': b'-- Up-to-date: /home/yadhu/ur3e/install/ur_description/share/ur_description/meshes/ur3e/visual/wrist2.dae\n'}
[0.100476] (ur_description) StdoutLine: {'line': b'-- Up-to-date: /home/yadhu/ur3e/install/ur_description/share/ur_description/meshes/ur3e/visual/base.dae\n'}
[0.100665] (ur_description) StdoutLine: {'line': b'-- Up-to-date: /home/yadhu/ur3e/install/ur_description/share/ur_description/meshes/ur3e/visual/wrist3.dae\n'}
[0.100972] (ur_description) StdoutLine: {'line': b'-- Up-to-date: /home/yadhu/ur3e/install/ur_description/share/ur_description/meshes/ur3e/visual/upperarm.dae\n'}
[0.101052] (ur_description) StdoutLine: {'line': b'-- Up-to-date: /home/yadhu/ur3e/install/ur_description/share/ur_description/meshes/ur3e/visual/wrist1.dae\n'}
[0.101100] (ur_description) StdoutLine: {'line': b'-- Up-to-date: /home/yadhu/ur3e/install/ur_description/share/ur_description/meshes/ur3e/visual/forearm.dae\n'}
[0.101176] (ur_description) StdoutLine: {'line': b'-- Up-to-date: /home/yadhu/ur3e/install/ur_description/share/ur_description/meshes/ur3e/visual/shoulder.dae\n'}
[0.101223] (ur_description) StdoutLine: {'line': b'-- Up-to-date: /home/yadhu/ur3e/install/ur_description/share/ur_description/meshes/ur10\n'}
[0.101266] (ur_description) StdoutLine: {'line': b'-- Up-to-date: /home/yadhu/ur3e/install/ur_description/share/ur_description/meshes/ur10/collision\n'}
[0.101304] (ur_description) StdoutLine: {'line': b'-- Up-to-date: /home/yadhu/ur3e/install/ur_description/share/ur_description/meshes/ur10/collision/wrist2.stl\n'}
[0.101348] (ur_description) StdoutLine: {'line': b'-- Up-to-date: /home/yadhu/ur3e/install/ur_description/share/ur_description/meshes/ur10/collision/base.stl\n'}
[0.101385] (ur_description) StdoutLine: {'line': b'-- Up-to-date: /home/yadhu/ur3e/install/ur_description/share/ur_description/meshes/ur10/collision/upperarm.stl\n'}
[0.101424] (ur_description) StdoutLine: {'line': b'-- Up-to-date: /home/yadhu/ur3e/install/ur_description/share/ur_description/meshes/ur10/collision/forearm.stl\n'}
[0.101468] (ur_description) StdoutLine: {'line': b'-- Up-to-date: /home/yadhu/ur3e/install/ur_description/share/ur_description/meshes/ur10/collision/wrist1.stl\n'}
[0.101510] (ur_description) StdoutLine: {'line': b'-- Up-to-date: /home/yadhu/ur3e/install/ur_description/share/ur_description/meshes/ur10/collision/shoulder.stl\n'}
[0.101556] (ur_description) StdoutLine: {'line': b'-- Up-to-date: /home/yadhu/ur3e/install/ur_description/share/ur_description/meshes/ur10/collision/wrist3.stl\n'}
[0.101599] (ur_description) StdoutLine: {'line': b'-- Up-to-date: /home/yadhu/ur3e/install/ur_description/share/ur_description/meshes/ur10/visual\n'}
[0.101636] (ur_description) StdoutLine: {'line': b'-- Up-to-date: /home/yadhu/ur3e/install/ur_description/share/ur_description/meshes/ur10/visual/wrist2.dae\n'}
[0.101670] (ur_description) StdoutLine: {'line': b'-- Up-to-date: /home/yadhu/ur3e/install/ur_description/share/ur_description/meshes/ur10/visual/base.dae\n'}
[0.101708] (ur_description) StdoutLine: {'line': b'-- Up-to-date: /home/yadhu/ur3e/install/ur_description/share/ur_description/meshes/ur10/visual/wrist3.dae\n'}
[0.101738] (ur_description) StdoutLine: {'line': b'-- Up-to-date: /home/yadhu/ur3e/install/ur_description/share/ur_description/meshes/ur10/visual/upperarm.dae\n'}
[0.101766] (ur_description) StdoutLine: {'line': b'-- Up-to-date: /home/yadhu/ur3e/install/ur_description/share/ur_description/meshes/ur10/visual/wrist1.dae\n'}
[0.101797] (ur_description) StdoutLine: {'line': b'-- Up-to-date: /home/yadhu/ur3e/install/ur_description/share/ur_description/meshes/ur10/visual/forearm.dae\n'}
[0.101826] (ur_description) StdoutLine: {'line': b'-- Up-to-date: /home/yadhu/ur3e/install/ur_description/share/ur_description/meshes/ur10/visual/shoulder.dae\n'}
[0.101857] (ur_description) StdoutLine: {'line': b'-- Up-to-date: /home/yadhu/ur3e/install/ur_description/share/ur_description/meshes/ur20\n'}
[0.101888] (ur_description) StdoutLine: {'line': b'-- Up-to-date: /home/yadhu/ur3e/install/ur_description/share/ur_description/meshes/ur20/LICENSE.txt\n'}
[0.101916] (ur_description) StdoutLine: {'line': b'-- Up-to-date: /home/yadhu/ur3e/install/ur_description/share/ur_description/meshes/ur20/collision\n'}
[0.101945] (ur_description) StdoutLine: {'line': b'-- Up-to-date: /home/yadhu/ur3e/install/ur_description/share/ur_description/meshes/ur20/collision/wrist2.stl\n'}
[0.101972] (ur_description) StdoutLine: {'line': b'-- Up-to-date: /home/yadhu/ur3e/install/ur_description/share/ur_description/meshes/ur20/collision/base.stl\n'}
[0.101999] (ur_description) StdoutLine: {'line': b'-- Up-to-date: /home/yadhu/ur3e/install/ur_description/share/ur_description/meshes/ur20/collision/upperarm.stl\n'}
[0.102026] (ur_description) StdoutLine: {'line': b'-- Up-to-date: /home/yadhu/ur3e/install/ur_description/share/ur_description/meshes/ur20/collision/forearm.stl\n'}
[0.102053] (ur_description) StdoutLine: {'line': b'-- Up-to-date: /home/yadhu/ur3e/install/ur_description/share/ur_description/meshes/ur20/collision/wrist1.stl\n'}
[0.102082] (ur_description) StdoutLine: {'line': b'-- Up-to-date: /home/yadhu/ur3e/install/ur_description/share/ur_description/meshes/ur20/collision/shoulder.stl\n'}
[0.102110] (ur_description) StdoutLine: {'line': b'-- Up-to-date: /home/yadhu/ur3e/install/ur_description/share/ur_description/meshes/ur20/collision/wrist3.stl\n'}
[0.102168] (ur_description) StdoutLine: {'line': b'-- Up-to-date: /home/yadhu/ur3e/install/ur_description/share/ur_description/meshes/ur20/visual\n'}
[0.102197] (ur_description) StdoutLine: {'line': b'-- Up-to-date: /home/yadhu/ur3e/install/ur_description/share/ur_description/meshes/ur20/visual/wrist2.dae\n'}
[0.102227] (ur_description) StdoutLine: {'line': b'-- Up-to-date: /home/yadhu/ur3e/install/ur_description/share/ur_description/meshes/ur20/visual/base.dae\n'}
[0.102258] (ur_description) StdoutLine: {'line': b'-- Up-to-date: /home/yadhu/ur3e/install/ur_description/share/ur_description/meshes/ur20/visual/wrist3.dae\n'}
[0.102288] (ur_description) StdoutLine: {'line': b'-- Up-to-date: /home/yadhu/ur3e/install/ur_description/share/ur_description/meshes/ur20/visual/upperarm.dae\n'}
[0.102318] (ur_description) StdoutLine: {'line': b'-- Up-to-date: /home/yadhu/ur3e/install/ur_description/share/ur_description/meshes/ur20/visual/wrist1.dae\n'}
[0.102354] (ur_description) StdoutLine: {'line': b'-- Up-to-date: /home/yadhu/ur3e/install/ur_description/share/ur_description/meshes/ur20/visual/forearm.dae\n'}
[0.102386] (ur_description) StdoutLine: {'line': b'-- Up-to-date: /home/yadhu/ur3e/install/ur_description/share/ur_description/meshes/ur20/visual/UR20_DIFF_8bit_2K.png\n'}
[0.102422] (ur_description) StdoutLine: {'line': b'-- Up-to-date: /home/yadhu/ur3e/install/ur_description/share/ur_description/meshes/ur20/visual/shoulder.dae\n'}
[0.102457] (ur_description) StdoutLine: {'line': b'-- Up-to-date: /home/yadhu/ur3e/install/ur_description/share/ur_description/meshes/ur3\n'}
[0.102489] (ur_description) StdoutLine: {'line': b'-- Up-to-date: /home/yadhu/ur3e/install/ur_description/share/ur_description/meshes/ur3/collision\n'}
[0.102522] (ur_description) StdoutLine: {'line': b'-- Up-to-date: /home/yadhu/ur3e/install/ur_description/share/ur_description/meshes/ur3/collision/wrist2.stl\n'}
[0.102552] (ur_description) StdoutLine: {'line': b'-- Up-to-date: /home/yadhu/ur3e/install/ur_description/share/ur_description/meshes/ur3/collision/base.stl\n'}
[0.102581] (ur_description) StdoutLine: {'line': b'-- Up-to-date: /home/yadhu/ur3e/install/ur_description/share/ur_description/meshes/ur3/collision/upperarm.stl\n'}
[0.102611] (ur_description) StdoutLine: {'line': b'-- Up-to-date: /home/yadhu/ur3e/install/ur_description/share/ur_description/meshes/ur3/collision/forearm.stl\n'}
[0.102642] (ur_description) StdoutLine: {'line': b'-- Up-to-date: /home/yadhu/ur3e/install/ur_description/share/ur_description/meshes/ur3/collision/wrist1.stl\n'}
[0.102674] (ur_description) StdoutLine: {'line': b'-- Up-to-date: /home/yadhu/ur3e/install/ur_description/share/ur_description/meshes/ur3/collision/shoulder.stl\n'}
[0.102700] (ur_description) StdoutLine: {'line': b'-- Up-to-date: /home/yadhu/ur3e/install/ur_description/share/ur_description/meshes/ur3/collision/wrist3.stl\n'}
[0.102729] (ur_description) StdoutLine: {'line': b'-- Up-to-date: /home/yadhu/ur3e/install/ur_description/share/ur_description/meshes/ur3/visual\n'}
[0.102759] (ur_description) StdoutLine: {'line': b'-- Up-to-date: /home/yadhu/ur3e/install/ur_description/share/ur_description/meshes/ur3/visual/wrist2.dae\n'}
[0.102791] (ur_description) StdoutLine: {'line': b'-- Up-to-date: /home/yadhu/ur3e/install/ur_description/share/ur_description/meshes/ur3/visual/base.dae\n'}
[0.102820] (ur_description) StdoutLine: {'line': b'-- Up-to-date: /home/yadhu/ur3e/install/ur_description/share/ur_description/meshes/ur3/visual/wrist3.dae\n'}
[0.103010] (ur_description) StdoutLine: {'line': b'-- Up-to-date: /home/yadhu/ur3e/install/ur_description/share/ur_description/meshes/ur3/visual/upperarm.dae\n'}
[0.103069] (ur_description) StdoutLine: {'line': b'-- Up-to-date: /home/yadhu/ur3e/install/ur_description/share/ur_description/meshes/ur3/visual/wrist1.dae\n'}
[0.103097] (ur_description) StdoutLine: {'line': b'-- Up-to-date: /home/yadhu/ur3e/install/ur_description/share/ur_description/meshes/ur3/visual/forearm.dae\n'}
[0.103124] (ur_description) StdoutLine: {'line': b'-- Up-to-date: /home/yadhu/ur3e/install/ur_description/share/ur_description/meshes/ur3/visual/shoulder.dae\n'}
[0.103150] (ur_description) StdoutLine: {'line': b'-- Up-to-date: /home/yadhu/ur3e/install/ur_description/share/ur_description/meshes/ur16e\n'}
[0.103176] (ur_description) StdoutLine: {'line': b'-- Up-to-date: /home/yadhu/ur3e/install/ur_description/share/ur_description/meshes/ur16e/collision\n'}
[0.103205] (ur_description) StdoutLine: {'line': b'-- Up-to-date: /home/yadhu/ur3e/install/ur_description/share/ur_description/meshes/ur16e/collision/upperarm.stl\n'}
[0.103233] (ur_description) StdoutLine: {'line': b'-- Up-to-date: /home/yadhu/ur3e/install/ur_description/share/ur_description/meshes/ur16e/collision/forearm.stl\n'}
[0.103260] (ur_description) StdoutLine: {'line': b'-- Up-to-date: /home/yadhu/ur3e/install/ur_description/share/ur_description/meshes/ur16e/visual\n'}
[0.103289] (ur_description) StdoutLine: {'line': b'-- Up-to-date: /home/yadhu/ur3e/install/ur_description/share/ur_description/meshes/ur16e/visual/upperarm.dae\n'}
[0.103316] (ur_description) StdoutLine: {'line': b'-- Up-to-date: /home/yadhu/ur3e/install/ur_description/share/ur_description/meshes/ur16e/visual/forearm.dae\n'}
[0.103355] (ur_description) StdoutLine: {'line': b'-- Up-to-date: /home/yadhu/ur3e/install/ur_description/share/ur_description/rviz\n'}
[0.103388] (ur_description) StdoutLine: {'line': b'-- Up-to-date: /home/yadhu/ur3e/install/ur_description/share/ur_description/rviz/view_robot.rviz\n'}
[0.103421] (ur_description) StdoutLine: {'line': b'-- Up-to-date: /home/yadhu/ur3e/install/ur_description/share/ur_description/urdf\n'}
[0.103454] (ur_description) StdoutLine: {'line': b'-- Up-to-date: /home/yadhu/ur3e/install/ur_description/share/ur_description/urdf/ur.ros2_control.xacro\n'}
[0.103487] (ur_description) StdoutLine: {'line': b'-- Up-to-date: /home/yadhu/ur3e/install/ur_description/share/ur_description/urdf/ur.urdf.xacro\n'}
[0.103521] (ur_description) StdoutLine: {'line': b'-- Up-to-date: /home/yadhu/ur3e/install/ur_description/share/ur_description/urdf/ur_macro.xacro\n'}
[0.103553] (ur_description) StdoutLine: {'line': b'-- Up-to-date: /home/yadhu/ur3e/install/ur_description/share/ur_description/urdf/inc\n'}
[0.103589] (ur_description) StdoutLine: {'line': b'-- Up-to-date: /home/yadhu/ur3e/install/ur_description/share/ur_description/urdf/inc/ur_common.xacro\n'}
[0.103621] (robotiq_description) StdoutLine: {'line': b'-- Install configuration: ""\n'}
[0.103704] (ur_description) StdoutLine: {'line': b'-- Up-to-date: /home/yadhu/ur3e/install/ur_description/share/ur_description/urdf/inc/ur_transmissions.xacro\n'}
[0.103738] (ur_description) StdoutLine: {'line': b'-- Up-to-date: /home/yadhu/ur3e/install/ur_description/share/ur_description/test\n'}
[0.103769] (ur_description) StdoutLine: {'line': b'-- Up-to-date: /home/yadhu/ur3e/install/ur_description/share/ur_description/test/test_ur_urdf_xacro.py\n'}
[0.103797] (ur_description) StdoutLine: {'line': b'-- Up-to-date: /home/yadhu/ur3e/install/ur_description/share/ur_description/test/test_view_ur_launch.py\n'}
[0.103824] (robotiq_description) StdoutLine: {'line': b'-- Up-to-date: /home/yadhu/ur3e/install/robotiq_description/share/robotiq_description/config\n'}
[0.103857] (robotiq_description) StdoutLine: {'line': b'-- Up-to-date: /home/yadhu/ur3e/install/robotiq_description/share/robotiq_description/config/robotiq_controllers.yaml\n'}
[0.103886] (robotiq_description) StdoutLine: {'line': b'-- Up-to-date: /home/yadhu/ur3e/install/robotiq_description/share/robotiq_description/launch\n'}
[0.103914] (robotiq_description) StdoutLine: {'line': b'-- Up-to-date: /home/yadhu/ur3e/install/robotiq_description/share/robotiq_description/launch/robotiq_control.launch.py\n'}
[0.103945] (robotiq_description) StdoutLine: {'line': b'-- Up-to-date: /home/yadhu/ur3e/install/robotiq_description/share/robotiq_description/launch/view_gripper.launch.py\n'}
[0.103973] (robotiq_description) StdoutLine: {'line': b'-- Up-to-date: /home/yadhu/ur3e/install/robotiq_description/share/robotiq_description/meshes\n'}
[0.104015] (robotiq_description) StdoutLine: {'line': b'-- Up-to-date: /home/yadhu/ur3e/install/robotiq_description/share/robotiq_description/meshes/collision\n'}
[0.104045] (robotiq_description) StdoutLine: {'line': b'-- Up-to-date: /home/yadhu/ur3e/install/robotiq_description/share/robotiq_description/meshes/collision/2f_85\n'}
[0.104075] (robotiq_description) StdoutLine: {'line': b'-- Up-to-date: /home/yadhu/ur3e/install/robotiq_description/share/robotiq_description/meshes/collision/2f_85/ur_to_robotiq_adapter.stl\n'}
[0.104106] (robotiq_description) StdoutLine: {'line': b'-- Up-to-date: /home/yadhu/ur3e/install/robotiq_description/share/robotiq_description/meshes/collision/2f_85/right_finger_tip.stl\n'}
[0.104136] (robotiq_description) StdoutLine: {'line': b'-- Up-to-date: /home/yadhu/ur3e/install/robotiq_description/share/robotiq_description/meshes/collision/2f_85/left_inner_knuckle.stl\n'}
[0.104167] (robotiq_description) StdoutLine: {'line': b'-- Up-to-date: /home/yadhu/ur3e/install/robotiq_description/share/robotiq_description/meshes/collision/2f_85/right_knuckle.stl\n'}
[0.104195] (robotiq_description) StdoutLine: {'line': b'-- Up-to-date: /home/yadhu/ur3e/install/robotiq_description/share/robotiq_description/meshes/collision/2f_85/left_knuckle.stl\n'}
[0.104225] (robotiq_description) StdoutLine: {'line': b'-- Up-to-date: /home/yadhu/ur3e/install/robotiq_description/share/robotiq_description/meshes/collision/2f_85/left_finger_tip.stl\n'}
[0.104253] (robotiq_description) StdoutLine: {'line': b'-- Up-to-date: /home/yadhu/ur3e/install/robotiq_description/share/robotiq_description/meshes/collision/2f_85/right_inner_knuckle.stl\n'}
[0.104279] (robotiq_description) StdoutLine: {'line': b'-- Up-to-date: /home/yadhu/ur3e/install/robotiq_description/share/robotiq_description/meshes/collision/2f_85/robotiq_base.stl\n'}
[0.104308] (robotiq_description) StdoutLine: {'line': b'-- Up-to-date: /home/yadhu/ur3e/install/robotiq_description/share/robotiq_description/meshes/collision/2f_85/left_finger.stl\n'}
[0.104339] (robotiq_description) StdoutLine: {'line': b'-- Up-to-date: /home/yadhu/ur3e/install/robotiq_description/share/robotiq_description/meshes/collision/2f_85/right_finger.stl\n'}
[0.104366] (robotiq_description) StdoutLine: {'line': b'-- Up-to-date: /home/yadhu/ur3e/install/robotiq_description/share/robotiq_description/meshes/visual\n'}
[0.104400] (robotiq_description) StdoutLine: {'line': b'-- Up-to-date: /home/yadhu/ur3e/install/robotiq_description/share/robotiq_description/meshes/visual/2f_85\n'}
[0.104433] (robotiq_description) StdoutLine: {'line': b'-- Up-to-date: /home/yadhu/ur3e/install/robotiq_description/share/robotiq_description/meshes/visual/2f_85/right_finger.dae\n'}
[0.104468] (robotiq_description) StdoutLine: {'line': b'-- Up-to-date: /home/yadhu/ur3e/install/robotiq_description/share/robotiq_description/meshes/visual/2f_85/left_finger_tip.dae\n'}
[0.104505] (robotiq_description) StdoutLine: {'line': b'-- Up-to-date: /home/yadhu/ur3e/install/robotiq_description/share/robotiq_description/meshes/visual/2f_85/right_inner_knuckle.dae\n'}
[0.104539] (ur_description) StdoutLine: {'line': b'-- Up-to-date: /home/yadhu/ur3e/install/ur_description/share/ament_index/resource_index/package_run_dependencies/ur_description\n'}
[0.104576] (ur_description) StdoutLine: {'line': b'-- Up-to-date: /home/yadhu/ur3e/install/ur_description/share/ament_index/resource_index/parent_prefix_path/ur_description\n'}
[0.104609] (ur_description) StdoutLine: {'line': b'-- Up-to-date: /home/yadhu/ur3e/install/ur_description/share/ur_description/environment/ament_prefix_path.sh\n'}
[0.104643] (ur_description) StdoutLine: {'line': b'-- Up-to-date: /home/yadhu/ur3e/install/ur_description/share/ur_description/environment/ament_prefix_path.dsv\n'}
[0.104679] (ur_description) StdoutLine: {'line': b'-- Up-to-date: /home/yadhu/ur3e/install/ur_description/share/ur_description/environment/path.sh\n'}
[0.104712] (ur_description) StdoutLine: {'line': b'-- Up-to-date: /home/yadhu/ur3e/install/ur_description/share/ur_description/environment/path.dsv\n'}
[0.104747] (ur_description) StdoutLine: {'line': b'-- Up-to-date: /home/yadhu/ur3e/install/ur_description/share/ur_description/local_setup.bash\n'}
[0.104781] (ur_description) StdoutLine: {'line': b'-- Up-to-date: /home/yadhu/ur3e/install/ur_description/share/ur_description/local_setup.sh\n'}
[0.104815] (ur_description) StdoutLine: {'line': b'-- Up-to-date: /home/yadhu/ur3e/install/ur_description/share/ur_description/local_setup.zsh\n'}
[0.104851] (ur_description) StdoutLine: {'line': b'-- Up-to-date: /home/yadhu/ur3e/install/ur_description/share/ur_description/local_setup.dsv\n'}
[0.104887] (ur_description) StdoutLine: {'line': b'-- Installing: /home/yadhu/ur3e/install/ur_description/share/ur_description/package.dsv\n'}
[0.104921] (ur_description) StdoutLine: {'line': b'-- Up-to-date: /home/yadhu/ur3e/install/ur_description/share/ament_index/resource_index/packages/ur_description\n'}
[0.104954] (ur_description) StdoutLine: {'line': b'-- Up-to-date: /home/yadhu/ur3e/install/ur_description/share/ur_description/cmake/ur_descriptionConfig.cmake\n'}
[0.104989] (ur_description) StdoutLine: {'line': b'-- Up-to-date: /home/yadhu/ur3e/install/ur_description/share/ur_description/cmake/ur_descriptionConfig-version.cmake\n'}
[0.105024] (ur_description) StdoutLine: {'line': b'-- Up-to-date: /home/yadhu/ur3e/install/ur_description/share/ur_description/package.xml\n'}
[0.105053] (robotiq_description) StdoutLine: {'line': b'-- Up-to-date: /home/yadhu/ur3e/install/robotiq_description/share/robotiq_description/meshes/visual/2f_85/right_knuckle.dae\n'}
[0.105085] (robotiq_description) StdoutLine: {'line': b'-- Up-to-date: /home/yadhu/ur3e/install/robotiq_description/share/robotiq_description/meshes/visual/2f_85/right_finger_tip.dae\n'}
[0.105118] (robotiq_description) StdoutLine: {'line': b'-- Up-to-date: /home/yadhu/ur3e/install/robotiq_description/share/robotiq_description/meshes/visual/2f_85/ur_to_robotiq_adapter.dae\n'}
[0.105153] (robotiq_description) StdoutLine: {'line': b'-- Up-to-date: /home/yadhu/ur3e/install/robotiq_description/share/robotiq_description/meshes/visual/2f_85/left_inner_knuckle.dae\n'}
[0.105185] (robotiq_description) StdoutLine: {'line': b'-- Up-to-date: /home/yadhu/ur3e/install/robotiq_description/share/robotiq_description/meshes/visual/2f_85/left_finger.dae\n'}
[0.105216] (robotiq_description) StdoutLine: {'line': b'-- Up-to-date: /home/yadhu/ur3e/install/robotiq_description/share/robotiq_description/meshes/visual/2f_85/left_knuckle.dae\n'}
[0.105247] (robotiq_description) StdoutLine: {'line': b'-- Up-to-date: /home/yadhu/ur3e/install/robotiq_description/share/robotiq_description/meshes/visual/2f_85/robotiq_base.dae\n'}
[0.105279] (robotiq_description) StdoutLine: {'line': b'-- Up-to-date: /home/yadhu/ur3e/install/robotiq_description/share/robotiq_description/rviz\n'}
[0.105311] (robotiq_description) StdoutLine: {'line': b'-- Up-to-date: /home/yadhu/ur3e/install/robotiq_description/share/robotiq_description/rviz/view_urdf.rviz\n'}
[0.105353] (robotiq_description) StdoutLine: {'line': b'-- Up-to-date: /home/yadhu/ur3e/install/robotiq_description/share/robotiq_description/urdf\n'}
[0.105385] (robotiq_description) StdoutLine: {'line': b'-- Up-to-date: /home/yadhu/ur3e/install/robotiq_description/share/robotiq_description/urdf/robotiq_2f_85_macro.urdf.xacro\n'}
[0.105421] (robotiq_description) StdoutLine: {'line': b'-- Up-to-date: /home/yadhu/ur3e/install/robotiq_description/share/robotiq_description/urdf/2f_85.ros2_control.xacro\n'}
[0.105456] (robotiq_description) StdoutLine: {'line': b'-- Up-to-date: /home/yadhu/ur3e/install/robotiq_description/share/robotiq_description/urdf/robotiq_2f_85_gripper.urdf.xacro\n'}
[0.105490] (robotiq_description) StdoutLine: {'line': b'-- Up-to-date: /home/yadhu/ur3e/install/robotiq_description/share/robotiq_description/urdf/ur_to_robotiq_adapter.urdf.xacro\n'}
[0.105523] (robotiq_description) StdoutLine: {'line': b'-- Up-to-date: /home/yadhu/ur3e/install/robotiq_description/share/ament_index/resource_index/package_run_dependencies/robotiq_description\n'}
[0.105555] (robotiq_description) StdoutLine: {'line': b'-- Up-to-date: /home/yadhu/ur3e/install/robotiq_description/share/ament_index/resource_index/parent_prefix_path/robotiq_description\n'}
[0.105590] (robotiq_description) StdoutLine: {'line': b'-- Up-to-date: /home/yadhu/ur3e/install/robotiq_description/share/robotiq_description/environment/ament_prefix_path.sh\n'}
[0.105623] (robotiq_description) StdoutLine: {'line': b'-- Up-to-date: /home/yadhu/ur3e/install/robotiq_description/share/robotiq_description/environment/ament_prefix_path.dsv\n'}
[0.105667] (robotiq_description) StdoutLine: {'line': b'-- Up-to-date: /home/yadhu/ur3e/install/robotiq_description/share/robotiq_description/environment/path.sh\n'}
[0.105713] (robotiq_description) StdoutLine: {'line': b'-- Up-to-date: /home/yadhu/ur3e/install/robotiq_description/share/robotiq_description/environment/path.dsv\n'}
[0.105759] (robotiq_description) StdoutLine: {'line': b'-- Up-to-date: /home/yadhu/ur3e/install/robotiq_description/share/robotiq_description/local_setup.bash\n'}
[0.105803] (robotiq_description) StdoutLine: {'line': b'-- Up-to-date: /home/yadhu/ur3e/install/robotiq_description/share/robotiq_description/local_setup.sh\n'}
[0.105850] (robotiq_description) StdoutLine: {'line': b'-- Up-to-date: /home/yadhu/ur3e/install/robotiq_description/share/robotiq_description/local_setup.zsh\n'}
[0.105897] (robotiq_description) StdoutLine: {'line': b'-- Up-to-date: /home/yadhu/ur3e/install/robotiq_description/share/robotiq_description/local_setup.dsv\n'}
[0.105941] (robotiq_description) StdoutLine: {'line': b'-- Installing: /home/yadhu/ur3e/install/robotiq_description/share/robotiq_description/package.dsv\n'}
[0.105988] (robotiq_description) StdoutLine: {'line': b'-- Up-to-date: /home/yadhu/ur3e/install/robotiq_description/share/ament_index/resource_index/packages/robotiq_description\n'}
[0.106030] (robotiq_description) StdoutLine: {'line': b'-- Up-to-date: /home/yadhu/ur3e/install/robotiq_description/share/robotiq_description/cmake/robotiq_descriptionConfig.cmake\n'}
[0.106070] (robotiq_description) StdoutLine: {'line': b'-- Up-to-date: /home/yadhu/ur3e/install/robotiq_description/share/robotiq_description/cmake/robotiq_descriptionConfig-version.cmake\n'}
[0.106110] (robotiq_description) StdoutLine: {'line': b'-- Up-to-date: /home/yadhu/ur3e/install/robotiq_description/share/robotiq_description/package.xml\n'}
[0.106151] (robotiq_description) CommandEnded: {'returncode': 0}
[0.117162] (ur_description) CommandEnded: {'returncode': 0}
[0.142554] (robotiq_description) JobEnded: {'identifier': 'robotiq_description', 'rc': 0}
[0.150031] (ur_description) JobEnded: {'identifier': 'ur_description', 'rc': 0}
[0.150497] (ur_gripper_gazebo) JobStarted: {'identifier': 'ur_gripper_gazebo'}
[0.156042] (ur_gripper_gazebo) JobProgress: {'identifier': 'ur_gripper_gazebo', 'progress': 'cmake'}
[0.156892] (ur_gripper_gazebo) JobProgress: {'identifier': 'ur_gripper_gazebo', 'progress': 'build'}
[0.157188] (ur_gripper_gazebo) Command: {'cmd': ['/usr/bin/cmake', '--build', '/home/yadhu/ur3e/build/ur_gripper_gazebo', '--', '-j16', '-l16'], 'cwd': '/home/yadhu/ur3e/build/ur_gripper_gazebo', 'env': OrderedDict([('HOSTNAME', 'yadhuk'), ('GIT_ASKPASS', '/vscode/vscode-server/bin/linux-x64/138f619c86f1199955d53b4166bef66ef252935c/extensions/git/dist/askpass.sh'), ('SHLVL', '2'), ('LD_LIBRARY_PATH', '/usr/lib/x86_64-linux-gnu/gazebo-11/plugins:/opt/ros/humble/opt/rviz_ogre_vendor/lib:/opt/ros/humble/lib/x86_64-linux-gnu:/opt/ros/humble/lib'), ('BROWSER', '/vscode/vscode-server/bin/linux-x64/138f619c86f1199955d53b4166bef66ef252935c/bin/helpers/browser.sh'), ('HOME', '/home/yadhu'), ('TERM_PROGRAM_VERSION', '1.96.0'), ('VSCODE_IPC_HOOK_CLI', '/tmp/vscode-ipc-171a4022-fd1d-4aac-a031-e9fb1361d7a9.sock'), ('ROS_PYTHON_VERSION', '3'), ('VSCODE_GIT_ASKPASS_MAIN', '/vscode/vscode-server/bin/linux-x64/138f619c86f1199955d53b4166bef66ef252935c/extensions/git/dist/askpass-main.js'), ('VSCODE_GIT_ASKPASS_NODE', '/vscode/vscode-server/bin/linux-x64/138f619c86f1199955d53b4166bef66ef252935c/node'), ('COLORTERM', 'truecolor'), ('REMOTE_CONTAINERS', 'true'), ('COLCON_PREFIX_PATH', '/home/yadhu/ur3e/install'), ('ROS_DISTRO', 'humble'), ('REMOTE_CONTAINERS_IPC', '/tmp/vscode-remote-containers-ipc-be85f09e-c009-429d-9537-292811278ff2.sock'), ('_', '/usr/bin/colcon'), ('ROS_VERSION', '2'), ('TERM', 'xterm-256color'), ('ROS_LOCALHOST_ONLY', '0'), ('PATH', '/vscode/vscode-server/bin/linux-x64/138f619c86f1199955d53b4166bef66ef252935c/bin/remote-cli:/opt/ros/humble/bin:/usr/local/sbin:/usr/local/bin:/usr/sbin:/usr/bin:/sbin:/bin'), ('REMOTE_CONTAINERS_SOCKETS', '["/tmp/vscode-ssh-auth-be85f09e-c009-429d-9537-292811278ff2.sock","/home/yadhu/.gnupg/S.gpg-agent"]'), ('DISPLAY', ':1'), ('LANG', 'C.UTF-8'), ('RMW_IMPLEMENTATION', 'rmw_cyclonedds_cpp'), ('LS_COLORS', 'rs=0:di=01;34:ln=01;36:mh=00:pi=40;33:so=01;35:do=01;35:bd=40;33;01:cd=40;33;01:or=40;31;01:mi=00:su=37;41:sg=30;43:ca=30;41:tw=30;42:ow=34;42:st=37;44:ex=01;32:*.tar=01;31:*.tgz=01;31:*.arc=01;31:*.arj=01;31:*.taz=01;31:*.lha=01;31:*.lz4=01;31:*.lzh=01;31:*.lzma=01;31:*.tlz=01;31:*.txz=01;31:*.tzo=01;31:*.t7z=01;31:*.zip=01;31:*.z=01;31:*.dz=01;31:*.gz=01;31:*.lrz=01;31:*.lz=01;31:*.lzo=01;31:*.xz=01;31:*.zst=01;31:*.tzst=01;31:*.bz2=01;31:*.bz=01;31:*.tbz=01;31:*.tbz2=01;31:*.tz=01;31:*.deb=01;31:*.rpm=01;31:*.jar=01;31:*.war=01;31:*.ear=01;31:*.sar=01;31:*.rar=01;31:*.alz=01;31:*.ace=01;31:*.zoo=01;31:*.cpio=01;31:*.7z=01;31:*.rz=01;31:*.cab=01;31:*.wim=01;31:*.swm=01;31:*.dwm=01;31:*.esd=01;31:*.jpg=01;35:*.jpeg=01;35:*.mjpg=01;35:*.mjpeg=01;35:*.gif=01;35:*.bmp=01;35:*.pbm=01;35:*.pgm=01;35:*.ppm=01;35:*.tga=01;35:*.xbm=01;35:*.xpm=01;35:*.tif=01;35:*.tiff=01;35:*.png=01;35:*.svg=01;35:*.svgz=01;35:*.mng=01;35:*.pcx=01;35:*.mov=01;35:*.mpg=01;35:*.mpeg=01;35:*.m2v=01;35:*.mkv=01;35:*.webm=01;35:*.webp=01;35:*.ogm=01;35:*.mp4=01;35:*.m4v=01;35:*.mp4v=01;35:*.vob=01;35:*.qt=01;35:*.nuv=01;35:*.wmv=01;35:*.asf=01;35:*.rm=01;35:*.rmvb=01;35:*.flc=01;35:*.avi=01;35:*.fli=01;35:*.flv=01;35:*.gl=01;35:*.dl=01;35:*.xcf=01;35:*.xwd=01;35:*.yuv=01;35:*.cgm=01;35:*.emf=01;35:*.ogv=01;35:*.ogx=01;35:*.aac=00;36:*.au=00;36:*.flac=00;36:*.m4a=00;36:*.mid=00;36:*.midi=00;36:*.mka=00;36:*.mp3=00;36:*.mpc=00;36:*.ogg=00;36:*.ra=00;36:*.wav=00;36:*.oga=00;36:*.opus=00;36:*.spx=00;36:*.xspf=00;36:'), ('VSCODE_GIT_IPC_HANDLE', '/tmp/vscode-git-09c052f1c4.sock'), ('TERM_PROGRAM', 'vscode'), ('SSH_AUTH_SOCK', '/tmp/vscode-ssh-auth-be85f09e-c009-429d-9537-292811278ff2.sock'), ('ROS_DOMAIN_ID', '42'), ('AMENT_PREFIX_PATH', '/home/yadhu/ur3e/install/ur_moveit_config:/home/yadhu/ur3e/install/pyfile:/home/yadhu/ur3e/install/cppfile:/home/yadhu/ur3e/install/ur_gripper_gazebo:/home/yadhu/ur3e/install/ur_description:/home/yadhu/ur3e/install/robotiq_description:/opt/ros/humble'), ('SHELL', '/bin/bash'), ('ROS_AUTOMATIC_DISCOVERY_RANGE', 'LOCALHOST'), ('VSCODE_GIT_ASKPASS_EXTRA_ARGS', ''), ('PWD', '/home/yadhu/ur3e/build/ur_gripper_gazebo'), ('LC_ALL', 'C.UTF-8'), ('PYTHONPATH', '/home/yadhu/ur3e/install/ur_moveit_config/local/lib/python3.10/dist-packages:/home/yadhu/ur3e/install/pyfile/lib/python3.10/site-packages:/opt/ros/humble/lib/python3.10/site-packages:/opt/ros/humble/local/lib/python3.10/dist-packages'), ('COLCON', '1'), ('CMAKE_PREFIX_PATH', '/home/yadhu/ur3e/install/ur_description:/home/yadhu/ur3e/install/ur_moveit_config:/home/yadhu/ur3e/install/cppfile:/home/yadhu/ur3e/install/ur_gripper_gazebo:/home/yadhu/ur3e/install/robotiq_description:/home/yadhu/ur3e/install/pyfile:/opt/ros/humble')]), 'shell': False}
[0.192996] (ur_gripper_gazebo) CommandEnded: {'returncode': 0}
[0.200076] (-) TimerEvent: {}
[0.214726] (ur_gripper_gazebo) JobProgress: {'identifier': 'ur_gripper_gazebo', 'progress': 'install'}
[0.214987] (ur_gripper_gazebo) Command: {'cmd': ['/usr/bin/cmake', '--install', '/home/yadhu/ur3e/build/ur_gripper_gazebo'], 'cwd': '/home/yadhu/ur3e/build/ur_gripper_gazebo', 'env': OrderedDict([('HOSTNAME', 'yadhuk'), ('GIT_ASKPASS', '/vscode/vscode-server/bin/linux-x64/138f619c86f1199955d53b4166bef66ef252935c/extensions/git/dist/askpass.sh'), ('SHLVL', '2'), ('LD_LIBRARY_PATH', '/usr/lib/x86_64-linux-gnu/gazebo-11/plugins:/opt/ros/humble/opt/rviz_ogre_vendor/lib:/opt/ros/humble/lib/x86_64-linux-gnu:/opt/ros/humble/lib'), ('BROWSER', '/vscode/vscode-server/bin/linux-x64/138f619c86f1199955d53b4166bef66ef252935c/bin/helpers/browser.sh'), ('HOME', '/home/yadhu'), ('TERM_PROGRAM_VERSION', '1.96.0'), ('VSCODE_IPC_HOOK_CLI', '/tmp/vscode-ipc-171a4022-fd1d-4aac-a031-e9fb1361d7a9.sock'), ('ROS_PYTHON_VERSION', '3'), ('VSCODE_GIT_ASKPASS_MAIN', '/vscode/vscode-server/bin/linux-x64/138f619c86f1199955d53b4166bef66ef252935c/extensions/git/dist/askpass-main.js'), ('VSCODE_GIT_ASKPASS_NODE', '/vscode/vscode-server/bin/linux-x64/138f619c86f1199955d53b4166bef66ef252935c/node'), ('COLORTERM', 'truecolor'), ('REMOTE_CONTAINERS', 'true'), ('COLCON_PREFIX_PATH', '/home/yadhu/ur3e/install'), ('ROS_DISTRO', 'humble'), ('REMOTE_CONTAINERS_IPC', '/tmp/vscode-remote-containers-ipc-be85f09e-c009-429d-9537-292811278ff2.sock'), ('_', '/usr/bin/colcon'), ('ROS_VERSION', '2'), ('TERM', 'xterm-256color'), ('ROS_LOCALHOST_ONLY', '0'), ('PATH', '/vscode/vscode-server/bin/linux-x64/138f619c86f1199955d53b4166bef66ef252935c/bin/remote-cli:/opt/ros/humble/bin:/usr/local/sbin:/usr/local/bin:/usr/sbin:/usr/bin:/sbin:/bin'), ('REMOTE_CONTAINERS_SOCKETS', '["/tmp/vscode-ssh-auth-be85f09e-c009-429d-9537-292811278ff2.sock","/home/yadhu/.gnupg/S.gpg-agent"]'), ('DISPLAY', ':1'), ('LANG', 'C.UTF-8'), ('RMW_IMPLEMENTATION', 'rmw_cyclonedds_cpp'), ('LS_COLORS', 'rs=0:di=01;34:ln=01;36:mh=00:pi=40;33:so=01;35:do=01;35:bd=40;33;01:cd=40;33;01:or=40;31;01:mi=00:su=37;41:sg=30;43:ca=30;41:tw=30;42:ow=34;42:st=37;44:ex=01;32:*.tar=01;31:*.tgz=01;31:*.arc=01;31:*.arj=01;31:*.taz=01;31:*.lha=01;31:*.lz4=01;31:*.lzh=01;31:*.lzma=01;31:*.tlz=01;31:*.txz=01;31:*.tzo=01;31:*.t7z=01;31:*.zip=01;31:*.z=01;31:*.dz=01;31:*.gz=01;31:*.lrz=01;31:*.lz=01;31:*.lzo=01;31:*.xz=01;31:*.zst=01;31:*.tzst=01;31:*.bz2=01;31:*.bz=01;31:*.tbz=01;31:*.tbz2=01;31:*.tz=01;31:*.deb=01;31:*.rpm=01;31:*.jar=01;31:*.war=01;31:*.ear=01;31:*.sar=01;31:*.rar=01;31:*.alz=01;31:*.ace=01;31:*.zoo=01;31:*.cpio=01;31:*.7z=01;31:*.rz=01;31:*.cab=01;31:*.wim=01;31:*.swm=01;31:*.dwm=01;31:*.esd=01;31:*.jpg=01;35:*.jpeg=01;35:*.mjpg=01;35:*.mjpeg=01;35:*.gif=01;35:*.bmp=01;35:*.pbm=01;35:*.pgm=01;35:*.ppm=01;35:*.tga=01;35:*.xbm=01;35:*.xpm=01;35:*.tif=01;35:*.tiff=01;35:*.png=01;35:*.svg=01;35:*.svgz=01;35:*.mng=01;35:*.pcx=01;35:*.mov=01;35:*.mpg=01;35:*.mpeg=01;35:*.m2v=01;35:*.mkv=01;35:*.webm=01;35:*.webp=01;35:*.ogm=01;35:*.mp4=01;35:*.m4v=01;35:*.mp4v=01;35:*.vob=01;35:*.qt=01;35:*.nuv=01;35:*.wmv=01;35:*.asf=01;35:*.rm=01;35:*.rmvb=01;35:*.flc=01;35:*.avi=01;35:*.fli=01;35:*.flv=01;35:*.gl=01;35:*.dl=01;35:*.xcf=01;35:*.xwd=01;35:*.yuv=01;35:*.cgm=01;35:*.emf=01;35:*.ogv=01;35:*.ogx=01;35:*.aac=00;36:*.au=00;36:*.flac=00;36:*.m4a=00;36:*.mid=00;36:*.midi=00;36:*.mka=00;36:*.mp3=00;36:*.mpc=00;36:*.ogg=00;36:*.ra=00;36:*.wav=00;36:*.oga=00;36:*.opus=00;36:*.spx=00;36:*.xspf=00;36:'), ('VSCODE_GIT_IPC_HANDLE', '/tmp/vscode-git-09c052f1c4.sock'), ('TERM_PROGRAM', 'vscode'), ('SSH_AUTH_SOCK', '/tmp/vscode-ssh-auth-be85f09e-c009-429d-9537-292811278ff2.sock'), ('ROS_DOMAIN_ID', '42'), ('AMENT_PREFIX_PATH', '/home/yadhu/ur3e/install/ur_moveit_config:/home/yadhu/ur3e/install/pyfile:/home/yadhu/ur3e/install/cppfile:/home/yadhu/ur3e/install/ur_gripper_gazebo:/home/yadhu/ur3e/install/ur_description:/home/yadhu/ur3e/install/robotiq_description:/opt/ros/humble'), ('SHELL', '/bin/bash'), ('ROS_AUTOMATIC_DISCOVERY_RANGE', 'LOCALHOST'), ('VSCODE_GIT_ASKPASS_EXTRA_ARGS', ''), ('PWD', '/home/yadhu/ur3e/build/ur_gripper_gazebo'), ('LC_ALL', 'C.UTF-8'), ('PYTHONPATH', '/home/yadhu/ur3e/install/ur_moveit_config/local/lib/python3.10/dist-packages:/home/yadhu/ur3e/install/pyfile/lib/python3.10/site-packages:/opt/ros/humble/lib/python3.10/site-packages:/opt/ros/humble/local/lib/python3.10/dist-packages'), ('COLCON', '1'), ('CMAKE_PREFIX_PATH', '/home/yadhu/ur3e/install/ur_description:/home/yadhu/ur3e/install/ur_moveit_config:/home/yadhu/ur3e/install/cppfile:/home/yadhu/ur3e/install/ur_gripper_gazebo:/home/yadhu/ur3e/install/robotiq_description:/home/yadhu/ur3e/install/pyfile:/opt/ros/humble')]), 'shell': False}
[0.221865] (ur_gripper_gazebo) StdoutLine: {'line': b'-- Install configuration: ""\n'}
[0.222111] (ur_gripper_gazebo) StdoutLine: {'line': b'-- Up-to-date: /home/yadhu/ur3e/install/ur_gripper_gazebo/share/ur_gripper_gazebo/config\n'}
[0.222210] (ur_gripper_gazebo) StdoutLine: {'line': b'-- Installing: /home/yadhu/ur3e/install/ur_gripper_gazebo/share/ur_gripper_gazebo/config/ur3e\n'}
[0.222289] (ur_gripper_gazebo) StdoutLine: {'line': b'-- Installing: /home/yadhu/ur3e/install/ur_gripper_gazebo/share/ur_gripper_gazebo/config/ur3e/joint_limits.yaml\n'}
[0.222390] (ur_gripper_gazebo) StdoutLine: {'line': b'-- Installing: /home/yadhu/ur3e/install/ur_gripper_gazebo/share/ur_gripper_gazebo/config/ur3e/visual_parameters.yaml\n'}
[0.222484] (ur_gripper_gazebo) StdoutLine: {'line': b'-- Installing: /home/yadhu/ur3e/install/ur_gripper_gazebo/share/ur_gripper_gazebo/config/ur3e/physical_parameters.yaml\n'}
[0.222556] (ur_gripper_gazebo) StdoutLine: {'line': b'-- Installing: /home/yadhu/ur3e/install/ur_gripper_gazebo/share/ur_gripper_gazebo/config/ur3e/default_kinematics.yaml\n'}
[0.222673] (ur_gripper_gazebo) StdoutLine: {'line': b'-- Up-to-date: /home/yadhu/ur3e/install/ur_gripper_gazebo/share/ur_gripper_gazebo/config/ros2control_controllers.yaml\n'}
[0.222751] (ur_gripper_gazebo) StdoutLine: {'line': b'-- Up-to-date: /home/yadhu/ur3e/install/ur_gripper_gazebo/share/ur_gripper_gazebo/launch\n'}
[0.222824] (ur_gripper_gazebo) StdoutLine: {'line': b'-- Up-to-date: /home/yadhu/ur3e/install/ur_gripper_gazebo/share/ur_gripper_gazebo/launch/gazebo.launch.py\n'}
[0.222897] (ur_gripper_gazebo) StdoutLine: {'line': b'-- Up-to-date: /home/yadhu/ur3e/install/ur_gripper_gazebo/share/ur_gripper_gazebo/launch/rviz.launch.py\n'}
[0.222974] (ur_gripper_gazebo) StdoutLine: {'line': b'-- Up-to-date: /home/yadhu/ur3e/install/ur_gripper_gazebo/share/ur_gripper_gazebo/urdf\n'}
[0.223096] (ur_gripper_gazebo) StdoutLine: {'line': b'-- Up-to-date: /home/yadhu/ur3e/install/ur_gripper_gazebo/share/ur_gripper_gazebo/urdf/ur_gripper.xacro\n'}
[0.223175] (ur_gripper_gazebo) StdoutLine: {'line': b'-- Up-to-date: /home/yadhu/ur3e/install/ur_gripper_gazebo/share/ament_index/resource_index/package_run_dependencies/ur_gripper_gazebo\n'}
[0.223273] (ur_gripper_gazebo) StdoutLine: {'line': b'-- Up-to-date: /home/yadhu/ur3e/install/ur_gripper_gazebo/share/ament_index/resource_index/parent_prefix_path/ur_gripper_gazebo\n'}
[0.223365] (ur_gripper_gazebo) StdoutLine: {'line': b'-- Up-to-date: /home/yadhu/ur3e/install/ur_gripper_gazebo/share/ur_gripper_gazebo/environment/ament_prefix_path.sh\n'}
[0.223630] (ur_gripper_gazebo) StdoutLine: {'line': b'-- Up-to-date: /home/yadhu/ur3e/install/ur_gripper_gazebo/share/ur_gripper_gazebo/environment/ament_prefix_path.dsv\n'}
[0.223762] (ur_gripper_gazebo) StdoutLine: {'line': b'-- Up-to-date: /home/yadhu/ur3e/install/ur_gripper_gazebo/share/ur_gripper_gazebo/environment/path.sh\n'}
[0.223871] (ur_gripper_gazebo) StdoutLine: {'line': b'-- Up-to-date: /home/yadhu/ur3e/install/ur_gripper_gazebo/share/ur_gripper_gazebo/environment/path.dsv\n'}
[0.223973] (ur_gripper_gazebo) StdoutLine: {'line': b'-- Up-to-date: /home/yadhu/ur3e/install/ur_gripper_gazebo/share/ur_gripper_gazebo/local_setup.bash\n'}
[0.224064] (ur_gripper_gazebo) StdoutLine: {'line': b'-- Up-to-date: /home/yadhu/ur3e/install/ur_gripper_gazebo/share/ur_gripper_gazebo/local_setup.sh\n'}
[0.224156] (ur_gripper_gazebo) StdoutLine: {'line': b'-- Up-to-date: /home/yadhu/ur3e/install/ur_gripper_gazebo/share/ur_gripper_gazebo/local_setup.zsh\n'}
[0.224244] (ur_gripper_gazebo) StdoutLine: {'line': b'-- Up-to-date: /home/yadhu/ur3e/install/ur_gripper_gazebo/share/ur_gripper_gazebo/local_setup.dsv\n'}
[0.224344] (ur_gripper_gazebo) StdoutLine: {'line': b'-- Installing: /home/yadhu/ur3e/install/ur_gripper_gazebo/share/ur_gripper_gazebo/package.dsv\n'}
[0.224453] (ur_gripper_gazebo) StdoutLine: {'line': b'-- Up-to-date: /home/yadhu/ur3e/install/ur_gripper_gazebo/share/ament_index/resource_index/packages/ur_gripper_gazebo\n'}
[0.224550] (ur_gripper_gazebo) StdoutLine: {'line': b'-- Up-to-date: /home/yadhu/ur3e/install/ur_gripper_gazebo/share/ur_gripper_gazebo/cmake/ur_gripper_gazeboConfig.cmake\n'}
[0.224650] (ur_gripper_gazebo) StdoutLine: {'line': b'-- Up-to-date: /home/yadhu/ur3e/install/ur_gripper_gazebo/share/ur_gripper_gazebo/cmake/ur_gripper_gazeboConfig-version.cmake\n'}
[0.224749] (ur_gripper_gazebo) StdoutLine: {'line': b'-- Up-to-date: /home/yadhu/ur3e/install/ur_gripper_gazebo/share/ur_gripper_gazebo/package.xml\n'}
[0.225538] (ur_gripper_gazebo) CommandEnded: {'returncode': 0}
[0.255611] (ur_gripper_gazebo) JobEnded: {'identifier': 'ur_gripper_gazebo', 'rc': 0}
[0.256809] (cppfile) JobStarted: {'identifier': 'cppfile'}
[0.259995] (pyfile) JobStarted: {'identifier': 'pyfile'}
[0.274897] (ur_moveit_config) JobStarted: {'identifier': 'ur_moveit_config'}
[0.281014] (cppfile) JobProgress: {'identifier': 'cppfile', 'progress': 'cmake'}
[0.281555] (cppfile) JobProgress: {'identifier': 'cppfile', 'progress': 'build'}
[0.281802] (cppfile) Command: {'cmd': ['/usr/bin/cmake', '--build', '/home/yadhu/ur3e/build/cppfile', '--', '-j16', '-l16'], 'cwd': '/home/yadhu/ur3e/build/cppfile', 'env': OrderedDict([('HOSTNAME', 'yadhuk'), ('GIT_ASKPASS', '/vscode/vscode-server/bin/linux-x64/138f619c86f1199955d53b4166bef66ef252935c/extensions/git/dist/askpass.sh'), ('SHLVL', '2'), ('LD_LIBRARY_PATH', '/usr/lib/x86_64-linux-gnu/gazebo-11/plugins:/opt/ros/humble/opt/rviz_ogre_vendor/lib:/opt/ros/humble/lib/x86_64-linux-gnu:/opt/ros/humble/lib'), ('BROWSER', '/vscode/vscode-server/bin/linux-x64/138f619c86f1199955d53b4166bef66ef252935c/bin/helpers/browser.sh'), ('HOME', '/home/yadhu'), ('TERM_PROGRAM_VERSION', '1.96.0'), ('VSCODE_IPC_HOOK_CLI', '/tmp/vscode-ipc-171a4022-fd1d-4aac-a031-e9fb1361d7a9.sock'), ('ROS_PYTHON_VERSION', '3'), ('VSCODE_GIT_ASKPASS_MAIN', '/vscode/vscode-server/bin/linux-x64/138f619c86f1199955d53b4166bef66ef252935c/extensions/git/dist/askpass-main.js'), ('VSCODE_GIT_ASKPASS_NODE', '/vscode/vscode-server/bin/linux-x64/138f619c86f1199955d53b4166bef66ef252935c/node'), ('COLORTERM', 'truecolor'), ('REMOTE_CONTAINERS', 'true'), ('COLCON_PREFIX_PATH', '/home/yadhu/ur3e/install'), ('ROS_DISTRO', 'humble'), ('REMOTE_CONTAINERS_IPC', '/tmp/vscode-remote-containers-ipc-be85f09e-c009-429d-9537-292811278ff2.sock'), ('_', '/usr/bin/colcon'), ('ROS_VERSION', '2'), ('TERM', 'xterm-256color'), ('ROS_LOCALHOST_ONLY', '0'), ('PATH', '/vscode/vscode-server/bin/linux-x64/138f619c86f1199955d53b4166bef66ef252935c/bin/remote-cli:/opt/ros/humble/bin:/usr/local/sbin:/usr/local/bin:/usr/sbin:/usr/bin:/sbin:/bin'), ('REMOTE_CONTAINERS_SOCKETS', '["/tmp/vscode-ssh-auth-be85f09e-c009-429d-9537-292811278ff2.sock","/home/yadhu/.gnupg/S.gpg-agent"]'), ('DISPLAY', ':1'), ('LANG', 'C.UTF-8'), ('RMW_IMPLEMENTATION', 'rmw_cyclonedds_cpp'), ('LS_COLORS', 'rs=0:di=01;34:ln=01;36:mh=00:pi=40;33:so=01;35:do=01;35:bd=40;33;01:cd=40;33;01:or=40;31;01:mi=00:su=37;41:sg=30;43:ca=30;41:tw=30;42:ow=34;42:st=37;44:ex=01;32:*.tar=01;31:*.tgz=01;31:*.arc=01;31:*.arj=01;31:*.taz=01;31:*.lha=01;31:*.lz4=01;31:*.lzh=01;31:*.lzma=01;31:*.tlz=01;31:*.txz=01;31:*.tzo=01;31:*.t7z=01;31:*.zip=01;31:*.z=01;31:*.dz=01;31:*.gz=01;31:*.lrz=01;31:*.lz=01;31:*.lzo=01;31:*.xz=01;31:*.zst=01;31:*.tzst=01;31:*.bz2=01;31:*.bz=01;31:*.tbz=01;31:*.tbz2=01;31:*.tz=01;31:*.deb=01;31:*.rpm=01;31:*.jar=01;31:*.war=01;31:*.ear=01;31:*.sar=01;31:*.rar=01;31:*.alz=01;31:*.ace=01;31:*.zoo=01;31:*.cpio=01;31:*.7z=01;31:*.rz=01;31:*.cab=01;31:*.wim=01;31:*.swm=01;31:*.dwm=01;31:*.esd=01;31:*.jpg=01;35:*.jpeg=01;35:*.mjpg=01;35:*.mjpeg=01;35:*.gif=01;35:*.bmp=01;35:*.pbm=01;35:*.pgm=01;35:*.ppm=01;35:*.tga=01;35:*.xbm=01;35:*.xpm=01;35:*.tif=01;35:*.tiff=01;35:*.png=01;35:*.svg=01;35:*.svgz=01;35:*.mng=01;35:*.pcx=01;35:*.mov=01;35:*.mpg=01;35:*.mpeg=01;35:*.m2v=01;35:*.mkv=01;35:*.webm=01;35:*.webp=01;35:*.ogm=01;35:*.mp4=01;35:*.m4v=01;35:*.mp4v=01;35:*.vob=01;35:*.qt=01;35:*.nuv=01;35:*.wmv=01;35:*.asf=01;35:*.rm=01;35:*.rmvb=01;35:*.flc=01;35:*.avi=01;35:*.fli=01;35:*.flv=01;35:*.gl=01;35:*.dl=01;35:*.xcf=01;35:*.xwd=01;35:*.yuv=01;35:*.cgm=01;35:*.emf=01;35:*.ogv=01;35:*.ogx=01;35:*.aac=00;36:*.au=00;36:*.flac=00;36:*.m4a=00;36:*.mid=00;36:*.midi=00;36:*.mka=00;36:*.mp3=00;36:*.mpc=00;36:*.ogg=00;36:*.ra=00;36:*.wav=00;36:*.oga=00;36:*.opus=00;36:*.spx=00;36:*.xspf=00;36:'), ('VSCODE_GIT_IPC_HANDLE', '/tmp/vscode-git-09c052f1c4.sock'), ('TERM_PROGRAM', 'vscode'), ('SSH_AUTH_SOCK', '/tmp/vscode-ssh-auth-be85f09e-c009-429d-9537-292811278ff2.sock'), ('ROS_DOMAIN_ID', '42'), ('AMENT_PREFIX_PATH', '/home/yadhu/ur3e/install/ur_moveit_config:/home/yadhu/ur3e/install/pyfile:/home/yadhu/ur3e/install/cppfile:/home/yadhu/ur3e/install/ur_gripper_gazebo:/home/yadhu/ur3e/install/ur_description:/home/yadhu/ur3e/install/robotiq_description:/opt/ros/humble'), ('SHELL', '/bin/bash'), ('ROS_AUTOMATIC_DISCOVERY_RANGE', 'LOCALHOST'), ('VSCODE_GIT_ASKPASS_EXTRA_ARGS', ''), ('PWD', '/home/yadhu/ur3e/build/cppfile'), ('LC_ALL', 'C.UTF-8'), ('PYTHONPATH', '/home/yadhu/ur3e/install/ur_moveit_config/local/lib/python3.10/dist-packages:/home/yadhu/ur3e/install/pyfile/lib/python3.10/site-packages:/opt/ros/humble/lib/python3.10/site-packages:/opt/ros/humble/local/lib/python3.10/dist-packages'), ('COLCON', '1'), ('CMAKE_PREFIX_PATH', '/home/yadhu/ur3e/install/ur_gripper_gazebo:/home/yadhu/ur3e/install/ur_description:/home/yadhu/ur3e/install/ur_moveit_config:/home/yadhu/ur3e/install/cppfile:/home/yadhu/ur3e/install/robotiq_description:/home/yadhu/ur3e/install/pyfile:/opt/ros/humble')]), 'shell': False}
[0.300220] (-) TimerEvent: {}
[0.400671] (-) TimerEvent: {}
[0.475906] (cppfile) StdoutLine: {'line': b'[100%] Built target simple_moveit_interface\n'}
[0.476341] (ur_moveit_config) JobProgress: {'identifier': 'ur_moveit_config', 'progress': 'cmake'}
[0.476764] (ur_moveit_config) JobProgress: {'identifier': 'ur_moveit_config', 'progress': 'build'}
[0.477071] (ur_moveit_config) Command: {'cmd': ['/usr/bin/cmake', '--build', '/home/yadhu/ur3e/build/ur_moveit_config', '--', '-j16', '-l16'], 'cwd': '/home/yadhu/ur3e/build/ur_moveit_config', 'env': OrderedDict([('HOSTNAME', 'yadhuk'), ('GIT_ASKPASS', '/vscode/vscode-server/bin/linux-x64/138f619c86f1199955d53b4166bef66ef252935c/extensions/git/dist/askpass.sh'), ('SHLVL', '2'), ('LD_LIBRARY_PATH', '/usr/lib/x86_64-linux-gnu/gazebo-11/plugins:/opt/ros/humble/opt/rviz_ogre_vendor/lib:/opt/ros/humble/lib/x86_64-linux-gnu:/opt/ros/humble/lib'), ('BROWSER', '/vscode/vscode-server/bin/linux-x64/138f619c86f1199955d53b4166bef66ef252935c/bin/helpers/browser.sh'), ('HOME', '/home/yadhu'), ('TERM_PROGRAM_VERSION', '1.96.0'), ('VSCODE_IPC_HOOK_CLI', '/tmp/vscode-ipc-171a4022-fd1d-4aac-a031-e9fb1361d7a9.sock'), ('ROS_PYTHON_VERSION', '3'), ('VSCODE_GIT_ASKPASS_MAIN', '/vscode/vscode-server/bin/linux-x64/138f619c86f1199955d53b4166bef66ef252935c/extensions/git/dist/askpass-main.js'), ('VSCODE_GIT_ASKPASS_NODE', '/vscode/vscode-server/bin/linux-x64/138f619c86f1199955d53b4166bef66ef252935c/node'), ('COLORTERM', 'truecolor'), ('REMOTE_CONTAINERS', 'true'), ('COLCON_PREFIX_PATH', '/home/yadhu/ur3e/install'), ('ROS_DISTRO', 'humble'), ('REMOTE_CONTAINERS_IPC', '/tmp/vscode-remote-containers-ipc-be85f09e-c009-429d-9537-292811278ff2.sock'), ('_', '/usr/bin/colcon'), ('ROS_VERSION', '2'), ('TERM', 'xterm-256color'), ('ROS_LOCALHOST_ONLY', '0'), ('PATH', '/vscode/vscode-server/bin/linux-x64/138f619c86f1199955d53b4166bef66ef252935c/bin/remote-cli:/opt/ros/humble/bin:/usr/local/sbin:/usr/local/bin:/usr/sbin:/usr/bin:/sbin:/bin'), ('REMOTE_CONTAINERS_SOCKETS', '["/tmp/vscode-ssh-auth-be85f09e-c009-429d-9537-292811278ff2.sock","/home/yadhu/.gnupg/S.gpg-agent"]'), ('DISPLAY', ':1'), ('LANG', 'C.UTF-8'), ('RMW_IMPLEMENTATION', 'rmw_cyclonedds_cpp'), ('LS_COLORS', 'rs=0:di=01;34:ln=01;36:mh=00:pi=40;33:so=01;35:do=01;35:bd=40;33;01:cd=40;33;01:or=40;31;01:mi=00:su=37;41:sg=30;43:ca=30;41:tw=30;42:ow=34;42:st=37;44:ex=01;32:*.tar=01;31:*.tgz=01;31:*.arc=01;31:*.arj=01;31:*.taz=01;31:*.lha=01;31:*.lz4=01;31:*.lzh=01;31:*.lzma=01;31:*.tlz=01;31:*.txz=01;31:*.tzo=01;31:*.t7z=01;31:*.zip=01;31:*.z=01;31:*.dz=01;31:*.gz=01;31:*.lrz=01;31:*.lz=01;31:*.lzo=01;31:*.xz=01;31:*.zst=01;31:*.tzst=01;31:*.bz2=01;31:*.bz=01;31:*.tbz=01;31:*.tbz2=01;31:*.tz=01;31:*.deb=01;31:*.rpm=01;31:*.jar=01;31:*.war=01;31:*.ear=01;31:*.sar=01;31:*.rar=01;31:*.alz=01;31:*.ace=01;31:*.zoo=01;31:*.cpio=01;31:*.7z=01;31:*.rz=01;31:*.cab=01;31:*.wim=01;31:*.swm=01;31:*.dwm=01;31:*.esd=01;31:*.jpg=01;35:*.jpeg=01;35:*.mjpg=01;35:*.mjpeg=01;35:*.gif=01;35:*.bmp=01;35:*.pbm=01;35:*.pgm=01;35:*.ppm=01;35:*.tga=01;35:*.xbm=01;35:*.xpm=01;35:*.tif=01;35:*.tiff=01;35:*.png=01;35:*.svg=01;35:*.svgz=01;35:*.mng=01;35:*.pcx=01;35:*.mov=01;35:*.mpg=01;35:*.mpeg=01;35:*.m2v=01;35:*.mkv=01;35:*.webm=01;35:*.webp=01;35:*.ogm=01;35:*.mp4=01;35:*.m4v=01;35:*.mp4v=01;35:*.vob=01;35:*.qt=01;35:*.nuv=01;35:*.wmv=01;35:*.asf=01;35:*.rm=01;35:*.rmvb=01;35:*.flc=01;35:*.avi=01;35:*.fli=01;35:*.flv=01;35:*.gl=01;35:*.dl=01;35:*.xcf=01;35:*.xwd=01;35:*.yuv=01;35:*.cgm=01;35:*.emf=01;35:*.ogv=01;35:*.ogx=01;35:*.aac=00;36:*.au=00;36:*.flac=00;36:*.m4a=00;36:*.mid=00;36:*.midi=00;36:*.mka=00;36:*.mp3=00;36:*.mpc=00;36:*.ogg=00;36:*.ra=00;36:*.wav=00;36:*.oga=00;36:*.opus=00;36:*.spx=00;36:*.xspf=00;36:'), ('VSCODE_GIT_IPC_HANDLE', '/tmp/vscode-git-09c052f1c4.sock'), ('TERM_PROGRAM', 'vscode'), ('SSH_AUTH_SOCK', '/tmp/vscode-ssh-auth-be85f09e-c009-429d-9537-292811278ff2.sock'), ('ROS_DOMAIN_ID', '42'), ('AMENT_PREFIX_PATH', '/home/yadhu/ur3e/install/ur_moveit_config:/home/yadhu/ur3e/install/pyfile:/home/yadhu/ur3e/install/cppfile:/home/yadhu/ur3e/install/ur_gripper_gazebo:/home/yadhu/ur3e/install/ur_description:/home/yadhu/ur3e/install/robotiq_description:/opt/ros/humble'), ('SHELL', '/bin/bash'), ('ROS_AUTOMATIC_DISCOVERY_RANGE', 'LOCALHOST'), ('VSCODE_GIT_ASKPASS_EXTRA_ARGS', ''), ('PWD', '/home/yadhu/ur3e/build/ur_moveit_config'), ('LC_ALL', 'C.UTF-8'), ('PYTHONPATH', '/home/yadhu/ur3e/install/ur_moveit_config/local/lib/python3.10/dist-packages:/home/yadhu/ur3e/install/pyfile/lib/python3.10/site-packages:/opt/ros/humble/lib/python3.10/site-packages:/opt/ros/humble/local/lib/python3.10/dist-packages'), ('COLCON', '1'), ('CMAKE_PREFIX_PATH', '/home/yadhu/ur3e/install/ur_gripper_gazebo:/home/yadhu/ur3e/install/ur_description:/home/yadhu/ur3e/install/robotiq_description:/home/yadhu/ur3e/install/ur_moveit_config:/home/yadhu/ur3e/install/cppfile:/home/yadhu/ur3e/install/pyfile:/opt/ros/humble')]), 'shell': False}
[0.479974] (cppfile) CommandEnded: {'returncode': 0}
[0.500766] (-) TimerEvent: {}
[0.508814] (cppfile) JobProgress: {'identifier': 'cppfile', 'progress': 'install'}
[0.509237] (cppfile) Command: {'cmd': ['/usr/bin/cmake', '--install', '/home/yadhu/ur3e/build/cppfile'], 'cwd': '/home/yadhu/ur3e/build/cppfile', 'env': OrderedDict([('HOSTNAME', 'yadhuk'), ('GIT_ASKPASS', '/vscode/vscode-server/bin/linux-x64/138f619c86f1199955d53b4166bef66ef252935c/extensions/git/dist/askpass.sh'), ('SHLVL', '2'), ('LD_LIBRARY_PATH', '/usr/lib/x86_64-linux-gnu/gazebo-11/plugins:/opt/ros/humble/opt/rviz_ogre_vendor/lib:/opt/ros/humble/lib/x86_64-linux-gnu:/opt/ros/humble/lib'), ('BROWSER', '/vscode/vscode-server/bin/linux-x64/138f619c86f1199955d53b4166bef66ef252935c/bin/helpers/browser.sh'), ('HOME', '/home/yadhu'), ('TERM_PROGRAM_VERSION', '1.96.0'), ('VSCODE_IPC_HOOK_CLI', '/tmp/vscode-ipc-171a4022-fd1d-4aac-a031-e9fb1361d7a9.sock'), ('ROS_PYTHON_VERSION', '3'), ('VSCODE_GIT_ASKPASS_MAIN', '/vscode/vscode-server/bin/linux-x64/138f619c86f1199955d53b4166bef66ef252935c/extensions/git/dist/askpass-main.js'), ('VSCODE_GIT_ASKPASS_NODE', '/vscode/vscode-server/bin/linux-x64/138f619c86f1199955d53b4166bef66ef252935c/node'), ('COLORTERM', 'truecolor'), ('REMOTE_CONTAINERS', 'true'), ('COLCON_PREFIX_PATH', '/home/yadhu/ur3e/install'), ('ROS_DISTRO', 'humble'), ('REMOTE_CONTAINERS_IPC', '/tmp/vscode-remote-containers-ipc-be85f09e-c009-429d-9537-292811278ff2.sock'), ('_', '/usr/bin/colcon'), ('ROS_VERSION', '2'), ('TERM', 'xterm-256color'), ('ROS_LOCALHOST_ONLY', '0'), ('PATH', '/vscode/vscode-server/bin/linux-x64/138f619c86f1199955d53b4166bef66ef252935c/bin/remote-cli:/opt/ros/humble/bin:/usr/local/sbin:/usr/local/bin:/usr/sbin:/usr/bin:/sbin:/bin'), ('REMOTE_CONTAINERS_SOCKETS', '["/tmp/vscode-ssh-auth-be85f09e-c009-429d-9537-292811278ff2.sock","/home/yadhu/.gnupg/S.gpg-agent"]'), ('DISPLAY', ':1'), ('LANG', 'C.UTF-8'), ('RMW_IMPLEMENTATION', 'rmw_cyclonedds_cpp'), ('LS_COLORS', 'rs=0:di=01;34:ln=01;36:mh=00:pi=40;33:so=01;35:do=01;35:bd=40;33;01:cd=40;33;01:or=40;31;01:mi=00:su=37;41:sg=30;43:ca=30;41:tw=30;42:ow=34;42:st=37;44:ex=01;32:*.tar=01;31:*.tgz=01;31:*.arc=01;31:*.arj=01;31:*.taz=01;31:*.lha=01;31:*.lz4=01;31:*.lzh=01;31:*.lzma=01;31:*.tlz=01;31:*.txz=01;31:*.tzo=01;31:*.t7z=01;31:*.zip=01;31:*.z=01;31:*.dz=01;31:*.gz=01;31:*.lrz=01;31:*.lz=01;31:*.lzo=01;31:*.xz=01;31:*.zst=01;31:*.tzst=01;31:*.bz2=01;31:*.bz=01;31:*.tbz=01;31:*.tbz2=01;31:*.tz=01;31:*.deb=01;31:*.rpm=01;31:*.jar=01;31:*.war=01;31:*.ear=01;31:*.sar=01;31:*.rar=01;31:*.alz=01;31:*.ace=01;31:*.zoo=01;31:*.cpio=01;31:*.7z=01;31:*.rz=01;31:*.cab=01;31:*.wim=01;31:*.swm=01;31:*.dwm=01;31:*.esd=01;31:*.jpg=01;35:*.jpeg=01;35:*.mjpg=01;35:*.mjpeg=01;35:*.gif=01;35:*.bmp=01;35:*.pbm=01;35:*.pgm=01;35:*.ppm=01;35:*.tga=01;35:*.xbm=01;35:*.xpm=01;35:*.tif=01;35:*.tiff=01;35:*.png=01;35:*.svg=01;35:*.svgz=01;35:*.mng=01;35:*.pcx=01;35:*.mov=01;35:*.mpg=01;35:*.mpeg=01;35:*.m2v=01;35:*.mkv=01;35:*.webm=01;35:*.webp=01;35:*.ogm=01;35:*.mp4=01;35:*.m4v=01;35:*.mp4v=01;35:*.vob=01;35:*.qt=01;35:*.nuv=01;35:*.wmv=01;35:*.asf=01;35:*.rm=01;35:*.rmvb=01;35:*.flc=01;35:*.avi=01;35:*.fli=01;35:*.flv=01;35:*.gl=01;35:*.dl=01;35:*.xcf=01;35:*.xwd=01;35:*.yuv=01;35:*.cgm=01;35:*.emf=01;35:*.ogv=01;35:*.ogx=01;35:*.aac=00;36:*.au=00;36:*.flac=00;36:*.m4a=00;36:*.mid=00;36:*.midi=00;36:*.mka=00;36:*.mp3=00;36:*.mpc=00;36:*.ogg=00;36:*.ra=00;36:*.wav=00;36:*.oga=00;36:*.opus=00;36:*.spx=00;36:*.xspf=00;36:'), ('VSCODE_GIT_IPC_HANDLE', '/tmp/vscode-git-09c052f1c4.sock'), ('TERM_PROGRAM', 'vscode'), ('SSH_AUTH_SOCK', '/tmp/vscode-ssh-auth-be85f09e-c009-429d-9537-292811278ff2.sock'), ('ROS_DOMAIN_ID', '42'), ('AMENT_PREFIX_PATH', '/home/yadhu/ur3e/install/ur_moveit_config:/home/yadhu/ur3e/install/pyfile:/home/yadhu/ur3e/install/cppfile:/home/yadhu/ur3e/install/ur_gripper_gazebo:/home/yadhu/ur3e/install/ur_description:/home/yadhu/ur3e/install/robotiq_description:/opt/ros/humble'), ('SHELL', '/bin/bash'), ('ROS_AUTOMATIC_DISCOVERY_RANGE', 'LOCALHOST'), ('VSCODE_GIT_ASKPASS_EXTRA_ARGS', ''), ('PWD', '/home/yadhu/ur3e/build/cppfile'), ('LC_ALL', 'C.UTF-8'), ('PYTHONPATH', '/home/yadhu/ur3e/install/ur_moveit_config/local/lib/python3.10/dist-packages:/home/yadhu/ur3e/install/pyfile/lib/python3.10/site-packages:/opt/ros/humble/lib/python3.10/site-packages:/opt/ros/humble/local/lib/python3.10/dist-packages'), ('COLCON', '1'), ('CMAKE_PREFIX_PATH', '/home/yadhu/ur3e/install/ur_gripper_gazebo:/home/yadhu/ur3e/install/ur_description:/home/yadhu/ur3e/install/ur_moveit_config:/home/yadhu/ur3e/install/cppfile:/home/yadhu/ur3e/install/robotiq_description:/home/yadhu/ur3e/install/pyfile:/opt/ros/humble')]), 'shell': False}
[0.518362] (cppfile) StdoutLine: {'line': b'-- Install configuration: ""\n'}
[0.518655] (cppfile) StdoutLine: {'line': b'-- Up-to-date: /home/yadhu/ur3e/install/cppfile/lib/cppfile/simple_moveit_interface\n'}
[0.518765] (cppfile) StdoutLine: {'line': b'-- Up-to-date: /home/yadhu/ur3e/install/cppfile/share/ament_index/resource_index/package_run_dependencies/cppfile\n'}
[0.518941] (cppfile) StdoutLine: {'line': b'-- Up-to-date: /home/yadhu/ur3e/install/cppfile/share/ament_index/resource_index/parent_prefix_path/cppfile\n'}
[0.519031] (cppfile) StdoutLine: {'line': b'-- Up-to-date: /home/yadhu/ur3e/install/cppfile/share/cppfile/environment/ament_prefix_path.sh\n'}
[0.519120] (cppfile) StdoutLine: {'line': b'-- Up-to-date: /home/yadhu/ur3e/install/cppfile/share/cppfile/environment/ament_prefix_path.dsv\n'}
[0.519238] (cppfile) StdoutLine: {'line': b'-- Up-to-date: /home/yadhu/ur3e/install/cppfile/share/cppfile/environment/path.sh\n'}
[0.519321] (cppfile) StdoutLine: {'line': b'-- Up-to-date: /home/yadhu/ur3e/install/cppfile/share/cppfile/environment/path.dsv\n'}
[0.519422] (cppfile) StdoutLine: {'line': b'-- Up-to-date: /home/yadhu/ur3e/install/cppfile/share/cppfile/local_setup.bash\n'}
[0.519505] (cppfile) StdoutLine: {'line': b'-- Up-to-date: /home/yadhu/ur3e/install/cppfile/share/cppfile/local_setup.sh\n'}
[0.519586] (cppfile) StdoutLine: {'line': b'-- Up-to-date: /home/yadhu/ur3e/install/cppfile/share/cppfile/local_setup.zsh\n'}
[0.519663] (cppfile) StdoutLine: {'line': b'-- Up-to-date: /home/yadhu/ur3e/install/cppfile/share/cppfile/local_setup.dsv\n'}
[0.519744] (cppfile) StdoutLine: {'line': b'-- Installing: /home/yadhu/ur3e/install/cppfile/share/cppfile/package.dsv\n'}
[0.519823] (cppfile) StdoutLine: {'line': b'-- Up-to-date: /home/yadhu/ur3e/install/cppfile/share/ament_index/resource_index/packages/cppfile\n'}
[0.519905] (cppfile) StdoutLine: {'line': b'-- Up-to-date: /home/yadhu/ur3e/install/cppfile/share/cppfile/cmake/cppfileConfig.cmake\n'}
[0.519984] (cppfile) StdoutLine: {'line': b'-- Up-to-date: /home/yadhu/ur3e/install/cppfile/share/cppfile/cmake/cppfileConfig-version.cmake\n'}
[0.520060] (cppfile) StdoutLine: {'line': b'-- Up-to-date: /home/yadhu/ur3e/install/cppfile/share/cppfile/package.xml\n'}
[0.520699] (cppfile) CommandEnded: {'returncode': 0}
[0.539471] (ur_moveit_config) StdoutLine: {'line': b'Built target ament_cmake_python_copy_ur_moveit_config\n'}
[0.555339] (cppfile) JobEnded: {'identifier': 'cppfile', 'rc': 0}
[0.600842] (-) TimerEvent: {}
[0.701110] (-) TimerEvent: {}
[0.724000] (ur_moveit_config) StdoutLine: {'line': b'running egg_info\n'}
[0.724903] (ur_moveit_config) StdoutLine: {'line': b'writing ur_moveit_config.egg-info/PKG-INFO\n'}
[0.725011] (ur_moveit_config) StdoutLine: {'line': b'writing dependency_links to ur_moveit_config.egg-info/dependency_links.txt\n'}
[0.725105] (ur_moveit_config) StdoutLine: {'line': b'writing top-level names to ur_moveit_config.egg-info/top_level.txt\n'}
[0.726594] (ur_moveit_config) StdoutLine: {'line': b"reading manifest file 'ur_moveit_config.egg-info/SOURCES.txt'\n"}
[0.727119] (ur_moveit_config) StdoutLine: {'line': b"writing manifest file 'ur_moveit_config.egg-info/SOURCES.txt'\n"}
[0.750712] (ur_moveit_config) StdoutLine: {'line': b'Built target ament_cmake_python_build_ur_moveit_config_egg\n'}
[0.760219] (ur_moveit_config) CommandEnded: {'returncode': 0}
[0.768538] (pyfile) Command: {'cmd': ['/usr/bin/python3', '-W', 'ignore:setup.py install is deprecated', 'setup.py', 'egg_info', '--egg-base', '../../build/pyfile', 'build', '--build-base', '/home/yadhu/ur3e/build/pyfile/build', 'install', '--record', '/home/yadhu/ur3e/build/pyfile/install.log', '--single-version-externally-managed', 'install_data'], 'cwd': '/home/yadhu/ur3e/src/pyfile', 'env': {'HOSTNAME': 'yadhuk', 'GIT_ASKPASS': '/vscode/vscode-server/bin/linux-x64/138f619c86f1199955d53b4166bef66ef252935c/extensions/git/dist/askpass.sh', 'SHLVL': '2', 'LD_LIBRARY_PATH': '/usr/lib/x86_64-linux-gnu/gazebo-11/plugins:/opt/ros/humble/opt/rviz_ogre_vendor/lib:/opt/ros/humble/lib/x86_64-linux-gnu:/opt/ros/humble/lib', 'BROWSER': '/vscode/vscode-server/bin/linux-x64/138f619c86f1199955d53b4166bef66ef252935c/bin/helpers/browser.sh', 'HOME': '/home/yadhu', 'TERM_PROGRAM_VERSION': '1.96.0', 'VSCODE_IPC_HOOK_CLI': '/tmp/vscode-ipc-171a4022-fd1d-4aac-a031-e9fb1361d7a9.sock', 'ROS_PYTHON_VERSION': '3', 'VSCODE_GIT_ASKPASS_MAIN': '/vscode/vscode-server/bin/linux-x64/138f619c86f1199955d53b4166bef66ef252935c/extensions/git/dist/askpass-main.js', 'VSCODE_GIT_ASKPASS_NODE': '/vscode/vscode-server/bin/linux-x64/138f619c86f1199955d53b4166bef66ef252935c/node', 'COLORTERM': 'truecolor', 'REMOTE_CONTAINERS': 'true', 'COLCON_PREFIX_PATH': '/home/yadhu/ur3e/install', 'ROS_DISTRO': 'humble', 'REMOTE_CONTAINERS_IPC': '/tmp/vscode-remote-containers-ipc-be85f09e-c009-429d-9537-292811278ff2.sock', '_': '/usr/bin/colcon', 'ROS_VERSION': '2', 'TERM': 'xterm-256color', 'ROS_LOCALHOST_ONLY': '0', 'PATH': '/vscode/vscode-server/bin/linux-x64/138f619c86f1199955d53b4166bef66ef252935c/bin/remote-cli:/opt/ros/humble/bin:/usr/local/sbin:/usr/local/bin:/usr/sbin:/usr/bin:/sbin:/bin', 'REMOTE_CONTAINERS_SOCKETS': '["/tmp/vscode-ssh-auth-be85f09e-c009-429d-9537-292811278ff2.sock","/home/yadhu/.gnupg/S.gpg-agent"]', 'DISPLAY': ':1', 'LANG': 'C.UTF-8', 'RMW_IMPLEMENTATION': 'rmw_cyclonedds_cpp', 'LS_COLORS': 'rs=0:di=01;34:ln=01;36:mh=00:pi=40;33:so=01;35:do=01;35:bd=40;33;01:cd=40;33;01:or=40;31;01:mi=00:su=37;41:sg=30;43:ca=30;41:tw=30;42:ow=34;42:st=37;44:ex=01;32:*.tar=01;31:*.tgz=01;31:*.arc=01;31:*.arj=01;31:*.taz=01;31:*.lha=01;31:*.lz4=01;31:*.lzh=01;31:*.lzma=01;31:*.tlz=01;31:*.txz=01;31:*.tzo=01;31:*.t7z=01;31:*.zip=01;31:*.z=01;31:*.dz=01;31:*.gz=01;31:*.lrz=01;31:*.lz=01;31:*.lzo=01;31:*.xz=01;31:*.zst=01;31:*.tzst=01;31:*.bz2=01;31:*.bz=01;31:*.tbz=01;31:*.tbz2=01;31:*.tz=01;31:*.deb=01;31:*.rpm=01;31:*.jar=01;31:*.war=01;31:*.ear=01;31:*.sar=01;31:*.rar=01;31:*.alz=01;31:*.ace=01;31:*.zoo=01;31:*.cpio=01;31:*.7z=01;31:*.rz=01;31:*.cab=01;31:*.wim=01;31:*.swm=01;31:*.dwm=01;31:*.esd=01;31:*.jpg=01;35:*.jpeg=01;35:*.mjpg=01;35:*.mjpeg=01;35:*.gif=01;35:*.bmp=01;35:*.pbm=01;35:*.pgm=01;35:*.ppm=01;35:*.tga=01;35:*.xbm=01;35:*.xpm=01;35:*.tif=01;35:*.tiff=01;35:*.png=01;35:*.svg=01;35:*.svgz=01;35:*.mng=01;35:*.pcx=01;35:*.mov=01;35:*.mpg=01;35:*.mpeg=01;35:*.m2v=01;35:*.mkv=01;35:*.webm=01;35:*.webp=01;35:*.ogm=01;35:*.mp4=01;35:*.m4v=01;35:*.mp4v=01;35:*.vob=01;35:*.qt=01;35:*.nuv=01;35:*.wmv=01;35:*.asf=01;35:*.rm=01;35:*.rmvb=01;35:*.flc=01;35:*.avi=01;35:*.fli=01;35:*.flv=01;35:*.gl=01;35:*.dl=01;35:*.xcf=01;35:*.xwd=01;35:*.yuv=01;35:*.cgm=01;35:*.emf=01;35:*.ogv=01;35:*.ogx=01;35:*.aac=00;36:*.au=00;36:*.flac=00;36:*.m4a=00;36:*.mid=00;36:*.midi=00;36:*.mka=00;36:*.mp3=00;36:*.mpc=00;36:*.ogg=00;36:*.ra=00;36:*.wav=00;36:*.oga=00;36:*.opus=00;36:*.spx=00;36:*.xspf=00;36:', 'VSCODE_GIT_IPC_HANDLE': '/tmp/vscode-git-09c052f1c4.sock', 'TERM_PROGRAM': 'vscode', 'SSH_AUTH_SOCK': '/tmp/vscode-ssh-auth-be85f09e-c009-429d-9537-292811278ff2.sock', 'ROS_DOMAIN_ID': '42', 'AMENT_PREFIX_PATH': '/home/yadhu/ur3e/install/ur_moveit_config:/home/yadhu/ur3e/install/pyfile:/home/yadhu/ur3e/install/cppfile:/home/yadhu/ur3e/install/ur_gripper_gazebo:/home/yadhu/ur3e/install/ur_description:/home/yadhu/ur3e/install/robotiq_description:/opt/ros/humble', 'SHELL': '/bin/bash', 'ROS_AUTOMATIC_DISCOVERY_RANGE': 'LOCALHOST', 'VSCODE_GIT_ASKPASS_EXTRA_ARGS': '', 'PWD': '/home/yadhu/ur3e/build/pyfile', 'LC_ALL': 'C.UTF-8', 'PYTHONPATH': '/home/yadhu/ur3e/build/pyfile/prefix_override:/usr/lib/python3/dist-packages/colcon_core/task/python/colcon_distutils_commands:/home/yadhu/ur3e/install/pyfile/lib/python3.10/site-packages:/home/yadhu/ur3e/install/ur_moveit_config/local/lib/python3.10/dist-packages:/home/yadhu/ur3e/install/pyfile/lib/python3.10/site-packages:/opt/ros/humble/lib/python3.10/site-packages:/opt/ros/humble/local/lib/python3.10/dist-packages', 'COLCON': '1', 'CMAKE_PREFIX_PATH': '/home/yadhu/ur3e/install/ur_gripper_gazebo:/home/yadhu/ur3e/install/ur_description:/home/yadhu/ur3e/install/ur_moveit_config:/home/yadhu/ur3e/install/cppfile:/home/yadhu/ur3e/install/robotiq_description'}, 'shell': False}
[0.783362] (ur_moveit_config) JobProgress: {'identifier': 'ur_moveit_config', 'progress': 'install'}
[0.783613] (ur_moveit_config) Command: {'cmd': ['/usr/bin/cmake', '--install', '/home/yadhu/ur3e/build/ur_moveit_config'], 'cwd': '/home/yadhu/ur3e/build/ur_moveit_config', 'env': OrderedDict([('HOSTNAME', 'yadhuk'), ('GIT_ASKPASS', '/vscode/vscode-server/bin/linux-x64/138f619c86f1199955d53b4166bef66ef252935c/extensions/git/dist/askpass.sh'), ('SHLVL', '2'), ('LD_LIBRARY_PATH', '/usr/lib/x86_64-linux-gnu/gazebo-11/plugins:/opt/ros/humble/opt/rviz_ogre_vendor/lib:/opt/ros/humble/lib/x86_64-linux-gnu:/opt/ros/humble/lib'), ('BROWSER', '/vscode/vscode-server/bin/linux-x64/138f619c86f1199955d53b4166bef66ef252935c/bin/helpers/browser.sh'), ('HOME', '/home/yadhu'), ('TERM_PROGRAM_VERSION', '1.96.0'), ('VSCODE_IPC_HOOK_CLI', '/tmp/vscode-ipc-171a4022-fd1d-4aac-a031-e9fb1361d7a9.sock'), ('ROS_PYTHON_VERSION', '3'), ('VSCODE_GIT_ASKPASS_MAIN', '/vscode/vscode-server/bin/linux-x64/138f619c86f1199955d53b4166bef66ef252935c/extensions/git/dist/askpass-main.js'), ('VSCODE_GIT_ASKPASS_NODE', '/vscode/vscode-server/bin/linux-x64/138f619c86f1199955d53b4166bef66ef252935c/node'), ('COLORTERM', 'truecolor'), ('REMOTE_CONTAINERS', 'true'), ('COLCON_PREFIX_PATH', '/home/yadhu/ur3e/install'), ('ROS_DISTRO', 'humble'), ('REMOTE_CONTAINERS_IPC', '/tmp/vscode-remote-containers-ipc-be85f09e-c009-429d-9537-292811278ff2.sock'), ('_', '/usr/bin/colcon'), ('ROS_VERSION', '2'), ('TERM', 'xterm-256color'), ('ROS_LOCALHOST_ONLY', '0'), ('PATH', '/vscode/vscode-server/bin/linux-x64/138f619c86f1199955d53b4166bef66ef252935c/bin/remote-cli:/opt/ros/humble/bin:/usr/local/sbin:/usr/local/bin:/usr/sbin:/usr/bin:/sbin:/bin'), ('REMOTE_CONTAINERS_SOCKETS', '["/tmp/vscode-ssh-auth-be85f09e-c009-429d-9537-292811278ff2.sock","/home/yadhu/.gnupg/S.gpg-agent"]'), ('DISPLAY', ':1'), ('LANG', 'C.UTF-8'), ('RMW_IMPLEMENTATION', 'rmw_cyclonedds_cpp'), ('LS_COLORS', 'rs=0:di=01;34:ln=01;36:mh=00:pi=40;33:so=01;35:do=01;35:bd=40;33;01:cd=40;33;01:or=40;31;01:mi=00:su=37;41:sg=30;43:ca=30;41:tw=30;42:ow=34;42:st=37;44:ex=01;32:*.tar=01;31:*.tgz=01;31:*.arc=01;31:*.arj=01;31:*.taz=01;31:*.lha=01;31:*.lz4=01;31:*.lzh=01;31:*.lzma=01;31:*.tlz=01;31:*.txz=01;31:*.tzo=01;31:*.t7z=01;31:*.zip=01;31:*.z=01;31:*.dz=01;31:*.gz=01;31:*.lrz=01;31:*.lz=01;31:*.lzo=01;31:*.xz=01;31:*.zst=01;31:*.tzst=01;31:*.bz2=01;31:*.bz=01;31:*.tbz=01;31:*.tbz2=01;31:*.tz=01;31:*.deb=01;31:*.rpm=01;31:*.jar=01;31:*.war=01;31:*.ear=01;31:*.sar=01;31:*.rar=01;31:*.alz=01;31:*.ace=01;31:*.zoo=01;31:*.cpio=01;31:*.7z=01;31:*.rz=01;31:*.cab=01;31:*.wim=01;31:*.swm=01;31:*.dwm=01;31:*.esd=01;31:*.jpg=01;35:*.jpeg=01;35:*.mjpg=01;35:*.mjpeg=01;35:*.gif=01;35:*.bmp=01;35:*.pbm=01;35:*.pgm=01;35:*.ppm=01;35:*.tga=01;35:*.xbm=01;35:*.xpm=01;35:*.tif=01;35:*.tiff=01;35:*.png=01;35:*.svg=01;35:*.svgz=01;35:*.mng=01;35:*.pcx=01;35:*.mov=01;35:*.mpg=01;35:*.mpeg=01;35:*.m2v=01;35:*.mkv=01;35:*.webm=01;35:*.webp=01;35:*.ogm=01;35:*.mp4=01;35:*.m4v=01;35:*.mp4v=01;35:*.vob=01;35:*.qt=01;35:*.nuv=01;35:*.wmv=01;35:*.asf=01;35:*.rm=01;35:*.rmvb=01;35:*.flc=01;35:*.avi=01;35:*.fli=01;35:*.flv=01;35:*.gl=01;35:*.dl=01;35:*.xcf=01;35:*.xwd=01;35:*.yuv=01;35:*.cgm=01;35:*.emf=01;35:*.ogv=01;35:*.ogx=01;35:*.aac=00;36:*.au=00;36:*.flac=00;36:*.m4a=00;36:*.mid=00;36:*.midi=00;36:*.mka=00;36:*.mp3=00;36:*.mpc=00;36:*.ogg=00;36:*.ra=00;36:*.wav=00;36:*.oga=00;36:*.opus=00;36:*.spx=00;36:*.xspf=00;36:'), ('VSCODE_GIT_IPC_HANDLE', '/tmp/vscode-git-09c052f1c4.sock'), ('TERM_PROGRAM', 'vscode'), ('SSH_AUTH_SOCK', '/tmp/vscode-ssh-auth-be85f09e-c009-429d-9537-292811278ff2.sock'), ('ROS_DOMAIN_ID', '42'), ('AMENT_PREFIX_PATH', '/home/yadhu/ur3e/install/ur_moveit_config:/home/yadhu/ur3e/install/pyfile:/home/yadhu/ur3e/install/cppfile:/home/yadhu/ur3e/install/ur_gripper_gazebo:/home/yadhu/ur3e/install/ur_description:/home/yadhu/ur3e/install/robotiq_description:/opt/ros/humble'), ('SHELL', '/bin/bash'), ('ROS_AUTOMATIC_DISCOVERY_RANGE', 'LOCALHOST'), ('VSCODE_GIT_ASKPASS_EXTRA_ARGS', ''), ('PWD', '/home/yadhu/ur3e/build/ur_moveit_config'), ('LC_ALL', 'C.UTF-8'), ('PYTHONPATH', '/home/yadhu/ur3e/install/ur_moveit_config/local/lib/python3.10/dist-packages:/home/yadhu/ur3e/install/pyfile/lib/python3.10/site-packages:/opt/ros/humble/lib/python3.10/site-packages:/opt/ros/humble/local/lib/python3.10/dist-packages'), ('COLCON', '1'), ('CMAKE_PREFIX_PATH', '/home/yadhu/ur3e/install/ur_gripper_gazebo:/home/yadhu/ur3e/install/ur_description:/home/yadhu/ur3e/install/robotiq_description:/home/yadhu/ur3e/install/ur_moveit_config:/home/yadhu/ur3e/install/cppfile:/home/yadhu/ur3e/install/pyfile:/opt/ros/humble')]), 'shell': False}
[0.790514] (ur_moveit_config) StdoutLine: {'line': b'-- Install configuration: ""\n'}
[0.790702] (ur_moveit_config) StdoutLine: {'line': b'-- Up-to-date: /home/yadhu/ur3e/install/ur_moveit_config/share/ur_moveit_config/config\n'}
[0.790746] (ur_moveit_config) StdoutLine: {'line': b'-- Up-to-date: /home/yadhu/ur3e/install/ur_moveit_config/share/ur_moveit_config/config/controllers.yaml\n'}
[0.790782] (ur_moveit_config) StdoutLine: {'line': b'-- Up-to-date: /home/yadhu/ur3e/install/ur_moveit_config/share/ur_moveit_config/config/kinematics.yaml\n'}
[0.790815] (ur_moveit_config) StdoutLine: {'line': b'-- Up-to-date: /home/yadhu/ur3e/install/ur_moveit_config/share/ur_moveit_config/config/joint_limits.yaml\n'}
[0.790850] (ur_moveit_config) StdoutLine: {'line': b'-- Up-to-date: /home/yadhu/ur3e/install/ur_moveit_config/share/ur_moveit_config/config/ur_servo.yaml\n'}
[0.790886] (ur_moveit_config) StdoutLine: {'line': b'-- Up-to-date: /home/yadhu/ur3e/install/ur_moveit_config/share/ur_moveit_config/config/ompl_planning.yaml\n'}
[0.790919] (ur_moveit_config) StdoutLine: {'line': b'-- Up-to-date: /home/yadhu/ur3e/install/ur_moveit_config/share/ur_moveit_config/launch\n'}
[0.790953] (ur_moveit_config) StdoutLine: {'line': b'-- Up-to-date: /home/yadhu/ur3e/install/ur_moveit_config/share/ur_moveit_config/launch/ur_moveit.launch.py\n'}
[0.790986] (ur_moveit_config) StdoutLine: {'line': b'-- Up-to-date: /home/yadhu/ur3e/install/ur_moveit_config/share/ur_moveit_config/rviz\n'}
[0.791015] (ur_moveit_config) StdoutLine: {'line': b'-- Up-to-date: /home/yadhu/ur3e/install/ur_moveit_config/share/ur_moveit_config/rviz/view_robot.rviz\n'}
[0.791065] (ur_moveit_config) StdoutLine: {'line': b'-- Up-to-date: /home/yadhu/ur3e/install/ur_moveit_config/share/ur_moveit_config/srdf\n'}
[0.791093] (ur_moveit_config) StdoutLine: {'line': b'-- Up-to-date: /home/yadhu/ur3e/install/ur_moveit_config/share/ur_moveit_config/srdf/ur_macro.srdf.xacro\n'}
[0.791121] (ur_moveit_config) StdoutLine: {'line': b'-- Up-to-date: /home/yadhu/ur3e/install/ur_moveit_config/share/ur_moveit_config/srdf/ur.srdf.xacro\n'}
[0.791151] (ur_moveit_config) StdoutLine: {'line': b'-- Up-to-date: /home/yadhu/ur3e/install/ur_moveit_config/share/ur_moveit_config/environment/pythonpath.sh\n'}
[0.791182] (ur_moveit_config) StdoutLine: {'line': b'-- Up-to-date: /home/yadhu/ur3e/install/ur_moveit_config/share/ur_moveit_config/environment/pythonpath.dsv\n'}
[0.791214] (ur_moveit_config) StdoutLine: {'line': b'-- Up-to-date: /home/yadhu/ur3e/install/ur_moveit_config/local/lib/python3.10/dist-packages/ur_moveit_config-2.2.16-py3.10.egg-info\n'}
[0.791250] (ur_moveit_config) StdoutLine: {'line': b'-- Installing: /home/yadhu/ur3e/install/ur_moveit_config/local/lib/python3.10/dist-packages/ur_moveit_config-2.2.16-py3.10.egg-info/top_level.txt\n'}
[0.791287] (ur_moveit_config) StdoutLine: {'line': b'-- Installing: /home/yadhu/ur3e/install/ur_moveit_config/local/lib/python3.10/dist-packages/ur_moveit_config-2.2.16-py3.10.egg-info/PKG-INFO\n'}
[0.791318] (ur_moveit_config) StdoutLine: {'line': b'-- Installing: /home/yadhu/ur3e/install/ur_moveit_config/local/lib/python3.10/dist-packages/ur_moveit_config-2.2.16-py3.10.egg-info/dependency_links.txt\n'}
[0.791378] (ur_moveit_config) StdoutLine: {'line': b'-- Installing: /home/yadhu/ur3e/install/ur_moveit_config/local/lib/python3.10/dist-packages/ur_moveit_config-2.2.16-py3.10.egg-info/SOURCES.txt\n'}
[0.791432] (ur_moveit_config) StdoutLine: {'line': b'-- Up-to-date: /home/yadhu/ur3e/install/ur_moveit_config/local/lib/python3.10/dist-packages/ur_moveit_config\n'}
[0.791466] (ur_moveit_config) StdoutLine: {'line': b'-- Up-to-date: /home/yadhu/ur3e/install/ur_moveit_config/local/lib/python3.10/dist-packages/ur_moveit_config/launch_common.py\n'}
[0.791497] (ur_moveit_config) StdoutLine: {'line': b'-- Up-to-date: /home/yadhu/ur3e/install/ur_moveit_config/local/lib/python3.10/dist-packages/ur_moveit_config/__init__.py\n'}
[0.801233] (-) TimerEvent: {}
[0.819365] (ur_moveit_config) StdoutLine: {'line': b"Listing '/home/yadhu/ur3e/install/ur_moveit_config/local/lib/python3.10/dist-packages/ur_moveit_config'...\n"}
[0.823287] (ur_moveit_config) StdoutLine: {'line': b'-- Up-to-date: /home/yadhu/ur3e/install/ur_moveit_config/local/lib/python3.10/dist-packages/launch_common.py\n'}
[0.853653] (ur_moveit_config) StdoutLine: {'line': b'-- Up-to-date: /home/yadhu/ur3e/install/ur_moveit_config/share/ament_index/resource_index/package_run_dependencies/ur_moveit_config\n'}
[0.853804] (ur_moveit_config) StdoutLine: {'line': b'-- Up-to-date: /home/yadhu/ur3e/install/ur_moveit_config/share/ament_index/resource_index/parent_prefix_path/ur_moveit_config\n'}
[0.853874] (ur_moveit_config) StdoutLine: {'line': b'-- Up-to-date: /home/yadhu/ur3e/install/ur_moveit_config/share/ur_moveit_config/environment/ament_prefix_path.sh\n'}
[0.853917] (ur_moveit_config) StdoutLine: {'line': b'-- Up-to-date: /home/yadhu/ur3e/install/ur_moveit_config/share/ur_moveit_config/environment/ament_prefix_path.dsv\n'}
[0.853953] (ur_moveit_config) StdoutLine: {'line': b'-- Up-to-date: /home/yadhu/ur3e/install/ur_moveit_config/share/ur_moveit_config/environment/path.sh\n'}
[0.853989] (ur_moveit_config) StdoutLine: {'line': b'-- Up-to-date: /home/yadhu/ur3e/install/ur_moveit_config/share/ur_moveit_config/environment/path.dsv\n'}
[0.854026] (ur_moveit_config) StdoutLine: {'line': b'-- Up-to-date: /home/yadhu/ur3e/install/ur_moveit_config/share/ur_moveit_config/local_setup.bash\n'}
[0.854061] (ur_moveit_config) StdoutLine: {'line': b'-- Up-to-date: /home/yadhu/ur3e/install/ur_moveit_config/share/ur_moveit_config/local_setup.sh\n'}
[0.854113] (ur_moveit_config) StdoutLine: {'line': b'-- Up-to-date: /home/yadhu/ur3e/install/ur_moveit_config/share/ur_moveit_config/local_setup.zsh\n'}
[0.854147] (ur_moveit_config) StdoutLine: {'line': b'-- Up-to-date: /home/yadhu/ur3e/install/ur_moveit_config/share/ur_moveit_config/local_setup.dsv\n'}
[0.854177] (ur_moveit_config) StdoutLine: {'line': b'-- Installing: /home/yadhu/ur3e/install/ur_moveit_config/share/ur_moveit_config/package.dsv\n'}
[0.854208] (ur_moveit_config) StdoutLine: {'line': b'-- Up-to-date: /home/yadhu/ur3e/install/ur_moveit_config/share/ament_index/resource_index/packages/ur_moveit_config\n'}
[0.854239] (ur_moveit_config) StdoutLine: {'line': b'-- Up-to-date: /home/yadhu/ur3e/install/ur_moveit_config/share/ur_moveit_config/cmake/ur_moveit_configConfig.cmake\n'}
[0.854271] (ur_moveit_config) StdoutLine: {'line': b'-- Up-to-date: /home/yadhu/ur3e/install/ur_moveit_config/share/ur_moveit_config/cmake/ur_moveit_configConfig-version.cmake\n'}
[0.854301] (ur_moveit_config) StdoutLine: {'line': b'-- Up-to-date: /home/yadhu/ur3e/install/ur_moveit_config/share/ur_moveit_config/package.xml\n'}
[0.855435] (ur_moveit_config) CommandEnded: {'returncode': 0}
[0.887396] (ur_moveit_config) JobEnded: {'identifier': 'ur_moveit_config', 'rc': 0}
[0.901382] (-) TimerEvent: {}
[0.945694] (pyfile) StdoutLine: {'line': b'running egg_info\n'}
[0.946417] (pyfile) StdoutLine: {'line': b'writing ../../build/pyfile/pyfile.egg-info/PKG-INFO\n'}
[0.946565] (pyfile) StdoutLine: {'line': b'writing dependency_links to ../../build/pyfile/pyfile.egg-info/dependency_links.txt\n'}
[0.946627] (pyfile) StdoutLine: {'line': b'writing entry points to ../../build/pyfile/pyfile.egg-info/entry_points.txt\n'}
[0.946839] (pyfile) StdoutLine: {'line': b'writing requirements to ../../build/pyfile/pyfile.egg-info/requires.txt\n'}
[0.946944] (pyfile) StdoutLine: {'line': b'writing top-level names to ../../build/pyfile/pyfile.egg-info/top_level.txt\n'}
[0.948402] (pyfile) StdoutLine: {'line': b"reading manifest file '../../build/pyfile/pyfile.egg-info/SOURCES.txt'\n"}
[0.948962] (pyfile) StdoutLine: {'line': b"writing manifest file '../../build/pyfile/pyfile.egg-info/SOURCES.txt'\n"}
[0.949253] (pyfile) StdoutLine: {'line': b'running build\n'}
[0.949310] (pyfile) StdoutLine: {'line': b'running build_py\n'}
[0.949365] (pyfile) StdoutLine: {'line': b'running install\n'}
[0.949569] (pyfile) StdoutLine: {'line': b'running install_lib\n'}
[0.950516] (pyfile) StdoutLine: {'line': b'running install_data\n'}
[0.950603] (pyfile) StdoutLine: {'line': b'running install_egg_info\n'}
[0.951351] (pyfile) StdoutLine: {'line': b"removing '/home/yadhu/ur3e/install/pyfile/lib/python3.10/site-packages/pyfile-0.0.0-py3.10.egg-info' (and everything under it)\n"}
[0.951553] (pyfile) StdoutLine: {'line': b'Copying ../../build/pyfile/pyfile.egg-info to /home/yadhu/ur3e/install/pyfile/lib/python3.10/site-packages/pyfile-0.0.0-py3.10.egg-info\n'}
[0.951863] (pyfile) StdoutLine: {'line': b'running install_scripts\n'}
[0.969998] (pyfile) StdoutLine: {'line': b'Installing move_bot script to /home/yadhu/ur3e/install/pyfile/lib/pyfile\n'}
[0.970262] (pyfile) StdoutLine: {'line': b"writing list of installed files to '/home/yadhu/ur3e/build/pyfile/install.log'\n"}
[0.987595] (pyfile) CommandEnded: {'returncode': 0}
[0.992548] (pyfile) JobEnded: {'identifier': 'pyfile', 'rc': 0}
[0.993317] (-) EventReactorShutdown: {}
