[0.000000] (-) TimerEvent: {}
[0.000436] (moveit_msgs) JobQueued: {'identifier': 'moveit_msgs', 'dependencies': OrderedDict()}
[0.000578] (robotiq_description) JobQueued: {'identifier': 'robotiq_description', 'dependencies': OrderedDict()}
[0.000649] (ros_tcp_endpoint) JobQueued: {'identifier': 'ros_tcp_endpoint', 'dependencies': OrderedDict()}
[0.000668] (unity_robotics_demo) JobQueued: {'identifier': 'unity_robotics_demo', 'dependencies': OrderedDict()}
[0.000694] (unity_robotics_demo_msgs) JobQueued: {'identifier': 'unity_robotics_demo_msgs', 'dependencies': OrderedDict()}
[0.000713] (unity_ros_msgs) JobQueued: {'identifier': 'unity_ros_msgs', 'dependencies': OrderedDict([('moveit_msgs', '/home/yadhu/ur3e/src/install/moveit_msgs')])}
[0.000867] (ur_description) JobQueued: {'identifier': 'ur_description', 'dependencies': OrderedDict([('robotiq_description', '/home/yadhu/ur3e/src/install/robotiq_description')])}
[0.000894] (ur_robotiq) JobQueued: {'identifier': 'ur_robotiq', 'dependencies': OrderedDict([('moveit_msgs', '/home/yadhu/ur3e/src/install/moveit_msgs')])}
[0.000914] (cppfile) JobQueued: {'identifier': 'cppfile', 'dependencies': OrderedDict([('moveit_msgs', '/home/yadhu/ur3e/src/install/moveit_msgs'), ('robotiq_description', '/home/yadhu/ur3e/src/install/robotiq_description'), ('unity_robotics_demo_msgs', '/home/yadhu/ur3e/src/install/unity_robotics_demo_msgs'), ('unity_ros_msgs', '/home/yadhu/ur3e/src/install/unity_ros_msgs'), ('ur_description', '/home/yadhu/ur3e/src/install/ur_description'), ('ur_robotiq', '/home/yadhu/ur3e/src/install/ur_robotiq')])}
[0.000937] (pyfile) JobQueued: {'identifier': 'pyfile', 'dependencies': OrderedDict([('robotiq_description', '/home/yadhu/ur3e/src/install/robotiq_description'), ('ur_description', '/home/yadhu/ur3e/src/install/ur_description')])}
[0.001049] (ur3e_gripper_moveit) JobQueued: {'identifier': 'ur3e_gripper_moveit', 'dependencies': OrderedDict([('robotiq_description', '/home/yadhu/ur3e/src/install/robotiq_description'), ('ur_description', '/home/yadhu/ur3e/src/install/ur_description')])}
[0.001079] (ur_moveit_config) JobQueued: {'identifier': 'ur_moveit_config', 'dependencies': OrderedDict([('robotiq_description', '/home/yadhu/ur3e/src/install/robotiq_description'), ('ur_description', '/home/yadhu/ur3e/src/install/ur_description')])}
[0.001101] (robotiq_description) JobStarted: {'identifier': 'robotiq_description'}
[0.005341] (moveit_msgs) JobStarted: {'identifier': 'moveit_msgs'}
[0.007555] (unity_robotics_demo_msgs) JobStarted: {'identifier': 'unity_robotics_demo_msgs'}
[0.009632] (ros_tcp_endpoint) JobStarted: {'identifier': 'ros_tcp_endpoint'}
[0.012647] (unity_robotics_demo) JobStarted: {'identifier': 'unity_robotics_demo'}
[0.025668] (robotiq_description) JobProgress: {'identifier': 'robotiq_description', 'progress': 'cmake'}
[0.026122] (robotiq_description) JobProgress: {'identifier': 'robotiq_description', 'progress': 'build'}
[0.026603] (robotiq_description) Command: {'cmd': ['/usr/bin/cmake', '--build', '/home/yadhu/ur3e/src/build/robotiq_description', '--', '-j16', '-l16'], 'cwd': '/home/yadhu/ur3e/src/build/robotiq_description', 'env': OrderedDict([('HOSTNAME', 'yadhuk'), ('GIT_ASKPASS', '/vscode/vscode-server/bin/linux-x64/e54c774e0add60467559eb0d1e229c6452cf8447/extensions/git/dist/askpass.sh'), ('SHLVL', '2'), ('LD_LIBRARY_PATH', '/usr/lib/x86_64-linux-gnu/gazebo-11/plugins:/opt/ros/humble/opt/rviz_ogre_vendor/lib:/opt/ros/humble/lib/x86_64-linux-gnu:/opt/ros/humble/lib'), ('BROWSER', '/vscode/vscode-server/bin/linux-x64/e54c774e0add60467559eb0d1e229c6452cf8447/bin/helpers/browser.sh'), ('HOME', '/home/yadhu'), ('OLDPWD', '/home/yadhu/ur3e'), ('TERM_PROGRAM_VERSION', '1.97.2'), ('VSCODE_IPC_HOOK_CLI', '/tmp/vscode-ipc-191d809e-ad6a-48a3-8c83-2991c7349be6.sock'), ('DEBUGPY_ADAPTER_ENDPOINTS', '/home/yadhu/.vscode-server/extensions/ms-python.debugpy-2025.0.1-linux-x64/.noConfigDebugAdapterEndpoints/endpoint-00e5a96652343ffc.txt'), ('ROS_PYTHON_VERSION', '3'), ('VSCODE_GIT_ASKPASS_MAIN', '/vscode/vscode-server/bin/linux-x64/e54c774e0add60467559eb0d1e229c6452cf8447/extensions/git/dist/askpass-main.js'), ('VSCODE_GIT_ASKPASS_NODE', '/vscode/vscode-server/bin/linux-x64/e54c774e0add60467559eb0d1e229c6452cf8447/node'), ('PYDEVD_DISABLE_FILE_VALIDATION', '1'), ('BUNDLED_DEBUGPY_PATH', '/home/yadhu/.vscode-server/extensions/ms-python.debugpy-2025.0.1-linux-x64/bundled/libs/debugpy'), ('COLORTERM', 'truecolor'), ('REMOTE_CONTAINERS', 'true'), ('ROS_DISTRO', 'humble'), ('REMOTE_CONTAINERS_IPC', '/tmp/vscode-remote-containers-ipc-3b15b7cf-88ad-4a56-828c-69c61a495d31.sock'), ('_', '/usr/bin/colcon'), ('ROS_VERSION', '2'), ('TERM', 'xterm-256color'), ('ROS_LOCALHOST_ONLY', '0'), ('PATH', '/vscode/vscode-server/bin/linux-x64/e54c774e0add60467559eb0d1e229c6452cf8447/bin/remote-cli:/opt/ros/humble/bin:/usr/local/sbin:/usr/local/bin:/usr/sbin:/usr/bin:/sbin:/bin:/home/yadhu/.vscode-server/extensions/ms-python.debugpy-2025.0.1-linux-x64/bundled/scripts/noConfigScripts'), ('REMOTE_CONTAINERS_SOCKETS', '["/tmp/vscode-ssh-auth-3b15b7cf-88ad-4a56-828c-69c61a495d31.sock","/home/yadhu/.gnupg/S.gpg-agent"]'), ('DISPLAY', ':1'), ('LANG', 'C.UTF-8'), ('RMW_IMPLEMENTATION', 'rmw_cyclonedds_cpp'), ('LS_COLORS', 'rs=0:di=01;34:ln=01;36:mh=00:pi=40;33:so=01;35:do=01;35:bd=40;33;01:cd=40;33;01:or=40;31;01:mi=00:su=37;41:sg=30;43:ca=30;41:tw=30;42:ow=34;42:st=37;44:ex=01;32:*.tar=01;31:*.tgz=01;31:*.arc=01;31:*.arj=01;31:*.taz=01;31:*.lha=01;31:*.lz4=01;31:*.lzh=01;31:*.lzma=01;31:*.tlz=01;31:*.txz=01;31:*.tzo=01;31:*.t7z=01;31:*.zip=01;31:*.z=01;31:*.dz=01;31:*.gz=01;31:*.lrz=01;31:*.lz=01;31:*.lzo=01;31:*.xz=01;31:*.zst=01;31:*.tzst=01;31:*.bz2=01;31:*.bz=01;31:*.tbz=01;31:*.tbz2=01;31:*.tz=01;31:*.deb=01;31:*.rpm=01;31:*.jar=01;31:*.war=01;31:*.ear=01;31:*.sar=01;31:*.rar=01;31:*.alz=01;31:*.ace=01;31:*.zoo=01;31:*.cpio=01;31:*.7z=01;31:*.rz=01;31:*.cab=01;31:*.wim=01;31:*.swm=01;31:*.dwm=01;31:*.esd=01;31:*.jpg=01;35:*.jpeg=01;35:*.mjpg=01;35:*.mjpeg=01;35:*.gif=01;35:*.bmp=01;35:*.pbm=01;35:*.pgm=01;35:*.ppm=01;35:*.tga=01;35:*.xbm=01;35:*.xpm=01;35:*.tif=01;35:*.tiff=01;35:*.png=01;35:*.svg=01;35:*.svgz=01;35:*.mng=01;35:*.pcx=01;35:*.mov=01;35:*.mpg=01;35:*.mpeg=01;35:*.m2v=01;35:*.mkv=01;35:*.webm=01;35:*.webp=01;35:*.ogm=01;35:*.mp4=01;35:*.m4v=01;35:*.mp4v=01;35:*.vob=01;35:*.qt=01;35:*.nuv=01;35:*.wmv=01;35:*.asf=01;35:*.rm=01;35:*.rmvb=01;35:*.flc=01;35:*.avi=01;35:*.fli=01;35:*.flv=01;35:*.gl=01;35:*.dl=01;35:*.xcf=01;35:*.xwd=01;35:*.yuv=01;35:*.cgm=01;35:*.emf=01;35:*.ogv=01;35:*.ogx=01;35:*.aac=00;36:*.au=00;36:*.flac=00;36:*.m4a=00;36:*.mid=00;36:*.midi=00;36:*.mka=00;36:*.mp3=00;36:*.mpc=00;36:*.ogg=00;36:*.ra=00;36:*.wav=00;36:*.oga=00;36:*.opus=00;36:*.spx=00;36:*.xspf=00;36:'), ('VSCODE_GIT_IPC_HANDLE', '/tmp/vscode-git-09c052f1c4.sock'), ('TERM_PROGRAM', 'vscode'), ('SSH_AUTH_SOCK', '/tmp/vscode-ssh-auth-3b15b7cf-88ad-4a56-828c-69c61a495d31.sock'), ('ROS_DOMAIN_ID', '42'), ('AMENT_PREFIX_PATH', '/opt/ros/humble'), ('SHELL', '/bin/bash'), ('ROS_AUTOMATIC_DISCOVERY_RANGE', 'LOCALHOST'), ('VSCODE_GIT_ASKPASS_EXTRA_ARGS', ''), ('PWD', '/home/yadhu/ur3e/src/build/robotiq_description'), ('LC_ALL', 'C.UTF-8'), ('PYTHONPATH', '/opt/ros/humble/lib/python3.10/site-packages:/opt/ros/humble/local/lib/python3.10/dist-packages'), ('COLCON', '1'), ('CMAKE_PREFIX_PATH', '/opt/ros/humble')]), 'shell': False}
[0.028548] (moveit_msgs) JobProgress: {'identifier': 'moveit_msgs', 'progress': 'cmake'}
[0.028994] (moveit_msgs) JobProgress: {'identifier': 'moveit_msgs', 'progress': 'build'}
[0.029175] (moveit_msgs) Command: {'cmd': ['/usr/bin/cmake', '--build', '/home/yadhu/ur3e/src/build/moveit_msgs', '--', '-j16', '-l16'], 'cwd': '/home/yadhu/ur3e/src/build/moveit_msgs', 'env': OrderedDict([('HOSTNAME', 'yadhuk'), ('GIT_ASKPASS', '/vscode/vscode-server/bin/linux-x64/e54c774e0add60467559eb0d1e229c6452cf8447/extensions/git/dist/askpass.sh'), ('SHLVL', '2'), ('LD_LIBRARY_PATH', '/usr/lib/x86_64-linux-gnu/gazebo-11/plugins:/opt/ros/humble/opt/rviz_ogre_vendor/lib:/opt/ros/humble/lib/x86_64-linux-gnu:/opt/ros/humble/lib'), ('BROWSER', '/vscode/vscode-server/bin/linux-x64/e54c774e0add60467559eb0d1e229c6452cf8447/bin/helpers/browser.sh'), ('HOME', '/home/yadhu'), ('OLDPWD', '/home/yadhu/ur3e'), ('TERM_PROGRAM_VERSION', '1.97.2'), ('VSCODE_IPC_HOOK_CLI', '/tmp/vscode-ipc-191d809e-ad6a-48a3-8c83-2991c7349be6.sock'), ('DEBUGPY_ADAPTER_ENDPOINTS', '/home/yadhu/.vscode-server/extensions/ms-python.debugpy-2025.0.1-linux-x64/.noConfigDebugAdapterEndpoints/endpoint-00e5a96652343ffc.txt'), ('ROS_PYTHON_VERSION', '3'), ('VSCODE_GIT_ASKPASS_MAIN', '/vscode/vscode-server/bin/linux-x64/e54c774e0add60467559eb0d1e229c6452cf8447/extensions/git/dist/askpass-main.js'), ('VSCODE_GIT_ASKPASS_NODE', '/vscode/vscode-server/bin/linux-x64/e54c774e0add60467559eb0d1e229c6452cf8447/node'), ('PYDEVD_DISABLE_FILE_VALIDATION', '1'), ('BUNDLED_DEBUGPY_PATH', '/home/yadhu/.vscode-server/extensions/ms-python.debugpy-2025.0.1-linux-x64/bundled/libs/debugpy'), ('COLORTERM', 'truecolor'), ('REMOTE_CONTAINERS', 'true'), ('ROS_DISTRO', 'humble'), ('REMOTE_CONTAINERS_IPC', '/tmp/vscode-remote-containers-ipc-3b15b7cf-88ad-4a56-828c-69c61a495d31.sock'), ('_', '/usr/bin/colcon'), ('ROS_VERSION', '2'), ('TERM', 'xterm-256color'), ('ROS_LOCALHOST_ONLY', '0'), ('PATH', '/vscode/vscode-server/bin/linux-x64/e54c774e0add60467559eb0d1e229c6452cf8447/bin/remote-cli:/opt/ros/humble/bin:/usr/local/sbin:/usr/local/bin:/usr/sbin:/usr/bin:/sbin:/bin:/home/yadhu/.vscode-server/extensions/ms-python.debugpy-2025.0.1-linux-x64/bundled/scripts/noConfigScripts'), ('REMOTE_CONTAINERS_SOCKETS', '["/tmp/vscode-ssh-auth-3b15b7cf-88ad-4a56-828c-69c61a495d31.sock","/home/yadhu/.gnupg/S.gpg-agent"]'), ('DISPLAY', ':1'), ('LANG', 'C.UTF-8'), ('RMW_IMPLEMENTATION', 'rmw_cyclonedds_cpp'), ('LS_COLORS', 'rs=0:di=01;34:ln=01;36:mh=00:pi=40;33:so=01;35:do=01;35:bd=40;33;01:cd=40;33;01:or=40;31;01:mi=00:su=37;41:sg=30;43:ca=30;41:tw=30;42:ow=34;42:st=37;44:ex=01;32:*.tar=01;31:*.tgz=01;31:*.arc=01;31:*.arj=01;31:*.taz=01;31:*.lha=01;31:*.lz4=01;31:*.lzh=01;31:*.lzma=01;31:*.tlz=01;31:*.txz=01;31:*.tzo=01;31:*.t7z=01;31:*.zip=01;31:*.z=01;31:*.dz=01;31:*.gz=01;31:*.lrz=01;31:*.lz=01;31:*.lzo=01;31:*.xz=01;31:*.zst=01;31:*.tzst=01;31:*.bz2=01;31:*.bz=01;31:*.tbz=01;31:*.tbz2=01;31:*.tz=01;31:*.deb=01;31:*.rpm=01;31:*.jar=01;31:*.war=01;31:*.ear=01;31:*.sar=01;31:*.rar=01;31:*.alz=01;31:*.ace=01;31:*.zoo=01;31:*.cpio=01;31:*.7z=01;31:*.rz=01;31:*.cab=01;31:*.wim=01;31:*.swm=01;31:*.dwm=01;31:*.esd=01;31:*.jpg=01;35:*.jpeg=01;35:*.mjpg=01;35:*.mjpeg=01;35:*.gif=01;35:*.bmp=01;35:*.pbm=01;35:*.pgm=01;35:*.ppm=01;35:*.tga=01;35:*.xbm=01;35:*.xpm=01;35:*.tif=01;35:*.tiff=01;35:*.png=01;35:*.svg=01;35:*.svgz=01;35:*.mng=01;35:*.pcx=01;35:*.mov=01;35:*.mpg=01;35:*.mpeg=01;35:*.m2v=01;35:*.mkv=01;35:*.webm=01;35:*.webp=01;35:*.ogm=01;35:*.mp4=01;35:*.m4v=01;35:*.mp4v=01;35:*.vob=01;35:*.qt=01;35:*.nuv=01;35:*.wmv=01;35:*.asf=01;35:*.rm=01;35:*.rmvb=01;35:*.flc=01;35:*.avi=01;35:*.fli=01;35:*.flv=01;35:*.gl=01;35:*.dl=01;35:*.xcf=01;35:*.xwd=01;35:*.yuv=01;35:*.cgm=01;35:*.emf=01;35:*.ogv=01;35:*.ogx=01;35:*.aac=00;36:*.au=00;36:*.flac=00;36:*.m4a=00;36:*.mid=00;36:*.midi=00;36:*.mka=00;36:*.mp3=00;36:*.mpc=00;36:*.ogg=00;36:*.ra=00;36:*.wav=00;36:*.oga=00;36:*.opus=00;36:*.spx=00;36:*.xspf=00;36:'), ('VSCODE_GIT_IPC_HANDLE', '/tmp/vscode-git-09c052f1c4.sock'), ('TERM_PROGRAM', 'vscode'), ('SSH_AUTH_SOCK', '/tmp/vscode-ssh-auth-3b15b7cf-88ad-4a56-828c-69c61a495d31.sock'), ('ROS_DOMAIN_ID', '42'), ('AMENT_PREFIX_PATH', '/opt/ros/humble'), ('SHELL', '/bin/bash'), ('ROS_AUTOMATIC_DISCOVERY_RANGE', 'LOCALHOST'), ('VSCODE_GIT_ASKPASS_EXTRA_ARGS', ''), ('PWD', '/home/yadhu/ur3e/src/build/moveit_msgs'), ('LC_ALL', 'C.UTF-8'), ('PYTHONPATH', '/opt/ros/humble/lib/python3.10/site-packages:/opt/ros/humble/local/lib/python3.10/dist-packages'), ('COLCON', '1'), ('CMAKE_PREFIX_PATH', '/opt/ros/humble')]), 'shell': False}
[0.032387] (unity_robotics_demo_msgs) JobProgress: {'identifier': 'unity_robotics_demo_msgs', 'progress': 'cmake'}
[0.032439] (unity_robotics_demo_msgs) JobProgress: {'identifier': 'unity_robotics_demo_msgs', 'progress': 'build'}
[0.032459] (unity_robotics_demo_msgs) Command: {'cmd': ['/usr/bin/cmake', '--build', '/home/yadhu/ur3e/src/build/unity_robotics_demo_msgs', '--', '-j16', '-l16'], 'cwd': '/home/yadhu/ur3e/src/build/unity_robotics_demo_msgs', 'env': OrderedDict([('HOSTNAME', 'yadhuk'), ('GIT_ASKPASS', '/vscode/vscode-server/bin/linux-x64/e54c774e0add60467559eb0d1e229c6452cf8447/extensions/git/dist/askpass.sh'), ('SHLVL', '2'), ('LD_LIBRARY_PATH', '/usr/lib/x86_64-linux-gnu/gazebo-11/plugins:/opt/ros/humble/opt/rviz_ogre_vendor/lib:/opt/ros/humble/lib/x86_64-linux-gnu:/opt/ros/humble/lib'), ('BROWSER', '/vscode/vscode-server/bin/linux-x64/e54c774e0add60467559eb0d1e229c6452cf8447/bin/helpers/browser.sh'), ('HOME', '/home/yadhu'), ('OLDPWD', '/home/yadhu/ur3e'), ('TERM_PROGRAM_VERSION', '1.97.2'), ('VSCODE_IPC_HOOK_CLI', '/tmp/vscode-ipc-191d809e-ad6a-48a3-8c83-2991c7349be6.sock'), ('DEBUGPY_ADAPTER_ENDPOINTS', '/home/yadhu/.vscode-server/extensions/ms-python.debugpy-2025.0.1-linux-x64/.noConfigDebugAdapterEndpoints/endpoint-00e5a96652343ffc.txt'), ('ROS_PYTHON_VERSION', '3'), ('VSCODE_GIT_ASKPASS_MAIN', '/vscode/vscode-server/bin/linux-x64/e54c774e0add60467559eb0d1e229c6452cf8447/extensions/git/dist/askpass-main.js'), ('VSCODE_GIT_ASKPASS_NODE', '/vscode/vscode-server/bin/linux-x64/e54c774e0add60467559eb0d1e229c6452cf8447/node'), ('PYDEVD_DISABLE_FILE_VALIDATION', '1'), ('BUNDLED_DEBUGPY_PATH', '/home/yadhu/.vscode-server/extensions/ms-python.debugpy-2025.0.1-linux-x64/bundled/libs/debugpy'), ('COLORTERM', 'truecolor'), ('REMOTE_CONTAINERS', 'true'), ('ROS_DISTRO', 'humble'), ('REMOTE_CONTAINERS_IPC', '/tmp/vscode-remote-containers-ipc-3b15b7cf-88ad-4a56-828c-69c61a495d31.sock'), ('_', '/usr/bin/colcon'), ('ROS_VERSION', '2'), ('TERM', 'xterm-256color'), ('ROS_LOCALHOST_ONLY', '0'), ('PATH', '/vscode/vscode-server/bin/linux-x64/e54c774e0add60467559eb0d1e229c6452cf8447/bin/remote-cli:/opt/ros/humble/bin:/usr/local/sbin:/usr/local/bin:/usr/sbin:/usr/bin:/sbin:/bin:/home/yadhu/.vscode-server/extensions/ms-python.debugpy-2025.0.1-linux-x64/bundled/scripts/noConfigScripts'), ('REMOTE_CONTAINERS_SOCKETS', '["/tmp/vscode-ssh-auth-3b15b7cf-88ad-4a56-828c-69c61a495d31.sock","/home/yadhu/.gnupg/S.gpg-agent"]'), ('DISPLAY', ':1'), ('LANG', 'C.UTF-8'), ('RMW_IMPLEMENTATION', 'rmw_cyclonedds_cpp'), ('LS_COLORS', 'rs=0:di=01;34:ln=01;36:mh=00:pi=40;33:so=01;35:do=01;35:bd=40;33;01:cd=40;33;01:or=40;31;01:mi=00:su=37;41:sg=30;43:ca=30;41:tw=30;42:ow=34;42:st=37;44:ex=01;32:*.tar=01;31:*.tgz=01;31:*.arc=01;31:*.arj=01;31:*.taz=01;31:*.lha=01;31:*.lz4=01;31:*.lzh=01;31:*.lzma=01;31:*.tlz=01;31:*.txz=01;31:*.tzo=01;31:*.t7z=01;31:*.zip=01;31:*.z=01;31:*.dz=01;31:*.gz=01;31:*.lrz=01;31:*.lz=01;31:*.lzo=01;31:*.xz=01;31:*.zst=01;31:*.tzst=01;31:*.bz2=01;31:*.bz=01;31:*.tbz=01;31:*.tbz2=01;31:*.tz=01;31:*.deb=01;31:*.rpm=01;31:*.jar=01;31:*.war=01;31:*.ear=01;31:*.sar=01;31:*.rar=01;31:*.alz=01;31:*.ace=01;31:*.zoo=01;31:*.cpio=01;31:*.7z=01;31:*.rz=01;31:*.cab=01;31:*.wim=01;31:*.swm=01;31:*.dwm=01;31:*.esd=01;31:*.jpg=01;35:*.jpeg=01;35:*.mjpg=01;35:*.mjpeg=01;35:*.gif=01;35:*.bmp=01;35:*.pbm=01;35:*.pgm=01;35:*.ppm=01;35:*.tga=01;35:*.xbm=01;35:*.xpm=01;35:*.tif=01;35:*.tiff=01;35:*.png=01;35:*.svg=01;35:*.svgz=01;35:*.mng=01;35:*.pcx=01;35:*.mov=01;35:*.mpg=01;35:*.mpeg=01;35:*.m2v=01;35:*.mkv=01;35:*.webm=01;35:*.webp=01;35:*.ogm=01;35:*.mp4=01;35:*.m4v=01;35:*.mp4v=01;35:*.vob=01;35:*.qt=01;35:*.nuv=01;35:*.wmv=01;35:*.asf=01;35:*.rm=01;35:*.rmvb=01;35:*.flc=01;35:*.avi=01;35:*.fli=01;35:*.flv=01;35:*.gl=01;35:*.dl=01;35:*.xcf=01;35:*.xwd=01;35:*.yuv=01;35:*.cgm=01;35:*.emf=01;35:*.ogv=01;35:*.ogx=01;35:*.aac=00;36:*.au=00;36:*.flac=00;36:*.m4a=00;36:*.mid=00;36:*.midi=00;36:*.mka=00;36:*.mp3=00;36:*.mpc=00;36:*.ogg=00;36:*.ra=00;36:*.wav=00;36:*.oga=00;36:*.opus=00;36:*.spx=00;36:*.xspf=00;36:'), ('VSCODE_GIT_IPC_HANDLE', '/tmp/vscode-git-09c052f1c4.sock'), ('TERM_PROGRAM', 'vscode'), ('SSH_AUTH_SOCK', '/tmp/vscode-ssh-auth-3b15b7cf-88ad-4a56-828c-69c61a495d31.sock'), ('ROS_DOMAIN_ID', '42'), ('AMENT_PREFIX_PATH', '/opt/ros/humble'), ('SHELL', '/bin/bash'), ('ROS_AUTOMATIC_DISCOVERY_RANGE', 'LOCALHOST'), ('VSCODE_GIT_ASKPASS_EXTRA_ARGS', ''), ('PWD', '/home/yadhu/ur3e/src/build/unity_robotics_demo_msgs'), ('LC_ALL', 'C.UTF-8'), ('PYTHONPATH', '/opt/ros/humble/lib/python3.10/site-packages:/opt/ros/humble/local/lib/python3.10/dist-packages'), ('COLCON', '1'), ('CMAKE_PREFIX_PATH', '/opt/ros/humble')]), 'shell': False}
[0.099896] (-) TimerEvent: {}
[0.200121] (-) TimerEvent: {}
[0.227932] (moveit_msgs) StdoutLine: {'line': b'[  0%] Built target moveit_msgs__cpp\n'}
[0.228496] (moveit_msgs) StdoutLine: {'line': b'[ 12%] Built target moveit_msgs__rosidl_generator_c\n'}
[0.228642] (moveit_msgs) StdoutLine: {'line': b'[ 12%] Built target ament_cmake_python_copy_moveit_msgs\n'}
[0.228710] (moveit_msgs) StdoutLine: {'line': b'[ 24%] Built target moveit_msgs__rosidl_typesupport_cpp\n'}
[0.228756] (moveit_msgs) StdoutLine: {'line': b'[ 37%] Built target moveit_msgs__rosidl_typesupport_c\n'}
[0.228797] (moveit_msgs) StdoutLine: {'line': b'[ 50%] Built target moveit_msgs__rosidl_typesupport_introspection_c\n'}
[0.228838] (moveit_msgs) StdoutLine: {'line': b'[ 62%] Built target moveit_msgs__rosidl_typesupport_fastrtps_cpp\n'}
[0.228877] (moveit_msgs) StdoutLine: {'line': b'[ 75%] Built target moveit_msgs__rosidl_typesupport_introspection_cpp\n'}
[0.228916] (moveit_msgs) StdoutLine: {'line': b'[ 88%] Built target moveit_msgs__rosidl_typesupport_fastrtps_c\n'}
[0.228954] (moveit_msgs) StdoutLine: {'line': b'[ 88%] Built target moveit_msgs\n'}
[0.229020] (unity_robotics_demo_msgs) StdoutLine: {'line': b'[  1%] Built target unity_robotics_demo_msgs__cpp\n'}
[0.229309] (unity_robotics_demo_msgs) StdoutLine: {'line': b'[ 12%] Built target unity_robotics_demo_msgs__rosidl_generator_c\n'}
[0.229352] (unity_robotics_demo_msgs) StdoutLine: {'line': b'[ 12%] Built target ament_cmake_python_copy_unity_robotics_demo_msgs\n'}
[0.229403] (unity_robotics_demo_msgs) StdoutLine: {'line': b'[ 23%] Built target unity_robotics_demo_msgs__rosidl_typesupport_cpp\n'}
[0.229613] (unity_robotics_demo_msgs) StdoutLine: {'line': b'[ 34%] Built target unity_robotics_demo_msgs__rosidl_typesupport_introspection_cpp\n'}
[0.229675] (unity_robotics_demo_msgs) StdoutLine: {'line': b'[ 45%] Built target unity_robotics_demo_msgs__rosidl_typesupport_fastrtps_c\n'}
[0.229725] (unity_robotics_demo_msgs) StdoutLine: {'line': b'[ 63%] Built target unity_robotics_demo_msgs__rosidl_typesupport_introspection_c\n'}
[0.229775] (unity_robotics_demo_msgs) StdoutLine: {'line': b'[ 67%] Built target unity_robotics_demo_msgs__rosidl_typesupport_fastrtps_cpp\n'}
[0.229821] (unity_robotics_demo_msgs) StdoutLine: {'line': b'[ 78%] Built target unity_robotics_demo_msgs__rosidl_typesupport_c\n'}
[0.229866] (unity_robotics_demo_msgs) StdoutLine: {'line': b'[ 78%] Built target unity_robotics_demo_msgs\n'}
[0.229914] (unity_robotics_demo_msgs) StdoutLine: {'line': b'[ 80%] Built target unity_robotics_demo_msgs__py\n'}
[0.229961] (unity_robotics_demo_msgs) StdoutLine: {'line': b'[ 89%] Built target unity_robotics_demo_msgs__rosidl_generator_py\n'}
[0.230022] (unity_robotics_demo_msgs) StdoutLine: {'line': b'[ 92%] Built target unity_robotics_demo_msgs__rosidl_typesupport_introspection_c__pyext\n'}
[0.230069] (unity_robotics_demo_msgs) StdoutLine: {'line': b'[ 96%] Built target unity_robotics_demo_msgs__rosidl_typesupport_fastrtps_c__pyext\n'}
[0.230113] (unity_robotics_demo_msgs) StdoutLine: {'line': b'[100%] Built target unity_robotics_demo_msgs__rosidl_typesupport_c__pyext\n'}
[0.248766] (moveit_msgs) StdoutLine: {'line': b'[ 88%] Built target moveit_msgs__py\n'}
[0.268022] (unity_robotics_demo_msgs) StdoutLine: {'line': b'running egg_info\n'}
[0.268753] (unity_robotics_demo_msgs) StdoutLine: {'line': b'writing unity_robotics_demo_msgs.egg-info/PKG-INFO\n'}
[0.268909] (unity_robotics_demo_msgs) StdoutLine: {'line': b'writing dependency_links to unity_robotics_demo_msgs.egg-info/dependency_links.txt\n'}
[0.269038] (unity_robotics_demo_msgs) StdoutLine: {'line': b'writing top-level names to unity_robotics_demo_msgs.egg-info/top_level.txt\n'}
[0.270779] (unity_robotics_demo_msgs) StdoutLine: {'line': b"reading manifest file 'unity_robotics_demo_msgs.egg-info/SOURCES.txt'\n"}
[0.271223] (unity_robotics_demo_msgs) StdoutLine: {'line': b"writing manifest file 'unity_robotics_demo_msgs.egg-info/SOURCES.txt'\n"}
[0.294354] (moveit_msgs) StdoutLine: {'line': b'[100%] Built target moveit_msgs__rosidl_generator_py\n'}
[0.294783] (unity_robotics_demo_msgs) StdoutLine: {'line': b'[100%] Built target ament_cmake_python_build_unity_robotics_demo_msgs_egg\n'}
[0.300207] (-) TimerEvent: {}
[0.311511] (moveit_msgs) StdoutLine: {'line': b'[100%] Built target moveit_msgs__rosidl_typesupport_c__pyext\n'}
[0.314359] (moveit_msgs) StdoutLine: {'line': b'[100%] Built target moveit_msgs__rosidl_typesupport_fastrtps_c__pyext\n'}
[0.317648] (moveit_msgs) StdoutLine: {'line': b'[100%] Built target moveit_msgs__rosidl_typesupport_introspection_c__pyext\n'}
[0.331809] (moveit_msgs) StdoutLine: {'line': b'running egg_info\n'}
[0.332434] (moveit_msgs) StdoutLine: {'line': b'writing moveit_msgs.egg-info/PKG-INFO\n'}
[0.332545] (moveit_msgs) StdoutLine: {'line': b'writing dependency_links to moveit_msgs.egg-info/dependency_links.txt\n'}
[0.332662] (moveit_msgs) StdoutLine: {'line': b'writing top-level names to moveit_msgs.egg-info/top_level.txt\n'}
[0.334612] (moveit_msgs) StdoutLine: {'line': b"reading manifest file 'moveit_msgs.egg-info/SOURCES.txt'\n"}
[0.335522] (moveit_msgs) StdoutLine: {'line': b"writing manifest file 'moveit_msgs.egg-info/SOURCES.txt'\n"}
[0.352619] (moveit_msgs) StdoutLine: {'line': b'[100%] Built target ament_cmake_python_build_moveit_msgs_egg\n'}
[0.392488] (robotiq_description) CommandEnded: {'returncode': 0}
[0.397315] (moveit_msgs) CommandEnded: {'returncode': 0}
[0.400362] (unity_robotics_demo_msgs) CommandEnded: {'returncode': 0}
[0.401036] (-) TimerEvent: {}
[0.409503] (robotiq_description) JobProgress: {'identifier': 'robotiq_description', 'progress': 'install'}
[0.416099] (robotiq_description) Command: {'cmd': ['/usr/bin/cmake', '--install', '/home/yadhu/ur3e/src/build/robotiq_description'], 'cwd': '/home/yadhu/ur3e/src/build/robotiq_description', 'env': OrderedDict([('HOSTNAME', 'yadhuk'), ('GIT_ASKPASS', '/vscode/vscode-server/bin/linux-x64/e54c774e0add60467559eb0d1e229c6452cf8447/extensions/git/dist/askpass.sh'), ('SHLVL', '2'), ('LD_LIBRARY_PATH', '/usr/lib/x86_64-linux-gnu/gazebo-11/plugins:/opt/ros/humble/opt/rviz_ogre_vendor/lib:/opt/ros/humble/lib/x86_64-linux-gnu:/opt/ros/humble/lib'), ('BROWSER', '/vscode/vscode-server/bin/linux-x64/e54c774e0add60467559eb0d1e229c6452cf8447/bin/helpers/browser.sh'), ('HOME', '/home/yadhu'), ('OLDPWD', '/home/yadhu/ur3e'), ('TERM_PROGRAM_VERSION', '1.97.2'), ('VSCODE_IPC_HOOK_CLI', '/tmp/vscode-ipc-191d809e-ad6a-48a3-8c83-2991c7349be6.sock'), ('DEBUGPY_ADAPTER_ENDPOINTS', '/home/yadhu/.vscode-server/extensions/ms-python.debugpy-2025.0.1-linux-x64/.noConfigDebugAdapterEndpoints/endpoint-00e5a96652343ffc.txt'), ('ROS_PYTHON_VERSION', '3'), ('VSCODE_GIT_ASKPASS_MAIN', '/vscode/vscode-server/bin/linux-x64/e54c774e0add60467559eb0d1e229c6452cf8447/extensions/git/dist/askpass-main.js'), ('VSCODE_GIT_ASKPASS_NODE', '/vscode/vscode-server/bin/linux-x64/e54c774e0add60467559eb0d1e229c6452cf8447/node'), ('PYDEVD_DISABLE_FILE_VALIDATION', '1'), ('BUNDLED_DEBUGPY_PATH', '/home/yadhu/.vscode-server/extensions/ms-python.debugpy-2025.0.1-linux-x64/bundled/libs/debugpy'), ('COLORTERM', 'truecolor'), ('REMOTE_CONTAINERS', 'true'), ('ROS_DISTRO', 'humble'), ('REMOTE_CONTAINERS_IPC', '/tmp/vscode-remote-containers-ipc-3b15b7cf-88ad-4a56-828c-69c61a495d31.sock'), ('_', '/usr/bin/colcon'), ('ROS_VERSION', '2'), ('TERM', 'xterm-256color'), ('ROS_LOCALHOST_ONLY', '0'), ('PATH', '/vscode/vscode-server/bin/linux-x64/e54c774e0add60467559eb0d1e229c6452cf8447/bin/remote-cli:/opt/ros/humble/bin:/usr/local/sbin:/usr/local/bin:/usr/sbin:/usr/bin:/sbin:/bin:/home/yadhu/.vscode-server/extensions/ms-python.debugpy-2025.0.1-linux-x64/bundled/scripts/noConfigScripts'), ('REMOTE_CONTAINERS_SOCKETS', '["/tmp/vscode-ssh-auth-3b15b7cf-88ad-4a56-828c-69c61a495d31.sock","/home/yadhu/.gnupg/S.gpg-agent"]'), ('DISPLAY', ':1'), ('LANG', 'C.UTF-8'), ('RMW_IMPLEMENTATION', 'rmw_cyclonedds_cpp'), ('LS_COLORS', 'rs=0:di=01;34:ln=01;36:mh=00:pi=40;33:so=01;35:do=01;35:bd=40;33;01:cd=40;33;01:or=40;31;01:mi=00:su=37;41:sg=30;43:ca=30;41:tw=30;42:ow=34;42:st=37;44:ex=01;32:*.tar=01;31:*.tgz=01;31:*.arc=01;31:*.arj=01;31:*.taz=01;31:*.lha=01;31:*.lz4=01;31:*.lzh=01;31:*.lzma=01;31:*.tlz=01;31:*.txz=01;31:*.tzo=01;31:*.t7z=01;31:*.zip=01;31:*.z=01;31:*.dz=01;31:*.gz=01;31:*.lrz=01;31:*.lz=01;31:*.lzo=01;31:*.xz=01;31:*.zst=01;31:*.tzst=01;31:*.bz2=01;31:*.bz=01;31:*.tbz=01;31:*.tbz2=01;31:*.tz=01;31:*.deb=01;31:*.rpm=01;31:*.jar=01;31:*.war=01;31:*.ear=01;31:*.sar=01;31:*.rar=01;31:*.alz=01;31:*.ace=01;31:*.zoo=01;31:*.cpio=01;31:*.7z=01;31:*.rz=01;31:*.cab=01;31:*.wim=01;31:*.swm=01;31:*.dwm=01;31:*.esd=01;31:*.jpg=01;35:*.jpeg=01;35:*.mjpg=01;35:*.mjpeg=01;35:*.gif=01;35:*.bmp=01;35:*.pbm=01;35:*.pgm=01;35:*.ppm=01;35:*.tga=01;35:*.xbm=01;35:*.xpm=01;35:*.tif=01;35:*.tiff=01;35:*.png=01;35:*.svg=01;35:*.svgz=01;35:*.mng=01;35:*.pcx=01;35:*.mov=01;35:*.mpg=01;35:*.mpeg=01;35:*.m2v=01;35:*.mkv=01;35:*.webm=01;35:*.webp=01;35:*.ogm=01;35:*.mp4=01;35:*.m4v=01;35:*.mp4v=01;35:*.vob=01;35:*.qt=01;35:*.nuv=01;35:*.wmv=01;35:*.asf=01;35:*.rm=01;35:*.rmvb=01;35:*.flc=01;35:*.avi=01;35:*.fli=01;35:*.flv=01;35:*.gl=01;35:*.dl=01;35:*.xcf=01;35:*.xwd=01;35:*.yuv=01;35:*.cgm=01;35:*.emf=01;35:*.ogv=01;35:*.ogx=01;35:*.aac=00;36:*.au=00;36:*.flac=00;36:*.m4a=00;36:*.mid=00;36:*.midi=00;36:*.mka=00;36:*.mp3=00;36:*.mpc=00;36:*.ogg=00;36:*.ra=00;36:*.wav=00;36:*.oga=00;36:*.opus=00;36:*.spx=00;36:*.xspf=00;36:'), ('VSCODE_GIT_IPC_HANDLE', '/tmp/vscode-git-09c052f1c4.sock'), ('TERM_PROGRAM', 'vscode'), ('SSH_AUTH_SOCK', '/tmp/vscode-ssh-auth-3b15b7cf-88ad-4a56-828c-69c61a495d31.sock'), ('ROS_DOMAIN_ID', '42'), ('AMENT_PREFIX_PATH', '/opt/ros/humble'), ('SHELL', '/bin/bash'), ('ROS_AUTOMATIC_DISCOVERY_RANGE', 'LOCALHOST'), ('VSCODE_GIT_ASKPASS_EXTRA_ARGS', ''), ('PWD', '/home/yadhu/ur3e/src/build/robotiq_description'), ('LC_ALL', 'C.UTF-8'), ('PYTHONPATH', '/opt/ros/humble/lib/python3.10/site-packages:/opt/ros/humble/local/lib/python3.10/dist-packages'), ('COLCON', '1'), ('CMAKE_PREFIX_PATH', '/opt/ros/humble')]), 'shell': False}
[0.422538] (robotiq_description) StdoutLine: {'line': b'-- Install configuration: ""\n'}
[0.422723] (robotiq_description) StdoutLine: {'line': b'-- Up-to-date: /home/yadhu/ur3e/src/install/robotiq_description/share/robotiq_description/config\n'}
[0.423091] (robotiq_description) StdoutLine: {'line': b'-- Up-to-date: /home/yadhu/ur3e/src/install/robotiq_description/share/robotiq_description/config/robotiq_controllers.yaml\n'}
[0.423744] (robotiq_description) StdoutLine: {'line': b'-- Up-to-date: /home/yadhu/ur3e/src/install/robotiq_description/share/robotiq_description/launch\n'}
[0.423851] (robotiq_description) StdoutLine: {'line': b'-- Up-to-date: /home/yadhu/ur3e/src/install/robotiq_description/share/robotiq_description/launch/robotiq_control.launch.py\n'}
[0.424291] (robotiq_description) StdoutLine: {'line': b'-- Up-to-date: /home/yadhu/ur3e/src/install/robotiq_description/share/robotiq_description/launch/view_gripper.launch.py\n'}
[0.424346] (robotiq_description) StdoutLine: {'line': b'-- Up-to-date: /home/yadhu/ur3e/src/install/robotiq_description/share/robotiq_description/meshes\n'}
[0.424392] (robotiq_description) StdoutLine: {'line': b'-- Up-to-date: /home/yadhu/ur3e/src/install/robotiq_description/share/robotiq_description/meshes/collision\n'}
[0.424438] (robotiq_description) StdoutLine: {'line': b'-- Up-to-date: /home/yadhu/ur3e/src/install/robotiq_description/share/robotiq_description/meshes/collision/2f_85\n'}
[0.424481] (robotiq_description) StdoutLine: {'line': b'-- Up-to-date: /home/yadhu/ur3e/src/install/robotiq_description/share/robotiq_description/meshes/collision/2f_85/ur_to_robotiq_adapter.stl\n'}
[0.424526] (robotiq_description) StdoutLine: {'line': b'-- Up-to-date: /home/yadhu/ur3e/src/install/robotiq_description/share/robotiq_description/meshes/collision/2f_85/right_finger_tip.stl\n'}
[0.424571] (robotiq_description) StdoutLine: {'line': b'-- Up-to-date: /home/yadhu/ur3e/src/install/robotiq_description/share/robotiq_description/meshes/collision/2f_85/left_inner_knuckle.stl\n'}
[0.424622] (robotiq_description) StdoutLine: {'line': b'-- Up-to-date: /home/yadhu/ur3e/src/install/robotiq_description/share/robotiq_description/meshes/collision/2f_85/right_knuckle.stl\n'}
[0.424666] (robotiq_description) StdoutLine: {'line': b'-- Up-to-date: /home/yadhu/ur3e/src/install/robotiq_description/share/robotiq_description/meshes/collision/2f_85/left_knuckle.stl\n'}
[0.424709] (robotiq_description) StdoutLine: {'line': b'-- Up-to-date: /home/yadhu/ur3e/src/install/robotiq_description/share/robotiq_description/meshes/collision/2f_85/left_finger_tip.stl\n'}
[0.424753] (robotiq_description) StdoutLine: {'line': b'-- Up-to-date: /home/yadhu/ur3e/src/install/robotiq_description/share/robotiq_description/meshes/collision/2f_85/right_inner_knuckle.stl\n'}
[0.424795] (robotiq_description) StdoutLine: {'line': b'-- Up-to-date: /home/yadhu/ur3e/src/install/robotiq_description/share/robotiq_description/meshes/collision/2f_85/robotiq_base.stl\n'}
[0.424838] (robotiq_description) StdoutLine: {'line': b'-- Up-to-date: /home/yadhu/ur3e/src/install/robotiq_description/share/robotiq_description/meshes/collision/2f_85/left_finger.stl\n'}
[0.424881] (robotiq_description) StdoutLine: {'line': b'-- Up-to-date: /home/yadhu/ur3e/src/install/robotiq_description/share/robotiq_description/meshes/collision/2f_85/right_finger.stl\n'}
[0.424924] (robotiq_description) StdoutLine: {'line': b'-- Up-to-date: /home/yadhu/ur3e/src/install/robotiq_description/share/robotiq_description/meshes/visual\n'}
[0.424968] (robotiq_description) StdoutLine: {'line': b'-- Up-to-date: /home/yadhu/ur3e/src/install/robotiq_description/share/robotiq_description/meshes/visual/2f_85\n'}
[0.425017] (robotiq_description) StdoutLine: {'line': b'-- Up-to-date: /home/yadhu/ur3e/src/install/robotiq_description/share/robotiq_description/meshes/visual/2f_85/right_finger.dae\n'}
[0.425069] (robotiq_description) StdoutLine: {'line': b'-- Up-to-date: /home/yadhu/ur3e/src/install/robotiq_description/share/robotiq_description/meshes/visual/2f_85/left_finger_tip.dae\n'}
[0.425112] (robotiq_description) StdoutLine: {'line': b'-- Up-to-date: /home/yadhu/ur3e/src/install/robotiq_description/share/robotiq_description/meshes/visual/2f_85/right_inner_knuckle.dae\n'}
[0.426090] (robotiq_description) StdoutLine: {'line': b'-- Up-to-date: /home/yadhu/ur3e/src/install/robotiq_description/share/robotiq_description/meshes/visual/2f_85/right_knuckle.dae\n'}
[0.426396] (robotiq_description) StdoutLine: {'line': b'-- Up-to-date: /home/yadhu/ur3e/src/install/robotiq_description/share/robotiq_description/meshes/visual/2f_85/right_finger_tip.dae\n'}
[0.426447] (robotiq_description) StdoutLine: {'line': b'-- Up-to-date: /home/yadhu/ur3e/src/install/robotiq_description/share/robotiq_description/meshes/visual/2f_85/ur_to_robotiq_adapter.dae\n'}
[0.426493] (robotiq_description) StdoutLine: {'line': b'-- Up-to-date: /home/yadhu/ur3e/src/install/robotiq_description/share/robotiq_description/meshes/visual/2f_85/left_inner_knuckle.dae\n'}
[0.426544] (robotiq_description) StdoutLine: {'line': b'-- Up-to-date: /home/yadhu/ur3e/src/install/robotiq_description/share/robotiq_description/meshes/visual/2f_85/left_finger.dae\n'}
[0.426590] (robotiq_description) StdoutLine: {'line': b'-- Up-to-date: /home/yadhu/ur3e/src/install/robotiq_description/share/robotiq_description/meshes/visual/2f_85/left_knuckle.dae\n'}
[0.426635] (robotiq_description) StdoutLine: {'line': b'-- Up-to-date: /home/yadhu/ur3e/src/install/robotiq_description/share/robotiq_description/meshes/visual/2f_85/robotiq_base.dae\n'}
[0.426677] (robotiq_description) StdoutLine: {'line': b'-- Up-to-date: /home/yadhu/ur3e/src/install/robotiq_description/share/robotiq_description/rviz\n'}
[0.426719] (robotiq_description) StdoutLine: {'line': b'-- Up-to-date: /home/yadhu/ur3e/src/install/robotiq_description/share/robotiq_description/rviz/view_urdf.rviz\n'}
[0.426761] (robotiq_description) StdoutLine: {'line': b'-- Up-to-date: /home/yadhu/ur3e/src/install/robotiq_description/share/robotiq_description/urdf\n'}
[0.426807] (robotiq_description) StdoutLine: {'line': b'-- Up-to-date: /home/yadhu/ur3e/src/install/robotiq_description/share/robotiq_description/urdf/robotiq_2f_85_macro.urdf.xacro\n'}
[0.426853] (robotiq_description) StdoutLine: {'line': b'-- Up-to-date: /home/yadhu/ur3e/src/install/robotiq_description/share/robotiq_description/urdf/2f_85.ros2_control.xacro\n'}
[0.426893] (robotiq_description) StdoutLine: {'line': b'-- Up-to-date: /home/yadhu/ur3e/src/install/robotiq_description/share/robotiq_description/urdf/robotiq_2f_85_gripper.urdf.xacro\n'}
[0.426934] (robotiq_description) StdoutLine: {'line': b'-- Up-to-date: /home/yadhu/ur3e/src/install/robotiq_description/share/robotiq_description/urdf/ur_to_robotiq_adapter.urdf.xacro\n'}
[0.426974] (robotiq_description) StdoutLine: {'line': b'-- Up-to-date: /home/yadhu/ur3e/src/install/robotiq_description/share/ament_index/resource_index/package_run_dependencies/robotiq_description\n'}
[0.427023] (robotiq_description) StdoutLine: {'line': b'-- Up-to-date: /home/yadhu/ur3e/src/install/robotiq_description/share/ament_index/resource_index/parent_prefix_path/robotiq_description\n'}
[0.427068] (robotiq_description) StdoutLine: {'line': b'-- Up-to-date: /home/yadhu/ur3e/src/install/robotiq_description/share/robotiq_description/environment/ament_prefix_path.sh\n'}
[0.427110] (robotiq_description) StdoutLine: {'line': b'-- Up-to-date: /home/yadhu/ur3e/src/install/robotiq_description/share/robotiq_description/environment/ament_prefix_path.dsv\n'}
[0.427153] (robotiq_description) StdoutLine: {'line': b'-- Up-to-date: /home/yadhu/ur3e/src/install/robotiq_description/share/robotiq_description/environment/path.sh\n'}
[0.427197] (robotiq_description) StdoutLine: {'line': b'-- Up-to-date: /home/yadhu/ur3e/src/install/robotiq_description/share/robotiq_description/environment/path.dsv\n'}
[0.427242] (robotiq_description) StdoutLine: {'line': b'-- Up-to-date: /home/yadhu/ur3e/src/install/robotiq_description/share/robotiq_description/local_setup.bash\n'}
[0.427285] (robotiq_description) StdoutLine: {'line': b'-- Up-to-date: /home/yadhu/ur3e/src/install/robotiq_description/share/robotiq_description/local_setup.sh\n'}
[0.427330] (robotiq_description) StdoutLine: {'line': b'-- Up-to-date: /home/yadhu/ur3e/src/install/robotiq_description/share/robotiq_description/local_setup.zsh\n'}
[0.427374] (robotiq_description) StdoutLine: {'line': b'-- Up-to-date: /home/yadhu/ur3e/src/install/robotiq_description/share/robotiq_description/local_setup.dsv\n'}
[0.427417] (robotiq_description) StdoutLine: {'line': b'-- Installing: /home/yadhu/ur3e/src/install/robotiq_description/share/robotiq_description/package.dsv\n'}
[0.427458] (robotiq_description) StdoutLine: {'line': b'-- Up-to-date: /home/yadhu/ur3e/src/install/robotiq_description/share/ament_index/resource_index/packages/robotiq_description\n'}
[0.427500] (robotiq_description) StdoutLine: {'line': b'-- Up-to-date: /home/yadhu/ur3e/src/install/robotiq_description/share/robotiq_description/cmake/robotiq_descriptionConfig.cmake\n'}
[0.427542] (robotiq_description) StdoutLine: {'line': b'-- Up-to-date: /home/yadhu/ur3e/src/install/robotiq_description/share/robotiq_description/cmake/robotiq_descriptionConfig-version.cmake\n'}
[0.427584] (robotiq_description) StdoutLine: {'line': b'-- Up-to-date: /home/yadhu/ur3e/src/install/robotiq_description/share/robotiq_description/package.xml\n'}
[0.427626] (robotiq_description) CommandEnded: {'returncode': 0}
[0.456430] (robotiq_description) JobEnded: {'identifier': 'robotiq_description', 'rc': 0}
[0.457395] (ur_description) JobStarted: {'identifier': 'ur_description'}
[0.461463] (ur_description) JobProgress: {'identifier': 'ur_description', 'progress': 'cmake'}
[0.461711] (ur_description) JobProgress: {'identifier': 'ur_description', 'progress': 'build'}
[0.461858] (ur_description) Command: {'cmd': ['/usr/bin/cmake', '--build', '/home/yadhu/ur3e/src/build/ur_description', '--', '-j16', '-l16'], 'cwd': '/home/yadhu/ur3e/src/build/ur_description', 'env': OrderedDict([('HOSTNAME', 'yadhuk'), ('GIT_ASKPASS', '/vscode/vscode-server/bin/linux-x64/e54c774e0add60467559eb0d1e229c6452cf8447/extensions/git/dist/askpass.sh'), ('SHLVL', '2'), ('LD_LIBRARY_PATH', '/usr/lib/x86_64-linux-gnu/gazebo-11/plugins:/opt/ros/humble/opt/rviz_ogre_vendor/lib:/opt/ros/humble/lib/x86_64-linux-gnu:/opt/ros/humble/lib'), ('BROWSER', '/vscode/vscode-server/bin/linux-x64/e54c774e0add60467559eb0d1e229c6452cf8447/bin/helpers/browser.sh'), ('HOME', '/home/yadhu'), ('OLDPWD', '/home/yadhu/ur3e'), ('TERM_PROGRAM_VERSION', '1.97.2'), ('VSCODE_IPC_HOOK_CLI', '/tmp/vscode-ipc-191d809e-ad6a-48a3-8c83-2991c7349be6.sock'), ('DEBUGPY_ADAPTER_ENDPOINTS', '/home/yadhu/.vscode-server/extensions/ms-python.debugpy-2025.0.1-linux-x64/.noConfigDebugAdapterEndpoints/endpoint-00e5a96652343ffc.txt'), ('ROS_PYTHON_VERSION', '3'), ('VSCODE_GIT_ASKPASS_MAIN', '/vscode/vscode-server/bin/linux-x64/e54c774e0add60467559eb0d1e229c6452cf8447/extensions/git/dist/askpass-main.js'), ('VSCODE_GIT_ASKPASS_NODE', '/vscode/vscode-server/bin/linux-x64/e54c774e0add60467559eb0d1e229c6452cf8447/node'), ('PYDEVD_DISABLE_FILE_VALIDATION', '1'), ('BUNDLED_DEBUGPY_PATH', '/home/yadhu/.vscode-server/extensions/ms-python.debugpy-2025.0.1-linux-x64/bundled/libs/debugpy'), ('COLORTERM', 'truecolor'), ('REMOTE_CONTAINERS', 'true'), ('ROS_DISTRO', 'humble'), ('REMOTE_CONTAINERS_IPC', '/tmp/vscode-remote-containers-ipc-3b15b7cf-88ad-4a56-828c-69c61a495d31.sock'), ('_', '/usr/bin/colcon'), ('ROS_VERSION', '2'), ('TERM', 'xterm-256color'), ('ROS_LOCALHOST_ONLY', '0'), ('PATH', '/vscode/vscode-server/bin/linux-x64/e54c774e0add60467559eb0d1e229c6452cf8447/bin/remote-cli:/opt/ros/humble/bin:/usr/local/sbin:/usr/local/bin:/usr/sbin:/usr/bin:/sbin:/bin:/home/yadhu/.vscode-server/extensions/ms-python.debugpy-2025.0.1-linux-x64/bundled/scripts/noConfigScripts'), ('REMOTE_CONTAINERS_SOCKETS', '["/tmp/vscode-ssh-auth-3b15b7cf-88ad-4a56-828c-69c61a495d31.sock","/home/yadhu/.gnupg/S.gpg-agent"]'), ('DISPLAY', ':1'), ('LANG', 'C.UTF-8'), ('RMW_IMPLEMENTATION', 'rmw_cyclonedds_cpp'), ('LS_COLORS', 'rs=0:di=01;34:ln=01;36:mh=00:pi=40;33:so=01;35:do=01;35:bd=40;33;01:cd=40;33;01:or=40;31;01:mi=00:su=37;41:sg=30;43:ca=30;41:tw=30;42:ow=34;42:st=37;44:ex=01;32:*.tar=01;31:*.tgz=01;31:*.arc=01;31:*.arj=01;31:*.taz=01;31:*.lha=01;31:*.lz4=01;31:*.lzh=01;31:*.lzma=01;31:*.tlz=01;31:*.txz=01;31:*.tzo=01;31:*.t7z=01;31:*.zip=01;31:*.z=01;31:*.dz=01;31:*.gz=01;31:*.lrz=01;31:*.lz=01;31:*.lzo=01;31:*.xz=01;31:*.zst=01;31:*.tzst=01;31:*.bz2=01;31:*.bz=01;31:*.tbz=01;31:*.tbz2=01;31:*.tz=01;31:*.deb=01;31:*.rpm=01;31:*.jar=01;31:*.war=01;31:*.ear=01;31:*.sar=01;31:*.rar=01;31:*.alz=01;31:*.ace=01;31:*.zoo=01;31:*.cpio=01;31:*.7z=01;31:*.rz=01;31:*.cab=01;31:*.wim=01;31:*.swm=01;31:*.dwm=01;31:*.esd=01;31:*.jpg=01;35:*.jpeg=01;35:*.mjpg=01;35:*.mjpeg=01;35:*.gif=01;35:*.bmp=01;35:*.pbm=01;35:*.pgm=01;35:*.ppm=01;35:*.tga=01;35:*.xbm=01;35:*.xpm=01;35:*.tif=01;35:*.tiff=01;35:*.png=01;35:*.svg=01;35:*.svgz=01;35:*.mng=01;35:*.pcx=01;35:*.mov=01;35:*.mpg=01;35:*.mpeg=01;35:*.m2v=01;35:*.mkv=01;35:*.webm=01;35:*.webp=01;35:*.ogm=01;35:*.mp4=01;35:*.m4v=01;35:*.mp4v=01;35:*.vob=01;35:*.qt=01;35:*.nuv=01;35:*.wmv=01;35:*.asf=01;35:*.rm=01;35:*.rmvb=01;35:*.flc=01;35:*.avi=01;35:*.fli=01;35:*.flv=01;35:*.gl=01;35:*.dl=01;35:*.xcf=01;35:*.xwd=01;35:*.yuv=01;35:*.cgm=01;35:*.emf=01;35:*.ogv=01;35:*.ogx=01;35:*.aac=00;36:*.au=00;36:*.flac=00;36:*.m4a=00;36:*.mid=00;36:*.midi=00;36:*.mka=00;36:*.mp3=00;36:*.mpc=00;36:*.ogg=00;36:*.ra=00;36:*.wav=00;36:*.oga=00;36:*.opus=00;36:*.spx=00;36:*.xspf=00;36:'), ('VSCODE_GIT_IPC_HANDLE', '/tmp/vscode-git-09c052f1c4.sock'), ('TERM_PROGRAM', 'vscode'), ('SSH_AUTH_SOCK', '/tmp/vscode-ssh-auth-3b15b7cf-88ad-4a56-828c-69c61a495d31.sock'), ('ROS_DOMAIN_ID', '42'), ('AMENT_PREFIX_PATH', '/home/yadhu/ur3e/src/install/robotiq_description:/opt/ros/humble'), ('SHELL', '/bin/bash'), ('ROS_AUTOMATIC_DISCOVERY_RANGE', 'LOCALHOST'), ('VSCODE_GIT_ASKPASS_EXTRA_ARGS', ''), ('PWD', '/home/yadhu/ur3e/src/build/ur_description'), ('LC_ALL', 'C.UTF-8'), ('PYTHONPATH', '/opt/ros/humble/lib/python3.10/site-packages:/opt/ros/humble/local/lib/python3.10/dist-packages'), ('COLCON', '1'), ('CMAKE_PREFIX_PATH', '/home/yadhu/ur3e/src/install/robotiq_description:/opt/ros/humble')]), 'shell': False}
[0.494893] (unity_robotics_demo_msgs) JobProgress: {'identifier': 'unity_robotics_demo_msgs', 'progress': 'install'}
[0.495220] (unity_robotics_demo_msgs) Command: {'cmd': ['/usr/bin/cmake', '--install', '/home/yadhu/ur3e/src/build/unity_robotics_demo_msgs'], 'cwd': '/home/yadhu/ur3e/src/build/unity_robotics_demo_msgs', 'env': OrderedDict([('HOSTNAME', 'yadhuk'), ('GIT_ASKPASS', '/vscode/vscode-server/bin/linux-x64/e54c774e0add60467559eb0d1e229c6452cf8447/extensions/git/dist/askpass.sh'), ('SHLVL', '2'), ('LD_LIBRARY_PATH', '/usr/lib/x86_64-linux-gnu/gazebo-11/plugins:/opt/ros/humble/opt/rviz_ogre_vendor/lib:/opt/ros/humble/lib/x86_64-linux-gnu:/opt/ros/humble/lib'), ('BROWSER', '/vscode/vscode-server/bin/linux-x64/e54c774e0add60467559eb0d1e229c6452cf8447/bin/helpers/browser.sh'), ('HOME', '/home/yadhu'), ('OLDPWD', '/home/yadhu/ur3e'), ('TERM_PROGRAM_VERSION', '1.97.2'), ('VSCODE_IPC_HOOK_CLI', '/tmp/vscode-ipc-191d809e-ad6a-48a3-8c83-2991c7349be6.sock'), ('DEBUGPY_ADAPTER_ENDPOINTS', '/home/yadhu/.vscode-server/extensions/ms-python.debugpy-2025.0.1-linux-x64/.noConfigDebugAdapterEndpoints/endpoint-00e5a96652343ffc.txt'), ('ROS_PYTHON_VERSION', '3'), ('VSCODE_GIT_ASKPASS_MAIN', '/vscode/vscode-server/bin/linux-x64/e54c774e0add60467559eb0d1e229c6452cf8447/extensions/git/dist/askpass-main.js'), ('VSCODE_GIT_ASKPASS_NODE', '/vscode/vscode-server/bin/linux-x64/e54c774e0add60467559eb0d1e229c6452cf8447/node'), ('PYDEVD_DISABLE_FILE_VALIDATION', '1'), ('BUNDLED_DEBUGPY_PATH', '/home/yadhu/.vscode-server/extensions/ms-python.debugpy-2025.0.1-linux-x64/bundled/libs/debugpy'), ('COLORTERM', 'truecolor'), ('REMOTE_CONTAINERS', 'true'), ('ROS_DISTRO', 'humble'), ('REMOTE_CONTAINERS_IPC', '/tmp/vscode-remote-containers-ipc-3b15b7cf-88ad-4a56-828c-69c61a495d31.sock'), ('_', '/usr/bin/colcon'), ('ROS_VERSION', '2'), ('TERM', 'xterm-256color'), ('ROS_LOCALHOST_ONLY', '0'), ('PATH', '/vscode/vscode-server/bin/linux-x64/e54c774e0add60467559eb0d1e229c6452cf8447/bin/remote-cli:/opt/ros/humble/bin:/usr/local/sbin:/usr/local/bin:/usr/sbin:/usr/bin:/sbin:/bin:/home/yadhu/.vscode-server/extensions/ms-python.debugpy-2025.0.1-linux-x64/bundled/scripts/noConfigScripts'), ('REMOTE_CONTAINERS_SOCKETS', '["/tmp/vscode-ssh-auth-3b15b7cf-88ad-4a56-828c-69c61a495d31.sock","/home/yadhu/.gnupg/S.gpg-agent"]'), ('DISPLAY', ':1'), ('LANG', 'C.UTF-8'), ('RMW_IMPLEMENTATION', 'rmw_cyclonedds_cpp'), ('LS_COLORS', 'rs=0:di=01;34:ln=01;36:mh=00:pi=40;33:so=01;35:do=01;35:bd=40;33;01:cd=40;33;01:or=40;31;01:mi=00:su=37;41:sg=30;43:ca=30;41:tw=30;42:ow=34;42:st=37;44:ex=01;32:*.tar=01;31:*.tgz=01;31:*.arc=01;31:*.arj=01;31:*.taz=01;31:*.lha=01;31:*.lz4=01;31:*.lzh=01;31:*.lzma=01;31:*.tlz=01;31:*.txz=01;31:*.tzo=01;31:*.t7z=01;31:*.zip=01;31:*.z=01;31:*.dz=01;31:*.gz=01;31:*.lrz=01;31:*.lz=01;31:*.lzo=01;31:*.xz=01;31:*.zst=01;31:*.tzst=01;31:*.bz2=01;31:*.bz=01;31:*.tbz=01;31:*.tbz2=01;31:*.tz=01;31:*.deb=01;31:*.rpm=01;31:*.jar=01;31:*.war=01;31:*.ear=01;31:*.sar=01;31:*.rar=01;31:*.alz=01;31:*.ace=01;31:*.zoo=01;31:*.cpio=01;31:*.7z=01;31:*.rz=01;31:*.cab=01;31:*.wim=01;31:*.swm=01;31:*.dwm=01;31:*.esd=01;31:*.jpg=01;35:*.jpeg=01;35:*.mjpg=01;35:*.mjpeg=01;35:*.gif=01;35:*.bmp=01;35:*.pbm=01;35:*.pgm=01;35:*.ppm=01;35:*.tga=01;35:*.xbm=01;35:*.xpm=01;35:*.tif=01;35:*.tiff=01;35:*.png=01;35:*.svg=01;35:*.svgz=01;35:*.mng=01;35:*.pcx=01;35:*.mov=01;35:*.mpg=01;35:*.mpeg=01;35:*.m2v=01;35:*.mkv=01;35:*.webm=01;35:*.webp=01;35:*.ogm=01;35:*.mp4=01;35:*.m4v=01;35:*.mp4v=01;35:*.vob=01;35:*.qt=01;35:*.nuv=01;35:*.wmv=01;35:*.asf=01;35:*.rm=01;35:*.rmvb=01;35:*.flc=01;35:*.avi=01;35:*.fli=01;35:*.flv=01;35:*.gl=01;35:*.dl=01;35:*.xcf=01;35:*.xwd=01;35:*.yuv=01;35:*.cgm=01;35:*.emf=01;35:*.ogv=01;35:*.ogx=01;35:*.aac=00;36:*.au=00;36:*.flac=00;36:*.m4a=00;36:*.mid=00;36:*.midi=00;36:*.mka=00;36:*.mp3=00;36:*.mpc=00;36:*.ogg=00;36:*.ra=00;36:*.wav=00;36:*.oga=00;36:*.opus=00;36:*.spx=00;36:*.xspf=00;36:'), ('VSCODE_GIT_IPC_HANDLE', '/tmp/vscode-git-09c052f1c4.sock'), ('TERM_PROGRAM', 'vscode'), ('SSH_AUTH_SOCK', '/tmp/vscode-ssh-auth-3b15b7cf-88ad-4a56-828c-69c61a495d31.sock'), ('ROS_DOMAIN_ID', '42'), ('AMENT_PREFIX_PATH', '/opt/ros/humble'), ('SHELL', '/bin/bash'), ('ROS_AUTOMATIC_DISCOVERY_RANGE', 'LOCALHOST'), ('VSCODE_GIT_ASKPASS_EXTRA_ARGS', ''), ('PWD', '/home/yadhu/ur3e/src/build/unity_robotics_demo_msgs'), ('LC_ALL', 'C.UTF-8'), ('PYTHONPATH', '/opt/ros/humble/lib/python3.10/site-packages:/opt/ros/humble/local/lib/python3.10/dist-packages'), ('COLCON', '1'), ('CMAKE_PREFIX_PATH', '/opt/ros/humble')]), 'shell': False}
[0.497123] (ur_description) CommandEnded: {'returncode': 0}
[0.501142] (-) TimerEvent: {}
[0.501664] (unity_robotics_demo_msgs) StdoutLine: {'line': b'-- Install configuration: ""\n'}
[0.501870] (unity_robotics_demo_msgs) StdoutLine: {'line': b'-- Up-to-date: /home/yadhu/ur3e/src/install/unity_robotics_demo_msgs/share/ament_index/resource_index/rosidl_interfaces/unity_robotics_demo_msgs\n'}
[0.502336] (unity_robotics_demo_msgs) StdoutLine: {'line': b'-- Up-to-date: /home/yadhu/ur3e/src/install/unity_robotics_demo_msgs/include/unity_robotics_demo_msgs/unity_robotics_demo_msgs\n'}
[0.502508] (unity_robotics_demo_msgs) StdoutLine: {'line': b'-- Up-to-date: /home/yadhu/ur3e/src/install/unity_robotics_demo_msgs/include/unity_robotics_demo_msgs/unity_robotics_demo_msgs/msg\n'}
[0.502570] (unity_robotics_demo_msgs) StdoutLine: {'line': b'-- Up-to-date: /home/yadhu/ur3e/src/install/unity_robotics_demo_msgs/include/unity_robotics_demo_msgs/unity_robotics_demo_msgs/msg/rosidl_generator_c__visibility_control.h\n'}
[0.502625] (unity_robotics_demo_msgs) StdoutLine: {'line': b'-- Up-to-date: /home/yadhu/ur3e/src/install/unity_robotics_demo_msgs/include/unity_robotics_demo_msgs/unity_robotics_demo_msgs/msg/pos_rot.h\n'}
[0.502666] (unity_robotics_demo_msgs) StdoutLine: {'line': b'-- Up-to-date: /home/yadhu/ur3e/src/install/unity_robotics_demo_msgs/include/unity_robotics_demo_msgs/unity_robotics_demo_msgs/msg/detail\n'}
[0.502823] (unity_robotics_demo_msgs) StdoutLine: {'line': b'-- Up-to-date: /home/yadhu/ur3e/src/install/unity_robotics_demo_msgs/include/unity_robotics_demo_msgs/unity_robotics_demo_msgs/msg/detail/unity_color__functions.c\n'}
[0.503134] (unity_robotics_demo_msgs) StdoutLine: {'line': b'-- Up-to-date: /home/yadhu/ur3e/src/install/unity_robotics_demo_msgs/include/unity_robotics_demo_msgs/unity_robotics_demo_msgs/msg/detail/pos_rot__struct.h\n'}
[0.503289] (unity_robotics_demo_msgs) StdoutLine: {'line': b'-- Up-to-date: /home/yadhu/ur3e/src/install/unity_robotics_demo_msgs/include/unity_robotics_demo_msgs/unity_robotics_demo_msgs/msg/detail/pos_rot__type_support.h\n'}
[0.503342] (unity_robotics_demo_msgs) StdoutLine: {'line': b'-- Up-to-date: /home/yadhu/ur3e/src/install/unity_robotics_demo_msgs/include/unity_robotics_demo_msgs/unity_robotics_demo_msgs/msg/detail/pos_rot__functions.h\n'}
[0.503417] (unity_robotics_demo_msgs) StdoutLine: {'line': b'-- Up-to-date: /home/yadhu/ur3e/src/install/unity_robotics_demo_msgs/include/unity_robotics_demo_msgs/unity_robotics_demo_msgs/msg/detail/pos_rot__functions.c\n'}
[0.503464] (unity_robotics_demo_msgs) StdoutLine: {'line': b'-- Up-to-date: /home/yadhu/ur3e/src/install/unity_robotics_demo_msgs/include/unity_robotics_demo_msgs/unity_robotics_demo_msgs/msg/detail/unity_color__type_support.h\n'}
[0.503574] (unity_robotics_demo_msgs) StdoutLine: {'line': b'-- Up-to-date: /home/yadhu/ur3e/src/install/unity_robotics_demo_msgs/include/unity_robotics_demo_msgs/unity_robotics_demo_msgs/msg/detail/unity_color__struct.h\n'}
[0.503620] (unity_robotics_demo_msgs) StdoutLine: {'line': b'-- Up-to-date: /home/yadhu/ur3e/src/install/unity_robotics_demo_msgs/include/unity_robotics_demo_msgs/unity_robotics_demo_msgs/msg/detail/unity_color__functions.h\n'}
[0.503686] (unity_robotics_demo_msgs) StdoutLine: {'line': b'-- Up-to-date: /home/yadhu/ur3e/src/install/unity_robotics_demo_msgs/include/unity_robotics_demo_msgs/unity_robotics_demo_msgs/msg/unity_color.h\n'}
[0.504396] (unity_robotics_demo_msgs) StdoutLine: {'line': b'-- Up-to-date: /home/yadhu/ur3e/src/install/unity_robotics_demo_msgs/include/unity_robotics_demo_msgs/unity_robotics_demo_msgs/srv\n'}
[0.504466] (unity_robotics_demo_msgs) StdoutLine: {'line': b'-- Up-to-date: /home/yadhu/ur3e/src/install/unity_robotics_demo_msgs/include/unity_robotics_demo_msgs/unity_robotics_demo_msgs/srv/position_service.h\n'}
[0.504517] (unity_robotics_demo_msgs) StdoutLine: {'line': b'-- Up-to-date: /home/yadhu/ur3e/src/install/unity_robotics_demo_msgs/include/unity_robotics_demo_msgs/unity_robotics_demo_msgs/srv/detail\n'}
[0.504631] (unity_robotics_demo_msgs) StdoutLine: {'line': b'-- Up-to-date: /home/yadhu/ur3e/src/install/unity_robotics_demo_msgs/include/unity_robotics_demo_msgs/unity_robotics_demo_msgs/srv/detail/position_service__functions.h\n'}
[0.504766] (unity_robotics_demo_msgs) StdoutLine: {'line': b'-- Up-to-date: /home/yadhu/ur3e/src/install/unity_robotics_demo_msgs/include/unity_robotics_demo_msgs/unity_robotics_demo_msgs/srv/detail/object_pose_service__functions.h\n'}
[0.504821] (unity_robotics_demo_msgs) StdoutLine: {'line': b'-- Up-to-date: /home/yadhu/ur3e/src/install/unity_robotics_demo_msgs/include/unity_robotics_demo_msgs/unity_robotics_demo_msgs/srv/detail/object_pose_service__type_support.h\n'}
[0.504864] (unity_robotics_demo_msgs) StdoutLine: {'line': b'-- Up-to-date: /home/yadhu/ur3e/src/install/unity_robotics_demo_msgs/include/unity_robotics_demo_msgs/unity_robotics_demo_msgs/srv/detail/position_service__functions.c\n'}
[0.504903] (unity_robotics_demo_msgs) StdoutLine: {'line': b'-- Up-to-date: /home/yadhu/ur3e/src/install/unity_robotics_demo_msgs/include/unity_robotics_demo_msgs/unity_robotics_demo_msgs/srv/detail/position_service__struct.h\n'}
[0.504943] (unity_robotics_demo_msgs) StdoutLine: {'line': b'-- Up-to-date: /home/yadhu/ur3e/src/install/unity_robotics_demo_msgs/include/unity_robotics_demo_msgs/unity_robotics_demo_msgs/srv/detail/object_pose_service__functions.c\n'}
[0.504981] (unity_robotics_demo_msgs) StdoutLine: {'line': b'-- Up-to-date: /home/yadhu/ur3e/src/install/unity_robotics_demo_msgs/include/unity_robotics_demo_msgs/unity_robotics_demo_msgs/srv/detail/position_service__type_support.h\n'}
[0.505206] (unity_robotics_demo_msgs) StdoutLine: {'line': b'-- Up-to-date: /home/yadhu/ur3e/src/install/unity_robotics_demo_msgs/include/unity_robotics_demo_msgs/unity_robotics_demo_msgs/srv/detail/object_pose_service__struct.h\n'}
[0.505255] (unity_robotics_demo_msgs) StdoutLine: {'line': b'-- Up-to-date: /home/yadhu/ur3e/src/install/unity_robotics_demo_msgs/include/unity_robotics_demo_msgs/unity_robotics_demo_msgs/srv/object_pose_service.h\n'}
[0.505301] (unity_robotics_demo_msgs) StdoutLine: {'line': b'-- Up-to-date: /home/yadhu/ur3e/src/install/unity_robotics_demo_msgs/share/unity_robotics_demo_msgs/environment/library_path.sh\n'}
[0.505346] (unity_robotics_demo_msgs) StdoutLine: {'line': b'-- Up-to-date: /home/yadhu/ur3e/src/install/unity_robotics_demo_msgs/share/unity_robotics_demo_msgs/environment/library_path.dsv\n'}
[0.505392] (unity_robotics_demo_msgs) StdoutLine: {'line': b'-- Up-to-date: /home/yadhu/ur3e/src/install/unity_robotics_demo_msgs/lib/libunity_robotics_demo_msgs__rosidl_generator_c.so\n'}
[0.505571] (unity_robotics_demo_msgs) StdoutLine: {'line': b'-- Up-to-date: /home/yadhu/ur3e/src/install/unity_robotics_demo_msgs/include/unity_robotics_demo_msgs/unity_robotics_demo_msgs\n'}
[0.505650] (unity_robotics_demo_msgs) StdoutLine: {'line': b'-- Up-to-date: /home/yadhu/ur3e/src/install/unity_robotics_demo_msgs/include/unity_robotics_demo_msgs/unity_robotics_demo_msgs/msg\n'}
[0.505709] (unity_robotics_demo_msgs) StdoutLine: {'line': b'-- Up-to-date: /home/yadhu/ur3e/src/install/unity_robotics_demo_msgs/include/unity_robotics_demo_msgs/unity_robotics_demo_msgs/msg/rosidl_typesupport_fastrtps_c__visibility_control.h\n'}
[0.505761] (unity_robotics_demo_msgs) StdoutLine: {'line': b'-- Up-to-date: /home/yadhu/ur3e/src/install/unity_robotics_demo_msgs/include/unity_robotics_demo_msgs/unity_robotics_demo_msgs/msg/detail\n'}
[0.505820] (unity_robotics_demo_msgs) StdoutLine: {'line': b'-- Up-to-date: /home/yadhu/ur3e/src/install/unity_robotics_demo_msgs/include/unity_robotics_demo_msgs/unity_robotics_demo_msgs/msg/detail/pos_rot__rosidl_typesupport_fastrtps_c.h\n'}
[0.505869] (unity_robotics_demo_msgs) StdoutLine: {'line': b'-- Up-to-date: /home/yadhu/ur3e/src/install/unity_robotics_demo_msgs/include/unity_robotics_demo_msgs/unity_robotics_demo_msgs/msg/detail/unity_color__rosidl_typesupport_fastrtps_c.h\n'}
[0.505920] (unity_robotics_demo_msgs) StdoutLine: {'line': b'-- Up-to-date: /home/yadhu/ur3e/src/install/unity_robotics_demo_msgs/include/unity_robotics_demo_msgs/unity_robotics_demo_msgs/srv\n'}
[0.505967] (unity_robotics_demo_msgs) StdoutLine: {'line': b'-- Up-to-date: /home/yadhu/ur3e/src/install/unity_robotics_demo_msgs/include/unity_robotics_demo_msgs/unity_robotics_demo_msgs/srv/detail\n'}
[0.506027] (unity_robotics_demo_msgs) StdoutLine: {'line': b'-- Up-to-date: /home/yadhu/ur3e/src/install/unity_robotics_demo_msgs/include/unity_robotics_demo_msgs/unity_robotics_demo_msgs/srv/detail/position_service__rosidl_typesupport_fastrtps_c.h\n'}
[0.506079] (unity_robotics_demo_msgs) StdoutLine: {'line': b'-- Up-to-date: /home/yadhu/ur3e/src/install/unity_robotics_demo_msgs/include/unity_robotics_demo_msgs/unity_robotics_demo_msgs/srv/detail/object_pose_service__rosidl_typesupport_fastrtps_c.h\n'}
[0.506126] (unity_robotics_demo_msgs) StdoutLine: {'line': b'-- Up-to-date: /home/yadhu/ur3e/src/install/unity_robotics_demo_msgs/lib/libunity_robotics_demo_msgs__rosidl_typesupport_fastrtps_c.so\n'}
[0.506173] (unity_robotics_demo_msgs) StdoutLine: {'line': b'-- Up-to-date: /home/yadhu/ur3e/src/install/unity_robotics_demo_msgs/include/unity_robotics_demo_msgs/unity_robotics_demo_msgs\n'}
[0.506220] (unity_robotics_demo_msgs) StdoutLine: {'line': b'-- Up-to-date: /home/yadhu/ur3e/src/install/unity_robotics_demo_msgs/include/unity_robotics_demo_msgs/unity_robotics_demo_msgs/msg\n'}
[0.506271] (unity_robotics_demo_msgs) StdoutLine: {'line': b'-- Up-to-date: /home/yadhu/ur3e/src/install/unity_robotics_demo_msgs/include/unity_robotics_demo_msgs/unity_robotics_demo_msgs/msg/detail\n'}
[0.506429] (unity_robotics_demo_msgs) StdoutLine: {'line': b'-- Up-to-date: /home/yadhu/ur3e/src/install/unity_robotics_demo_msgs/include/unity_robotics_demo_msgs/unity_robotics_demo_msgs/msg/detail/pos_rot__type_support.c\n'}
[0.506582] (unity_robotics_demo_msgs) StdoutLine: {'line': b'-- Up-to-date: /home/yadhu/ur3e/src/install/unity_robotics_demo_msgs/include/unity_robotics_demo_msgs/unity_robotics_demo_msgs/msg/detail/unity_color__rosidl_typesupport_introspection_c.h\n'}
[0.506693] (unity_robotics_demo_msgs) StdoutLine: {'line': b'-- Up-to-date: /home/yadhu/ur3e/src/install/unity_robotics_demo_msgs/include/unity_robotics_demo_msgs/unity_robotics_demo_msgs/msg/detail/unity_color__type_support.c\n'}
[0.506784] (unity_robotics_demo_msgs) StdoutLine: {'line': b'-- Up-to-date: /home/yadhu/ur3e/src/install/unity_robotics_demo_msgs/include/unity_robotics_demo_msgs/unity_robotics_demo_msgs/msg/detail/pos_rot__rosidl_typesupport_introspection_c.h\n'}
[0.506868] (unity_robotics_demo_msgs) StdoutLine: {'line': b'-- Up-to-date: /home/yadhu/ur3e/src/install/unity_robotics_demo_msgs/include/unity_robotics_demo_msgs/unity_robotics_demo_msgs/msg/rosidl_typesupport_introspection_c__visibility_control.h\n'}
[0.506945] (unity_robotics_demo_msgs) StdoutLine: {'line': b'-- Up-to-date: /home/yadhu/ur3e/src/install/unity_robotics_demo_msgs/include/unity_robotics_demo_msgs/unity_robotics_demo_msgs/srv\n'}
[0.507045] (unity_robotics_demo_msgs) StdoutLine: {'line': b'-- Up-to-date: /home/yadhu/ur3e/src/install/unity_robotics_demo_msgs/include/unity_robotics_demo_msgs/unity_robotics_demo_msgs/srv/detail\n'}
[0.507279] (unity_robotics_demo_msgs) StdoutLine: {'line': b'-- Up-to-date: /home/yadhu/ur3e/src/install/unity_robotics_demo_msgs/include/unity_robotics_demo_msgs/unity_robotics_demo_msgs/srv/detail/position_service__rosidl_typesupport_introspection_c.h\n'}
[0.507402] (unity_robotics_demo_msgs) StdoutLine: {'line': b'-- Up-to-date: /home/yadhu/ur3e/src/install/unity_robotics_demo_msgs/include/unity_robotics_demo_msgs/unity_robotics_demo_msgs/srv/detail/position_service__type_support.c\n'}
[0.507510] (unity_robotics_demo_msgs) StdoutLine: {'line': b'-- Up-to-date: /home/yadhu/ur3e/src/install/unity_robotics_demo_msgs/include/unity_robotics_demo_msgs/unity_robotics_demo_msgs/srv/detail/object_pose_service__rosidl_typesupport_introspection_c.h\n'}
[0.507754] (unity_robotics_demo_msgs) StdoutLine: {'line': b'-- Up-to-date: /home/yadhu/ur3e/src/install/unity_robotics_demo_msgs/include/unity_robotics_demo_msgs/unity_robotics_demo_msgs/srv/detail/object_pose_service__type_support.c\n'}
[0.507869] (unity_robotics_demo_msgs) StdoutLine: {'line': b'-- Up-to-date: /home/yadhu/ur3e/src/install/unity_robotics_demo_msgs/lib/libunity_robotics_demo_msgs__rosidl_typesupport_introspection_c.so\n'}
[0.507969] (unity_robotics_demo_msgs) StdoutLine: {'line': b'-- Up-to-date: /home/yadhu/ur3e/src/install/unity_robotics_demo_msgs/lib/libunity_robotics_demo_msgs__rosidl_typesupport_c.so\n'}
[0.508172] (unity_robotics_demo_msgs) StdoutLine: {'line': b'-- Up-to-date: /home/yadhu/ur3e/src/install/unity_robotics_demo_msgs/include/unity_robotics_demo_msgs/unity_robotics_demo_msgs\n'}
[0.508248] (unity_robotics_demo_msgs) StdoutLine: {'line': b'-- Up-to-date: /home/yadhu/ur3e/src/install/unity_robotics_demo_msgs/include/unity_robotics_demo_msgs/unity_robotics_demo_msgs/msg\n'}
[0.508298] (unity_robotics_demo_msgs) StdoutLine: {'line': b'-- Up-to-date: /home/yadhu/ur3e/src/install/unity_robotics_demo_msgs/include/unity_robotics_demo_msgs/unity_robotics_demo_msgs/msg/pos_rot.hpp\n'}
[0.508333] (unity_robotics_demo_msgs) StdoutLine: {'line': b'-- Up-to-date: /home/yadhu/ur3e/src/install/unity_robotics_demo_msgs/include/unity_robotics_demo_msgs/unity_robotics_demo_msgs/msg/detail\n'}
[0.508455] (unity_robotics_demo_msgs) StdoutLine: {'line': b'-- Up-to-date: /home/yadhu/ur3e/src/install/unity_robotics_demo_msgs/include/unity_robotics_demo_msgs/unity_robotics_demo_msgs/msg/detail/unity_color__builder.hpp\n'}
[0.508613] (unity_robotics_demo_msgs) StdoutLine: {'line': b'-- Up-to-date: /home/yadhu/ur3e/src/install/unity_robotics_demo_msgs/include/unity_robotics_demo_msgs/unity_robotics_demo_msgs/msg/detail/unity_color__traits.hpp\n'}
[0.508704] (unity_robotics_demo_msgs) StdoutLine: {'line': b'-- Up-to-date: /home/yadhu/ur3e/src/install/unity_robotics_demo_msgs/include/unity_robotics_demo_msgs/unity_robotics_demo_msgs/msg/detail/pos_rot__struct.hpp\n'}
[0.508845] (unity_robotics_demo_msgs) StdoutLine: {'line': b'-- Up-to-date: /home/yadhu/ur3e/src/install/unity_robotics_demo_msgs/include/unity_robotics_demo_msgs/unity_robotics_demo_msgs/msg/detail/pos_rot__builder.hpp\n'}
[0.508930] (unity_robotics_demo_msgs) StdoutLine: {'line': b'-- Up-to-date: /home/yadhu/ur3e/src/install/unity_robotics_demo_msgs/include/unity_robotics_demo_msgs/unity_robotics_demo_msgs/msg/detail/unity_color__struct.hpp\n'}
[0.509033] (unity_robotics_demo_msgs) StdoutLine: {'line': b'-- Up-to-date: /home/yadhu/ur3e/src/install/unity_robotics_demo_msgs/include/unity_robotics_demo_msgs/unity_robotics_demo_msgs/msg/detail/pos_rot__traits.hpp\n'}
[0.509213] (unity_robotics_demo_msgs) StdoutLine: {'line': b'-- Up-to-date: /home/yadhu/ur3e/src/install/unity_robotics_demo_msgs/include/unity_robotics_demo_msgs/unity_robotics_demo_msgs/msg/unity_color.hpp\n'}
[0.509302] (unity_robotics_demo_msgs) StdoutLine: {'line': b'-- Up-to-date: /home/yadhu/ur3e/src/install/unity_robotics_demo_msgs/include/unity_robotics_demo_msgs/unity_robotics_demo_msgs/srv\n'}
[0.509378] (unity_robotics_demo_msgs) StdoutLine: {'line': b'-- Up-to-date: /home/yadhu/ur3e/src/install/unity_robotics_demo_msgs/include/unity_robotics_demo_msgs/unity_robotics_demo_msgs/srv/detail\n'}
[0.509554] (unity_robotics_demo_msgs) StdoutLine: {'line': b'-- Up-to-date: /home/yadhu/ur3e/src/install/unity_robotics_demo_msgs/include/unity_robotics_demo_msgs/unity_robotics_demo_msgs/srv/detail/object_pose_service__struct.hpp\n'}
[0.509706] (unity_robotics_demo_msgs) StdoutLine: {'line': b'-- Up-to-date: /home/yadhu/ur3e/src/install/unity_robotics_demo_msgs/include/unity_robotics_demo_msgs/unity_robotics_demo_msgs/srv/detail/object_pose_service__traits.hpp\n'}
[0.509798] (unity_robotics_demo_msgs) StdoutLine: {'line': b'-- Up-to-date: /home/yadhu/ur3e/src/install/unity_robotics_demo_msgs/include/unity_robotics_demo_msgs/unity_robotics_demo_msgs/srv/detail/object_pose_service__builder.hpp\n'}
[0.509923] (unity_robotics_demo_msgs) StdoutLine: {'line': b'-- Up-to-date: /home/yadhu/ur3e/src/install/unity_robotics_demo_msgs/include/unity_robotics_demo_msgs/unity_robotics_demo_msgs/srv/detail/position_service__builder.hpp\n'}
[0.510065] (unity_robotics_demo_msgs) StdoutLine: {'line': b'-- Up-to-date: /home/yadhu/ur3e/src/install/unity_robotics_demo_msgs/include/unity_robotics_demo_msgs/unity_robotics_demo_msgs/srv/detail/position_service__traits.hpp\n'}
[0.510167] (unity_robotics_demo_msgs) StdoutLine: {'line': b'-- Up-to-date: /home/yadhu/ur3e/src/install/unity_robotics_demo_msgs/include/unity_robotics_demo_msgs/unity_robotics_demo_msgs/srv/detail/position_service__struct.hpp\n'}
[0.510259] (unity_robotics_demo_msgs) StdoutLine: {'line': b'-- Up-to-date: /home/yadhu/ur3e/src/install/unity_robotics_demo_msgs/include/unity_robotics_demo_msgs/unity_robotics_demo_msgs/srv/object_pose_service.hpp\n'}
[0.510401] (unity_robotics_demo_msgs) StdoutLine: {'line': b'-- Up-to-date: /home/yadhu/ur3e/src/install/unity_robotics_demo_msgs/include/unity_robotics_demo_msgs/unity_robotics_demo_msgs/srv/position_service.hpp\n'}
[0.510485] (unity_robotics_demo_msgs) StdoutLine: {'line': b'-- Up-to-date: /home/yadhu/ur3e/src/install/unity_robotics_demo_msgs/include/unity_robotics_demo_msgs/unity_robotics_demo_msgs\n'}
[0.510625] (unity_robotics_demo_msgs) StdoutLine: {'line': b'-- Up-to-date: /home/yadhu/ur3e/src/install/unity_robotics_demo_msgs/include/unity_robotics_demo_msgs/unity_robotics_demo_msgs/msg\n'}
[0.510695] (unity_robotics_demo_msgs) StdoutLine: {'line': b'-- Up-to-date: /home/yadhu/ur3e/src/install/unity_robotics_demo_msgs/include/unity_robotics_demo_msgs/unity_robotics_demo_msgs/msg/rosidl_typesupport_fastrtps_cpp__visibility_control.h\n'}
[0.510924] (unity_robotics_demo_msgs) StdoutLine: {'line': b'-- Up-to-date: /home/yadhu/ur3e/src/install/unity_robotics_demo_msgs/include/unity_robotics_demo_msgs/unity_robotics_demo_msgs/msg/detail\n'}
[0.510996] (unity_robotics_demo_msgs) StdoutLine: {'line': b'-- Up-to-date: /home/yadhu/ur3e/src/install/unity_robotics_demo_msgs/include/unity_robotics_demo_msgs/unity_robotics_demo_msgs/msg/detail/dds_fastrtps\n'}
[0.511129] (unity_robotics_demo_msgs) StdoutLine: {'line': b'-- Up-to-date: /home/yadhu/ur3e/src/install/unity_robotics_demo_msgs/include/unity_robotics_demo_msgs/unity_robotics_demo_msgs/msg/detail/unity_color__rosidl_typesupport_fastrtps_cpp.hpp\n'}
[0.511269] (unity_robotics_demo_msgs) StdoutLine: {'line': b'-- Up-to-date: /home/yadhu/ur3e/src/install/unity_robotics_demo_msgs/include/unity_robotics_demo_msgs/unity_robotics_demo_msgs/msg/detail/pos_rot__rosidl_typesupport_fastrtps_cpp.hpp\n'}
[0.511361] (unity_robotics_demo_msgs) StdoutLine: {'line': b'-- Up-to-date: /home/yadhu/ur3e/src/install/unity_robotics_demo_msgs/include/unity_robotics_demo_msgs/unity_robotics_demo_msgs/srv\n'}
[0.511554] (unity_robotics_demo_msgs) StdoutLine: {'line': b'-- Up-to-date: /home/yadhu/ur3e/src/install/unity_robotics_demo_msgs/include/unity_robotics_demo_msgs/unity_robotics_demo_msgs/srv/detail\n'}
[0.511666] (unity_robotics_demo_msgs) StdoutLine: {'line': b'-- Up-to-date: /home/yadhu/ur3e/src/install/unity_robotics_demo_msgs/include/unity_robotics_demo_msgs/unity_robotics_demo_msgs/srv/detail/object_pose_service__rosidl_typesupport_fastrtps_cpp.hpp\n'}
[0.511742] (unity_robotics_demo_msgs) StdoutLine: {'line': b'-- Up-to-date: /home/yadhu/ur3e/src/install/unity_robotics_demo_msgs/include/unity_robotics_demo_msgs/unity_robotics_demo_msgs/srv/detail/dds_fastrtps\n'}
[0.511820] (unity_robotics_demo_msgs) StdoutLine: {'line': b'-- Up-to-date: /home/yadhu/ur3e/src/install/unity_robotics_demo_msgs/include/unity_robotics_demo_msgs/unity_robotics_demo_msgs/srv/detail/position_service__rosidl_typesupport_fastrtps_cpp.hpp\n'}
[0.511892] (unity_robotics_demo_msgs) StdoutLine: {'line': b'-- Up-to-date: /home/yadhu/ur3e/src/install/unity_robotics_demo_msgs/lib/libunity_robotics_demo_msgs__rosidl_typesupport_fastrtps_cpp.so\n'}
[0.512071] (unity_robotics_demo_msgs) StdoutLine: {'line': b'-- Up-to-date: /home/yadhu/ur3e/src/install/unity_robotics_demo_msgs/include/unity_robotics_demo_msgs/unity_robotics_demo_msgs\n'}
[0.512187] (unity_robotics_demo_msgs) StdoutLine: {'line': b'-- Up-to-date: /home/yadhu/ur3e/src/install/unity_robotics_demo_msgs/include/unity_robotics_demo_msgs/unity_robotics_demo_msgs/msg\n'}
[0.512326] (unity_robotics_demo_msgs) StdoutLine: {'line': b'-- Up-to-date: /home/yadhu/ur3e/src/install/unity_robotics_demo_msgs/include/unity_robotics_demo_msgs/unity_robotics_demo_msgs/msg/detail\n'}
[0.512383] (unity_robotics_demo_msgs) StdoutLine: {'line': b'-- Up-to-date: /home/yadhu/ur3e/src/install/unity_robotics_demo_msgs/include/unity_robotics_demo_msgs/unity_robotics_demo_msgs/msg/detail/pos_rot__rosidl_typesupport_introspection_cpp.hpp\n'}
[0.512560] (unity_robotics_demo_msgs) StdoutLine: {'line': b'-- Up-to-date: /home/yadhu/ur3e/src/install/unity_robotics_demo_msgs/include/unity_robotics_demo_msgs/unity_robotics_demo_msgs/msg/detail/unity_color__rosidl_typesupport_introspection_cpp.hpp\n'}
[0.512636] (unity_robotics_demo_msgs) StdoutLine: {'line': b'-- Up-to-date: /home/yadhu/ur3e/src/install/unity_robotics_demo_msgs/include/unity_robotics_demo_msgs/unity_robotics_demo_msgs/msg/detail/pos_rot__type_support.cpp\n'}
[0.512690] (unity_robotics_demo_msgs) StdoutLine: {'line': b'-- Up-to-date: /home/yadhu/ur3e/src/install/unity_robotics_demo_msgs/include/unity_robotics_demo_msgs/unity_robotics_demo_msgs/msg/detail/unity_color__type_support.cpp\n'}
[0.512742] (unity_robotics_demo_msgs) StdoutLine: {'line': b'-- Up-to-date: /home/yadhu/ur3e/src/install/unity_robotics_demo_msgs/include/unity_robotics_demo_msgs/unity_robotics_demo_msgs/srv\n'}
[0.512878] (unity_robotics_demo_msgs) StdoutLine: {'line': b'-- Up-to-date: /home/yadhu/ur3e/src/install/unity_robotics_demo_msgs/include/unity_robotics_demo_msgs/unity_robotics_demo_msgs/srv/detail\n'}
[0.513003] (unity_robotics_demo_msgs) StdoutLine: {'line': b'-- Up-to-date: /home/yadhu/ur3e/src/install/unity_robotics_demo_msgs/include/unity_robotics_demo_msgs/unity_robotics_demo_msgs/srv/detail/position_service__type_support.cpp\n'}
[0.513169] (unity_robotics_demo_msgs) StdoutLine: {'line': b'-- Up-to-date: /home/yadhu/ur3e/src/install/unity_robotics_demo_msgs/include/unity_robotics_demo_msgs/unity_robotics_demo_msgs/srv/detail/position_service__rosidl_typesupport_introspection_cpp.hpp\n'}
[0.513226] (unity_robotics_demo_msgs) StdoutLine: {'line': b'-- Up-to-date: /home/yadhu/ur3e/src/install/unity_robotics_demo_msgs/include/unity_robotics_demo_msgs/unity_robotics_demo_msgs/srv/detail/object_pose_service__type_support.cpp\n'}
[0.513275] (unity_robotics_demo_msgs) StdoutLine: {'line': b'-- Up-to-date: /home/yadhu/ur3e/src/install/unity_robotics_demo_msgs/include/unity_robotics_demo_msgs/unity_robotics_demo_msgs/srv/detail/object_pose_service__rosidl_typesupport_introspection_cpp.hpp\n'}
[0.513325] (unity_robotics_demo_msgs) StdoutLine: {'line': b'-- Up-to-date: /home/yadhu/ur3e/src/install/unity_robotics_demo_msgs/lib/libunity_robotics_demo_msgs__rosidl_typesupport_introspection_cpp.so\n'}
[0.513380] (unity_robotics_demo_msgs) StdoutLine: {'line': b'-- Up-to-date: /home/yadhu/ur3e/src/install/unity_robotics_demo_msgs/lib/libunity_robotics_demo_msgs__rosidl_typesupport_cpp.so\n'}
[0.513426] (unity_robotics_demo_msgs) StdoutLine: {'line': b'-- Up-to-date: /home/yadhu/ur3e/src/install/unity_robotics_demo_msgs/share/unity_robotics_demo_msgs/environment/pythonpath.sh\n'}
[0.513474] (unity_robotics_demo_msgs) StdoutLine: {'line': b'-- Up-to-date: /home/yadhu/ur3e/src/install/unity_robotics_demo_msgs/share/unity_robotics_demo_msgs/environment/pythonpath.dsv\n'}
[0.513532] (unity_robotics_demo_msgs) StdoutLine: {'line': b'-- Up-to-date: /home/yadhu/ur3e/src/install/unity_robotics_demo_msgs/local/lib/python3.10/dist-packages/unity_robotics_demo_msgs-0.0.1-py3.10.egg-info\n'}
[0.513582] (unity_robotics_demo_msgs) StdoutLine: {'line': b'-- Installing: /home/yadhu/ur3e/src/install/unity_robotics_demo_msgs/local/lib/python3.10/dist-packages/unity_robotics_demo_msgs-0.0.1-py3.10.egg-info/top_level.txt\n'}
[0.513628] (unity_robotics_demo_msgs) StdoutLine: {'line': b'-- Installing: /home/yadhu/ur3e/src/install/unity_robotics_demo_msgs/local/lib/python3.10/dist-packages/unity_robotics_demo_msgs-0.0.1-py3.10.egg-info/PKG-INFO\n'}
[0.513675] (unity_robotics_demo_msgs) StdoutLine: {'line': b'-- Installing: /home/yadhu/ur3e/src/install/unity_robotics_demo_msgs/local/lib/python3.10/dist-packages/unity_robotics_demo_msgs-0.0.1-py3.10.egg-info/dependency_links.txt\n'}
[0.513732] (unity_robotics_demo_msgs) StdoutLine: {'line': b'-- Installing: /home/yadhu/ur3e/src/install/unity_robotics_demo_msgs/local/lib/python3.10/dist-packages/unity_robotics_demo_msgs-0.0.1-py3.10.egg-info/SOURCES.txt\n'}
[0.513778] (unity_robotics_demo_msgs) StdoutLine: {'line': b'-- Up-to-date: /home/yadhu/ur3e/src/install/unity_robotics_demo_msgs/local/lib/python3.10/dist-packages/unity_robotics_demo_msgs\n'}
[0.513825] (unity_robotics_demo_msgs) StdoutLine: {'line': b'-- Up-to-date: /home/yadhu/ur3e/src/install/unity_robotics_demo_msgs/local/lib/python3.10/dist-packages/unity_robotics_demo_msgs/_unity_robotics_demo_msgs_s.ep.rosidl_typesupport_fastrtps_c.c\n'}
[0.513877] (unity_robotics_demo_msgs) StdoutLine: {'line': b'-- Up-to-date: /home/yadhu/ur3e/src/install/unity_robotics_demo_msgs/local/lib/python3.10/dist-packages/unity_robotics_demo_msgs/_unity_robotics_demo_msgs_s.ep.rosidl_typesupport_introspection_c.c\n'}
[0.513927] (unity_robotics_demo_msgs) StdoutLine: {'line': b'-- Up-to-date: /home/yadhu/ur3e/src/install/unity_robotics_demo_msgs/local/lib/python3.10/dist-packages/unity_robotics_demo_msgs/libunity_robotics_demo_msgs__rosidl_generator_py.so\n'}
[0.513978] (unity_robotics_demo_msgs) StdoutLine: {'line': b'-- Up-to-date: /home/yadhu/ur3e/src/install/unity_robotics_demo_msgs/local/lib/python3.10/dist-packages/unity_robotics_demo_msgs/msg\n'}
[0.514155] (unity_robotics_demo_msgs) StdoutLine: {'line': b'-- Up-to-date: /home/yadhu/ur3e/src/install/unity_robotics_demo_msgs/local/lib/python3.10/dist-packages/unity_robotics_demo_msgs/msg/_unity_color.py\n'}
[0.514217] (unity_robotics_demo_msgs) StdoutLine: {'line': b'-- Up-to-date: /home/yadhu/ur3e/src/install/unity_robotics_demo_msgs/local/lib/python3.10/dist-packages/unity_robotics_demo_msgs/msg/_unity_color_s.c\n'}
[0.514262] (unity_robotics_demo_msgs) StdoutLine: {'line': b'-- Up-to-date: /home/yadhu/ur3e/src/install/unity_robotics_demo_msgs/local/lib/python3.10/dist-packages/unity_robotics_demo_msgs/msg/__init__.py\n'}
[0.514304] (unity_robotics_demo_msgs) StdoutLine: {'line': b'-- Up-to-date: /home/yadhu/ur3e/src/install/unity_robotics_demo_msgs/local/lib/python3.10/dist-packages/unity_robotics_demo_msgs/msg/_pos_rot.py\n'}
[0.514352] (unity_robotics_demo_msgs) StdoutLine: {'line': b'-- Up-to-date: /home/yadhu/ur3e/src/install/unity_robotics_demo_msgs/local/lib/python3.10/dist-packages/unity_robotics_demo_msgs/msg/_pos_rot_s.c\n'}
[0.514393] (unity_robotics_demo_msgs) StdoutLine: {'line': b'-- Up-to-date: /home/yadhu/ur3e/src/install/unity_robotics_demo_msgs/local/lib/python3.10/dist-packages/unity_robotics_demo_msgs/srv\n'}
[0.514433] (unity_robotics_demo_msgs) StdoutLine: {'line': b'-- Up-to-date: /home/yadhu/ur3e/src/install/unity_robotics_demo_msgs/local/lib/python3.10/dist-packages/unity_robotics_demo_msgs/srv/_object_pose_service_s.c\n'}
[0.514473] (unity_robotics_demo_msgs) StdoutLine: {'line': b'-- Up-to-date: /home/yadhu/ur3e/src/install/unity_robotics_demo_msgs/local/lib/python3.10/dist-packages/unity_robotics_demo_msgs/srv/_position_service.py\n'}
[0.514513] (unity_robotics_demo_msgs) StdoutLine: {'line': b'-- Up-to-date: /home/yadhu/ur3e/src/install/unity_robotics_demo_msgs/local/lib/python3.10/dist-packages/unity_robotics_demo_msgs/srv/__init__.py\n'}
[0.514553] (unity_robotics_demo_msgs) StdoutLine: {'line': b'-- Up-to-date: /home/yadhu/ur3e/src/install/unity_robotics_demo_msgs/local/lib/python3.10/dist-packages/unity_robotics_demo_msgs/srv/_position_service_s.c\n'}
[0.514592] (unity_robotics_demo_msgs) StdoutLine: {'line': b'-- Up-to-date: /home/yadhu/ur3e/src/install/unity_robotics_demo_msgs/local/lib/python3.10/dist-packages/unity_robotics_demo_msgs/srv/_object_pose_service.py\n'}
[0.514632] (unity_robotics_demo_msgs) StdoutLine: {'line': b'-- Up-to-date: /home/yadhu/ur3e/src/install/unity_robotics_demo_msgs/local/lib/python3.10/dist-packages/unity_robotics_demo_msgs/__init__.py\n'}
[0.514674] (unity_robotics_demo_msgs) StdoutLine: {'line': b'-- Up-to-date: /home/yadhu/ur3e/src/install/unity_robotics_demo_msgs/local/lib/python3.10/dist-packages/unity_robotics_demo_msgs/unity_robotics_demo_msgs_s__rosidl_typesupport_introspection_c.cpython-310-x86_64-linux-gnu.so\n'}
[0.514721] (unity_robotics_demo_msgs) StdoutLine: {'line': b'-- Up-to-date: /home/yadhu/ur3e/src/install/unity_robotics_demo_msgs/local/lib/python3.10/dist-packages/unity_robotics_demo_msgs/unity_robotics_demo_msgs_s__rosidl_typesupport_c.cpython-310-x86_64-linux-gnu.so\n'}
[0.514761] (unity_robotics_demo_msgs) StdoutLine: {'line': b'-- Up-to-date: /home/yadhu/ur3e/src/install/unity_robotics_demo_msgs/local/lib/python3.10/dist-packages/unity_robotics_demo_msgs/unity_robotics_demo_msgs_s__rosidl_typesupport_fastrtps_c.cpython-310-x86_64-linux-gnu.so\n'}
[0.514803] (unity_robotics_demo_msgs) StdoutLine: {'line': b'-- Up-to-date: /home/yadhu/ur3e/src/install/unity_robotics_demo_msgs/local/lib/python3.10/dist-packages/unity_robotics_demo_msgs/_unity_robotics_demo_msgs_s.ep.rosidl_typesupport_c.c\n'}
[0.518754] (ur_description) JobProgress: {'identifier': 'ur_description', 'progress': 'install'}
[0.518819] (ur_description) Command: {'cmd': ['/usr/bin/cmake', '--install', '/home/yadhu/ur3e/src/build/ur_description'], 'cwd': '/home/yadhu/ur3e/src/build/ur_description', 'env': OrderedDict([('HOSTNAME', 'yadhuk'), ('GIT_ASKPASS', '/vscode/vscode-server/bin/linux-x64/e54c774e0add60467559eb0d1e229c6452cf8447/extensions/git/dist/askpass.sh'), ('SHLVL', '2'), ('LD_LIBRARY_PATH', '/usr/lib/x86_64-linux-gnu/gazebo-11/plugins:/opt/ros/humble/opt/rviz_ogre_vendor/lib:/opt/ros/humble/lib/x86_64-linux-gnu:/opt/ros/humble/lib'), ('BROWSER', '/vscode/vscode-server/bin/linux-x64/e54c774e0add60467559eb0d1e229c6452cf8447/bin/helpers/browser.sh'), ('HOME', '/home/yadhu'), ('OLDPWD', '/home/yadhu/ur3e'), ('TERM_PROGRAM_VERSION', '1.97.2'), ('VSCODE_IPC_HOOK_CLI', '/tmp/vscode-ipc-191d809e-ad6a-48a3-8c83-2991c7349be6.sock'), ('DEBUGPY_ADAPTER_ENDPOINTS', '/home/yadhu/.vscode-server/extensions/ms-python.debugpy-2025.0.1-linux-x64/.noConfigDebugAdapterEndpoints/endpoint-00e5a96652343ffc.txt'), ('ROS_PYTHON_VERSION', '3'), ('VSCODE_GIT_ASKPASS_MAIN', '/vscode/vscode-server/bin/linux-x64/e54c774e0add60467559eb0d1e229c6452cf8447/extensions/git/dist/askpass-main.js'), ('VSCODE_GIT_ASKPASS_NODE', '/vscode/vscode-server/bin/linux-x64/e54c774e0add60467559eb0d1e229c6452cf8447/node'), ('PYDEVD_DISABLE_FILE_VALIDATION', '1'), ('BUNDLED_DEBUGPY_PATH', '/home/yadhu/.vscode-server/extensions/ms-python.debugpy-2025.0.1-linux-x64/bundled/libs/debugpy'), ('COLORTERM', 'truecolor'), ('REMOTE_CONTAINERS', 'true'), ('ROS_DISTRO', 'humble'), ('REMOTE_CONTAINERS_IPC', '/tmp/vscode-remote-containers-ipc-3b15b7cf-88ad-4a56-828c-69c61a495d31.sock'), ('_', '/usr/bin/colcon'), ('ROS_VERSION', '2'), ('TERM', 'xterm-256color'), ('ROS_LOCALHOST_ONLY', '0'), ('PATH', '/vscode/vscode-server/bin/linux-x64/e54c774e0add60467559eb0d1e229c6452cf8447/bin/remote-cli:/opt/ros/humble/bin:/usr/local/sbin:/usr/local/bin:/usr/sbin:/usr/bin:/sbin:/bin:/home/yadhu/.vscode-server/extensions/ms-python.debugpy-2025.0.1-linux-x64/bundled/scripts/noConfigScripts'), ('REMOTE_CONTAINERS_SOCKETS', '["/tmp/vscode-ssh-auth-3b15b7cf-88ad-4a56-828c-69c61a495d31.sock","/home/yadhu/.gnupg/S.gpg-agent"]'), ('DISPLAY', ':1'), ('LANG', 'C.UTF-8'), ('RMW_IMPLEMENTATION', 'rmw_cyclonedds_cpp'), ('LS_COLORS', 'rs=0:di=01;34:ln=01;36:mh=00:pi=40;33:so=01;35:do=01;35:bd=40;33;01:cd=40;33;01:or=40;31;01:mi=00:su=37;41:sg=30;43:ca=30;41:tw=30;42:ow=34;42:st=37;44:ex=01;32:*.tar=01;31:*.tgz=01;31:*.arc=01;31:*.arj=01;31:*.taz=01;31:*.lha=01;31:*.lz4=01;31:*.lzh=01;31:*.lzma=01;31:*.tlz=01;31:*.txz=01;31:*.tzo=01;31:*.t7z=01;31:*.zip=01;31:*.z=01;31:*.dz=01;31:*.gz=01;31:*.lrz=01;31:*.lz=01;31:*.lzo=01;31:*.xz=01;31:*.zst=01;31:*.tzst=01;31:*.bz2=01;31:*.bz=01;31:*.tbz=01;31:*.tbz2=01;31:*.tz=01;31:*.deb=01;31:*.rpm=01;31:*.jar=01;31:*.war=01;31:*.ear=01;31:*.sar=01;31:*.rar=01;31:*.alz=01;31:*.ace=01;31:*.zoo=01;31:*.cpio=01;31:*.7z=01;31:*.rz=01;31:*.cab=01;31:*.wim=01;31:*.swm=01;31:*.dwm=01;31:*.esd=01;31:*.jpg=01;35:*.jpeg=01;35:*.mjpg=01;35:*.mjpeg=01;35:*.gif=01;35:*.bmp=01;35:*.pbm=01;35:*.pgm=01;35:*.ppm=01;35:*.tga=01;35:*.xbm=01;35:*.xpm=01;35:*.tif=01;35:*.tiff=01;35:*.png=01;35:*.svg=01;35:*.svgz=01;35:*.mng=01;35:*.pcx=01;35:*.mov=01;35:*.mpg=01;35:*.mpeg=01;35:*.m2v=01;35:*.mkv=01;35:*.webm=01;35:*.webp=01;35:*.ogm=01;35:*.mp4=01;35:*.m4v=01;35:*.mp4v=01;35:*.vob=01;35:*.qt=01;35:*.nuv=01;35:*.wmv=01;35:*.asf=01;35:*.rm=01;35:*.rmvb=01;35:*.flc=01;35:*.avi=01;35:*.fli=01;35:*.flv=01;35:*.gl=01;35:*.dl=01;35:*.xcf=01;35:*.xwd=01;35:*.yuv=01;35:*.cgm=01;35:*.emf=01;35:*.ogv=01;35:*.ogx=01;35:*.aac=00;36:*.au=00;36:*.flac=00;36:*.m4a=00;36:*.mid=00;36:*.midi=00;36:*.mka=00;36:*.mp3=00;36:*.mpc=00;36:*.ogg=00;36:*.ra=00;36:*.wav=00;36:*.oga=00;36:*.opus=00;36:*.spx=00;36:*.xspf=00;36:'), ('VSCODE_GIT_IPC_HANDLE', '/tmp/vscode-git-09c052f1c4.sock'), ('TERM_PROGRAM', 'vscode'), ('SSH_AUTH_SOCK', '/tmp/vscode-ssh-auth-3b15b7cf-88ad-4a56-828c-69c61a495d31.sock'), ('ROS_DOMAIN_ID', '42'), ('AMENT_PREFIX_PATH', '/home/yadhu/ur3e/src/install/robotiq_description:/opt/ros/humble'), ('SHELL', '/bin/bash'), ('ROS_AUTOMATIC_DISCOVERY_RANGE', 'LOCALHOST'), ('VSCODE_GIT_ASKPASS_EXTRA_ARGS', ''), ('PWD', '/home/yadhu/ur3e/src/build/ur_description'), ('LC_ALL', 'C.UTF-8'), ('PYTHONPATH', '/opt/ros/humble/lib/python3.10/site-packages:/opt/ros/humble/local/lib/python3.10/dist-packages'), ('COLCON', '1'), ('CMAKE_PREFIX_PATH', '/home/yadhu/ur3e/src/install/robotiq_description:/opt/ros/humble')]), 'shell': False}
[0.523317] (ur_description) StdoutLine: {'line': b'-- Install configuration: ""\n'}
[0.524150] (ur_description) StdoutLine: {'line': b'-- Up-to-date: /home/yadhu/ur3e/src/install/ur_description/share/ur_description/config\n'}
[0.524373] (ur_description) StdoutLine: {'line': b'-- Up-to-date: /home/yadhu/ur3e/src/install/ur_description/share/ur_description/config/ur_controllers.yaml\n'}
[0.524441] (ur_description) StdoutLine: {'line': b'-- Up-to-date: /home/yadhu/ur3e/src/install/ur_description/share/ur_description/config/ur10e\n'}
[0.524500] (ur_description) StdoutLine: {'line': b'-- Up-to-date: /home/yadhu/ur3e/src/install/ur_description/share/ur_description/config/ur10e/joint_limits.yaml\n'}
[0.524555] (ur_description) StdoutLine: {'line': b'-- Up-to-date: /home/yadhu/ur3e/src/install/ur_description/share/ur_description/config/ur10e/visual_parameters.yaml\n'}
[0.524610] (ur_description) StdoutLine: {'line': b'-- Up-to-date: /home/yadhu/ur3e/src/install/ur_description/share/ur_description/config/ur10e/physical_parameters.yaml\n'}
[0.524665] (ur_description) StdoutLine: {'line': b'-- Up-to-date: /home/yadhu/ur3e/src/install/ur_description/share/ur_description/config/ur10e/default_kinematics.yaml\n'}
[0.524786] (ur_description) StdoutLine: {'line': b'-- Up-to-date: /home/yadhu/ur3e/src/install/ur_description/share/ur_description/config/ur30\n'}
[0.524842] (ur_description) StdoutLine: {'line': b'-- Up-to-date: /home/yadhu/ur3e/src/install/ur_description/share/ur_description/config/ur30/joint_limits.yaml\n'}
[0.524897] (ur_description) StdoutLine: {'line': b'-- Up-to-date: /home/yadhu/ur3e/src/install/ur_description/share/ur_description/config/ur30/visual_parameters.yaml\n'}
[0.524952] (ur_description) StdoutLine: {'line': b'-- Up-to-date: /home/yadhu/ur3e/src/install/ur_description/share/ur_description/config/ur30/physical_parameters.yaml\n'}
[0.525036] (ur_description) StdoutLine: {'line': b'-- Up-to-date: /home/yadhu/ur3e/src/install/ur_description/share/ur_description/config/ur30/default_kinematics.yaml\n'}
[0.525090] (ur_description) StdoutLine: {'line': b'-- Up-to-date: /home/yadhu/ur3e/src/install/ur_description/share/ur_description/config/ur5e\n'}
[0.525141] (ur_description) StdoutLine: {'line': b'-- Up-to-date: /home/yadhu/ur3e/src/install/ur_description/share/ur_description/config/ur5e/joint_limits.yaml\n'}
[0.525191] (ur_description) StdoutLine: {'line': b'-- Up-to-date: /home/yadhu/ur3e/src/install/ur_description/share/ur_description/config/ur5e/visual_parameters.yaml\n'}
[0.525241] (ur_description) StdoutLine: {'line': b'-- Up-to-date: /home/yadhu/ur3e/src/install/ur_description/share/ur_description/config/ur5e/physical_parameters.yaml\n'}
[0.525290] (ur_description) StdoutLine: {'line': b'-- Up-to-date: /home/yadhu/ur3e/src/install/ur_description/share/ur_description/config/ur5e/default_kinematics.yaml\n'}
[0.525341] (ur_description) StdoutLine: {'line': b'-- Up-to-date: /home/yadhu/ur3e/src/install/ur_description/share/ur_description/config/ur5\n'}
[0.525390] (ur_description) StdoutLine: {'line': b'-- Up-to-date: /home/yadhu/ur3e/src/install/ur_description/share/ur_description/config/ur5/joint_limits.yaml\n'}
[0.525439] (ur_description) StdoutLine: {'line': b'-- Up-to-date: /home/yadhu/ur3e/src/install/ur_description/share/ur_description/config/ur5/visual_parameters.yaml\n'}
[0.525488] (ur_description) StdoutLine: {'line': b'-- Up-to-date: /home/yadhu/ur3e/src/install/ur_description/share/ur_description/config/ur5/physical_parameters.yaml\n'}
[0.525537] (ur_description) StdoutLine: {'line': b'-- Up-to-date: /home/yadhu/ur3e/src/install/ur_description/share/ur_description/config/ur5/default_kinematics.yaml\n'}
[0.525585] (ur_description) StdoutLine: {'line': b'-- Up-to-date: /home/yadhu/ur3e/src/install/ur_description/share/ur_description/config/ur3e\n'}
[0.526557] (ur_description) StdoutLine: {'line': b'-- Up-to-date: /home/yadhu/ur3e/src/install/ur_description/share/ur_description/config/ur3e/joint_limits.yaml\n'}
[0.526655] (ur_description) StdoutLine: {'line': b'-- Up-to-date: /home/yadhu/ur3e/src/install/ur_description/share/ur_description/config/ur3e/visual_parameters.yaml\n'}
[0.526708] (ur_description) StdoutLine: {'line': b'-- Up-to-date: /home/yadhu/ur3e/src/install/ur_description/share/ur_description/config/ur3e/physical_parameters.yaml\n'}
[0.526759] (ur_description) StdoutLine: {'line': b'-- Up-to-date: /home/yadhu/ur3e/src/install/ur_description/share/ur_description/config/ur3e/default_kinematics.yaml\n'}
[0.526815] (ur_description) StdoutLine: {'line': b'-- Up-to-date: /home/yadhu/ur3e/src/install/ur_description/share/ur_description/config/ur10\n'}
[0.526864] (ur_description) StdoutLine: {'line': b'-- Up-to-date: /home/yadhu/ur3e/src/install/ur_description/share/ur_description/config/ur10/joint_limits.yaml\n'}
[0.526916] (ur_description) StdoutLine: {'line': b'-- Up-to-date: /home/yadhu/ur3e/src/install/ur_description/share/ur_description/config/ur10/visual_parameters.yaml\n'}
[0.526965] (ur_description) StdoutLine: {'line': b'-- Up-to-date: /home/yadhu/ur3e/src/install/ur_description/share/ur_description/config/ur10/physical_parameters.yaml\n'}
[0.527024] (ur_description) StdoutLine: {'line': b'-- Up-to-date: /home/yadhu/ur3e/src/install/ur_description/share/ur_description/config/ur10/default_kinematics.yaml\n'}
[0.527150] (ur_description) StdoutLine: {'line': b'-- Up-to-date: /home/yadhu/ur3e/src/install/ur_description/share/ur_description/config/initial_positions.yaml\n'}
[0.527208] (ur_description) StdoutLine: {'line': b'-- Up-to-date: /home/yadhu/ur3e/src/install/ur_description/share/ur_description/config/ros2control_controllers.yaml\n'}
[0.527261] (ur_description) StdoutLine: {'line': b'-- Up-to-date: /home/yadhu/ur3e/src/install/ur_description/share/ur_description/config/ur20\n'}
[0.527317] (ur_description) StdoutLine: {'line': b'-- Up-to-date: /home/yadhu/ur3e/src/install/ur_description/share/ur_description/config/ur20/joint_limits.yaml\n'}
[0.527367] (ur_description) StdoutLine: {'line': b'-- Up-to-date: /home/yadhu/ur3e/src/install/ur_description/share/ur_description/config/ur20/visual_parameters.yaml\n'}
[0.527418] (ur_description) StdoutLine: {'line': b'-- Up-to-date: /home/yadhu/ur3e/src/install/ur_description/share/ur_description/config/ur20/physical_parameters.yaml\n'}
[0.527473] (ur_description) StdoutLine: {'line': b'-- Up-to-date: /home/yadhu/ur3e/src/install/ur_description/share/ur_description/config/ur20/default_kinematics.yaml\n'}
[0.527523] (ur_description) StdoutLine: {'line': b'-- Up-to-date: /home/yadhu/ur3e/src/install/ur_description/share/ur_description/config/ur3\n'}
[0.527572] (ur_description) StdoutLine: {'line': b'-- Up-to-date: /home/yadhu/ur3e/src/install/ur_description/share/ur_description/config/ur3/joint_limits.yaml\n'}
[0.527623] (ur_description) StdoutLine: {'line': b'-- Up-to-date: /home/yadhu/ur3e/src/install/ur_description/share/ur_description/config/ur3/visual_parameters.yaml\n'}
[0.527673] (ur_description) StdoutLine: {'line': b'-- Up-to-date: /home/yadhu/ur3e/src/install/ur_description/share/ur_description/config/ur3/physical_parameters.yaml\n'}
[0.527723] (ur_description) StdoutLine: {'line': b'-- Up-to-date: /home/yadhu/ur3e/src/install/ur_description/share/ur_description/config/ur3/default_kinematics.yaml\n'}
[0.527774] (ur_description) StdoutLine: {'line': b'-- Up-to-date: /home/yadhu/ur3e/src/install/ur_description/share/ur_description/config/ur16e\n'}
[0.527844] (ur_description) StdoutLine: {'line': b'-- Up-to-date: /home/yadhu/ur3e/src/install/ur_description/share/ur_description/config/ur16e/joint_limits.yaml\n'}
[0.527894] (ur_description) StdoutLine: {'line': b'-- Up-to-date: /home/yadhu/ur3e/src/install/ur_description/share/ur_description/config/ur16e/visual_parameters.yaml\n'}
[0.527943] (ur_description) StdoutLine: {'line': b'-- Up-to-date: /home/yadhu/ur3e/src/install/ur_description/share/ur_description/config/ur16e/physical_parameters.yaml\n'}
[0.527995] (ur_description) StdoutLine: {'line': b'-- Up-to-date: /home/yadhu/ur3e/src/install/ur_description/share/ur_description/config/ur16e/default_kinematics.yaml\n'}
[0.528049] (ur_description) StdoutLine: {'line': b'-- Up-to-date: /home/yadhu/ur3e/src/install/ur_description/share/ur_description/launch\n'}
[0.528101] (ur_description) StdoutLine: {'line': b'-- Up-to-date: /home/yadhu/ur3e/src/install/ur_description/share/ur_description/launch/gazebo.launch.py\n'}
[0.528148] (ur_description) StdoutLine: {'line': b'-- Up-to-date: /home/yadhu/ur3e/src/install/ur_description/share/ur_description/launch/rviz.launch.py\n'}
[0.528198] (ur_description) StdoutLine: {'line': b'-- Up-to-date: /home/yadhu/ur3e/src/install/ur_description/share/ur_description/meshes\n'}
[0.528247] (ur_description) StdoutLine: {'line': b'-- Up-to-date: /home/yadhu/ur3e/src/install/ur_description/share/ur_description/meshes/ur10e\n'}
[0.528293] (ur_description) StdoutLine: {'line': b'-- Up-to-date: /home/yadhu/ur3e/src/install/ur_description/share/ur_description/meshes/ur10e/collision\n'}
[0.528341] (ur_description) StdoutLine: {'line': b'-- Up-to-date: /home/yadhu/ur3e/src/install/ur_description/share/ur_description/meshes/ur10e/collision/wrist2.stl\n'}
[0.528390] (ur_description) StdoutLine: {'line': b'-- Up-to-date: /home/yadhu/ur3e/src/install/ur_description/share/ur_description/meshes/ur10e/collision/base.stl\n'}
[0.528438] (ur_description) StdoutLine: {'line': b'-- Up-to-date: /home/yadhu/ur3e/src/install/ur_description/share/ur_description/meshes/ur10e/collision/upperarm.stl\n'}
[0.528485] (ur_description) StdoutLine: {'line': b'-- Up-to-date: /home/yadhu/ur3e/src/install/ur_description/share/ur_description/meshes/ur10e/collision/forearm.stl\n'}
[0.528533] (ur_description) StdoutLine: {'line': b'-- Up-to-date: /home/yadhu/ur3e/src/install/ur_description/share/ur_description/meshes/ur10e/collision/wrist1.stl\n'}
[0.528583] (ur_description) StdoutLine: {'line': b'-- Up-to-date: /home/yadhu/ur3e/src/install/ur_description/share/ur_description/meshes/ur10e/collision/shoulder.stl\n'}
[0.528627] (ur_description) StdoutLine: {'line': b'-- Up-to-date: /home/yadhu/ur3e/src/install/ur_description/share/ur_description/meshes/ur10e/collision/wrist3.stl\n'}
[0.528679] (ur_description) StdoutLine: {'line': b'-- Up-to-date: /home/yadhu/ur3e/src/install/ur_description/share/ur_description/meshes/ur10e/visual\n'}
[0.528735] (ur_description) StdoutLine: {'line': b'-- Up-to-date: /home/yadhu/ur3e/src/install/ur_description/share/ur_description/meshes/ur10e/visual/wrist2.dae\n'}
[0.528786] (ur_description) StdoutLine: {'line': b'-- Up-to-date: /home/yadhu/ur3e/src/install/ur_description/share/ur_description/meshes/ur10e/visual/base.dae\n'}
[0.528836] (ur_description) StdoutLine: {'line': b'-- Up-to-date: /home/yadhu/ur3e/src/install/ur_description/share/ur_description/meshes/ur10e/visual/wrist3.dae\n'}
[0.528888] (ur_description) StdoutLine: {'line': b'-- Up-to-date: /home/yadhu/ur3e/src/install/ur_description/share/ur_description/meshes/ur10e/visual/upperarm.dae\n'}
[0.528940] (ur_description) StdoutLine: {'line': b'-- Up-to-date: /home/yadhu/ur3e/src/install/ur_description/share/ur_description/meshes/ur10e/visual/wrist1.dae\n'}
[0.528996] (ur_description) StdoutLine: {'line': b'-- Up-to-date: /home/yadhu/ur3e/src/install/ur_description/share/ur_description/meshes/ur10e/visual/forearm.dae\n'}
[0.529053] (ur_description) StdoutLine: {'line': b'-- Up-to-date: /home/yadhu/ur3e/src/install/ur_description/share/ur_description/meshes/ur10e/visual/shoulder.dae\n'}
[0.529106] (ur_description) StdoutLine: {'line': b'-- Up-to-date: /home/yadhu/ur3e/src/install/ur_description/share/ur_description/meshes/ur30\n'}
[0.529159] (ur_description) StdoutLine: {'line': b'-- Up-to-date: /home/yadhu/ur3e/src/install/ur_description/share/ur_description/meshes/ur30/LICENSE.txt\n'}
[0.529204] (ur_description) StdoutLine: {'line': b'-- Up-to-date: /home/yadhu/ur3e/src/install/ur_description/share/ur_description/meshes/ur30/collision\n'}
[0.529247] (ur_description) StdoutLine: {'line': b'-- Up-to-date: /home/yadhu/ur3e/src/install/ur_description/share/ur_description/meshes/ur30/collision/upperarm.stl\n'}
[0.529293] (ur_description) StdoutLine: {'line': b'-- Up-to-date: /home/yadhu/ur3e/src/install/ur_description/share/ur_description/meshes/ur30/collision/forearm.stl\n'}
[0.529340] (ur_description) StdoutLine: {'line': b'-- Up-to-date: /home/yadhu/ur3e/src/install/ur_description/share/ur_description/meshes/ur30/visual\n'}
[0.529398] (ur_description) StdoutLine: {'line': b'-- Up-to-date: /home/yadhu/ur3e/src/install/ur_description/share/ur_description/meshes/ur30/visual/UR30_DIFF_8bit_2K.png\n'}
[0.529455] (ur_description) StdoutLine: {'line': b'-- Up-to-date: /home/yadhu/ur3e/src/install/ur_description/share/ur_description/meshes/ur30/visual/upperarm.dae\n'}
[0.529511] (ur_description) StdoutLine: {'line': b'-- Up-to-date: /home/yadhu/ur3e/src/install/ur_description/share/ur_description/meshes/ur30/visual/forearm.dae\n'}
[0.529564] (ur_description) StdoutLine: {'line': b'-- Up-to-date: /home/yadhu/ur3e/src/install/ur_description/share/ur_description/meshes/ur5e\n'}
[0.529614] (ur_description) StdoutLine: {'line': b'-- Up-to-date: /home/yadhu/ur3e/src/install/ur_description/share/ur_description/meshes/ur5e/collision\n'}
[0.529657] (ur_description) StdoutLine: {'line': b'-- Up-to-date: /home/yadhu/ur3e/src/install/ur_description/share/ur_description/meshes/ur5e/collision/wrist2.stl\n'}
[0.529702] (ur_description) StdoutLine: {'line': b'-- Up-to-date: /home/yadhu/ur3e/src/install/ur_description/share/ur_description/meshes/ur5e/collision/base.stl\n'}
[0.529747] (ur_description) StdoutLine: {'line': b'-- Up-to-date: /home/yadhu/ur3e/src/install/ur_description/share/ur_description/meshes/ur5e/collision/upperarm.stl\n'}
[0.529812] (ur_description) StdoutLine: {'line': b'-- Up-to-date: /home/yadhu/ur3e/src/install/ur_description/share/ur_description/meshes/ur5e/collision/forearm.stl\n'}
[0.529861] (ur_description) StdoutLine: {'line': b'-- Up-to-date: /home/yadhu/ur3e/src/install/ur_description/share/ur_description/meshes/ur5e/collision/wrist1.stl\n'}
[0.529904] (ur_description) StdoutLine: {'line': b'-- Up-to-date: /home/yadhu/ur3e/src/install/ur_description/share/ur_description/meshes/ur5e/collision/shoulder.stl\n'}
[0.529949] (ur_description) StdoutLine: {'line': b'-- Up-to-date: /home/yadhu/ur3e/src/install/ur_description/share/ur_description/meshes/ur5e/collision/wrist3.stl\n'}
[0.530790] (ur_description) StdoutLine: {'line': b'-- Up-to-date: /home/yadhu/ur3e/src/install/ur_description/share/ur_description/meshes/ur5e/visual\n'}
[0.533875] (ur_description) StdoutLine: {'line': b'-- Up-to-date: /home/yadhu/ur3e/src/install/ur_description/share/ur_description/meshes/ur5e/visual/wrist2.dae\n'}
[0.533959] (ur_description) StdoutLine: {'line': b'-- Up-to-date: /home/yadhu/ur3e/src/install/ur_description/share/ur_description/meshes/ur5e/visual/base.dae\n'}
[0.534015] (ur_description) StdoutLine: {'line': b'-- Up-to-date: /home/yadhu/ur3e/src/install/ur_description/share/ur_description/meshes/ur5e/visual/wrist3.dae\n'}
[0.534062] (ur_description) StdoutLine: {'line': b'-- Up-to-date: /home/yadhu/ur3e/src/install/ur_description/share/ur_description/meshes/ur5e/visual/upperarm.dae\n'}
[0.534106] (ur_description) StdoutLine: {'line': b'-- Up-to-date: /home/yadhu/ur3e/src/install/ur_description/share/ur_description/meshes/ur5e/visual/wrist1.dae\n'}
[0.534151] (ur_description) StdoutLine: {'line': b'-- Up-to-date: /home/yadhu/ur3e/src/install/ur_description/share/ur_description/meshes/ur5e/visual/forearm.dae\n'}
[0.534197] (ur_description) StdoutLine: {'line': b'-- Up-to-date: /home/yadhu/ur3e/src/install/ur_description/share/ur_description/meshes/ur5e/visual/shoulder.dae\n'}
[0.534251] (ur_description) StdoutLine: {'line': b'-- Up-to-date: /home/yadhu/ur3e/src/install/ur_description/share/ur_description/meshes/ur5\n'}
[0.534646] (ur_description) StdoutLine: {'line': b'-- Up-to-date: /home/yadhu/ur3e/src/install/ur_description/share/ur_description/meshes/ur5/collision\n'}
[0.534707] (ur_description) StdoutLine: {'line': b'-- Up-to-date: /home/yadhu/ur3e/src/install/ur_description/share/ur_description/meshes/ur5/collision/wrist2.stl\n'}
[0.534760] (ur_description) StdoutLine: {'line': b'-- Up-to-date: /home/yadhu/ur3e/src/install/ur_description/share/ur_description/meshes/ur5/collision/base.stl\n'}
[0.534809] (ur_description) StdoutLine: {'line': b'-- Up-to-date: /home/yadhu/ur3e/src/install/ur_description/share/ur_description/meshes/ur5/collision/upperarm.stl\n'}
[0.534856] (ur_description) StdoutLine: {'line': b'-- Up-to-date: /home/yadhu/ur3e/src/install/ur_description/share/ur_description/meshes/ur5/collision/forearm.stl\n'}
[0.534903] (ur_description) StdoutLine: {'line': b'-- Up-to-date: /home/yadhu/ur3e/src/install/ur_description/share/ur_description/meshes/ur5/collision/wrist1.stl\n'}
[0.534950] (ur_description) StdoutLine: {'line': b'-- Up-to-date: /home/yadhu/ur3e/src/install/ur_description/share/ur_description/meshes/ur5/collision/shoulder.stl\n'}
[0.535004] (ur_description) StdoutLine: {'line': b'-- Up-to-date: /home/yadhu/ur3e/src/install/ur_description/share/ur_description/meshes/ur5/collision/wrist3.stl\n'}
[0.535052] (ur_description) StdoutLine: {'line': b'-- Up-to-date: /home/yadhu/ur3e/src/install/ur_description/share/ur_description/meshes/ur5/visual\n'}
[0.535098] (ur_description) StdoutLine: {'line': b'-- Up-to-date: /home/yadhu/ur3e/src/install/ur_description/share/ur_description/meshes/ur5/visual/wrist2.dae\n'}
[0.535150] (ur_description) StdoutLine: {'line': b'-- Up-to-date: /home/yadhu/ur3e/src/install/ur_description/share/ur_description/meshes/ur5/visual/base.dae\n'}
[0.535199] (ur_description) StdoutLine: {'line': b'-- Up-to-date: /home/yadhu/ur3e/src/install/ur_description/share/ur_description/meshes/ur5/visual/wrist3.dae\n'}
[0.535247] (ur_description) StdoutLine: {'line': b'-- Up-to-date: /home/yadhu/ur3e/src/install/ur_description/share/ur_description/meshes/ur5/visual/upperarm.dae\n'}
[0.535300] (ur_description) StdoutLine: {'line': b'-- Up-to-date: /home/yadhu/ur3e/src/install/ur_description/share/ur_description/meshes/ur5/visual/wrist1.dae\n'}
[0.535349] (ur_description) StdoutLine: {'line': b'-- Up-to-date: /home/yadhu/ur3e/src/install/ur_description/share/ur_description/meshes/ur5/visual/forearm.dae\n'}
[0.535395] (ur_description) StdoutLine: {'line': b'-- Up-to-date: /home/yadhu/ur3e/src/install/ur_description/share/ur_description/meshes/ur5/visual/shoulder.dae\n'}
[0.535448] (ur_description) StdoutLine: {'line': b'-- Up-to-date: /home/yadhu/ur3e/src/install/ur_description/share/ur_description/meshes/ur3e\n'}
[0.535496] (ur_description) StdoutLine: {'line': b'-- Up-to-date: /home/yadhu/ur3e/src/install/ur_description/share/ur_description/meshes/ur3e/collision\n'}
[0.535543] (ur_description) StdoutLine: {'line': b'-- Up-to-date: /home/yadhu/ur3e/src/install/ur_description/share/ur_description/meshes/ur3e/collision/wrist2.stl\n'}
[0.535590] (ur_description) StdoutLine: {'line': b'-- Up-to-date: /home/yadhu/ur3e/src/install/ur_description/share/ur_description/meshes/ur3e/collision/base.stl\n'}
[0.535647] (ur_description) StdoutLine: {'line': b'-- Up-to-date: /home/yadhu/ur3e/src/install/ur_description/share/ur_description/meshes/ur3e/collision/upperarm.stl\n'}
[0.535695] (ur_description) StdoutLine: {'line': b'-- Up-to-date: /home/yadhu/ur3e/src/install/ur_description/share/ur_description/meshes/ur3e/collision/forearm.stl\n'}
[0.535740] (ur_description) StdoutLine: {'line': b'-- Up-to-date: /home/yadhu/ur3e/src/install/ur_description/share/ur_description/meshes/ur3e/collision/wrist1.stl\n'}
[0.535790] (ur_description) StdoutLine: {'line': b'-- Up-to-date: /home/yadhu/ur3e/src/install/ur_description/share/ur_description/meshes/ur3e/collision/shoulder.stl\n'}
[0.535842] (ur_description) StdoutLine: {'line': b'-- Up-to-date: /home/yadhu/ur3e/src/install/ur_description/share/ur_description/meshes/ur3e/collision/wrist3.stl\n'}
[0.535889] (ur_description) StdoutLine: {'line': b'-- Up-to-date: /home/yadhu/ur3e/src/install/ur_description/share/ur_description/meshes/ur3e/visual\n'}
[0.535932] (ur_description) StdoutLine: {'line': b'-- Up-to-date: /home/yadhu/ur3e/src/install/ur_description/share/ur_description/meshes/ur3e/visual/wrist2.dae\n'}
[0.535976] (ur_description) StdoutLine: {'line': b'-- Up-to-date: /home/yadhu/ur3e/src/install/ur_description/share/ur_description/meshes/ur3e/visual/base.dae\n'}
[0.536031] (ur_description) StdoutLine: {'line': b'-- Up-to-date: /home/yadhu/ur3e/src/install/ur_description/share/ur_description/meshes/ur3e/visual/wrist3.dae\n'}
[0.536079] (ur_description) StdoutLine: {'line': b'-- Up-to-date: /home/yadhu/ur3e/src/install/ur_description/share/ur_description/meshes/ur3e/visual/upperarm.dae\n'}
[0.536122] (ur_description) StdoutLine: {'line': b'-- Up-to-date: /home/yadhu/ur3e/src/install/ur_description/share/ur_description/meshes/ur3e/visual/wrist1.dae\n'}
[0.536167] (ur_description) StdoutLine: {'line': b'-- Up-to-date: /home/yadhu/ur3e/src/install/ur_description/share/ur_description/meshes/ur3e/visual/forearm.dae\n'}
[0.536213] (ur_description) StdoutLine: {'line': b'-- Up-to-date: /home/yadhu/ur3e/src/install/ur_description/share/ur_description/meshes/ur3e/visual/shoulder.dae\n'}
[0.536259] (ur_description) StdoutLine: {'line': b'-- Up-to-date: /home/yadhu/ur3e/src/install/ur_description/share/ur_description/meshes/ur10\n'}
[0.536308] (ur_description) StdoutLine: {'line': b'-- Up-to-date: /home/yadhu/ur3e/src/install/ur_description/share/ur_description/meshes/ur10/collision\n'}
[0.536354] (ur_description) StdoutLine: {'line': b'-- Up-to-date: /home/yadhu/ur3e/src/install/ur_description/share/ur_description/meshes/ur10/collision/wrist2.stl\n'}
[0.536399] (ur_description) StdoutLine: {'line': b'-- Up-to-date: /home/yadhu/ur3e/src/install/ur_description/share/ur_description/meshes/ur10/collision/base.stl\n'}
[0.536439] (ur_description) StdoutLine: {'line': b'-- Up-to-date: /home/yadhu/ur3e/src/install/ur_description/share/ur_description/meshes/ur10/collision/upperarm.stl\n'}
[0.536495] (ur_description) StdoutLine: {'line': b'-- Up-to-date: /home/yadhu/ur3e/src/install/ur_description/share/ur_description/meshes/ur10/collision/forearm.stl\n'}
[0.536544] (ur_description) StdoutLine: {'line': b'-- Up-to-date: /home/yadhu/ur3e/src/install/ur_description/share/ur_description/meshes/ur10/collision/wrist1.stl\n'}
[0.536590] (ur_description) StdoutLine: {'line': b'-- Up-to-date: /home/yadhu/ur3e/src/install/ur_description/share/ur_description/meshes/ur10/collision/shoulder.stl\n'}
[0.536636] (ur_description) StdoutLine: {'line': b'-- Up-to-date: /home/yadhu/ur3e/src/install/ur_description/share/ur_description/meshes/ur10/collision/wrist3.stl\n'}
[0.536700] (ur_description) StdoutLine: {'line': b'-- Up-to-date: /home/yadhu/ur3e/src/install/ur_description/share/ur_description/meshes/ur10/visual\n'}
[0.536744] (ur_description) StdoutLine: {'line': b'-- Up-to-date: /home/yadhu/ur3e/src/install/ur_description/share/ur_description/meshes/ur10/visual/wrist2.dae\n'}
[0.536790] (ur_description) StdoutLine: {'line': b'-- Up-to-date: /home/yadhu/ur3e/src/install/ur_description/share/ur_description/meshes/ur10/visual/base.dae\n'}
[0.536838] (ur_description) StdoutLine: {'line': b'-- Up-to-date: /home/yadhu/ur3e/src/install/ur_description/share/ur_description/meshes/ur10/visual/wrist3.dae\n'}
[0.536882] (ur_description) StdoutLine: {'line': b'-- Up-to-date: /home/yadhu/ur3e/src/install/ur_description/share/ur_description/meshes/ur10/visual/upperarm.dae\n'}
[0.536929] (ur_description) StdoutLine: {'line': b'-- Up-to-date: /home/yadhu/ur3e/src/install/ur_description/share/ur_description/meshes/ur10/visual/wrist1.dae\n'}
[0.536974] (ur_description) StdoutLine: {'line': b'-- Up-to-date: /home/yadhu/ur3e/src/install/ur_description/share/ur_description/meshes/ur10/visual/forearm.dae\n'}
[0.539673] (ur_description) StdoutLine: {'line': b'-- Up-to-date: /home/yadhu/ur3e/src/install/ur_description/share/ur_description/meshes/ur10/visual/shoulder.dae\n'}
[0.539820] (ur_description) StdoutLine: {'line': b'-- Up-to-date: /home/yadhu/ur3e/src/install/ur_description/share/ur_description/meshes/ur20\n'}
[0.539892] (ur_description) StdoutLine: {'line': b'-- Up-to-date: /home/yadhu/ur3e/src/install/ur_description/share/ur_description/meshes/ur20/LICENSE.txt\n'}
[0.539955] (ur_description) StdoutLine: {'line': b'-- Up-to-date: /home/yadhu/ur3e/src/install/ur_description/share/ur_description/meshes/ur20/collision\n'}
[0.540057] (ur_description) StdoutLine: {'line': b'-- Up-to-date: /home/yadhu/ur3e/src/install/ur_description/share/ur_description/meshes/ur20/collision/wrist2.stl\n'}
[0.540362] (ur_description) StdoutLine: {'line': b'-- Up-to-date: /home/yadhu/ur3e/src/install/ur_description/share/ur_description/meshes/ur20/collision/base.stl\n'}
[0.540574] (ur_description) StdoutLine: {'line': b'-- Up-to-date: /home/yadhu/ur3e/src/install/ur_description/share/ur_description/meshes/ur20/collision/upperarm.stl\n'}
[0.540662] (ur_description) StdoutLine: {'line': b'-- Up-to-date: /home/yadhu/ur3e/src/install/ur_description/share/ur_description/meshes/ur20/collision/forearm.stl\n'}
[0.540729] (ur_description) StdoutLine: {'line': b'-- Up-to-date: /home/yadhu/ur3e/src/install/ur_description/share/ur_description/meshes/ur20/collision/wrist1.stl\n'}
[0.540793] (ur_description) StdoutLine: {'line': b'-- Up-to-date: /home/yadhu/ur3e/src/install/ur_description/share/ur_description/meshes/ur20/collision/shoulder.stl\n'}
[0.540855] (ur_description) StdoutLine: {'line': b'-- Up-to-date: /home/yadhu/ur3e/src/install/ur_description/share/ur_description/meshes/ur20/collision/wrist3.stl\n'}
[0.540916] (ur_description) StdoutLine: {'line': b'-- Up-to-date: /home/yadhu/ur3e/src/install/ur_description/share/ur_description/meshes/ur20/visual\n'}
[0.540979] (ur_description) StdoutLine: {'line': b'-- Up-to-date: /home/yadhu/ur3e/src/install/ur_description/share/ur_description/meshes/ur20/visual/wrist2.dae\n'}
[0.541377] (ur_description) StdoutLine: {'line': b'-- Up-to-date: /home/yadhu/ur3e/src/install/ur_description/share/ur_description/meshes/ur20/visual/base.dae\n'}
[0.541495] (ur_description) StdoutLine: {'line': b'-- Up-to-date: /home/yadhu/ur3e/src/install/ur_description/share/ur_description/meshes/ur20/visual/wrist3.dae\n'}
[0.541574] (ur_description) StdoutLine: {'line': b'-- Up-to-date: /home/yadhu/ur3e/src/install/ur_description/share/ur_description/meshes/ur20/visual/upperarm.dae\n'}
[0.541643] (ur_description) StdoutLine: {'line': b'-- Up-to-date: /home/yadhu/ur3e/src/install/ur_description/share/ur_description/meshes/ur20/visual/wrist1.dae\n'}
[0.541702] (ur_description) StdoutLine: {'line': b'-- Up-to-date: /home/yadhu/ur3e/src/install/ur_description/share/ur_description/meshes/ur20/visual/forearm.dae\n'}
[0.541768] (ur_description) StdoutLine: {'line': b'-- Up-to-date: /home/yadhu/ur3e/src/install/ur_description/share/ur_description/meshes/ur20/visual/UR20_DIFF_8bit_2K.png\n'}
[0.541834] (ur_description) StdoutLine: {'line': b'-- Up-to-date: /home/yadhu/ur3e/src/install/ur_description/share/ur_description/meshes/ur20/visual/shoulder.dae\n'}
[0.541893] (ur_description) StdoutLine: {'line': b'-- Up-to-date: /home/yadhu/ur3e/src/install/ur_description/share/ur_description/meshes/ur3\n'}
[0.541958] (ur_description) StdoutLine: {'line': b'-- Up-to-date: /home/yadhu/ur3e/src/install/ur_description/share/ur_description/meshes/ur3/collision\n'}
[0.542072] (ur_description) StdoutLine: {'line': b'-- Up-to-date: /home/yadhu/ur3e/src/install/ur_description/share/ur_description/meshes/ur3/collision/wrist2.stl\n'}
[0.542384] (ur_description) StdoutLine: {'line': b'-- Up-to-date: /home/yadhu/ur3e/src/install/ur_description/share/ur_description/meshes/ur3/collision/base.stl\n'}
[0.542453] (ur_description) StdoutLine: {'line': b'-- Up-to-date: /home/yadhu/ur3e/src/install/ur_description/share/ur_description/meshes/ur3/collision/upperarm.stl\n'}
[0.542506] (ur_description) StdoutLine: {'line': b'-- Up-to-date: /home/yadhu/ur3e/src/install/ur_description/share/ur_description/meshes/ur3/collision/forearm.stl\n'}
[0.542827] (ur_description) StdoutLine: {'line': b'-- Up-to-date: /home/yadhu/ur3e/src/install/ur_description/share/ur_description/meshes/ur3/collision/wrist1.stl\n'}
[0.542935] (ur_description) StdoutLine: {'line': b'-- Up-to-date: /home/yadhu/ur3e/src/install/ur_description/share/ur_description/meshes/ur3/collision/shoulder.stl\n'}
[0.543111] (ur_description) StdoutLine: {'line': b'-- Up-to-date: /home/yadhu/ur3e/src/install/ur_description/share/ur_description/meshes/ur3/collision/wrist3.stl\n'}
[0.543230] (ur_description) StdoutLine: {'line': b'-- Up-to-date: /home/yadhu/ur3e/src/install/ur_description/share/ur_description/meshes/ur3/visual\n'}
[0.543804] (ur_description) StdoutLine: {'line': b'-- Up-to-date: /home/yadhu/ur3e/src/install/ur_description/share/ur_description/meshes/ur3/visual/wrist2.dae\n'}
[0.544011] (ur_description) StdoutLine: {'line': b'-- Up-to-date: /home/yadhu/ur3e/src/install/ur_description/share/ur_description/meshes/ur3/visual/base.dae\n'}
[0.544291] (ur_description) StdoutLine: {'line': b'-- Up-to-date: /home/yadhu/ur3e/src/install/ur_description/share/ur_description/meshes/ur3/visual/wrist3.dae\n'}
[0.544377] (ur_description) StdoutLine: {'line': b'-- Up-to-date: /home/yadhu/ur3e/src/install/ur_description/share/ur_description/meshes/ur3/visual/upperarm.dae\n'}
[0.544504] (ur_description) StdoutLine: {'line': b'-- Up-to-date: /home/yadhu/ur3e/src/install/ur_description/share/ur_description/meshes/ur3/visual/wrist1.dae\n'}
[0.544635] (ur_description) StdoutLine: {'line': b'-- Up-to-date: /home/yadhu/ur3e/src/install/ur_description/share/ur_description/meshes/ur3/visual/forearm.dae\n'}
[0.544766] (ur_description) StdoutLine: {'line': b'-- Up-to-date: /home/yadhu/ur3e/src/install/ur_description/share/ur_description/meshes/ur3/visual/shoulder.dae\n'}
[0.544868] (ur_description) StdoutLine: {'line': b'-- Up-to-date: /home/yadhu/ur3e/src/install/ur_description/share/ur_description/meshes/ur16e\n'}
[0.544952] (ur_description) StdoutLine: {'line': b'-- Up-to-date: /home/yadhu/ur3e/src/install/ur_description/share/ur_description/meshes/ur16e/collision\n'}
[0.545236] (ur_description) StdoutLine: {'line': b'-- Up-to-date: /home/yadhu/ur3e/src/install/ur_description/share/ur_description/meshes/ur16e/collision/upperarm.stl\n'}
[0.545314] (ur_description) StdoutLine: {'line': b'-- Up-to-date: /home/yadhu/ur3e/src/install/ur_description/share/ur_description/meshes/ur16e/collision/forearm.stl\n'}
[0.545376] (ur_description) StdoutLine: {'line': b'-- Up-to-date: /home/yadhu/ur3e/src/install/ur_description/share/ur_description/meshes/ur16e/visual\n'}
[0.545461] (ur_description) StdoutLine: {'line': b'-- Up-to-date: /home/yadhu/ur3e/src/install/ur_description/share/ur_description/meshes/ur16e/visual/upperarm.dae\n'}
[0.545524] (ur_description) StdoutLine: {'line': b'-- Up-to-date: /home/yadhu/ur3e/src/install/ur_description/share/ur_description/meshes/ur16e/visual/forearm.dae\n'}
[0.545584] (ur_description) StdoutLine: {'line': b'-- Up-to-date: /home/yadhu/ur3e/src/install/ur_description/share/ur_description/rviz\n'}
[0.545639] (ur_description) StdoutLine: {'line': b'-- Up-to-date: /home/yadhu/ur3e/src/install/ur_description/share/ur_description/rviz/view_robot.rviz\n'}
[0.545696] (ur_description) StdoutLine: {'line': b'-- Up-to-date: /home/yadhu/ur3e/src/install/ur_description/share/ur_description/urdf\n'}
[0.545753] (ur_description) StdoutLine: {'line': b'-- Up-to-date: /home/yadhu/ur3e/src/install/ur_description/share/ur_description/urdf/ur.urdf\n'}
[0.545812] (ur_description) StdoutLine: {'line': b'-- Up-to-date: /home/yadhu/ur3e/src/install/ur_description/share/ur_description/urdf/ur.ros2_control.xacro\n'}
[0.545871] (ur_description) StdoutLine: {'line': b'-- Up-to-date: /home/yadhu/ur3e/src/install/ur_description/share/ur_description/urdf/ur.urdf.xacro\n'}
[0.545928] (ur_description) StdoutLine: {'line': b'-- Up-to-date: /home/yadhu/ur3e/src/install/ur_description/share/ur_description/urdf/initial_positions.yaml\n'}
[0.545996] (ur_description) StdoutLine: {'line': b'-- Up-to-date: /home/yadhu/ur3e/src/install/ur_description/share/ur_description/urdf/ur_gripper.xacro\n'}
[0.546058] (ur_description) StdoutLine: {'line': b'-- Up-to-date: /home/yadhu/ur3e/src/install/ur_description/share/ur_description/urdf/ur_macro.xacro\n'}
[0.546117] (ur_description) StdoutLine: {'line': b'-- Up-to-date: /home/yadhu/ur3e/src/install/ur_description/share/ur_description/urdf/inc\n'}
[0.546171] (ur_description) StdoutLine: {'line': b'-- Up-to-date: /home/yadhu/ur3e/src/install/ur_description/share/ur_description/urdf/inc/ur_common.xacro\n'}
[0.546236] (ur_description) StdoutLine: {'line': b'-- Up-to-date: /home/yadhu/ur3e/src/install/ur_description/share/ur_description/urdf/inc/ur_transmissions.xacro\n'}
[0.546296] (ur_description) StdoutLine: {'line': b'-- Up-to-date: /home/yadhu/ur3e/src/install/ur_description/share/ur_description/test\n'}
[0.546358] (ur_description) StdoutLine: {'line': b'-- Up-to-date: /home/yadhu/ur3e/src/install/ur_description/share/ur_description/test/test_ur_urdf_xacro.py\n'}
[0.546420] (ur_description) StdoutLine: {'line': b'-- Up-to-date: /home/yadhu/ur3e/src/install/ur_description/share/ur_description/test/test_view_ur_launch.py\n'}
[0.546479] (ur_description) StdoutLine: {'line': b'-- Up-to-date: /home/yadhu/ur3e/src/install/ur_description/share/ament_index/resource_index/package_run_dependencies/ur_description\n'}
[0.546539] (ur_description) StdoutLine: {'line': b'-- Up-to-date: /home/yadhu/ur3e/src/install/ur_description/share/ament_index/resource_index/parent_prefix_path/ur_description\n'}
[0.546598] (ur_description) StdoutLine: {'line': b'-- Up-to-date: /home/yadhu/ur3e/src/install/ur_description/share/ur_description/environment/ament_prefix_path.sh\n'}
[0.546656] (ur_description) StdoutLine: {'line': b'-- Up-to-date: /home/yadhu/ur3e/src/install/ur_description/share/ur_description/environment/ament_prefix_path.dsv\n'}
[0.546715] (ur_description) StdoutLine: {'line': b'-- Up-to-date: /home/yadhu/ur3e/src/install/ur_description/share/ur_description/environment/path.sh\n'}
[0.546915] (ur_description) StdoutLine: {'line': b'-- Up-to-date: /home/yadhu/ur3e/src/install/ur_description/share/ur_description/environment/path.dsv\n'}
[0.546992] (ur_description) StdoutLine: {'line': b'-- Up-to-date: /home/yadhu/ur3e/src/install/ur_description/share/ur_description/local_setup.bash\n'}
[0.547356] (ur_description) StdoutLine: {'line': b'-- Up-to-date: /home/yadhu/ur3e/src/install/ur_description/share/ur_description/local_setup.sh\n'}
[0.548447] (ur_description) StdoutLine: {'line': b'-- Up-to-date: /home/yadhu/ur3e/src/install/ur_description/share/ur_description/local_setup.zsh\n'}
[0.548592] (ur_description) StdoutLine: {'line': b'-- Up-to-date: /home/yadhu/ur3e/src/install/ur_description/share/ur_description/local_setup.dsv\n'}
[0.548660] (ur_description) StdoutLine: {'line': b'-- Installing: /home/yadhu/ur3e/src/install/ur_description/share/ur_description/package.dsv\n'}
[0.548713] (ur_description) StdoutLine: {'line': b'-- Up-to-date: /home/yadhu/ur3e/src/install/ur_description/share/ament_index/resource_index/packages/ur_description\n'}
[0.548761] (ur_description) StdoutLine: {'line': b'-- Up-to-date: /home/yadhu/ur3e/src/install/ur_description/share/ur_description/cmake/ur_descriptionConfig.cmake\n'}
[0.548800] (ur_description) StdoutLine: {'line': b'-- Up-to-date: /home/yadhu/ur3e/src/install/ur_description/share/ur_description/cmake/ur_descriptionConfig-version.cmake\n'}
[0.548831] (ur_description) StdoutLine: {'line': b'-- Up-to-date: /home/yadhu/ur3e/src/install/ur_description/share/ur_description/package.xml\n'}
[0.548863] (ur_description) CommandEnded: {'returncode': 0}
[0.549156] (unity_robotics_demo_msgs) StdoutLine: {'line': b"Listing '/home/yadhu/ur3e/src/install/unity_robotics_demo_msgs/local/lib/python3.10/dist-packages/unity_robotics_demo_msgs'...\n"}
[0.549204] (unity_robotics_demo_msgs) StdoutLine: {'line': b"Listing '/home/yadhu/ur3e/src/install/unity_robotics_demo_msgs/local/lib/python3.10/dist-packages/unity_robotics_demo_msgs/msg'...\n"}
[0.549240] (unity_robotics_demo_msgs) StdoutLine: {'line': b"Listing '/home/yadhu/ur3e/src/install/unity_robotics_demo_msgs/local/lib/python3.10/dist-packages/unity_robotics_demo_msgs/srv'...\n"}
[0.549283] (unity_robotics_demo_msgs) StdoutLine: {'line': b'-- Up-to-date: /home/yadhu/ur3e/src/install/unity_robotics_demo_msgs/local/lib/python3.10/dist-packages/unity_robotics_demo_msgs/unity_robotics_demo_msgs_s__rosidl_typesupport_fastrtps_c.cpython-310-x86_64-linux-gnu.so\n'}
[0.549326] (unity_robotics_demo_msgs) StdoutLine: {'line': b'-- Up-to-date: /home/yadhu/ur3e/src/install/unity_robotics_demo_msgs/local/lib/python3.10/dist-packages/unity_robotics_demo_msgs/unity_robotics_demo_msgs_s__rosidl_typesupport_introspection_c.cpython-310-x86_64-linux-gnu.so\n'}
[0.549375] (unity_robotics_demo_msgs) StdoutLine: {'line': b'-- Up-to-date: /home/yadhu/ur3e/src/install/unity_robotics_demo_msgs/local/lib/python3.10/dist-packages/unity_robotics_demo_msgs/unity_robotics_demo_msgs_s__rosidl_typesupport_c.cpython-310-x86_64-linux-gnu.so\n'}
[0.549421] (unity_robotics_demo_msgs) StdoutLine: {'line': b'-- Up-to-date: /home/yadhu/ur3e/src/install/unity_robotics_demo_msgs/lib/libunity_robotics_demo_msgs__rosidl_generator_py.so\n'}
[0.549638] (unity_robotics_demo_msgs) StdoutLine: {'line': b'-- Up-to-date: /home/yadhu/ur3e/src/install/unity_robotics_demo_msgs/share/unity_robotics_demo_msgs/msg/PosRot.idl\n'}
[0.549736] (unity_robotics_demo_msgs) StdoutLine: {'line': b'-- Up-to-date: /home/yadhu/ur3e/src/install/unity_robotics_demo_msgs/share/unity_robotics_demo_msgs/msg/UnityColor.idl\n'}
[0.549822] (unity_robotics_demo_msgs) StdoutLine: {'line': b'-- Up-to-date: /home/yadhu/ur3e/src/install/unity_robotics_demo_msgs/share/unity_robotics_demo_msgs/srv/PositionService.idl\n'}
[0.549902] (unity_robotics_demo_msgs) StdoutLine: {'line': b'-- Up-to-date: /home/yadhu/ur3e/src/install/unity_robotics_demo_msgs/share/unity_robotics_demo_msgs/srv/ObjectPoseService.idl\n'}
[0.550121] (unity_robotics_demo_msgs) StdoutLine: {'line': b'-- Up-to-date: /home/yadhu/ur3e/src/install/unity_robotics_demo_msgs/share/unity_robotics_demo_msgs/msg/PosRot.msg\n'}
[0.550215] (unity_robotics_demo_msgs) StdoutLine: {'line': b'-- Up-to-date: /home/yadhu/ur3e/src/install/unity_robotics_demo_msgs/share/unity_robotics_demo_msgs/msg/UnityColor.msg\n'}
[0.550296] (unity_robotics_demo_msgs) StdoutLine: {'line': b'-- Up-to-date: /home/yadhu/ur3e/src/install/unity_robotics_demo_msgs/share/unity_robotics_demo_msgs/srv/PositionService.srv\n'}
[0.550388] (unity_robotics_demo_msgs) StdoutLine: {'line': b'-- Up-to-date: /home/yadhu/ur3e/src/install/unity_robotics_demo_msgs/share/unity_robotics_demo_msgs/srv/PositionService_Request.msg\n'}
[0.550474] (unity_robotics_demo_msgs) StdoutLine: {'line': b'-- Up-to-date: /home/yadhu/ur3e/src/install/unity_robotics_demo_msgs/share/unity_robotics_demo_msgs/srv/PositionService_Response.msg\n'}
[0.550550] (unity_robotics_demo_msgs) StdoutLine: {'line': b'-- Up-to-date: /home/yadhu/ur3e/src/install/unity_robotics_demo_msgs/share/unity_robotics_demo_msgs/srv/ObjectPoseService.srv\n'}
[0.550626] (unity_robotics_demo_msgs) StdoutLine: {'line': b'-- Up-to-date: /home/yadhu/ur3e/src/install/unity_robotics_demo_msgs/share/unity_robotics_demo_msgs/srv/ObjectPoseService_Request.msg\n'}
[0.550702] (unity_robotics_demo_msgs) StdoutLine: {'line': b'-- Up-to-date: /home/yadhu/ur3e/src/install/unity_robotics_demo_msgs/share/unity_robotics_demo_msgs/srv/ObjectPoseService_Response.msg\n'}
[0.550777] (unity_robotics_demo_msgs) StdoutLine: {'line': b'-- Up-to-date: /home/yadhu/ur3e/src/install/unity_robotics_demo_msgs/share/ament_index/resource_index/package_run_dependencies/unity_robotics_demo_msgs\n'}
[0.550851] (unity_robotics_demo_msgs) StdoutLine: {'line': b'-- Up-to-date: /home/yadhu/ur3e/src/install/unity_robotics_demo_msgs/share/ament_index/resource_index/parent_prefix_path/unity_robotics_demo_msgs\n'}
[0.551103] (unity_robotics_demo_msgs) StdoutLine: {'line': b'-- Up-to-date: /home/yadhu/ur3e/src/install/unity_robotics_demo_msgs/share/unity_robotics_demo_msgs/environment/ament_prefix_path.sh\n'}
[0.551166] (unity_robotics_demo_msgs) StdoutLine: {'line': b'-- Up-to-date: /home/yadhu/ur3e/src/install/unity_robotics_demo_msgs/share/unity_robotics_demo_msgs/environment/ament_prefix_path.dsv\n'}
[0.551216] (unity_robotics_demo_msgs) StdoutLine: {'line': b'-- Up-to-date: /home/yadhu/ur3e/src/install/unity_robotics_demo_msgs/share/unity_robotics_demo_msgs/environment/path.sh\n'}
[0.551267] (unity_robotics_demo_msgs) StdoutLine: {'line': b'-- Up-to-date: /home/yadhu/ur3e/src/install/unity_robotics_demo_msgs/share/unity_robotics_demo_msgs/environment/path.dsv\n'}
[0.551315] (unity_robotics_demo_msgs) StdoutLine: {'line': b'-- Up-to-date: /home/yadhu/ur3e/src/install/unity_robotics_demo_msgs/share/unity_robotics_demo_msgs/local_setup.bash\n'}
[0.551359] (unity_robotics_demo_msgs) StdoutLine: {'line': b'-- Up-to-date: /home/yadhu/ur3e/src/install/unity_robotics_demo_msgs/share/unity_robotics_demo_msgs/local_setup.sh\n'}
[0.551405] (unity_robotics_demo_msgs) StdoutLine: {'line': b'-- Up-to-date: /home/yadhu/ur3e/src/install/unity_robotics_demo_msgs/share/unity_robotics_demo_msgs/local_setup.zsh\n'}
[0.551560] (unity_robotics_demo_msgs) StdoutLine: {'line': b'-- Up-to-date: /home/yadhu/ur3e/src/install/unity_robotics_demo_msgs/share/unity_robotics_demo_msgs/local_setup.dsv\n'}
[0.551652] (unity_robotics_demo_msgs) StdoutLine: {'line': b'-- Installing: /home/yadhu/ur3e/src/install/unity_robotics_demo_msgs/share/unity_robotics_demo_msgs/package.dsv\n'}
[0.551707] (unity_robotics_demo_msgs) StdoutLine: {'line': b'-- Up-to-date: /home/yadhu/ur3e/src/install/unity_robotics_demo_msgs/share/ament_index/resource_index/packages/unity_robotics_demo_msgs\n'}
[0.551771] (unity_robotics_demo_msgs) StdoutLine: {'line': b'-- Up-to-date: /home/yadhu/ur3e/src/install/unity_robotics_demo_msgs/share/unity_robotics_demo_msgs/cmake/export_unity_robotics_demo_msgs__rosidl_generator_cExport.cmake\n'}
[0.551824] (unity_robotics_demo_msgs) StdoutLine: {'line': b'-- Up-to-date: /home/yadhu/ur3e/src/install/unity_robotics_demo_msgs/share/unity_robotics_demo_msgs/cmake/export_unity_robotics_demo_msgs__rosidl_generator_cExport-noconfig.cmake\n'}
[0.552166] (unity_robotics_demo_msgs) StdoutLine: {'line': b'-- Up-to-date: /home/yadhu/ur3e/src/install/unity_robotics_demo_msgs/share/unity_robotics_demo_msgs/cmake/export_unity_robotics_demo_msgs__rosidl_typesupport_fastrtps_cExport.cmake\n'}
[0.552410] (unity_robotics_demo_msgs) StdoutLine: {'line': b'-- Up-to-date: /home/yadhu/ur3e/src/install/unity_robotics_demo_msgs/share/unity_robotics_demo_msgs/cmake/export_unity_robotics_demo_msgs__rosidl_typesupport_fastrtps_cExport-noconfig.cmake\n'}
[0.552489] (unity_robotics_demo_msgs) StdoutLine: {'line': b'-- Up-to-date: /home/yadhu/ur3e/src/install/unity_robotics_demo_msgs/share/unity_robotics_demo_msgs/cmake/unity_robotics_demo_msgs__rosidl_typesupport_introspection_cExport.cmake\n'}
[0.552547] (unity_robotics_demo_msgs) StdoutLine: {'line': b'-- Up-to-date: /home/yadhu/ur3e/src/install/unity_robotics_demo_msgs/share/unity_robotics_demo_msgs/cmake/unity_robotics_demo_msgs__rosidl_typesupport_introspection_cExport-noconfig.cmake\n'}
[0.552611] (unity_robotics_demo_msgs) StdoutLine: {'line': b'-- Up-to-date: /home/yadhu/ur3e/src/install/unity_robotics_demo_msgs/share/unity_robotics_demo_msgs/cmake/unity_robotics_demo_msgs__rosidl_typesupport_cExport.cmake\n'}
[0.552674] (unity_robotics_demo_msgs) StdoutLine: {'line': b'-- Up-to-date: /home/yadhu/ur3e/src/install/unity_robotics_demo_msgs/share/unity_robotics_demo_msgs/cmake/unity_robotics_demo_msgs__rosidl_typesupport_cExport-noconfig.cmake\n'}
[0.552732] (unity_robotics_demo_msgs) StdoutLine: {'line': b'-- Up-to-date: /home/yadhu/ur3e/src/install/unity_robotics_demo_msgs/share/unity_robotics_demo_msgs/cmake/export_unity_robotics_demo_msgs__rosidl_generator_cppExport.cmake\n'}
[0.552793] (unity_robotics_demo_msgs) StdoutLine: {'line': b'-- Up-to-date: /home/yadhu/ur3e/src/install/unity_robotics_demo_msgs/share/unity_robotics_demo_msgs/cmake/export_unity_robotics_demo_msgs__rosidl_typesupport_fastrtps_cppExport.cmake\n'}
[0.552850] (unity_robotics_demo_msgs) StdoutLine: {'line': b'-- Up-to-date: /home/yadhu/ur3e/src/install/unity_robotics_demo_msgs/share/unity_robotics_demo_msgs/cmake/export_unity_robotics_demo_msgs__rosidl_typesupport_fastrtps_cppExport-noconfig.cmake\n'}
[0.553162] (unity_robotics_demo_msgs) StdoutLine: {'line': b'-- Up-to-date: /home/yadhu/ur3e/src/install/unity_robotics_demo_msgs/share/unity_robotics_demo_msgs/cmake/unity_robotics_demo_msgs__rosidl_typesupport_introspection_cppExport.cmake\n'}
[0.553230] (unity_robotics_demo_msgs) StdoutLine: {'line': b'-- Up-to-date: /home/yadhu/ur3e/src/install/unity_robotics_demo_msgs/share/unity_robotics_demo_msgs/cmake/unity_robotics_demo_msgs__rosidl_typesupport_introspection_cppExport-noconfig.cmake\n'}
[0.553287] (unity_robotics_demo_msgs) StdoutLine: {'line': b'-- Up-to-date: /home/yadhu/ur3e/src/install/unity_robotics_demo_msgs/share/unity_robotics_demo_msgs/cmake/unity_robotics_demo_msgs__rosidl_typesupport_cppExport.cmake\n'}
[0.553343] (unity_robotics_demo_msgs) StdoutLine: {'line': b'-- Up-to-date: /home/yadhu/ur3e/src/install/unity_robotics_demo_msgs/share/unity_robotics_demo_msgs/cmake/unity_robotics_demo_msgs__rosidl_typesupport_cppExport-noconfig.cmake\n'}
[0.553399] (unity_robotics_demo_msgs) StdoutLine: {'line': b'-- Up-to-date: /home/yadhu/ur3e/src/install/unity_robotics_demo_msgs/share/unity_robotics_demo_msgs/cmake/export_unity_robotics_demo_msgs__rosidl_generator_pyExport.cmake\n'}
[0.553455] (unity_robotics_demo_msgs) StdoutLine: {'line': b'-- Up-to-date: /home/yadhu/ur3e/src/install/unity_robotics_demo_msgs/share/unity_robotics_demo_msgs/cmake/export_unity_robotics_demo_msgs__rosidl_generator_pyExport-noconfig.cmake\n'}
[0.553511] (unity_robotics_demo_msgs) StdoutLine: {'line': b'-- Up-to-date: /home/yadhu/ur3e/src/install/unity_robotics_demo_msgs/share/unity_robotics_demo_msgs/cmake/rosidl_cmake-extras.cmake\n'}
[0.553568] (unity_robotics_demo_msgs) StdoutLine: {'line': b'-- Up-to-date: /home/yadhu/ur3e/src/install/unity_robotics_demo_msgs/share/unity_robotics_demo_msgs/cmake/ament_cmake_export_dependencies-extras.cmake\n'}
[0.553746] (unity_robotics_demo_msgs) StdoutLine: {'line': b'-- Up-to-date: /home/yadhu/ur3e/src/install/unity_robotics_demo_msgs/share/unity_robotics_demo_msgs/cmake/ament_cmake_export_include_directories-extras.cmake\n'}
[0.553806] (unity_robotics_demo_msgs) StdoutLine: {'line': b'-- Up-to-date: /home/yadhu/ur3e/src/install/unity_robotics_demo_msgs/share/unity_robotics_demo_msgs/cmake/ament_cmake_export_libraries-extras.cmake\n'}
[0.554097] (unity_robotics_demo_msgs) StdoutLine: {'line': b'-- Up-to-date: /home/yadhu/ur3e/src/install/unity_robotics_demo_msgs/share/unity_robotics_demo_msgs/cmake/ament_cmake_export_targets-extras.cmake\n'}
[0.554643] (unity_robotics_demo_msgs) StdoutLine: {'line': b'-- Up-to-date: /home/yadhu/ur3e/src/install/unity_robotics_demo_msgs/share/unity_robotics_demo_msgs/cmake/rosidl_cmake_export_typesupport_targets-extras.cmake\n'}
[0.554711] (unity_robotics_demo_msgs) StdoutLine: {'line': b'-- Up-to-date: /home/yadhu/ur3e/src/install/unity_robotics_demo_msgs/share/unity_robotics_demo_msgs/cmake/rosidl_cmake_export_typesupport_libraries-extras.cmake\n'}
[0.554780] (unity_robotics_demo_msgs) StdoutLine: {'line': b'-- Up-to-date: /home/yadhu/ur3e/src/install/unity_robotics_demo_msgs/share/unity_robotics_demo_msgs/cmake/unity_robotics_demo_msgsConfig.cmake\n'}
[0.554836] (unity_robotics_demo_msgs) StdoutLine: {'line': b'-- Up-to-date: /home/yadhu/ur3e/src/install/unity_robotics_demo_msgs/share/unity_robotics_demo_msgs/cmake/unity_robotics_demo_msgsConfig-version.cmake\n'}
[0.554888] (unity_robotics_demo_msgs) StdoutLine: {'line': b'-- Up-to-date: /home/yadhu/ur3e/src/install/unity_robotics_demo_msgs/share/unity_robotics_demo_msgs/package.xml\n'}
[0.554945] (unity_robotics_demo_msgs) CommandEnded: {'returncode': 0}
[0.573880] (ur_description) JobEnded: {'identifier': 'ur_description', 'rc': 0}
[0.575299] (pyfile) JobStarted: {'identifier': 'pyfile'}
[0.578935] (ur3e_gripper_moveit) JobStarted: {'identifier': 'ur3e_gripper_moveit'}
[0.583162] (ur_moveit_config) JobStarted: {'identifier': 'ur_moveit_config'}
[0.601236] (-) TimerEvent: {}
[0.702236] (-) TimerEvent: {}
[0.757784] (ur3e_gripper_moveit) JobProgress: {'identifier': 'ur3e_gripper_moveit', 'progress': 'cmake'}
[0.758063] (ur3e_gripper_moveit) JobProgress: {'identifier': 'ur3e_gripper_moveit', 'progress': 'build'}
[0.758189] (ur3e_gripper_moveit) Command: {'cmd': ['/usr/bin/cmake', '--build', '/home/yadhu/ur3e/src/build/ur3e_gripper_moveit', '--', '-j16', '-l16'], 'cwd': '/home/yadhu/ur3e/src/build/ur3e_gripper_moveit', 'env': OrderedDict([('HOSTNAME', 'yadhuk'), ('GIT_ASKPASS', '/vscode/vscode-server/bin/linux-x64/e54c774e0add60467559eb0d1e229c6452cf8447/extensions/git/dist/askpass.sh'), ('SHLVL', '2'), ('LD_LIBRARY_PATH', '/usr/lib/x86_64-linux-gnu/gazebo-11/plugins:/opt/ros/humble/opt/rviz_ogre_vendor/lib:/opt/ros/humble/lib/x86_64-linux-gnu:/opt/ros/humble/lib'), ('BROWSER', '/vscode/vscode-server/bin/linux-x64/e54c774e0add60467559eb0d1e229c6452cf8447/bin/helpers/browser.sh'), ('HOME', '/home/yadhu'), ('OLDPWD', '/home/yadhu/ur3e'), ('TERM_PROGRAM_VERSION', '1.97.2'), ('VSCODE_IPC_HOOK_CLI', '/tmp/vscode-ipc-191d809e-ad6a-48a3-8c83-2991c7349be6.sock'), ('DEBUGPY_ADAPTER_ENDPOINTS', '/home/yadhu/.vscode-server/extensions/ms-python.debugpy-2025.0.1-linux-x64/.noConfigDebugAdapterEndpoints/endpoint-00e5a96652343ffc.txt'), ('ROS_PYTHON_VERSION', '3'), ('VSCODE_GIT_ASKPASS_MAIN', '/vscode/vscode-server/bin/linux-x64/e54c774e0add60467559eb0d1e229c6452cf8447/extensions/git/dist/askpass-main.js'), ('VSCODE_GIT_ASKPASS_NODE', '/vscode/vscode-server/bin/linux-x64/e54c774e0add60467559eb0d1e229c6452cf8447/node'), ('PYDEVD_DISABLE_FILE_VALIDATION', '1'), ('BUNDLED_DEBUGPY_PATH', '/home/yadhu/.vscode-server/extensions/ms-python.debugpy-2025.0.1-linux-x64/bundled/libs/debugpy'), ('COLORTERM', 'truecolor'), ('REMOTE_CONTAINERS', 'true'), ('ROS_DISTRO', 'humble'), ('REMOTE_CONTAINERS_IPC', '/tmp/vscode-remote-containers-ipc-3b15b7cf-88ad-4a56-828c-69c61a495d31.sock'), ('_', '/usr/bin/colcon'), ('ROS_VERSION', '2'), ('TERM', 'xterm-256color'), ('ROS_LOCALHOST_ONLY', '0'), ('PATH', '/vscode/vscode-server/bin/linux-x64/e54c774e0add60467559eb0d1e229c6452cf8447/bin/remote-cli:/opt/ros/humble/bin:/usr/local/sbin:/usr/local/bin:/usr/sbin:/usr/bin:/sbin:/bin:/home/yadhu/.vscode-server/extensions/ms-python.debugpy-2025.0.1-linux-x64/bundled/scripts/noConfigScripts'), ('REMOTE_CONTAINERS_SOCKETS', '["/tmp/vscode-ssh-auth-3b15b7cf-88ad-4a56-828c-69c61a495d31.sock","/home/yadhu/.gnupg/S.gpg-agent"]'), ('DISPLAY', ':1'), ('LANG', 'C.UTF-8'), ('RMW_IMPLEMENTATION', 'rmw_cyclonedds_cpp'), ('LS_COLORS', 'rs=0:di=01;34:ln=01;36:mh=00:pi=40;33:so=01;35:do=01;35:bd=40;33;01:cd=40;33;01:or=40;31;01:mi=00:su=37;41:sg=30;43:ca=30;41:tw=30;42:ow=34;42:st=37;44:ex=01;32:*.tar=01;31:*.tgz=01;31:*.arc=01;31:*.arj=01;31:*.taz=01;31:*.lha=01;31:*.lz4=01;31:*.lzh=01;31:*.lzma=01;31:*.tlz=01;31:*.txz=01;31:*.tzo=01;31:*.t7z=01;31:*.zip=01;31:*.z=01;31:*.dz=01;31:*.gz=01;31:*.lrz=01;31:*.lz=01;31:*.lzo=01;31:*.xz=01;31:*.zst=01;31:*.tzst=01;31:*.bz2=01;31:*.bz=01;31:*.tbz=01;31:*.tbz2=01;31:*.tz=01;31:*.deb=01;31:*.rpm=01;31:*.jar=01;31:*.war=01;31:*.ear=01;31:*.sar=01;31:*.rar=01;31:*.alz=01;31:*.ace=01;31:*.zoo=01;31:*.cpio=01;31:*.7z=01;31:*.rz=01;31:*.cab=01;31:*.wim=01;31:*.swm=01;31:*.dwm=01;31:*.esd=01;31:*.jpg=01;35:*.jpeg=01;35:*.mjpg=01;35:*.mjpeg=01;35:*.gif=01;35:*.bmp=01;35:*.pbm=01;35:*.pgm=01;35:*.ppm=01;35:*.tga=01;35:*.xbm=01;35:*.xpm=01;35:*.tif=01;35:*.tiff=01;35:*.png=01;35:*.svg=01;35:*.svgz=01;35:*.mng=01;35:*.pcx=01;35:*.mov=01;35:*.mpg=01;35:*.mpeg=01;35:*.m2v=01;35:*.mkv=01;35:*.webm=01;35:*.webp=01;35:*.ogm=01;35:*.mp4=01;35:*.m4v=01;35:*.mp4v=01;35:*.vob=01;35:*.qt=01;35:*.nuv=01;35:*.wmv=01;35:*.asf=01;35:*.rm=01;35:*.rmvb=01;35:*.flc=01;35:*.avi=01;35:*.fli=01;35:*.flv=01;35:*.gl=01;35:*.dl=01;35:*.xcf=01;35:*.xwd=01;35:*.yuv=01;35:*.cgm=01;35:*.emf=01;35:*.ogv=01;35:*.ogx=01;35:*.aac=00;36:*.au=00;36:*.flac=00;36:*.m4a=00;36:*.mid=00;36:*.midi=00;36:*.mka=00;36:*.mp3=00;36:*.mpc=00;36:*.ogg=00;36:*.ra=00;36:*.wav=00;36:*.oga=00;36:*.opus=00;36:*.spx=00;36:*.xspf=00;36:'), ('VSCODE_GIT_IPC_HANDLE', '/tmp/vscode-git-09c052f1c4.sock'), ('TERM_PROGRAM', 'vscode'), ('SSH_AUTH_SOCK', '/tmp/vscode-ssh-auth-3b15b7cf-88ad-4a56-828c-69c61a495d31.sock'), ('ROS_DOMAIN_ID', '42'), ('AMENT_PREFIX_PATH', '/home/yadhu/ur3e/src/install/ur_description:/home/yadhu/ur3e/src/install/robotiq_description:/opt/ros/humble'), ('SHELL', '/bin/bash'), ('ROS_AUTOMATIC_DISCOVERY_RANGE', 'LOCALHOST'), ('VSCODE_GIT_ASKPASS_EXTRA_ARGS', ''), ('PWD', '/home/yadhu/ur3e/src/build/ur3e_gripper_moveit'), ('LC_ALL', 'C.UTF-8'), ('PYTHONPATH', '/opt/ros/humble/lib/python3.10/site-packages:/opt/ros/humble/local/lib/python3.10/dist-packages'), ('COLCON', '1'), ('CMAKE_PREFIX_PATH', '/home/yadhu/ur3e/src/install/ur_description:/home/yadhu/ur3e/src/install/robotiq_description:/opt/ros/humble')]), 'shell': False}
[0.764267] (unity_robotics_demo_msgs) JobEnded: {'identifier': 'unity_robotics_demo_msgs', 'rc': 0}
[0.764739] (ur_moveit_config) JobProgress: {'identifier': 'ur_moveit_config', 'progress': 'cmake'}
[0.764831] (ur_moveit_config) JobProgress: {'identifier': 'ur_moveit_config', 'progress': 'build'}
[0.765137] (ur_moveit_config) Command: {'cmd': ['/usr/bin/cmake', '--build', '/home/yadhu/ur3e/src/build/ur_moveit_config', '--', '-j16', '-l16'], 'cwd': '/home/yadhu/ur3e/src/build/ur_moveit_config', 'env': OrderedDict([('HOSTNAME', 'yadhuk'), ('GIT_ASKPASS', '/vscode/vscode-server/bin/linux-x64/e54c774e0add60467559eb0d1e229c6452cf8447/extensions/git/dist/askpass.sh'), ('SHLVL', '2'), ('LD_LIBRARY_PATH', '/usr/lib/x86_64-linux-gnu/gazebo-11/plugins:/opt/ros/humble/opt/rviz_ogre_vendor/lib:/opt/ros/humble/lib/x86_64-linux-gnu:/opt/ros/humble/lib'), ('BROWSER', '/vscode/vscode-server/bin/linux-x64/e54c774e0add60467559eb0d1e229c6452cf8447/bin/helpers/browser.sh'), ('HOME', '/home/yadhu'), ('OLDPWD', '/home/yadhu/ur3e'), ('TERM_PROGRAM_VERSION', '1.97.2'), ('VSCODE_IPC_HOOK_CLI', '/tmp/vscode-ipc-191d809e-ad6a-48a3-8c83-2991c7349be6.sock'), ('DEBUGPY_ADAPTER_ENDPOINTS', '/home/yadhu/.vscode-server/extensions/ms-python.debugpy-2025.0.1-linux-x64/.noConfigDebugAdapterEndpoints/endpoint-00e5a96652343ffc.txt'), ('ROS_PYTHON_VERSION', '3'), ('VSCODE_GIT_ASKPASS_MAIN', '/vscode/vscode-server/bin/linux-x64/e54c774e0add60467559eb0d1e229c6452cf8447/extensions/git/dist/askpass-main.js'), ('VSCODE_GIT_ASKPASS_NODE', '/vscode/vscode-server/bin/linux-x64/e54c774e0add60467559eb0d1e229c6452cf8447/node'), ('PYDEVD_DISABLE_FILE_VALIDATION', '1'), ('BUNDLED_DEBUGPY_PATH', '/home/yadhu/.vscode-server/extensions/ms-python.debugpy-2025.0.1-linux-x64/bundled/libs/debugpy'), ('COLORTERM', 'truecolor'), ('REMOTE_CONTAINERS', 'true'), ('ROS_DISTRO', 'humble'), ('REMOTE_CONTAINERS_IPC', '/tmp/vscode-remote-containers-ipc-3b15b7cf-88ad-4a56-828c-69c61a495d31.sock'), ('_', '/usr/bin/colcon'), ('ROS_VERSION', '2'), ('TERM', 'xterm-256color'), ('ROS_LOCALHOST_ONLY', '0'), ('PATH', '/vscode/vscode-server/bin/linux-x64/e54c774e0add60467559eb0d1e229c6452cf8447/bin/remote-cli:/opt/ros/humble/bin:/usr/local/sbin:/usr/local/bin:/usr/sbin:/usr/bin:/sbin:/bin:/home/yadhu/.vscode-server/extensions/ms-python.debugpy-2025.0.1-linux-x64/bundled/scripts/noConfigScripts'), ('REMOTE_CONTAINERS_SOCKETS', '["/tmp/vscode-ssh-auth-3b15b7cf-88ad-4a56-828c-69c61a495d31.sock","/home/yadhu/.gnupg/S.gpg-agent"]'), ('DISPLAY', ':1'), ('LANG', 'C.UTF-8'), ('RMW_IMPLEMENTATION', 'rmw_cyclonedds_cpp'), ('LS_COLORS', 'rs=0:di=01;34:ln=01;36:mh=00:pi=40;33:so=01;35:do=01;35:bd=40;33;01:cd=40;33;01:or=40;31;01:mi=00:su=37;41:sg=30;43:ca=30;41:tw=30;42:ow=34;42:st=37;44:ex=01;32:*.tar=01;31:*.tgz=01;31:*.arc=01;31:*.arj=01;31:*.taz=01;31:*.lha=01;31:*.lz4=01;31:*.lzh=01;31:*.lzma=01;31:*.tlz=01;31:*.txz=01;31:*.tzo=01;31:*.t7z=01;31:*.zip=01;31:*.z=01;31:*.dz=01;31:*.gz=01;31:*.lrz=01;31:*.lz=01;31:*.lzo=01;31:*.xz=01;31:*.zst=01;31:*.tzst=01;31:*.bz2=01;31:*.bz=01;31:*.tbz=01;31:*.tbz2=01;31:*.tz=01;31:*.deb=01;31:*.rpm=01;31:*.jar=01;31:*.war=01;31:*.ear=01;31:*.sar=01;31:*.rar=01;31:*.alz=01;31:*.ace=01;31:*.zoo=01;31:*.cpio=01;31:*.7z=01;31:*.rz=01;31:*.cab=01;31:*.wim=01;31:*.swm=01;31:*.dwm=01;31:*.esd=01;31:*.jpg=01;35:*.jpeg=01;35:*.mjpg=01;35:*.mjpeg=01;35:*.gif=01;35:*.bmp=01;35:*.pbm=01;35:*.pgm=01;35:*.ppm=01;35:*.tga=01;35:*.xbm=01;35:*.xpm=01;35:*.tif=01;35:*.tiff=01;35:*.png=01;35:*.svg=01;35:*.svgz=01;35:*.mng=01;35:*.pcx=01;35:*.mov=01;35:*.mpg=01;35:*.mpeg=01;35:*.m2v=01;35:*.mkv=01;35:*.webm=01;35:*.webp=01;35:*.ogm=01;35:*.mp4=01;35:*.m4v=01;35:*.mp4v=01;35:*.vob=01;35:*.qt=01;35:*.nuv=01;35:*.wmv=01;35:*.asf=01;35:*.rm=01;35:*.rmvb=01;35:*.flc=01;35:*.avi=01;35:*.fli=01;35:*.flv=01;35:*.gl=01;35:*.dl=01;35:*.xcf=01;35:*.xwd=01;35:*.yuv=01;35:*.cgm=01;35:*.emf=01;35:*.ogv=01;35:*.ogx=01;35:*.aac=00;36:*.au=00;36:*.flac=00;36:*.m4a=00;36:*.mid=00;36:*.midi=00;36:*.mka=00;36:*.mp3=00;36:*.mpc=00;36:*.ogg=00;36:*.ra=00;36:*.wav=00;36:*.oga=00;36:*.opus=00;36:*.spx=00;36:*.xspf=00;36:'), ('VSCODE_GIT_IPC_HANDLE', '/tmp/vscode-git-09c052f1c4.sock'), ('TERM_PROGRAM', 'vscode'), ('SSH_AUTH_SOCK', '/tmp/vscode-ssh-auth-3b15b7cf-88ad-4a56-828c-69c61a495d31.sock'), ('ROS_DOMAIN_ID', '42'), ('AMENT_PREFIX_PATH', '/home/yadhu/ur3e/src/install/ur_description:/home/yadhu/ur3e/src/install/robotiq_description:/opt/ros/humble'), ('SHELL', '/bin/bash'), ('ROS_AUTOMATIC_DISCOVERY_RANGE', 'LOCALHOST'), ('VSCODE_GIT_ASKPASS_EXTRA_ARGS', ''), ('PWD', '/home/yadhu/ur3e/src/build/ur_moveit_config'), ('LC_ALL', 'C.UTF-8'), ('PYTHONPATH', '/opt/ros/humble/lib/python3.10/site-packages:/opt/ros/humble/local/lib/python3.10/dist-packages'), ('COLCON', '1'), ('CMAKE_PREFIX_PATH', '/home/yadhu/ur3e/src/install/ur_description:/home/yadhu/ur3e/src/install/robotiq_description:/opt/ros/humble')]), 'shell': False}
[0.766938] (ros_tcp_endpoint) Command: {'cmd': ['/usr/bin/python3', '-W', 'ignore:setup.py install is deprecated', 'setup.py', 'egg_info', '--egg-base', '../build/ros_tcp_endpoint', 'build', '--build-base', '/home/yadhu/ur3e/src/build/ros_tcp_endpoint/build', 'install', '--record', '/home/yadhu/ur3e/src/build/ros_tcp_endpoint/install.log', '--install-scripts', '$base/lib/ros_tcp_endpoint', '--single-version-externally-managed', 'install_data'], 'cwd': '/home/yadhu/ur3e/src/ROS-TCP-Endpoint-main-ros2', 'env': {'HOSTNAME': 'yadhuk', 'GIT_ASKPASS': '/vscode/vscode-server/bin/linux-x64/e54c774e0add60467559eb0d1e229c6452cf8447/extensions/git/dist/askpass.sh', 'SHLVL': '2', 'LD_LIBRARY_PATH': '/usr/lib/x86_64-linux-gnu/gazebo-11/plugins:/opt/ros/humble/opt/rviz_ogre_vendor/lib:/opt/ros/humble/lib/x86_64-linux-gnu:/opt/ros/humble/lib', 'BROWSER': '/vscode/vscode-server/bin/linux-x64/e54c774e0add60467559eb0d1e229c6452cf8447/bin/helpers/browser.sh', 'HOME': '/home/yadhu', 'OLDPWD': '/home/yadhu/ur3e', 'TERM_PROGRAM_VERSION': '1.97.2', 'VSCODE_IPC_HOOK_CLI': '/tmp/vscode-ipc-191d809e-ad6a-48a3-8c83-2991c7349be6.sock', 'DEBUGPY_ADAPTER_ENDPOINTS': '/home/yadhu/.vscode-server/extensions/ms-python.debugpy-2025.0.1-linux-x64/.noConfigDebugAdapterEndpoints/endpoint-00e5a96652343ffc.txt', 'ROS_PYTHON_VERSION': '3', 'VSCODE_GIT_ASKPASS_MAIN': '/vscode/vscode-server/bin/linux-x64/e54c774e0add60467559eb0d1e229c6452cf8447/extensions/git/dist/askpass-main.js', 'VSCODE_GIT_ASKPASS_NODE': '/vscode/vscode-server/bin/linux-x64/e54c774e0add60467559eb0d1e229c6452cf8447/node', 'PYDEVD_DISABLE_FILE_VALIDATION': '1', 'BUNDLED_DEBUGPY_PATH': '/home/yadhu/.vscode-server/extensions/ms-python.debugpy-2025.0.1-linux-x64/bundled/libs/debugpy', 'COLORTERM': 'truecolor', 'REMOTE_CONTAINERS': 'true', 'ROS_DISTRO': 'humble', 'REMOTE_CONTAINERS_IPC': '/tmp/vscode-remote-containers-ipc-3b15b7cf-88ad-4a56-828c-69c61a495d31.sock', '_': '/usr/bin/colcon', 'ROS_VERSION': '2', 'TERM': 'xterm-256color', 'ROS_LOCALHOST_ONLY': '0', 'PATH': '/vscode/vscode-server/bin/linux-x64/e54c774e0add60467559eb0d1e229c6452cf8447/bin/remote-cli:/opt/ros/humble/bin:/usr/local/sbin:/usr/local/bin:/usr/sbin:/usr/bin:/sbin:/bin:/home/yadhu/.vscode-server/extensions/ms-python.debugpy-2025.0.1-linux-x64/bundled/scripts/noConfigScripts', 'REMOTE_CONTAINERS_SOCKETS': '["/tmp/vscode-ssh-auth-3b15b7cf-88ad-4a56-828c-69c61a495d31.sock","/home/yadhu/.gnupg/S.gpg-agent"]', 'DISPLAY': ':1', 'LANG': 'C.UTF-8', 'RMW_IMPLEMENTATION': 'rmw_cyclonedds_cpp', 'LS_COLORS': 'rs=0:di=01;34:ln=01;36:mh=00:pi=40;33:so=01;35:do=01;35:bd=40;33;01:cd=40;33;01:or=40;31;01:mi=00:su=37;41:sg=30;43:ca=30;41:tw=30;42:ow=34;42:st=37;44:ex=01;32:*.tar=01;31:*.tgz=01;31:*.arc=01;31:*.arj=01;31:*.taz=01;31:*.lha=01;31:*.lz4=01;31:*.lzh=01;31:*.lzma=01;31:*.tlz=01;31:*.txz=01;31:*.tzo=01;31:*.t7z=01;31:*.zip=01;31:*.z=01;31:*.dz=01;31:*.gz=01;31:*.lrz=01;31:*.lz=01;31:*.lzo=01;31:*.xz=01;31:*.zst=01;31:*.tzst=01;31:*.bz2=01;31:*.bz=01;31:*.tbz=01;31:*.tbz2=01;31:*.tz=01;31:*.deb=01;31:*.rpm=01;31:*.jar=01;31:*.war=01;31:*.ear=01;31:*.sar=01;31:*.rar=01;31:*.alz=01;31:*.ace=01;31:*.zoo=01;31:*.cpio=01;31:*.7z=01;31:*.rz=01;31:*.cab=01;31:*.wim=01;31:*.swm=01;31:*.dwm=01;31:*.esd=01;31:*.jpg=01;35:*.jpeg=01;35:*.mjpg=01;35:*.mjpeg=01;35:*.gif=01;35:*.bmp=01;35:*.pbm=01;35:*.pgm=01;35:*.ppm=01;35:*.tga=01;35:*.xbm=01;35:*.xpm=01;35:*.tif=01;35:*.tiff=01;35:*.png=01;35:*.svg=01;35:*.svgz=01;35:*.mng=01;35:*.pcx=01;35:*.mov=01;35:*.mpg=01;35:*.mpeg=01;35:*.m2v=01;35:*.mkv=01;35:*.webm=01;35:*.webp=01;35:*.ogm=01;35:*.mp4=01;35:*.m4v=01;35:*.mp4v=01;35:*.vob=01;35:*.qt=01;35:*.nuv=01;35:*.wmv=01;35:*.asf=01;35:*.rm=01;35:*.rmvb=01;35:*.flc=01;35:*.avi=01;35:*.fli=01;35:*.flv=01;35:*.gl=01;35:*.dl=01;35:*.xcf=01;35:*.xwd=01;35:*.yuv=01;35:*.cgm=01;35:*.emf=01;35:*.ogv=01;35:*.ogx=01;35:*.aac=00;36:*.au=00;36:*.flac=00;36:*.m4a=00;36:*.mid=00;36:*.midi=00;36:*.mka=00;36:*.mp3=00;36:*.mpc=00;36:*.ogg=00;36:*.ra=00;36:*.wav=00;36:*.oga=00;36:*.opus=00;36:*.spx=00;36:*.xspf=00;36:', 'VSCODE_GIT_IPC_HANDLE': '/tmp/vscode-git-09c052f1c4.sock', 'TERM_PROGRAM': 'vscode', 'SSH_AUTH_SOCK': '/tmp/vscode-ssh-auth-3b15b7cf-88ad-4a56-828c-69c61a495d31.sock', 'ROS_DOMAIN_ID': '42', 'AMENT_PREFIX_PATH': '/opt/ros/humble', 'SHELL': '/bin/bash', 'ROS_AUTOMATIC_DISCOVERY_RANGE': 'LOCALHOST', 'VSCODE_GIT_ASKPASS_EXTRA_ARGS': '', 'PWD': '/home/yadhu/ur3e/src/build/ros_tcp_endpoint', 'LC_ALL': 'C.UTF-8', 'PYTHONPATH': '/home/yadhu/ur3e/src/build/ros_tcp_endpoint/prefix_override:/usr/lib/python3/dist-packages/colcon_core/task/python/colcon_distutils_commands:/home/yadhu/ur3e/src/install/ros_tcp_endpoint/lib/python3.10/site-packages:/opt/ros/humble/lib/python3.10/site-packages:/opt/ros/humble/local/lib/python3.10/dist-packages', 'COLCON': '1'}, 'shell': False}
[0.769145] (unity_robotics_demo) Command: {'cmd': ['/usr/bin/python3', '-W', 'ignore:setup.py install is deprecated', 'setup.py', 'egg_info', '--egg-base', '../build/unity_robotics_demo', 'build', '--build-base', '/home/yadhu/ur3e/src/build/unity_robotics_demo/build', 'install', '--record', '/home/yadhu/ur3e/src/build/unity_robotics_demo/install.log', '--install-scripts', '$base/lib/unity_robotics_demo', '--single-version-externally-managed', 'install_data'], 'cwd': '/home/yadhu/ur3e/src/unity_robotics_demo', 'env': {'HOSTNAME': 'yadhuk', 'GIT_ASKPASS': '/vscode/vscode-server/bin/linux-x64/e54c774e0add60467559eb0d1e229c6452cf8447/extensions/git/dist/askpass.sh', 'SHLVL': '2', 'LD_LIBRARY_PATH': '/usr/lib/x86_64-linux-gnu/gazebo-11/plugins:/opt/ros/humble/opt/rviz_ogre_vendor/lib:/opt/ros/humble/lib/x86_64-linux-gnu:/opt/ros/humble/lib', 'BROWSER': '/vscode/vscode-server/bin/linux-x64/e54c774e0add60467559eb0d1e229c6452cf8447/bin/helpers/browser.sh', 'HOME': '/home/yadhu', 'OLDPWD': '/home/yadhu/ur3e', 'TERM_PROGRAM_VERSION': '1.97.2', 'VSCODE_IPC_HOOK_CLI': '/tmp/vscode-ipc-191d809e-ad6a-48a3-8c83-2991c7349be6.sock', 'DEBUGPY_ADAPTER_ENDPOINTS': '/home/yadhu/.vscode-server/extensions/ms-python.debugpy-2025.0.1-linux-x64/.noConfigDebugAdapterEndpoints/endpoint-00e5a96652343ffc.txt', 'ROS_PYTHON_VERSION': '3', 'VSCODE_GIT_ASKPASS_MAIN': '/vscode/vscode-server/bin/linux-x64/e54c774e0add60467559eb0d1e229c6452cf8447/extensions/git/dist/askpass-main.js', 'VSCODE_GIT_ASKPASS_NODE': '/vscode/vscode-server/bin/linux-x64/e54c774e0add60467559eb0d1e229c6452cf8447/node', 'PYDEVD_DISABLE_FILE_VALIDATION': '1', 'BUNDLED_DEBUGPY_PATH': '/home/yadhu/.vscode-server/extensions/ms-python.debugpy-2025.0.1-linux-x64/bundled/libs/debugpy', 'COLORTERM': 'truecolor', 'REMOTE_CONTAINERS': 'true', 'ROS_DISTRO': 'humble', 'REMOTE_CONTAINERS_IPC': '/tmp/vscode-remote-containers-ipc-3b15b7cf-88ad-4a56-828c-69c61a495d31.sock', '_': '/usr/bin/colcon', 'ROS_VERSION': '2', 'TERM': 'xterm-256color', 'ROS_LOCALHOST_ONLY': '0', 'PATH': '/vscode/vscode-server/bin/linux-x64/e54c774e0add60467559eb0d1e229c6452cf8447/bin/remote-cli:/opt/ros/humble/bin:/usr/local/sbin:/usr/local/bin:/usr/sbin:/usr/bin:/sbin:/bin:/home/yadhu/.vscode-server/extensions/ms-python.debugpy-2025.0.1-linux-x64/bundled/scripts/noConfigScripts', 'REMOTE_CONTAINERS_SOCKETS': '["/tmp/vscode-ssh-auth-3b15b7cf-88ad-4a56-828c-69c61a495d31.sock","/home/yadhu/.gnupg/S.gpg-agent"]', 'DISPLAY': ':1', 'LANG': 'C.UTF-8', 'RMW_IMPLEMENTATION': 'rmw_cyclonedds_cpp', 'LS_COLORS': 'rs=0:di=01;34:ln=01;36:mh=00:pi=40;33:so=01;35:do=01;35:bd=40;33;01:cd=40;33;01:or=40;31;01:mi=00:su=37;41:sg=30;43:ca=30;41:tw=30;42:ow=34;42:st=37;44:ex=01;32:*.tar=01;31:*.tgz=01;31:*.arc=01;31:*.arj=01;31:*.taz=01;31:*.lha=01;31:*.lz4=01;31:*.lzh=01;31:*.lzma=01;31:*.tlz=01;31:*.txz=01;31:*.tzo=01;31:*.t7z=01;31:*.zip=01;31:*.z=01;31:*.dz=01;31:*.gz=01;31:*.lrz=01;31:*.lz=01;31:*.lzo=01;31:*.xz=01;31:*.zst=01;31:*.tzst=01;31:*.bz2=01;31:*.bz=01;31:*.tbz=01;31:*.tbz2=01;31:*.tz=01;31:*.deb=01;31:*.rpm=01;31:*.jar=01;31:*.war=01;31:*.ear=01;31:*.sar=01;31:*.rar=01;31:*.alz=01;31:*.ace=01;31:*.zoo=01;31:*.cpio=01;31:*.7z=01;31:*.rz=01;31:*.cab=01;31:*.wim=01;31:*.swm=01;31:*.dwm=01;31:*.esd=01;31:*.jpg=01;35:*.jpeg=01;35:*.mjpg=01;35:*.mjpeg=01;35:*.gif=01;35:*.bmp=01;35:*.pbm=01;35:*.pgm=01;35:*.ppm=01;35:*.tga=01;35:*.xbm=01;35:*.xpm=01;35:*.tif=01;35:*.tiff=01;35:*.png=01;35:*.svg=01;35:*.svgz=01;35:*.mng=01;35:*.pcx=01;35:*.mov=01;35:*.mpg=01;35:*.mpeg=01;35:*.m2v=01;35:*.mkv=01;35:*.webm=01;35:*.webp=01;35:*.ogm=01;35:*.mp4=01;35:*.m4v=01;35:*.mp4v=01;35:*.vob=01;35:*.qt=01;35:*.nuv=01;35:*.wmv=01;35:*.asf=01;35:*.rm=01;35:*.rmvb=01;35:*.flc=01;35:*.avi=01;35:*.fli=01;35:*.flv=01;35:*.gl=01;35:*.dl=01;35:*.xcf=01;35:*.xwd=01;35:*.yuv=01;35:*.cgm=01;35:*.emf=01;35:*.ogv=01;35:*.ogx=01;35:*.aac=00;36:*.au=00;36:*.flac=00;36:*.m4a=00;36:*.mid=00;36:*.midi=00;36:*.mka=00;36:*.mp3=00;36:*.mpc=00;36:*.ogg=00;36:*.ra=00;36:*.wav=00;36:*.oga=00;36:*.opus=00;36:*.spx=00;36:*.xspf=00;36:', 'VSCODE_GIT_IPC_HANDLE': '/tmp/vscode-git-09c052f1c4.sock', 'TERM_PROGRAM': 'vscode', 'SSH_AUTH_SOCK': '/tmp/vscode-ssh-auth-3b15b7cf-88ad-4a56-828c-69c61a495d31.sock', 'ROS_DOMAIN_ID': '42', 'AMENT_PREFIX_PATH': '/opt/ros/humble', 'SHELL': '/bin/bash', 'ROS_AUTOMATIC_DISCOVERY_RANGE': 'LOCALHOST', 'VSCODE_GIT_ASKPASS_EXTRA_ARGS': '', 'PWD': '/home/yadhu/ur3e/src/build/unity_robotics_demo', 'LC_ALL': 'C.UTF-8', 'PYTHONPATH': '/home/yadhu/ur3e/src/build/unity_robotics_demo/prefix_override:/usr/lib/python3/dist-packages/colcon_core/task/python/colcon_distutils_commands:/home/yadhu/ur3e/src/install/unity_robotics_demo/lib/python3.10/site-packages:/opt/ros/humble/lib/python3.10/site-packages:/opt/ros/humble/local/lib/python3.10/dist-packages', 'COLCON': '1'}, 'shell': False}
[0.794855] (ur3e_gripper_moveit) CommandEnded: {'returncode': 0}
[0.802313] (-) TimerEvent: {}
[0.808925] (ur3e_gripper_moveit) JobProgress: {'identifier': 'ur3e_gripper_moveit', 'progress': 'install'}
[0.809233] (ur_moveit_config) StdoutLine: {'line': b'Built target ament_cmake_python_copy_ur_moveit_config\n'}
[0.811333] (ur3e_gripper_moveit) Command: {'cmd': ['/usr/bin/cmake', '--install', '/home/yadhu/ur3e/src/build/ur3e_gripper_moveit'], 'cwd': '/home/yadhu/ur3e/src/build/ur3e_gripper_moveit', 'env': OrderedDict([('HOSTNAME', 'yadhuk'), ('GIT_ASKPASS', '/vscode/vscode-server/bin/linux-x64/e54c774e0add60467559eb0d1e229c6452cf8447/extensions/git/dist/askpass.sh'), ('SHLVL', '2'), ('LD_LIBRARY_PATH', '/usr/lib/x86_64-linux-gnu/gazebo-11/plugins:/opt/ros/humble/opt/rviz_ogre_vendor/lib:/opt/ros/humble/lib/x86_64-linux-gnu:/opt/ros/humble/lib'), ('BROWSER', '/vscode/vscode-server/bin/linux-x64/e54c774e0add60467559eb0d1e229c6452cf8447/bin/helpers/browser.sh'), ('HOME', '/home/yadhu'), ('OLDPWD', '/home/yadhu/ur3e'), ('TERM_PROGRAM_VERSION', '1.97.2'), ('VSCODE_IPC_HOOK_CLI', '/tmp/vscode-ipc-191d809e-ad6a-48a3-8c83-2991c7349be6.sock'), ('DEBUGPY_ADAPTER_ENDPOINTS', '/home/yadhu/.vscode-server/extensions/ms-python.debugpy-2025.0.1-linux-x64/.noConfigDebugAdapterEndpoints/endpoint-00e5a96652343ffc.txt'), ('ROS_PYTHON_VERSION', '3'), ('VSCODE_GIT_ASKPASS_MAIN', '/vscode/vscode-server/bin/linux-x64/e54c774e0add60467559eb0d1e229c6452cf8447/extensions/git/dist/askpass-main.js'), ('VSCODE_GIT_ASKPASS_NODE', '/vscode/vscode-server/bin/linux-x64/e54c774e0add60467559eb0d1e229c6452cf8447/node'), ('PYDEVD_DISABLE_FILE_VALIDATION', '1'), ('BUNDLED_DEBUGPY_PATH', '/home/yadhu/.vscode-server/extensions/ms-python.debugpy-2025.0.1-linux-x64/bundled/libs/debugpy'), ('COLORTERM', 'truecolor'), ('REMOTE_CONTAINERS', 'true'), ('ROS_DISTRO', 'humble'), ('REMOTE_CONTAINERS_IPC', '/tmp/vscode-remote-containers-ipc-3b15b7cf-88ad-4a56-828c-69c61a495d31.sock'), ('_', '/usr/bin/colcon'), ('ROS_VERSION', '2'), ('TERM', 'xterm-256color'), ('ROS_LOCALHOST_ONLY', '0'), ('PATH', '/vscode/vscode-server/bin/linux-x64/e54c774e0add60467559eb0d1e229c6452cf8447/bin/remote-cli:/opt/ros/humble/bin:/usr/local/sbin:/usr/local/bin:/usr/sbin:/usr/bin:/sbin:/bin:/home/yadhu/.vscode-server/extensions/ms-python.debugpy-2025.0.1-linux-x64/bundled/scripts/noConfigScripts'), ('REMOTE_CONTAINERS_SOCKETS', '["/tmp/vscode-ssh-auth-3b15b7cf-88ad-4a56-828c-69c61a495d31.sock","/home/yadhu/.gnupg/S.gpg-agent"]'), ('DISPLAY', ':1'), ('LANG', 'C.UTF-8'), ('RMW_IMPLEMENTATION', 'rmw_cyclonedds_cpp'), ('LS_COLORS', 'rs=0:di=01;34:ln=01;36:mh=00:pi=40;33:so=01;35:do=01;35:bd=40;33;01:cd=40;33;01:or=40;31;01:mi=00:su=37;41:sg=30;43:ca=30;41:tw=30;42:ow=34;42:st=37;44:ex=01;32:*.tar=01;31:*.tgz=01;31:*.arc=01;31:*.arj=01;31:*.taz=01;31:*.lha=01;31:*.lz4=01;31:*.lzh=01;31:*.lzma=01;31:*.tlz=01;31:*.txz=01;31:*.tzo=01;31:*.t7z=01;31:*.zip=01;31:*.z=01;31:*.dz=01;31:*.gz=01;31:*.lrz=01;31:*.lz=01;31:*.lzo=01;31:*.xz=01;31:*.zst=01;31:*.tzst=01;31:*.bz2=01;31:*.bz=01;31:*.tbz=01;31:*.tbz2=01;31:*.tz=01;31:*.deb=01;31:*.rpm=01;31:*.jar=01;31:*.war=01;31:*.ear=01;31:*.sar=01;31:*.rar=01;31:*.alz=01;31:*.ace=01;31:*.zoo=01;31:*.cpio=01;31:*.7z=01;31:*.rz=01;31:*.cab=01;31:*.wim=01;31:*.swm=01;31:*.dwm=01;31:*.esd=01;31:*.jpg=01;35:*.jpeg=01;35:*.mjpg=01;35:*.mjpeg=01;35:*.gif=01;35:*.bmp=01;35:*.pbm=01;35:*.pgm=01;35:*.ppm=01;35:*.tga=01;35:*.xbm=01;35:*.xpm=01;35:*.tif=01;35:*.tiff=01;35:*.png=01;35:*.svg=01;35:*.svgz=01;35:*.mng=01;35:*.pcx=01;35:*.mov=01;35:*.mpg=01;35:*.mpeg=01;35:*.m2v=01;35:*.mkv=01;35:*.webm=01;35:*.webp=01;35:*.ogm=01;35:*.mp4=01;35:*.m4v=01;35:*.mp4v=01;35:*.vob=01;35:*.qt=01;35:*.nuv=01;35:*.wmv=01;35:*.asf=01;35:*.rm=01;35:*.rmvb=01;35:*.flc=01;35:*.avi=01;35:*.fli=01;35:*.flv=01;35:*.gl=01;35:*.dl=01;35:*.xcf=01;35:*.xwd=01;35:*.yuv=01;35:*.cgm=01;35:*.emf=01;35:*.ogv=01;35:*.ogx=01;35:*.aac=00;36:*.au=00;36:*.flac=00;36:*.m4a=00;36:*.mid=00;36:*.midi=00;36:*.mka=00;36:*.mp3=00;36:*.mpc=00;36:*.ogg=00;36:*.ra=00;36:*.wav=00;36:*.oga=00;36:*.opus=00;36:*.spx=00;36:*.xspf=00;36:'), ('VSCODE_GIT_IPC_HANDLE', '/tmp/vscode-git-09c052f1c4.sock'), ('TERM_PROGRAM', 'vscode'), ('SSH_AUTH_SOCK', '/tmp/vscode-ssh-auth-3b15b7cf-88ad-4a56-828c-69c61a495d31.sock'), ('ROS_DOMAIN_ID', '42'), ('AMENT_PREFIX_PATH', '/home/yadhu/ur3e/src/install/ur_description:/home/yadhu/ur3e/src/install/robotiq_description:/opt/ros/humble'), ('SHELL', '/bin/bash'), ('ROS_AUTOMATIC_DISCOVERY_RANGE', 'LOCALHOST'), ('VSCODE_GIT_ASKPASS_EXTRA_ARGS', ''), ('PWD', '/home/yadhu/ur3e/src/build/ur3e_gripper_moveit'), ('LC_ALL', 'C.UTF-8'), ('PYTHONPATH', '/opt/ros/humble/lib/python3.10/site-packages:/opt/ros/humble/local/lib/python3.10/dist-packages'), ('COLCON', '1'), ('CMAKE_PREFIX_PATH', '/home/yadhu/ur3e/src/install/ur_description:/home/yadhu/ur3e/src/install/robotiq_description:/opt/ros/humble')]), 'shell': False}
[0.816843] (ur3e_gripper_moveit) StdoutLine: {'line': b'-- Install configuration: ""\n'}
[0.817365] (ur3e_gripper_moveit) StdoutLine: {'line': b'-- Up-to-date: /home/yadhu/ur3e/src/install/ur3e_gripper_moveit/share/ament_index/resource_index/package_run_dependencies/ur3e_gripper_moveit\n'}
[0.817596] (ur3e_gripper_moveit) StdoutLine: {'line': b'-- Up-to-date: /home/yadhu/ur3e/src/install/ur3e_gripper_moveit/share/ament_index/resource_index/parent_prefix_path/ur3e_gripper_moveit\n'}
[0.817677] (ur3e_gripper_moveit) StdoutLine: {'line': b'-- Up-to-date: /home/yadhu/ur3e/src/install/ur3e_gripper_moveit/share/ur3e_gripper_moveit/environment/ament_prefix_path.sh\n'}
[0.817730] (ur3e_gripper_moveit) StdoutLine: {'line': b'-- Up-to-date: /home/yadhu/ur3e/src/install/ur3e_gripper_moveit/share/ur3e_gripper_moveit/environment/ament_prefix_path.dsv\n'}
[0.817780] (ur3e_gripper_moveit) StdoutLine: {'line': b'-- Up-to-date: /home/yadhu/ur3e/src/install/ur3e_gripper_moveit/share/ur3e_gripper_moveit/environment/path.sh\n'}
[0.817828] (ur3e_gripper_moveit) StdoutLine: {'line': b'-- Up-to-date: /home/yadhu/ur3e/src/install/ur3e_gripper_moveit/share/ur3e_gripper_moveit/environment/path.dsv\n'}
[0.817875] (ur3e_gripper_moveit) StdoutLine: {'line': b'-- Up-to-date: /home/yadhu/ur3e/src/install/ur3e_gripper_moveit/share/ur3e_gripper_moveit/local_setup.bash\n'}
[0.817924] (ur3e_gripper_moveit) StdoutLine: {'line': b'-- Up-to-date: /home/yadhu/ur3e/src/install/ur3e_gripper_moveit/share/ur3e_gripper_moveit/local_setup.sh\n'}
[0.817972] (ur3e_gripper_moveit) StdoutLine: {'line': b'-- Up-to-date: /home/yadhu/ur3e/src/install/ur3e_gripper_moveit/share/ur3e_gripper_moveit/local_setup.zsh\n'}
[0.818036] (ur3e_gripper_moveit) StdoutLine: {'line': b'-- Up-to-date: /home/yadhu/ur3e/src/install/ur3e_gripper_moveit/share/ur3e_gripper_moveit/local_setup.dsv\n'}
[0.818158] (ur3e_gripper_moveit) StdoutLine: {'line': b'-- Installing: /home/yadhu/ur3e/src/install/ur3e_gripper_moveit/share/ur3e_gripper_moveit/package.dsv\n'}
[0.818216] (ur3e_gripper_moveit) StdoutLine: {'line': b'-- Up-to-date: /home/yadhu/ur3e/src/install/ur3e_gripper_moveit/share/ament_index/resource_index/packages/ur3e_gripper_moveit\n'}
[0.818311] (ur3e_gripper_moveit) StdoutLine: {'line': b'-- Up-to-date: /home/yadhu/ur3e/src/install/ur3e_gripper_moveit/share/ur3e_gripper_moveit/cmake/ur3e_gripper_moveitConfig.cmake\n'}
[0.818362] (ur3e_gripper_moveit) StdoutLine: {'line': b'-- Up-to-date: /home/yadhu/ur3e/src/install/ur3e_gripper_moveit/share/ur3e_gripper_moveit/cmake/ur3e_gripper_moveitConfig-version.cmake\n'}
[0.818412] (ur3e_gripper_moveit) StdoutLine: {'line': b'-- Up-to-date: /home/yadhu/ur3e/src/install/ur3e_gripper_moveit/share/ur3e_gripper_moveit/package.xml\n'}
[0.818459] (ur3e_gripper_moveit) StdoutLine: {'line': b'-- Up-to-date: /home/yadhu/ur3e/src/install/ur3e_gripper_moveit/share/ur3e_gripper_moveit/launch\n'}
[0.818507] (ur3e_gripper_moveit) StdoutLine: {'line': b'-- Up-to-date: /home/yadhu/ur3e/src/install/ur3e_gripper_moveit/share/ur3e_gripper_moveit/launch/rsp.launch.py\n'}
[0.818557] (ur3e_gripper_moveit) StdoutLine: {'line': b'-- Up-to-date: /home/yadhu/ur3e/src/install/ur3e_gripper_moveit/share/ur3e_gripper_moveit/launch/warehouse_db.launch.py\n'}
[0.818611] (ur3e_gripper_moveit) StdoutLine: {'line': b'-- Up-to-date: /home/yadhu/ur3e/src/install/ur3e_gripper_moveit/share/ur3e_gripper_moveit/launch/demo.launch.py\n'}
[0.818665] (ur3e_gripper_moveit) StdoutLine: {'line': b'-- Up-to-date: /home/yadhu/ur3e/src/install/ur3e_gripper_moveit/share/ur3e_gripper_moveit/launch/move_group.launch.py\n'}
[0.818717] (ur3e_gripper_moveit) StdoutLine: {'line': b'-- Up-to-date: /home/yadhu/ur3e/src/install/ur3e_gripper_moveit/share/ur3e_gripper_moveit/launch/moveit_rviz.launch.py\n'}
[0.818767] (ur3e_gripper_moveit) StdoutLine: {'line': b'-- Up-to-date: /home/yadhu/ur3e/src/install/ur3e_gripper_moveit/share/ur3e_gripper_moveit/launch/setup_assistant.launch.py\n'}
[0.818821] (ur3e_gripper_moveit) StdoutLine: {'line': b'-- Up-to-date: /home/yadhu/ur3e/src/install/ur3e_gripper_moveit/share/ur3e_gripper_moveit/launch/static_virtual_joint_tfs.launch.py\n'}
[0.818955] (ur3e_gripper_moveit) StdoutLine: {'line': b'-- Up-to-date: /home/yadhu/ur3e/src/install/ur3e_gripper_moveit/share/ur3e_gripper_moveit/launch/spawn_controllers.launch.py\n'}
[0.819026] (ur3e_gripper_moveit) StdoutLine: {'line': b'-- Up-to-date: /home/yadhu/ur3e/src/install/ur3e_gripper_moveit/share/ur3e_gripper_moveit/config\n'}
[0.819081] (ur3e_gripper_moveit) StdoutLine: {'line': b'-- Up-to-date: /home/yadhu/ur3e/src/install/ur3e_gripper_moveit/share/ur3e_gripper_moveit/config/ur_gripper.ros2_control.xacro\n'}
[0.819135] (ur3e_gripper_moveit) StdoutLine: {'line': b'-- Up-to-date: /home/yadhu/ur3e/src/install/ur3e_gripper_moveit/share/ur3e_gripper_moveit/config/ur_gripper.srdf\n'}
[0.819190] (ur3e_gripper_moveit) StdoutLine: {'line': b'-- Up-to-date: /home/yadhu/ur3e/src/install/ur3e_gripper_moveit/share/ur3e_gripper_moveit/config/moveit_controllers.yaml\n'}
[0.819241] (ur3e_gripper_moveit) StdoutLine: {'line': b'-- Up-to-date: /home/yadhu/ur3e/src/install/ur3e_gripper_moveit/share/ur3e_gripper_moveit/config/kinematics.yaml\n'}
[0.819360] (ur3e_gripper_moveit) StdoutLine: {'line': b'-- Up-to-date: /home/yadhu/ur3e/src/install/ur3e_gripper_moveit/share/ur3e_gripper_moveit/config/joint_limits.yaml\n'}
[0.819414] (ur3e_gripper_moveit) StdoutLine: {'line': b'-- Up-to-date: /home/yadhu/ur3e/src/install/ur3e_gripper_moveit/share/ur3e_gripper_moveit/config/moveit.rviz\n'}
[0.819460] (ur3e_gripper_moveit) StdoutLine: {'line': b'-- Up-to-date: /home/yadhu/ur3e/src/install/ur3e_gripper_moveit/share/ur3e_gripper_moveit/config/initial_positions.yaml\n'}
[0.819505] (ur3e_gripper_moveit) StdoutLine: {'line': b'-- Up-to-date: /home/yadhu/ur3e/src/install/ur3e_gripper_moveit/share/ur3e_gripper_moveit/config/ur_gripper.urdf.xacro\n'}
[0.819552] (ur3e_gripper_moveit) StdoutLine: {'line': b'-- Up-to-date: /home/yadhu/ur3e/src/install/ur3e_gripper_moveit/share/ur3e_gripper_moveit/config/pilz_cartesian_limits.yaml\n'}
[0.819598] (ur3e_gripper_moveit) StdoutLine: {'line': b'-- Up-to-date: /home/yadhu/ur3e/src/install/ur3e_gripper_moveit/share/ur3e_gripper_moveit/config/ros2_controllers.yaml\n'}
[0.819656] (ur3e_gripper_moveit) StdoutLine: {'line': b'-- Up-to-date: /home/yadhu/ur3e/src/install/ur3e_gripper_moveit/share/ur3e_gripper_moveit/.setup_assistant\n'}
[0.828062] (ur3e_gripper_moveit) CommandEnded: {'returncode': 0}
[0.866446] (ur3e_gripper_moveit) JobEnded: {'identifier': 'ur3e_gripper_moveit', 'rc': 0}
[0.902394] (-) TimerEvent: {}
[0.952278] (unity_robotics_demo) StderrLine: {'line': b"/usr/lib/python3/dist-packages/setuptools/dist.py:723: UserWarning: Usage of dash-separated 'script-dir' will not be supported in future versions. Please use the underscore name 'script_dir' instead\n"}
[0.952605] (unity_robotics_demo) StderrLine: {'line': b'  warnings.warn(\n'}
[0.959353] (unity_robotics_demo) StdoutLine: {'line': b'running egg_info\n'}
[0.960042] (unity_robotics_demo) StdoutLine: {'line': b'writing ../build/unity_robotics_demo/unity_robotics_demo.egg-info/PKG-INFO\n'}
[0.960333] (unity_robotics_demo) StdoutLine: {'line': b'writing dependency_links to ../build/unity_robotics_demo/unity_robotics_demo.egg-info/dependency_links.txt\n'}
[0.960440] (unity_robotics_demo) StdoutLine: {'line': b'writing entry points to ../build/unity_robotics_demo/unity_robotics_demo.egg-info/entry_points.txt\n'}
[0.960526] (unity_robotics_demo) StdoutLine: {'line': b'writing requirements to ../build/unity_robotics_demo/unity_robotics_demo.egg-info/requires.txt\n'}
[0.960568] (unity_robotics_demo) StdoutLine: {'line': b'writing top-level names to ../build/unity_robotics_demo/unity_robotics_demo.egg-info/top_level.txt\n'}
[0.961731] (unity_robotics_demo) StdoutLine: {'line': b"reading manifest file '../build/unity_robotics_demo/unity_robotics_demo.egg-info/SOURCES.txt'\n"}
[0.962416] (unity_robotics_demo) StdoutLine: {'line': b"writing manifest file '../build/unity_robotics_demo/unity_robotics_demo.egg-info/SOURCES.txt'\n"}
[0.962561] (unity_robotics_demo) StdoutLine: {'line': b'running build\n'}
[0.962629] (unity_robotics_demo) StdoutLine: {'line': b'running build_py\n'}
[0.962821] (unity_robotics_demo) StdoutLine: {'line': b'running install\n'}
[0.963278] (unity_robotics_demo) StdoutLine: {'line': b'running install_lib\n'}
[0.964422] (unity_robotics_demo) StdoutLine: {'line': b'running install_data\n'}
[0.964555] (unity_robotics_demo) StdoutLine: {'line': b'running install_egg_info\n'}
[0.966202] (unity_robotics_demo) StdoutLine: {'line': b"removing '/home/yadhu/ur3e/src/install/unity_robotics_demo/lib/python3.10/site-packages/unity_robotics_demo-0.0.1-py3.10.egg-info' (and everything under it)\n"}
[0.966460] (unity_robotics_demo) StdoutLine: {'line': b'Copying ../build/unity_robotics_demo/unity_robotics_demo.egg-info to /home/yadhu/ur3e/src/install/unity_robotics_demo/lib/python3.10/site-packages/unity_robotics_demo-0.0.1-py3.10.egg-info\n'}
[0.966965] (unity_robotics_demo) StdoutLine: {'line': b'running install_scripts\n'}
[0.972886] (ros_tcp_endpoint) StderrLine: {'line': b"/usr/lib/python3/dist-packages/setuptools/dist.py:723: UserWarning: Usage of dash-separated 'script-dir' will not be supported in future versions. Please use the underscore name 'script_dir' instead\n"}
[0.973160] (ros_tcp_endpoint) StderrLine: {'line': b'  warnings.warn(\n'}
[0.979523] (ros_tcp_endpoint) StdoutLine: {'line': b'running egg_info\n'}
[0.980068] (ros_tcp_endpoint) StdoutLine: {'line': b'writing ../build/ros_tcp_endpoint/ros_tcp_endpoint.egg-info/PKG-INFO\n'}
[0.980229] (ros_tcp_endpoint) StdoutLine: {'line': b'writing dependency_links to ../build/ros_tcp_endpoint/ros_tcp_endpoint.egg-info/dependency_links.txt\n'}
[0.980394] (ros_tcp_endpoint) StdoutLine: {'line': b'writing entry points to ../build/ros_tcp_endpoint/ros_tcp_endpoint.egg-info/entry_points.txt\n'}
[0.980543] (ros_tcp_endpoint) StdoutLine: {'line': b'writing requirements to ../build/ros_tcp_endpoint/ros_tcp_endpoint.egg-info/requires.txt\n'}
[0.980619] (ros_tcp_endpoint) StdoutLine: {'line': b'writing top-level names to ../build/ros_tcp_endpoint/ros_tcp_endpoint.egg-info/top_level.txt\n'}
[0.981597] (ros_tcp_endpoint) StdoutLine: {'line': b"reading manifest file '../build/ros_tcp_endpoint/ros_tcp_endpoint.egg-info/SOURCES.txt'\n"}
[0.981737] (ros_tcp_endpoint) StdoutLine: {'line': b"adding license file 'LICENSE'\n"}
[0.982292] (ros_tcp_endpoint) StdoutLine: {'line': b"writing manifest file '../build/ros_tcp_endpoint/ros_tcp_endpoint.egg-info/SOURCES.txt'\n"}
[0.982399] (ros_tcp_endpoint) StdoutLine: {'line': b'running build\n'}
[0.982457] (ros_tcp_endpoint) StdoutLine: {'line': b'running build_py\n'}
[0.982953] (ros_tcp_endpoint) StdoutLine: {'line': b'running install\n'}
[0.983213] (ros_tcp_endpoint) StdoutLine: {'line': b'running install_lib\n'}
[0.983969] (unity_robotics_demo) StdoutLine: {'line': b'Installing color_publisher script to /home/yadhu/ur3e/src/install/unity_robotics_demo/lib/unity_robotics_demo\n'}
[0.984191] (unity_robotics_demo) StdoutLine: {'line': b'Installing position_service script to /home/yadhu/ur3e/src/install/unity_robotics_demo/lib/unity_robotics_demo\n'}
[0.984335] (unity_robotics_demo) StdoutLine: {'line': b"writing list of installed files to '/home/yadhu/ur3e/src/build/unity_robotics_demo/install.log'\n"}
[0.984523] (ros_tcp_endpoint) StdoutLine: {'line': b'running install_data\n'}
[0.984629] (ros_tcp_endpoint) StdoutLine: {'line': b'running install_egg_info\n'}
[0.985768] (ros_tcp_endpoint) StdoutLine: {'line': b"removing '/home/yadhu/ur3e/src/install/ros_tcp_endpoint/lib/python3.10/site-packages/ros_tcp_endpoint-0.0.1-py3.10.egg-info' (and everything under it)\n"}
[0.985971] (ros_tcp_endpoint) StdoutLine: {'line': b'Copying ../build/ros_tcp_endpoint/ros_tcp_endpoint.egg-info to /home/yadhu/ur3e/src/install/ros_tcp_endpoint/lib/python3.10/site-packages/ros_tcp_endpoint-0.0.1-py3.10.egg-info\n'}
[0.986529] (ros_tcp_endpoint) StdoutLine: {'line': b'running install_scripts\n'}
[1.002765] (unity_robotics_demo) CommandEnded: {'returncode': 0}
[1.003448] (-) TimerEvent: {}
[1.003600] (ros_tcp_endpoint) StdoutLine: {'line': b'Installing default_server_endpoint script to /home/yadhu/ur3e/src/install/ros_tcp_endpoint/lib/ros_tcp_endpoint\n'}
[1.003741] (ros_tcp_endpoint) StdoutLine: {'line': b"writing list of installed files to '/home/yadhu/ur3e/src/build/ros_tcp_endpoint/install.log'\n"}
[1.009590] (unity_robotics_demo) JobEnded: {'identifier': 'unity_robotics_demo', 'rc': 0}
[1.025469] (ur_moveit_config) StdoutLine: {'line': b'running egg_info\n'}
[1.026528] (ur_moveit_config) StdoutLine: {'line': b'writing ur_moveit_config.egg-info/PKG-INFO\n'}
[1.027049] (ur_moveit_config) StdoutLine: {'line': b'writing dependency_links to ur_moveit_config.egg-info/dependency_links.txt\n'}
[1.027201] (ur_moveit_config) StdoutLine: {'line': b'writing top-level names to ur_moveit_config.egg-info/top_level.txt\n'}
[1.028261] (ros_tcp_endpoint) CommandEnded: {'returncode': 0}
[1.029746] (ur_moveit_config) StdoutLine: {'line': b"reading manifest file 'ur_moveit_config.egg-info/SOURCES.txt'\n"}
[1.029874] (ur_moveit_config) StdoutLine: {'line': b"writing manifest file 'ur_moveit_config.egg-info/SOURCES.txt'\n"}
[1.034794] (ros_tcp_endpoint) JobEnded: {'identifier': 'ros_tcp_endpoint', 'rc': 0}
[1.056327] (ur_moveit_config) StdoutLine: {'line': b'Built target ament_cmake_python_build_ur_moveit_config_egg\n'}
[1.065953] (ur_moveit_config) CommandEnded: {'returncode': 0}
[1.087602] (ur_moveit_config) JobProgress: {'identifier': 'ur_moveit_config', 'progress': 'install'}
[1.087825] (ur_moveit_config) Command: {'cmd': ['/usr/bin/cmake', '--install', '/home/yadhu/ur3e/src/build/ur_moveit_config'], 'cwd': '/home/yadhu/ur3e/src/build/ur_moveit_config', 'env': OrderedDict([('HOSTNAME', 'yadhuk'), ('GIT_ASKPASS', '/vscode/vscode-server/bin/linux-x64/e54c774e0add60467559eb0d1e229c6452cf8447/extensions/git/dist/askpass.sh'), ('SHLVL', '2'), ('LD_LIBRARY_PATH', '/usr/lib/x86_64-linux-gnu/gazebo-11/plugins:/opt/ros/humble/opt/rviz_ogre_vendor/lib:/opt/ros/humble/lib/x86_64-linux-gnu:/opt/ros/humble/lib'), ('BROWSER', '/vscode/vscode-server/bin/linux-x64/e54c774e0add60467559eb0d1e229c6452cf8447/bin/helpers/browser.sh'), ('HOME', '/home/yadhu'), ('OLDPWD', '/home/yadhu/ur3e'), ('TERM_PROGRAM_VERSION', '1.97.2'), ('VSCODE_IPC_HOOK_CLI', '/tmp/vscode-ipc-191d809e-ad6a-48a3-8c83-2991c7349be6.sock'), ('DEBUGPY_ADAPTER_ENDPOINTS', '/home/yadhu/.vscode-server/extensions/ms-python.debugpy-2025.0.1-linux-x64/.noConfigDebugAdapterEndpoints/endpoint-00e5a96652343ffc.txt'), ('ROS_PYTHON_VERSION', '3'), ('VSCODE_GIT_ASKPASS_MAIN', '/vscode/vscode-server/bin/linux-x64/e54c774e0add60467559eb0d1e229c6452cf8447/extensions/git/dist/askpass-main.js'), ('VSCODE_GIT_ASKPASS_NODE', '/vscode/vscode-server/bin/linux-x64/e54c774e0add60467559eb0d1e229c6452cf8447/node'), ('PYDEVD_DISABLE_FILE_VALIDATION', '1'), ('BUNDLED_DEBUGPY_PATH', '/home/yadhu/.vscode-server/extensions/ms-python.debugpy-2025.0.1-linux-x64/bundled/libs/debugpy'), ('COLORTERM', 'truecolor'), ('REMOTE_CONTAINERS', 'true'), ('ROS_DISTRO', 'humble'), ('REMOTE_CONTAINERS_IPC', '/tmp/vscode-remote-containers-ipc-3b15b7cf-88ad-4a56-828c-69c61a495d31.sock'), ('_', '/usr/bin/colcon'), ('ROS_VERSION', '2'), ('TERM', 'xterm-256color'), ('ROS_LOCALHOST_ONLY', '0'), ('PATH', '/vscode/vscode-server/bin/linux-x64/e54c774e0add60467559eb0d1e229c6452cf8447/bin/remote-cli:/opt/ros/humble/bin:/usr/local/sbin:/usr/local/bin:/usr/sbin:/usr/bin:/sbin:/bin:/home/yadhu/.vscode-server/extensions/ms-python.debugpy-2025.0.1-linux-x64/bundled/scripts/noConfigScripts'), ('REMOTE_CONTAINERS_SOCKETS', '["/tmp/vscode-ssh-auth-3b15b7cf-88ad-4a56-828c-69c61a495d31.sock","/home/yadhu/.gnupg/S.gpg-agent"]'), ('DISPLAY', ':1'), ('LANG', 'C.UTF-8'), ('RMW_IMPLEMENTATION', 'rmw_cyclonedds_cpp'), ('LS_COLORS', 'rs=0:di=01;34:ln=01;36:mh=00:pi=40;33:so=01;35:do=01;35:bd=40;33;01:cd=40;33;01:or=40;31;01:mi=00:su=37;41:sg=30;43:ca=30;41:tw=30;42:ow=34;42:st=37;44:ex=01;32:*.tar=01;31:*.tgz=01;31:*.arc=01;31:*.arj=01;31:*.taz=01;31:*.lha=01;31:*.lz4=01;31:*.lzh=01;31:*.lzma=01;31:*.tlz=01;31:*.txz=01;31:*.tzo=01;31:*.t7z=01;31:*.zip=01;31:*.z=01;31:*.dz=01;31:*.gz=01;31:*.lrz=01;31:*.lz=01;31:*.lzo=01;31:*.xz=01;31:*.zst=01;31:*.tzst=01;31:*.bz2=01;31:*.bz=01;31:*.tbz=01;31:*.tbz2=01;31:*.tz=01;31:*.deb=01;31:*.rpm=01;31:*.jar=01;31:*.war=01;31:*.ear=01;31:*.sar=01;31:*.rar=01;31:*.alz=01;31:*.ace=01;31:*.zoo=01;31:*.cpio=01;31:*.7z=01;31:*.rz=01;31:*.cab=01;31:*.wim=01;31:*.swm=01;31:*.dwm=01;31:*.esd=01;31:*.jpg=01;35:*.jpeg=01;35:*.mjpg=01;35:*.mjpeg=01;35:*.gif=01;35:*.bmp=01;35:*.pbm=01;35:*.pgm=01;35:*.ppm=01;35:*.tga=01;35:*.xbm=01;35:*.xpm=01;35:*.tif=01;35:*.tiff=01;35:*.png=01;35:*.svg=01;35:*.svgz=01;35:*.mng=01;35:*.pcx=01;35:*.mov=01;35:*.mpg=01;35:*.mpeg=01;35:*.m2v=01;35:*.mkv=01;35:*.webm=01;35:*.webp=01;35:*.ogm=01;35:*.mp4=01;35:*.m4v=01;35:*.mp4v=01;35:*.vob=01;35:*.qt=01;35:*.nuv=01;35:*.wmv=01;35:*.asf=01;35:*.rm=01;35:*.rmvb=01;35:*.flc=01;35:*.avi=01;35:*.fli=01;35:*.flv=01;35:*.gl=01;35:*.dl=01;35:*.xcf=01;35:*.xwd=01;35:*.yuv=01;35:*.cgm=01;35:*.emf=01;35:*.ogv=01;35:*.ogx=01;35:*.aac=00;36:*.au=00;36:*.flac=00;36:*.m4a=00;36:*.mid=00;36:*.midi=00;36:*.mka=00;36:*.mp3=00;36:*.mpc=00;36:*.ogg=00;36:*.ra=00;36:*.wav=00;36:*.oga=00;36:*.opus=00;36:*.spx=00;36:*.xspf=00;36:'), ('VSCODE_GIT_IPC_HANDLE', '/tmp/vscode-git-09c052f1c4.sock'), ('TERM_PROGRAM', 'vscode'), ('SSH_AUTH_SOCK', '/tmp/vscode-ssh-auth-3b15b7cf-88ad-4a56-828c-69c61a495d31.sock'), ('ROS_DOMAIN_ID', '42'), ('AMENT_PREFIX_PATH', '/home/yadhu/ur3e/src/install/ur_description:/home/yadhu/ur3e/src/install/robotiq_description:/opt/ros/humble'), ('SHELL', '/bin/bash'), ('ROS_AUTOMATIC_DISCOVERY_RANGE', 'LOCALHOST'), ('VSCODE_GIT_ASKPASS_EXTRA_ARGS', ''), ('PWD', '/home/yadhu/ur3e/src/build/ur_moveit_config'), ('LC_ALL', 'C.UTF-8'), ('PYTHONPATH', '/opt/ros/humble/lib/python3.10/site-packages:/opt/ros/humble/local/lib/python3.10/dist-packages'), ('COLCON', '1'), ('CMAKE_PREFIX_PATH', '/home/yadhu/ur3e/src/install/ur_description:/home/yadhu/ur3e/src/install/robotiq_description:/opt/ros/humble')]), 'shell': False}
[1.094189] (ur_moveit_config) StdoutLine: {'line': b'-- Install configuration: ""\n'}
[1.094512] (ur_moveit_config) StdoutLine: {'line': b'-- Up-to-date: /home/yadhu/ur3e/src/install/ur_moveit_config/share/ur_moveit_config/config\n'}
[1.094766] (ur_moveit_config) StdoutLine: {'line': b'-- Up-to-date: /home/yadhu/ur3e/src/install/ur_moveit_config/share/ur_moveit_config/config/controllers.yaml\n'}
[1.094867] (ur_moveit_config) StdoutLine: {'line': b'-- Up-to-date: /home/yadhu/ur3e/src/install/ur_moveit_config/share/ur_moveit_config/config/kinematics.yaml\n'}
[1.095011] (ur_moveit_config) StdoutLine: {'line': b'-- Up-to-date: /home/yadhu/ur3e/src/install/ur_moveit_config/share/ur_moveit_config/config/joint_limits.yaml\n'}
[1.095329] (ur_moveit_config) StdoutLine: {'line': b'-- Up-to-date: /home/yadhu/ur3e/src/install/ur_moveit_config/share/ur_moveit_config/config/ur_servo.yaml\n'}
[1.095420] (ur_moveit_config) StdoutLine: {'line': b'-- Up-to-date: /home/yadhu/ur3e/src/install/ur_moveit_config/share/ur_moveit_config/config/ompl_planning.yaml\n'}
[1.095480] (ur_moveit_config) StdoutLine: {'line': b'-- Up-to-date: /home/yadhu/ur3e/src/install/ur_moveit_config/share/ur_moveit_config/launch\n'}
[1.095535] (ur_moveit_config) StdoutLine: {'line': b'-- Up-to-date: /home/yadhu/ur3e/src/install/ur_moveit_config/share/ur_moveit_config/launch/ur_moveit.launch.py\n'}
[1.095592] (ur_moveit_config) StdoutLine: {'line': b'-- Up-to-date: /home/yadhu/ur3e/src/install/ur_moveit_config/share/ur_moveit_config/rviz\n'}
[1.095644] (ur_moveit_config) StdoutLine: {'line': b'-- Up-to-date: /home/yadhu/ur3e/src/install/ur_moveit_config/share/ur_moveit_config/rviz/view_robot.rviz\n'}
[1.095697] (ur_moveit_config) StdoutLine: {'line': b'-- Up-to-date: /home/yadhu/ur3e/src/install/ur_moveit_config/share/ur_moveit_config/srdf\n'}
[1.095751] (ur_moveit_config) StdoutLine: {'line': b'-- Up-to-date: /home/yadhu/ur3e/src/install/ur_moveit_config/share/ur_moveit_config/srdf/ur_macro.srdf.xacro\n'}
[1.095804] (ur_moveit_config) StdoutLine: {'line': b'-- Up-to-date: /home/yadhu/ur3e/src/install/ur_moveit_config/share/ur_moveit_config/srdf/ur.srdf.xacro\n'}
[1.095862] (ur_moveit_config) StdoutLine: {'line': b'-- Up-to-date: /home/yadhu/ur3e/src/install/ur_moveit_config/share/ur_moveit_config/environment/pythonpath.sh\n'}
[1.095916] (ur_moveit_config) StdoutLine: {'line': b'-- Up-to-date: /home/yadhu/ur3e/src/install/ur_moveit_config/share/ur_moveit_config/environment/pythonpath.dsv\n'}
[1.096118] (ur_moveit_config) StdoutLine: {'line': b'-- Up-to-date: /home/yadhu/ur3e/src/install/ur_moveit_config/local/lib/python3.10/dist-packages/ur_moveit_config-2.2.16-py3.10.egg-info\n'}
[1.096220] (ur_moveit_config) StdoutLine: {'line': b'-- Installing: /home/yadhu/ur3e/src/install/ur_moveit_config/local/lib/python3.10/dist-packages/ur_moveit_config-2.2.16-py3.10.egg-info/top_level.txt\n'}
[1.096397] (ur_moveit_config) StdoutLine: {'line': b'-- Installing: /home/yadhu/ur3e/src/install/ur_moveit_config/local/lib/python3.10/dist-packages/ur_moveit_config-2.2.16-py3.10.egg-info/PKG-INFO\n'}
[1.096599] (ur_moveit_config) StdoutLine: {'line': b'-- Installing: /home/yadhu/ur3e/src/install/ur_moveit_config/local/lib/python3.10/dist-packages/ur_moveit_config-2.2.16-py3.10.egg-info/dependency_links.txt\n'}
[1.096718] (ur_moveit_config) StdoutLine: {'line': b'-- Installing: /home/yadhu/ur3e/src/install/ur_moveit_config/local/lib/python3.10/dist-packages/ur_moveit_config-2.2.16-py3.10.egg-info/SOURCES.txt\n'}
[1.096831] (ur_moveit_config) StdoutLine: {'line': b'-- Up-to-date: /home/yadhu/ur3e/src/install/ur_moveit_config/local/lib/python3.10/dist-packages/ur_moveit_config\n'}
[1.096889] (ur_moveit_config) StdoutLine: {'line': b'-- Up-to-date: /home/yadhu/ur3e/src/install/ur_moveit_config/local/lib/python3.10/dist-packages/ur_moveit_config/launch_common.py\n'}
[1.096940] (ur_moveit_config) StdoutLine: {'line': b'-- Up-to-date: /home/yadhu/ur3e/src/install/ur_moveit_config/local/lib/python3.10/dist-packages/ur_moveit_config/__init__.py\n'}
[1.103560] (-) TimerEvent: {}
[1.115215] (pyfile) Command: {'cmd': ['/usr/bin/python3', '-W', 'ignore:setup.py install is deprecated', 'setup.py', 'egg_info', '--egg-base', '../build/pyfile', 'build', '--build-base', '/home/yadhu/ur3e/src/build/pyfile/build', 'install', '--record', '/home/yadhu/ur3e/src/build/pyfile/install.log', '--single-version-externally-managed', 'install_data'], 'cwd': '/home/yadhu/ur3e/src/pyfile', 'env': {'HOSTNAME': 'yadhuk', 'GIT_ASKPASS': '/vscode/vscode-server/bin/linux-x64/e54c774e0add60467559eb0d1e229c6452cf8447/extensions/git/dist/askpass.sh', 'SHLVL': '2', 'LD_LIBRARY_PATH': '/usr/lib/x86_64-linux-gnu/gazebo-11/plugins:/opt/ros/humble/opt/rviz_ogre_vendor/lib:/opt/ros/humble/lib/x86_64-linux-gnu:/opt/ros/humble/lib', 'BROWSER': '/vscode/vscode-server/bin/linux-x64/e54c774e0add60467559eb0d1e229c6452cf8447/bin/helpers/browser.sh', 'HOME': '/home/yadhu', 'OLDPWD': '/home/yadhu/ur3e', 'TERM_PROGRAM_VERSION': '1.97.2', 'VSCODE_IPC_HOOK_CLI': '/tmp/vscode-ipc-191d809e-ad6a-48a3-8c83-2991c7349be6.sock', 'DEBUGPY_ADAPTER_ENDPOINTS': '/home/yadhu/.vscode-server/extensions/ms-python.debugpy-2025.0.1-linux-x64/.noConfigDebugAdapterEndpoints/endpoint-00e5a96652343ffc.txt', 'ROS_PYTHON_VERSION': '3', 'VSCODE_GIT_ASKPASS_MAIN': '/vscode/vscode-server/bin/linux-x64/e54c774e0add60467559eb0d1e229c6452cf8447/extensions/git/dist/askpass-main.js', 'VSCODE_GIT_ASKPASS_NODE': '/vscode/vscode-server/bin/linux-x64/e54c774e0add60467559eb0d1e229c6452cf8447/node', 'PYDEVD_DISABLE_FILE_VALIDATION': '1', 'BUNDLED_DEBUGPY_PATH': '/home/yadhu/.vscode-server/extensions/ms-python.debugpy-2025.0.1-linux-x64/bundled/libs/debugpy', 'COLORTERM': 'truecolor', 'REMOTE_CONTAINERS': 'true', 'ROS_DISTRO': 'humble', 'REMOTE_CONTAINERS_IPC': '/tmp/vscode-remote-containers-ipc-3b15b7cf-88ad-4a56-828c-69c61a495d31.sock', '_': '/usr/bin/colcon', 'ROS_VERSION': '2', 'TERM': 'xterm-256color', 'ROS_LOCALHOST_ONLY': '0', 'PATH': '/vscode/vscode-server/bin/linux-x64/e54c774e0add60467559eb0d1e229c6452cf8447/bin/remote-cli:/opt/ros/humble/bin:/usr/local/sbin:/usr/local/bin:/usr/sbin:/usr/bin:/sbin:/bin:/home/yadhu/.vscode-server/extensions/ms-python.debugpy-2025.0.1-linux-x64/bundled/scripts/noConfigScripts', 'REMOTE_CONTAINERS_SOCKETS': '["/tmp/vscode-ssh-auth-3b15b7cf-88ad-4a56-828c-69c61a495d31.sock","/home/yadhu/.gnupg/S.gpg-agent"]', 'DISPLAY': ':1', 'LANG': 'C.UTF-8', 'RMW_IMPLEMENTATION': 'rmw_cyclonedds_cpp', 'LS_COLORS': 'rs=0:di=01;34:ln=01;36:mh=00:pi=40;33:so=01;35:do=01;35:bd=40;33;01:cd=40;33;01:or=40;31;01:mi=00:su=37;41:sg=30;43:ca=30;41:tw=30;42:ow=34;42:st=37;44:ex=01;32:*.tar=01;31:*.tgz=01;31:*.arc=01;31:*.arj=01;31:*.taz=01;31:*.lha=01;31:*.lz4=01;31:*.lzh=01;31:*.lzma=01;31:*.tlz=01;31:*.txz=01;31:*.tzo=01;31:*.t7z=01;31:*.zip=01;31:*.z=01;31:*.dz=01;31:*.gz=01;31:*.lrz=01;31:*.lz=01;31:*.lzo=01;31:*.xz=01;31:*.zst=01;31:*.tzst=01;31:*.bz2=01;31:*.bz=01;31:*.tbz=01;31:*.tbz2=01;31:*.tz=01;31:*.deb=01;31:*.rpm=01;31:*.jar=01;31:*.war=01;31:*.ear=01;31:*.sar=01;31:*.rar=01;31:*.alz=01;31:*.ace=01;31:*.zoo=01;31:*.cpio=01;31:*.7z=01;31:*.rz=01;31:*.cab=01;31:*.wim=01;31:*.swm=01;31:*.dwm=01;31:*.esd=01;31:*.jpg=01;35:*.jpeg=01;35:*.mjpg=01;35:*.mjpeg=01;35:*.gif=01;35:*.bmp=01;35:*.pbm=01;35:*.pgm=01;35:*.ppm=01;35:*.tga=01;35:*.xbm=01;35:*.xpm=01;35:*.tif=01;35:*.tiff=01;35:*.png=01;35:*.svg=01;35:*.svgz=01;35:*.mng=01;35:*.pcx=01;35:*.mov=01;35:*.mpg=01;35:*.mpeg=01;35:*.m2v=01;35:*.mkv=01;35:*.webm=01;35:*.webp=01;35:*.ogm=01;35:*.mp4=01;35:*.m4v=01;35:*.mp4v=01;35:*.vob=01;35:*.qt=01;35:*.nuv=01;35:*.wmv=01;35:*.asf=01;35:*.rm=01;35:*.rmvb=01;35:*.flc=01;35:*.avi=01;35:*.fli=01;35:*.flv=01;35:*.gl=01;35:*.dl=01;35:*.xcf=01;35:*.xwd=01;35:*.yuv=01;35:*.cgm=01;35:*.emf=01;35:*.ogv=01;35:*.ogx=01;35:*.aac=00;36:*.au=00;36:*.flac=00;36:*.m4a=00;36:*.mid=00;36:*.midi=00;36:*.mka=00;36:*.mp3=00;36:*.mpc=00;36:*.ogg=00;36:*.ra=00;36:*.wav=00;36:*.oga=00;36:*.opus=00;36:*.spx=00;36:*.xspf=00;36:', 'VSCODE_GIT_IPC_HANDLE': '/tmp/vscode-git-09c052f1c4.sock', 'TERM_PROGRAM': 'vscode', 'SSH_AUTH_SOCK': '/tmp/vscode-ssh-auth-3b15b7cf-88ad-4a56-828c-69c61a495d31.sock', 'ROS_DOMAIN_ID': '42', 'AMENT_PREFIX_PATH': '/home/yadhu/ur3e/src/install/ur_description:/home/yadhu/ur3e/src/install/robotiq_description:/opt/ros/humble', 'SHELL': '/bin/bash', 'ROS_AUTOMATIC_DISCOVERY_RANGE': 'LOCALHOST', 'VSCODE_GIT_ASKPASS_EXTRA_ARGS': '', 'PWD': '/home/yadhu/ur3e/src/build/pyfile', 'LC_ALL': 'C.UTF-8', 'PYTHONPATH': '/home/yadhu/ur3e/src/build/pyfile/prefix_override:/usr/lib/python3/dist-packages/colcon_core/task/python/colcon_distutils_commands:/home/yadhu/ur3e/src/install/pyfile/lib/python3.10/site-packages:/opt/ros/humble/lib/python3.10/site-packages:/opt/ros/humble/local/lib/python3.10/dist-packages', 'COLCON': '1', 'CMAKE_PREFIX_PATH': '/home/yadhu/ur3e/src/install/ur_description:/home/yadhu/ur3e/src/install/robotiq_description'}, 'shell': False}
[1.139822] (ur_moveit_config) StdoutLine: {'line': b"Listing '/home/yadhu/ur3e/src/install/ur_moveit_config/local/lib/python3.10/dist-packages/ur_moveit_config'...\n"}
[1.144321] (ur_moveit_config) StdoutLine: {'line': b'-- Up-to-date: /home/yadhu/ur3e/src/install/ur_moveit_config/local/lib/python3.10/dist-packages/launch_common.py\n'}
[1.177547] (ur_moveit_config) StdoutLine: {'line': b'-- Up-to-date: /home/yadhu/ur3e/src/install/ur_moveit_config/share/ament_index/resource_index/package_run_dependencies/ur_moveit_config\n'}
[1.177714] (ur_moveit_config) StdoutLine: {'line': b'-- Up-to-date: /home/yadhu/ur3e/src/install/ur_moveit_config/share/ament_index/resource_index/parent_prefix_path/ur_moveit_config\n'}
[1.177766] (ur_moveit_config) StdoutLine: {'line': b'-- Up-to-date: /home/yadhu/ur3e/src/install/ur_moveit_config/share/ur_moveit_config/environment/ament_prefix_path.sh\n'}
[1.177812] (ur_moveit_config) StdoutLine: {'line': b'-- Up-to-date: /home/yadhu/ur3e/src/install/ur_moveit_config/share/ur_moveit_config/environment/ament_prefix_path.dsv\n'}
[1.177909] (ur_moveit_config) StdoutLine: {'line': b'-- Up-to-date: /home/yadhu/ur3e/src/install/ur_moveit_config/share/ur_moveit_config/environment/path.sh\n'}
[1.178139] (ur_moveit_config) StdoutLine: {'line': b'-- Up-to-date: /home/yadhu/ur3e/src/install/ur_moveit_config/share/ur_moveit_config/environment/path.dsv\n'}
[1.178245] (ur_moveit_config) StdoutLine: {'line': b'-- Up-to-date: /home/yadhu/ur3e/src/install/ur_moveit_config/share/ur_moveit_config/local_setup.bash\n'}
[1.178455] (ur_moveit_config) StdoutLine: {'line': b'-- Up-to-date: /home/yadhu/ur3e/src/install/ur_moveit_config/share/ur_moveit_config/local_setup.sh\n'}
[1.178550] (ur_moveit_config) StdoutLine: {'line': b'-- Up-to-date: /home/yadhu/ur3e/src/install/ur_moveit_config/share/ur_moveit_config/local_setup.zsh\n'}
[1.178631] (ur_moveit_config) StdoutLine: {'line': b'-- Up-to-date: /home/yadhu/ur3e/src/install/ur_moveit_config/share/ur_moveit_config/local_setup.dsv\n'}
[1.178711] (ur_moveit_config) StdoutLine: {'line': b'-- Installing: /home/yadhu/ur3e/src/install/ur_moveit_config/share/ur_moveit_config/package.dsv\n'}
[1.178807] (ur_moveit_config) StdoutLine: {'line': b'-- Up-to-date: /home/yadhu/ur3e/src/install/ur_moveit_config/share/ament_index/resource_index/packages/ur_moveit_config\n'}
[1.178914] (ur_moveit_config) StdoutLine: {'line': b'-- Up-to-date: /home/yadhu/ur3e/src/install/ur_moveit_config/share/ur_moveit_config/cmake/ur_moveit_configConfig.cmake\n'}
[1.179003] (ur_moveit_config) StdoutLine: {'line': b'-- Up-to-date: /home/yadhu/ur3e/src/install/ur_moveit_config/share/ur_moveit_config/cmake/ur_moveit_configConfig-version.cmake\n'}
[1.179089] (ur_moveit_config) StdoutLine: {'line': b'-- Up-to-date: /home/yadhu/ur3e/src/install/ur_moveit_config/share/ur_moveit_config/package.xml\n'}
[1.180301] (ur_moveit_config) CommandEnded: {'returncode': 0}
[1.203635] (-) TimerEvent: {}
[1.214636] (ur_moveit_config) JobEnded: {'identifier': 'ur_moveit_config', 'rc': 0}
[1.304109] (-) TimerEvent: {}
[1.406859] (-) TimerEvent: {}
[1.510638] (-) TimerEvent: {}
[1.612140] (-) TimerEvent: {}
[1.713538] (-) TimerEvent: {}
[1.818664] (-) TimerEvent: {}
[1.826967] (pyfile) StdoutLine: {'line': b'running egg_info\n'}
[1.829243] (pyfile) StdoutLine: {'line': b'writing ../build/pyfile/pyfile.egg-info/PKG-INFO\n'}
[1.829477] (pyfile) StdoutLine: {'line': b'writing dependency_links to ../build/pyfile/pyfile.egg-info/dependency_links.txt\n'}
[1.829639] (pyfile) StdoutLine: {'line': b'writing entry points to ../build/pyfile/pyfile.egg-info/entry_points.txt\n'}
[1.829781] (pyfile) StdoutLine: {'line': b'writing requirements to ../build/pyfile/pyfile.egg-info/requires.txt\n'}
[1.829922] (pyfile) StdoutLine: {'line': b'writing top-level names to ../build/pyfile/pyfile.egg-info/top_level.txt\n'}
[1.834506] (pyfile) StdoutLine: {'line': b"reading manifest file '../build/pyfile/pyfile.egg-info/SOURCES.txt'\n"}
[1.837600] (pyfile) StdoutLine: {'line': b"writing manifest file '../build/pyfile/pyfile.egg-info/SOURCES.txt'\n"}
[1.838151] (pyfile) StdoutLine: {'line': b'running build\n'}
[1.838312] (pyfile) StdoutLine: {'line': b'running build_py\n'}
[1.838452] (pyfile) StdoutLine: {'line': b'running install\n'}
[1.841014] (pyfile) StdoutLine: {'line': b'running install_lib\n'}
[1.842533] (pyfile) StdoutLine: {'line': b'running install_data\n'}
[1.842743] (pyfile) StdoutLine: {'line': b'running install_egg_info\n'}
[1.847280] (pyfile) StdoutLine: {'line': b"removing '/home/yadhu/ur3e/src/install/pyfile/lib/python3.10/site-packages/pyfile-0.0.0-py3.10.egg-info' (and everything under it)\n"}
[1.848337] (pyfile) StdoutLine: {'line': b'Copying ../build/pyfile/pyfile.egg-info to /home/yadhu/ur3e/src/install/pyfile/lib/python3.10/site-packages/pyfile-0.0.0-py3.10.egg-info\n'}
[1.849231] (pyfile) StdoutLine: {'line': b'running install_scripts\n'}
[1.898857] (pyfile) StdoutLine: {'line': b'Installing move_bot script to /home/yadhu/ur3e/src/install/pyfile/lib/pyfile\n'}
[1.900319] (pyfile) StdoutLine: {'line': b"writing list of installed files to '/home/yadhu/ur3e/src/build/pyfile/install.log'\n"}
[1.919674] (-) TimerEvent: {}
[1.941340] (pyfile) CommandEnded: {'returncode': 0}
[1.949526] (pyfile) JobEnded: {'identifier': 'pyfile', 'rc': 0}
[2.019773] (-) TimerEvent: {}
[2.120232] (-) TimerEvent: {}
[2.220556] (-) TimerEvent: {}
[2.320955] (-) TimerEvent: {}
[2.350726] (moveit_msgs) JobProgress: {'identifier': 'moveit_msgs', 'progress': 'install'}
[2.351084] (moveit_msgs) Command: {'cmd': ['/usr/bin/cmake', '--install', '/home/yadhu/ur3e/src/build/moveit_msgs'], 'cwd': '/home/yadhu/ur3e/src/build/moveit_msgs', 'env': OrderedDict([('HOSTNAME', 'yadhuk'), ('GIT_ASKPASS', '/vscode/vscode-server/bin/linux-x64/e54c774e0add60467559eb0d1e229c6452cf8447/extensions/git/dist/askpass.sh'), ('SHLVL', '2'), ('LD_LIBRARY_PATH', '/usr/lib/x86_64-linux-gnu/gazebo-11/plugins:/opt/ros/humble/opt/rviz_ogre_vendor/lib:/opt/ros/humble/lib/x86_64-linux-gnu:/opt/ros/humble/lib'), ('BROWSER', '/vscode/vscode-server/bin/linux-x64/e54c774e0add60467559eb0d1e229c6452cf8447/bin/helpers/browser.sh'), ('HOME', '/home/yadhu'), ('OLDPWD', '/home/yadhu/ur3e'), ('TERM_PROGRAM_VERSION', '1.97.2'), ('VSCODE_IPC_HOOK_CLI', '/tmp/vscode-ipc-191d809e-ad6a-48a3-8c83-2991c7349be6.sock'), ('DEBUGPY_ADAPTER_ENDPOINTS', '/home/yadhu/.vscode-server/extensions/ms-python.debugpy-2025.0.1-linux-x64/.noConfigDebugAdapterEndpoints/endpoint-00e5a96652343ffc.txt'), ('ROS_PYTHON_VERSION', '3'), ('VSCODE_GIT_ASKPASS_MAIN', '/vscode/vscode-server/bin/linux-x64/e54c774e0add60467559eb0d1e229c6452cf8447/extensions/git/dist/askpass-main.js'), ('VSCODE_GIT_ASKPASS_NODE', '/vscode/vscode-server/bin/linux-x64/e54c774e0add60467559eb0d1e229c6452cf8447/node'), ('PYDEVD_DISABLE_FILE_VALIDATION', '1'), ('BUNDLED_DEBUGPY_PATH', '/home/yadhu/.vscode-server/extensions/ms-python.debugpy-2025.0.1-linux-x64/bundled/libs/debugpy'), ('COLORTERM', 'truecolor'), ('REMOTE_CONTAINERS', 'true'), ('ROS_DISTRO', 'humble'), ('REMOTE_CONTAINERS_IPC', '/tmp/vscode-remote-containers-ipc-3b15b7cf-88ad-4a56-828c-69c61a495d31.sock'), ('_', '/usr/bin/colcon'), ('ROS_VERSION', '2'), ('TERM', 'xterm-256color'), ('ROS_LOCALHOST_ONLY', '0'), ('PATH', '/vscode/vscode-server/bin/linux-x64/e54c774e0add60467559eb0d1e229c6452cf8447/bin/remote-cli:/opt/ros/humble/bin:/usr/local/sbin:/usr/local/bin:/usr/sbin:/usr/bin:/sbin:/bin:/home/yadhu/.vscode-server/extensions/ms-python.debugpy-2025.0.1-linux-x64/bundled/scripts/noConfigScripts'), ('REMOTE_CONTAINERS_SOCKETS', '["/tmp/vscode-ssh-auth-3b15b7cf-88ad-4a56-828c-69c61a495d31.sock","/home/yadhu/.gnupg/S.gpg-agent"]'), ('DISPLAY', ':1'), ('LANG', 'C.UTF-8'), ('RMW_IMPLEMENTATION', 'rmw_cyclonedds_cpp'), ('LS_COLORS', 'rs=0:di=01;34:ln=01;36:mh=00:pi=40;33:so=01;35:do=01;35:bd=40;33;01:cd=40;33;01:or=40;31;01:mi=00:su=37;41:sg=30;43:ca=30;41:tw=30;42:ow=34;42:st=37;44:ex=01;32:*.tar=01;31:*.tgz=01;31:*.arc=01;31:*.arj=01;31:*.taz=01;31:*.lha=01;31:*.lz4=01;31:*.lzh=01;31:*.lzma=01;31:*.tlz=01;31:*.txz=01;31:*.tzo=01;31:*.t7z=01;31:*.zip=01;31:*.z=01;31:*.dz=01;31:*.gz=01;31:*.lrz=01;31:*.lz=01;31:*.lzo=01;31:*.xz=01;31:*.zst=01;31:*.tzst=01;31:*.bz2=01;31:*.bz=01;31:*.tbz=01;31:*.tbz2=01;31:*.tz=01;31:*.deb=01;31:*.rpm=01;31:*.jar=01;31:*.war=01;31:*.ear=01;31:*.sar=01;31:*.rar=01;31:*.alz=01;31:*.ace=01;31:*.zoo=01;31:*.cpio=01;31:*.7z=01;31:*.rz=01;31:*.cab=01;31:*.wim=01;31:*.swm=01;31:*.dwm=01;31:*.esd=01;31:*.jpg=01;35:*.jpeg=01;35:*.mjpg=01;35:*.mjpeg=01;35:*.gif=01;35:*.bmp=01;35:*.pbm=01;35:*.pgm=01;35:*.ppm=01;35:*.tga=01;35:*.xbm=01;35:*.xpm=01;35:*.tif=01;35:*.tiff=01;35:*.png=01;35:*.svg=01;35:*.svgz=01;35:*.mng=01;35:*.pcx=01;35:*.mov=01;35:*.mpg=01;35:*.mpeg=01;35:*.m2v=01;35:*.mkv=01;35:*.webm=01;35:*.webp=01;35:*.ogm=01;35:*.mp4=01;35:*.m4v=01;35:*.mp4v=01;35:*.vob=01;35:*.qt=01;35:*.nuv=01;35:*.wmv=01;35:*.asf=01;35:*.rm=01;35:*.rmvb=01;35:*.flc=01;35:*.avi=01;35:*.fli=01;35:*.flv=01;35:*.gl=01;35:*.dl=01;35:*.xcf=01;35:*.xwd=01;35:*.yuv=01;35:*.cgm=01;35:*.emf=01;35:*.ogv=01;35:*.ogx=01;35:*.aac=00;36:*.au=00;36:*.flac=00;36:*.m4a=00;36:*.mid=00;36:*.midi=00;36:*.mka=00;36:*.mp3=00;36:*.mpc=00;36:*.ogg=00;36:*.ra=00;36:*.wav=00;36:*.oga=00;36:*.opus=00;36:*.spx=00;36:*.xspf=00;36:'), ('VSCODE_GIT_IPC_HANDLE', '/tmp/vscode-git-09c052f1c4.sock'), ('TERM_PROGRAM', 'vscode'), ('SSH_AUTH_SOCK', '/tmp/vscode-ssh-auth-3b15b7cf-88ad-4a56-828c-69c61a495d31.sock'), ('ROS_DOMAIN_ID', '42'), ('AMENT_PREFIX_PATH', '/opt/ros/humble'), ('SHELL', '/bin/bash'), ('ROS_AUTOMATIC_DISCOVERY_RANGE', 'LOCALHOST'), ('VSCODE_GIT_ASKPASS_EXTRA_ARGS', ''), ('PWD', '/home/yadhu/ur3e/src/build/moveit_msgs'), ('LC_ALL', 'C.UTF-8'), ('PYTHONPATH', '/opt/ros/humble/lib/python3.10/site-packages:/opt/ros/humble/local/lib/python3.10/dist-packages'), ('COLCON', '1'), ('CMAKE_PREFIX_PATH', '/opt/ros/humble')]), 'shell': False}
[2.361724] (moveit_msgs) StdoutLine: {'line': b'-- Install configuration: ""\n'}
[2.361938] (moveit_msgs) StdoutLine: {'line': b'-- Up-to-date: /home/yadhu/ur3e/src/install/moveit_msgs/share/ament_index/resource_index/rosidl_interfaces/moveit_msgs\n'}
[2.362016] (moveit_msgs) StdoutLine: {'line': b'-- Up-to-date: /home/yadhu/ur3e/src/install/moveit_msgs/include/moveit_msgs/moveit_msgs\n'}
[2.362077] (moveit_msgs) StdoutLine: {'line': b'-- Up-to-date: /home/yadhu/ur3e/src/install/moveit_msgs/include/moveit_msgs/moveit_msgs/action\n'}
[2.362158] (moveit_msgs) StdoutLine: {'line': b'-- Up-to-date: /home/yadhu/ur3e/src/install/moveit_msgs/include/moveit_msgs/moveit_msgs/action/place.h\n'}
[2.362325] (moveit_msgs) StdoutLine: {'line': b'-- Up-to-date: /home/yadhu/ur3e/src/install/moveit_msgs/include/moveit_msgs/moveit_msgs/action/move_group_sequence.h\n'}
[2.362446] (moveit_msgs) StdoutLine: {'line': b'-- Up-to-date: /home/yadhu/ur3e/src/install/moveit_msgs/include/moveit_msgs/moveit_msgs/action/execute_trajectory.h\n'}
[2.362691] (moveit_msgs) StdoutLine: {'line': b'-- Up-to-date: /home/yadhu/ur3e/src/install/moveit_msgs/include/moveit_msgs/moveit_msgs/action/hybrid_planner.h\n'}
[2.362804] (moveit_msgs) StdoutLine: {'line': b'-- Up-to-date: /home/yadhu/ur3e/src/install/moveit_msgs/include/moveit_msgs/moveit_msgs/action/move_group.h\n'}
[2.362897] (moveit_msgs) StdoutLine: {'line': b'-- Up-to-date: /home/yadhu/ur3e/src/install/moveit_msgs/include/moveit_msgs/moveit_msgs/action/detail\n'}
[2.362958] (moveit_msgs) StdoutLine: {'line': b'-- Up-to-date: /home/yadhu/ur3e/src/install/moveit_msgs/include/moveit_msgs/moveit_msgs/action/detail/local_planner__functions.c\n'}
[2.363069] (moveit_msgs) StdoutLine: {'line': b'-- Up-to-date: /home/yadhu/ur3e/src/install/moveit_msgs/include/moveit_msgs/moveit_msgs/action/detail/place__functions.h\n'}
[2.363119] (moveit_msgs) StdoutLine: {'line': b'-- Up-to-date: /home/yadhu/ur3e/src/install/moveit_msgs/include/moveit_msgs/moveit_msgs/action/detail/place__type_support.h\n'}
[2.363168] (moveit_msgs) StdoutLine: {'line': b'-- Up-to-date: /home/yadhu/ur3e/src/install/moveit_msgs/include/moveit_msgs/moveit_msgs/action/detail/local_planner__struct.h\n'}
[2.363215] (moveit_msgs) StdoutLine: {'line': b'-- Up-to-date: /home/yadhu/ur3e/src/install/moveit_msgs/include/moveit_msgs/moveit_msgs/action/detail/pickup__type_support.h\n'}
[2.363263] (moveit_msgs) StdoutLine: {'line': b'-- Up-to-date: /home/yadhu/ur3e/src/install/moveit_msgs/include/moveit_msgs/moveit_msgs/action/detail/move_group_sequence__functions.c\n'}
[2.363309] (moveit_msgs) StdoutLine: {'line': b'-- Up-to-date: /home/yadhu/ur3e/src/install/moveit_msgs/include/moveit_msgs/moveit_msgs/action/detail/move_group_sequence__functions.h\n'}
[2.363355] (moveit_msgs) StdoutLine: {'line': b'-- Up-to-date: /home/yadhu/ur3e/src/install/moveit_msgs/include/moveit_msgs/moveit_msgs/action/detail/hybrid_planner__functions.h\n'}
[2.363404] (moveit_msgs) StdoutLine: {'line': b'-- Up-to-date: /home/yadhu/ur3e/src/install/moveit_msgs/include/moveit_msgs/moveit_msgs/action/detail/hybrid_planner__type_support.h\n'}
[2.363449] (moveit_msgs) StdoutLine: {'line': b'-- Up-to-date: /home/yadhu/ur3e/src/install/moveit_msgs/include/moveit_msgs/moveit_msgs/action/detail/pickup__struct.h\n'}
[2.363494] (moveit_msgs) StdoutLine: {'line': b'-- Up-to-date: /home/yadhu/ur3e/src/install/moveit_msgs/include/moveit_msgs/moveit_msgs/action/detail/pickup__functions.c\n'}
[2.363538] (moveit_msgs) StdoutLine: {'line': b'-- Up-to-date: /home/yadhu/ur3e/src/install/moveit_msgs/include/moveit_msgs/moveit_msgs/action/detail/execute_trajectory__functions.h\n'}
[2.363582] (moveit_msgs) StdoutLine: {'line': b'-- Up-to-date: /home/yadhu/ur3e/src/install/moveit_msgs/include/moveit_msgs/moveit_msgs/action/detail/move_group__functions.c\n'}
[2.363626] (moveit_msgs) StdoutLine: {'line': b'-- Up-to-date: /home/yadhu/ur3e/src/install/moveit_msgs/include/moveit_msgs/moveit_msgs/action/detail/move_group__type_support.h\n'}
[2.363672] (moveit_msgs) StdoutLine: {'line': b'-- Up-to-date: /home/yadhu/ur3e/src/install/moveit_msgs/include/moveit_msgs/moveit_msgs/action/detail/move_group__struct.h\n'}
[2.363717] (moveit_msgs) StdoutLine: {'line': b'-- Up-to-date: /home/yadhu/ur3e/src/install/moveit_msgs/include/moveit_msgs/moveit_msgs/action/detail/local_planner__functions.h\n'}
[2.363757] (moveit_msgs) StdoutLine: {'line': b'-- Up-to-date: /home/yadhu/ur3e/src/install/moveit_msgs/include/moveit_msgs/moveit_msgs/action/detail/execute_trajectory__functions.c\n'}
[2.363802] (moveit_msgs) StdoutLine: {'line': b'-- Up-to-date: /home/yadhu/ur3e/src/install/moveit_msgs/include/moveit_msgs/moveit_msgs/action/detail/local_planner__type_support.h\n'}
[2.363845] (moveit_msgs) StdoutLine: {'line': b'-- Up-to-date: /home/yadhu/ur3e/src/install/moveit_msgs/include/moveit_msgs/moveit_msgs/action/detail/global_planner__functions.c\n'}
[2.363893] (moveit_msgs) StdoutLine: {'line': b'-- Up-to-date: /home/yadhu/ur3e/src/install/moveit_msgs/include/moveit_msgs/moveit_msgs/action/detail/execute_trajectory__type_support.h\n'}
[2.363942] (moveit_msgs) StdoutLine: {'line': b'-- Up-to-date: /home/yadhu/ur3e/src/install/moveit_msgs/include/moveit_msgs/moveit_msgs/action/detail/move_group_sequence__type_support.h\n'}
[2.363999] (moveit_msgs) StdoutLine: {'line': b'-- Up-to-date: /home/yadhu/ur3e/src/install/moveit_msgs/include/moveit_msgs/moveit_msgs/action/detail/global_planner__type_support.h\n'}
[2.364051] (moveit_msgs) StdoutLine: {'line': b'-- Up-to-date: /home/yadhu/ur3e/src/install/moveit_msgs/include/moveit_msgs/moveit_msgs/action/detail/global_planner__functions.h\n'}
[2.364097] (moveit_msgs) StdoutLine: {'line': b'-- Up-to-date: /home/yadhu/ur3e/src/install/moveit_msgs/include/moveit_msgs/moveit_msgs/action/detail/place__struct.h\n'}
[2.364147] (moveit_msgs) StdoutLine: {'line': b'-- Up-to-date: /home/yadhu/ur3e/src/install/moveit_msgs/include/moveit_msgs/moveit_msgs/action/detail/global_planner__struct.h\n'}
[2.364194] (moveit_msgs) StdoutLine: {'line': b'-- Up-to-date: /home/yadhu/ur3e/src/install/moveit_msgs/include/moveit_msgs/moveit_msgs/action/detail/move_group__functions.h\n'}
[2.364240] (moveit_msgs) StdoutLine: {'line': b'-- Up-to-date: /home/yadhu/ur3e/src/install/moveit_msgs/include/moveit_msgs/moveit_msgs/action/detail/move_group_sequence__struct.h\n'}
[2.364286] (moveit_msgs) StdoutLine: {'line': b'-- Up-to-date: /home/yadhu/ur3e/src/install/moveit_msgs/include/moveit_msgs/moveit_msgs/action/detail/place__functions.c\n'}
[2.364584] (moveit_msgs) StdoutLine: {'line': b'-- Up-to-date: /home/yadhu/ur3e/src/install/moveit_msgs/include/moveit_msgs/moveit_msgs/action/detail/execute_trajectory__struct.h\n'}
[2.364655] (moveit_msgs) StdoutLine: {'line': b'-- Up-to-date: /home/yadhu/ur3e/src/install/moveit_msgs/include/moveit_msgs/moveit_msgs/action/detail/hybrid_planner__struct.h\n'}
[2.364707] (moveit_msgs) StdoutLine: {'line': b'-- Up-to-date: /home/yadhu/ur3e/src/install/moveit_msgs/include/moveit_msgs/moveit_msgs/action/detail/pickup__functions.h\n'}
[2.364756] (moveit_msgs) StdoutLine: {'line': b'-- Up-to-date: /home/yadhu/ur3e/src/install/moveit_msgs/include/moveit_msgs/moveit_msgs/action/detail/hybrid_planner__functions.c\n'}
[2.364805] (moveit_msgs) StdoutLine: {'line': b'-- Up-to-date: /home/yadhu/ur3e/src/install/moveit_msgs/include/moveit_msgs/moveit_msgs/action/global_planner.h\n'}
[2.364862] (moveit_msgs) StdoutLine: {'line': b'-- Up-to-date: /home/yadhu/ur3e/src/install/moveit_msgs/include/moveit_msgs/moveit_msgs/action/local_planner.h\n'}
[2.365016] (moveit_msgs) StdoutLine: {'line': b'-- Up-to-date: /home/yadhu/ur3e/src/install/moveit_msgs/include/moveit_msgs/moveit_msgs/action/pickup.h\n'}
[2.365074] (moveit_msgs) StdoutLine: {'line': b'-- Up-to-date: /home/yadhu/ur3e/src/install/moveit_msgs/include/moveit_msgs/moveit_msgs/msg\n'}
[2.365127] (moveit_msgs) StdoutLine: {'line': b'-- Up-to-date: /home/yadhu/ur3e/src/install/moveit_msgs/include/moveit_msgs/moveit_msgs/msg/planning_scene.h\n'}
[2.365178] (moveit_msgs) StdoutLine: {'line': b'-- Up-to-date: /home/yadhu/ur3e/src/install/moveit_msgs/include/moveit_msgs/moveit_msgs/msg/move_it_error_codes.h\n'}
[2.365228] (moveit_msgs) StdoutLine: {'line': b'-- Up-to-date: /home/yadhu/ur3e/src/install/moveit_msgs/include/moveit_msgs/moveit_msgs/msg/display_robot_state.h\n'}
[2.365276] (moveit_msgs) StdoutLine: {'line': b'-- Up-to-date: /home/yadhu/ur3e/src/install/moveit_msgs/include/moveit_msgs/moveit_msgs/msg/link_scale.h\n'}
[2.365322] (moveit_msgs) StdoutLine: {'line': b'-- Up-to-date: /home/yadhu/ur3e/src/install/moveit_msgs/include/moveit_msgs/moveit_msgs/msg/generic_trajectory.h\n'}
[2.365367] (moveit_msgs) StdoutLine: {'line': b'-- Up-to-date: /home/yadhu/ur3e/src/install/moveit_msgs/include/moveit_msgs/moveit_msgs/msg/cartesian_trajectory_point.h\n'}
[2.365412] (moveit_msgs) StdoutLine: {'line': b'-- Up-to-date: /home/yadhu/ur3e/src/install/moveit_msgs/include/moveit_msgs/moveit_msgs/msg/allowed_collision_matrix.h\n'}
[2.365458] (moveit_msgs) StdoutLine: {'line': b'-- Up-to-date: /home/yadhu/ur3e/src/install/moveit_msgs/include/moveit_msgs/moveit_msgs/msg/contact_information.h\n'}
[2.365501] (moveit_msgs) StdoutLine: {'line': b'-- Up-to-date: /home/yadhu/ur3e/src/install/moveit_msgs/include/moveit_msgs/moveit_msgs/msg/workspace_parameters.h\n'}
[2.365545] (moveit_msgs) StdoutLine: {'line': b'-- Up-to-date: /home/yadhu/ur3e/src/install/moveit_msgs/include/moveit_msgs/moveit_msgs/msg/robot_trajectory.h\n'}
[2.365589] (moveit_msgs) StdoutLine: {'line': b'-- Up-to-date: /home/yadhu/ur3e/src/install/moveit_msgs/include/moveit_msgs/moveit_msgs/msg/grasp.h\n'}
[2.365633] (moveit_msgs) StdoutLine: {'line': b'-- Up-to-date: /home/yadhu/ur3e/src/install/moveit_msgs/include/moveit_msgs/moveit_msgs/msg/cartesian_trajectory.h\n'}
[2.365681] (moveit_msgs) StdoutLine: {'line': b'-- Up-to-date: /home/yadhu/ur3e/src/install/moveit_msgs/include/moveit_msgs/moveit_msgs/msg/visibility_constraint.h\n'}
[2.365725] (moveit_msgs) StdoutLine: {'line': b'-- Up-to-date: /home/yadhu/ur3e/src/install/moveit_msgs/include/moveit_msgs/moveit_msgs/msg/robot_state.h\n'}
[2.365772] (moveit_msgs) StdoutLine: {'line': b'-- Up-to-date: /home/yadhu/ur3e/src/install/moveit_msgs/include/moveit_msgs/moveit_msgs/msg/position_ik_request.h\n'}
[2.365817] (moveit_msgs) StdoutLine: {'line': b'-- Up-to-date: /home/yadhu/ur3e/src/install/moveit_msgs/include/moveit_msgs/moveit_msgs/msg/trajectory_constraints.h\n'}
[2.365857] (moveit_msgs) StdoutLine: {'line': b'-- Up-to-date: /home/yadhu/ur3e/src/install/moveit_msgs/include/moveit_msgs/moveit_msgs/msg/gripper_translation.h\n'}
[2.365888] (moveit_msgs) StdoutLine: {'line': b'-- Up-to-date: /home/yadhu/ur3e/src/install/moveit_msgs/include/moveit_msgs/moveit_msgs/msg/joint_constraint.h\n'}
[2.365919] (moveit_msgs) StdoutLine: {'line': b'-- Up-to-date: /home/yadhu/ur3e/src/install/moveit_msgs/include/moveit_msgs/moveit_msgs/msg/rosidl_generator_c__visibility_control.h\n'}
[2.365950] (moveit_msgs) StdoutLine: {'line': b'-- Up-to-date: /home/yadhu/ur3e/src/install/moveit_msgs/include/moveit_msgs/moveit_msgs/msg/motion_sequence_request.h\n'}
[2.365981] (moveit_msgs) StdoutLine: {'line': b'-- Up-to-date: /home/yadhu/ur3e/src/install/moveit_msgs/include/moveit_msgs/moveit_msgs/msg/object_color.h\n'}
[2.366034] (moveit_msgs) StdoutLine: {'line': b'-- Up-to-date: /home/yadhu/ur3e/src/install/moveit_msgs/include/moveit_msgs/moveit_msgs/msg/link_padding.h\n'}
[2.366077] (moveit_msgs) StdoutLine: {'line': b'-- Up-to-date: /home/yadhu/ur3e/src/install/moveit_msgs/include/moveit_msgs/moveit_msgs/msg/motion_plan_request.h\n'}
[2.366120] (moveit_msgs) StdoutLine: {'line': b'-- Up-to-date: /home/yadhu/ur3e/src/install/moveit_msgs/include/moveit_msgs/moveit_msgs/msg/position_constraint.h\n'}
[2.366161] (moveit_msgs) StdoutLine: {'line': b'-- Up-to-date: /home/yadhu/ur3e/src/install/moveit_msgs/include/moveit_msgs/moveit_msgs/msg/detail\n'}
[2.366203] (moveit_msgs) StdoutLine: {'line': b'-- Up-to-date: /home/yadhu/ur3e/src/install/moveit_msgs/include/moveit_msgs/moveit_msgs/msg/detail/move_it_error_codes__struct.h\n'}
[2.366244] (moveit_msgs) StdoutLine: {'line': b'-- Up-to-date: /home/yadhu/ur3e/src/install/moveit_msgs/include/moveit_msgs/moveit_msgs/msg/detail/orientation_constraint__struct.h\n'}
[2.366287] (moveit_msgs) StdoutLine: {'line': b'-- Up-to-date: /home/yadhu/ur3e/src/install/moveit_msgs/include/moveit_msgs/moveit_msgs/msg/detail/position_constraint__struct.h\n'}
[2.366333] (moveit_msgs) StdoutLine: {'line': b'-- Up-to-date: /home/yadhu/ur3e/src/install/moveit_msgs/include/moveit_msgs/moveit_msgs/msg/detail/robot_state__functions.h\n'}
[2.366375] (moveit_msgs) StdoutLine: {'line': b'-- Up-to-date: /home/yadhu/ur3e/src/install/moveit_msgs/include/moveit_msgs/moveit_msgs/msg/detail/planner_interface_description__functions.c\n'}
[2.366416] (moveit_msgs) StdoutLine: {'line': b'-- Up-to-date: /home/yadhu/ur3e/src/install/moveit_msgs/include/moveit_msgs/moveit_msgs/msg/detail/display_robot_state__struct.h\n'}
[2.366461] (moveit_msgs) StdoutLine: {'line': b'-- Up-to-date: /home/yadhu/ur3e/src/install/moveit_msgs/include/moveit_msgs/moveit_msgs/msg/detail/robot_trajectory__functions.h\n'}
[2.366506] (moveit_msgs) StdoutLine: {'line': b'-- Up-to-date: /home/yadhu/ur3e/src/install/moveit_msgs/include/moveit_msgs/moveit_msgs/msg/detail/planning_scene__functions.h\n'}
[2.366556] (moveit_msgs) StdoutLine: {'line': b'-- Up-to-date: /home/yadhu/ur3e/src/install/moveit_msgs/include/moveit_msgs/moveit_msgs/msg/detail/bounding_volume__functions.h\n'}
[2.366610] (moveit_msgs) StdoutLine: {'line': b'-- Up-to-date: /home/yadhu/ur3e/src/install/moveit_msgs/include/moveit_msgs/moveit_msgs/msg/detail/visibility_constraint__functions.h\n'}
[2.366662] (moveit_msgs) StdoutLine: {'line': b'-- Up-to-date: /home/yadhu/ur3e/src/install/moveit_msgs/include/moveit_msgs/moveit_msgs/msg/detail/planner_params__functions.h\n'}
[2.366711] (moveit_msgs) StdoutLine: {'line': b'-- Up-to-date: /home/yadhu/ur3e/src/install/moveit_msgs/include/moveit_msgs/moveit_msgs/msg/detail/motion_plan_detailed_response__struct.h\n'}
[2.366756] (moveit_msgs) StdoutLine: {'line': b'-- Up-to-date: /home/yadhu/ur3e/src/install/moveit_msgs/include/moveit_msgs/moveit_msgs/msg/detail/motion_plan_detailed_response__type_support.h\n'}
[2.366802] (moveit_msgs) StdoutLine: {'line': b'-- Up-to-date: /home/yadhu/ur3e/src/install/moveit_msgs/include/moveit_msgs/moveit_msgs/msg/detail/motion_sequence_item__struct.h\n'}
[2.366849] (moveit_msgs) StdoutLine: {'line': b'-- Up-to-date: /home/yadhu/ur3e/src/install/moveit_msgs/include/moveit_msgs/moveit_msgs/msg/detail/robot_state__type_support.h\n'}
[2.366895] (moveit_msgs) StdoutLine: {'line': b'-- Up-to-date: /home/yadhu/ur3e/src/install/moveit_msgs/include/moveit_msgs/moveit_msgs/msg/detail/motion_plan_request__type_support.h\n'}
[2.366942] (moveit_msgs) StdoutLine: {'line': b'-- Up-to-date: /home/yadhu/ur3e/src/install/moveit_msgs/include/moveit_msgs/moveit_msgs/msg/detail/link_padding__functions.c\n'}
[2.366990] (moveit_msgs) StdoutLine: {'line': b'-- Up-to-date: /home/yadhu/ur3e/src/install/moveit_msgs/include/moveit_msgs/moveit_msgs/msg/detail/planning_options__type_support.h\n'}
[2.367027] (moveit_msgs) StdoutLine: {'line': b'-- Up-to-date: /home/yadhu/ur3e/src/install/moveit_msgs/include/moveit_msgs/moveit_msgs/msg/detail/gripper_translation__struct.h\n'}
[2.367059] (moveit_msgs) StdoutLine: {'line': b'-- Up-to-date: /home/yadhu/ur3e/src/install/moveit_msgs/include/moveit_msgs/moveit_msgs/msg/detail/allowed_collision_matrix__functions.c\n'}
[2.367091] (moveit_msgs) StdoutLine: {'line': b'-- Up-to-date: /home/yadhu/ur3e/src/install/moveit_msgs/include/moveit_msgs/moveit_msgs/msg/detail/motion_sequence_request__functions.c\n'}
[2.367125] (moveit_msgs) StdoutLine: {'line': b'-- Up-to-date: /home/yadhu/ur3e/src/install/moveit_msgs/include/moveit_msgs/moveit_msgs/msg/detail/display_trajectory__struct.h\n'}
[2.367156] (moveit_msgs) StdoutLine: {'line': b'-- Up-to-date: /home/yadhu/ur3e/src/install/moveit_msgs/include/moveit_msgs/moveit_msgs/msg/detail/place_location__functions.h\n'}
[2.367186] (moveit_msgs) StdoutLine: {'line': b'-- Up-to-date: /home/yadhu/ur3e/src/install/moveit_msgs/include/moveit_msgs/moveit_msgs/msg/detail/planner_params__type_support.h\n'}
[2.367217] (moveit_msgs) StdoutLine: {'line': b'-- Up-to-date: /home/yadhu/ur3e/src/install/moveit_msgs/include/moveit_msgs/moveit_msgs/msg/detail/joint_constraint__functions.c\n'}
[2.367247] (moveit_msgs) StdoutLine: {'line': b'-- Up-to-date: /home/yadhu/ur3e/src/install/moveit_msgs/include/moveit_msgs/moveit_msgs/msg/detail/cartesian_point__functions.h\n'}
[2.367278] (moveit_msgs) StdoutLine: {'line': b'-- Up-to-date: /home/yadhu/ur3e/src/install/moveit_msgs/include/moveit_msgs/moveit_msgs/msg/detail/motion_sequence_response__type_support.h\n'}
[2.367308] (moveit_msgs) StdoutLine: {'line': b'-- Up-to-date: /home/yadhu/ur3e/src/install/moveit_msgs/include/moveit_msgs/moveit_msgs/msg/detail/display_robot_state__functions.c\n'}
[2.367338] (moveit_msgs) StdoutLine: {'line': b'-- Up-to-date: /home/yadhu/ur3e/src/install/moveit_msgs/include/moveit_msgs/moveit_msgs/msg/detail/collision_object__functions.h\n'}
[2.367368] (moveit_msgs) StdoutLine: {'line': b'-- Up-to-date: /home/yadhu/ur3e/src/install/moveit_msgs/include/moveit_msgs/moveit_msgs/msg/detail/robot_state__functions.c\n'}
[2.367399] (moveit_msgs) StdoutLine: {'line': b'-- Up-to-date: /home/yadhu/ur3e/src/install/moveit_msgs/include/moveit_msgs/moveit_msgs/msg/detail/cartesian_trajectory__struct.h\n'}
[2.367429] (moveit_msgs) StdoutLine: {'line': b'-- Up-to-date: /home/yadhu/ur3e/src/install/moveit_msgs/include/moveit_msgs/moveit_msgs/msg/detail/bounding_volume__struct.h\n'}
[2.367459] (moveit_msgs) StdoutLine: {'line': b'-- Up-to-date: /home/yadhu/ur3e/src/install/moveit_msgs/include/moveit_msgs/moveit_msgs/msg/detail/link_scale__functions.h\n'}
[2.367489] (moveit_msgs) StdoutLine: {'line': b'-- Up-to-date: /home/yadhu/ur3e/src/install/moveit_msgs/include/moveit_msgs/moveit_msgs/msg/detail/cartesian_trajectory__functions.c\n'}
[2.367523] (moveit_msgs) StdoutLine: {'line': b'-- Up-to-date: /home/yadhu/ur3e/src/install/moveit_msgs/include/moveit_msgs/moveit_msgs/msg/detail/cost_source__type_support.h\n'}
[2.367556] (moveit_msgs) StdoutLine: {'line': b'-- Up-to-date: /home/yadhu/ur3e/src/install/moveit_msgs/include/moveit_msgs/moveit_msgs/msg/detail/cartesian_trajectory_point__functions.c\n'}
[2.367587] (moveit_msgs) StdoutLine: {'line': b'-- Up-to-date: /home/yadhu/ur3e/src/install/moveit_msgs/include/moveit_msgs/moveit_msgs/msg/detail/contact_information__functions.c\n'}
[2.367617] (moveit_msgs) StdoutLine: {'line': b'-- Up-to-date: /home/yadhu/ur3e/src/install/moveit_msgs/include/moveit_msgs/moveit_msgs/msg/detail/link_padding__type_support.h\n'}
[2.367647] (moveit_msgs) StdoutLine: {'line': b'-- Up-to-date: /home/yadhu/ur3e/src/install/moveit_msgs/include/moveit_msgs/moveit_msgs/msg/detail/collision_object__functions.c\n'}
[2.367677] (moveit_msgs) StdoutLine: {'line': b'-- Up-to-date: /home/yadhu/ur3e/src/install/moveit_msgs/include/moveit_msgs/moveit_msgs/msg/detail/motion_plan_request__struct.h\n'}
[2.367709] (moveit_msgs) StdoutLine: {'line': b'-- Up-to-date: /home/yadhu/ur3e/src/install/moveit_msgs/include/moveit_msgs/moveit_msgs/msg/detail/place_location__struct.h\n'}
[2.367740] (moveit_msgs) StdoutLine: {'line': b'-- Up-to-date: /home/yadhu/ur3e/src/install/moveit_msgs/include/moveit_msgs/moveit_msgs/msg/detail/allowed_collision_entry__functions.c\n'}
[2.367772] (moveit_msgs) StdoutLine: {'line': b'-- Up-to-date: /home/yadhu/ur3e/src/install/moveit_msgs/include/moveit_msgs/moveit_msgs/msg/detail/display_robot_state__functions.h\n'}
[2.367803] (moveit_msgs) StdoutLine: {'line': b'-- Up-to-date: /home/yadhu/ur3e/src/install/moveit_msgs/include/moveit_msgs/moveit_msgs/msg/detail/attached_collision_object__functions.h\n'}
[2.367834] (moveit_msgs) StdoutLine: {'line': b'-- Up-to-date: /home/yadhu/ur3e/src/install/moveit_msgs/include/moveit_msgs/moveit_msgs/msg/detail/kinematic_solver_info__struct.h\n'}
[2.367869] (moveit_msgs) StdoutLine: {'line': b'-- Up-to-date: /home/yadhu/ur3e/src/install/moveit_msgs/include/moveit_msgs/moveit_msgs/msg/detail/motion_sequence_response__struct.h\n'}
[2.367919] (moveit_msgs) StdoutLine: {'line': b'-- Up-to-date: /home/yadhu/ur3e/src/install/moveit_msgs/include/moveit_msgs/moveit_msgs/msg/detail/link_scale__type_support.h\n'}
[2.367965] (moveit_msgs) StdoutLine: {'line': b'-- Up-to-date: /home/yadhu/ur3e/src/install/moveit_msgs/include/moveit_msgs/moveit_msgs/msg/detail/position_constraint__functions.h\n'}
[2.368401] (moveit_msgs) StdoutLine: {'line': b'-- Up-to-date: /home/yadhu/ur3e/src/install/moveit_msgs/include/moveit_msgs/moveit_msgs/msg/detail/motion_plan_response__struct.h\n'}
[2.368486] (moveit_msgs) StdoutLine: {'line': b'-- Up-to-date: /home/yadhu/ur3e/src/install/moveit_msgs/include/moveit_msgs/moveit_msgs/msg/detail/workspace_parameters__functions.h\n'}
[2.368538] (moveit_msgs) StdoutLine: {'line': b'-- Up-to-date: /home/yadhu/ur3e/src/install/moveit_msgs/include/moveit_msgs/moveit_msgs/msg/detail/link_scale__functions.c\n'}
[2.368587] (moveit_msgs) StdoutLine: {'line': b'-- Up-to-date: /home/yadhu/ur3e/src/install/moveit_msgs/include/moveit_msgs/moveit_msgs/msg/detail/joint_constraint__type_support.h\n'}
[2.368633] (moveit_msgs) StdoutLine: {'line': b'-- Up-to-date: /home/yadhu/ur3e/src/install/moveit_msgs/include/moveit_msgs/moveit_msgs/msg/detail/planning_scene_components__functions.h\n'}
[2.368834] (moveit_msgs) StdoutLine: {'line': b'-- Up-to-date: /home/yadhu/ur3e/src/install/moveit_msgs/include/moveit_msgs/moveit_msgs/msg/detail/allowed_collision_matrix__functions.h\n'}
[2.368886] (moveit_msgs) StdoutLine: {'line': b'-- Up-to-date: /home/yadhu/ur3e/src/install/moveit_msgs/include/moveit_msgs/moveit_msgs/msg/detail/workspace_parameters__functions.c\n'}
[2.368933] (moveit_msgs) StdoutLine: {'line': b'-- Up-to-date: /home/yadhu/ur3e/src/install/moveit_msgs/include/moveit_msgs/moveit_msgs/msg/detail/allowed_collision_matrix__type_support.h\n'}
[2.368976] (moveit_msgs) StdoutLine: {'line': b'-- Up-to-date: /home/yadhu/ur3e/src/install/moveit_msgs/include/moveit_msgs/moveit_msgs/msg/detail/robot_trajectory__struct.h\n'}
[2.369031] (moveit_msgs) StdoutLine: {'line': b'-- Up-to-date: /home/yadhu/ur3e/src/install/moveit_msgs/include/moveit_msgs/moveit_msgs/msg/detail/move_it_error_codes__functions.h\n'}
[2.369080] (moveit_msgs) StdoutLine: {'line': b'-- Up-to-date: /home/yadhu/ur3e/src/install/moveit_msgs/include/moveit_msgs/moveit_msgs/msg/detail/move_it_error_codes__functions.c\n'}
[2.369126] (moveit_msgs) StdoutLine: {'line': b'-- Up-to-date: /home/yadhu/ur3e/src/install/moveit_msgs/include/moveit_msgs/moveit_msgs/msg/detail/planner_interface_description__functions.h\n'}
[2.369173] (moveit_msgs) StdoutLine: {'line': b'-- Up-to-date: /home/yadhu/ur3e/src/install/moveit_msgs/include/moveit_msgs/moveit_msgs/msg/detail/motion_plan_request__functions.h\n'}
[2.369219] (moveit_msgs) StdoutLine: {'line': b'-- Up-to-date: /home/yadhu/ur3e/src/install/moveit_msgs/include/moveit_msgs/moveit_msgs/msg/detail/planner_interface_description__type_support.h\n'}
[2.369264] (moveit_msgs) StdoutLine: {'line': b'-- Up-to-date: /home/yadhu/ur3e/src/install/moveit_msgs/include/moveit_msgs/moveit_msgs/msg/detail/cartesian_trajectory_point__functions.h\n'}
[2.369298] (moveit_msgs) StdoutLine: {'line': b'-- Up-to-date: /home/yadhu/ur3e/src/install/moveit_msgs/include/moveit_msgs/moveit_msgs/msg/detail/planning_scene__struct.h\n'}
[2.369333] (moveit_msgs) StdoutLine: {'line': b'-- Up-to-date: /home/yadhu/ur3e/src/install/moveit_msgs/include/moveit_msgs/moveit_msgs/msg/detail/orientation_constraint__functions.c\n'}
[2.369366] (moveit_msgs) StdoutLine: {'line': b'-- Up-to-date: /home/yadhu/ur3e/src/install/moveit_msgs/include/moveit_msgs/moveit_msgs/msg/detail/planner_params__functions.c\n'}
[2.369399] (moveit_msgs) StdoutLine: {'line': b'-- Up-to-date: /home/yadhu/ur3e/src/install/moveit_msgs/include/moveit_msgs/moveit_msgs/msg/detail/planning_scene_world__functions.c\n'}
[2.369469] (moveit_msgs) StdoutLine: {'line': b'-- Up-to-date: /home/yadhu/ur3e/src/install/moveit_msgs/include/moveit_msgs/moveit_msgs/msg/detail/motion_sequence_item__functions.c\n'}
[2.369578] (moveit_msgs) StdoutLine: {'line': b'-- Up-to-date: /home/yadhu/ur3e/src/install/moveit_msgs/include/moveit_msgs/moveit_msgs/msg/detail/collision_object__struct.h\n'}
[2.369616] (moveit_msgs) StdoutLine: {'line': b'-- Up-to-date: /home/yadhu/ur3e/src/install/moveit_msgs/include/moveit_msgs/moveit_msgs/msg/detail/contact_information__type_support.h\n'}
[2.369651] (moveit_msgs) StdoutLine: {'line': b'-- Up-to-date: /home/yadhu/ur3e/src/install/moveit_msgs/include/moveit_msgs/moveit_msgs/msg/detail/constraints__functions.c\n'}
[2.369685] (moveit_msgs) StdoutLine: {'line': b'-- Up-to-date: /home/yadhu/ur3e/src/install/moveit_msgs/include/moveit_msgs/moveit_msgs/msg/detail/orientation_constraint__functions.h\n'}
[2.369723] (moveit_msgs) StdoutLine: {'line': b'-- Up-to-date: /home/yadhu/ur3e/src/install/moveit_msgs/include/moveit_msgs/moveit_msgs/msg/detail/oriented_bounding_box__struct.h\n'}
[2.369782] (moveit_msgs) StdoutLine: {'line': b'-- Up-to-date: /home/yadhu/ur3e/src/install/moveit_msgs/include/moveit_msgs/moveit_msgs/msg/detail/allowed_collision_matrix__struct.h\n'}
[2.369843] (moveit_msgs) StdoutLine: {'line': b'-- Up-to-date: /home/yadhu/ur3e/src/install/moveit_msgs/include/moveit_msgs/moveit_msgs/msg/detail/cartesian_trajectory_point__type_support.h\n'}
[2.369905] (moveit_msgs) StdoutLine: {'line': b'-- Up-to-date: /home/yadhu/ur3e/src/install/moveit_msgs/include/moveit_msgs/moveit_msgs/msg/detail/position_ik_request__functions.c\n'}
[2.369952] (moveit_msgs) StdoutLine: {'line': b'-- Up-to-date: /home/yadhu/ur3e/src/install/moveit_msgs/include/moveit_msgs/moveit_msgs/msg/detail/grasp__struct.h\n'}
[2.370221] (moveit_msgs) StdoutLine: {'line': b'-- Up-to-date: /home/yadhu/ur3e/src/install/moveit_msgs/include/moveit_msgs/moveit_msgs/msg/detail/cartesian_trajectory_point__struct.h\n'}
[2.370305] (moveit_msgs) StdoutLine: {'line': b'-- Up-to-date: /home/yadhu/ur3e/src/install/moveit_msgs/include/moveit_msgs/moveit_msgs/msg/detail/motion_sequence_request__struct.h\n'}
[2.370348] (moveit_msgs) StdoutLine: {'line': b'-- Up-to-date: /home/yadhu/ur3e/src/install/moveit_msgs/include/moveit_msgs/moveit_msgs/msg/detail/generic_trajectory__functions.h\n'}
[2.370388] (moveit_msgs) StdoutLine: {'line': b'-- Up-to-date: /home/yadhu/ur3e/src/install/moveit_msgs/include/moveit_msgs/moveit_msgs/msg/detail/contact_information__functions.h\n'}
[2.370436] (moveit_msgs) StdoutLine: {'line': b'-- Up-to-date: /home/yadhu/ur3e/src/install/moveit_msgs/include/moveit_msgs/moveit_msgs/msg/detail/generic_trajectory__struct.h\n'}
[2.370482] (moveit_msgs) StdoutLine: {'line': b'-- Up-to-date: /home/yadhu/ur3e/src/install/moveit_msgs/include/moveit_msgs/moveit_msgs/msg/detail/planning_options__struct.h\n'}
[2.370528] (moveit_msgs) StdoutLine: {'line': b'-- Up-to-date: /home/yadhu/ur3e/src/install/moveit_msgs/include/moveit_msgs/moveit_msgs/msg/detail/contact_information__struct.h\n'}
[2.370623] (moveit_msgs) StdoutLine: {'line': b'-- Up-to-date: /home/yadhu/ur3e/src/install/moveit_msgs/include/moveit_msgs/moveit_msgs/msg/detail/collision_object__type_support.h\n'}
[2.370676] (moveit_msgs) StdoutLine: {'line': b'-- Up-to-date: /home/yadhu/ur3e/src/install/moveit_msgs/include/moveit_msgs/moveit_msgs/msg/detail/joint_limits__struct.h\n'}
[2.370721] (moveit_msgs) StdoutLine: {'line': b'-- Up-to-date: /home/yadhu/ur3e/src/install/moveit_msgs/include/moveit_msgs/moveit_msgs/msg/detail/cost_source__struct.h\n'}
[2.370758] (moveit_msgs) StdoutLine: {'line': b'-- Up-to-date: /home/yadhu/ur3e/src/install/moveit_msgs/include/moveit_msgs/moveit_msgs/msg/detail/motion_sequence_request__functions.h\n'}
[2.370792] (moveit_msgs) StdoutLine: {'line': b'-- Up-to-date: /home/yadhu/ur3e/src/install/moveit_msgs/include/moveit_msgs/moveit_msgs/msg/detail/orientation_constraint__type_support.h\n'}
[2.370834] (moveit_msgs) StdoutLine: {'line': b'-- Up-to-date: /home/yadhu/ur3e/src/install/moveit_msgs/include/moveit_msgs/moveit_msgs/msg/detail/planning_scene__type_support.h\n'}
[2.370882] (moveit_msgs) StdoutLine: {'line': b'-- Up-to-date: /home/yadhu/ur3e/src/install/moveit_msgs/include/moveit_msgs/moveit_msgs/msg/detail/position_constraint__functions.c\n'}
[2.370925] (moveit_msgs) StdoutLine: {'line': b'-- Up-to-date: /home/yadhu/ur3e/src/install/moveit_msgs/include/moveit_msgs/moveit_msgs/msg/detail/planning_options__functions.c\n'}
[2.370956] (moveit_msgs) StdoutLine: {'line': b'-- Up-to-date: /home/yadhu/ur3e/src/install/moveit_msgs/include/moveit_msgs/moveit_msgs/msg/detail/display_trajectory__functions.c\n'}
[2.370996] (moveit_msgs) StdoutLine: {'line': b'-- Up-to-date: /home/yadhu/ur3e/src/install/moveit_msgs/include/moveit_msgs/moveit_msgs/msg/detail/grasp__functions.c\n'}
[2.371031] (moveit_msgs) StdoutLine: {'line': b'-- Up-to-date: /home/yadhu/ur3e/src/install/moveit_msgs/include/moveit_msgs/moveit_msgs/msg/detail/robot_trajectory__functions.c\n'}
[2.371067] (moveit_msgs) StdoutLine: {'line': b'-- Up-to-date: /home/yadhu/ur3e/src/install/moveit_msgs/include/moveit_msgs/moveit_msgs/msg/detail/gripper_translation__type_support.h\n'}
[2.371098] (moveit_msgs) StdoutLine: {'line': b'-- Up-to-date: /home/yadhu/ur3e/src/install/moveit_msgs/include/moveit_msgs/moveit_msgs/msg/detail/constraints__functions.h\n'}
[2.371145] (moveit_msgs) StdoutLine: {'line': b'-- Up-to-date: /home/yadhu/ur3e/src/install/moveit_msgs/include/moveit_msgs/moveit_msgs/msg/detail/planning_scene_components__type_support.h\n'}
[2.371199] (moveit_msgs) StdoutLine: {'line': b'-- Up-to-date: /home/yadhu/ur3e/src/install/moveit_msgs/include/moveit_msgs/moveit_msgs/msg/detail/cartesian_point__type_support.h\n'}
[2.371249] (moveit_msgs) StdoutLine: {'line': b'-- Up-to-date: /home/yadhu/ur3e/src/install/moveit_msgs/include/moveit_msgs/moveit_msgs/msg/detail/motion_sequence_response__functions.c\n'}
[2.371298] (moveit_msgs) StdoutLine: {'line': b'-- Up-to-date: /home/yadhu/ur3e/src/install/moveit_msgs/include/moveit_msgs/moveit_msgs/msg/detail/position_ik_request__functions.h\n'}
[2.371348] (moveit_msgs) StdoutLine: {'line': b'-- Up-to-date: /home/yadhu/ur3e/src/install/moveit_msgs/include/moveit_msgs/moveit_msgs/msg/detail/motion_plan_response__type_support.h\n'}
[2.371393] (moveit_msgs) StdoutLine: {'line': b'-- Up-to-date: /home/yadhu/ur3e/src/install/moveit_msgs/include/moveit_msgs/moveit_msgs/msg/detail/planner_params__struct.h\n'}
[2.371438] (moveit_msgs) StdoutLine: {'line': b'-- Up-to-date: /home/yadhu/ur3e/src/install/moveit_msgs/include/moveit_msgs/moveit_msgs/msg/detail/workspace_parameters__type_support.h\n'}
[2.371482] (moveit_msgs) StdoutLine: {'line': b'-- Up-to-date: /home/yadhu/ur3e/src/install/moveit_msgs/include/moveit_msgs/moveit_msgs/msg/detail/move_it_error_codes__type_support.h\n'}
[2.371528] (moveit_msgs) StdoutLine: {'line': b'-- Up-to-date: /home/yadhu/ur3e/src/install/moveit_msgs/include/moveit_msgs/moveit_msgs/msg/detail/grasp__type_support.h\n'}
[2.371569] (moveit_msgs) StdoutLine: {'line': b'-- Up-to-date: /home/yadhu/ur3e/src/install/moveit_msgs/include/moveit_msgs/moveit_msgs/msg/detail/planning_scene_world__functions.h\n'}
[2.371605] (moveit_msgs) StdoutLine: {'line': b'-- Up-to-date: /home/yadhu/ur3e/src/install/moveit_msgs/include/moveit_msgs/moveit_msgs/msg/detail/motion_plan_detailed_response__functions.h\n'}
[2.371642] (moveit_msgs) StdoutLine: {'line': b'-- Up-to-date: /home/yadhu/ur3e/src/install/moveit_msgs/include/moveit_msgs/moveit_msgs/msg/detail/joint_limits__functions.h\n'}
[2.371692] (moveit_msgs) StdoutLine: {'line': b'-- Up-to-date: /home/yadhu/ur3e/src/install/moveit_msgs/include/moveit_msgs/moveit_msgs/msg/detail/planning_options__functions.h\n'}
[2.371743] (moveit_msgs) StdoutLine: {'line': b'-- Up-to-date: /home/yadhu/ur3e/src/install/moveit_msgs/include/moveit_msgs/moveit_msgs/msg/detail/planner_interface_description__struct.h\n'}
[2.371791] (moveit_msgs) StdoutLine: {'line': b'-- Up-to-date: /home/yadhu/ur3e/src/install/moveit_msgs/include/moveit_msgs/moveit_msgs/msg/detail/generic_trajectory__functions.c\n'}
[2.371838] (moveit_msgs) StdoutLine: {'line': b'-- Up-to-date: /home/yadhu/ur3e/src/install/moveit_msgs/include/moveit_msgs/moveit_msgs/msg/detail/gripper_translation__functions.c\n'}
[2.371885] (moveit_msgs) StdoutLine: {'line': b'-- Up-to-date: /home/yadhu/ur3e/src/install/moveit_msgs/include/moveit_msgs/moveit_msgs/msg/detail/trajectory_constraints__functions.c\n'}
[2.371931] (moveit_msgs) StdoutLine: {'line': b'-- Up-to-date: /home/yadhu/ur3e/src/install/moveit_msgs/include/moveit_msgs/moveit_msgs/msg/detail/visibility_constraint__type_support.h\n'}
[2.371981] (moveit_msgs) StdoutLine: {'line': b'-- Up-to-date: /home/yadhu/ur3e/src/install/moveit_msgs/include/moveit_msgs/moveit_msgs/msg/detail/cost_source__functions.h\n'}
[2.372038] (moveit_msgs) StdoutLine: {'line': b'-- Up-to-date: /home/yadhu/ur3e/src/install/moveit_msgs/include/moveit_msgs/moveit_msgs/msg/detail/place_location__functions.c\n'}
[2.372085] (moveit_msgs) StdoutLine: {'line': b'-- Up-to-date: /home/yadhu/ur3e/src/install/moveit_msgs/include/moveit_msgs/moveit_msgs/msg/detail/motion_sequence_item__type_support.h\n'}
[2.372128] (moveit_msgs) StdoutLine: {'line': b'-- Up-to-date: /home/yadhu/ur3e/src/install/moveit_msgs/include/moveit_msgs/moveit_msgs/msg/detail/allowed_collision_entry__functions.h\n'}
[2.372172] (moveit_msgs) StdoutLine: {'line': b'-- Up-to-date: /home/yadhu/ur3e/src/install/moveit_msgs/include/moveit_msgs/moveit_msgs/msg/detail/gripper_translation__functions.h\n'}
[2.372214] (moveit_msgs) StdoutLine: {'line': b'-- Up-to-date: /home/yadhu/ur3e/src/install/moveit_msgs/include/moveit_msgs/moveit_msgs/msg/detail/display_trajectory__functions.h\n'}
[2.372257] (moveit_msgs) StdoutLine: {'line': b'-- Up-to-date: /home/yadhu/ur3e/src/install/moveit_msgs/include/moveit_msgs/moveit_msgs/msg/detail/display_trajectory__type_support.h\n'}
[2.372301] (moveit_msgs) StdoutLine: {'line': b'-- Up-to-date: /home/yadhu/ur3e/src/install/moveit_msgs/include/moveit_msgs/moveit_msgs/msg/detail/planning_scene_world__type_support.h\n'}
[2.372349] (moveit_msgs) StdoutLine: {'line': b'-- Up-to-date: /home/yadhu/ur3e/src/install/moveit_msgs/include/moveit_msgs/moveit_msgs/msg/detail/object_color__type_support.h\n'}
[2.372396] (moveit_msgs) StdoutLine: {'line': b'-- Up-to-date: /home/yadhu/ur3e/src/install/moveit_msgs/include/moveit_msgs/moveit_msgs/msg/detail/oriented_bounding_box__type_support.h\n'}
[2.372442] (moveit_msgs) StdoutLine: {'line': b'-- Up-to-date: /home/yadhu/ur3e/src/install/moveit_msgs/include/moveit_msgs/moveit_msgs/msg/detail/motion_plan_response__functions.c\n'}
[2.372490] (moveit_msgs) StdoutLine: {'line': b'-- Up-to-date: /home/yadhu/ur3e/src/install/moveit_msgs/include/moveit_msgs/moveit_msgs/msg/detail/grasp__functions.h\n'}
[2.372537] (moveit_msgs) StdoutLine: {'line': b'-- Up-to-date: /home/yadhu/ur3e/src/install/moveit_msgs/include/moveit_msgs/moveit_msgs/msg/detail/display_robot_state__type_support.h\n'}
[2.372582] (moveit_msgs) StdoutLine: {'line': b'-- Up-to-date: /home/yadhu/ur3e/src/install/moveit_msgs/include/moveit_msgs/moveit_msgs/msg/detail/motion_sequence_item__functions.h\n'}
[2.372627] (moveit_msgs) StdoutLine: {'line': b'-- Up-to-date: /home/yadhu/ur3e/src/install/moveit_msgs/include/moveit_msgs/moveit_msgs/msg/detail/trajectory_constraints__struct.h\n'}
[2.372670] (moveit_msgs) StdoutLine: {'line': b'-- Up-to-date: /home/yadhu/ur3e/src/install/moveit_msgs/include/moveit_msgs/moveit_msgs/msg/detail/kinematic_solver_info__type_support.h\n'}
[2.372715] (moveit_msgs) StdoutLine: {'line': b'-- Up-to-date: /home/yadhu/ur3e/src/install/moveit_msgs/include/moveit_msgs/moveit_msgs/msg/detail/cartesian_point__functions.c\n'}
[2.372759] (moveit_msgs) StdoutLine: {'line': b'-- Up-to-date: /home/yadhu/ur3e/src/install/moveit_msgs/include/moveit_msgs/moveit_msgs/msg/detail/oriented_bounding_box__functions.c\n'}
[2.372803] (moveit_msgs) StdoutLine: {'line': b'-- Up-to-date: /home/yadhu/ur3e/src/install/moveit_msgs/include/moveit_msgs/moveit_msgs/msg/detail/joint_limits__functions.c\n'}
[2.372847] (moveit_msgs) StdoutLine: {'line': b'-- Up-to-date: /home/yadhu/ur3e/src/install/moveit_msgs/include/moveit_msgs/moveit_msgs/msg/detail/link_padding__struct.h\n'}
[2.372891] (moveit_msgs) StdoutLine: {'line': b'-- Up-to-date: /home/yadhu/ur3e/src/install/moveit_msgs/include/moveit_msgs/moveit_msgs/msg/detail/constraint_eval_result__functions.c\n'}
[2.372936] (moveit_msgs) StdoutLine: {'line': b'-- Up-to-date: /home/yadhu/ur3e/src/install/moveit_msgs/include/moveit_msgs/moveit_msgs/msg/detail/joint_limits__type_support.h\n'}
[2.372979] (moveit_msgs) StdoutLine: {'line': b'-- Up-to-date: /home/yadhu/ur3e/src/install/moveit_msgs/include/moveit_msgs/moveit_msgs/msg/detail/object_color__struct.h\n'}
[2.373029] (moveit_msgs) StdoutLine: {'line': b'-- Up-to-date: /home/yadhu/ur3e/src/install/moveit_msgs/include/moveit_msgs/moveit_msgs/msg/detail/allowed_collision_entry__struct.h\n'}
[2.373074] (moveit_msgs) StdoutLine: {'line': b'-- Up-to-date: /home/yadhu/ur3e/src/install/moveit_msgs/include/moveit_msgs/moveit_msgs/msg/detail/visibility_constraint__struct.h\n'}
[2.373118] (moveit_msgs) StdoutLine: {'line': b'-- Up-to-date: /home/yadhu/ur3e/src/install/moveit_msgs/include/moveit_msgs/moveit_msgs/msg/detail/generic_trajectory__type_support.h\n'}
[2.373163] (moveit_msgs) StdoutLine: {'line': b'-- Up-to-date: /home/yadhu/ur3e/src/install/moveit_msgs/include/moveit_msgs/moveit_msgs/msg/detail/constraints__struct.h\n'}
[2.373208] (moveit_msgs) StdoutLine: {'line': b'-- Up-to-date: /home/yadhu/ur3e/src/install/moveit_msgs/include/moveit_msgs/moveit_msgs/msg/detail/robot_trajectory__type_support.h\n'}
[2.373252] (moveit_msgs) StdoutLine: {'line': b'-- Up-to-date: /home/yadhu/ur3e/src/install/moveit_msgs/include/moveit_msgs/moveit_msgs/msg/detail/bounding_volume__type_support.h\n'}
[2.373298] (moveit_msgs) StdoutLine: {'line': b'-- Up-to-date: /home/yadhu/ur3e/src/install/moveit_msgs/include/moveit_msgs/moveit_msgs/msg/detail/constraints__type_support.h\n'}
[2.373345] (moveit_msgs) StdoutLine: {'line': b'-- Up-to-date: /home/yadhu/ur3e/src/install/moveit_msgs/include/moveit_msgs/moveit_msgs/msg/detail/robot_state__struct.h\n'}
[2.373392] (moveit_msgs) StdoutLine: {'line': b'-- Up-to-date: /home/yadhu/ur3e/src/install/moveit_msgs/include/moveit_msgs/moveit_msgs/msg/detail/cartesian_trajectory__type_support.h\n'}
[2.373436] (moveit_msgs) StdoutLine: {'line': b'-- Up-to-date: /home/yadhu/ur3e/src/install/moveit_msgs/include/moveit_msgs/moveit_msgs/msg/detail/motion_sequence_response__functions.h\n'}
[2.373479] (moveit_msgs) StdoutLine: {'line': b'-- Up-to-date: /home/yadhu/ur3e/src/install/moveit_msgs/include/moveit_msgs/moveit_msgs/msg/detail/attached_collision_object__type_support.h\n'}
[2.373524] (moveit_msgs) StdoutLine: {'line': b'-- Up-to-date: /home/yadhu/ur3e/src/install/moveit_msgs/include/moveit_msgs/moveit_msgs/msg/detail/visibility_constraint__functions.c\n'}
[2.373567] (moveit_msgs) StdoutLine: {'line': b'-- Up-to-date: /home/yadhu/ur3e/src/install/moveit_msgs/include/moveit_msgs/moveit_msgs/msg/detail/trajectory_constraints__type_support.h\n'}
[2.373611] (moveit_msgs) StdoutLine: {'line': b'-- Up-to-date: /home/yadhu/ur3e/src/install/moveit_msgs/include/moveit_msgs/moveit_msgs/msg/detail/link_scale__struct.h\n'}
[2.373645] (moveit_msgs) StdoutLine: {'line': b'-- Up-to-date: /home/yadhu/ur3e/src/install/moveit_msgs/include/moveit_msgs/moveit_msgs/msg/detail/cartesian_trajectory__functions.h\n'}
[2.373675] (moveit_msgs) StdoutLine: {'line': b'-- Up-to-date: /home/yadhu/ur3e/src/install/moveit_msgs/include/moveit_msgs/moveit_msgs/msg/detail/constraint_eval_result__type_support.h\n'}
[2.373706] (moveit_msgs) StdoutLine: {'line': b'-- Up-to-date: /home/yadhu/ur3e/src/install/moveit_msgs/include/moveit_msgs/moveit_msgs/msg/detail/constraint_eval_result__struct.h\n'}
[2.373737] (moveit_msgs) StdoutLine: {'line': b'-- Up-to-date: /home/yadhu/ur3e/src/install/moveit_msgs/include/moveit_msgs/moveit_msgs/msg/detail/position_ik_request__struct.h\n'}
[2.373771] (moveit_msgs) StdoutLine: {'line': b'-- Up-to-date: /home/yadhu/ur3e/src/install/moveit_msgs/include/moveit_msgs/moveit_msgs/msg/detail/attached_collision_object__functions.c\n'}
[2.373802] (moveit_msgs) StdoutLine: {'line': b'-- Up-to-date: /home/yadhu/ur3e/src/install/moveit_msgs/include/moveit_msgs/moveit_msgs/msg/detail/oriented_bounding_box__functions.h\n'}
[2.373836] (moveit_msgs) StdoutLine: {'line': b'-- Up-to-date: /home/yadhu/ur3e/src/install/moveit_msgs/include/moveit_msgs/moveit_msgs/msg/detail/motion_sequence_request__type_support.h\n'}
[2.373869] (moveit_msgs) StdoutLine: {'line': b'-- Up-to-date: /home/yadhu/ur3e/src/install/moveit_msgs/include/moveit_msgs/moveit_msgs/msg/detail/cartesian_point__struct.h\n'}
[2.373904] (moveit_msgs) StdoutLine: {'line': b'-- Up-to-date: /home/yadhu/ur3e/src/install/moveit_msgs/include/moveit_msgs/moveit_msgs/msg/detail/cost_source__functions.c\n'}
[2.373936] (moveit_msgs) StdoutLine: {'line': b'-- Up-to-date: /home/yadhu/ur3e/src/install/moveit_msgs/include/moveit_msgs/moveit_msgs/msg/detail/attached_collision_object__struct.h\n'}
[2.373968] (moveit_msgs) StdoutLine: {'line': b'-- Up-to-date: /home/yadhu/ur3e/src/install/moveit_msgs/include/moveit_msgs/moveit_msgs/msg/detail/planning_scene_components__struct.h\n'}
[2.374220] (moveit_msgs) StdoutLine: {'line': b'-- Up-to-date: /home/yadhu/ur3e/src/install/moveit_msgs/include/moveit_msgs/moveit_msgs/msg/detail/motion_plan_request__functions.c\n'}
[2.374360] (moveit_msgs) StdoutLine: {'line': b'-- Up-to-date: /home/yadhu/ur3e/src/install/moveit_msgs/include/moveit_msgs/moveit_msgs/msg/detail/joint_constraint__functions.h\n'}
[2.374434] (moveit_msgs) StdoutLine: {'line': b'-- Up-to-date: /home/yadhu/ur3e/src/install/moveit_msgs/include/moveit_msgs/moveit_msgs/msg/detail/kinematic_solver_info__functions.c\n'}
[2.374487] (moveit_msgs) StdoutLine: {'line': b'-- Up-to-date: /home/yadhu/ur3e/src/install/moveit_msgs/include/moveit_msgs/moveit_msgs/msg/detail/allowed_collision_entry__type_support.h\n'}
[2.374558] (moveit_msgs) StdoutLine: {'line': b'-- Up-to-date: /home/yadhu/ur3e/src/install/moveit_msgs/include/moveit_msgs/moveit_msgs/msg/detail/place_location__type_support.h\n'}
[2.374606] (moveit_msgs) StdoutLine: {'line': b'-- Up-to-date: /home/yadhu/ur3e/src/install/moveit_msgs/include/moveit_msgs/moveit_msgs/msg/detail/planning_scene__functions.c\n'}
[2.374653] (moveit_msgs) StdoutLine: {'line': b'-- Up-to-date: /home/yadhu/ur3e/src/install/moveit_msgs/include/moveit_msgs/moveit_msgs/msg/detail/object_color__functions.c\n'}
[2.374699] (moveit_msgs) StdoutLine: {'line': b'-- Up-to-date: /home/yadhu/ur3e/src/install/moveit_msgs/include/moveit_msgs/moveit_msgs/msg/detail/workspace_parameters__struct.h\n'}
[2.374744] (moveit_msgs) StdoutLine: {'line': b'-- Up-to-date: /home/yadhu/ur3e/src/install/moveit_msgs/include/moveit_msgs/moveit_msgs/msg/detail/motion_plan_detailed_response__functions.c\n'}
[2.374790] (moveit_msgs) StdoutLine: {'line': b'-- Up-to-date: /home/yadhu/ur3e/src/install/moveit_msgs/include/moveit_msgs/moveit_msgs/msg/detail/planning_scene_components__functions.c\n'}
[2.374833] (moveit_msgs) StdoutLine: {'line': b'-- Up-to-date: /home/yadhu/ur3e/src/install/moveit_msgs/include/moveit_msgs/moveit_msgs/msg/detail/trajectory_constraints__functions.h\n'}
[2.374878] (moveit_msgs) StdoutLine: {'line': b'-- Up-to-date: /home/yadhu/ur3e/src/install/moveit_msgs/include/moveit_msgs/moveit_msgs/msg/detail/planning_scene_world__struct.h\n'}
[2.374920] (moveit_msgs) StdoutLine: {'line': b'-- Up-to-date: /home/yadhu/ur3e/src/install/moveit_msgs/include/moveit_msgs/moveit_msgs/msg/detail/joint_constraint__struct.h\n'}
[2.374964] (moveit_msgs) StdoutLine: {'line': b'-- Up-to-date: /home/yadhu/ur3e/src/install/moveit_msgs/include/moveit_msgs/moveit_msgs/msg/detail/position_constraint__type_support.h\n'}
[2.375081] (moveit_msgs) StdoutLine: {'line': b'-- Up-to-date: /home/yadhu/ur3e/src/install/moveit_msgs/include/moveit_msgs/moveit_msgs/msg/detail/motion_plan_response__functions.h\n'}
[2.375155] (moveit_msgs) StdoutLine: {'line': b'-- Up-to-date: /home/yadhu/ur3e/src/install/moveit_msgs/include/moveit_msgs/moveit_msgs/msg/detail/object_color__functions.h\n'}
[2.375206] (moveit_msgs) StdoutLine: {'line': b'-- Up-to-date: /home/yadhu/ur3e/src/install/moveit_msgs/include/moveit_msgs/moveit_msgs/msg/detail/link_padding__functions.h\n'}
[2.375253] (moveit_msgs) StdoutLine: {'line': b'-- Up-to-date: /home/yadhu/ur3e/src/install/moveit_msgs/include/moveit_msgs/moveit_msgs/msg/detail/kinematic_solver_info__functions.h\n'}
[2.375314] (moveit_msgs) StdoutLine: {'line': b'-- Up-to-date: /home/yadhu/ur3e/src/install/moveit_msgs/include/moveit_msgs/moveit_msgs/msg/detail/position_ik_request__type_support.h\n'}
[2.375364] (moveit_msgs) StdoutLine: {'line': b'-- Up-to-date: /home/yadhu/ur3e/src/install/moveit_msgs/include/moveit_msgs/moveit_msgs/msg/detail/constraint_eval_result__functions.h\n'}
[2.375410] (moveit_msgs) StdoutLine: {'line': b'-- Up-to-date: /home/yadhu/ur3e/src/install/moveit_msgs/include/moveit_msgs/moveit_msgs/msg/detail/bounding_volume__functions.c\n'}
[2.375454] (moveit_msgs) StdoutLine: {'line': b'-- Up-to-date: /home/yadhu/ur3e/src/install/moveit_msgs/include/moveit_msgs/moveit_msgs/msg/oriented_bounding_box.h\n'}
[2.375518] (moveit_msgs) StdoutLine: {'line': b'-- Up-to-date: /home/yadhu/ur3e/src/install/moveit_msgs/include/moveit_msgs/moveit_msgs/msg/constraints.h\n'}
[2.375561] (moveit_msgs) StdoutLine: {'line': b'-- Up-to-date: /home/yadhu/ur3e/src/install/moveit_msgs/include/moveit_msgs/moveit_msgs/msg/bounding_volume.h\n'}
[2.375610] (moveit_msgs) StdoutLine: {'line': b'-- Up-to-date: /home/yadhu/ur3e/src/install/moveit_msgs/include/moveit_msgs/moveit_msgs/msg/constraint_eval_result.h\n'}
[2.375655] (moveit_msgs) StdoutLine: {'line': b'-- Up-to-date: /home/yadhu/ur3e/src/install/moveit_msgs/include/moveit_msgs/moveit_msgs/msg/attached_collision_object.h\n'}
[2.375699] (moveit_msgs) StdoutLine: {'line': b'-- Up-to-date: /home/yadhu/ur3e/src/install/moveit_msgs/include/moveit_msgs/moveit_msgs/msg/planner_interface_description.h\n'}
[2.375753] (moveit_msgs) StdoutLine: {'line': b'-- Up-to-date: /home/yadhu/ur3e/src/install/moveit_msgs/include/moveit_msgs/moveit_msgs/msg/collision_object.h\n'}
[2.375788] (moveit_msgs) StdoutLine: {'line': b'-- Up-to-date: /home/yadhu/ur3e/src/install/moveit_msgs/include/moveit_msgs/moveit_msgs/msg/motion_sequence_response.h\n'}
[2.375827] (moveit_msgs) StdoutLine: {'line': b'-- Up-to-date: /home/yadhu/ur3e/src/install/moveit_msgs/include/moveit_msgs/moveit_msgs/msg/planning_scene_components.h\n'}
[2.375889] (moveit_msgs) StdoutLine: {'line': b'-- Up-to-date: /home/yadhu/ur3e/src/install/moveit_msgs/include/moveit_msgs/moveit_msgs/msg/planning_options.h\n'}
[2.375937] (moveit_msgs) StdoutLine: {'line': b'-- Up-to-date: /home/yadhu/ur3e/src/install/moveit_msgs/include/moveit_msgs/moveit_msgs/msg/joint_limits.h\n'}
[2.375991] (moveit_msgs) StdoutLine: {'line': b'-- Up-to-date: /home/yadhu/ur3e/src/install/moveit_msgs/include/moveit_msgs/moveit_msgs/msg/orientation_constraint.h\n'}
[2.376085] (moveit_msgs) StdoutLine: {'line': b'-- Up-to-date: /home/yadhu/ur3e/src/install/moveit_msgs/include/moveit_msgs/moveit_msgs/msg/planning_scene_world.h\n'}
[2.376150] (moveit_msgs) StdoutLine: {'line': b'-- Up-to-date: /home/yadhu/ur3e/src/install/moveit_msgs/include/moveit_msgs/moveit_msgs/msg/motion_sequence_item.h\n'}
[2.376196] (moveit_msgs) StdoutLine: {'line': b'-- Up-to-date: /home/yadhu/ur3e/src/install/moveit_msgs/include/moveit_msgs/moveit_msgs/msg/motion_plan_response.h\n'}
[2.376239] (moveit_msgs) StdoutLine: {'line': b'-- Up-to-date: /home/yadhu/ur3e/src/install/moveit_msgs/include/moveit_msgs/moveit_msgs/msg/place_location.h\n'}
[2.376283] (moveit_msgs) StdoutLine: {'line': b'-- Up-to-date: /home/yadhu/ur3e/src/install/moveit_msgs/include/moveit_msgs/moveit_msgs/msg/planner_params.h\n'}
[2.376326] (moveit_msgs) StdoutLine: {'line': b'-- Up-to-date: /home/yadhu/ur3e/src/install/moveit_msgs/include/moveit_msgs/moveit_msgs/msg/display_trajectory.h\n'}
[2.376368] (moveit_msgs) StdoutLine: {'line': b'-- Up-to-date: /home/yadhu/ur3e/src/install/moveit_msgs/include/moveit_msgs/moveit_msgs/msg/kinematic_solver_info.h\n'}
[2.376409] (moveit_msgs) StdoutLine: {'line': b'-- Up-to-date: /home/yadhu/ur3e/src/install/moveit_msgs/include/moveit_msgs/moveit_msgs/msg/cost_source.h\n'}
[2.376451] (moveit_msgs) StdoutLine: {'line': b'-- Up-to-date: /home/yadhu/ur3e/src/install/moveit_msgs/include/moveit_msgs/moveit_msgs/msg/allowed_collision_entry.h\n'}
[2.376492] (moveit_msgs) StdoutLine: {'line': b'-- Up-to-date: /home/yadhu/ur3e/src/install/moveit_msgs/include/moveit_msgs/moveit_msgs/msg/cartesian_point.h\n'}
[2.376534] (moveit_msgs) StdoutLine: {'line': b'-- Up-to-date: /home/yadhu/ur3e/src/install/moveit_msgs/include/moveit_msgs/moveit_msgs/msg/motion_plan_detailed_response.h\n'}
[2.376574] (moveit_msgs) StdoutLine: {'line': b'-- Up-to-date: /home/yadhu/ur3e/src/install/moveit_msgs/include/moveit_msgs/moveit_msgs/srv\n'}
[2.376613] (moveit_msgs) StdoutLine: {'line': b'-- Up-to-date: /home/yadhu/ur3e/src/install/moveit_msgs/include/moveit_msgs/moveit_msgs/srv/get_planner_params.h\n'}
[2.376654] (moveit_msgs) StdoutLine: {'line': b'-- Up-to-date: /home/yadhu/ur3e/src/install/moveit_msgs/include/moveit_msgs/moveit_msgs/srv/change_control_dimensions.h\n'}
[2.376694] (moveit_msgs) StdoutLine: {'line': b'-- Up-to-date: /home/yadhu/ur3e/src/install/moveit_msgs/include/moveit_msgs/moveit_msgs/srv/rename_robot_state_in_warehouse.h\n'}
[2.376735] (moveit_msgs) StdoutLine: {'line': b'-- Up-to-date: /home/yadhu/ur3e/src/install/moveit_msgs/include/moveit_msgs/moveit_msgs/srv/delete_robot_state_from_warehouse.h\n'}
[2.377199] (moveit_msgs) StdoutLine: {'line': b'-- Up-to-date: /home/yadhu/ur3e/src/install/moveit_msgs/include/moveit_msgs/moveit_msgs/srv/get_planning_scene.h\n'}
[2.377341] (moveit_msgs) StdoutLine: {'line': b'-- Up-to-date: /home/yadhu/ur3e/src/install/moveit_msgs/include/moveit_msgs/moveit_msgs/srv/query_planner_interfaces.h\n'}
[2.377391] (moveit_msgs) StdoutLine: {'line': b'-- Up-to-date: /home/yadhu/ur3e/src/install/moveit_msgs/include/moveit_msgs/moveit_msgs/srv/set_planner_params.h\n'}
[2.377446] (moveit_msgs) StdoutLine: {'line': b'-- Up-to-date: /home/yadhu/ur3e/src/install/moveit_msgs/include/moveit_msgs/moveit_msgs/srv/grasp_planning.h\n'}
[2.377489] (moveit_msgs) StdoutLine: {'line': b'-- Up-to-date: /home/yadhu/ur3e/src/install/moveit_msgs/include/moveit_msgs/moveit_msgs/srv/get_cartesian_path.h\n'}
[2.377533] (moveit_msgs) StdoutLine: {'line': b'-- Up-to-date: /home/yadhu/ur3e/src/install/moveit_msgs/include/moveit_msgs/moveit_msgs/srv/list_robot_states_in_warehouse.h\n'}
[2.377598] (moveit_msgs) StdoutLine: {'line': b'-- Up-to-date: /home/yadhu/ur3e/src/install/moveit_msgs/include/moveit_msgs/moveit_msgs/srv/get_state_validity.h\n'}
[2.377645] (moveit_msgs) StdoutLine: {'line': b'-- Up-to-date: /home/yadhu/ur3e/src/install/moveit_msgs/include/moveit_msgs/moveit_msgs/srv/update_pointcloud_octomap.h\n'}
[2.377689] (moveit_msgs) StdoutLine: {'line': b'-- Up-to-date: /home/yadhu/ur3e/src/install/moveit_msgs/include/moveit_msgs/moveit_msgs/srv/get_motion_sequence.h\n'}
[2.377733] (moveit_msgs) StdoutLine: {'line': b'-- Up-to-date: /home/yadhu/ur3e/src/install/moveit_msgs/include/moveit_msgs/moveit_msgs/srv/detail\n'}
[2.377775] (moveit_msgs) StdoutLine: {'line': b'-- Up-to-date: /home/yadhu/ur3e/src/install/moveit_msgs/include/moveit_msgs/moveit_msgs/srv/detail/apply_planning_scene__struct.h\n'}
[2.377819] (moveit_msgs) StdoutLine: {'line': b'-- Up-to-date: /home/yadhu/ur3e/src/install/moveit_msgs/include/moveit_msgs/moveit_msgs/srv/detail/get_robot_state_from_warehouse__functions.c\n'}
[2.377860] (moveit_msgs) StdoutLine: {'line': b'-- Up-to-date: /home/yadhu/ur3e/src/install/moveit_msgs/include/moveit_msgs/moveit_msgs/srv/detail/update_pointcloud_octomap__functions.h\n'}
[2.377902] (moveit_msgs) StdoutLine: {'line': b'-- Up-to-date: /home/yadhu/ur3e/src/install/moveit_msgs/include/moveit_msgs/moveit_msgs/srv/detail/save_map__struct.h\n'}
[2.377943] (moveit_msgs) StdoutLine: {'line': b'-- Up-to-date: /home/yadhu/ur3e/src/install/moveit_msgs/include/moveit_msgs/moveit_msgs/srv/detail/change_drift_dimensions__type_support.h\n'}
[2.377989] (moveit_msgs) StdoutLine: {'line': b'-- Up-to-date: /home/yadhu/ur3e/src/install/moveit_msgs/include/moveit_msgs/moveit_msgs/srv/detail/delete_robot_state_from_warehouse__struct.h\n'}
[2.378162] (moveit_msgs) StdoutLine: {'line': b'-- Up-to-date: /home/yadhu/ur3e/src/install/moveit_msgs/include/moveit_msgs/moveit_msgs/srv/detail/get_planner_params__functions.c\n'}
[2.378221] (moveit_msgs) StdoutLine: {'line': b'-- Up-to-date: /home/yadhu/ur3e/src/install/moveit_msgs/include/moveit_msgs/moveit_msgs/srv/detail/get_robot_state_from_warehouse__functions.h\n'}
[2.378268] (moveit_msgs) StdoutLine: {'line': b'-- Up-to-date: /home/yadhu/ur3e/src/install/moveit_msgs/include/moveit_msgs/moveit_msgs/srv/detail/get_motion_plan__struct.h\n'}
[2.378311] (moveit_msgs) StdoutLine: {'line': b'-- Up-to-date: /home/yadhu/ur3e/src/install/moveit_msgs/include/moveit_msgs/moveit_msgs/srv/detail/change_control_dimensions__functions.c\n'}
[2.378354] (moveit_msgs) StdoutLine: {'line': b'-- Up-to-date: /home/yadhu/ur3e/src/install/moveit_msgs/include/moveit_msgs/moveit_msgs/srv/detail/check_if_robot_state_exists_in_warehouse__functions.c\n'}
[2.378395] (moveit_msgs) StdoutLine: {'line': b'-- Up-to-date: /home/yadhu/ur3e/src/install/moveit_msgs/include/moveit_msgs/moveit_msgs/srv/detail/change_drift_dimensions__functions.h\n'}
[2.378439] (moveit_msgs) StdoutLine: {'line': b'-- Up-to-date: /home/yadhu/ur3e/src/install/moveit_msgs/include/moveit_msgs/moveit_msgs/srv/detail/load_map__struct.h\n'}
[2.378483] (moveit_msgs) StdoutLine: {'line': b'-- Up-to-date: /home/yadhu/ur3e/src/install/moveit_msgs/include/moveit_msgs/moveit_msgs/srv/detail/update_pointcloud_octomap__type_support.h\n'}
[2.378526] (moveit_msgs) StdoutLine: {'line': b'-- Up-to-date: /home/yadhu/ur3e/src/install/moveit_msgs/include/moveit_msgs/moveit_msgs/srv/detail/get_position_ik__struct.h\n'}
[2.378569] (moveit_msgs) StdoutLine: {'line': b'-- Up-to-date: /home/yadhu/ur3e/src/install/moveit_msgs/include/moveit_msgs/moveit_msgs/srv/detail/get_position_ik__type_support.h\n'}
[2.378638] (moveit_msgs) StdoutLine: {'line': b'-- Up-to-date: /home/yadhu/ur3e/src/install/moveit_msgs/include/moveit_msgs/moveit_msgs/srv/detail/query_planner_interfaces__functions.h\n'}
[2.378682] (moveit_msgs) StdoutLine: {'line': b'-- Up-to-date: /home/yadhu/ur3e/src/install/moveit_msgs/include/moveit_msgs/moveit_msgs/srv/detail/set_planner_params__struct.h\n'}
[2.378723] (moveit_msgs) StdoutLine: {'line': b'-- Up-to-date: /home/yadhu/ur3e/src/install/moveit_msgs/include/moveit_msgs/moveit_msgs/srv/detail/save_robot_state_to_warehouse__type_support.h\n'}
[2.378765] (moveit_msgs) StdoutLine: {'line': b'-- Up-to-date: /home/yadhu/ur3e/src/install/moveit_msgs/include/moveit_msgs/moveit_msgs/srv/detail/save_robot_state_to_warehouse__functions.c\n'}
[2.378807] (moveit_msgs) StdoutLine: {'line': b'-- Up-to-date: /home/yadhu/ur3e/src/install/moveit_msgs/include/moveit_msgs/moveit_msgs/srv/detail/get_robot_state_from_warehouse__type_support.h\n'}
[2.378848] (moveit_msgs) StdoutLine: {'line': b'-- Up-to-date: /home/yadhu/ur3e/src/install/moveit_msgs/include/moveit_msgs/moveit_msgs/srv/detail/get_cartesian_path__functions.h\n'}
[2.378924] (moveit_msgs) StdoutLine: {'line': b'-- Up-to-date: /home/yadhu/ur3e/src/install/moveit_msgs/include/moveit_msgs/moveit_msgs/srv/detail/get_position_fk__functions.h\n'}
[2.379001] (moveit_msgs) StdoutLine: {'line': b'-- Up-to-date: /home/yadhu/ur3e/src/install/moveit_msgs/include/moveit_msgs/moveit_msgs/srv/detail/get_motion_plan__functions.c\n'}
[2.379089] (moveit_msgs) StdoutLine: {'line': b'-- Up-to-date: /home/yadhu/ur3e/src/install/moveit_msgs/include/moveit_msgs/moveit_msgs/srv/detail/get_cartesian_path__type_support.h\n'}
[2.379135] (moveit_msgs) StdoutLine: {'line': b'-- Up-to-date: /home/yadhu/ur3e/src/install/moveit_msgs/include/moveit_msgs/moveit_msgs/srv/detail/save_robot_state_to_warehouse__struct.h\n'}
[2.379221] (moveit_msgs) StdoutLine: {'line': b'-- Up-to-date: /home/yadhu/ur3e/src/install/moveit_msgs/include/moveit_msgs/moveit_msgs/srv/detail/change_control_dimensions__functions.h\n'}
[2.379289] (moveit_msgs) StdoutLine: {'line': b'-- Up-to-date: /home/yadhu/ur3e/src/install/moveit_msgs/include/moveit_msgs/moveit_msgs/srv/detail/change_drift_dimensions__struct.h\n'}
[2.379332] (moveit_msgs) StdoutLine: {'line': b'-- Up-to-date: /home/yadhu/ur3e/src/install/moveit_msgs/include/moveit_msgs/moveit_msgs/srv/detail/change_control_dimensions__type_support.h\n'}
[2.379374] (moveit_msgs) StdoutLine: {'line': b'-- Up-to-date: /home/yadhu/ur3e/src/install/moveit_msgs/include/moveit_msgs/moveit_msgs/srv/detail/set_planner_params__functions.c\n'}
[2.379415] (moveit_msgs) StdoutLine: {'line': b'-- Up-to-date: /home/yadhu/ur3e/src/install/moveit_msgs/include/moveit_msgs/moveit_msgs/srv/detail/rename_robot_state_in_warehouse__functions.h\n'}
[2.379456] (moveit_msgs) StdoutLine: {'line': b'-- Up-to-date: /home/yadhu/ur3e/src/install/moveit_msgs/include/moveit_msgs/moveit_msgs/srv/detail/delete_robot_state_from_warehouse__functions.c\n'}
[2.379498] (moveit_msgs) StdoutLine: {'line': b'-- Up-to-date: /home/yadhu/ur3e/src/install/moveit_msgs/include/moveit_msgs/moveit_msgs/srv/detail/get_position_fk__functions.c\n'}
[2.379540] (moveit_msgs) StdoutLine: {'line': b'-- Up-to-date: /home/yadhu/ur3e/src/install/moveit_msgs/include/moveit_msgs/moveit_msgs/srv/detail/save_map__functions.h\n'}
[2.379582] (moveit_msgs) StdoutLine: {'line': b'-- Up-to-date: /home/yadhu/ur3e/src/install/moveit_msgs/include/moveit_msgs/moveit_msgs/srv/detail/load_map__functions.c\n'}
[2.379623] (moveit_msgs) StdoutLine: {'line': b'-- Up-to-date: /home/yadhu/ur3e/src/install/moveit_msgs/include/moveit_msgs/moveit_msgs/srv/detail/get_state_validity__type_support.h\n'}
[2.379665] (moveit_msgs) StdoutLine: {'line': b'-- Up-to-date: /home/yadhu/ur3e/src/install/moveit_msgs/include/moveit_msgs/moveit_msgs/srv/detail/update_pointcloud_octomap__struct.h\n'}
[2.379707] (moveit_msgs) StdoutLine: {'line': b'-- Up-to-date: /home/yadhu/ur3e/src/install/moveit_msgs/include/moveit_msgs/moveit_msgs/srv/detail/rename_robot_state_in_warehouse__functions.c\n'}
[2.379764] (moveit_msgs) StdoutLine: {'line': b'-- Up-to-date: /home/yadhu/ur3e/src/install/moveit_msgs/include/moveit_msgs/moveit_msgs/srv/detail/grasp_planning__functions.h\n'}
[2.379856] (moveit_msgs) StdoutLine: {'line': b'-- Up-to-date: /home/yadhu/ur3e/src/install/moveit_msgs/include/moveit_msgs/moveit_msgs/srv/detail/get_cartesian_path__struct.h\n'}
[2.379902] (moveit_msgs) StdoutLine: {'line': b'-- Up-to-date: /home/yadhu/ur3e/src/install/moveit_msgs/include/moveit_msgs/moveit_msgs/srv/detail/get_motion_plan__functions.h\n'}
[2.379944] (moveit_msgs) StdoutLine: {'line': b'-- Up-to-date: /home/yadhu/ur3e/src/install/moveit_msgs/include/moveit_msgs/moveit_msgs/srv/detail/apply_planning_scene__type_support.h\n'}
[2.379988] (moveit_msgs) StdoutLine: {'line': b'-- Up-to-date: /home/yadhu/ur3e/src/install/moveit_msgs/include/moveit_msgs/moveit_msgs/srv/detail/query_planner_interfaces__type_support.h\n'}
[2.380111] (moveit_msgs) StdoutLine: {'line': b'-- Up-to-date: /home/yadhu/ur3e/src/install/moveit_msgs/include/moveit_msgs/moveit_msgs/srv/detail/apply_planning_scene__functions.h\n'}
[2.380156] (moveit_msgs) StdoutLine: {'line': b'-- Up-to-date: /home/yadhu/ur3e/src/install/moveit_msgs/include/moveit_msgs/moveit_msgs/srv/detail/get_motion_plan__type_support.h\n'}
[2.380198] (moveit_msgs) StdoutLine: {'line': b'-- Up-to-date: /home/yadhu/ur3e/src/install/moveit_msgs/include/moveit_msgs/moveit_msgs/srv/detail/delete_robot_state_from_warehouse__type_support.h\n'}
[2.380240] (moveit_msgs) StdoutLine: {'line': b'-- Up-to-date: /home/yadhu/ur3e/src/install/moveit_msgs/include/moveit_msgs/moveit_msgs/srv/detail/delete_robot_state_from_warehouse__functions.h\n'}
[2.380281] (moveit_msgs) StdoutLine: {'line': b'-- Up-to-date: /home/yadhu/ur3e/src/install/moveit_msgs/include/moveit_msgs/moveit_msgs/srv/detail/list_robot_states_in_warehouse__type_support.h\n'}
[2.380322] (moveit_msgs) StdoutLine: {'line': b'-- Up-to-date: /home/yadhu/ur3e/src/install/moveit_msgs/include/moveit_msgs/moveit_msgs/srv/detail/list_robot_states_in_warehouse__functions.c\n'}
[2.380361] (moveit_msgs) StdoutLine: {'line': b'-- Up-to-date: /home/yadhu/ur3e/src/install/moveit_msgs/include/moveit_msgs/moveit_msgs/srv/detail/save_map__functions.c\n'}
[2.380401] (moveit_msgs) StdoutLine: {'line': b'-- Up-to-date: /home/yadhu/ur3e/src/install/moveit_msgs/include/moveit_msgs/moveit_msgs/srv/detail/get_position_ik__functions.h\n'}
[2.380442] (moveit_msgs) StdoutLine: {'line': b'-- Up-to-date: /home/yadhu/ur3e/src/install/moveit_msgs/include/moveit_msgs/moveit_msgs/srv/detail/get_motion_sequence__struct.h\n'}
[2.380538] (moveit_msgs) StdoutLine: {'line': b'-- Up-to-date: /home/yadhu/ur3e/src/install/moveit_msgs/include/moveit_msgs/moveit_msgs/srv/detail/check_if_robot_state_exists_in_warehouse__struct.h\n'}
[2.380583] (moveit_msgs) StdoutLine: {'line': b'-- Up-to-date: /home/yadhu/ur3e/src/install/moveit_msgs/include/moveit_msgs/moveit_msgs/srv/detail/update_pointcloud_octomap__functions.c\n'}
[2.380643] (moveit_msgs) StdoutLine: {'line': b'-- Up-to-date: /home/yadhu/ur3e/src/install/moveit_msgs/include/moveit_msgs/moveit_msgs/srv/detail/get_planning_scene__functions.c\n'}
[2.380687] (moveit_msgs) StdoutLine: {'line': b'-- Up-to-date: /home/yadhu/ur3e/src/install/moveit_msgs/include/moveit_msgs/moveit_msgs/srv/detail/check_if_robot_state_exists_in_warehouse__functions.h\n'}
[2.380729] (moveit_msgs) StdoutLine: {'line': b'-- Up-to-date: /home/yadhu/ur3e/src/install/moveit_msgs/include/moveit_msgs/moveit_msgs/srv/detail/get_cartesian_path__functions.c\n'}
[2.380770] (moveit_msgs) StdoutLine: {'line': b'-- Up-to-date: /home/yadhu/ur3e/src/install/moveit_msgs/include/moveit_msgs/moveit_msgs/srv/detail/rename_robot_state_in_warehouse__struct.h\n'}
[2.380811] (moveit_msgs) StdoutLine: {'line': b'-- Up-to-date: /home/yadhu/ur3e/src/install/moveit_msgs/include/moveit_msgs/moveit_msgs/srv/detail/grasp_planning__type_support.h\n'}
[2.380878] (moveit_msgs) StdoutLine: {'line': b'-- Up-to-date: /home/yadhu/ur3e/src/install/moveit_msgs/include/moveit_msgs/moveit_msgs/srv/detail/get_position_ik__functions.c\n'}
[2.380921] (moveit_msgs) StdoutLine: {'line': b'-- Up-to-date: /home/yadhu/ur3e/src/install/moveit_msgs/include/moveit_msgs/moveit_msgs/srv/detail/load_map__functions.h\n'}
[2.380963] (moveit_msgs) StdoutLine: {'line': b'-- Up-to-date: /home/yadhu/ur3e/src/install/moveit_msgs/include/moveit_msgs/moveit_msgs/srv/detail/get_planner_params__type_support.h\n'}
[2.381087] (moveit_msgs) StdoutLine: {'line': b'-- Up-to-date: /home/yadhu/ur3e/src/install/moveit_msgs/include/moveit_msgs/moveit_msgs/srv/detail/get_state_validity__functions.c\n'}
[2.381174] (moveit_msgs) StdoutLine: {'line': b'-- Up-to-date: /home/yadhu/ur3e/src/install/moveit_msgs/include/moveit_msgs/moveit_msgs/srv/detail/get_motion_sequence__type_support.h\n'}
[2.381219] (moveit_msgs) StdoutLine: {'line': b'-- Up-to-date: /home/yadhu/ur3e/src/install/moveit_msgs/include/moveit_msgs/moveit_msgs/srv/detail/apply_planning_scene__functions.c\n'}
[2.381261] (moveit_msgs) StdoutLine: {'line': b'-- Up-to-date: /home/yadhu/ur3e/src/install/moveit_msgs/include/moveit_msgs/moveit_msgs/srv/detail/query_planner_interfaces__functions.c\n'}
[2.381301] (moveit_msgs) StdoutLine: {'line': b'-- Up-to-date: /home/yadhu/ur3e/src/install/moveit_msgs/include/moveit_msgs/moveit_msgs/srv/detail/get_position_fk__type_support.h\n'}
[2.381343] (moveit_msgs) StdoutLine: {'line': b'-- Up-to-date: /home/yadhu/ur3e/src/install/moveit_msgs/include/moveit_msgs/moveit_msgs/srv/detail/get_state_validity__struct.h\n'}
[2.381383] (moveit_msgs) StdoutLine: {'line': b'-- Up-to-date: /home/yadhu/ur3e/src/install/moveit_msgs/include/moveit_msgs/moveit_msgs/srv/detail/change_control_dimensions__struct.h\n'}
[2.381423] (moveit_msgs) StdoutLine: {'line': b'-- Up-to-date: /home/yadhu/ur3e/src/install/moveit_msgs/include/moveit_msgs/moveit_msgs/srv/detail/get_planner_params__functions.h\n'}
[2.381463] (moveit_msgs) StdoutLine: {'line': b'-- Up-to-date: /home/yadhu/ur3e/src/install/moveit_msgs/include/moveit_msgs/moveit_msgs/srv/detail/list_robot_states_in_warehouse__struct.h\n'}
[2.381502] (moveit_msgs) StdoutLine: {'line': b'-- Up-to-date: /home/yadhu/ur3e/src/install/moveit_msgs/include/moveit_msgs/moveit_msgs/srv/detail/query_planner_interfaces__struct.h\n'}
[2.381543] (moveit_msgs) StdoutLine: {'line': b'-- Up-to-date: /home/yadhu/ur3e/src/install/moveit_msgs/include/moveit_msgs/moveit_msgs/srv/detail/get_position_fk__struct.h\n'}
[2.381584] (moveit_msgs) StdoutLine: {'line': b'-- Up-to-date: /home/yadhu/ur3e/src/install/moveit_msgs/include/moveit_msgs/moveit_msgs/srv/detail/rename_robot_state_in_warehouse__type_support.h\n'}
[2.381624] (moveit_msgs) StdoutLine: {'line': b'-- Up-to-date: /home/yadhu/ur3e/src/install/moveit_msgs/include/moveit_msgs/moveit_msgs/srv/detail/set_planner_params__type_support.h\n'}
[2.381663] (moveit_msgs) StdoutLine: {'line': b'-- Up-to-date: /home/yadhu/ur3e/src/install/moveit_msgs/include/moveit_msgs/moveit_msgs/srv/detail/check_if_robot_state_exists_in_warehouse__type_support.h\n'}
[2.381703] (moveit_msgs) StdoutLine: {'line': b'-- Up-to-date: /home/yadhu/ur3e/src/install/moveit_msgs/include/moveit_msgs/moveit_msgs/srv/detail/grasp_planning__functions.c\n'}
[2.381744] (moveit_msgs) StdoutLine: {'line': b'-- Up-to-date: /home/yadhu/ur3e/src/install/moveit_msgs/include/moveit_msgs/moveit_msgs/srv/detail/get_planning_scene__type_support.h\n'}
[2.381783] (moveit_msgs) StdoutLine: {'line': b'-- Up-to-date: /home/yadhu/ur3e/src/install/moveit_msgs/include/moveit_msgs/moveit_msgs/srv/detail/get_planning_scene__functions.h\n'}
[2.381823] (moveit_msgs) StdoutLine: {'line': b'-- Up-to-date: /home/yadhu/ur3e/src/install/moveit_msgs/include/moveit_msgs/moveit_msgs/srv/detail/grasp_planning__struct.h\n'}
[2.381863] (moveit_msgs) StdoutLine: {'line': b'-- Up-to-date: /home/yadhu/ur3e/src/install/moveit_msgs/include/moveit_msgs/moveit_msgs/srv/detail/set_planner_params__functions.h\n'}
[2.381902] (moveit_msgs) StdoutLine: {'line': b'-- Up-to-date: /home/yadhu/ur3e/src/install/moveit_msgs/include/moveit_msgs/moveit_msgs/srv/detail/change_drift_dimensions__functions.c\n'}
[2.381959] (moveit_msgs) StdoutLine: {'line': b'-- Up-to-date: /home/yadhu/ur3e/src/install/moveit_msgs/include/moveit_msgs/moveit_msgs/srv/detail/list_robot_states_in_warehouse__functions.h\n'}
[2.382179] (moveit_msgs) StdoutLine: {'line': b'-- Up-to-date: /home/yadhu/ur3e/src/install/moveit_msgs/include/moveit_msgs/moveit_msgs/srv/detail/get_motion_sequence__functions.h\n'}
[2.382267] (moveit_msgs) StdoutLine: {'line': b'-- Up-to-date: /home/yadhu/ur3e/src/install/moveit_msgs/include/moveit_msgs/moveit_msgs/srv/detail/get_planner_params__struct.h\n'}
[2.382312] (moveit_msgs) StdoutLine: {'line': b'-- Up-to-date: /home/yadhu/ur3e/src/install/moveit_msgs/include/moveit_msgs/moveit_msgs/srv/detail/save_map__type_support.h\n'}
[2.382355] (moveit_msgs) StdoutLine: {'line': b'-- Up-to-date: /home/yadhu/ur3e/src/install/moveit_msgs/include/moveit_msgs/moveit_msgs/srv/detail/get_robot_state_from_warehouse__struct.h\n'}
[2.382396] (moveit_msgs) StdoutLine: {'line': b'-- Up-to-date: /home/yadhu/ur3e/src/install/moveit_msgs/include/moveit_msgs/moveit_msgs/srv/detail/load_map__type_support.h\n'}
[2.382438] (moveit_msgs) StdoutLine: {'line': b'-- Up-to-date: /home/yadhu/ur3e/src/install/moveit_msgs/include/moveit_msgs/moveit_msgs/srv/detail/get_state_validity__functions.h\n'}
[2.382479] (moveit_msgs) StdoutLine: {'line': b'-- Up-to-date: /home/yadhu/ur3e/src/install/moveit_msgs/include/moveit_msgs/moveit_msgs/srv/detail/save_robot_state_to_warehouse__functions.h\n'}
[2.382520] (moveit_msgs) StdoutLine: {'line': b'-- Up-to-date: /home/yadhu/ur3e/src/install/moveit_msgs/include/moveit_msgs/moveit_msgs/srv/detail/get_motion_sequence__functions.c\n'}
[2.382561] (moveit_msgs) StdoutLine: {'line': b'-- Up-to-date: /home/yadhu/ur3e/src/install/moveit_msgs/include/moveit_msgs/moveit_msgs/srv/detail/get_planning_scene__struct.h\n'}
[2.382601] (moveit_msgs) StdoutLine: {'line': b'-- Up-to-date: /home/yadhu/ur3e/src/install/moveit_msgs/include/moveit_msgs/moveit_msgs/srv/change_drift_dimensions.h\n'}
[2.382643] (moveit_msgs) StdoutLine: {'line': b'-- Up-to-date: /home/yadhu/ur3e/src/install/moveit_msgs/include/moveit_msgs/moveit_msgs/srv/get_motion_plan.h\n'}
[2.382683] (moveit_msgs) StdoutLine: {'line': b'-- Up-to-date: /home/yadhu/ur3e/src/install/moveit_msgs/include/moveit_msgs/moveit_msgs/srv/save_map.h\n'}
[2.382723] (moveit_msgs) StdoutLine: {'line': b'-- Up-to-date: /home/yadhu/ur3e/src/install/moveit_msgs/include/moveit_msgs/moveit_msgs/srv/get_robot_state_from_warehouse.h\n'}
[2.382763] (moveit_msgs) StdoutLine: {'line': b'-- Up-to-date: /home/yadhu/ur3e/src/install/moveit_msgs/include/moveit_msgs/moveit_msgs/srv/apply_planning_scene.h\n'}
[2.382802] (moveit_msgs) StdoutLine: {'line': b'-- Up-to-date: /home/yadhu/ur3e/src/install/moveit_msgs/include/moveit_msgs/moveit_msgs/srv/get_position_fk.h\n'}
[2.382841] (moveit_msgs) StdoutLine: {'line': b'-- Up-to-date: /home/yadhu/ur3e/src/install/moveit_msgs/include/moveit_msgs/moveit_msgs/srv/get_position_ik.h\n'}
[2.382881] (moveit_msgs) StdoutLine: {'line': b'-- Up-to-date: /home/yadhu/ur3e/src/install/moveit_msgs/include/moveit_msgs/moveit_msgs/srv/load_map.h\n'}
[2.382920] (moveit_msgs) StdoutLine: {'line': b'-- Up-to-date: /home/yadhu/ur3e/src/install/moveit_msgs/include/moveit_msgs/moveit_msgs/srv/save_robot_state_to_warehouse.h\n'}
[2.382959] (moveit_msgs) StdoutLine: {'line': b'-- Up-to-date: /home/yadhu/ur3e/src/install/moveit_msgs/include/moveit_msgs/moveit_msgs/srv/check_if_robot_state_exists_in_warehouse.h\n'}
[2.383015] (moveit_msgs) StdoutLine: {'line': b'-- Up-to-date: /home/yadhu/ur3e/src/install/moveit_msgs/share/moveit_msgs/environment/library_path.sh\n'}
[2.383177] (moveit_msgs) StdoutLine: {'line': b'-- Up-to-date: /home/yadhu/ur3e/src/install/moveit_msgs/share/moveit_msgs/environment/library_path.dsv\n'}
[2.383225] (moveit_msgs) StdoutLine: {'line': b'-- Up-to-date: /home/yadhu/ur3e/src/install/moveit_msgs/lib/libmoveit_msgs__rosidl_generator_c.so\n'}
[2.383287] (moveit_msgs) StdoutLine: {'line': b'-- Up-to-date: /home/yadhu/ur3e/src/install/moveit_msgs/include/moveit_msgs/moveit_msgs\n'}
[2.383330] (moveit_msgs) StdoutLine: {'line': b'-- Up-to-date: /home/yadhu/ur3e/src/install/moveit_msgs/include/moveit_msgs/moveit_msgs/action\n'}
[2.383372] (moveit_msgs) StdoutLine: {'line': b'-- Up-to-date: /home/yadhu/ur3e/src/install/moveit_msgs/include/moveit_msgs/moveit_msgs/action/detail\n'}
[2.383412] (moveit_msgs) StdoutLine: {'line': b'-- Up-to-date: /home/yadhu/ur3e/src/install/moveit_msgs/include/moveit_msgs/moveit_msgs/action/detail/local_planner__rosidl_typesupport_fastrtps_c.h\n'}
[2.383453] (moveit_msgs) StdoutLine: {'line': b'-- Up-to-date: /home/yadhu/ur3e/src/install/moveit_msgs/include/moveit_msgs/moveit_msgs/action/detail/place__rosidl_typesupport_fastrtps_c.h\n'}
[2.383494] (moveit_msgs) StdoutLine: {'line': b'-- Up-to-date: /home/yadhu/ur3e/src/install/moveit_msgs/include/moveit_msgs/moveit_msgs/action/detail/global_planner__rosidl_typesupport_fastrtps_c.h\n'}
[2.383535] (moveit_msgs) StdoutLine: {'line': b'-- Up-to-date: /home/yadhu/ur3e/src/install/moveit_msgs/include/moveit_msgs/moveit_msgs/action/detail/move_group__rosidl_typesupport_fastrtps_c.h\n'}
[2.383575] (moveit_msgs) StdoutLine: {'line': b'-- Up-to-date: /home/yadhu/ur3e/src/install/moveit_msgs/include/moveit_msgs/moveit_msgs/action/detail/pickup__rosidl_typesupport_fastrtps_c.h\n'}
[2.383615] (moveit_msgs) StdoutLine: {'line': b'-- Up-to-date: /home/yadhu/ur3e/src/install/moveit_msgs/include/moveit_msgs/moveit_msgs/action/detail/move_group_sequence__rosidl_typesupport_fastrtps_c.h\n'}
[2.383668] (moveit_msgs) StdoutLine: {'line': b'-- Up-to-date: /home/yadhu/ur3e/src/install/moveit_msgs/include/moveit_msgs/moveit_msgs/action/detail/hybrid_planner__rosidl_typesupport_fastrtps_c.h\n'}
[2.383710] (moveit_msgs) StdoutLine: {'line': b'-- Up-to-date: /home/yadhu/ur3e/src/install/moveit_msgs/include/moveit_msgs/moveit_msgs/action/detail/execute_trajectory__rosidl_typesupport_fastrtps_c.h\n'}
[2.383824] (moveit_msgs) StdoutLine: {'line': b'-- Up-to-date: /home/yadhu/ur3e/src/install/moveit_msgs/include/moveit_msgs/moveit_msgs/msg\n'}
[2.383869] (moveit_msgs) StdoutLine: {'line': b'-- Up-to-date: /home/yadhu/ur3e/src/install/moveit_msgs/include/moveit_msgs/moveit_msgs/msg/rosidl_typesupport_fastrtps_c__visibility_control.h\n'}
[2.383910] (moveit_msgs) StdoutLine: {'line': b'-- Up-to-date: /home/yadhu/ur3e/src/install/moveit_msgs/include/moveit_msgs/moveit_msgs/msg/detail\n'}
[2.383962] (moveit_msgs) StdoutLine: {'line': b'-- Up-to-date: /home/yadhu/ur3e/src/install/moveit_msgs/include/moveit_msgs/moveit_msgs/msg/detail/robot_state__rosidl_typesupport_fastrtps_c.h\n'}
[2.384121] (moveit_msgs) StdoutLine: {'line': b'-- Up-to-date: /home/yadhu/ur3e/src/install/moveit_msgs/include/moveit_msgs/moveit_msgs/msg/detail/motion_sequence_request__rosidl_typesupport_fastrtps_c.h\n'}
[2.384192] (moveit_msgs) StdoutLine: {'line': b'-- Up-to-date: /home/yadhu/ur3e/src/install/moveit_msgs/include/moveit_msgs/moveit_msgs/msg/detail/planner_interface_description__rosidl_typesupport_fastrtps_c.h\n'}
[2.384237] (moveit_msgs) StdoutLine: {'line': b'-- Up-to-date: /home/yadhu/ur3e/src/install/moveit_msgs/include/moveit_msgs/moveit_msgs/msg/detail/planning_scene_components__rosidl_typesupport_fastrtps_c.h\n'}
[2.384278] (moveit_msgs) StdoutLine: {'line': b'-- Up-to-date: /home/yadhu/ur3e/src/install/moveit_msgs/include/moveit_msgs/moveit_msgs/msg/detail/kinematic_solver_info__rosidl_typesupport_fastrtps_c.h\n'}
[2.384320] (moveit_msgs) StdoutLine: {'line': b'-- Up-to-date: /home/yadhu/ur3e/src/install/moveit_msgs/include/moveit_msgs/moveit_msgs/msg/detail/allowed_collision_matrix__rosidl_typesupport_fastrtps_c.h\n'}
[2.384360] (moveit_msgs) StdoutLine: {'line': b'-- Up-to-date: /home/yadhu/ur3e/src/install/moveit_msgs/include/moveit_msgs/moveit_msgs/msg/detail/display_robot_state__rosidl_typesupport_fastrtps_c.h\n'}
[2.384401] (moveit_msgs) StdoutLine: {'line': b'-- Up-to-date: /home/yadhu/ur3e/src/install/moveit_msgs/include/moveit_msgs/moveit_msgs/msg/detail/place_location__rosidl_typesupport_fastrtps_c.h\n'}
[2.384457] (moveit_msgs) StdoutLine: {'line': b'-- Up-to-date: /home/yadhu/ur3e/src/install/moveit_msgs/include/moveit_msgs/moveit_msgs/msg/detail/gripper_translation__rosidl_typesupport_fastrtps_c.h\n'}
[2.384499] (moveit_msgs) StdoutLine: {'line': b'-- Up-to-date: /home/yadhu/ur3e/src/install/moveit_msgs/include/moveit_msgs/moveit_msgs/msg/detail/constraint_eval_result__rosidl_typesupport_fastrtps_c.h\n'}
[2.384541] (moveit_msgs) StdoutLine: {'line': b'-- Up-to-date: /home/yadhu/ur3e/src/install/moveit_msgs/include/moveit_msgs/moveit_msgs/msg/detail/collision_object__rosidl_typesupport_fastrtps_c.h\n'}
[2.384582] (moveit_msgs) StdoutLine: {'line': b'-- Up-to-date: /home/yadhu/ur3e/src/install/moveit_msgs/include/moveit_msgs/moveit_msgs/msg/detail/planning_scene__rosidl_typesupport_fastrtps_c.h\n'}
[2.384623] (moveit_msgs) StdoutLine: {'line': b'-- Up-to-date: /home/yadhu/ur3e/src/install/moveit_msgs/include/moveit_msgs/moveit_msgs/msg/detail/bounding_volume__rosidl_typesupport_fastrtps_c.h\n'}
[2.384662] (moveit_msgs) StdoutLine: {'line': b'-- Up-to-date: /home/yadhu/ur3e/src/install/moveit_msgs/include/moveit_msgs/moveit_msgs/msg/detail/planning_scene_world__rosidl_typesupport_fastrtps_c.h\n'}
[2.384703] (moveit_msgs) StdoutLine: {'line': b'-- Up-to-date: /home/yadhu/ur3e/src/install/moveit_msgs/include/moveit_msgs/moveit_msgs/msg/detail/contact_information__rosidl_typesupport_fastrtps_c.h\n'}
[2.384743] (moveit_msgs) StdoutLine: {'line': b'-- Up-to-date: /home/yadhu/ur3e/src/install/moveit_msgs/include/moveit_msgs/moveit_msgs/msg/detail/link_scale__rosidl_typesupport_fastrtps_c.h\n'}
[2.384817] (moveit_msgs) StdoutLine: {'line': b'-- Up-to-date: /home/yadhu/ur3e/src/install/moveit_msgs/include/moveit_msgs/moveit_msgs/msg/detail/motion_sequence_response__rosidl_typesupport_fastrtps_c.h\n'}
[2.384862] (moveit_msgs) StdoutLine: {'line': b'-- Up-to-date: /home/yadhu/ur3e/src/install/moveit_msgs/include/moveit_msgs/moveit_msgs/msg/detail/motion_plan_detailed_response__rosidl_typesupport_fastrtps_c.h\n'}
[2.384905] (moveit_msgs) StdoutLine: {'line': b'-- Up-to-date: /home/yadhu/ur3e/src/install/moveit_msgs/include/moveit_msgs/moveit_msgs/msg/detail/position_ik_request__rosidl_typesupport_fastrtps_c.h\n'}
[2.384947] (moveit_msgs) StdoutLine: {'line': b'-- Up-to-date: /home/yadhu/ur3e/src/install/moveit_msgs/include/moveit_msgs/moveit_msgs/msg/detail/grasp__rosidl_typesupport_fastrtps_c.h\n'}
[2.384992] (moveit_msgs) StdoutLine: {'line': b'-- Up-to-date: /home/yadhu/ur3e/src/install/moveit_msgs/include/moveit_msgs/moveit_msgs/msg/detail/generic_trajectory__rosidl_typesupport_fastrtps_c.h\n'}
[2.385112] (moveit_msgs) StdoutLine: {'line': b'-- Up-to-date: /home/yadhu/ur3e/src/install/moveit_msgs/include/moveit_msgs/moveit_msgs/msg/detail/cartesian_trajectory_point__rosidl_typesupport_fastrtps_c.h\n'}
[2.385160] (moveit_msgs) StdoutLine: {'line': b'-- Up-to-date: /home/yadhu/ur3e/src/install/moveit_msgs/include/moveit_msgs/moveit_msgs/msg/detail/cost_source__rosidl_typesupport_fastrtps_c.h\n'}
[2.385200] (moveit_msgs) StdoutLine: {'line': b'-- Up-to-date: /home/yadhu/ur3e/src/install/moveit_msgs/include/moveit_msgs/moveit_msgs/msg/detail/visibility_constraint__rosidl_typesupport_fastrtps_c.h\n'}
[2.385280] (moveit_msgs) StdoutLine: {'line': b'-- Up-to-date: /home/yadhu/ur3e/src/install/moveit_msgs/include/moveit_msgs/moveit_msgs/msg/detail/constraints__rosidl_typesupport_fastrtps_c.h\n'}
[2.385325] (moveit_msgs) StdoutLine: {'line': b'-- Up-to-date: /home/yadhu/ur3e/src/install/moveit_msgs/include/moveit_msgs/moveit_msgs/msg/detail/link_padding__rosidl_typesupport_fastrtps_c.h\n'}
[2.385368] (moveit_msgs) StdoutLine: {'line': b'-- Up-to-date: /home/yadhu/ur3e/src/install/moveit_msgs/include/moveit_msgs/moveit_msgs/msg/detail/position_constraint__rosidl_typesupport_fastrtps_c.h\n'}
[2.385408] (moveit_msgs) StdoutLine: {'line': b'-- Up-to-date: /home/yadhu/ur3e/src/install/moveit_msgs/include/moveit_msgs/moveit_msgs/msg/detail/display_trajectory__rosidl_typesupport_fastrtps_c.h\n'}
[2.385460] (moveit_msgs) StdoutLine: {'line': b'-- Up-to-date: /home/yadhu/ur3e/src/install/moveit_msgs/include/moveit_msgs/moveit_msgs/msg/detail/motion_sequence_item__rosidl_typesupport_fastrtps_c.h\n'}
[2.385500] (moveit_msgs) StdoutLine: {'line': b'-- Up-to-date: /home/yadhu/ur3e/src/install/moveit_msgs/include/moveit_msgs/moveit_msgs/msg/detail/robot_trajectory__rosidl_typesupport_fastrtps_c.h\n'}
[2.385540] (moveit_msgs) StdoutLine: {'line': b'-- Up-to-date: /home/yadhu/ur3e/src/install/moveit_msgs/include/moveit_msgs/moveit_msgs/msg/detail/allowed_collision_entry__rosidl_typesupport_fastrtps_c.h\n'}
[2.385579] (moveit_msgs) StdoutLine: {'line': b'-- Up-to-date: /home/yadhu/ur3e/src/install/moveit_msgs/include/moveit_msgs/moveit_msgs/msg/detail/joint_limits__rosidl_typesupport_fastrtps_c.h\n'}
[2.385648] (moveit_msgs) StdoutLine: {'line': b'-- Up-to-date: /home/yadhu/ur3e/src/install/moveit_msgs/include/moveit_msgs/moveit_msgs/msg/detail/trajectory_constraints__rosidl_typesupport_fastrtps_c.h\n'}
[2.385692] (moveit_msgs) StdoutLine: {'line': b'-- Up-to-date: /home/yadhu/ur3e/src/install/moveit_msgs/include/moveit_msgs/moveit_msgs/msg/detail/motion_plan_request__rosidl_typesupport_fastrtps_c.h\n'}
[2.385734] (moveit_msgs) StdoutLine: {'line': b'-- Up-to-date: /home/yadhu/ur3e/src/install/moveit_msgs/include/moveit_msgs/moveit_msgs/msg/detail/motion_plan_response__rosidl_typesupport_fastrtps_c.h\n'}
[2.385774] (moveit_msgs) StdoutLine: {'line': b'-- Up-to-date: /home/yadhu/ur3e/src/install/moveit_msgs/include/moveit_msgs/moveit_msgs/msg/detail/workspace_parameters__rosidl_typesupport_fastrtps_c.h\n'}
[2.385814] (moveit_msgs) StdoutLine: {'line': b'-- Up-to-date: /home/yadhu/ur3e/src/install/moveit_msgs/include/moveit_msgs/moveit_msgs/msg/detail/joint_constraint__rosidl_typesupport_fastrtps_c.h\n'}
[2.385855] (moveit_msgs) StdoutLine: {'line': b'-- Up-to-date: /home/yadhu/ur3e/src/install/moveit_msgs/include/moveit_msgs/moveit_msgs/msg/detail/orientation_constraint__rosidl_typesupport_fastrtps_c.h\n'}
[2.385896] (moveit_msgs) StdoutLine: {'line': b'-- Up-to-date: /home/yadhu/ur3e/src/install/moveit_msgs/include/moveit_msgs/moveit_msgs/msg/detail/planning_options__rosidl_typesupport_fastrtps_c.h\n'}
[2.385936] (moveit_msgs) StdoutLine: {'line': b'-- Up-to-date: /home/yadhu/ur3e/src/install/moveit_msgs/include/moveit_msgs/moveit_msgs/msg/detail/planner_params__rosidl_typesupport_fastrtps_c.h\n'}
[2.385976] (moveit_msgs) StdoutLine: {'line': b'-- Up-to-date: /home/yadhu/ur3e/src/install/moveit_msgs/include/moveit_msgs/moveit_msgs/msg/detail/move_it_error_codes__rosidl_typesupport_fastrtps_c.h\n'}
[2.386128] (moveit_msgs) StdoutLine: {'line': b'-- Up-to-date: /home/yadhu/ur3e/src/install/moveit_msgs/include/moveit_msgs/moveit_msgs/msg/detail/attached_collision_object__rosidl_typesupport_fastrtps_c.h\n'}
[2.386197] (moveit_msgs) StdoutLine: {'line': b'-- Up-to-date: /home/yadhu/ur3e/src/install/moveit_msgs/include/moveit_msgs/moveit_msgs/msg/detail/cartesian_trajectory__rosidl_typesupport_fastrtps_c.h\n'}
[2.386243] (moveit_msgs) StdoutLine: {'line': b'-- Up-to-date: /home/yadhu/ur3e/src/install/moveit_msgs/include/moveit_msgs/moveit_msgs/msg/detail/cartesian_point__rosidl_typesupport_fastrtps_c.h\n'}
[2.386285] (moveit_msgs) StdoutLine: {'line': b'-- Up-to-date: /home/yadhu/ur3e/src/install/moveit_msgs/include/moveit_msgs/moveit_msgs/msg/detail/object_color__rosidl_typesupport_fastrtps_c.h\n'}
[2.386327] (moveit_msgs) StdoutLine: {'line': b'-- Up-to-date: /home/yadhu/ur3e/src/install/moveit_msgs/include/moveit_msgs/moveit_msgs/msg/detail/oriented_bounding_box__rosidl_typesupport_fastrtps_c.h\n'}
[2.386366] (moveit_msgs) StdoutLine: {'line': b'-- Up-to-date: /home/yadhu/ur3e/src/install/moveit_msgs/include/moveit_msgs/moveit_msgs/srv\n'}
[2.386419] (moveit_msgs) StdoutLine: {'line': b'-- Up-to-date: /home/yadhu/ur3e/src/install/moveit_msgs/include/moveit_msgs/moveit_msgs/srv/detail\n'}
[2.386494] (moveit_msgs) StdoutLine: {'line': b'-- Up-to-date: /home/yadhu/ur3e/src/install/moveit_msgs/include/moveit_msgs/moveit_msgs/srv/detail/get_motion_sequence__rosidl_typesupport_fastrtps_c.h\n'}
[2.386564] (moveit_msgs) StdoutLine: {'line': b'-- Up-to-date: /home/yadhu/ur3e/src/install/moveit_msgs/include/moveit_msgs/moveit_msgs/srv/detail/get_state_validity__rosidl_typesupport_fastrtps_c.h\n'}
[2.386607] (moveit_msgs) StdoutLine: {'line': b'-- Up-to-date: /home/yadhu/ur3e/src/install/moveit_msgs/include/moveit_msgs/moveit_msgs/srv/detail/get_planning_scene__rosidl_typesupport_fastrtps_c.h\n'}
[2.386648] (moveit_msgs) StdoutLine: {'line': b'-- Up-to-date: /home/yadhu/ur3e/src/install/moveit_msgs/include/moveit_msgs/moveit_msgs/srv/detail/load_map__rosidl_typesupport_fastrtps_c.h\n'}
[2.386743] (moveit_msgs) StdoutLine: {'line': b'-- Up-to-date: /home/yadhu/ur3e/src/install/moveit_msgs/include/moveit_msgs/moveit_msgs/srv/detail/get_motion_plan__rosidl_typesupport_fastrtps_c.h\n'}
[2.386790] (moveit_msgs) StdoutLine: {'line': b'-- Up-to-date: /home/yadhu/ur3e/src/install/moveit_msgs/include/moveit_msgs/moveit_msgs/srv/detail/save_robot_state_to_warehouse__rosidl_typesupport_fastrtps_c.h\n'}
[2.386833] (moveit_msgs) StdoutLine: {'line': b'-- Up-to-date: /home/yadhu/ur3e/src/install/moveit_msgs/include/moveit_msgs/moveit_msgs/srv/detail/list_robot_states_in_warehouse__rosidl_typesupport_fastrtps_c.h\n'}
[2.386874] (moveit_msgs) StdoutLine: {'line': b'-- Up-to-date: /home/yadhu/ur3e/src/install/moveit_msgs/include/moveit_msgs/moveit_msgs/srv/detail/get_robot_state_from_warehouse__rosidl_typesupport_fastrtps_c.h\n'}
[2.386915] (moveit_msgs) StdoutLine: {'line': b'-- Up-to-date: /home/yadhu/ur3e/src/install/moveit_msgs/include/moveit_msgs/moveit_msgs/srv/detail/save_map__rosidl_typesupport_fastrtps_c.h\n'}
[2.386955] (moveit_msgs) StdoutLine: {'line': b'-- Up-to-date: /home/yadhu/ur3e/src/install/moveit_msgs/include/moveit_msgs/moveit_msgs/srv/detail/grasp_planning__rosidl_typesupport_fastrtps_c.h\n'}
[2.387011] (moveit_msgs) StdoutLine: {'line': b'-- Up-to-date: /home/yadhu/ur3e/src/install/moveit_msgs/include/moveit_msgs/moveit_msgs/srv/detail/query_planner_interfaces__rosidl_typesupport_fastrtps_c.h\n'}
[2.387086] (moveit_msgs) StdoutLine: {'line': b'-- Up-to-date: /home/yadhu/ur3e/src/install/moveit_msgs/include/moveit_msgs/moveit_msgs/srv/detail/get_position_fk__rosidl_typesupport_fastrtps_c.h\n'}
[2.387121] (moveit_msgs) StdoutLine: {'line': b'-- Up-to-date: /home/yadhu/ur3e/src/install/moveit_msgs/include/moveit_msgs/moveit_msgs/srv/detail/rename_robot_state_in_warehouse__rosidl_typesupport_fastrtps_c.h\n'}
[2.387153] (moveit_msgs) StdoutLine: {'line': b'-- Up-to-date: /home/yadhu/ur3e/src/install/moveit_msgs/include/moveit_msgs/moveit_msgs/srv/detail/check_if_robot_state_exists_in_warehouse__rosidl_typesupport_fastrtps_c.h\n'}
[2.387196] (moveit_msgs) StdoutLine: {'line': b'-- Up-to-date: /home/yadhu/ur3e/src/install/moveit_msgs/include/moveit_msgs/moveit_msgs/srv/detail/delete_robot_state_from_warehouse__rosidl_typesupport_fastrtps_c.h\n'}
[2.387237] (moveit_msgs) StdoutLine: {'line': b'-- Up-to-date: /home/yadhu/ur3e/src/install/moveit_msgs/include/moveit_msgs/moveit_msgs/srv/detail/get_cartesian_path__rosidl_typesupport_fastrtps_c.h\n'}
[2.387287] (moveit_msgs) StdoutLine: {'line': b'-- Up-to-date: /home/yadhu/ur3e/src/install/moveit_msgs/include/moveit_msgs/moveit_msgs/srv/detail/get_planner_params__rosidl_typesupport_fastrtps_c.h\n'}
[2.387319] (moveit_msgs) StdoutLine: {'line': b'-- Up-to-date: /home/yadhu/ur3e/src/install/moveit_msgs/include/moveit_msgs/moveit_msgs/srv/detail/apply_planning_scene__rosidl_typesupport_fastrtps_c.h\n'}
[2.387348] (moveit_msgs) StdoutLine: {'line': b'-- Up-to-date: /home/yadhu/ur3e/src/install/moveit_msgs/include/moveit_msgs/moveit_msgs/srv/detail/get_position_ik__rosidl_typesupport_fastrtps_c.h\n'}
[2.387377] (moveit_msgs) StdoutLine: {'line': b'-- Up-to-date: /home/yadhu/ur3e/src/install/moveit_msgs/include/moveit_msgs/moveit_msgs/srv/detail/change_control_dimensions__rosidl_typesupport_fastrtps_c.h\n'}
[2.387411] (moveit_msgs) StdoutLine: {'line': b'-- Up-to-date: /home/yadhu/ur3e/src/install/moveit_msgs/include/moveit_msgs/moveit_msgs/srv/detail/update_pointcloud_octomap__rosidl_typesupport_fastrtps_c.h\n'}
[2.387455] (moveit_msgs) StdoutLine: {'line': b'-- Up-to-date: /home/yadhu/ur3e/src/install/moveit_msgs/include/moveit_msgs/moveit_msgs/srv/detail/set_planner_params__rosidl_typesupport_fastrtps_c.h\n'}
[2.387486] (moveit_msgs) StdoutLine: {'line': b'-- Up-to-date: /home/yadhu/ur3e/src/install/moveit_msgs/include/moveit_msgs/moveit_msgs/srv/detail/change_drift_dimensions__rosidl_typesupport_fastrtps_c.h\n'}
[2.387515] (moveit_msgs) StdoutLine: {'line': b'-- Up-to-date: /home/yadhu/ur3e/src/install/moveit_msgs/lib/libmoveit_msgs__rosidl_typesupport_fastrtps_c.so\n'}
[2.387555] (moveit_msgs) StdoutLine: {'line': b'-- Up-to-date: /home/yadhu/ur3e/src/install/moveit_msgs/include/moveit_msgs/moveit_msgs\n'}
[2.387611] (moveit_msgs) StdoutLine: {'line': b'-- Up-to-date: /home/yadhu/ur3e/src/install/moveit_msgs/include/moveit_msgs/moveit_msgs/action\n'}
[2.387646] (moveit_msgs) StdoutLine: {'line': b'-- Up-to-date: /home/yadhu/ur3e/src/install/moveit_msgs/include/moveit_msgs/moveit_msgs/action/detail\n'}
[2.387677] (moveit_msgs) StdoutLine: {'line': b'-- Up-to-date: /home/yadhu/ur3e/src/install/moveit_msgs/include/moveit_msgs/moveit_msgs/action/detail/hybrid_planner__rosidl_typesupport_introspection_c.h\n'}
[2.387707] (moveit_msgs) StdoutLine: {'line': b'-- Up-to-date: /home/yadhu/ur3e/src/install/moveit_msgs/include/moveit_msgs/moveit_msgs/action/detail/pickup__rosidl_typesupport_introspection_c.h\n'}
[2.387747] (moveit_msgs) StdoutLine: {'line': b'-- Up-to-date: /home/yadhu/ur3e/src/install/moveit_msgs/include/moveit_msgs/moveit_msgs/action/detail/local_planner__rosidl_typesupport_introspection_c.h\n'}
[2.387786] (moveit_msgs) StdoutLine: {'line': b'-- Up-to-date: /home/yadhu/ur3e/src/install/moveit_msgs/include/moveit_msgs/moveit_msgs/action/detail/place__rosidl_typesupport_introspection_c.h\n'}
[2.387826] (moveit_msgs) StdoutLine: {'line': b'-- Up-to-date: /home/yadhu/ur3e/src/install/moveit_msgs/include/moveit_msgs/moveit_msgs/action/detail/execute_trajectory__rosidl_typesupport_introspection_c.h\n'}
[2.387879] (moveit_msgs) StdoutLine: {'line': b'-- Up-to-date: /home/yadhu/ur3e/src/install/moveit_msgs/include/moveit_msgs/moveit_msgs/action/detail/place__type_support.c\n'}
[2.387913] (moveit_msgs) StdoutLine: {'line': b'-- Up-to-date: /home/yadhu/ur3e/src/install/moveit_msgs/include/moveit_msgs/moveit_msgs/action/detail/global_planner__rosidl_typesupport_introspection_c.h\n'}
[2.387953] (moveit_msgs) StdoutLine: {'line': b'-- Up-to-date: /home/yadhu/ur3e/src/install/moveit_msgs/include/moveit_msgs/moveit_msgs/action/detail/local_planner__type_support.c\n'}
[2.388011] (moveit_msgs) StdoutLine: {'line': b'-- Up-to-date: /home/yadhu/ur3e/src/install/moveit_msgs/include/moveit_msgs/moveit_msgs/action/detail/hybrid_planner__type_support.c\n'}
[2.388058] (moveit_msgs) StdoutLine: {'line': b'-- Up-to-date: /home/yadhu/ur3e/src/install/moveit_msgs/include/moveit_msgs/moveit_msgs/action/detail/move_group_sequence__rosidl_typesupport_introspection_c.h\n'}
[2.388090] (moveit_msgs) StdoutLine: {'line': b'-- Up-to-date: /home/yadhu/ur3e/src/install/moveit_msgs/include/moveit_msgs/moveit_msgs/action/detail/pickup__type_support.c\n'}
[2.388120] (moveit_msgs) StdoutLine: {'line': b'-- Up-to-date: /home/yadhu/ur3e/src/install/moveit_msgs/include/moveit_msgs/moveit_msgs/action/detail/move_group__rosidl_typesupport_introspection_c.h\n'}
[2.388151] (moveit_msgs) StdoutLine: {'line': b'-- Up-to-date: /home/yadhu/ur3e/src/install/moveit_msgs/include/moveit_msgs/moveit_msgs/action/detail/move_group_sequence__type_support.c\n'}
[2.388180] (moveit_msgs) StdoutLine: {'line': b'-- Up-to-date: /home/yadhu/ur3e/src/install/moveit_msgs/include/moveit_msgs/moveit_msgs/action/detail/move_group__type_support.c\n'}
[2.388218] (moveit_msgs) StdoutLine: {'line': b'-- Up-to-date: /home/yadhu/ur3e/src/install/moveit_msgs/include/moveit_msgs/moveit_msgs/action/detail/global_planner__type_support.c\n'}
[2.388291] (moveit_msgs) StdoutLine: {'line': b'-- Up-to-date: /home/yadhu/ur3e/src/install/moveit_msgs/include/moveit_msgs/moveit_msgs/action/detail/execute_trajectory__type_support.c\n'}
[2.388334] (moveit_msgs) StdoutLine: {'line': b'-- Up-to-date: /home/yadhu/ur3e/src/install/moveit_msgs/include/moveit_msgs/moveit_msgs/msg\n'}
[2.388374] (moveit_msgs) StdoutLine: {'line': b'-- Up-to-date: /home/yadhu/ur3e/src/install/moveit_msgs/include/moveit_msgs/moveit_msgs/msg/detail\n'}
[2.388414] (moveit_msgs) StdoutLine: {'line': b'-- Up-to-date: /home/yadhu/ur3e/src/install/moveit_msgs/include/moveit_msgs/moveit_msgs/msg/detail/workspace_parameters__type_support.c\n'}
[2.388453] (moveit_msgs) StdoutLine: {'line': b'-- Up-to-date: /home/yadhu/ur3e/src/install/moveit_msgs/include/moveit_msgs/moveit_msgs/msg/detail/motion_plan_detailed_response__type_support.c\n'}
[2.388493] (moveit_msgs) StdoutLine: {'line': b'-- Up-to-date: /home/yadhu/ur3e/src/install/moveit_msgs/include/moveit_msgs/moveit_msgs/msg/detail/motion_plan_request__type_support.c\n'}
[2.388532] (moveit_msgs) StdoutLine: {'line': b'-- Up-to-date: /home/yadhu/ur3e/src/install/moveit_msgs/include/moveit_msgs/moveit_msgs/msg/detail/position_ik_request__type_support.c\n'}
[2.388571] (moveit_msgs) StdoutLine: {'line': b'-- Up-to-date: /home/yadhu/ur3e/src/install/moveit_msgs/include/moveit_msgs/moveit_msgs/msg/detail/motion_plan_response__type_support.c\n'}
[2.388610] (moveit_msgs) StdoutLine: {'line': b'-- Up-to-date: /home/yadhu/ur3e/src/install/moveit_msgs/include/moveit_msgs/moveit_msgs/msg/detail/cartesian_trajectory__rosidl_typesupport_introspection_c.h\n'}
[2.388649] (moveit_msgs) StdoutLine: {'line': b'-- Up-to-date: /home/yadhu/ur3e/src/install/moveit_msgs/include/moveit_msgs/moveit_msgs/msg/detail/contact_information__rosidl_typesupport_introspection_c.h\n'}
[2.388688] (moveit_msgs) StdoutLine: {'line': b'-- Up-to-date: /home/yadhu/ur3e/src/install/moveit_msgs/include/moveit_msgs/moveit_msgs/msg/detail/trajectory_constraints__type_support.c\n'}
[2.388739] (moveit_msgs) StdoutLine: {'line': b'-- Up-to-date: /home/yadhu/ur3e/src/install/moveit_msgs/include/moveit_msgs/moveit_msgs/msg/detail/robot_trajectory__rosidl_typesupport_introspection_c.h\n'}
[2.388781] (moveit_msgs) StdoutLine: {'line': b'-- Up-to-date: /home/yadhu/ur3e/src/install/moveit_msgs/include/moveit_msgs/moveit_msgs/msg/detail/oriented_bounding_box__type_support.c\n'}
[2.388820] (moveit_msgs) StdoutLine: {'line': b'-- Up-to-date: /home/yadhu/ur3e/src/install/moveit_msgs/include/moveit_msgs/moveit_msgs/msg/detail/planning_options__rosidl_typesupport_introspection_c.h\n'}
[2.388860] (moveit_msgs) StdoutLine: {'line': b'-- Up-to-date: /home/yadhu/ur3e/src/install/moveit_msgs/include/moveit_msgs/moveit_msgs/msg/detail/visibility_constraint__rosidl_typesupport_introspection_c.h\n'}
[2.388899] (moveit_msgs) StdoutLine: {'line': b'-- Up-to-date: /home/yadhu/ur3e/src/install/moveit_msgs/include/moveit_msgs/moveit_msgs/msg/detail/planning_scene__rosidl_typesupport_introspection_c.h\n'}
[2.388937] (moveit_msgs) StdoutLine: {'line': b'-- Up-to-date: /home/yadhu/ur3e/src/install/moveit_msgs/include/moveit_msgs/moveit_msgs/msg/detail/oriented_bounding_box__rosidl_typesupport_introspection_c.h\n'}
[2.388975] (moveit_msgs) StdoutLine: {'line': b'-- Up-to-date: /home/yadhu/ur3e/src/install/moveit_msgs/include/moveit_msgs/moveit_msgs/msg/detail/planning_scene_components__type_support.c\n'}
[2.389161] (moveit_msgs) StdoutLine: {'line': b'-- Up-to-date: /home/yadhu/ur3e/src/install/moveit_msgs/include/moveit_msgs/moveit_msgs/msg/detail/grasp__rosidl_typesupport_introspection_c.h\n'}
[2.389223] (moveit_msgs) StdoutLine: {'line': b'-- Up-to-date: /home/yadhu/ur3e/src/install/moveit_msgs/include/moveit_msgs/moveit_msgs/msg/detail/grasp__type_support.c\n'}
[2.389306] (moveit_msgs) StdoutLine: {'line': b'-- Up-to-date: /home/yadhu/ur3e/src/install/moveit_msgs/include/moveit_msgs/moveit_msgs/msg/detail/planning_options__type_support.c\n'}
[2.389352] (moveit_msgs) StdoutLine: {'line': b'-- Up-to-date: /home/yadhu/ur3e/src/install/moveit_msgs/include/moveit_msgs/moveit_msgs/msg/detail/motion_plan_detailed_response__rosidl_typesupport_introspection_c.h\n'}
[2.389405] (moveit_msgs) StdoutLine: {'line': b'-- Up-to-date: /home/yadhu/ur3e/src/install/moveit_msgs/include/moveit_msgs/moveit_msgs/msg/detail/link_padding__type_support.c\n'}
[2.389449] (moveit_msgs) StdoutLine: {'line': b'-- Up-to-date: /home/yadhu/ur3e/src/install/moveit_msgs/include/moveit_msgs/moveit_msgs/msg/detail/robot_state__type_support.c\n'}
[2.389492] (moveit_msgs) StdoutLine: {'line': b'-- Up-to-date: /home/yadhu/ur3e/src/install/moveit_msgs/include/moveit_msgs/moveit_msgs/msg/detail/cartesian_point__type_support.c\n'}
[2.389533] (moveit_msgs) StdoutLine: {'line': b'-- Up-to-date: /home/yadhu/ur3e/src/install/moveit_msgs/include/moveit_msgs/moveit_msgs/msg/detail/place_location__rosidl_typesupport_introspection_c.h\n'}
[2.389575] (moveit_msgs) StdoutLine: {'line': b'-- Up-to-date: /home/yadhu/ur3e/src/install/moveit_msgs/include/moveit_msgs/moveit_msgs/msg/detail/object_color__type_support.c\n'}
[2.389617] (moveit_msgs) StdoutLine: {'line': b'-- Up-to-date: /home/yadhu/ur3e/src/install/moveit_msgs/include/moveit_msgs/moveit_msgs/msg/detail/planner_params__type_support.c\n'}
[2.389658] (moveit_msgs) StdoutLine: {'line': b'-- Up-to-date: /home/yadhu/ur3e/src/install/moveit_msgs/include/moveit_msgs/moveit_msgs/msg/detail/allowed_collision_entry__rosidl_typesupport_introspection_c.h\n'}
[2.389700] (moveit_msgs) StdoutLine: {'line': b'-- Up-to-date: /home/yadhu/ur3e/src/install/moveit_msgs/include/moveit_msgs/moveit_msgs/msg/detail/gripper_translation__rosidl_typesupport_introspection_c.h\n'}
[2.389740] (moveit_msgs) StdoutLine: {'line': b'-- Up-to-date: /home/yadhu/ur3e/src/install/moveit_msgs/include/moveit_msgs/moveit_msgs/msg/detail/allowed_collision_entry__type_support.c\n'}
[2.389780] (moveit_msgs) StdoutLine: {'line': b'-- Up-to-date: /home/yadhu/ur3e/src/install/moveit_msgs/include/moveit_msgs/moveit_msgs/msg/detail/planning_scene_world__rosidl_typesupport_introspection_c.h\n'}
[2.389820] (moveit_msgs) StdoutLine: {'line': b'-- Up-to-date: /home/yadhu/ur3e/src/install/moveit_msgs/include/moveit_msgs/moveit_msgs/msg/detail/move_it_error_codes__type_support.c\n'}
[2.389861] (moveit_msgs) StdoutLine: {'line': b'-- Up-to-date: /home/yadhu/ur3e/src/install/moveit_msgs/include/moveit_msgs/moveit_msgs/msg/detail/bounding_volume__rosidl_typesupport_introspection_c.h\n'}
[2.389903] (moveit_msgs) StdoutLine: {'line': b'-- Up-to-date: /home/yadhu/ur3e/src/install/moveit_msgs/include/moveit_msgs/moveit_msgs/msg/detail/link_scale__type_support.c\n'}
[2.389944] (moveit_msgs) StdoutLine: {'line': b'-- Up-to-date: /home/yadhu/ur3e/src/install/moveit_msgs/include/moveit_msgs/moveit_msgs/msg/detail/constraints__rosidl_typesupport_introspection_c.h\n'}
[2.390091] (moveit_msgs) StdoutLine: {'line': b'-- Up-to-date: /home/yadhu/ur3e/src/install/moveit_msgs/include/moveit_msgs/moveit_msgs/msg/detail/move_it_error_codes__rosidl_typesupport_introspection_c.h\n'}
[2.390228] (moveit_msgs) StdoutLine: {'line': b'-- Up-to-date: /home/yadhu/ur3e/src/install/moveit_msgs/include/moveit_msgs/moveit_msgs/msg/detail/cost_source__rosidl_typesupport_introspection_c.h\n'}
[2.390308] (moveit_msgs) StdoutLine: {'line': b'-- Up-to-date: /home/yadhu/ur3e/src/install/moveit_msgs/include/moveit_msgs/moveit_msgs/msg/detail/display_robot_state__rosidl_typesupport_introspection_c.h\n'}
[2.390344] (moveit_msgs) StdoutLine: {'line': b'-- Up-to-date: /home/yadhu/ur3e/src/install/moveit_msgs/include/moveit_msgs/moveit_msgs/msg/detail/gripper_translation__type_support.c\n'}
[2.390380] (moveit_msgs) StdoutLine: {'line': b'-- Up-to-date: /home/yadhu/ur3e/src/install/moveit_msgs/include/moveit_msgs/moveit_msgs/msg/detail/motion_sequence_request__type_support.c\n'}
[2.390414] (moveit_msgs) StdoutLine: {'line': b'-- Up-to-date: /home/yadhu/ur3e/src/install/moveit_msgs/include/moveit_msgs/moveit_msgs/msg/detail/planner_interface_description__type_support.c\n'}
[2.390447] (moveit_msgs) StdoutLine: {'line': b'-- Up-to-date: /home/yadhu/ur3e/src/install/moveit_msgs/include/moveit_msgs/moveit_msgs/msg/detail/orientation_constraint__rosidl_typesupport_introspection_c.h\n'}
[2.390482] (moveit_msgs) StdoutLine: {'line': b'-- Up-to-date: /home/yadhu/ur3e/src/install/moveit_msgs/include/moveit_msgs/moveit_msgs/msg/detail/motion_sequence_item__type_support.c\n'}
[2.390515] (moveit_msgs) StdoutLine: {'line': b'-- Up-to-date: /home/yadhu/ur3e/src/install/moveit_msgs/include/moveit_msgs/moveit_msgs/msg/detail/constraints__type_support.c\n'}
[2.390547] (moveit_msgs) StdoutLine: {'line': b'-- Up-to-date: /home/yadhu/ur3e/src/install/moveit_msgs/include/moveit_msgs/moveit_msgs/msg/detail/cartesian_trajectory__type_support.c\n'}
[2.390579] (moveit_msgs) StdoutLine: {'line': b'-- Up-to-date: /home/yadhu/ur3e/src/install/moveit_msgs/include/moveit_msgs/moveit_msgs/msg/detail/position_constraint__rosidl_typesupport_introspection_c.h\n'}
[2.390611] (moveit_msgs) StdoutLine: {'line': b'-- Up-to-date: /home/yadhu/ur3e/src/install/moveit_msgs/include/moveit_msgs/moveit_msgs/msg/detail/link_scale__rosidl_typesupport_introspection_c.h\n'}
[2.390646] (moveit_msgs) StdoutLine: {'line': b'-- Up-to-date: /home/yadhu/ur3e/src/install/moveit_msgs/include/moveit_msgs/moveit_msgs/msg/detail/robot_state__rosidl_typesupport_introspection_c.h\n'}
[2.390677] (moveit_msgs) StdoutLine: {'line': b'-- Up-to-date: /home/yadhu/ur3e/src/install/moveit_msgs/include/moveit_msgs/moveit_msgs/msg/detail/trajectory_constraints__rosidl_typesupport_introspection_c.h\n'}
[2.390708] (moveit_msgs) StdoutLine: {'line': b'-- Up-to-date: /home/yadhu/ur3e/src/install/moveit_msgs/include/moveit_msgs/moveit_msgs/msg/detail/orientation_constraint__type_support.c\n'}
[2.390740] (moveit_msgs) StdoutLine: {'line': b'-- Up-to-date: /home/yadhu/ur3e/src/install/moveit_msgs/include/moveit_msgs/moveit_msgs/msg/detail/cartesian_trajectory_point__type_support.c\n'}
[2.390773] (moveit_msgs) StdoutLine: {'line': b'-- Up-to-date: /home/yadhu/ur3e/src/install/moveit_msgs/include/moveit_msgs/moveit_msgs/msg/detail/robot_trajectory__type_support.c\n'}
[2.390805] (moveit_msgs) StdoutLine: {'line': b'-- Up-to-date: /home/yadhu/ur3e/src/install/moveit_msgs/include/moveit_msgs/moveit_msgs/msg/detail/allowed_collision_matrix__rosidl_typesupport_introspection_c.h\n'}
[2.390836] (moveit_msgs) StdoutLine: {'line': b'-- Up-to-date: /home/yadhu/ur3e/src/install/moveit_msgs/include/moveit_msgs/moveit_msgs/msg/detail/constraint_eval_result__rosidl_typesupport_introspection_c.h\n'}
[2.390868] (moveit_msgs) StdoutLine: {'line': b'-- Up-to-date: /home/yadhu/ur3e/src/install/moveit_msgs/include/moveit_msgs/moveit_msgs/msg/detail/joint_limits__type_support.c\n'}
[2.390898] (moveit_msgs) StdoutLine: {'line': b'-- Up-to-date: /home/yadhu/ur3e/src/install/moveit_msgs/include/moveit_msgs/moveit_msgs/msg/detail/position_ik_request__rosidl_typesupport_introspection_c.h\n'}
[2.390929] (moveit_msgs) StdoutLine: {'line': b'-- Up-to-date: /home/yadhu/ur3e/src/install/moveit_msgs/include/moveit_msgs/moveit_msgs/msg/detail/cartesian_point__rosidl_typesupport_introspection_c.h\n'}
[2.390960] (moveit_msgs) StdoutLine: {'line': b'-- Up-to-date: /home/yadhu/ur3e/src/install/moveit_msgs/include/moveit_msgs/moveit_msgs/msg/detail/motion_sequence_response__type_support.c\n'}
[2.390998] (moveit_msgs) StdoutLine: {'line': b'-- Up-to-date: /home/yadhu/ur3e/src/install/moveit_msgs/include/moveit_msgs/moveit_msgs/msg/detail/display_robot_state__type_support.c\n'}
[2.391033] (moveit_msgs) StdoutLine: {'line': b'-- Up-to-date: /home/yadhu/ur3e/src/install/moveit_msgs/include/moveit_msgs/moveit_msgs/msg/detail/planning_scene_components__rosidl_typesupport_introspection_c.h\n'}
[2.391067] (moveit_msgs) StdoutLine: {'line': b'-- Up-to-date: /home/yadhu/ur3e/src/install/moveit_msgs/include/moveit_msgs/moveit_msgs/msg/detail/bounding_volume__type_support.c\n'}
[2.391099] (moveit_msgs) StdoutLine: {'line': b'-- Up-to-date: /home/yadhu/ur3e/src/install/moveit_msgs/include/moveit_msgs/moveit_msgs/msg/detail/planner_interface_description__rosidl_typesupport_introspection_c.h\n'}
[2.391134] (moveit_msgs) StdoutLine: {'line': b'-- Up-to-date: /home/yadhu/ur3e/src/install/moveit_msgs/include/moveit_msgs/moveit_msgs/msg/detail/motion_sequence_request__rosidl_typesupport_introspection_c.h\n'}
[2.391168] (moveit_msgs) StdoutLine: {'line': b'-- Up-to-date: /home/yadhu/ur3e/src/install/moveit_msgs/include/moveit_msgs/moveit_msgs/msg/detail/display_trajectory__rosidl_typesupport_introspection_c.h\n'}
[2.391200] (moveit_msgs) StdoutLine: {'line': b'-- Up-to-date: /home/yadhu/ur3e/src/install/moveit_msgs/include/moveit_msgs/moveit_msgs/msg/detail/display_trajectory__type_support.c\n'}
[2.391231] (moveit_msgs) StdoutLine: {'line': b'-- Up-to-date: /home/yadhu/ur3e/src/install/moveit_msgs/include/moveit_msgs/moveit_msgs/msg/detail/link_padding__rosidl_typesupport_introspection_c.h\n'}
[2.391261] (moveit_msgs) StdoutLine: {'line': b'-- Up-to-date: /home/yadhu/ur3e/src/install/moveit_msgs/include/moveit_msgs/moveit_msgs/msg/detail/motion_plan_response__rosidl_typesupport_introspection_c.h\n'}
[2.391294] (moveit_msgs) StdoutLine: {'line': b'-- Up-to-date: /home/yadhu/ur3e/src/install/moveit_msgs/include/moveit_msgs/moveit_msgs/msg/detail/motion_sequence_item__rosidl_typesupport_introspection_c.h\n'}
[2.391325] (moveit_msgs) StdoutLine: {'line': b'-- Up-to-date: /home/yadhu/ur3e/src/install/moveit_msgs/include/moveit_msgs/moveit_msgs/msg/detail/planning_scene_world__type_support.c\n'}
[2.391356] (moveit_msgs) StdoutLine: {'line': b'-- Up-to-date: /home/yadhu/ur3e/src/install/moveit_msgs/include/moveit_msgs/moveit_msgs/msg/detail/contact_information__type_support.c\n'}
[2.391388] (moveit_msgs) StdoutLine: {'line': b'-- Up-to-date: /home/yadhu/ur3e/src/install/moveit_msgs/include/moveit_msgs/moveit_msgs/msg/detail/object_color__rosidl_typesupport_introspection_c.h\n'}
[2.391420] (moveit_msgs) StdoutLine: {'line': b'-- Up-to-date: /home/yadhu/ur3e/src/install/moveit_msgs/include/moveit_msgs/moveit_msgs/msg/detail/collision_object__rosidl_typesupport_introspection_c.h\n'}
[2.391451] (moveit_msgs) StdoutLine: {'line': b'-- Up-to-date: /home/yadhu/ur3e/src/install/moveit_msgs/include/moveit_msgs/moveit_msgs/msg/detail/visibility_constraint__type_support.c\n'}
[2.391482] (moveit_msgs) StdoutLine: {'line': b'-- Up-to-date: /home/yadhu/ur3e/src/install/moveit_msgs/include/moveit_msgs/moveit_msgs/msg/detail/attached_collision_object__rosidl_typesupport_introspection_c.h\n'}
[2.391513] (moveit_msgs) StdoutLine: {'line': b'-- Up-to-date: /home/yadhu/ur3e/src/install/moveit_msgs/include/moveit_msgs/moveit_msgs/msg/detail/workspace_parameters__rosidl_typesupport_introspection_c.h\n'}
[2.391548] (moveit_msgs) StdoutLine: {'line': b'-- Up-to-date: /home/yadhu/ur3e/src/install/moveit_msgs/include/moveit_msgs/moveit_msgs/msg/detail/cost_source__type_support.c\n'}
[2.391579] (moveit_msgs) StdoutLine: {'line': b'-- Up-to-date: /home/yadhu/ur3e/src/install/moveit_msgs/include/moveit_msgs/moveit_msgs/msg/detail/motion_plan_request__rosidl_typesupport_introspection_c.h\n'}
[2.391612] (moveit_msgs) StdoutLine: {'line': b'-- Up-to-date: /home/yadhu/ur3e/src/install/moveit_msgs/include/moveit_msgs/moveit_msgs/msg/detail/generic_trajectory__rosidl_typesupport_introspection_c.h\n'}
[2.391643] (moveit_msgs) StdoutLine: {'line': b'-- Up-to-date: /home/yadhu/ur3e/src/install/moveit_msgs/include/moveit_msgs/moveit_msgs/msg/detail/motion_sequence_response__rosidl_typesupport_introspection_c.h\n'}
[2.391675] (moveit_msgs) StdoutLine: {'line': b'-- Up-to-date: /home/yadhu/ur3e/src/install/moveit_msgs/include/moveit_msgs/moveit_msgs/msg/detail/joint_constraint__rosidl_typesupport_introspection_c.h\n'}
[2.391707] (moveit_msgs) StdoutLine: {'line': b'-- Up-to-date: /home/yadhu/ur3e/src/install/moveit_msgs/include/moveit_msgs/moveit_msgs/msg/detail/kinematic_solver_info__rosidl_typesupport_introspection_c.h\n'}
[2.391740] (moveit_msgs) StdoutLine: {'line': b'-- Up-to-date: /home/yadhu/ur3e/src/install/moveit_msgs/include/moveit_msgs/moveit_msgs/msg/detail/kinematic_solver_info__type_support.c\n'}
[2.391774] (moveit_msgs) StdoutLine: {'line': b'-- Up-to-date: /home/yadhu/ur3e/src/install/moveit_msgs/include/moveit_msgs/moveit_msgs/msg/detail/position_constraint__type_support.c\n'}
[2.391808] (moveit_msgs) StdoutLine: {'line': b'-- Up-to-date: /home/yadhu/ur3e/src/install/moveit_msgs/include/moveit_msgs/moveit_msgs/msg/detail/generic_trajectory__type_support.c\n'}
[2.391841] (moveit_msgs) StdoutLine: {'line': b'-- Up-to-date: /home/yadhu/ur3e/src/install/moveit_msgs/include/moveit_msgs/moveit_msgs/msg/detail/collision_object__type_support.c\n'}
[2.391906] (moveit_msgs) StdoutLine: {'line': b'-- Up-to-date: /home/yadhu/ur3e/src/install/moveit_msgs/include/moveit_msgs/moveit_msgs/msg/detail/allowed_collision_matrix__type_support.c\n'}
[2.391939] (moveit_msgs) StdoutLine: {'line': b'-- Up-to-date: /home/yadhu/ur3e/src/install/moveit_msgs/include/moveit_msgs/moveit_msgs/msg/detail/planning_scene__type_support.c\n'}
[2.391971] (moveit_msgs) StdoutLine: {'line': b'-- Up-to-date: /home/yadhu/ur3e/src/install/moveit_msgs/include/moveit_msgs/moveit_msgs/msg/detail/constraint_eval_result__type_support.c\n'}
[2.392010] (moveit_msgs) StdoutLine: {'line': b'-- Up-to-date: /home/yadhu/ur3e/src/install/moveit_msgs/include/moveit_msgs/moveit_msgs/msg/detail/attached_collision_object__type_support.c\n'}
[2.392042] (moveit_msgs) StdoutLine: {'line': b'-- Up-to-date: /home/yadhu/ur3e/src/install/moveit_msgs/include/moveit_msgs/moveit_msgs/msg/detail/cartesian_trajectory_point__rosidl_typesupport_introspection_c.h\n'}
[2.392108] (moveit_msgs) StdoutLine: {'line': b'-- Up-to-date: /home/yadhu/ur3e/src/install/moveit_msgs/include/moveit_msgs/moveit_msgs/msg/detail/place_location__type_support.c\n'}
[2.392138] (moveit_msgs) StdoutLine: {'line': b'-- Up-to-date: /home/yadhu/ur3e/src/install/moveit_msgs/include/moveit_msgs/moveit_msgs/msg/detail/joint_constraint__type_support.c\n'}
[2.392166] (moveit_msgs) StdoutLine: {'line': b'-- Up-to-date: /home/yadhu/ur3e/src/install/moveit_msgs/include/moveit_msgs/moveit_msgs/msg/detail/joint_limits__rosidl_typesupport_introspection_c.h\n'}
[2.392195] (moveit_msgs) StdoutLine: {'line': b'-- Up-to-date: /home/yadhu/ur3e/src/install/moveit_msgs/include/moveit_msgs/moveit_msgs/msg/detail/planner_params__rosidl_typesupport_introspection_c.h\n'}
[2.392224] (moveit_msgs) StdoutLine: {'line': b'-- Up-to-date: /home/yadhu/ur3e/src/install/moveit_msgs/include/moveit_msgs/moveit_msgs/msg/rosidl_typesupport_introspection_c__visibility_control.h\n'}
[2.392252] (moveit_msgs) StdoutLine: {'line': b'-- Up-to-date: /home/yadhu/ur3e/src/install/moveit_msgs/include/moveit_msgs/moveit_msgs/srv\n'}
[2.392281] (moveit_msgs) StdoutLine: {'line': b'-- Up-to-date: /home/yadhu/ur3e/src/install/moveit_msgs/include/moveit_msgs/moveit_msgs/srv/detail\n'}
[2.392308] (moveit_msgs) StdoutLine: {'line': b'-- Up-to-date: /home/yadhu/ur3e/src/install/moveit_msgs/include/moveit_msgs/moveit_msgs/srv/detail/check_if_robot_state_exists_in_warehouse__type_support.c\n'}
[2.392337] (moveit_msgs) StdoutLine: {'line': b'-- Up-to-date: /home/yadhu/ur3e/src/install/moveit_msgs/include/moveit_msgs/moveit_msgs/srv/detail/get_planning_scene__type_support.c\n'}
[2.392365] (moveit_msgs) StdoutLine: {'line': b'-- Up-to-date: /home/yadhu/ur3e/src/install/moveit_msgs/include/moveit_msgs/moveit_msgs/srv/detail/query_planner_interfaces__type_support.c\n'}
[2.392394] (moveit_msgs) StdoutLine: {'line': b'-- Up-to-date: /home/yadhu/ur3e/src/install/moveit_msgs/include/moveit_msgs/moveit_msgs/srv/detail/set_planner_params__type_support.c\n'}
[2.392423] (moveit_msgs) StdoutLine: {'line': b'-- Up-to-date: /home/yadhu/ur3e/src/install/moveit_msgs/include/moveit_msgs/moveit_msgs/srv/detail/load_map__type_support.c\n'}
[2.392452] (moveit_msgs) StdoutLine: {'line': b'-- Up-to-date: /home/yadhu/ur3e/src/install/moveit_msgs/include/moveit_msgs/moveit_msgs/srv/detail/change_drift_dimensions__rosidl_typesupport_introspection_c.h\n'}
[2.392483] (moveit_msgs) StdoutLine: {'line': b'-- Up-to-date: /home/yadhu/ur3e/src/install/moveit_msgs/include/moveit_msgs/moveit_msgs/srv/detail/get_planner_params__type_support.c\n'}
[2.392518] (moveit_msgs) StdoutLine: {'line': b'-- Up-to-date: /home/yadhu/ur3e/src/install/moveit_msgs/include/moveit_msgs/moveit_msgs/srv/detail/get_planner_params__rosidl_typesupport_introspection_c.h\n'}
[2.392548] (moveit_msgs) StdoutLine: {'line': b'-- Up-to-date: /home/yadhu/ur3e/src/install/moveit_msgs/include/moveit_msgs/moveit_msgs/srv/detail/grasp_planning__type_support.c\n'}
[2.392577] (moveit_msgs) StdoutLine: {'line': b'-- Up-to-date: /home/yadhu/ur3e/src/install/moveit_msgs/include/moveit_msgs/moveit_msgs/srv/detail/get_motion_sequence__rosidl_typesupport_introspection_c.h\n'}
[2.392605] (moveit_msgs) StdoutLine: {'line': b'-- Up-to-date: /home/yadhu/ur3e/src/install/moveit_msgs/include/moveit_msgs/moveit_msgs/srv/detail/save_map__rosidl_typesupport_introspection_c.h\n'}
[2.392634] (moveit_msgs) StdoutLine: {'line': b'-- Up-to-date: /home/yadhu/ur3e/src/install/moveit_msgs/include/moveit_msgs/moveit_msgs/srv/detail/list_robot_states_in_warehouse__rosidl_typesupport_introspection_c.h\n'}
[2.392663] (moveit_msgs) StdoutLine: {'line': b'-- Up-to-date: /home/yadhu/ur3e/src/install/moveit_msgs/include/moveit_msgs/moveit_msgs/srv/detail/get_position_ik__rosidl_typesupport_introspection_c.h\n'}
[2.392693] (moveit_msgs) StdoutLine: {'line': b'-- Up-to-date: /home/yadhu/ur3e/src/install/moveit_msgs/include/moveit_msgs/moveit_msgs/srv/detail/get_motion_plan__rosidl_typesupport_introspection_c.h\n'}
[2.392723] (moveit_msgs) StdoutLine: {'line': b'-- Up-to-date: /home/yadhu/ur3e/src/install/moveit_msgs/include/moveit_msgs/moveit_msgs/srv/detail/get_position_fk__rosidl_typesupport_introspection_c.h\n'}
[2.392755] (moveit_msgs) StdoutLine: {'line': b'-- Up-to-date: /home/yadhu/ur3e/src/install/moveit_msgs/include/moveit_msgs/moveit_msgs/srv/detail/get_motion_plan__type_support.c\n'}
[2.392785] (moveit_msgs) StdoutLine: {'line': b'-- Up-to-date: /home/yadhu/ur3e/src/install/moveit_msgs/include/moveit_msgs/moveit_msgs/srv/detail/list_robot_states_in_warehouse__type_support.c\n'}
[2.392816] (moveit_msgs) StdoutLine: {'line': b'-- Up-to-date: /home/yadhu/ur3e/src/install/moveit_msgs/include/moveit_msgs/moveit_msgs/srv/detail/load_map__rosidl_typesupport_introspection_c.h\n'}
[2.392847] (moveit_msgs) StdoutLine: {'line': b'-- Up-to-date: /home/yadhu/ur3e/src/install/moveit_msgs/include/moveit_msgs/moveit_msgs/srv/detail/get_cartesian_path__rosidl_typesupport_introspection_c.h\n'}
[2.392875] (moveit_msgs) StdoutLine: {'line': b'-- Up-to-date: /home/yadhu/ur3e/src/install/moveit_msgs/include/moveit_msgs/moveit_msgs/srv/detail/update_pointcloud_octomap__type_support.c\n'}
[2.392906] (moveit_msgs) StdoutLine: {'line': b'-- Up-to-date: /home/yadhu/ur3e/src/install/moveit_msgs/include/moveit_msgs/moveit_msgs/srv/detail/query_planner_interfaces__rosidl_typesupport_introspection_c.h\n'}
[2.392934] (moveit_msgs) StdoutLine: {'line': b'-- Up-to-date: /home/yadhu/ur3e/src/install/moveit_msgs/include/moveit_msgs/moveit_msgs/srv/detail/get_motion_sequence__type_support.c\n'}
[2.392963] (moveit_msgs) StdoutLine: {'line': b'-- Up-to-date: /home/yadhu/ur3e/src/install/moveit_msgs/include/moveit_msgs/moveit_msgs/srv/detail/rename_robot_state_in_warehouse__rosidl_typesupport_introspection_c.h\n'}
[2.392999] (moveit_msgs) StdoutLine: {'line': b'-- Up-to-date: /home/yadhu/ur3e/src/install/moveit_msgs/include/moveit_msgs/moveit_msgs/srv/detail/delete_robot_state_from_warehouse__rosidl_typesupport_introspection_c.h\n'}
[2.393030] (moveit_msgs) StdoutLine: {'line': b'-- Up-to-date: /home/yadhu/ur3e/src/install/moveit_msgs/include/moveit_msgs/moveit_msgs/srv/detail/delete_robot_state_from_warehouse__type_support.c\n'}
[2.393059] (moveit_msgs) StdoutLine: {'line': b'-- Up-to-date: /home/yadhu/ur3e/src/install/moveit_msgs/include/moveit_msgs/moveit_msgs/srv/detail/set_planner_params__rosidl_typesupport_introspection_c.h\n'}
[2.393087] (moveit_msgs) StdoutLine: {'line': b'-- Up-to-date: /home/yadhu/ur3e/src/install/moveit_msgs/include/moveit_msgs/moveit_msgs/srv/detail/update_pointcloud_octomap__rosidl_typesupport_introspection_c.h\n'}
[2.393118] (moveit_msgs) StdoutLine: {'line': b'-- Up-to-date: /home/yadhu/ur3e/src/install/moveit_msgs/include/moveit_msgs/moveit_msgs/srv/detail/save_map__type_support.c\n'}
[2.393146] (moveit_msgs) StdoutLine: {'line': b'-- Up-to-date: /home/yadhu/ur3e/src/install/moveit_msgs/include/moveit_msgs/moveit_msgs/srv/detail/get_state_validity__type_support.c\n'}
[2.393175] (moveit_msgs) StdoutLine: {'line': b'-- Up-to-date: /home/yadhu/ur3e/src/install/moveit_msgs/include/moveit_msgs/moveit_msgs/srv/detail/check_if_robot_state_exists_in_warehouse__rosidl_typesupport_introspection_c.h\n'}
[2.393203] (moveit_msgs) StdoutLine: {'line': b'-- Up-to-date: /home/yadhu/ur3e/src/install/moveit_msgs/include/moveit_msgs/moveit_msgs/srv/detail/get_cartesian_path__type_support.c\n'}
[2.393231] (moveit_msgs) StdoutLine: {'line': b'-- Up-to-date: /home/yadhu/ur3e/src/install/moveit_msgs/include/moveit_msgs/moveit_msgs/srv/detail/save_robot_state_to_warehouse__type_support.c\n'}
[2.393259] (moveit_msgs) StdoutLine: {'line': b'-- Up-to-date: /home/yadhu/ur3e/src/install/moveit_msgs/include/moveit_msgs/moveit_msgs/srv/detail/get_position_ik__type_support.c\n'}
[2.393288] (moveit_msgs) StdoutLine: {'line': b'-- Up-to-date: /home/yadhu/ur3e/src/install/moveit_msgs/include/moveit_msgs/moveit_msgs/srv/detail/apply_planning_scene__rosidl_typesupport_introspection_c.h\n'}
[2.393320] (moveit_msgs) StdoutLine: {'line': b'-- Up-to-date: /home/yadhu/ur3e/src/install/moveit_msgs/include/moveit_msgs/moveit_msgs/srv/detail/apply_planning_scene__type_support.c\n'}
[2.393347] (moveit_msgs) StdoutLine: {'line': b'-- Up-to-date: /home/yadhu/ur3e/src/install/moveit_msgs/include/moveit_msgs/moveit_msgs/srv/detail/get_planning_scene__rosidl_typesupport_introspection_c.h\n'}
[2.393376] (moveit_msgs) StdoutLine: {'line': b'-- Up-to-date: /home/yadhu/ur3e/src/install/moveit_msgs/include/moveit_msgs/moveit_msgs/srv/detail/change_drift_dimensions__type_support.c\n'}
[2.393404] (moveit_msgs) StdoutLine: {'line': b'-- Up-to-date: /home/yadhu/ur3e/src/install/moveit_msgs/include/moveit_msgs/moveit_msgs/srv/detail/get_robot_state_from_warehouse__type_support.c\n'}
[2.393432] (moveit_msgs) StdoutLine: {'line': b'-- Up-to-date: /home/yadhu/ur3e/src/install/moveit_msgs/include/moveit_msgs/moveit_msgs/srv/detail/get_state_validity__rosidl_typesupport_introspection_c.h\n'}
[2.393460] (moveit_msgs) StdoutLine: {'line': b'-- Up-to-date: /home/yadhu/ur3e/src/install/moveit_msgs/include/moveit_msgs/moveit_msgs/srv/detail/get_position_fk__type_support.c\n'}
[2.393489] (moveit_msgs) StdoutLine: {'line': b'-- Up-to-date: /home/yadhu/ur3e/src/install/moveit_msgs/include/moveit_msgs/moveit_msgs/srv/detail/grasp_planning__rosidl_typesupport_introspection_c.h\n'}
[2.393519] (moveit_msgs) StdoutLine: {'line': b'-- Up-to-date: /home/yadhu/ur3e/src/install/moveit_msgs/include/moveit_msgs/moveit_msgs/srv/detail/save_robot_state_to_warehouse__rosidl_typesupport_introspection_c.h\n'}
[2.393549] (moveit_msgs) StdoutLine: {'line': b'-- Up-to-date: /home/yadhu/ur3e/src/install/moveit_msgs/include/moveit_msgs/moveit_msgs/srv/detail/get_robot_state_from_warehouse__rosidl_typesupport_introspection_c.h\n'}
[2.393578] (moveit_msgs) StdoutLine: {'line': b'-- Up-to-date: /home/yadhu/ur3e/src/install/moveit_msgs/include/moveit_msgs/moveit_msgs/srv/detail/rename_robot_state_in_warehouse__type_support.c\n'}
[2.393607] (moveit_msgs) StdoutLine: {'line': b'-- Up-to-date: /home/yadhu/ur3e/src/install/moveit_msgs/include/moveit_msgs/moveit_msgs/srv/detail/change_control_dimensions__rosidl_typesupport_introspection_c.h\n'}
[2.393638] (moveit_msgs) StdoutLine: {'line': b'-- Up-to-date: /home/yadhu/ur3e/src/install/moveit_msgs/include/moveit_msgs/moveit_msgs/srv/detail/change_control_dimensions__type_support.c\n'}
[2.393667] (moveit_msgs) StdoutLine: {'line': b'-- Up-to-date: /home/yadhu/ur3e/src/install/moveit_msgs/lib/libmoveit_msgs__rosidl_typesupport_introspection_c.so\n'}
[2.393696] (moveit_msgs) StdoutLine: {'line': b'-- Up-to-date: /home/yadhu/ur3e/src/install/moveit_msgs/lib/libmoveit_msgs__rosidl_typesupport_c.so\n'}
[2.393727] (moveit_msgs) StdoutLine: {'line': b'-- Up-to-date: /home/yadhu/ur3e/src/install/moveit_msgs/include/moveit_msgs/moveit_msgs\n'}
[2.393757] (moveit_msgs) StdoutLine: {'line': b'-- Up-to-date: /home/yadhu/ur3e/src/install/moveit_msgs/include/moveit_msgs/moveit_msgs/action\n'}
[2.393787] (moveit_msgs) StdoutLine: {'line': b'-- Up-to-date: /home/yadhu/ur3e/src/install/moveit_msgs/include/moveit_msgs/moveit_msgs/action/local_planner.hpp\n'}
[2.393815] (moveit_msgs) StdoutLine: {'line': b'-- Up-to-date: /home/yadhu/ur3e/src/install/moveit_msgs/include/moveit_msgs/moveit_msgs/action/place.hpp\n'}
[2.393843] (moveit_msgs) StdoutLine: {'line': b'-- Up-to-date: /home/yadhu/ur3e/src/install/moveit_msgs/include/moveit_msgs/moveit_msgs/action/detail\n'}
[2.393872] (moveit_msgs) StdoutLine: {'line': b'-- Up-to-date: /home/yadhu/ur3e/src/install/moveit_msgs/include/moveit_msgs/moveit_msgs/action/detail/local_planner__struct.hpp\n'}
[2.393900] (moveit_msgs) StdoutLine: {'line': b'-- Up-to-date: /home/yadhu/ur3e/src/install/moveit_msgs/include/moveit_msgs/moveit_msgs/action/detail/global_planner__builder.hpp\n'}
[2.393928] (moveit_msgs) StdoutLine: {'line': b'-- Up-to-date: /home/yadhu/ur3e/src/install/moveit_msgs/include/moveit_msgs/moveit_msgs/action/detail/place__struct.hpp\n'}
[2.393956] (moveit_msgs) StdoutLine: {'line': b'-- Up-to-date: /home/yadhu/ur3e/src/install/moveit_msgs/include/moveit_msgs/moveit_msgs/action/detail/global_planner__struct.hpp\n'}
[2.393990] (moveit_msgs) StdoutLine: {'line': b'-- Up-to-date: /home/yadhu/ur3e/src/install/moveit_msgs/include/moveit_msgs/moveit_msgs/action/detail/move_group__struct.hpp\n'}
[2.394022] (moveit_msgs) StdoutLine: {'line': b'-- Up-to-date: /home/yadhu/ur3e/src/install/moveit_msgs/include/moveit_msgs/moveit_msgs/action/detail/move_group__builder.hpp\n'}
[2.394050] (moveit_msgs) StdoutLine: {'line': b'-- Up-to-date: /home/yadhu/ur3e/src/install/moveit_msgs/include/moveit_msgs/moveit_msgs/action/detail/move_group_sequence__builder.hpp\n'}
[2.394078] (moveit_msgs) StdoutLine: {'line': b'-- Up-to-date: /home/yadhu/ur3e/src/install/moveit_msgs/include/moveit_msgs/moveit_msgs/action/detail/pickup__struct.hpp\n'}
[2.394106] (moveit_msgs) StdoutLine: {'line': b'-- Up-to-date: /home/yadhu/ur3e/src/install/moveit_msgs/include/moveit_msgs/moveit_msgs/action/detail/place__builder.hpp\n'}
[2.394134] (moveit_msgs) StdoutLine: {'line': b'-- Up-to-date: /home/yadhu/ur3e/src/install/moveit_msgs/include/moveit_msgs/moveit_msgs/action/detail/place__traits.hpp\n'}
[2.394162] (moveit_msgs) StdoutLine: {'line': b'-- Up-to-date: /home/yadhu/ur3e/src/install/moveit_msgs/include/moveit_msgs/moveit_msgs/action/detail/move_group_sequence__struct.hpp\n'}
[2.394189] (moveit_msgs) StdoutLine: {'line': b'-- Up-to-date: /home/yadhu/ur3e/src/install/moveit_msgs/include/moveit_msgs/moveit_msgs/action/detail/execute_trajectory__builder.hpp\n'}
[2.394216] (moveit_msgs) StdoutLine: {'line': b'-- Up-to-date: /home/yadhu/ur3e/src/install/moveit_msgs/include/moveit_msgs/moveit_msgs/action/detail/execute_trajectory__traits.hpp\n'}
[2.394249] (moveit_msgs) StdoutLine: {'line': b'-- Up-to-date: /home/yadhu/ur3e/src/install/moveit_msgs/include/moveit_msgs/moveit_msgs/action/detail/execute_trajectory__struct.hpp\n'}
[2.394276] (moveit_msgs) StdoutLine: {'line': b'-- Up-to-date: /home/yadhu/ur3e/src/install/moveit_msgs/include/moveit_msgs/moveit_msgs/action/detail/local_planner__builder.hpp\n'}
[2.394304] (moveit_msgs) StdoutLine: {'line': b'-- Up-to-date: /home/yadhu/ur3e/src/install/moveit_msgs/include/moveit_msgs/moveit_msgs/action/detail/local_planner__traits.hpp\n'}
[2.394332] (moveit_msgs) StdoutLine: {'line': b'-- Up-to-date: /home/yadhu/ur3e/src/install/moveit_msgs/include/moveit_msgs/moveit_msgs/action/detail/global_planner__traits.hpp\n'}
[2.394360] (moveit_msgs) StdoutLine: {'line': b'-- Up-to-date: /home/yadhu/ur3e/src/install/moveit_msgs/include/moveit_msgs/moveit_msgs/action/detail/pickup__builder.hpp\n'}
[2.394388] (moveit_msgs) StdoutLine: {'line': b'-- Up-to-date: /home/yadhu/ur3e/src/install/moveit_msgs/include/moveit_msgs/moveit_msgs/action/detail/pickup__traits.hpp\n'}
[2.394417] (moveit_msgs) StdoutLine: {'line': b'-- Up-to-date: /home/yadhu/ur3e/src/install/moveit_msgs/include/moveit_msgs/moveit_msgs/action/detail/hybrid_planner__traits.hpp\n'}
[2.394444] (moveit_msgs) StdoutLine: {'line': b'-- Up-to-date: /home/yadhu/ur3e/src/install/moveit_msgs/include/moveit_msgs/moveit_msgs/action/detail/hybrid_planner__builder.hpp\n'}
[2.394472] (moveit_msgs) StdoutLine: {'line': b'-- Up-to-date: /home/yadhu/ur3e/src/install/moveit_msgs/include/moveit_msgs/moveit_msgs/action/detail/move_group__traits.hpp\n'}
[2.394500] (moveit_msgs) StdoutLine: {'line': b'-- Up-to-date: /home/yadhu/ur3e/src/install/moveit_msgs/include/moveit_msgs/moveit_msgs/action/detail/move_group_sequence__traits.hpp\n'}
[2.394528] (moveit_msgs) StdoutLine: {'line': b'-- Up-to-date: /home/yadhu/ur3e/src/install/moveit_msgs/include/moveit_msgs/moveit_msgs/action/detail/hybrid_planner__struct.hpp\n'}
[2.394557] (moveit_msgs) StdoutLine: {'line': b'-- Up-to-date: /home/yadhu/ur3e/src/install/moveit_msgs/include/moveit_msgs/moveit_msgs/action/pickup.hpp\n'}
[2.394585] (moveit_msgs) StdoutLine: {'line': b'-- Up-to-date: /home/yadhu/ur3e/src/install/moveit_msgs/include/moveit_msgs/moveit_msgs/action/move_group_sequence.hpp\n'}
[2.394614] (moveit_msgs) StdoutLine: {'line': b'-- Up-to-date: /home/yadhu/ur3e/src/install/moveit_msgs/include/moveit_msgs/moveit_msgs/action/move_group.hpp\n'}
[2.394641] (moveit_msgs) StdoutLine: {'line': b'-- Up-to-date: /home/yadhu/ur3e/src/install/moveit_msgs/include/moveit_msgs/moveit_msgs/action/execute_trajectory.hpp\n'}
[2.394670] (moveit_msgs) StdoutLine: {'line': b'-- Up-to-date: /home/yadhu/ur3e/src/install/moveit_msgs/include/moveit_msgs/moveit_msgs/action/hybrid_planner.hpp\n'}
[2.394700] (moveit_msgs) StdoutLine: {'line': b'-- Up-to-date: /home/yadhu/ur3e/src/install/moveit_msgs/include/moveit_msgs/moveit_msgs/action/global_planner.hpp\n'}
[2.394728] (moveit_msgs) StdoutLine: {'line': b'-- Up-to-date: /home/yadhu/ur3e/src/install/moveit_msgs/include/moveit_msgs/moveit_msgs/msg\n'}
[2.394756] (moveit_msgs) StdoutLine: {'line': b'-- Up-to-date: /home/yadhu/ur3e/src/install/moveit_msgs/include/moveit_msgs/moveit_msgs/msg/planning_options.hpp\n'}
[2.394785] (moveit_msgs) StdoutLine: {'line': b'-- Up-to-date: /home/yadhu/ur3e/src/install/moveit_msgs/include/moveit_msgs/moveit_msgs/msg/collision_object.hpp\n'}
[2.394813] (moveit_msgs) StdoutLine: {'line': b'-- Up-to-date: /home/yadhu/ur3e/src/install/moveit_msgs/include/moveit_msgs/moveit_msgs/msg/motion_sequence_request.hpp\n'}
[2.394842] (moveit_msgs) StdoutLine: {'line': b'-- Up-to-date: /home/yadhu/ur3e/src/install/moveit_msgs/include/moveit_msgs/moveit_msgs/msg/attached_collision_object.hpp\n'}
[2.394870] (moveit_msgs) StdoutLine: {'line': b'-- Up-to-date: /home/yadhu/ur3e/src/install/moveit_msgs/include/moveit_msgs/moveit_msgs/msg/planning_scene_world.hpp\n'}
[2.394899] (moveit_msgs) StdoutLine: {'line': b'-- Up-to-date: /home/yadhu/ur3e/src/install/moveit_msgs/include/moveit_msgs/moveit_msgs/msg/object_color.hpp\n'}
[2.394927] (moveit_msgs) StdoutLine: {'line': b'-- Up-to-date: /home/yadhu/ur3e/src/install/moveit_msgs/include/moveit_msgs/moveit_msgs/msg/constraint_eval_result.hpp\n'}
[2.394956] (moveit_msgs) StdoutLine: {'line': b'-- Up-to-date: /home/yadhu/ur3e/src/install/moveit_msgs/include/moveit_msgs/moveit_msgs/msg/position_constraint.hpp\n'}
[2.394987] (moveit_msgs) StdoutLine: {'line': b'-- Up-to-date: /home/yadhu/ur3e/src/install/moveit_msgs/include/moveit_msgs/moveit_msgs/msg/joint_limits.hpp\n'}
[2.395019] (moveit_msgs) StdoutLine: {'line': b'-- Up-to-date: /home/yadhu/ur3e/src/install/moveit_msgs/include/moveit_msgs/moveit_msgs/msg/link_scale.hpp\n'}
[2.395047] (moveit_msgs) StdoutLine: {'line': b'-- Up-to-date: /home/yadhu/ur3e/src/install/moveit_msgs/include/moveit_msgs/moveit_msgs/msg/motion_sequence_item.hpp\n'}
[2.395074] (moveit_msgs) StdoutLine: {'line': b'-- Up-to-date: /home/yadhu/ur3e/src/install/moveit_msgs/include/moveit_msgs/moveit_msgs/msg/trajectory_constraints.hpp\n'}
[2.395104] (moveit_msgs) StdoutLine: {'line': b'-- Up-to-date: /home/yadhu/ur3e/src/install/moveit_msgs/include/moveit_msgs/moveit_msgs/msg/constraints.hpp\n'}
[2.395133] (moveit_msgs) StdoutLine: {'line': b'-- Up-to-date: /home/yadhu/ur3e/src/install/moveit_msgs/include/moveit_msgs/moveit_msgs/msg/cartesian_point.hpp\n'}
[2.395162] (moveit_msgs) StdoutLine: {'line': b'-- Up-to-date: /home/yadhu/ur3e/src/install/moveit_msgs/include/moveit_msgs/moveit_msgs/msg/generic_trajectory.hpp\n'}
[2.395190] (moveit_msgs) StdoutLine: {'line': b'-- Up-to-date: /home/yadhu/ur3e/src/install/moveit_msgs/include/moveit_msgs/moveit_msgs/msg/oriented_bounding_box.hpp\n'}
[2.395218] (moveit_msgs) StdoutLine: {'line': b'-- Up-to-date: /home/yadhu/ur3e/src/install/moveit_msgs/include/moveit_msgs/moveit_msgs/msg/planning_scene.hpp\n'}
[2.395251] (moveit_msgs) StdoutLine: {'line': b'-- Up-to-date: /home/yadhu/ur3e/src/install/moveit_msgs/include/moveit_msgs/moveit_msgs/msg/display_trajectory.hpp\n'}
[2.395278] (moveit_msgs) StdoutLine: {'line': b'-- Up-to-date: /home/yadhu/ur3e/src/install/moveit_msgs/include/moveit_msgs/moveit_msgs/msg/contact_information.hpp\n'}
[2.395307] (moveit_msgs) StdoutLine: {'line': b'-- Up-to-date: /home/yadhu/ur3e/src/install/moveit_msgs/include/moveit_msgs/moveit_msgs/msg/position_ik_request.hpp\n'}
[2.395335] (moveit_msgs) StdoutLine: {'line': b'-- Up-to-date: /home/yadhu/ur3e/src/install/moveit_msgs/include/moveit_msgs/moveit_msgs/msg/detail\n'}
[2.395363] (moveit_msgs) StdoutLine: {'line': b'-- Up-to-date: /home/yadhu/ur3e/src/install/moveit_msgs/include/moveit_msgs/moveit_msgs/msg/detail/robot_trajectory__struct.hpp\n'}
[2.395392] (moveit_msgs) StdoutLine: {'line': b'-- Up-to-date: /home/yadhu/ur3e/src/install/moveit_msgs/include/moveit_msgs/moveit_msgs/msg/detail/allowed_collision_entry__traits.hpp\n'}
[2.395420] (moveit_msgs) StdoutLine: {'line': b'-- Up-to-date: /home/yadhu/ur3e/src/install/moveit_msgs/include/moveit_msgs/moveit_msgs/msg/detail/cartesian_trajectory_point__traits.hpp\n'}
[2.395448] (moveit_msgs) StdoutLine: {'line': b'-- Up-to-date: /home/yadhu/ur3e/src/install/moveit_msgs/include/moveit_msgs/moveit_msgs/msg/detail/trajectory_constraints__traits.hpp\n'}
[2.395480] (moveit_msgs) StdoutLine: {'line': b'-- Up-to-date: /home/yadhu/ur3e/src/install/moveit_msgs/include/moveit_msgs/moveit_msgs/msg/detail/cartesian_trajectory__builder.hpp\n'}
[2.395509] (moveit_msgs) StdoutLine: {'line': b'-- Up-to-date: /home/yadhu/ur3e/src/install/moveit_msgs/include/moveit_msgs/moveit_msgs/msg/detail/cartesian_point__traits.hpp\n'}
[2.395538] (moveit_msgs) StdoutLine: {'line': b'-- Up-to-date: /home/yadhu/ur3e/src/install/moveit_msgs/include/moveit_msgs/moveit_msgs/msg/detail/joint_limits__struct.hpp\n'}
[2.395567] (moveit_msgs) StdoutLine: {'line': b'-- Up-to-date: /home/yadhu/ur3e/src/install/moveit_msgs/include/moveit_msgs/moveit_msgs/msg/detail/position_ik_request__traits.hpp\n'}
[2.395595] (moveit_msgs) StdoutLine: {'line': b'-- Up-to-date: /home/yadhu/ur3e/src/install/moveit_msgs/include/moveit_msgs/moveit_msgs/msg/detail/motion_plan_request__traits.hpp\n'}
[2.395624] (moveit_msgs) StdoutLine: {'line': b'-- Up-to-date: /home/yadhu/ur3e/src/install/moveit_msgs/include/moveit_msgs/moveit_msgs/msg/detail/motion_plan_response__struct.hpp\n'}
[2.395652] (moveit_msgs) StdoutLine: {'line': b'-- Up-to-date: /home/yadhu/ur3e/src/install/moveit_msgs/include/moveit_msgs/moveit_msgs/msg/detail/planning_scene_world__struct.hpp\n'}
[2.395681] (moveit_msgs) StdoutLine: {'line': b'-- Up-to-date: /home/yadhu/ur3e/src/install/moveit_msgs/include/moveit_msgs/moveit_msgs/msg/detail/grasp__builder.hpp\n'}
[2.395709] (moveit_msgs) StdoutLine: {'line': b'-- Up-to-date: /home/yadhu/ur3e/src/install/moveit_msgs/include/moveit_msgs/moveit_msgs/msg/detail/allowed_collision_matrix__struct.hpp\n'}
[2.395737] (moveit_msgs) StdoutLine: {'line': b'-- Up-to-date: /home/yadhu/ur3e/src/install/moveit_msgs/include/moveit_msgs/moveit_msgs/msg/detail/motion_sequence_request__traits.hpp\n'}
[2.395768] (moveit_msgs) StdoutLine: {'line': b'-- Up-to-date: /home/yadhu/ur3e/src/install/moveit_msgs/include/moveit_msgs/moveit_msgs/msg/detail/joint_limits__builder.hpp\n'}
[2.395796] (moveit_msgs) StdoutLine: {'line': b'-- Up-to-date: /home/yadhu/ur3e/src/install/moveit_msgs/include/moveit_msgs/moveit_msgs/msg/detail/position_ik_request__struct.hpp\n'}
[2.395825] (moveit_msgs) StdoutLine: {'line': b'-- Up-to-date: /home/yadhu/ur3e/src/install/moveit_msgs/include/moveit_msgs/moveit_msgs/msg/detail/contact_information__traits.hpp\n'}
[2.395853] (moveit_msgs) StdoutLine: {'line': b'-- Up-to-date: /home/yadhu/ur3e/src/install/moveit_msgs/include/moveit_msgs/moveit_msgs/msg/detail/object_color__traits.hpp\n'}
[2.395881] (moveit_msgs) StdoutLine: {'line': b'-- Up-to-date: /home/yadhu/ur3e/src/install/moveit_msgs/include/moveit_msgs/moveit_msgs/msg/detail/collision_object__struct.hpp\n'}
[2.395910] (moveit_msgs) StdoutLine: {'line': b'-- Up-to-date: /home/yadhu/ur3e/src/install/moveit_msgs/include/moveit_msgs/moveit_msgs/msg/detail/joint_constraint__builder.hpp\n'}
[2.395938] (moveit_msgs) StdoutLine: {'line': b'-- Up-to-date: /home/yadhu/ur3e/src/install/moveit_msgs/include/moveit_msgs/moveit_msgs/msg/detail/planner_params__builder.hpp\n'}
[2.395967] (moveit_msgs) StdoutLine: {'line': b'-- Up-to-date: /home/yadhu/ur3e/src/install/moveit_msgs/include/moveit_msgs/moveit_msgs/msg/detail/motion_sequence_request__struct.hpp\n'}
[2.396000] (moveit_msgs) StdoutLine: {'line': b'-- Up-to-date: /home/yadhu/ur3e/src/install/moveit_msgs/include/moveit_msgs/moveit_msgs/msg/detail/planning_scene__traits.hpp\n'}
[2.396029] (moveit_msgs) StdoutLine: {'line': b'-- Up-to-date: /home/yadhu/ur3e/src/install/moveit_msgs/include/moveit_msgs/moveit_msgs/msg/detail/display_trajectory__builder.hpp\n'}
[2.396057] (moveit_msgs) StdoutLine: {'line': b'-- Up-to-date: /home/yadhu/ur3e/src/install/moveit_msgs/include/moveit_msgs/moveit_msgs/msg/detail/link_scale__struct.hpp\n'}
[2.396084] (moveit_msgs) StdoutLine: {'line': b'-- Up-to-date: /home/yadhu/ur3e/src/install/moveit_msgs/include/moveit_msgs/moveit_msgs/msg/detail/robot_state__struct.hpp\n'}
[2.396113] (moveit_msgs) StdoutLine: {'line': b'-- Up-to-date: /home/yadhu/ur3e/src/install/moveit_msgs/include/moveit_msgs/moveit_msgs/msg/detail/motion_plan_detailed_response__traits.hpp\n'}
[2.396141] (moveit_msgs) StdoutLine: {'line': b'-- Up-to-date: /home/yadhu/ur3e/src/install/moveit_msgs/include/moveit_msgs/moveit_msgs/msg/detail/display_trajectory__traits.hpp\n'}
[2.396175] (moveit_msgs) StdoutLine: {'line': b'-- Up-to-date: /home/yadhu/ur3e/src/install/moveit_msgs/include/moveit_msgs/moveit_msgs/msg/detail/allowed_collision_entry__builder.hpp\n'}
[2.396203] (moveit_msgs) StdoutLine: {'line': b'-- Up-to-date: /home/yadhu/ur3e/src/install/moveit_msgs/include/moveit_msgs/moveit_msgs/msg/detail/joint_constraint__struct.hpp\n'}
[2.396230] (moveit_msgs) StdoutLine: {'line': b'-- Up-to-date: /home/yadhu/ur3e/src/install/moveit_msgs/include/moveit_msgs/moveit_msgs/msg/detail/oriented_bounding_box__traits.hpp\n'}
[2.396258] (moveit_msgs) StdoutLine: {'line': b'-- Up-to-date: /home/yadhu/ur3e/src/install/moveit_msgs/include/moveit_msgs/moveit_msgs/msg/detail/workspace_parameters__struct.hpp\n'}
[2.396286] (moveit_msgs) StdoutLine: {'line': b'-- Up-to-date: /home/yadhu/ur3e/src/install/moveit_msgs/include/moveit_msgs/moveit_msgs/msg/detail/position_constraint__traits.hpp\n'}
[2.396315] (moveit_msgs) StdoutLine: {'line': b'-- Up-to-date: /home/yadhu/ur3e/src/install/moveit_msgs/include/moveit_msgs/moveit_msgs/msg/detail/cost_source__traits.hpp\n'}
[2.396345] (moveit_msgs) StdoutLine: {'line': b'-- Up-to-date: /home/yadhu/ur3e/src/install/moveit_msgs/include/moveit_msgs/moveit_msgs/msg/detail/constraint_eval_result__struct.hpp\n'}
[2.396373] (moveit_msgs) StdoutLine: {'line': b'-- Up-to-date: /home/yadhu/ur3e/src/install/moveit_msgs/include/moveit_msgs/moveit_msgs/msg/detail/generic_trajectory__traits.hpp\n'}
[2.396402] (moveit_msgs) StdoutLine: {'line': b'-- Up-to-date: /home/yadhu/ur3e/src/install/moveit_msgs/include/moveit_msgs/moveit_msgs/msg/detail/cartesian_point__struct.hpp\n'}
[2.396431] (moveit_msgs) StdoutLine: {'line': b'-- Up-to-date: /home/yadhu/ur3e/src/install/moveit_msgs/include/moveit_msgs/moveit_msgs/msg/detail/motion_sequence_request__builder.hpp\n'}
[2.396458] (moveit_msgs) StdoutLine: {'line': b'-- Up-to-date: /home/yadhu/ur3e/src/install/moveit_msgs/include/moveit_msgs/moveit_msgs/msg/detail/cartesian_trajectory_point__builder.hpp\n'}
[2.396486] (moveit_msgs) StdoutLine: {'line': b'-- Up-to-date: /home/yadhu/ur3e/src/install/moveit_msgs/include/moveit_msgs/moveit_msgs/msg/detail/motion_plan_detailed_response__builder.hpp\n'}
[2.396514] (moveit_msgs) StdoutLine: {'line': b'-- Up-to-date: /home/yadhu/ur3e/src/install/moveit_msgs/include/moveit_msgs/moveit_msgs/msg/detail/cartesian_trajectory__traits.hpp\n'}
[2.396543] (moveit_msgs) StdoutLine: {'line': b'-- Up-to-date: /home/yadhu/ur3e/src/install/moveit_msgs/include/moveit_msgs/moveit_msgs/msg/detail/visibility_constraint__builder.hpp\n'}
[2.396571] (moveit_msgs) StdoutLine: {'line': b'-- Up-to-date: /home/yadhu/ur3e/src/install/moveit_msgs/include/moveit_msgs/moveit_msgs/msg/detail/generic_trajectory__struct.hpp\n'}
[2.396601] (moveit_msgs) StdoutLine: {'line': b'-- Up-to-date: /home/yadhu/ur3e/src/install/moveit_msgs/include/moveit_msgs/moveit_msgs/msg/detail/trajectory_constraints__struct.hpp\n'}
[2.396629] (moveit_msgs) StdoutLine: {'line': b'-- Up-to-date: /home/yadhu/ur3e/src/install/moveit_msgs/include/moveit_msgs/moveit_msgs/msg/detail/planning_scene_world__traits.hpp\n'}
[2.396657] (moveit_msgs) StdoutLine: {'line': b'-- Up-to-date: /home/yadhu/ur3e/src/install/moveit_msgs/include/moveit_msgs/moveit_msgs/msg/detail/gripper_translation__traits.hpp\n'}
[2.396686] (moveit_msgs) StdoutLine: {'line': b'-- Up-to-date: /home/yadhu/ur3e/src/install/moveit_msgs/include/moveit_msgs/moveit_msgs/msg/detail/constraints__struct.hpp\n'}
[2.396714] (moveit_msgs) StdoutLine: {'line': b'-- Up-to-date: /home/yadhu/ur3e/src/install/moveit_msgs/include/moveit_msgs/moveit_msgs/msg/detail/link_scale__builder.hpp\n'}
[2.396743] (moveit_msgs) StdoutLine: {'line': b'-- Up-to-date: /home/yadhu/ur3e/src/install/moveit_msgs/include/moveit_msgs/moveit_msgs/msg/detail/contact_information__builder.hpp\n'}
[2.396770] (moveit_msgs) StdoutLine: {'line': b'-- Up-to-date: /home/yadhu/ur3e/src/install/moveit_msgs/include/moveit_msgs/moveit_msgs/msg/detail/bounding_volume__struct.hpp\n'}
[2.396799] (moveit_msgs) StdoutLine: {'line': b'-- Up-to-date: /home/yadhu/ur3e/src/install/moveit_msgs/include/moveit_msgs/moveit_msgs/msg/detail/grasp__struct.hpp\n'}
[2.396828] (moveit_msgs) StdoutLine: {'line': b'-- Up-to-date: /home/yadhu/ur3e/src/install/moveit_msgs/include/moveit_msgs/moveit_msgs/msg/detail/kinematic_solver_info__struct.hpp\n'}
[2.396856] (moveit_msgs) StdoutLine: {'line': b'-- Up-to-date: /home/yadhu/ur3e/src/install/moveit_msgs/include/moveit_msgs/moveit_msgs/msg/detail/orientation_constraint__traits.hpp\n'}
[2.396883] (moveit_msgs) StdoutLine: {'line': b'-- Up-to-date: /home/yadhu/ur3e/src/install/moveit_msgs/include/moveit_msgs/moveit_msgs/msg/detail/attached_collision_object__traits.hpp\n'}
[2.396911] (moveit_msgs) StdoutLine: {'line': b'-- Up-to-date: /home/yadhu/ur3e/src/install/moveit_msgs/include/moveit_msgs/moveit_msgs/msg/detail/planner_interface_description__struct.hpp\n'}
[2.396939] (moveit_msgs) StdoutLine: {'line': b'-- Up-to-date: /home/yadhu/ur3e/src/install/moveit_msgs/include/moveit_msgs/moveit_msgs/msg/detail/robot_state__traits.hpp\n'}
[2.396967] (moveit_msgs) StdoutLine: {'line': b'-- Up-to-date: /home/yadhu/ur3e/src/install/moveit_msgs/include/moveit_msgs/moveit_msgs/msg/detail/allowed_collision_matrix__traits.hpp\n'}
[2.396999] (moveit_msgs) StdoutLine: {'line': b'-- Up-to-date: /home/yadhu/ur3e/src/install/moveit_msgs/include/moveit_msgs/moveit_msgs/msg/detail/constraints__traits.hpp\n'}
[2.397030] (moveit_msgs) StdoutLine: {'line': b'-- Up-to-date: /home/yadhu/ur3e/src/install/moveit_msgs/include/moveit_msgs/moveit_msgs/msg/detail/planning_options__struct.hpp\n'}
[2.397066] (moveit_msgs) StdoutLine: {'line': b'-- Up-to-date: /home/yadhu/ur3e/src/install/moveit_msgs/include/moveit_msgs/moveit_msgs/msg/detail/kinematic_solver_info__builder.hpp\n'}
[2.397095] (moveit_msgs) StdoutLine: {'line': b'-- Up-to-date: /home/yadhu/ur3e/src/install/moveit_msgs/include/moveit_msgs/moveit_msgs/msg/detail/motion_sequence_response__traits.hpp\n'}
[2.397123] (moveit_msgs) StdoutLine: {'line': b'-- Up-to-date: /home/yadhu/ur3e/src/install/moveit_msgs/include/moveit_msgs/moveit_msgs/msg/detail/place_location__traits.hpp\n'}
[2.397151] (moveit_msgs) StdoutLine: {'line': b'-- Up-to-date: /home/yadhu/ur3e/src/install/moveit_msgs/include/moveit_msgs/moveit_msgs/msg/detail/link_padding__traits.hpp\n'}
[2.397181] (moveit_msgs) StdoutLine: {'line': b'-- Up-to-date: /home/yadhu/ur3e/src/install/moveit_msgs/include/moveit_msgs/moveit_msgs/msg/detail/move_it_error_codes__struct.hpp\n'}
[2.397210] (moveit_msgs) StdoutLine: {'line': b'-- Up-to-date: /home/yadhu/ur3e/src/install/moveit_msgs/include/moveit_msgs/moveit_msgs/msg/detail/object_color__struct.hpp\n'}
[2.397238] (moveit_msgs) StdoutLine: {'line': b'-- Up-to-date: /home/yadhu/ur3e/src/install/moveit_msgs/include/moveit_msgs/moveit_msgs/msg/detail/cartesian_trajectory_point__struct.hpp\n'}
[2.397266] (moveit_msgs) StdoutLine: {'line': b'-- Up-to-date: /home/yadhu/ur3e/src/install/moveit_msgs/include/moveit_msgs/moveit_msgs/msg/detail/position_ik_request__builder.hpp\n'}
[2.397294] (moveit_msgs) StdoutLine: {'line': b'-- Up-to-date: /home/yadhu/ur3e/src/install/moveit_msgs/include/moveit_msgs/moveit_msgs/msg/detail/display_trajectory__struct.hpp\n'}
[2.397322] (moveit_msgs) StdoutLine: {'line': b'-- Up-to-date: /home/yadhu/ur3e/src/install/moveit_msgs/include/moveit_msgs/moveit_msgs/msg/detail/visibility_constraint__struct.hpp\n'}
[2.397351] (moveit_msgs) StdoutLine: {'line': b'-- Up-to-date: /home/yadhu/ur3e/src/install/moveit_msgs/include/moveit_msgs/moveit_msgs/msg/detail/move_it_error_codes__traits.hpp\n'}
[2.397379] (moveit_msgs) StdoutLine: {'line': b'-- Up-to-date: /home/yadhu/ur3e/src/install/moveit_msgs/include/moveit_msgs/moveit_msgs/msg/detail/motion_plan_response__traits.hpp\n'}
[2.397408] (moveit_msgs) StdoutLine: {'line': b'-- Up-to-date: /home/yadhu/ur3e/src/install/moveit_msgs/include/moveit_msgs/moveit_msgs/msg/detail/attached_collision_object__struct.hpp\n'}
[2.397436] (moveit_msgs) StdoutLine: {'line': b'-- Up-to-date: /home/yadhu/ur3e/src/install/moveit_msgs/include/moveit_msgs/moveit_msgs/msg/detail/attached_collision_object__builder.hpp\n'}
[2.397463] (moveit_msgs) StdoutLine: {'line': b'-- Up-to-date: /home/yadhu/ur3e/src/install/moveit_msgs/include/moveit_msgs/moveit_msgs/msg/detail/place_location__builder.hpp\n'}
[2.397491] (moveit_msgs) StdoutLine: {'line': b'-- Up-to-date: /home/yadhu/ur3e/src/install/moveit_msgs/include/moveit_msgs/moveit_msgs/msg/detail/planning_scene__builder.hpp\n'}
[2.397520] (moveit_msgs) StdoutLine: {'line': b'-- Up-to-date: /home/yadhu/ur3e/src/install/moveit_msgs/include/moveit_msgs/moveit_msgs/msg/detail/planner_interface_description__builder.hpp\n'}
[2.397548] (moveit_msgs) StdoutLine: {'line': b'-- Up-to-date: /home/yadhu/ur3e/src/install/moveit_msgs/include/moveit_msgs/moveit_msgs/msg/detail/display_robot_state__struct.hpp\n'}
[2.397575] (moveit_msgs) StdoutLine: {'line': b'-- Up-to-date: /home/yadhu/ur3e/src/install/moveit_msgs/include/moveit_msgs/moveit_msgs/msg/detail/motion_sequence_item__builder.hpp\n'}
[2.397602] (moveit_msgs) StdoutLine: {'line': b'-- Up-to-date: /home/yadhu/ur3e/src/install/moveit_msgs/include/moveit_msgs/moveit_msgs/msg/detail/planner_interface_description__traits.hpp\n'}
[2.397630] (moveit_msgs) StdoutLine: {'line': b'-- Up-to-date: /home/yadhu/ur3e/src/install/moveit_msgs/include/moveit_msgs/moveit_msgs/msg/detail/planning_scene_components__struct.hpp\n'}
[2.397659] (moveit_msgs) StdoutLine: {'line': b'-- Up-to-date: /home/yadhu/ur3e/src/install/moveit_msgs/include/moveit_msgs/moveit_msgs/msg/detail/motion_sequence_response__builder.hpp\n'}
[2.397688] (moveit_msgs) StdoutLine: {'line': b'-- Up-to-date: /home/yadhu/ur3e/src/install/moveit_msgs/include/moveit_msgs/moveit_msgs/msg/detail/planning_scene_components__traits.hpp\n'}
[2.397717] (moveit_msgs) StdoutLine: {'line': b'-- Up-to-date: /home/yadhu/ur3e/src/install/moveit_msgs/include/moveit_msgs/moveit_msgs/msg/detail/orientation_constraint__struct.hpp\n'}
[2.397745] (moveit_msgs) StdoutLine: {'line': b'-- Up-to-date: /home/yadhu/ur3e/src/install/moveit_msgs/include/moveit_msgs/moveit_msgs/msg/detail/cost_source__builder.hpp\n'}
[2.397773] (moveit_msgs) StdoutLine: {'line': b'-- Up-to-date: /home/yadhu/ur3e/src/install/moveit_msgs/include/moveit_msgs/moveit_msgs/msg/detail/contact_information__struct.hpp\n'}
[2.397800] (moveit_msgs) StdoutLine: {'line': b'-- Up-to-date: /home/yadhu/ur3e/src/install/moveit_msgs/include/moveit_msgs/moveit_msgs/msg/detail/link_scale__traits.hpp\n'}
[2.397829] (moveit_msgs) StdoutLine: {'line': b'-- Up-to-date: /home/yadhu/ur3e/src/install/moveit_msgs/include/moveit_msgs/moveit_msgs/msg/detail/robot_trajectory__traits.hpp\n'}
[2.397857] (moveit_msgs) StdoutLine: {'line': b'-- Up-to-date: /home/yadhu/ur3e/src/install/moveit_msgs/include/moveit_msgs/moveit_msgs/msg/detail/allowed_collision_entry__struct.hpp\n'}
[2.397885] (moveit_msgs) StdoutLine: {'line': b'-- Up-to-date: /home/yadhu/ur3e/src/install/moveit_msgs/include/moveit_msgs/moveit_msgs/msg/detail/motion_plan_request__struct.hpp\n'}
[2.397913] (moveit_msgs) StdoutLine: {'line': b'-- Up-to-date: /home/yadhu/ur3e/src/install/moveit_msgs/include/moveit_msgs/moveit_msgs/msg/detail/object_color__builder.hpp\n'}
[2.397962] (moveit_msgs) StdoutLine: {'line': b'-- Up-to-date: /home/yadhu/ur3e/src/install/moveit_msgs/include/moveit_msgs/moveit_msgs/msg/detail/allowed_collision_matrix__builder.hpp\n'}
[2.397995] (moveit_msgs) StdoutLine: {'line': b'-- Up-to-date: /home/yadhu/ur3e/src/install/moveit_msgs/include/moveit_msgs/moveit_msgs/msg/detail/planning_scene_components__builder.hpp\n'}
[2.398027] (moveit_msgs) StdoutLine: {'line': b'-- Up-to-date: /home/yadhu/ur3e/src/install/moveit_msgs/include/moveit_msgs/moveit_msgs/msg/detail/gripper_translation__struct.hpp\n'}
[2.398055] (moveit_msgs) StdoutLine: {'line': b'-- Up-to-date: /home/yadhu/ur3e/src/install/moveit_msgs/include/moveit_msgs/moveit_msgs/msg/detail/orientation_constraint__builder.hpp\n'}
[2.398085] (moveit_msgs) StdoutLine: {'line': b'-- Up-to-date: /home/yadhu/ur3e/src/install/moveit_msgs/include/moveit_msgs/moveit_msgs/msg/detail/position_constraint__builder.hpp\n'}
[2.398113] (moveit_msgs) StdoutLine: {'line': b'-- Up-to-date: /home/yadhu/ur3e/src/install/moveit_msgs/include/moveit_msgs/moveit_msgs/msg/detail/cartesian_point__builder.hpp\n'}
[2.398141] (moveit_msgs) StdoutLine: {'line': b'-- Up-to-date: /home/yadhu/ur3e/src/install/moveit_msgs/include/moveit_msgs/moveit_msgs/msg/detail/collision_object__builder.hpp\n'}
[2.398170] (moveit_msgs) StdoutLine: {'line': b'-- Up-to-date: /home/yadhu/ur3e/src/install/moveit_msgs/include/moveit_msgs/moveit_msgs/msg/detail/grasp__traits.hpp\n'}
[2.398198] (moveit_msgs) StdoutLine: {'line': b'-- Up-to-date: /home/yadhu/ur3e/src/install/moveit_msgs/include/moveit_msgs/moveit_msgs/msg/detail/gripper_translation__builder.hpp\n'}
[2.398227] (moveit_msgs) StdoutLine: {'line': b'-- Up-to-date: /home/yadhu/ur3e/src/install/moveit_msgs/include/moveit_msgs/moveit_msgs/msg/detail/link_padding__struct.hpp\n'}
[2.398255] (moveit_msgs) StdoutLine: {'line': b'-- Up-to-date: /home/yadhu/ur3e/src/install/moveit_msgs/include/moveit_msgs/moveit_msgs/msg/detail/generic_trajectory__builder.hpp\n'}
[2.398283] (moveit_msgs) StdoutLine: {'line': b'-- Up-to-date: /home/yadhu/ur3e/src/install/moveit_msgs/include/moveit_msgs/moveit_msgs/msg/detail/oriented_bounding_box__struct.hpp\n'}
[2.398312] (moveit_msgs) StdoutLine: {'line': b'-- Up-to-date: /home/yadhu/ur3e/src/install/moveit_msgs/include/moveit_msgs/moveit_msgs/msg/detail/planner_params__struct.hpp\n'}
[2.398340] (moveit_msgs) StdoutLine: {'line': b'-- Up-to-date: /home/yadhu/ur3e/src/install/moveit_msgs/include/moveit_msgs/moveit_msgs/msg/detail/joint_limits__traits.hpp\n'}
[2.398370] (moveit_msgs) StdoutLine: {'line': b'-- Up-to-date: /home/yadhu/ur3e/src/install/moveit_msgs/include/moveit_msgs/moveit_msgs/msg/detail/planning_scene__struct.hpp\n'}
[2.398399] (moveit_msgs) StdoutLine: {'line': b'-- Up-to-date: /home/yadhu/ur3e/src/install/moveit_msgs/include/moveit_msgs/moveit_msgs/msg/detail/workspace_parameters__builder.hpp\n'}
[2.398429] (moveit_msgs) StdoutLine: {'line': b'-- Up-to-date: /home/yadhu/ur3e/src/install/moveit_msgs/include/moveit_msgs/moveit_msgs/msg/detail/planner_params__traits.hpp\n'}
[2.398458] (moveit_msgs) StdoutLine: {'line': b'-- Up-to-date: /home/yadhu/ur3e/src/install/moveit_msgs/include/moveit_msgs/moveit_msgs/msg/detail/link_padding__builder.hpp\n'}
[2.398486] (moveit_msgs) StdoutLine: {'line': b'-- Up-to-date: /home/yadhu/ur3e/src/install/moveit_msgs/include/moveit_msgs/moveit_msgs/msg/detail/move_it_error_codes__builder.hpp\n'}
[2.398515] (moveit_msgs) StdoutLine: {'line': b'-- Up-to-date: /home/yadhu/ur3e/src/install/moveit_msgs/include/moveit_msgs/moveit_msgs/msg/detail/workspace_parameters__traits.hpp\n'}
[2.398542] (moveit_msgs) StdoutLine: {'line': b'-- Up-to-date: /home/yadhu/ur3e/src/install/moveit_msgs/include/moveit_msgs/moveit_msgs/msg/detail/planning_options__builder.hpp\n'}
[2.398571] (moveit_msgs) StdoutLine: {'line': b'-- Up-to-date: /home/yadhu/ur3e/src/install/moveit_msgs/include/moveit_msgs/moveit_msgs/msg/detail/planning_scene_world__builder.hpp\n'}
[2.398599] (moveit_msgs) StdoutLine: {'line': b'-- Up-to-date: /home/yadhu/ur3e/src/install/moveit_msgs/include/moveit_msgs/moveit_msgs/msg/detail/constraint_eval_result__traits.hpp\n'}
[2.398628] (moveit_msgs) StdoutLine: {'line': b'-- Up-to-date: /home/yadhu/ur3e/src/install/moveit_msgs/include/moveit_msgs/moveit_msgs/msg/detail/motion_sequence_item__traits.hpp\n'}
[2.398656] (moveit_msgs) StdoutLine: {'line': b'-- Up-to-date: /home/yadhu/ur3e/src/install/moveit_msgs/include/moveit_msgs/moveit_msgs/msg/detail/joint_constraint__traits.hpp\n'}
[2.398684] (moveit_msgs) StdoutLine: {'line': b'-- Up-to-date: /home/yadhu/ur3e/src/install/moveit_msgs/include/moveit_msgs/moveit_msgs/msg/detail/cost_source__struct.hpp\n'}
[2.398712] (moveit_msgs) StdoutLine: {'line': b'-- Up-to-date: /home/yadhu/ur3e/src/install/moveit_msgs/include/moveit_msgs/moveit_msgs/msg/detail/robot_state__builder.hpp\n'}
[2.398739] (moveit_msgs) StdoutLine: {'line': b'-- Up-to-date: /home/yadhu/ur3e/src/install/moveit_msgs/include/moveit_msgs/moveit_msgs/msg/detail/kinematic_solver_info__traits.hpp\n'}
[2.398767] (moveit_msgs) StdoutLine: {'line': b'-- Up-to-date: /home/yadhu/ur3e/src/install/moveit_msgs/include/moveit_msgs/moveit_msgs/msg/detail/motion_sequence_response__struct.hpp\n'}
[2.398794] (moveit_msgs) StdoutLine: {'line': b'-- Up-to-date: /home/yadhu/ur3e/src/install/moveit_msgs/include/moveit_msgs/moveit_msgs/msg/detail/position_constraint__struct.hpp\n'}
[2.398823] (moveit_msgs) StdoutLine: {'line': b'-- Up-to-date: /home/yadhu/ur3e/src/install/moveit_msgs/include/moveit_msgs/moveit_msgs/msg/detail/visibility_constraint__traits.hpp\n'}
[2.398851] (moveit_msgs) StdoutLine: {'line': b'-- Up-to-date: /home/yadhu/ur3e/src/install/moveit_msgs/include/moveit_msgs/moveit_msgs/msg/detail/constraints__builder.hpp\n'}
[2.398885] (moveit_msgs) StdoutLine: {'line': b'-- Up-to-date: /home/yadhu/ur3e/src/install/moveit_msgs/include/moveit_msgs/moveit_msgs/msg/detail/display_robot_state__traits.hpp\n'}
[2.398915] (moveit_msgs) StdoutLine: {'line': b'-- Up-to-date: /home/yadhu/ur3e/src/install/moveit_msgs/include/moveit_msgs/moveit_msgs/msg/detail/trajectory_constraints__builder.hpp\n'}
[2.398943] (moveit_msgs) StdoutLine: {'line': b'-- Up-to-date: /home/yadhu/ur3e/src/install/moveit_msgs/include/moveit_msgs/moveit_msgs/msg/detail/motion_sequence_item__struct.hpp\n'}
[2.398973] (moveit_msgs) StdoutLine: {'line': b'-- Up-to-date: /home/yadhu/ur3e/src/install/moveit_msgs/include/moveit_msgs/moveit_msgs/msg/detail/constraint_eval_result__builder.hpp\n'}
[2.399010] (moveit_msgs) StdoutLine: {'line': b'-- Up-to-date: /home/yadhu/ur3e/src/install/moveit_msgs/include/moveit_msgs/moveit_msgs/msg/detail/motion_plan_request__builder.hpp\n'}
[2.399041] (moveit_msgs) StdoutLine: {'line': b'-- Up-to-date: /home/yadhu/ur3e/src/install/moveit_msgs/include/moveit_msgs/moveit_msgs/msg/detail/cartesian_trajectory__struct.hpp\n'}
[2.399070] (moveit_msgs) StdoutLine: {'line': b'-- Up-to-date: /home/yadhu/ur3e/src/install/moveit_msgs/include/moveit_msgs/moveit_msgs/msg/detail/display_robot_state__builder.hpp\n'}
[2.399100] (moveit_msgs) StdoutLine: {'line': b'-- Up-to-date: /home/yadhu/ur3e/src/install/moveit_msgs/include/moveit_msgs/moveit_msgs/msg/detail/motion_plan_detailed_response__struct.hpp\n'}
[2.399142] (moveit_msgs) StdoutLine: {'line': b'-- Up-to-date: /home/yadhu/ur3e/src/install/moveit_msgs/include/moveit_msgs/moveit_msgs/msg/detail/oriented_bounding_box__builder.hpp\n'}
[2.399189] (moveit_msgs) StdoutLine: {'line': b'-- Up-to-date: /home/yadhu/ur3e/src/install/moveit_msgs/include/moveit_msgs/moveit_msgs/msg/detail/bounding_volume__builder.hpp\n'}
[2.399234] (moveit_msgs) StdoutLine: {'line': b'-- Up-to-date: /home/yadhu/ur3e/src/install/moveit_msgs/include/moveit_msgs/moveit_msgs/msg/detail/planning_options__traits.hpp\n'}
[2.399265] (moveit_msgs) StdoutLine: {'line': b'-- Up-to-date: /home/yadhu/ur3e/src/install/moveit_msgs/include/moveit_msgs/moveit_msgs/msg/detail/bounding_volume__traits.hpp\n'}
[2.399296] (moveit_msgs) StdoutLine: {'line': b'-- Up-to-date: /home/yadhu/ur3e/src/install/moveit_msgs/include/moveit_msgs/moveit_msgs/msg/detail/place_location__struct.hpp\n'}
[2.399327] (moveit_msgs) StdoutLine: {'line': b'-- Up-to-date: /home/yadhu/ur3e/src/install/moveit_msgs/include/moveit_msgs/moveit_msgs/msg/detail/robot_trajectory__builder.hpp\n'}
[2.399374] (moveit_msgs) StdoutLine: {'line': b'-- Up-to-date: /home/yadhu/ur3e/src/install/moveit_msgs/include/moveit_msgs/moveit_msgs/msg/detail/motion_plan_response__builder.hpp\n'}
[2.399404] (moveit_msgs) StdoutLine: {'line': b'-- Up-to-date: /home/yadhu/ur3e/src/install/moveit_msgs/include/moveit_msgs/moveit_msgs/msg/detail/collision_object__traits.hpp\n'}
[2.399434] (moveit_msgs) StdoutLine: {'line': b'-- Up-to-date: /home/yadhu/ur3e/src/install/moveit_msgs/include/moveit_msgs/moveit_msgs/msg/gripper_translation.hpp\n'}
[2.399467] (moveit_msgs) StdoutLine: {'line': b'-- Up-to-date: /home/yadhu/ur3e/src/install/moveit_msgs/include/moveit_msgs/moveit_msgs/msg/grasp.hpp\n'}
[2.399499] (moveit_msgs) StdoutLine: {'line': b'-- Up-to-date: /home/yadhu/ur3e/src/install/moveit_msgs/include/moveit_msgs/moveit_msgs/msg/planner_interface_description.hpp\n'}
[2.399530] (moveit_msgs) StdoutLine: {'line': b'-- Up-to-date: /home/yadhu/ur3e/src/install/moveit_msgs/include/moveit_msgs/moveit_msgs/msg/motion_plan_response.hpp\n'}
[2.399561] (moveit_msgs) StdoutLine: {'line': b'-- Up-to-date: /home/yadhu/ur3e/src/install/moveit_msgs/include/moveit_msgs/moveit_msgs/msg/cartesian_trajectory.hpp\n'}
[2.399590] (moveit_msgs) StdoutLine: {'line': b'-- Up-to-date: /home/yadhu/ur3e/src/install/moveit_msgs/include/moveit_msgs/moveit_msgs/msg/motion_plan_detailed_response.hpp\n'}
[2.399619] (moveit_msgs) StdoutLine: {'line': b'-- Up-to-date: /home/yadhu/ur3e/src/install/moveit_msgs/include/moveit_msgs/moveit_msgs/msg/motion_sequence_response.hpp\n'}
[2.399647] (moveit_msgs) StdoutLine: {'line': b'-- Up-to-date: /home/yadhu/ur3e/src/install/moveit_msgs/include/moveit_msgs/moveit_msgs/msg/allowed_collision_entry.hpp\n'}
[2.399677] (moveit_msgs) StdoutLine: {'line': b'-- Up-to-date: /home/yadhu/ur3e/src/install/moveit_msgs/include/moveit_msgs/moveit_msgs/msg/workspace_parameters.hpp\n'}
[2.399707] (moveit_msgs) StdoutLine: {'line': b'-- Up-to-date: /home/yadhu/ur3e/src/install/moveit_msgs/include/moveit_msgs/moveit_msgs/msg/bounding_volume.hpp\n'}
[2.399737] (moveit_msgs) StdoutLine: {'line': b'-- Up-to-date: /home/yadhu/ur3e/src/install/moveit_msgs/include/moveit_msgs/moveit_msgs/msg/visibility_constraint.hpp\n'}
[2.399766] (moveit_msgs) StdoutLine: {'line': b'-- Up-to-date: /home/yadhu/ur3e/src/install/moveit_msgs/include/moveit_msgs/moveit_msgs/msg/place_location.hpp\n'}
[2.399799] (moveit_msgs) StdoutLine: {'line': b'-- Up-to-date: /home/yadhu/ur3e/src/install/moveit_msgs/include/moveit_msgs/moveit_msgs/msg/display_robot_state.hpp\n'}
[2.399834] (moveit_msgs) StdoutLine: {'line': b'-- Up-to-date: /home/yadhu/ur3e/src/install/moveit_msgs/include/moveit_msgs/moveit_msgs/msg/joint_constraint.hpp\n'}
[2.399866] (moveit_msgs) StdoutLine: {'line': b'-- Up-to-date: /home/yadhu/ur3e/src/install/moveit_msgs/include/moveit_msgs/moveit_msgs/msg/planning_scene_components.hpp\n'}
[2.399896] (moveit_msgs) StdoutLine: {'line': b'-- Up-to-date: /home/yadhu/ur3e/src/install/moveit_msgs/include/moveit_msgs/moveit_msgs/msg/cartesian_trajectory_point.hpp\n'}
[2.399927] (moveit_msgs) StdoutLine: {'line': b'-- Up-to-date: /home/yadhu/ur3e/src/install/moveit_msgs/include/moveit_msgs/moveit_msgs/msg/planner_params.hpp\n'}
[2.399963] (moveit_msgs) StdoutLine: {'line': b'-- Up-to-date: /home/yadhu/ur3e/src/install/moveit_msgs/include/moveit_msgs/moveit_msgs/msg/kinematic_solver_info.hpp\n'}
[2.400005] (moveit_msgs) StdoutLine: {'line': b'-- Up-to-date: /home/yadhu/ur3e/src/install/moveit_msgs/include/moveit_msgs/moveit_msgs/msg/link_padding.hpp\n'}
[2.400039] (moveit_msgs) StdoutLine: {'line': b'-- Up-to-date: /home/yadhu/ur3e/src/install/moveit_msgs/include/moveit_msgs/moveit_msgs/msg/motion_plan_request.hpp\n'}
[2.400070] (moveit_msgs) StdoutLine: {'line': b'-- Up-to-date: /home/yadhu/ur3e/src/install/moveit_msgs/include/moveit_msgs/moveit_msgs/msg/robot_trajectory.hpp\n'}
[2.400100] (moveit_msgs) StdoutLine: {'line': b'-- Up-to-date: /home/yadhu/ur3e/src/install/moveit_msgs/include/moveit_msgs/moveit_msgs/msg/robot_state.hpp\n'}
[2.400130] (moveit_msgs) StdoutLine: {'line': b'-- Up-to-date: /home/yadhu/ur3e/src/install/moveit_msgs/include/moveit_msgs/moveit_msgs/msg/allowed_collision_matrix.hpp\n'}
[2.400160] (moveit_msgs) StdoutLine: {'line': b'-- Up-to-date: /home/yadhu/ur3e/src/install/moveit_msgs/include/moveit_msgs/moveit_msgs/msg/orientation_constraint.hpp\n'}
[2.400189] (moveit_msgs) StdoutLine: {'line': b'-- Up-to-date: /home/yadhu/ur3e/src/install/moveit_msgs/include/moveit_msgs/moveit_msgs/msg/cost_source.hpp\n'}
[2.400217] (moveit_msgs) StdoutLine: {'line': b'-- Up-to-date: /home/yadhu/ur3e/src/install/moveit_msgs/include/moveit_msgs/moveit_msgs/msg/move_it_error_codes.hpp\n'}
[2.400245] (moveit_msgs) StdoutLine: {'line': b'-- Up-to-date: /home/yadhu/ur3e/src/install/moveit_msgs/include/moveit_msgs/moveit_msgs/srv\n'}
[2.400275] (moveit_msgs) StdoutLine: {'line': b'-- Up-to-date: /home/yadhu/ur3e/src/install/moveit_msgs/include/moveit_msgs/moveit_msgs/srv/get_position_fk.hpp\n'}
[2.400303] (moveit_msgs) StdoutLine: {'line': b'-- Up-to-date: /home/yadhu/ur3e/src/install/moveit_msgs/include/moveit_msgs/moveit_msgs/srv/grasp_planning.hpp\n'}
[2.400331] (moveit_msgs) StdoutLine: {'line': b'-- Up-to-date: /home/yadhu/ur3e/src/install/moveit_msgs/include/moveit_msgs/moveit_msgs/srv/delete_robot_state_from_warehouse.hpp\n'}
[2.400360] (moveit_msgs) StdoutLine: {'line': b'-- Up-to-date: /home/yadhu/ur3e/src/install/moveit_msgs/include/moveit_msgs/moveit_msgs/srv/get_cartesian_path.hpp\n'}
[2.400390] (moveit_msgs) StdoutLine: {'line': b'-- Up-to-date: /home/yadhu/ur3e/src/install/moveit_msgs/include/moveit_msgs/moveit_msgs/srv/update_pointcloud_octomap.hpp\n'}
[2.400420] (moveit_msgs) StdoutLine: {'line': b'-- Up-to-date: /home/yadhu/ur3e/src/install/moveit_msgs/include/moveit_msgs/moveit_msgs/srv/change_control_dimensions.hpp\n'}
[2.400451] (moveit_msgs) StdoutLine: {'line': b'-- Up-to-date: /home/yadhu/ur3e/src/install/moveit_msgs/include/moveit_msgs/moveit_msgs/srv/list_robot_states_in_warehouse.hpp\n'}
[2.400480] (moveit_msgs) StdoutLine: {'line': b'-- Up-to-date: /home/yadhu/ur3e/src/install/moveit_msgs/include/moveit_msgs/moveit_msgs/srv/apply_planning_scene.hpp\n'}
[2.400507] (moveit_msgs) StdoutLine: {'line': b'-- Up-to-date: /home/yadhu/ur3e/src/install/moveit_msgs/include/moveit_msgs/moveit_msgs/srv/save_map.hpp\n'}
[2.400538] (moveit_msgs) StdoutLine: {'line': b'-- Up-to-date: /home/yadhu/ur3e/src/install/moveit_msgs/include/moveit_msgs/moveit_msgs/srv/set_planner_params.hpp\n'}
[2.400567] (moveit_msgs) StdoutLine: {'line': b'-- Up-to-date: /home/yadhu/ur3e/src/install/moveit_msgs/include/moveit_msgs/moveit_msgs/srv/query_planner_interfaces.hpp\n'}
[2.400598] (moveit_msgs) StdoutLine: {'line': b'-- Up-to-date: /home/yadhu/ur3e/src/install/moveit_msgs/include/moveit_msgs/moveit_msgs/srv/get_robot_state_from_warehouse.hpp\n'}
[2.400630] (moveit_msgs) StdoutLine: {'line': b'-- Up-to-date: /home/yadhu/ur3e/src/install/moveit_msgs/include/moveit_msgs/moveit_msgs/srv/detail\n'}
[2.400661] (moveit_msgs) StdoutLine: {'line': b'-- Up-to-date: /home/yadhu/ur3e/src/install/moveit_msgs/include/moveit_msgs/moveit_msgs/srv/detail/delete_robot_state_from_warehouse__traits.hpp\n'}
[2.400691] (moveit_msgs) StdoutLine: {'line': b'-- Up-to-date: /home/yadhu/ur3e/src/install/moveit_msgs/include/moveit_msgs/moveit_msgs/srv/detail/load_map__builder.hpp\n'}
[2.400723] (moveit_msgs) StdoutLine: {'line': b'-- Up-to-date: /home/yadhu/ur3e/src/install/moveit_msgs/include/moveit_msgs/moveit_msgs/srv/detail/save_map__traits.hpp\n'}
[2.400752] (moveit_msgs) StdoutLine: {'line': b'-- Up-to-date: /home/yadhu/ur3e/src/install/moveit_msgs/include/moveit_msgs/moveit_msgs/srv/detail/set_planner_params__builder.hpp\n'}
[2.400782] (moveit_msgs) StdoutLine: {'line': b'-- Up-to-date: /home/yadhu/ur3e/src/install/moveit_msgs/include/moveit_msgs/moveit_msgs/srv/detail/get_state_validity__builder.hpp\n'}
[2.400811] (moveit_msgs) StdoutLine: {'line': b'-- Up-to-date: /home/yadhu/ur3e/src/install/moveit_msgs/include/moveit_msgs/moveit_msgs/srv/detail/get_planner_params__struct.hpp\n'}
[2.400839] (moveit_msgs) StdoutLine: {'line': b'-- Up-to-date: /home/yadhu/ur3e/src/install/moveit_msgs/include/moveit_msgs/moveit_msgs/srv/detail/get_position_fk__traits.hpp\n'}
[2.400869] (moveit_msgs) StdoutLine: {'line': b'-- Up-to-date: /home/yadhu/ur3e/src/install/moveit_msgs/include/moveit_msgs/moveit_msgs/srv/detail/apply_planning_scene__struct.hpp\n'}
[2.400897] (moveit_msgs) StdoutLine: {'line': b'-- Up-to-date: /home/yadhu/ur3e/src/install/moveit_msgs/include/moveit_msgs/moveit_msgs/srv/detail/save_robot_state_to_warehouse__struct.hpp\n'}
[2.400927] (moveit_msgs) StdoutLine: {'line': b'-- Up-to-date: /home/yadhu/ur3e/src/install/moveit_msgs/include/moveit_msgs/moveit_msgs/srv/detail/save_robot_state_to_warehouse__traits.hpp\n'}
[2.400955] (moveit_msgs) StdoutLine: {'line': b'-- Up-to-date: /home/yadhu/ur3e/src/install/moveit_msgs/include/moveit_msgs/moveit_msgs/srv/detail/save_robot_state_to_warehouse__builder.hpp\n'}
[2.400988] (moveit_msgs) StdoutLine: {'line': b'-- Up-to-date: /home/yadhu/ur3e/src/install/moveit_msgs/include/moveit_msgs/moveit_msgs/srv/detail/query_planner_interfaces__struct.hpp\n'}
[2.401019] (moveit_msgs) StdoutLine: {'line': b'-- Up-to-date: /home/yadhu/ur3e/src/install/moveit_msgs/include/moveit_msgs/moveit_msgs/srv/detail/grasp_planning__builder.hpp\n'}
[2.401047] (moveit_msgs) StdoutLine: {'line': b'-- Up-to-date: /home/yadhu/ur3e/src/install/moveit_msgs/include/moveit_msgs/moveit_msgs/srv/detail/set_planner_params__traits.hpp\n'}
[2.401076] (moveit_msgs) StdoutLine: {'line': b'-- Up-to-date: /home/yadhu/ur3e/src/install/moveit_msgs/include/moveit_msgs/moveit_msgs/srv/detail/load_map__traits.hpp\n'}
[2.401104] (moveit_msgs) StdoutLine: {'line': b'-- Up-to-date: /home/yadhu/ur3e/src/install/moveit_msgs/include/moveit_msgs/moveit_msgs/srv/detail/update_pointcloud_octomap__struct.hpp\n'}
[2.401133] (moveit_msgs) StdoutLine: {'line': b'-- Up-to-date: /home/yadhu/ur3e/src/install/moveit_msgs/include/moveit_msgs/moveit_msgs/srv/detail/get_robot_state_from_warehouse__builder.hpp\n'}
[2.401162] (moveit_msgs) StdoutLine: {'line': b'-- Up-to-date: /home/yadhu/ur3e/src/install/moveit_msgs/include/moveit_msgs/moveit_msgs/srv/detail/get_motion_sequence__struct.hpp\n'}
[2.401189] (moveit_msgs) StdoutLine: {'line': b'-- Up-to-date: /home/yadhu/ur3e/src/install/moveit_msgs/include/moveit_msgs/moveit_msgs/srv/detail/grasp_planning__traits.hpp\n'}
[2.401219] (moveit_msgs) StdoutLine: {'line': b'-- Up-to-date: /home/yadhu/ur3e/src/install/moveit_msgs/include/moveit_msgs/moveit_msgs/srv/detail/set_planner_params__struct.hpp\n'}
[2.401247] (moveit_msgs) StdoutLine: {'line': b'-- Up-to-date: /home/yadhu/ur3e/src/install/moveit_msgs/include/moveit_msgs/moveit_msgs/srv/detail/rename_robot_state_in_warehouse__struct.hpp\n'}
[2.401276] (moveit_msgs) StdoutLine: {'line': b'-- Up-to-date: /home/yadhu/ur3e/src/install/moveit_msgs/include/moveit_msgs/moveit_msgs/srv/detail/delete_robot_state_from_warehouse__struct.hpp\n'}
[2.401304] (moveit_msgs) StdoutLine: {'line': b'-- Up-to-date: /home/yadhu/ur3e/src/install/moveit_msgs/include/moveit_msgs/moveit_msgs/srv/detail/get_cartesian_path__struct.hpp\n'}
[2.401333] (moveit_msgs) StdoutLine: {'line': b'-- Up-to-date: /home/yadhu/ur3e/src/install/moveit_msgs/include/moveit_msgs/moveit_msgs/srv/detail/grasp_planning__struct.hpp\n'}
[2.401360] (moveit_msgs) StdoutLine: {'line': b'-- Up-to-date: /home/yadhu/ur3e/src/install/moveit_msgs/include/moveit_msgs/moveit_msgs/srv/detail/update_pointcloud_octomap__builder.hpp\n'}
[2.401390] (moveit_msgs) StdoutLine: {'line': b'-- Up-to-date: /home/yadhu/ur3e/src/install/moveit_msgs/include/moveit_msgs/moveit_msgs/srv/detail/get_state_validity__traits.hpp\n'}
[2.401418] (moveit_msgs) StdoutLine: {'line': b'-- Up-to-date: /home/yadhu/ur3e/src/install/moveit_msgs/include/moveit_msgs/moveit_msgs/srv/detail/get_planning_scene__builder.hpp\n'}
[2.401446] (moveit_msgs) StdoutLine: {'line': b'-- Up-to-date: /home/yadhu/ur3e/src/install/moveit_msgs/include/moveit_msgs/moveit_msgs/srv/detail/get_planner_params__traits.hpp\n'}
[2.401474] (moveit_msgs) StdoutLine: {'line': b'-- Up-to-date: /home/yadhu/ur3e/src/install/moveit_msgs/include/moveit_msgs/moveit_msgs/srv/detail/change_control_dimensions__builder.hpp\n'}
[2.401502] (moveit_msgs) StdoutLine: {'line': b'-- Up-to-date: /home/yadhu/ur3e/src/install/moveit_msgs/include/moveit_msgs/moveit_msgs/srv/detail/get_position_fk__builder.hpp\n'}
[2.401530] (moveit_msgs) StdoutLine: {'line': b'-- Up-to-date: /home/yadhu/ur3e/src/install/moveit_msgs/include/moveit_msgs/moveit_msgs/srv/detail/get_position_ik__struct.hpp\n'}
[2.401557] (moveit_msgs) StdoutLine: {'line': b'-- Up-to-date: /home/yadhu/ur3e/src/install/moveit_msgs/include/moveit_msgs/moveit_msgs/srv/detail/list_robot_states_in_warehouse__traits.hpp\n'}
[2.401585] (moveit_msgs) StdoutLine: {'line': b'-- Up-to-date: /home/yadhu/ur3e/src/install/moveit_msgs/include/moveit_msgs/moveit_msgs/srv/detail/update_pointcloud_octomap__traits.hpp\n'}
[2.401614] (moveit_msgs) StdoutLine: {'line': b'-- Up-to-date: /home/yadhu/ur3e/src/install/moveit_msgs/include/moveit_msgs/moveit_msgs/srv/detail/change_drift_dimensions__struct.hpp\n'}
[2.401641] (moveit_msgs) StdoutLine: {'line': b'-- Up-to-date: /home/yadhu/ur3e/src/install/moveit_msgs/include/moveit_msgs/moveit_msgs/srv/detail/change_control_dimensions__struct.hpp\n'}
[2.401671] (moveit_msgs) StdoutLine: {'line': b'-- Up-to-date: /home/yadhu/ur3e/src/install/moveit_msgs/include/moveit_msgs/moveit_msgs/srv/detail/apply_planning_scene__traits.hpp\n'}
[2.401698] (moveit_msgs) StdoutLine: {'line': b'-- Up-to-date: /home/yadhu/ur3e/src/install/moveit_msgs/include/moveit_msgs/moveit_msgs/srv/detail/query_planner_interfaces__traits.hpp\n'}
[2.401727] (moveit_msgs) StdoutLine: {'line': b'-- Up-to-date: /home/yadhu/ur3e/src/install/moveit_msgs/include/moveit_msgs/moveit_msgs/srv/detail/query_planner_interfaces__builder.hpp\n'}
[2.401754] (moveit_msgs) StdoutLine: {'line': b'-- Up-to-date: /home/yadhu/ur3e/src/install/moveit_msgs/include/moveit_msgs/moveit_msgs/srv/detail/check_if_robot_state_exists_in_warehouse__builder.hpp\n'}
[2.401783] (moveit_msgs) StdoutLine: {'line': b'-- Up-to-date: /home/yadhu/ur3e/src/install/moveit_msgs/include/moveit_msgs/moveit_msgs/srv/detail/change_control_dimensions__traits.hpp\n'}
[2.401811] (moveit_msgs) StdoutLine: {'line': b'-- Up-to-date: /home/yadhu/ur3e/src/install/moveit_msgs/include/moveit_msgs/moveit_msgs/srv/detail/get_planning_scene__traits.hpp\n'}
[2.401846] (moveit_msgs) StdoutLine: {'line': b'-- Up-to-date: /home/yadhu/ur3e/src/install/moveit_msgs/include/moveit_msgs/moveit_msgs/srv/detail/rename_robot_state_in_warehouse__builder.hpp\n'}
[2.401874] (moveit_msgs) StdoutLine: {'line': b'-- Up-to-date: /home/yadhu/ur3e/src/install/moveit_msgs/include/moveit_msgs/moveit_msgs/srv/detail/list_robot_states_in_warehouse__struct.hpp\n'}
[2.401902] (moveit_msgs) StdoutLine: {'line': b'-- Up-to-date: /home/yadhu/ur3e/src/install/moveit_msgs/include/moveit_msgs/moveit_msgs/srv/detail/get_motion_plan__struct.hpp\n'}
[2.401930] (moveit_msgs) StdoutLine: {'line': b'-- Up-to-date: /home/yadhu/ur3e/src/install/moveit_msgs/include/moveit_msgs/moveit_msgs/srv/detail/save_map__struct.hpp\n'}
[2.401958] (moveit_msgs) StdoutLine: {'line': b'-- Up-to-date: /home/yadhu/ur3e/src/install/moveit_msgs/include/moveit_msgs/moveit_msgs/srv/detail/change_drift_dimensions__builder.hpp\n'}
[2.401989] (moveit_msgs) StdoutLine: {'line': b'-- Up-to-date: /home/yadhu/ur3e/src/install/moveit_msgs/include/moveit_msgs/moveit_msgs/srv/detail/get_robot_state_from_warehouse__struct.hpp\n'}
[2.402020] (moveit_msgs) StdoutLine: {'line': b'-- Up-to-date: /home/yadhu/ur3e/src/install/moveit_msgs/include/moveit_msgs/moveit_msgs/srv/detail/apply_planning_scene__builder.hpp\n'}
[2.402047] (moveit_msgs) StdoutLine: {'line': b'-- Up-to-date: /home/yadhu/ur3e/src/install/moveit_msgs/include/moveit_msgs/moveit_msgs/srv/detail/change_drift_dimensions__traits.hpp\n'}
[2.402074] (moveit_msgs) StdoutLine: {'line': b'-- Up-to-date: /home/yadhu/ur3e/src/install/moveit_msgs/include/moveit_msgs/moveit_msgs/srv/detail/get_cartesian_path__builder.hpp\n'}
[2.402101] (moveit_msgs) StdoutLine: {'line': b'-- Up-to-date: /home/yadhu/ur3e/src/install/moveit_msgs/include/moveit_msgs/moveit_msgs/srv/detail/rename_robot_state_in_warehouse__traits.hpp\n'}
[2.402129] (moveit_msgs) StdoutLine: {'line': b'-- Up-to-date: /home/yadhu/ur3e/src/install/moveit_msgs/include/moveit_msgs/moveit_msgs/srv/detail/get_position_fk__struct.hpp\n'}
[2.402157] (moveit_msgs) StdoutLine: {'line': b'-- Up-to-date: /home/yadhu/ur3e/src/install/moveit_msgs/include/moveit_msgs/moveit_msgs/srv/detail/get_state_validity__struct.hpp\n'}
[2.402185] (moveit_msgs) StdoutLine: {'line': b'-- Up-to-date: /home/yadhu/ur3e/src/install/moveit_msgs/include/moveit_msgs/moveit_msgs/srv/detail/get_position_ik__traits.hpp\n'}
[2.402213] (moveit_msgs) StdoutLine: {'line': b'-- Up-to-date: /home/yadhu/ur3e/src/install/moveit_msgs/include/moveit_msgs/moveit_msgs/srv/detail/get_motion_sequence__builder.hpp\n'}
[2.402240] (moveit_msgs) StdoutLine: {'line': b'-- Up-to-date: /home/yadhu/ur3e/src/install/moveit_msgs/include/moveit_msgs/moveit_msgs/srv/detail/save_map__builder.hpp\n'}
[2.402268] (moveit_msgs) StdoutLine: {'line': b'-- Up-to-date: /home/yadhu/ur3e/src/install/moveit_msgs/include/moveit_msgs/moveit_msgs/srv/detail/get_planner_params__builder.hpp\n'}
[2.402296] (moveit_msgs) StdoutLine: {'line': b'-- Up-to-date: /home/yadhu/ur3e/src/install/moveit_msgs/include/moveit_msgs/moveit_msgs/srv/detail/get_cartesian_path__traits.hpp\n'}
[2.402325] (moveit_msgs) StdoutLine: {'line': b'-- Up-to-date: /home/yadhu/ur3e/src/install/moveit_msgs/include/moveit_msgs/moveit_msgs/srv/detail/check_if_robot_state_exists_in_warehouse__struct.hpp\n'}
[2.402352] (moveit_msgs) StdoutLine: {'line': b'-- Up-to-date: /home/yadhu/ur3e/src/install/moveit_msgs/include/moveit_msgs/moveit_msgs/srv/detail/delete_robot_state_from_warehouse__builder.hpp\n'}
[2.402380] (moveit_msgs) StdoutLine: {'line': b'-- Up-to-date: /home/yadhu/ur3e/src/install/moveit_msgs/include/moveit_msgs/moveit_msgs/srv/detail/get_robot_state_from_warehouse__traits.hpp\n'}
[2.402408] (moveit_msgs) StdoutLine: {'line': b'-- Up-to-date: /home/yadhu/ur3e/src/install/moveit_msgs/include/moveit_msgs/moveit_msgs/srv/detail/load_map__struct.hpp\n'}
[2.402436] (moveit_msgs) StdoutLine: {'line': b'-- Up-to-date: /home/yadhu/ur3e/src/install/moveit_msgs/include/moveit_msgs/moveit_msgs/srv/detail/get_motion_plan__builder.hpp\n'}
[2.402467] (moveit_msgs) StdoutLine: {'line': b'-- Up-to-date: /home/yadhu/ur3e/src/install/moveit_msgs/include/moveit_msgs/moveit_msgs/srv/detail/get_motion_plan__traits.hpp\n'}
[2.402498] (moveit_msgs) StdoutLine: {'line': b'-- Up-to-date: /home/yadhu/ur3e/src/install/moveit_msgs/include/moveit_msgs/moveit_msgs/srv/detail/get_planning_scene__struct.hpp\n'}
[2.402526] (moveit_msgs) StdoutLine: {'line': b'-- Up-to-date: /home/yadhu/ur3e/src/install/moveit_msgs/include/moveit_msgs/moveit_msgs/srv/detail/get_motion_sequence__traits.hpp\n'}
[2.402554] (moveit_msgs) StdoutLine: {'line': b'-- Up-to-date: /home/yadhu/ur3e/src/install/moveit_msgs/include/moveit_msgs/moveit_msgs/srv/detail/get_position_ik__builder.hpp\n'}
[2.402581] (moveit_msgs) StdoutLine: {'line': b'-- Up-to-date: /home/yadhu/ur3e/src/install/moveit_msgs/include/moveit_msgs/moveit_msgs/srv/detail/list_robot_states_in_warehouse__builder.hpp\n'}
[2.402608] (moveit_msgs) StdoutLine: {'line': b'-- Up-to-date: /home/yadhu/ur3e/src/install/moveit_msgs/include/moveit_msgs/moveit_msgs/srv/detail/check_if_robot_state_exists_in_warehouse__traits.hpp\n'}
[2.402636] (moveit_msgs) StdoutLine: {'line': b'-- Up-to-date: /home/yadhu/ur3e/src/install/moveit_msgs/include/moveit_msgs/moveit_msgs/srv/rename_robot_state_in_warehouse.hpp\n'}
[2.402664] (moveit_msgs) StdoutLine: {'line': b'-- Up-to-date: /home/yadhu/ur3e/src/install/moveit_msgs/include/moveit_msgs/moveit_msgs/srv/get_planner_params.hpp\n'}
[2.402692] (moveit_msgs) StdoutLine: {'line': b'-- Up-to-date: /home/yadhu/ur3e/src/install/moveit_msgs/include/moveit_msgs/moveit_msgs/srv/get_motion_sequence.hpp\n'}
[2.402722] (moveit_msgs) StdoutLine: {'line': b'-- Up-to-date: /home/yadhu/ur3e/src/install/moveit_msgs/include/moveit_msgs/moveit_msgs/srv/get_motion_plan.hpp\n'}
[2.402751] (moveit_msgs) StdoutLine: {'line': b'-- Up-to-date: /home/yadhu/ur3e/src/install/moveit_msgs/include/moveit_msgs/moveit_msgs/srv/change_drift_dimensions.hpp\n'}
[2.402779] (moveit_msgs) StdoutLine: {'line': b'-- Up-to-date: /home/yadhu/ur3e/src/install/moveit_msgs/include/moveit_msgs/moveit_msgs/srv/get_position_ik.hpp\n'}
[2.402807] (moveit_msgs) StdoutLine: {'line': b'-- Up-to-date: /home/yadhu/ur3e/src/install/moveit_msgs/include/moveit_msgs/moveit_msgs/srv/check_if_robot_state_exists_in_warehouse.hpp\n'}
[2.402835] (moveit_msgs) StdoutLine: {'line': b'-- Up-to-date: /home/yadhu/ur3e/src/install/moveit_msgs/include/moveit_msgs/moveit_msgs/srv/load_map.hpp\n'}
[2.402863] (moveit_msgs) StdoutLine: {'line': b'-- Up-to-date: /home/yadhu/ur3e/src/install/moveit_msgs/include/moveit_msgs/moveit_msgs/srv/get_state_validity.hpp\n'}
[2.402891] (moveit_msgs) StdoutLine: {'line': b'-- Up-to-date: /home/yadhu/ur3e/src/install/moveit_msgs/include/moveit_msgs/moveit_msgs/srv/get_planning_scene.hpp\n'}
[2.402919] (moveit_msgs) StdoutLine: {'line': b'-- Up-to-date: /home/yadhu/ur3e/src/install/moveit_msgs/include/moveit_msgs/moveit_msgs/srv/save_robot_state_to_warehouse.hpp\n'}
[2.402947] (moveit_msgs) StdoutLine: {'line': b'-- Up-to-date: /home/yadhu/ur3e/src/install/moveit_msgs/include/moveit_msgs/moveit_msgs\n'}
[2.402974] (moveit_msgs) StdoutLine: {'line': b'-- Up-to-date: /home/yadhu/ur3e/src/install/moveit_msgs/include/moveit_msgs/moveit_msgs/action\n'}
[2.403006] (moveit_msgs) StdoutLine: {'line': b'-- Up-to-date: /home/yadhu/ur3e/src/install/moveit_msgs/include/moveit_msgs/moveit_msgs/action/detail\n'}
[2.403036] (moveit_msgs) StdoutLine: {'line': b'-- Up-to-date: /home/yadhu/ur3e/src/install/moveit_msgs/include/moveit_msgs/moveit_msgs/action/detail/move_group__rosidl_typesupport_fastrtps_cpp.hpp\n'}
[2.403065] (moveit_msgs) StdoutLine: {'line': b'-- Up-to-date: /home/yadhu/ur3e/src/install/moveit_msgs/include/moveit_msgs/moveit_msgs/action/detail/execute_trajectory__rosidl_typesupport_fastrtps_cpp.hpp\n'}
[2.403094] (moveit_msgs) StdoutLine: {'line': b'-- Up-to-date: /home/yadhu/ur3e/src/install/moveit_msgs/include/moveit_msgs/moveit_msgs/action/detail/dds_fastrtps\n'}
[2.403124] (moveit_msgs) StdoutLine: {'line': b'-- Up-to-date: /home/yadhu/ur3e/src/install/moveit_msgs/include/moveit_msgs/moveit_msgs/action/detail/move_group_sequence__rosidl_typesupport_fastrtps_cpp.hpp\n'}
[2.403153] (moveit_msgs) StdoutLine: {'line': b'-- Up-to-date: /home/yadhu/ur3e/src/install/moveit_msgs/include/moveit_msgs/moveit_msgs/action/detail/global_planner__rosidl_typesupport_fastrtps_cpp.hpp\n'}
[2.403180] (moveit_msgs) StdoutLine: {'line': b'-- Up-to-date: /home/yadhu/ur3e/src/install/moveit_msgs/include/moveit_msgs/moveit_msgs/action/detail/hybrid_planner__rosidl_typesupport_fastrtps_cpp.hpp\n'}
[2.403207] (moveit_msgs) StdoutLine: {'line': b'-- Up-to-date: /home/yadhu/ur3e/src/install/moveit_msgs/include/moveit_msgs/moveit_msgs/action/detail/local_planner__rosidl_typesupport_fastrtps_cpp.hpp\n'}
[2.403236] (moveit_msgs) StdoutLine: {'line': b'-- Up-to-date: /home/yadhu/ur3e/src/install/moveit_msgs/include/moveit_msgs/moveit_msgs/action/detail/pickup__rosidl_typesupport_fastrtps_cpp.hpp\n'}
[2.403264] (moveit_msgs) StdoutLine: {'line': b'-- Up-to-date: /home/yadhu/ur3e/src/install/moveit_msgs/include/moveit_msgs/moveit_msgs/action/detail/place__rosidl_typesupport_fastrtps_cpp.hpp\n'}
[2.403292] (moveit_msgs) StdoutLine: {'line': b'-- Up-to-date: /home/yadhu/ur3e/src/install/moveit_msgs/include/moveit_msgs/moveit_msgs/msg\n'}
[2.403319] (moveit_msgs) StdoutLine: {'line': b'-- Up-to-date: /home/yadhu/ur3e/src/install/moveit_msgs/include/moveit_msgs/moveit_msgs/msg/rosidl_typesupport_fastrtps_cpp__visibility_control.h\n'}
[2.403349] (moveit_msgs) StdoutLine: {'line': b'-- Up-to-date: /home/yadhu/ur3e/src/install/moveit_msgs/include/moveit_msgs/moveit_msgs/msg/detail\n'}
[2.403377] (moveit_msgs) StdoutLine: {'line': b'-- Up-to-date: /home/yadhu/ur3e/src/install/moveit_msgs/include/moveit_msgs/moveit_msgs/msg/detail/visibility_constraint__rosidl_typesupport_fastrtps_cpp.hpp\n'}
[2.403405] (moveit_msgs) StdoutLine: {'line': b'-- Up-to-date: /home/yadhu/ur3e/src/install/moveit_msgs/include/moveit_msgs/moveit_msgs/msg/detail/constraints__rosidl_typesupport_fastrtps_cpp.hpp\n'}
[2.403433] (moveit_msgs) StdoutLine: {'line': b'-- Up-to-date: /home/yadhu/ur3e/src/install/moveit_msgs/include/moveit_msgs/moveit_msgs/msg/detail/robot_state__rosidl_typesupport_fastrtps_cpp.hpp\n'}
[2.403461] (moveit_msgs) StdoutLine: {'line': b'-- Up-to-date: /home/yadhu/ur3e/src/install/moveit_msgs/include/moveit_msgs/moveit_msgs/msg/detail/planning_options__rosidl_typesupport_fastrtps_cpp.hpp\n'}
[2.403489] (moveit_msgs) StdoutLine: {'line': b'-- Up-to-date: /home/yadhu/ur3e/src/install/moveit_msgs/include/moveit_msgs/moveit_msgs/msg/detail/planner_params__rosidl_typesupport_fastrtps_cpp.hpp\n'}
[2.403517] (moveit_msgs) StdoutLine: {'line': b'-- Up-to-date: /home/yadhu/ur3e/src/install/moveit_msgs/include/moveit_msgs/moveit_msgs/msg/detail/planning_scene_components__rosidl_typesupport_fastrtps_cpp.hpp\n'}
[2.403545] (moveit_msgs) StdoutLine: {'line': b'-- Up-to-date: /home/yadhu/ur3e/src/install/moveit_msgs/include/moveit_msgs/moveit_msgs/msg/detail/workspace_parameters__rosidl_typesupport_fastrtps_cpp.hpp\n'}
[2.403573] (moveit_msgs) StdoutLine: {'line': b'-- Up-to-date: /home/yadhu/ur3e/src/install/moveit_msgs/include/moveit_msgs/moveit_msgs/msg/detail/motion_plan_detailed_response__rosidl_typesupport_fastrtps_cpp.hpp\n'}
[2.403604] (moveit_msgs) StdoutLine: {'line': b'-- Up-to-date: /home/yadhu/ur3e/src/install/moveit_msgs/include/moveit_msgs/moveit_msgs/msg/detail/collision_object__rosidl_typesupport_fastrtps_cpp.hpp\n'}
[2.403633] (moveit_msgs) StdoutLine: {'line': b'-- Up-to-date: /home/yadhu/ur3e/src/install/moveit_msgs/include/moveit_msgs/moveit_msgs/msg/detail/cartesian_point__rosidl_typesupport_fastrtps_cpp.hpp\n'}
[2.403662] (moveit_msgs) StdoutLine: {'line': b'-- Up-to-date: /home/yadhu/ur3e/src/install/moveit_msgs/include/moveit_msgs/moveit_msgs/msg/detail/display_trajectory__rosidl_typesupport_fastrtps_cpp.hpp\n'}
[2.403691] (moveit_msgs) StdoutLine: {'line': b'-- Up-to-date: /home/yadhu/ur3e/src/install/moveit_msgs/include/moveit_msgs/moveit_msgs/msg/detail/oriented_bounding_box__rosidl_typesupport_fastrtps_cpp.hpp\n'}
[2.403721] (moveit_msgs) StdoutLine: {'line': b'-- Up-to-date: /home/yadhu/ur3e/src/install/moveit_msgs/include/moveit_msgs/moveit_msgs/msg/detail/dds_fastrtps\n'}
[2.403749] (moveit_msgs) StdoutLine: {'line': b'-- Up-to-date: /home/yadhu/ur3e/src/install/moveit_msgs/include/moveit_msgs/moveit_msgs/msg/detail/bounding_volume__rosidl_typesupport_fastrtps_cpp.hpp\n'}
[2.403778] (moveit_msgs) StdoutLine: {'line': b'-- Up-to-date: /home/yadhu/ur3e/src/install/moveit_msgs/include/moveit_msgs/moveit_msgs/msg/detail/link_scale__rosidl_typesupport_fastrtps_cpp.hpp\n'}
[2.403805] (moveit_msgs) StdoutLine: {'line': b'-- Up-to-date: /home/yadhu/ur3e/src/install/moveit_msgs/include/moveit_msgs/moveit_msgs/msg/detail/attached_collision_object__rosidl_typesupport_fastrtps_cpp.hpp\n'}
[2.403833] (moveit_msgs) StdoutLine: {'line': b'-- Up-to-date: /home/yadhu/ur3e/src/install/moveit_msgs/include/moveit_msgs/moveit_msgs/msg/detail/planning_scene__rosidl_typesupport_fastrtps_cpp.hpp\n'}
[2.403861] (moveit_msgs) StdoutLine: {'line': b'-- Up-to-date: /home/yadhu/ur3e/src/install/moveit_msgs/include/moveit_msgs/moveit_msgs/msg/detail/position_constraint__rosidl_typesupport_fastrtps_cpp.hpp\n'}
[2.403889] (moveit_msgs) StdoutLine: {'line': b'-- Up-to-date: /home/yadhu/ur3e/src/install/moveit_msgs/include/moveit_msgs/moveit_msgs/msg/detail/position_ik_request__rosidl_typesupport_fastrtps_cpp.hpp\n'}
[2.403918] (moveit_msgs) StdoutLine: {'line': b'-- Up-to-date: /home/yadhu/ur3e/src/install/moveit_msgs/include/moveit_msgs/moveit_msgs/msg/detail/motion_plan_request__rosidl_typesupport_fastrtps_cpp.hpp\n'}
[2.403945] (moveit_msgs) StdoutLine: {'line': b'-- Up-to-date: /home/yadhu/ur3e/src/install/moveit_msgs/include/moveit_msgs/moveit_msgs/msg/detail/motion_sequence_request__rosidl_typesupport_fastrtps_cpp.hpp\n'}
[2.403974] (moveit_msgs) StdoutLine: {'line': b'-- Up-to-date: /home/yadhu/ur3e/src/install/moveit_msgs/include/moveit_msgs/moveit_msgs/msg/detail/object_color__rosidl_typesupport_fastrtps_cpp.hpp\n'}
[2.404005] (moveit_msgs) StdoutLine: {'line': b'-- Up-to-date: /home/yadhu/ur3e/src/install/moveit_msgs/include/moveit_msgs/moveit_msgs/msg/detail/planner_interface_description__rosidl_typesupport_fastrtps_cpp.hpp\n'}
[2.404034] (moveit_msgs) StdoutLine: {'line': b'-- Up-to-date: /home/yadhu/ur3e/src/install/moveit_msgs/include/moveit_msgs/moveit_msgs/msg/detail/planning_scene_world__rosidl_typesupport_fastrtps_cpp.hpp\n'}
[2.404065] (moveit_msgs) StdoutLine: {'line': b'-- Up-to-date: /home/yadhu/ur3e/src/install/moveit_msgs/include/moveit_msgs/moveit_msgs/msg/detail/gripper_translation__rosidl_typesupport_fastrtps_cpp.hpp\n'}
[2.404093] (moveit_msgs) StdoutLine: {'line': b'-- Up-to-date: /home/yadhu/ur3e/src/install/moveit_msgs/include/moveit_msgs/moveit_msgs/msg/detail/place_location__rosidl_typesupport_fastrtps_cpp.hpp\n'}
[2.404121] (moveit_msgs) StdoutLine: {'line': b'-- Up-to-date: /home/yadhu/ur3e/src/install/moveit_msgs/include/moveit_msgs/moveit_msgs/msg/detail/cartesian_trajectory_point__rosidl_typesupport_fastrtps_cpp.hpp\n'}
[2.404151] (moveit_msgs) StdoutLine: {'line': b'-- Up-to-date: /home/yadhu/ur3e/src/install/moveit_msgs/include/moveit_msgs/moveit_msgs/msg/detail/generic_trajectory__rosidl_typesupport_fastrtps_cpp.hpp\n'}
[2.404178] (moveit_msgs) StdoutLine: {'line': b'-- Up-to-date: /home/yadhu/ur3e/src/install/moveit_msgs/include/moveit_msgs/moveit_msgs/msg/detail/robot_trajectory__rosidl_typesupport_fastrtps_cpp.hpp\n'}
[2.404210] (moveit_msgs) StdoutLine: {'line': b'-- Up-to-date: /home/yadhu/ur3e/src/install/moveit_msgs/include/moveit_msgs/moveit_msgs/msg/detail/display_robot_state__rosidl_typesupport_fastrtps_cpp.hpp\n'}
[2.404262] (moveit_msgs) StdoutLine: {'line': b'-- Up-to-date: /home/yadhu/ur3e/src/install/moveit_msgs/include/moveit_msgs/moveit_msgs/msg/detail/move_it_error_codes__rosidl_typesupport_fastrtps_cpp.hpp\n'}
[2.404322] (moveit_msgs) StdoutLine: {'line': b'-- Up-to-date: /home/yadhu/ur3e/src/install/moveit_msgs/include/moveit_msgs/moveit_msgs/msg/detail/kinematic_solver_info__rosidl_typesupport_fastrtps_cpp.hpp\n'}
[2.404379] (moveit_msgs) StdoutLine: {'line': b'-- Up-to-date: /home/yadhu/ur3e/src/install/moveit_msgs/include/moveit_msgs/moveit_msgs/msg/detail/cost_source__rosidl_typesupport_fastrtps_cpp.hpp\n'}
[2.404413] (moveit_msgs) StdoutLine: {'line': b'-- Up-to-date: /home/yadhu/ur3e/src/install/moveit_msgs/include/moveit_msgs/moveit_msgs/msg/detail/trajectory_constraints__rosidl_typesupport_fastrtps_cpp.hpp\n'}
[2.404443] (moveit_msgs) StdoutLine: {'line': b'-- Up-to-date: /home/yadhu/ur3e/src/install/moveit_msgs/include/moveit_msgs/moveit_msgs/msg/detail/cartesian_trajectory__rosidl_typesupport_fastrtps_cpp.hpp\n'}
[2.404477] (moveit_msgs) StdoutLine: {'line': b'-- Up-to-date: /home/yadhu/ur3e/src/install/moveit_msgs/include/moveit_msgs/moveit_msgs/msg/detail/link_padding__rosidl_typesupport_fastrtps_cpp.hpp\n'}
[2.404506] (moveit_msgs) StdoutLine: {'line': b'-- Up-to-date: /home/yadhu/ur3e/src/install/moveit_msgs/include/moveit_msgs/moveit_msgs/msg/detail/grasp__rosidl_typesupport_fastrtps_cpp.hpp\n'}
[2.404536] (moveit_msgs) StdoutLine: {'line': b'-- Up-to-date: /home/yadhu/ur3e/src/install/moveit_msgs/include/moveit_msgs/moveit_msgs/msg/detail/allowed_collision_matrix__rosidl_typesupport_fastrtps_cpp.hpp\n'}
[2.404565] (moveit_msgs) StdoutLine: {'line': b'-- Up-to-date: /home/yadhu/ur3e/src/install/moveit_msgs/include/moveit_msgs/moveit_msgs/msg/detail/motion_sequence_item__rosidl_typesupport_fastrtps_cpp.hpp\n'}
[2.404595] (moveit_msgs) StdoutLine: {'line': b'-- Up-to-date: /home/yadhu/ur3e/src/install/moveit_msgs/include/moveit_msgs/moveit_msgs/msg/detail/allowed_collision_entry__rosidl_typesupport_fastrtps_cpp.hpp\n'}
[2.404630] (moveit_msgs) StdoutLine: {'line': b'-- Up-to-date: /home/yadhu/ur3e/src/install/moveit_msgs/include/moveit_msgs/moveit_msgs/msg/detail/contact_information__rosidl_typesupport_fastrtps_cpp.hpp\n'}
[2.404684] (moveit_msgs) StdoutLine: {'line': b'-- Up-to-date: /home/yadhu/ur3e/src/install/moveit_msgs/include/moveit_msgs/moveit_msgs/msg/detail/motion_sequence_response__rosidl_typesupport_fastrtps_cpp.hpp\n'}
[2.404720] (moveit_msgs) StdoutLine: {'line': b'-- Up-to-date: /home/yadhu/ur3e/src/install/moveit_msgs/include/moveit_msgs/moveit_msgs/msg/detail/joint_limits__rosidl_typesupport_fastrtps_cpp.hpp\n'}
[2.404768] (moveit_msgs) StdoutLine: {'line': b'-- Up-to-date: /home/yadhu/ur3e/src/install/moveit_msgs/include/moveit_msgs/moveit_msgs/msg/detail/constraint_eval_result__rosidl_typesupport_fastrtps_cpp.hpp\n'}
[2.404804] (moveit_msgs) StdoutLine: {'line': b'-- Up-to-date: /home/yadhu/ur3e/src/install/moveit_msgs/include/moveit_msgs/moveit_msgs/msg/detail/joint_constraint__rosidl_typesupport_fastrtps_cpp.hpp\n'}
[2.404834] (moveit_msgs) StdoutLine: {'line': b'-- Up-to-date: /home/yadhu/ur3e/src/install/moveit_msgs/include/moveit_msgs/moveit_msgs/msg/detail/motion_plan_response__rosidl_typesupport_fastrtps_cpp.hpp\n'}
[2.404863] (moveit_msgs) StdoutLine: {'line': b'-- Up-to-date: /home/yadhu/ur3e/src/install/moveit_msgs/include/moveit_msgs/moveit_msgs/msg/detail/orientation_constraint__rosidl_typesupport_fastrtps_cpp.hpp\n'}
[2.404892] (moveit_msgs) StdoutLine: {'line': b'-- Up-to-date: /home/yadhu/ur3e/src/install/moveit_msgs/include/moveit_msgs/moveit_msgs/srv\n'}
[2.404925] (moveit_msgs) StdoutLine: {'line': b'-- Up-to-date: /home/yadhu/ur3e/src/install/moveit_msgs/include/moveit_msgs/moveit_msgs/srv/detail\n'}
[2.404981] (moveit_msgs) StdoutLine: {'line': b'-- Up-to-date: /home/yadhu/ur3e/src/install/moveit_msgs/include/moveit_msgs/moveit_msgs/srv/detail/save_map__rosidl_typesupport_fastrtps_cpp.hpp\n'}
[2.405041] (moveit_msgs) StdoutLine: {'line': b'-- Up-to-date: /home/yadhu/ur3e/src/install/moveit_msgs/include/moveit_msgs/moveit_msgs/srv/detail/rename_robot_state_in_warehouse__rosidl_typesupport_fastrtps_cpp.hpp\n'}
[2.405076] (moveit_msgs) StdoutLine: {'line': b'-- Up-to-date: /home/yadhu/ur3e/src/install/moveit_msgs/include/moveit_msgs/moveit_msgs/srv/detail/get_planning_scene__rosidl_typesupport_fastrtps_cpp.hpp\n'}
[2.405108] (moveit_msgs) StdoutLine: {'line': b'-- Up-to-date: /home/yadhu/ur3e/src/install/moveit_msgs/include/moveit_msgs/moveit_msgs/srv/detail/dds_fastrtps\n'}
[2.405138] (moveit_msgs) StdoutLine: {'line': b'-- Up-to-date: /home/yadhu/ur3e/src/install/moveit_msgs/include/moveit_msgs/moveit_msgs/srv/detail/get_motion_sequence__rosidl_typesupport_fastrtps_cpp.hpp\n'}
[2.405167] (moveit_msgs) StdoutLine: {'line': b'-- Up-to-date: /home/yadhu/ur3e/src/install/moveit_msgs/include/moveit_msgs/moveit_msgs/srv/detail/get_position_ik__rosidl_typesupport_fastrtps_cpp.hpp\n'}
[2.405199] (moveit_msgs) StdoutLine: {'line': b'-- Up-to-date: /home/yadhu/ur3e/src/install/moveit_msgs/include/moveit_msgs/moveit_msgs/srv/detail/query_planner_interfaces__rosidl_typesupport_fastrtps_cpp.hpp\n'}
[2.405228] (moveit_msgs) StdoutLine: {'line': b'-- Up-to-date: /home/yadhu/ur3e/src/install/moveit_msgs/include/moveit_msgs/moveit_msgs/srv/detail/get_planner_params__rosidl_typesupport_fastrtps_cpp.hpp\n'}
[2.405258] (moveit_msgs) StdoutLine: {'line': b'-- Up-to-date: /home/yadhu/ur3e/src/install/moveit_msgs/include/moveit_msgs/moveit_msgs/srv/detail/change_control_dimensions__rosidl_typesupport_fastrtps_cpp.hpp\n'}
[2.405297] (moveit_msgs) StdoutLine: {'line': b'-- Up-to-date: /home/yadhu/ur3e/src/install/moveit_msgs/include/moveit_msgs/moveit_msgs/srv/detail/update_pointcloud_octomap__rosidl_typesupport_fastrtps_cpp.hpp\n'}
[2.405349] (moveit_msgs) StdoutLine: {'line': b'-- Up-to-date: /home/yadhu/ur3e/src/install/moveit_msgs/include/moveit_msgs/moveit_msgs/srv/detail/delete_robot_state_from_warehouse__rosidl_typesupport_fastrtps_cpp.hpp\n'}
[2.405380] (moveit_msgs) StdoutLine: {'line': b'-- Up-to-date: /home/yadhu/ur3e/src/install/moveit_msgs/include/moveit_msgs/moveit_msgs/srv/detail/get_cartesian_path__rosidl_typesupport_fastrtps_cpp.hpp\n'}
[2.405410] (moveit_msgs) StdoutLine: {'line': b'-- Up-to-date: /home/yadhu/ur3e/src/install/moveit_msgs/include/moveit_msgs/moveit_msgs/srv/detail/get_state_validity__rosidl_typesupport_fastrtps_cpp.hpp\n'}
[2.405443] (moveit_msgs) StdoutLine: {'line': b'-- Up-to-date: /home/yadhu/ur3e/src/install/moveit_msgs/include/moveit_msgs/moveit_msgs/srv/detail/get_position_fk__rosidl_typesupport_fastrtps_cpp.hpp\n'}
[2.405472] (moveit_msgs) StdoutLine: {'line': b'-- Up-to-date: /home/yadhu/ur3e/src/install/moveit_msgs/include/moveit_msgs/moveit_msgs/srv/detail/list_robot_states_in_warehouse__rosidl_typesupport_fastrtps_cpp.hpp\n'}
[2.405500] (moveit_msgs) StdoutLine: {'line': b'-- Up-to-date: /home/yadhu/ur3e/src/install/moveit_msgs/include/moveit_msgs/moveit_msgs/srv/detail/get_motion_plan__rosidl_typesupport_fastrtps_cpp.hpp\n'}
[2.405541] (moveit_msgs) StdoutLine: {'line': b'-- Up-to-date: /home/yadhu/ur3e/src/install/moveit_msgs/include/moveit_msgs/moveit_msgs/srv/detail/save_robot_state_to_warehouse__rosidl_typesupport_fastrtps_cpp.hpp\n'}
[2.405585] (moveit_msgs) StdoutLine: {'line': b'-- Up-to-date: /home/yadhu/ur3e/src/install/moveit_msgs/include/moveit_msgs/moveit_msgs/srv/detail/load_map__rosidl_typesupport_fastrtps_cpp.hpp\n'}
[2.405616] (moveit_msgs) StdoutLine: {'line': b'-- Up-to-date: /home/yadhu/ur3e/src/install/moveit_msgs/include/moveit_msgs/moveit_msgs/srv/detail/get_robot_state_from_warehouse__rosidl_typesupport_fastrtps_cpp.hpp\n'}
[2.405647] (moveit_msgs) StdoutLine: {'line': b'-- Up-to-date: /home/yadhu/ur3e/src/install/moveit_msgs/include/moveit_msgs/moveit_msgs/srv/detail/change_drift_dimensions__rosidl_typesupport_fastrtps_cpp.hpp\n'}
[2.405676] (moveit_msgs) StdoutLine: {'line': b'-- Up-to-date: /home/yadhu/ur3e/src/install/moveit_msgs/include/moveit_msgs/moveit_msgs/srv/detail/set_planner_params__rosidl_typesupport_fastrtps_cpp.hpp\n'}
[2.405705] (moveit_msgs) StdoutLine: {'line': b'-- Up-to-date: /home/yadhu/ur3e/src/install/moveit_msgs/include/moveit_msgs/moveit_msgs/srv/detail/check_if_robot_state_exists_in_warehouse__rosidl_typesupport_fastrtps_cpp.hpp\n'}
[2.405733] (moveit_msgs) StdoutLine: {'line': b'-- Up-to-date: /home/yadhu/ur3e/src/install/moveit_msgs/include/moveit_msgs/moveit_msgs/srv/detail/grasp_planning__rosidl_typesupport_fastrtps_cpp.hpp\n'}
[2.405763] (moveit_msgs) StdoutLine: {'line': b'-- Up-to-date: /home/yadhu/ur3e/src/install/moveit_msgs/include/moveit_msgs/moveit_msgs/srv/detail/apply_planning_scene__rosidl_typesupport_fastrtps_cpp.hpp\n'}
[2.405800] (moveit_msgs) StdoutLine: {'line': b'-- Up-to-date: /home/yadhu/ur3e/src/install/moveit_msgs/lib/libmoveit_msgs__rosidl_typesupport_fastrtps_cpp.so\n'}
[2.405830] (moveit_msgs) StdoutLine: {'line': b'-- Up-to-date: /home/yadhu/ur3e/src/install/moveit_msgs/include/moveit_msgs/moveit_msgs\n'}
[2.405859] (moveit_msgs) StdoutLine: {'line': b'-- Up-to-date: /home/yadhu/ur3e/src/install/moveit_msgs/include/moveit_msgs/moveit_msgs/action\n'}
[2.405889] (moveit_msgs) StdoutLine: {'line': b'-- Up-to-date: /home/yadhu/ur3e/src/install/moveit_msgs/include/moveit_msgs/moveit_msgs/action/detail\n'}
[2.405918] (moveit_msgs) StdoutLine: {'line': b'-- Up-to-date: /home/yadhu/ur3e/src/install/moveit_msgs/include/moveit_msgs/moveit_msgs/action/detail/hybrid_planner__rosidl_typesupport_introspection_cpp.hpp\n'}
[2.405948] (moveit_msgs) StdoutLine: {'line': b'-- Up-to-date: /home/yadhu/ur3e/src/install/moveit_msgs/include/moveit_msgs/moveit_msgs/action/detail/place__type_support.cpp\n'}
[2.405993] (moveit_msgs) StdoutLine: {'line': b'-- Up-to-date: /home/yadhu/ur3e/src/install/moveit_msgs/include/moveit_msgs/moveit_msgs/action/detail/local_planner__rosidl_typesupport_introspection_cpp.hpp\n'}
[2.406030] (moveit_msgs) StdoutLine: {'line': b'-- Up-to-date: /home/yadhu/ur3e/src/install/moveit_msgs/include/moveit_msgs/moveit_msgs/action/detail/move_group_sequence__type_support.cpp\n'}
[2.406075] (moveit_msgs) StdoutLine: {'line': b'-- Up-to-date: /home/yadhu/ur3e/src/install/moveit_msgs/include/moveit_msgs/moveit_msgs/action/detail/hybrid_planner__type_support.cpp\n'}
[2.406107] (moveit_msgs) StdoutLine: {'line': b'-- Up-to-date: /home/yadhu/ur3e/src/install/moveit_msgs/include/moveit_msgs/moveit_msgs/action/detail/global_planner__type_support.cpp\n'}
[2.406137] (moveit_msgs) StdoutLine: {'line': b'-- Up-to-date: /home/yadhu/ur3e/src/install/moveit_msgs/include/moveit_msgs/moveit_msgs/action/detail/pickup__type_support.cpp\n'}
[2.406185] (moveit_msgs) StdoutLine: {'line': b'-- Up-to-date: /home/yadhu/ur3e/src/install/moveit_msgs/include/moveit_msgs/moveit_msgs/action/detail/pickup__rosidl_typesupport_introspection_cpp.hpp\n'}
[2.406219] (moveit_msgs) StdoutLine: {'line': b'-- Up-to-date: /home/yadhu/ur3e/src/install/moveit_msgs/include/moveit_msgs/moveit_msgs/action/detail/move_group__rosidl_typesupport_introspection_cpp.hpp\n'}
[2.406254] (moveit_msgs) StdoutLine: {'line': b'-- Up-to-date: /home/yadhu/ur3e/src/install/moveit_msgs/include/moveit_msgs/moveit_msgs/action/detail/execute_trajectory__rosidl_typesupport_introspection_cpp.hpp\n'}
[2.406293] (moveit_msgs) StdoutLine: {'line': b'-- Up-to-date: /home/yadhu/ur3e/src/install/moveit_msgs/include/moveit_msgs/moveit_msgs/action/detail/move_group_sequence__rosidl_typesupport_introspection_cpp.hpp\n'}
[2.406327] (moveit_msgs) StdoutLine: {'line': b'-- Up-to-date: /home/yadhu/ur3e/src/install/moveit_msgs/include/moveit_msgs/moveit_msgs/action/detail/place__rosidl_typesupport_introspection_cpp.hpp\n'}
[2.406365] (moveit_msgs) StdoutLine: {'line': b'-- Up-to-date: /home/yadhu/ur3e/src/install/moveit_msgs/include/moveit_msgs/moveit_msgs/action/detail/local_planner__type_support.cpp\n'}
[2.406403] (moveit_msgs) StdoutLine: {'line': b'-- Up-to-date: /home/yadhu/ur3e/src/install/moveit_msgs/include/moveit_msgs/moveit_msgs/action/detail/global_planner__rosidl_typesupport_introspection_cpp.hpp\n'}
[2.406444] (moveit_msgs) StdoutLine: {'line': b'-- Up-to-date: /home/yadhu/ur3e/src/install/moveit_msgs/include/moveit_msgs/moveit_msgs/action/detail/execute_trajectory__type_support.cpp\n'}
[2.406497] (moveit_msgs) StdoutLine: {'line': b'-- Up-to-date: /home/yadhu/ur3e/src/install/moveit_msgs/include/moveit_msgs/moveit_msgs/action/detail/move_group__type_support.cpp\n'}
[2.406553] (moveit_msgs) StdoutLine: {'line': b'-- Up-to-date: /home/yadhu/ur3e/src/install/moveit_msgs/include/moveit_msgs/moveit_msgs/msg\n'}
[2.406611] (moveit_msgs) StdoutLine: {'line': b'-- Up-to-date: /home/yadhu/ur3e/src/install/moveit_msgs/include/moveit_msgs/moveit_msgs/msg/detail\n'}
[2.406669] (moveit_msgs) StdoutLine: {'line': b'-- Up-to-date: /home/yadhu/ur3e/src/install/moveit_msgs/include/moveit_msgs/moveit_msgs/msg/detail/workspace_parameters__type_support.cpp\n'}
[2.406725] (moveit_msgs) StdoutLine: {'line': b'-- Up-to-date: /home/yadhu/ur3e/src/install/moveit_msgs/include/moveit_msgs/moveit_msgs/msg/detail/trajectory_constraints__rosidl_typesupport_introspection_cpp.hpp\n'}
[2.406783] (moveit_msgs) StdoutLine: {'line': b'-- Up-to-date: /home/yadhu/ur3e/src/install/moveit_msgs/include/moveit_msgs/moveit_msgs/msg/detail/motion_sequence_item__type_support.cpp\n'}
[2.406847] (moveit_msgs) StdoutLine: {'line': b'-- Up-to-date: /home/yadhu/ur3e/src/install/moveit_msgs/include/moveit_msgs/moveit_msgs/msg/detail/planning_options__rosidl_typesupport_introspection_cpp.hpp\n'}
[2.406904] (moveit_msgs) StdoutLine: {'line': b'-- Up-to-date: /home/yadhu/ur3e/src/install/moveit_msgs/include/moveit_msgs/moveit_msgs/msg/detail/cartesian_trajectory_point__type_support.cpp\n'}
[2.406952] (moveit_msgs) StdoutLine: {'line': b'-- Up-to-date: /home/yadhu/ur3e/src/install/moveit_msgs/include/moveit_msgs/moveit_msgs/msg/detail/display_trajectory__type_support.cpp\n'}
[2.407014] (moveit_msgs) StdoutLine: {'line': b'-- Up-to-date: /home/yadhu/ur3e/src/install/moveit_msgs/include/moveit_msgs/moveit_msgs/msg/detail/planning_scene_world__type_support.cpp\n'}
[2.407072] (moveit_msgs) StdoutLine: {'line': b'-- Up-to-date: /home/yadhu/ur3e/src/install/moveit_msgs/include/moveit_msgs/moveit_msgs/msg/detail/planning_scene_components__type_support.cpp\n'}
[2.407128] (moveit_msgs) StdoutLine: {'line': b'-- Up-to-date: /home/yadhu/ur3e/src/install/moveit_msgs/include/moveit_msgs/moveit_msgs/msg/detail/visibility_constraint__rosidl_typesupport_introspection_cpp.hpp\n'}
[2.407180] (moveit_msgs) StdoutLine: {'line': b'-- Up-to-date: /home/yadhu/ur3e/src/install/moveit_msgs/include/moveit_msgs/moveit_msgs/msg/detail/constraints__type_support.cpp\n'}
[2.407229] (moveit_msgs) StdoutLine: {'line': b'-- Up-to-date: /home/yadhu/ur3e/src/install/moveit_msgs/include/moveit_msgs/moveit_msgs/msg/detail/cost_source__type_support.cpp\n'}
[2.407279] (moveit_msgs) StdoutLine: {'line': b'-- Up-to-date: /home/yadhu/ur3e/src/install/moveit_msgs/include/moveit_msgs/moveit_msgs/msg/detail/planner_interface_description__rosidl_typesupport_introspection_cpp.hpp\n'}
[2.407314] (moveit_msgs) StdoutLine: {'line': b'-- Up-to-date: /home/yadhu/ur3e/src/install/moveit_msgs/include/moveit_msgs/moveit_msgs/msg/detail/position_constraint__rosidl_typesupport_introspection_cpp.hpp\n'}
[2.407346] (moveit_msgs) StdoutLine: {'line': b'-- Up-to-date: /home/yadhu/ur3e/src/install/moveit_msgs/include/moveit_msgs/moveit_msgs/msg/detail/joint_constraint__type_support.cpp\n'}
[2.407376] (moveit_msgs) StdoutLine: {'line': b'-- Up-to-date: /home/yadhu/ur3e/src/install/moveit_msgs/include/moveit_msgs/moveit_msgs/msg/detail/motion_plan_detailed_response__type_support.cpp\n'}
[2.407408] (moveit_msgs) StdoutLine: {'line': b'-- Up-to-date: /home/yadhu/ur3e/src/install/moveit_msgs/include/moveit_msgs/moveit_msgs/msg/detail/attached_collision_object__rosidl_typesupport_introspection_cpp.hpp\n'}
[2.407440] (moveit_msgs) StdoutLine: {'line': b'-- Up-to-date: /home/yadhu/ur3e/src/install/moveit_msgs/include/moveit_msgs/moveit_msgs/msg/detail/display_robot_state__rosidl_typesupport_introspection_cpp.hpp\n'}
[2.407471] (moveit_msgs) StdoutLine: {'line': b'-- Up-to-date: /home/yadhu/ur3e/src/install/moveit_msgs/include/moveit_msgs/moveit_msgs/msg/detail/motion_plan_request__rosidl_typesupport_introspection_cpp.hpp\n'}
[2.407501] (moveit_msgs) StdoutLine: {'line': b'-- Up-to-date: /home/yadhu/ur3e/src/install/moveit_msgs/include/moveit_msgs/moveit_msgs/msg/detail/object_color__rosidl_typesupport_introspection_cpp.hpp\n'}
[2.407533] (moveit_msgs) StdoutLine: {'line': b'-- Up-to-date: /home/yadhu/ur3e/src/install/moveit_msgs/include/moveit_msgs/moveit_msgs/msg/detail/orientation_constraint__rosidl_typesupport_introspection_cpp.hpp\n'}
[2.407565] (moveit_msgs) StdoutLine: {'line': b'-- Up-to-date: /home/yadhu/ur3e/src/install/moveit_msgs/include/moveit_msgs/moveit_msgs/msg/detail/kinematic_solver_info__rosidl_typesupport_introspection_cpp.hpp\n'}
[2.407595] (moveit_msgs) StdoutLine: {'line': b'-- Up-to-date: /home/yadhu/ur3e/src/install/moveit_msgs/include/moveit_msgs/moveit_msgs/msg/detail/position_ik_request__type_support.cpp\n'}
[2.407633] (moveit_msgs) StdoutLine: {'line': b'-- Up-to-date: /home/yadhu/ur3e/src/install/moveit_msgs/include/moveit_msgs/moveit_msgs/msg/detail/bounding_volume__rosidl_typesupport_introspection_cpp.hpp\n'}
[2.407685] (moveit_msgs) StdoutLine: {'line': b'-- Up-to-date: /home/yadhu/ur3e/src/install/moveit_msgs/include/moveit_msgs/moveit_msgs/msg/detail/allowed_collision_entry__rosidl_typesupport_introspection_cpp.hpp\n'}
[2.407744] (moveit_msgs) StdoutLine: {'line': b'-- Up-to-date: /home/yadhu/ur3e/src/install/moveit_msgs/include/moveit_msgs/moveit_msgs/msg/detail/oriented_bounding_box__type_support.cpp\n'}
[2.407802] (moveit_msgs) StdoutLine: {'line': b'-- Up-to-date: /home/yadhu/ur3e/src/install/moveit_msgs/include/moveit_msgs/moveit_msgs/msg/detail/planner_params__type_support.cpp\n'}
[2.407848] (moveit_msgs) StdoutLine: {'line': b'-- Up-to-date: /home/yadhu/ur3e/src/install/moveit_msgs/include/moveit_msgs/moveit_msgs/msg/detail/gripper_translation__type_support.cpp\n'}
[2.407896] (moveit_msgs) StdoutLine: {'line': b'-- Up-to-date: /home/yadhu/ur3e/src/install/moveit_msgs/include/moveit_msgs/moveit_msgs/msg/detail/motion_sequence_response__rosidl_typesupport_introspection_cpp.hpp\n'}
[2.407944] (moveit_msgs) StdoutLine: {'line': b'-- Up-to-date: /home/yadhu/ur3e/src/install/moveit_msgs/include/moveit_msgs/moveit_msgs/msg/detail/robot_state__type_support.cpp\n'}
[2.408021] (moveit_msgs) StdoutLine: {'line': b'-- Up-to-date: /home/yadhu/ur3e/src/install/moveit_msgs/include/moveit_msgs/moveit_msgs/msg/detail/move_it_error_codes__type_support.cpp\n'}
[2.408083] (moveit_msgs) StdoutLine: {'line': b'-- Up-to-date: /home/yadhu/ur3e/src/install/moveit_msgs/include/moveit_msgs/moveit_msgs/msg/detail/gripper_translation__rosidl_typesupport_introspection_cpp.hpp\n'}
[2.408117] (moveit_msgs) StdoutLine: {'line': b'-- Up-to-date: /home/yadhu/ur3e/src/install/moveit_msgs/include/moveit_msgs/moveit_msgs/msg/detail/motion_sequence_response__type_support.cpp\n'}
[2.408172] (moveit_msgs) StdoutLine: {'line': b'-- Up-to-date: /home/yadhu/ur3e/src/install/moveit_msgs/include/moveit_msgs/moveit_msgs/msg/detail/grasp__type_support.cpp\n'}
[2.408228] (moveit_msgs) StdoutLine: {'line': b'-- Up-to-date: /home/yadhu/ur3e/src/install/moveit_msgs/include/moveit_msgs/moveit_msgs/msg/detail/joint_limits__rosidl_typesupport_introspection_cpp.hpp\n'}
[2.408285] (moveit_msgs) StdoutLine: {'line': b'-- Up-to-date: /home/yadhu/ur3e/src/install/moveit_msgs/include/moveit_msgs/moveit_msgs/msg/detail/joint_constraint__rosidl_typesupport_introspection_cpp.hpp\n'}
[2.408336] (moveit_msgs) StdoutLine: {'line': b'-- Up-to-date: /home/yadhu/ur3e/src/install/moveit_msgs/include/moveit_msgs/moveit_msgs/msg/detail/planning_options__type_support.cpp\n'}
[2.408387] (moveit_msgs) StdoutLine: {'line': b'-- Up-to-date: /home/yadhu/ur3e/src/install/moveit_msgs/include/moveit_msgs/moveit_msgs/msg/detail/cartesian_point__type_support.cpp\n'}
[2.408440] (moveit_msgs) StdoutLine: {'line': b'-- Up-to-date: /home/yadhu/ur3e/src/install/moveit_msgs/include/moveit_msgs/moveit_msgs/msg/detail/cartesian_trajectory_point__rosidl_typesupport_introspection_cpp.hpp\n'}
[2.408489] (moveit_msgs) StdoutLine: {'line': b'-- Up-to-date: /home/yadhu/ur3e/src/install/moveit_msgs/include/moveit_msgs/moveit_msgs/msg/detail/motion_sequence_request__type_support.cpp\n'}
[2.408522] (moveit_msgs) StdoutLine: {'line': b'-- Up-to-date: /home/yadhu/ur3e/src/install/moveit_msgs/include/moveit_msgs/moveit_msgs/msg/detail/position_ik_request__rosidl_typesupport_introspection_cpp.hpp\n'}
[2.408556] (moveit_msgs) StdoutLine: {'line': b'-- Up-to-date: /home/yadhu/ur3e/src/install/moveit_msgs/include/moveit_msgs/moveit_msgs/msg/detail/allowed_collision_matrix__rosidl_typesupport_introspection_cpp.hpp\n'}
[2.408588] (moveit_msgs) StdoutLine: {'line': b'-- Up-to-date: /home/yadhu/ur3e/src/install/moveit_msgs/include/moveit_msgs/moveit_msgs/msg/detail/robot_state__rosidl_typesupport_introspection_cpp.hpp\n'}
[2.408618] (moveit_msgs) StdoutLine: {'line': b'-- Up-to-date: /home/yadhu/ur3e/src/install/moveit_msgs/include/moveit_msgs/moveit_msgs/msg/detail/place_location__type_support.cpp\n'}
[2.408649] (moveit_msgs) StdoutLine: {'line': b'-- Up-to-date: /home/yadhu/ur3e/src/install/moveit_msgs/include/moveit_msgs/moveit_msgs/msg/detail/robot_trajectory__rosidl_typesupport_introspection_cpp.hpp\n'}
[2.408680] (moveit_msgs) StdoutLine: {'line': b'-- Up-to-date: /home/yadhu/ur3e/src/install/moveit_msgs/include/moveit_msgs/moveit_msgs/msg/detail/joint_limits__type_support.cpp\n'}
[2.408710] (moveit_msgs) StdoutLine: {'line': b'-- Up-to-date: /home/yadhu/ur3e/src/install/moveit_msgs/include/moveit_msgs/moveit_msgs/msg/detail/bounding_volume__type_support.cpp\n'}
[2.408740] (moveit_msgs) StdoutLine: {'line': b'-- Up-to-date: /home/yadhu/ur3e/src/install/moveit_msgs/include/moveit_msgs/moveit_msgs/msg/detail/link_padding__rosidl_typesupport_introspection_cpp.hpp\n'}
[2.408770] (moveit_msgs) StdoutLine: {'line': b'-- Up-to-date: /home/yadhu/ur3e/src/install/moveit_msgs/include/moveit_msgs/moveit_msgs/msg/detail/grasp__rosidl_typesupport_introspection_cpp.hpp\n'}
[2.408799] (moveit_msgs) StdoutLine: {'line': b'-- Up-to-date: /home/yadhu/ur3e/src/install/moveit_msgs/include/moveit_msgs/moveit_msgs/msg/detail/motion_plan_response__rosidl_typesupport_introspection_cpp.hpp\n'}
[2.408829] (moveit_msgs) StdoutLine: {'line': b'-- Up-to-date: /home/yadhu/ur3e/src/install/moveit_msgs/include/moveit_msgs/moveit_msgs/msg/detail/link_scale__type_support.cpp\n'}
[2.408858] (moveit_msgs) StdoutLine: {'line': b'-- Up-to-date: /home/yadhu/ur3e/src/install/moveit_msgs/include/moveit_msgs/moveit_msgs/msg/detail/planner_params__rosidl_typesupport_introspection_cpp.hpp\n'}
[2.408895] (moveit_msgs) StdoutLine: {'line': b'-- Up-to-date: /home/yadhu/ur3e/src/install/moveit_msgs/include/moveit_msgs/moveit_msgs/msg/detail/planning_scene_world__rosidl_typesupport_introspection_cpp.hpp\n'}
[2.408928] (moveit_msgs) StdoutLine: {'line': b'-- Up-to-date: /home/yadhu/ur3e/src/install/moveit_msgs/include/moveit_msgs/moveit_msgs/msg/detail/contact_information__rosidl_typesupport_introspection_cpp.hpp\n'}
[2.408960] (moveit_msgs) StdoutLine: {'line': b'-- Up-to-date: /home/yadhu/ur3e/src/install/moveit_msgs/include/moveit_msgs/moveit_msgs/msg/detail/position_constraint__type_support.cpp\n'}
[2.409003] (moveit_msgs) StdoutLine: {'line': b'-- Up-to-date: /home/yadhu/ur3e/src/install/moveit_msgs/include/moveit_msgs/moveit_msgs/msg/detail/workspace_parameters__rosidl_typesupport_introspection_cpp.hpp\n'}
[2.409038] (moveit_msgs) StdoutLine: {'line': b'-- Up-to-date: /home/yadhu/ur3e/src/install/moveit_msgs/include/moveit_msgs/moveit_msgs/msg/detail/planning_scene_components__rosidl_typesupport_introspection_cpp.hpp\n'}
[2.409070] (moveit_msgs) StdoutLine: {'line': b'-- Up-to-date: /home/yadhu/ur3e/src/install/moveit_msgs/include/moveit_msgs/moveit_msgs/msg/detail/motion_sequence_item__rosidl_typesupport_introspection_cpp.hpp\n'}
[2.409100] (moveit_msgs) StdoutLine: {'line': b'-- Up-to-date: /home/yadhu/ur3e/src/install/moveit_msgs/include/moveit_msgs/moveit_msgs/msg/detail/robot_trajectory__type_support.cpp\n'}
[2.409131] (moveit_msgs) StdoutLine: {'line': b'-- Up-to-date: /home/yadhu/ur3e/src/install/moveit_msgs/include/moveit_msgs/moveit_msgs/msg/detail/contact_information__type_support.cpp\n'}
[2.409162] (moveit_msgs) StdoutLine: {'line': b'-- Up-to-date: /home/yadhu/ur3e/src/install/moveit_msgs/include/moveit_msgs/moveit_msgs/msg/detail/collision_object__type_support.cpp\n'}
[2.409195] (moveit_msgs) StdoutLine: {'line': b'-- Up-to-date: /home/yadhu/ur3e/src/install/moveit_msgs/include/moveit_msgs/moveit_msgs/msg/detail/display_robot_state__type_support.cpp\n'}
[2.409224] (moveit_msgs) StdoutLine: {'line': b'-- Up-to-date: /home/yadhu/ur3e/src/install/moveit_msgs/include/moveit_msgs/moveit_msgs/msg/detail/collision_object__rosidl_typesupport_introspection_cpp.hpp\n'}
[2.409256] (moveit_msgs) StdoutLine: {'line': b'-- Up-to-date: /home/yadhu/ur3e/src/install/moveit_msgs/include/moveit_msgs/moveit_msgs/msg/detail/motion_plan_detailed_response__rosidl_typesupport_introspection_cpp.hpp\n'}
[2.409294] (moveit_msgs) StdoutLine: {'line': b'-- Up-to-date: /home/yadhu/ur3e/src/install/moveit_msgs/include/moveit_msgs/moveit_msgs/msg/detail/generic_trajectory__rosidl_typesupport_introspection_cpp.hpp\n'}
[2.409326] (moveit_msgs) StdoutLine: {'line': b'-- Up-to-date: /home/yadhu/ur3e/src/install/moveit_msgs/include/moveit_msgs/moveit_msgs/msg/detail/motion_plan_request__type_support.cpp\n'}
[2.409363] (moveit_msgs) StdoutLine: {'line': b'-- Up-to-date: /home/yadhu/ur3e/src/install/moveit_msgs/include/moveit_msgs/moveit_msgs/msg/detail/kinematic_solver_info__type_support.cpp\n'}
[2.409397] (moveit_msgs) StdoutLine: {'line': b'-- Up-to-date: /home/yadhu/ur3e/src/install/moveit_msgs/include/moveit_msgs/moveit_msgs/msg/detail/oriented_bounding_box__rosidl_typesupport_introspection_cpp.hpp\n'}
[2.409432] (moveit_msgs) StdoutLine: {'line': b'-- Up-to-date: /home/yadhu/ur3e/src/install/moveit_msgs/include/moveit_msgs/moveit_msgs/msg/detail/orientation_constraint__type_support.cpp\n'}
[2.409470] (moveit_msgs) StdoutLine: {'line': b'-- Up-to-date: /home/yadhu/ur3e/src/install/moveit_msgs/include/moveit_msgs/moveit_msgs/msg/detail/motion_plan_response__type_support.cpp\n'}
[2.409501] (moveit_msgs) StdoutLine: {'line': b'-- Up-to-date: /home/yadhu/ur3e/src/install/moveit_msgs/include/moveit_msgs/moveit_msgs/msg/detail/constraint_eval_result__type_support.cpp\n'}
[2.409536] (moveit_msgs) StdoutLine: {'line': b'-- Up-to-date: /home/yadhu/ur3e/src/install/moveit_msgs/include/moveit_msgs/moveit_msgs/msg/detail/move_it_error_codes__rosidl_typesupport_introspection_cpp.hpp\n'}
[2.409570] (moveit_msgs) StdoutLine: {'line': b'-- Up-to-date: /home/yadhu/ur3e/src/install/moveit_msgs/include/moveit_msgs/moveit_msgs/msg/detail/cartesian_trajectory__rosidl_typesupport_introspection_cpp.hpp\n'}
[2.409603] (moveit_msgs) StdoutLine: {'line': b'-- Up-to-date: /home/yadhu/ur3e/src/install/moveit_msgs/include/moveit_msgs/moveit_msgs/msg/detail/trajectory_constraints__type_support.cpp\n'}
[2.409644] (moveit_msgs) StdoutLine: {'line': b'-- Up-to-date: /home/yadhu/ur3e/src/install/moveit_msgs/include/moveit_msgs/moveit_msgs/msg/detail/motion_sequence_request__rosidl_typesupport_introspection_cpp.hpp\n'}
[2.409675] (moveit_msgs) StdoutLine: {'line': b'-- Up-to-date: /home/yadhu/ur3e/src/install/moveit_msgs/include/moveit_msgs/moveit_msgs/msg/detail/display_trajectory__rosidl_typesupport_introspection_cpp.hpp\n'}
[2.409711] (moveit_msgs) StdoutLine: {'line': b'-- Up-to-date: /home/yadhu/ur3e/src/install/moveit_msgs/include/moveit_msgs/moveit_msgs/msg/detail/constraint_eval_result__rosidl_typesupport_introspection_cpp.hpp\n'}
[2.409744] (moveit_msgs) StdoutLine: {'line': b'-- Up-to-date: /home/yadhu/ur3e/src/install/moveit_msgs/include/moveit_msgs/moveit_msgs/msg/detail/attached_collision_object__type_support.cpp\n'}
[2.409775] (moveit_msgs) StdoutLine: {'line': b'-- Up-to-date: /home/yadhu/ur3e/src/install/moveit_msgs/include/moveit_msgs/moveit_msgs/msg/detail/planner_interface_description__type_support.cpp\n'}
[2.409818] (moveit_msgs) StdoutLine: {'line': b'-- Up-to-date: /home/yadhu/ur3e/src/install/moveit_msgs/include/moveit_msgs/moveit_msgs/msg/detail/allowed_collision_matrix__type_support.cpp\n'}
[2.409849] (moveit_msgs) StdoutLine: {'line': b'-- Up-to-date: /home/yadhu/ur3e/src/install/moveit_msgs/include/moveit_msgs/moveit_msgs/msg/detail/cost_source__rosidl_typesupport_introspection_cpp.hpp\n'}
[2.409886] (moveit_msgs) StdoutLine: {'line': b'-- Up-to-date: /home/yadhu/ur3e/src/install/moveit_msgs/include/moveit_msgs/moveit_msgs/msg/detail/visibility_constraint__type_support.cpp\n'}
[2.409920] (moveit_msgs) StdoutLine: {'line': b'-- Up-to-date: /home/yadhu/ur3e/src/install/moveit_msgs/include/moveit_msgs/moveit_msgs/msg/detail/planning_scene__type_support.cpp\n'}
[2.409951] (moveit_msgs) StdoutLine: {'line': b'-- Up-to-date: /home/yadhu/ur3e/src/install/moveit_msgs/include/moveit_msgs/moveit_msgs/msg/detail/link_padding__type_support.cpp\n'}
[2.409989] (moveit_msgs) StdoutLine: {'line': b'-- Up-to-date: /home/yadhu/ur3e/src/install/moveit_msgs/include/moveit_msgs/moveit_msgs/msg/detail/object_color__type_support.cpp\n'}
[2.410024] (moveit_msgs) StdoutLine: {'line': b'-- Up-to-date: /home/yadhu/ur3e/src/install/moveit_msgs/include/moveit_msgs/moveit_msgs/msg/detail/link_scale__rosidl_typesupport_introspection_cpp.hpp\n'}
[2.410054] (moveit_msgs) StdoutLine: {'line': b'-- Up-to-date: /home/yadhu/ur3e/src/install/moveit_msgs/include/moveit_msgs/moveit_msgs/msg/detail/cartesian_point__rosidl_typesupport_introspection_cpp.hpp\n'}
[2.410111] (moveit_msgs) StdoutLine: {'line': b'-- Up-to-date: /home/yadhu/ur3e/src/install/moveit_msgs/include/moveit_msgs/moveit_msgs/msg/detail/generic_trajectory__type_support.cpp\n'}
[2.410161] (moveit_msgs) StdoutLine: {'line': b'-- Up-to-date: /home/yadhu/ur3e/src/install/moveit_msgs/include/moveit_msgs/moveit_msgs/msg/detail/allowed_collision_entry__type_support.cpp\n'}
[2.410193] (moveit_msgs) StdoutLine: {'line': b'-- Up-to-date: /home/yadhu/ur3e/src/install/moveit_msgs/include/moveit_msgs/moveit_msgs/msg/detail/constraints__rosidl_typesupport_introspection_cpp.hpp\n'}
[2.410249] (moveit_msgs) StdoutLine: {'line': b'-- Up-to-date: /home/yadhu/ur3e/src/install/moveit_msgs/include/moveit_msgs/moveit_msgs/msg/detail/place_location__rosidl_typesupport_introspection_cpp.hpp\n'}
[2.410290] (moveit_msgs) StdoutLine: {'line': b'-- Up-to-date: /home/yadhu/ur3e/src/install/moveit_msgs/include/moveit_msgs/moveit_msgs/msg/detail/planning_scene__rosidl_typesupport_introspection_cpp.hpp\n'}
[2.410367] (moveit_msgs) StdoutLine: {'line': b'-- Up-to-date: /home/yadhu/ur3e/src/install/moveit_msgs/include/moveit_msgs/moveit_msgs/msg/detail/cartesian_trajectory__type_support.cpp\n'}
[2.410411] (moveit_msgs) StdoutLine: {'line': b'-- Up-to-date: /home/yadhu/ur3e/src/install/moveit_msgs/include/moveit_msgs/moveit_msgs/srv\n'}
[2.410443] (moveit_msgs) StdoutLine: {'line': b'-- Up-to-date: /home/yadhu/ur3e/src/install/moveit_msgs/include/moveit_msgs/moveit_msgs/srv/detail\n'}
[2.410474] (moveit_msgs) StdoutLine: {'line': b'-- Up-to-date: /home/yadhu/ur3e/src/install/moveit_msgs/include/moveit_msgs/moveit_msgs/srv/detail/get_motion_plan__rosidl_typesupport_introspection_cpp.hpp\n'}
[2.410504] (moveit_msgs) StdoutLine: {'line': b'-- Up-to-date: /home/yadhu/ur3e/src/install/moveit_msgs/include/moveit_msgs/moveit_msgs/srv/detail/check_if_robot_state_exists_in_warehouse__type_support.cpp\n'}
[2.410534] (moveit_msgs) StdoutLine: {'line': b'-- Up-to-date: /home/yadhu/ur3e/src/install/moveit_msgs/include/moveit_msgs/moveit_msgs/srv/detail/update_pointcloud_octomap__type_support.cpp\n'}
[2.410590] (moveit_msgs) StdoutLine: {'line': b'-- Up-to-date: /home/yadhu/ur3e/src/install/moveit_msgs/include/moveit_msgs/moveit_msgs/srv/detail/get_state_validity__type_support.cpp\n'}
[2.410639] (moveit_msgs) StdoutLine: {'line': b'-- Up-to-date: /home/yadhu/ur3e/src/install/moveit_msgs/include/moveit_msgs/moveit_msgs/srv/detail/get_motion_sequence__rosidl_typesupport_introspection_cpp.hpp\n'}
[2.410670] (moveit_msgs) StdoutLine: {'line': b'-- Up-to-date: /home/yadhu/ur3e/src/install/moveit_msgs/include/moveit_msgs/moveit_msgs/srv/detail/change_drift_dimensions__type_support.cpp\n'}
[2.410700] (moveit_msgs) StdoutLine: {'line': b'-- Up-to-date: /home/yadhu/ur3e/src/install/moveit_msgs/include/moveit_msgs/moveit_msgs/srv/detail/get_planner_params__rosidl_typesupport_introspection_cpp.hpp\n'}
[2.410734] (moveit_msgs) StdoutLine: {'line': b'-- Up-to-date: /home/yadhu/ur3e/src/install/moveit_msgs/include/moveit_msgs/moveit_msgs/srv/detail/apply_planning_scene__rosidl_typesupport_introspection_cpp.hpp\n'}
[2.410764] (moveit_msgs) StdoutLine: {'line': b'-- Up-to-date: /home/yadhu/ur3e/src/install/moveit_msgs/include/moveit_msgs/moveit_msgs/srv/detail/save_map__type_support.cpp\n'}
[2.410793] (moveit_msgs) StdoutLine: {'line': b'-- Up-to-date: /home/yadhu/ur3e/src/install/moveit_msgs/include/moveit_msgs/moveit_msgs/srv/detail/save_robot_state_to_warehouse__type_support.cpp\n'}
[2.410822] (moveit_msgs) StdoutLine: {'line': b'-- Up-to-date: /home/yadhu/ur3e/src/install/moveit_msgs/include/moveit_msgs/moveit_msgs/srv/detail/get_cartesian_path__type_support.cpp\n'}
[2.410851] (moveit_msgs) StdoutLine: {'line': b'-- Up-to-date: /home/yadhu/ur3e/src/install/moveit_msgs/include/moveit_msgs/moveit_msgs/srv/detail/get_cartesian_path__rosidl_typesupport_introspection_cpp.hpp\n'}
[2.410885] (moveit_msgs) StdoutLine: {'line': b'-- Up-to-date: /home/yadhu/ur3e/src/install/moveit_msgs/include/moveit_msgs/moveit_msgs/srv/detail/list_robot_states_in_warehouse__type_support.cpp\n'}
[2.410923] (moveit_msgs) StdoutLine: {'line': b'-- Up-to-date: /home/yadhu/ur3e/src/install/moveit_msgs/include/moveit_msgs/moveit_msgs/srv/detail/change_control_dimensions__type_support.cpp\n'}
[2.410959] (moveit_msgs) StdoutLine: {'line': b'-- Up-to-date: /home/yadhu/ur3e/src/install/moveit_msgs/include/moveit_msgs/moveit_msgs/srv/detail/load_map__rosidl_typesupport_introspection_cpp.hpp\n'}
[2.411000] (moveit_msgs) StdoutLine: {'line': b'-- Up-to-date: /home/yadhu/ur3e/src/install/moveit_msgs/include/moveit_msgs/moveit_msgs/srv/detail/query_planner_interfaces__rosidl_typesupport_introspection_cpp.hpp\n'}
[2.411034] (moveit_msgs) StdoutLine: {'line': b'-- Up-to-date: /home/yadhu/ur3e/src/install/moveit_msgs/include/moveit_msgs/moveit_msgs/srv/detail/grasp_planning__rosidl_typesupport_introspection_cpp.hpp\n'}
[2.411068] (moveit_msgs) StdoutLine: {'line': b'-- Up-to-date: /home/yadhu/ur3e/src/install/moveit_msgs/include/moveit_msgs/moveit_msgs/srv/detail/save_robot_state_to_warehouse__rosidl_typesupport_introspection_cpp.hpp\n'}
[2.411099] (moveit_msgs) StdoutLine: {'line': b'-- Up-to-date: /home/yadhu/ur3e/src/install/moveit_msgs/include/moveit_msgs/moveit_msgs/srv/detail/get_planning_scene__type_support.cpp\n'}
[2.411137] (moveit_msgs) StdoutLine: {'line': b'-- Up-to-date: /home/yadhu/ur3e/src/install/moveit_msgs/include/moveit_msgs/moveit_msgs/srv/detail/save_map__rosidl_typesupport_introspection_cpp.hpp\n'}
[2.411170] (moveit_msgs) StdoutLine: {'line': b'-- Up-to-date: /home/yadhu/ur3e/src/install/moveit_msgs/include/moveit_msgs/moveit_msgs/srv/detail/set_planner_params__rosidl_typesupport_introspection_cpp.hpp\n'}
[2.411202] (moveit_msgs) StdoutLine: {'line': b'-- Up-to-date: /home/yadhu/ur3e/src/install/moveit_msgs/include/moveit_msgs/moveit_msgs/srv/detail/get_motion_plan__type_support.cpp\n'}
[2.411231] (moveit_msgs) StdoutLine: {'line': b'-- Up-to-date: /home/yadhu/ur3e/src/install/moveit_msgs/include/moveit_msgs/moveit_msgs/srv/detail/get_robot_state_from_warehouse__type_support.cpp\n'}
[2.411259] (moveit_msgs) StdoutLine: {'line': b'-- Up-to-date: /home/yadhu/ur3e/src/install/moveit_msgs/include/moveit_msgs/moveit_msgs/srv/detail/rename_robot_state_in_warehouse__type_support.cpp\n'}
[2.411288] (moveit_msgs) StdoutLine: {'line': b'-- Up-to-date: /home/yadhu/ur3e/src/install/moveit_msgs/include/moveit_msgs/moveit_msgs/srv/detail/get_state_validity__rosidl_typesupport_introspection_cpp.hpp\n'}
[2.411317] (moveit_msgs) StdoutLine: {'line': b'-- Up-to-date: /home/yadhu/ur3e/src/install/moveit_msgs/include/moveit_msgs/moveit_msgs/srv/detail/get_motion_sequence__type_support.cpp\n'}
[2.411347] (moveit_msgs) StdoutLine: {'line': b'-- Up-to-date: /home/yadhu/ur3e/src/install/moveit_msgs/include/moveit_msgs/moveit_msgs/srv/detail/apply_planning_scene__type_support.cpp\n'}
[2.411376] (moveit_msgs) StdoutLine: {'line': b'-- Up-to-date: /home/yadhu/ur3e/src/install/moveit_msgs/include/moveit_msgs/moveit_msgs/srv/detail/grasp_planning__type_support.cpp\n'}
[2.411408] (moveit_msgs) StdoutLine: {'line': b'-- Up-to-date: /home/yadhu/ur3e/src/install/moveit_msgs/include/moveit_msgs/moveit_msgs/srv/detail/get_robot_state_from_warehouse__rosidl_typesupport_introspection_cpp.hpp\n'}
[2.411438] (moveit_msgs) StdoutLine: {'line': b'-- Up-to-date: /home/yadhu/ur3e/src/install/moveit_msgs/include/moveit_msgs/moveit_msgs/srv/detail/delete_robot_state_from_warehouse__rosidl_typesupport_introspection_cpp.hpp\n'}
[2.411466] (moveit_msgs) StdoutLine: {'line': b'-- Up-to-date: /home/yadhu/ur3e/src/install/moveit_msgs/include/moveit_msgs/moveit_msgs/srv/detail/change_drift_dimensions__rosidl_typesupport_introspection_cpp.hpp\n'}
[2.411495] (moveit_msgs) StdoutLine: {'line': b'-- Up-to-date: /home/yadhu/ur3e/src/install/moveit_msgs/include/moveit_msgs/moveit_msgs/srv/detail/delete_robot_state_from_warehouse__type_support.cpp\n'}
[2.411534] (moveit_msgs) StdoutLine: {'line': b'-- Up-to-date: /home/yadhu/ur3e/src/install/moveit_msgs/include/moveit_msgs/moveit_msgs/srv/detail/change_control_dimensions__rosidl_typesupport_introspection_cpp.hpp\n'}
[2.411564] (moveit_msgs) StdoutLine: {'line': b'-- Up-to-date: /home/yadhu/ur3e/src/install/moveit_msgs/include/moveit_msgs/moveit_msgs/srv/detail/get_position_fk__rosidl_typesupport_introspection_cpp.hpp\n'}
[2.411592] (moveit_msgs) StdoutLine: {'line': b'-- Up-to-date: /home/yadhu/ur3e/src/install/moveit_msgs/include/moveit_msgs/moveit_msgs/srv/detail/get_position_ik__type_support.cpp\n'}
[2.411621] (moveit_msgs) StdoutLine: {'line': b'-- Up-to-date: /home/yadhu/ur3e/src/install/moveit_msgs/include/moveit_msgs/moveit_msgs/srv/detail/get_position_ik__rosidl_typesupport_introspection_cpp.hpp\n'}
[2.411652] (moveit_msgs) StdoutLine: {'line': b'-- Up-to-date: /home/yadhu/ur3e/src/install/moveit_msgs/include/moveit_msgs/moveit_msgs/srv/detail/get_position_fk__type_support.cpp\n'}
[2.411680] (moveit_msgs) StdoutLine: {'line': b'-- Up-to-date: /home/yadhu/ur3e/src/install/moveit_msgs/include/moveit_msgs/moveit_msgs/srv/detail/get_planning_scene__rosidl_typesupport_introspection_cpp.hpp\n'}
[2.411708] (moveit_msgs) StdoutLine: {'line': b'-- Up-to-date: /home/yadhu/ur3e/src/install/moveit_msgs/include/moveit_msgs/moveit_msgs/srv/detail/list_robot_states_in_warehouse__rosidl_typesupport_introspection_cpp.hpp\n'}
[2.411736] (moveit_msgs) StdoutLine: {'line': b'-- Up-to-date: /home/yadhu/ur3e/src/install/moveit_msgs/include/moveit_msgs/moveit_msgs/srv/detail/get_planner_params__type_support.cpp\n'}
[2.411768] (moveit_msgs) StdoutLine: {'line': b'-- Up-to-date: /home/yadhu/ur3e/src/install/moveit_msgs/include/moveit_msgs/moveit_msgs/srv/detail/update_pointcloud_octomap__rosidl_typesupport_introspection_cpp.hpp\n'}
[2.411797] (moveit_msgs) StdoutLine: {'line': b'-- Up-to-date: /home/yadhu/ur3e/src/install/moveit_msgs/include/moveit_msgs/moveit_msgs/srv/detail/query_planner_interfaces__type_support.cpp\n'}
[2.411826] (moveit_msgs) StdoutLine: {'line': b'-- Up-to-date: /home/yadhu/ur3e/src/install/moveit_msgs/include/moveit_msgs/moveit_msgs/srv/detail/set_planner_params__type_support.cpp\n'}
[2.411858] (moveit_msgs) StdoutLine: {'line': b'-- Up-to-date: /home/yadhu/ur3e/src/install/moveit_msgs/include/moveit_msgs/moveit_msgs/srv/detail/load_map__type_support.cpp\n'}
[2.411895] (moveit_msgs) StdoutLine: {'line': b'-- Up-to-date: /home/yadhu/ur3e/src/install/moveit_msgs/include/moveit_msgs/moveit_msgs/srv/detail/rename_robot_state_in_warehouse__rosidl_typesupport_introspection_cpp.hpp\n'}
[2.411926] (moveit_msgs) StdoutLine: {'line': b'-- Up-to-date: /home/yadhu/ur3e/src/install/moveit_msgs/include/moveit_msgs/moveit_msgs/srv/detail/check_if_robot_state_exists_in_warehouse__rosidl_typesupport_introspection_cpp.hpp\n'}
[2.411959] (moveit_msgs) StdoutLine: {'line': b'-- Up-to-date: /home/yadhu/ur3e/src/install/moveit_msgs/lib/libmoveit_msgs__rosidl_typesupport_introspection_cpp.so\n'}
[2.411996] (moveit_msgs) StdoutLine: {'line': b'-- Up-to-date: /home/yadhu/ur3e/src/install/moveit_msgs/lib/libmoveit_msgs__rosidl_typesupport_cpp.so\n'}
[2.412033] (moveit_msgs) StdoutLine: {'line': b'-- Up-to-date: /home/yadhu/ur3e/src/install/moveit_msgs/share/moveit_msgs/environment/pythonpath.sh\n'}
[2.412066] (moveit_msgs) StdoutLine: {'line': b'-- Up-to-date: /home/yadhu/ur3e/src/install/moveit_msgs/share/moveit_msgs/environment/pythonpath.dsv\n'}
[2.412099] (moveit_msgs) StdoutLine: {'line': b'-- Up-to-date: /home/yadhu/ur3e/src/install/moveit_msgs/local/lib/python3.10/dist-packages/moveit_msgs-2.2.1-py3.10.egg-info\n'}
[2.412131] (moveit_msgs) StdoutLine: {'line': b'-- Installing: /home/yadhu/ur3e/src/install/moveit_msgs/local/lib/python3.10/dist-packages/moveit_msgs-2.2.1-py3.10.egg-info/top_level.txt\n'}
[2.412165] (moveit_msgs) StdoutLine: {'line': b'-- Installing: /home/yadhu/ur3e/src/install/moveit_msgs/local/lib/python3.10/dist-packages/moveit_msgs-2.2.1-py3.10.egg-info/PKG-INFO\n'}
[2.412197] (moveit_msgs) StdoutLine: {'line': b'-- Installing: /home/yadhu/ur3e/src/install/moveit_msgs/local/lib/python3.10/dist-packages/moveit_msgs-2.2.1-py3.10.egg-info/dependency_links.txt\n'}
[2.412232] (moveit_msgs) StdoutLine: {'line': b'-- Installing: /home/yadhu/ur3e/src/install/moveit_msgs/local/lib/python3.10/dist-packages/moveit_msgs-2.2.1-py3.10.egg-info/SOURCES.txt\n'}
[2.412264] (moveit_msgs) StdoutLine: {'line': b'-- Up-to-date: /home/yadhu/ur3e/src/install/moveit_msgs/local/lib/python3.10/dist-packages/moveit_msgs\n'}
[2.412293] (moveit_msgs) StdoutLine: {'line': b'-- Up-to-date: /home/yadhu/ur3e/src/install/moveit_msgs/local/lib/python3.10/dist-packages/moveit_msgs/_moveit_msgs_s.ep.rosidl_typesupport_c.c\n'}
[2.412324] (moveit_msgs) StdoutLine: {'line': b'-- Up-to-date: /home/yadhu/ur3e/src/install/moveit_msgs/local/lib/python3.10/dist-packages/moveit_msgs/moveit_msgs_s__rosidl_typesupport_c.cpython-310-x86_64-linux-gnu.so\n'}
[2.412357] (moveit_msgs) StdoutLine: {'line': b'-- Up-to-date: /home/yadhu/ur3e/src/install/moveit_msgs/local/lib/python3.10/dist-packages/moveit_msgs/action\n'}
[2.412386] (moveit_msgs) StdoutLine: {'line': b'-- Up-to-date: /home/yadhu/ur3e/src/install/moveit_msgs/local/lib/python3.10/dist-packages/moveit_msgs/action/_hybrid_planner_s.c\n'}
[2.412415] (moveit_msgs) StdoutLine: {'line': b'-- Up-to-date: /home/yadhu/ur3e/src/install/moveit_msgs/local/lib/python3.10/dist-packages/moveit_msgs/action/_hybrid_planner.py\n'}
[2.412447] (moveit_msgs) StdoutLine: {'line': b'-- Up-to-date: /home/yadhu/ur3e/src/install/moveit_msgs/local/lib/python3.10/dist-packages/moveit_msgs/action/_pickup.py\n'}
[2.412476] (moveit_msgs) StdoutLine: {'line': b'-- Up-to-date: /home/yadhu/ur3e/src/install/moveit_msgs/local/lib/python3.10/dist-packages/moveit_msgs/action/_local_planner.py\n'}
[2.412505] (moveit_msgs) StdoutLine: {'line': b'-- Up-to-date: /home/yadhu/ur3e/src/install/moveit_msgs/local/lib/python3.10/dist-packages/moveit_msgs/action/_execute_trajectory.py\n'}
[2.412550] (moveit_msgs) StdoutLine: {'line': b'-- Up-to-date: /home/yadhu/ur3e/src/install/moveit_msgs/local/lib/python3.10/dist-packages/moveit_msgs/action/_global_planner_s.c\n'}
[2.412583] (moveit_msgs) StdoutLine: {'line': b'-- Up-to-date: /home/yadhu/ur3e/src/install/moveit_msgs/local/lib/python3.10/dist-packages/moveit_msgs/action/_move_group_sequence.py\n'}
[2.412613] (moveit_msgs) StdoutLine: {'line': b'-- Up-to-date: /home/yadhu/ur3e/src/install/moveit_msgs/local/lib/python3.10/dist-packages/moveit_msgs/action/_move_group_sequence_s.c\n'}
[2.412641] (moveit_msgs) StdoutLine: {'line': b'-- Up-to-date: /home/yadhu/ur3e/src/install/moveit_msgs/local/lib/python3.10/dist-packages/moveit_msgs/action/_pickup_s.c\n'}
[2.412670] (moveit_msgs) StdoutLine: {'line': b'-- Up-to-date: /home/yadhu/ur3e/src/install/moveit_msgs/local/lib/python3.10/dist-packages/moveit_msgs/action/_place_s.c\n'}
[2.412698] (moveit_msgs) StdoutLine: {'line': b'-- Up-to-date: /home/yadhu/ur3e/src/install/moveit_msgs/local/lib/python3.10/dist-packages/moveit_msgs/action/_global_planner.py\n'}
[2.412727] (moveit_msgs) StdoutLine: {'line': b'-- Up-to-date: /home/yadhu/ur3e/src/install/moveit_msgs/local/lib/python3.10/dist-packages/moveit_msgs/action/_place.py\n'}
[2.412760] (moveit_msgs) StdoutLine: {'line': b'-- Up-to-date: /home/yadhu/ur3e/src/install/moveit_msgs/local/lib/python3.10/dist-packages/moveit_msgs/action/_local_planner_s.c\n'}
[2.412801] (moveit_msgs) StdoutLine: {'line': b'-- Up-to-date: /home/yadhu/ur3e/src/install/moveit_msgs/local/lib/python3.10/dist-packages/moveit_msgs/action/_execute_trajectory_s.c\n'}
[2.412839] (moveit_msgs) StdoutLine: {'line': b'-- Up-to-date: /home/yadhu/ur3e/src/install/moveit_msgs/local/lib/python3.10/dist-packages/moveit_msgs/action/__init__.py\n'}
[2.412897] (moveit_msgs) StdoutLine: {'line': b'-- Up-to-date: /home/yadhu/ur3e/src/install/moveit_msgs/local/lib/python3.10/dist-packages/moveit_msgs/action/_move_group.py\n'}
[2.412951] (moveit_msgs) StdoutLine: {'line': b'-- Up-to-date: /home/yadhu/ur3e/src/install/moveit_msgs/local/lib/python3.10/dist-packages/moveit_msgs/action/_move_group_s.c\n'}
[2.413005] (moveit_msgs) StdoutLine: {'line': b'-- Up-to-date: /home/yadhu/ur3e/src/install/moveit_msgs/local/lib/python3.10/dist-packages/moveit_msgs/moveit_msgs_s__rosidl_typesupport_fastrtps_c.cpython-310-x86_64-linux-gnu.so\n'}
[2.413053] (moveit_msgs) StdoutLine: {'line': b'-- Up-to-date: /home/yadhu/ur3e/src/install/moveit_msgs/local/lib/python3.10/dist-packages/moveit_msgs/libmoveit_msgs__rosidl_generator_py.so\n'}
[2.413108] (moveit_msgs) StdoutLine: {'line': b'-- Up-to-date: /home/yadhu/ur3e/src/install/moveit_msgs/local/lib/python3.10/dist-packages/moveit_msgs/msg\n'}
[2.413165] (moveit_msgs) StdoutLine: {'line': b'-- Up-to-date: /home/yadhu/ur3e/src/install/moveit_msgs/local/lib/python3.10/dist-packages/moveit_msgs/msg/_visibility_constraint_s.c\n'}
[2.413199] (moveit_msgs) StdoutLine: {'line': b'-- Up-to-date: /home/yadhu/ur3e/src/install/moveit_msgs/local/lib/python3.10/dist-packages/moveit_msgs/msg/_planner_interface_description_s.c\n'}
[2.413229] (moveit_msgs) StdoutLine: {'line': b'-- Up-to-date: /home/yadhu/ur3e/src/install/moveit_msgs/local/lib/python3.10/dist-packages/moveit_msgs/msg/_constraint_eval_result.py\n'}
[2.413259] (moveit_msgs) StdoutLine: {'line': b'-- Up-to-date: /home/yadhu/ur3e/src/install/moveit_msgs/local/lib/python3.10/dist-packages/moveit_msgs/msg/_motion_sequence_item_s.c\n'}
[2.413288] (moveit_msgs) StdoutLine: {'line': b'-- Up-to-date: /home/yadhu/ur3e/src/install/moveit_msgs/local/lib/python3.10/dist-packages/moveit_msgs/msg/_allowed_collision_entry.py\n'}
[2.413317] (moveit_msgs) StdoutLine: {'line': b'-- Up-to-date: /home/yadhu/ur3e/src/install/moveit_msgs/local/lib/python3.10/dist-packages/moveit_msgs/msg/_robot_state.py\n'}
[2.413349] (moveit_msgs) StdoutLine: {'line': b'-- Up-to-date: /home/yadhu/ur3e/src/install/moveit_msgs/local/lib/python3.10/dist-packages/moveit_msgs/msg/_display_trajectory_s.c\n'}
[2.413415] (moveit_msgs) StdoutLine: {'line': b'-- Up-to-date: /home/yadhu/ur3e/src/install/moveit_msgs/local/lib/python3.10/dist-packages/moveit_msgs/msg/_motion_sequence_request_s.c\n'}
[2.413454] (moveit_msgs) StdoutLine: {'line': b'-- Up-to-date: /home/yadhu/ur3e/src/install/moveit_msgs/local/lib/python3.10/dist-packages/moveit_msgs/msg/_move_it_error_codes_s.c\n'}
[2.413485] (moveit_msgs) StdoutLine: {'line': b'-- Up-to-date: /home/yadhu/ur3e/src/install/moveit_msgs/local/lib/python3.10/dist-packages/moveit_msgs/msg/_trajectory_constraints_s.c\n'}
[2.413516] (moveit_msgs) StdoutLine: {'line': b'-- Up-to-date: /home/yadhu/ur3e/src/install/moveit_msgs/local/lib/python3.10/dist-packages/moveit_msgs/msg/_motion_sequence_response_s.c\n'}
[2.413546] (moveit_msgs) StdoutLine: {'line': b'-- Up-to-date: /home/yadhu/ur3e/src/install/moveit_msgs/local/lib/python3.10/dist-packages/moveit_msgs/msg/_workspace_parameters.py\n'}
[2.413576] (moveit_msgs) StdoutLine: {'line': b'-- Up-to-date: /home/yadhu/ur3e/src/install/moveit_msgs/local/lib/python3.10/dist-packages/moveit_msgs/msg/_planning_options.py\n'}
[2.413607] (moveit_msgs) StdoutLine: {'line': b'-- Up-to-date: /home/yadhu/ur3e/src/install/moveit_msgs/local/lib/python3.10/dist-packages/moveit_msgs/msg/_motion_sequence_request.py\n'}
[2.413644] (moveit_msgs) StdoutLine: {'line': b'-- Up-to-date: /home/yadhu/ur3e/src/install/moveit_msgs/local/lib/python3.10/dist-packages/moveit_msgs/msg/_motion_plan_response.py\n'}
[2.413711] (moveit_msgs) StdoutLine: {'line': b'-- Up-to-date: /home/yadhu/ur3e/src/install/moveit_msgs/local/lib/python3.10/dist-packages/moveit_msgs/msg/_planning_scene_world_s.c\n'}
[2.413755] (moveit_msgs) StdoutLine: {'line': b'-- Up-to-date: /home/yadhu/ur3e/src/install/moveit_msgs/local/lib/python3.10/dist-packages/moveit_msgs/msg/_motion_plan_request.py\n'}
[2.413786] (moveit_msgs) StdoutLine: {'line': b'-- Up-to-date: /home/yadhu/ur3e/src/install/moveit_msgs/local/lib/python3.10/dist-packages/moveit_msgs/msg/_cost_source.py\n'}
[2.413815] (moveit_msgs) StdoutLine: {'line': b'-- Up-to-date: /home/yadhu/ur3e/src/install/moveit_msgs/local/lib/python3.10/dist-packages/moveit_msgs/msg/_link_padding.py\n'}
[2.413846] (moveit_msgs) StdoutLine: {'line': b'-- Up-to-date: /home/yadhu/ur3e/src/install/moveit_msgs/local/lib/python3.10/dist-packages/moveit_msgs/msg/_allowed_collision_matrix_s.c\n'}
[2.413877] (moveit_msgs) StdoutLine: {'line': b'-- Up-to-date: /home/yadhu/ur3e/src/install/moveit_msgs/local/lib/python3.10/dist-packages/moveit_msgs/msg/_robot_trajectory_s.c\n'}
[2.413906] (moveit_msgs) StdoutLine: {'line': b'-- Up-to-date: /home/yadhu/ur3e/src/install/moveit_msgs/local/lib/python3.10/dist-packages/moveit_msgs/msg/_planning_scene_s.c\n'}
[2.413936] (moveit_msgs) StdoutLine: {'line': b'-- Up-to-date: /home/yadhu/ur3e/src/install/moveit_msgs/local/lib/python3.10/dist-packages/moveit_msgs/msg/_position_constraint.py\n'}
[2.413976] (moveit_msgs) StdoutLine: {'line': b'-- Up-to-date: /home/yadhu/ur3e/src/install/moveit_msgs/local/lib/python3.10/dist-packages/moveit_msgs/msg/_orientation_constraint.py\n'}
[2.414059] (moveit_msgs) StdoutLine: {'line': b'-- Up-to-date: /home/yadhu/ur3e/src/install/moveit_msgs/local/lib/python3.10/dist-packages/moveit_msgs/msg/_workspace_parameters_s.c\n'}
[2.414108] (moveit_msgs) StdoutLine: {'line': b'-- Up-to-date: /home/yadhu/ur3e/src/install/moveit_msgs/local/lib/python3.10/dist-packages/moveit_msgs/msg/_motion_sequence_response.py\n'}
[2.414138] (moveit_msgs) StdoutLine: {'line': b'-- Up-to-date: /home/yadhu/ur3e/src/install/moveit_msgs/local/lib/python3.10/dist-packages/moveit_msgs/msg/_bounding_volume.py\n'}
[2.414167] (moveit_msgs) StdoutLine: {'line': b'-- Up-to-date: /home/yadhu/ur3e/src/install/moveit_msgs/local/lib/python3.10/dist-packages/moveit_msgs/msg/_motion_plan_detailed_response_s.c\n'}
[2.414195] (moveit_msgs) StdoutLine: {'line': b'-- Up-to-date: /home/yadhu/ur3e/src/install/moveit_msgs/local/lib/python3.10/dist-packages/moveit_msgs/msg/_planning_scene_world.py\n'}
[2.414225] (moveit_msgs) StdoutLine: {'line': b'-- Up-to-date: /home/yadhu/ur3e/src/install/moveit_msgs/local/lib/python3.10/dist-packages/moveit_msgs/msg/_planning_options_s.c\n'}
[2.414256] (moveit_msgs) StdoutLine: {'line': b'-- Up-to-date: /home/yadhu/ur3e/src/install/moveit_msgs/local/lib/python3.10/dist-packages/moveit_msgs/msg/_joint_limits_s.c\n'}
[2.414286] (moveit_msgs) StdoutLine: {'line': b'-- Up-to-date: /home/yadhu/ur3e/src/install/moveit_msgs/local/lib/python3.10/dist-packages/moveit_msgs/msg/_oriented_bounding_box_s.c\n'}
[2.414327] (moveit_msgs) StdoutLine: {'line': b'-- Up-to-date: /home/yadhu/ur3e/src/install/moveit_msgs/local/lib/python3.10/dist-packages/moveit_msgs/msg/_attached_collision_object_s.c\n'}
[2.414388] (moveit_msgs) StdoutLine: {'line': b'-- Up-to-date: /home/yadhu/ur3e/src/install/moveit_msgs/local/lib/python3.10/dist-packages/moveit_msgs/msg/_bounding_volume_s.c\n'}
[2.414421] (moveit_msgs) StdoutLine: {'line': b'-- Up-to-date: /home/yadhu/ur3e/src/install/moveit_msgs/local/lib/python3.10/dist-packages/moveit_msgs/msg/_move_it_error_codes.py\n'}
[2.414450] (moveit_msgs) StdoutLine: {'line': b'-- Up-to-date: /home/yadhu/ur3e/src/install/moveit_msgs/local/lib/python3.10/dist-packages/moveit_msgs/msg/_display_robot_state.py\n'}
[2.414479] (moveit_msgs) StdoutLine: {'line': b'-- Up-to-date: /home/yadhu/ur3e/src/install/moveit_msgs/local/lib/python3.10/dist-packages/moveit_msgs/msg/_position_constraint_s.c\n'}
[2.414507] (moveit_msgs) StdoutLine: {'line': b'-- Up-to-date: /home/yadhu/ur3e/src/install/moveit_msgs/local/lib/python3.10/dist-packages/moveit_msgs/msg/_robot_state_s.c\n'}
[2.414535] (moveit_msgs) StdoutLine: {'line': b'-- Up-to-date: /home/yadhu/ur3e/src/install/moveit_msgs/local/lib/python3.10/dist-packages/moveit_msgs/msg/_link_scale.py\n'}
[2.414562] (moveit_msgs) StdoutLine: {'line': b'-- Up-to-date: /home/yadhu/ur3e/src/install/moveit_msgs/local/lib/python3.10/dist-packages/moveit_msgs/msg/_object_color.py\n'}
[2.414591] (moveit_msgs) StdoutLine: {'line': b'-- Up-to-date: /home/yadhu/ur3e/src/install/moveit_msgs/local/lib/python3.10/dist-packages/moveit_msgs/msg/_contact_information.py\n'}
[2.414625] (moveit_msgs) StdoutLine: {'line': b'-- Up-to-date: /home/yadhu/ur3e/src/install/moveit_msgs/local/lib/python3.10/dist-packages/moveit_msgs/msg/_object_color_s.c\n'}
[2.414672] (moveit_msgs) StdoutLine: {'line': b'-- Up-to-date: /home/yadhu/ur3e/src/install/moveit_msgs/local/lib/python3.10/dist-packages/moveit_msgs/msg/_cartesian_point.py\n'}
[2.414702] (moveit_msgs) StdoutLine: {'line': b'-- Up-to-date: /home/yadhu/ur3e/src/install/moveit_msgs/local/lib/python3.10/dist-packages/moveit_msgs/msg/_cartesian_trajectory.py\n'}
[2.414732] (moveit_msgs) StdoutLine: {'line': b'-- Up-to-date: /home/yadhu/ur3e/src/install/moveit_msgs/local/lib/python3.10/dist-packages/moveit_msgs/msg/_gripper_translation.py\n'}
[2.414760] (moveit_msgs) StdoutLine: {'line': b'-- Up-to-date: /home/yadhu/ur3e/src/install/moveit_msgs/local/lib/python3.10/dist-packages/moveit_msgs/msg/_collision_object.py\n'}
[2.414788] (moveit_msgs) StdoutLine: {'line': b'-- Up-to-date: /home/yadhu/ur3e/src/install/moveit_msgs/local/lib/python3.10/dist-packages/moveit_msgs/msg/_generic_trajectory_s.c\n'}
[2.414821] (moveit_msgs) StdoutLine: {'line': b'-- Up-to-date: /home/yadhu/ur3e/src/install/moveit_msgs/local/lib/python3.10/dist-packages/moveit_msgs/msg/_planner_params_s.c\n'}
[2.414852] (moveit_msgs) StdoutLine: {'line': b'-- Up-to-date: /home/yadhu/ur3e/src/install/moveit_msgs/local/lib/python3.10/dist-packages/moveit_msgs/msg/_planning_scene_components_s.c\n'}
[2.414880] (moveit_msgs) StdoutLine: {'line': b'-- Up-to-date: /home/yadhu/ur3e/src/install/moveit_msgs/local/lib/python3.10/dist-packages/moveit_msgs/msg/_collision_object_s.c\n'}
[2.414907] (moveit_msgs) StdoutLine: {'line': b'-- Up-to-date: /home/yadhu/ur3e/src/install/moveit_msgs/local/lib/python3.10/dist-packages/moveit_msgs/msg/_allowed_collision_matrix.py\n'}
[2.414936] (moveit_msgs) StdoutLine: {'line': b'-- Up-to-date: /home/yadhu/ur3e/src/install/moveit_msgs/local/lib/python3.10/dist-packages/moveit_msgs/msg/_planner_interface_description.py\n'}
[2.414964] (moveit_msgs) StdoutLine: {'line': b'-- Up-to-date: /home/yadhu/ur3e/src/install/moveit_msgs/local/lib/python3.10/dist-packages/moveit_msgs/msg/_cartesian_trajectory_point_s.c\n'}
[2.415004] (moveit_msgs) StdoutLine: {'line': b'-- Up-to-date: /home/yadhu/ur3e/src/install/moveit_msgs/local/lib/python3.10/dist-packages/moveit_msgs/msg/_trajectory_constraints.py\n'}
[2.415039] (moveit_msgs) StdoutLine: {'line': b'-- Up-to-date: /home/yadhu/ur3e/src/install/moveit_msgs/local/lib/python3.10/dist-packages/moveit_msgs/msg/_kinematic_solver_info.py\n'}
[2.415069] (moveit_msgs) StdoutLine: {'line': b'-- Up-to-date: /home/yadhu/ur3e/src/install/moveit_msgs/local/lib/python3.10/dist-packages/moveit_msgs/msg/_motion_plan_request_s.c\n'}
[2.415097] (moveit_msgs) StdoutLine: {'line': b'-- Up-to-date: /home/yadhu/ur3e/src/install/moveit_msgs/local/lib/python3.10/dist-packages/moveit_msgs/msg/_position_ik_request_s.c\n'}
[2.415126] (moveit_msgs) StdoutLine: {'line': b'-- Up-to-date: /home/yadhu/ur3e/src/install/moveit_msgs/local/lib/python3.10/dist-packages/moveit_msgs/msg/_planner_params.py\n'}
[2.415155] (moveit_msgs) StdoutLine: {'line': b'-- Up-to-date: /home/yadhu/ur3e/src/install/moveit_msgs/local/lib/python3.10/dist-packages/moveit_msgs/msg/_motion_plan_detailed_response.py\n'}
[2.415185] (moveit_msgs) StdoutLine: {'line': b'-- Up-to-date: /home/yadhu/ur3e/src/install/moveit_msgs/local/lib/python3.10/dist-packages/moveit_msgs/msg/_link_scale_s.c\n'}
[2.415213] (moveit_msgs) StdoutLine: {'line': b'-- Up-to-date: /home/yadhu/ur3e/src/install/moveit_msgs/local/lib/python3.10/dist-packages/moveit_msgs/msg/_constraints.py\n'}
[2.415241] (moveit_msgs) StdoutLine: {'line': b'-- Up-to-date: /home/yadhu/ur3e/src/install/moveit_msgs/local/lib/python3.10/dist-packages/moveit_msgs/msg/_allowed_collision_entry_s.c\n'}
[2.415271] (moveit_msgs) StdoutLine: {'line': b'-- Up-to-date: /home/yadhu/ur3e/src/install/moveit_msgs/local/lib/python3.10/dist-packages/moveit_msgs/msg/__init__.py\n'}
[2.415300] (moveit_msgs) StdoutLine: {'line': b'-- Up-to-date: /home/yadhu/ur3e/src/install/moveit_msgs/local/lib/python3.10/dist-packages/moveit_msgs/msg/_visibility_constraint.py\n'}
[2.415329] (moveit_msgs) StdoutLine: {'line': b'-- Up-to-date: /home/yadhu/ur3e/src/install/moveit_msgs/local/lib/python3.10/dist-packages/moveit_msgs/msg/_planning_scene.py\n'}
[2.415357] (moveit_msgs) StdoutLine: {'line': b'-- Up-to-date: /home/yadhu/ur3e/src/install/moveit_msgs/local/lib/python3.10/dist-packages/moveit_msgs/msg/_joint_limits.py\n'}
[2.415387] (moveit_msgs) StdoutLine: {'line': b'-- Up-to-date: /home/yadhu/ur3e/src/install/moveit_msgs/local/lib/python3.10/dist-packages/moveit_msgs/msg/_joint_constraint.py\n'}
[2.415417] (moveit_msgs) StdoutLine: {'line': b'-- Up-to-date: /home/yadhu/ur3e/src/install/moveit_msgs/local/lib/python3.10/dist-packages/moveit_msgs/msg/_place_location_s.c\n'}
[2.415447] (moveit_msgs) StdoutLine: {'line': b'-- Up-to-date: /home/yadhu/ur3e/src/install/moveit_msgs/local/lib/python3.10/dist-packages/moveit_msgs/msg/_generic_trajectory.py\n'}
[2.415478] (moveit_msgs) StdoutLine: {'line': b'-- Up-to-date: /home/yadhu/ur3e/src/install/moveit_msgs/local/lib/python3.10/dist-packages/moveit_msgs/msg/_cartesian_trajectory_point.py\n'}
[2.415508] (moveit_msgs) StdoutLine: {'line': b'-- Up-to-date: /home/yadhu/ur3e/src/install/moveit_msgs/local/lib/python3.10/dist-packages/moveit_msgs/msg/_cartesian_point_s.c\n'}
[2.415538] (moveit_msgs) StdoutLine: {'line': b'-- Up-to-date: /home/yadhu/ur3e/src/install/moveit_msgs/local/lib/python3.10/dist-packages/moveit_msgs/msg/_planning_scene_components.py\n'}
[2.415568] (moveit_msgs) StdoutLine: {'line': b'-- Up-to-date: /home/yadhu/ur3e/src/install/moveit_msgs/local/lib/python3.10/dist-packages/moveit_msgs/msg/_contact_information_s.c\n'}
[2.415597] (moveit_msgs) StdoutLine: {'line': b'-- Up-to-date: /home/yadhu/ur3e/src/install/moveit_msgs/local/lib/python3.10/dist-packages/moveit_msgs/msg/_oriented_bounding_box.py\n'}
[2.415627] (moveit_msgs) StdoutLine: {'line': b'-- Up-to-date: /home/yadhu/ur3e/src/install/moveit_msgs/local/lib/python3.10/dist-packages/moveit_msgs/msg/_gripper_translation_s.c\n'}
[2.415659] (moveit_msgs) StdoutLine: {'line': b'-- Up-to-date: /home/yadhu/ur3e/src/install/moveit_msgs/local/lib/python3.10/dist-packages/moveit_msgs/msg/_place_location.py\n'}
[2.415690] (moveit_msgs) StdoutLine: {'line': b'-- Up-to-date: /home/yadhu/ur3e/src/install/moveit_msgs/local/lib/python3.10/dist-packages/moveit_msgs/msg/_cartesian_trajectory_s.c\n'}
[2.415721] (moveit_msgs) StdoutLine: {'line': b'-- Up-to-date: /home/yadhu/ur3e/src/install/moveit_msgs/local/lib/python3.10/dist-packages/moveit_msgs/msg/_orientation_constraint_s.c\n'}
[2.415751] (moveit_msgs) StdoutLine: {'line': b'-- Up-to-date: /home/yadhu/ur3e/src/install/moveit_msgs/local/lib/python3.10/dist-packages/moveit_msgs/msg/_joint_constraint_s.c\n'}
[2.415779] (moveit_msgs) StdoutLine: {'line': b'-- Up-to-date: /home/yadhu/ur3e/src/install/moveit_msgs/local/lib/python3.10/dist-packages/moveit_msgs/msg/_display_robot_state_s.c\n'}
[2.415809] (moveit_msgs) StdoutLine: {'line': b'-- Up-to-date: /home/yadhu/ur3e/src/install/moveit_msgs/local/lib/python3.10/dist-packages/moveit_msgs/msg/_link_padding_s.c\n'}
[2.415841] (moveit_msgs) StdoutLine: {'line': b'-- Up-to-date: /home/yadhu/ur3e/src/install/moveit_msgs/local/lib/python3.10/dist-packages/moveit_msgs/msg/_robot_trajectory.py\n'}
[2.415871] (moveit_msgs) StdoutLine: {'line': b'-- Up-to-date: /home/yadhu/ur3e/src/install/moveit_msgs/local/lib/python3.10/dist-packages/moveit_msgs/msg/_attached_collision_object.py\n'}
[2.415901] (moveit_msgs) StdoutLine: {'line': b'-- Up-to-date: /home/yadhu/ur3e/src/install/moveit_msgs/local/lib/python3.10/dist-packages/moveit_msgs/msg/_grasp_s.c\n'}
[2.415929] (moveit_msgs) StdoutLine: {'line': b'-- Up-to-date: /home/yadhu/ur3e/src/install/moveit_msgs/local/lib/python3.10/dist-packages/moveit_msgs/msg/_position_ik_request.py\n'}
[2.415959] (moveit_msgs) StdoutLine: {'line': b'-- Up-to-date: /home/yadhu/ur3e/src/install/moveit_msgs/local/lib/python3.10/dist-packages/moveit_msgs/msg/_constraints_s.c\n'}
[2.415997] (moveit_msgs) StdoutLine: {'line': b'-- Up-to-date: /home/yadhu/ur3e/src/install/moveit_msgs/local/lib/python3.10/dist-packages/moveit_msgs/msg/_cost_source_s.c\n'}
[2.416029] (moveit_msgs) StdoutLine: {'line': b'-- Up-to-date: /home/yadhu/ur3e/src/install/moveit_msgs/local/lib/python3.10/dist-packages/moveit_msgs/msg/_motion_sequence_item.py\n'}
[2.416057] (moveit_msgs) StdoutLine: {'line': b'-- Up-to-date: /home/yadhu/ur3e/src/install/moveit_msgs/local/lib/python3.10/dist-packages/moveit_msgs/msg/_display_trajectory.py\n'}
[2.416086] (moveit_msgs) StdoutLine: {'line': b'-- Up-to-date: /home/yadhu/ur3e/src/install/moveit_msgs/local/lib/python3.10/dist-packages/moveit_msgs/msg/_motion_plan_response_s.c\n'}
[2.416114] (moveit_msgs) StdoutLine: {'line': b'-- Up-to-date: /home/yadhu/ur3e/src/install/moveit_msgs/local/lib/python3.10/dist-packages/moveit_msgs/msg/_kinematic_solver_info_s.c\n'}
[2.416142] (moveit_msgs) StdoutLine: {'line': b'-- Up-to-date: /home/yadhu/ur3e/src/install/moveit_msgs/local/lib/python3.10/dist-packages/moveit_msgs/msg/_constraint_eval_result_s.c\n'}
[2.416171] (moveit_msgs) StdoutLine: {'line': b'-- Up-to-date: /home/yadhu/ur3e/src/install/moveit_msgs/local/lib/python3.10/dist-packages/moveit_msgs/msg/_grasp.py\n'}
[2.416200] (moveit_msgs) StdoutLine: {'line': b'-- Up-to-date: /home/yadhu/ur3e/src/install/moveit_msgs/local/lib/python3.10/dist-packages/moveit_msgs/srv\n'}
[2.416230] (moveit_msgs) StdoutLine: {'line': b'-- Up-to-date: /home/yadhu/ur3e/src/install/moveit_msgs/local/lib/python3.10/dist-packages/moveit_msgs/srv/_change_drift_dimensions_s.c\n'}
[2.416259] (moveit_msgs) StdoutLine: {'line': b'-- Up-to-date: /home/yadhu/ur3e/src/install/moveit_msgs/local/lib/python3.10/dist-packages/moveit_msgs/srv/_delete_robot_state_from_warehouse.py\n'}
[2.416287] (moveit_msgs) StdoutLine: {'line': b'-- Up-to-date: /home/yadhu/ur3e/src/install/moveit_msgs/local/lib/python3.10/dist-packages/moveit_msgs/srv/_update_pointcloud_octomap_s.c\n'}
[2.416316] (moveit_msgs) StdoutLine: {'line': b'-- Up-to-date: /home/yadhu/ur3e/src/install/moveit_msgs/local/lib/python3.10/dist-packages/moveit_msgs/srv/_get_position_fk_s.c\n'}
[2.416344] (moveit_msgs) StdoutLine: {'line': b'-- Up-to-date: /home/yadhu/ur3e/src/install/moveit_msgs/local/lib/python3.10/dist-packages/moveit_msgs/srv/_get_state_validity.py\n'}
[2.416373] (moveit_msgs) StdoutLine: {'line': b'-- Up-to-date: /home/yadhu/ur3e/src/install/moveit_msgs/local/lib/python3.10/dist-packages/moveit_msgs/srv/_grasp_planning.py\n'}
[2.416401] (moveit_msgs) StdoutLine: {'line': b'-- Up-to-date: /home/yadhu/ur3e/src/install/moveit_msgs/local/lib/python3.10/dist-packages/moveit_msgs/srv/_grasp_planning_s.c\n'}
[2.416429] (moveit_msgs) StdoutLine: {'line': b'-- Up-to-date: /home/yadhu/ur3e/src/install/moveit_msgs/local/lib/python3.10/dist-packages/moveit_msgs/srv/_get_robot_state_from_warehouse.py\n'}
[2.416458] (moveit_msgs) StdoutLine: {'line': b'-- Up-to-date: /home/yadhu/ur3e/src/install/moveit_msgs/local/lib/python3.10/dist-packages/moveit_msgs/srv/_check_if_robot_state_exists_in_warehouse.py\n'}
[2.416485] (moveit_msgs) StdoutLine: {'line': b'-- Up-to-date: /home/yadhu/ur3e/src/install/moveit_msgs/local/lib/python3.10/dist-packages/moveit_msgs/srv/_change_control_dimensions_s.c\n'}
[2.416515] (moveit_msgs) StdoutLine: {'line': b'-- Up-to-date: /home/yadhu/ur3e/src/install/moveit_msgs/local/lib/python3.10/dist-packages/moveit_msgs/srv/_set_planner_params.py\n'}
[2.416543] (moveit_msgs) StdoutLine: {'line': b'-- Up-to-date: /home/yadhu/ur3e/src/install/moveit_msgs/local/lib/python3.10/dist-packages/moveit_msgs/srv/_get_motion_sequence.py\n'}
[2.416572] (moveit_msgs) StdoutLine: {'line': b'-- Up-to-date: /home/yadhu/ur3e/src/install/moveit_msgs/local/lib/python3.10/dist-packages/moveit_msgs/srv/_update_pointcloud_octomap.py\n'}
[2.416601] (moveit_msgs) StdoutLine: {'line': b'-- Up-to-date: /home/yadhu/ur3e/src/install/moveit_msgs/local/lib/python3.10/dist-packages/moveit_msgs/srv/_get_planner_params.py\n'}
[2.416628] (moveit_msgs) StdoutLine: {'line': b'-- Up-to-date: /home/yadhu/ur3e/src/install/moveit_msgs/local/lib/python3.10/dist-packages/moveit_msgs/srv/_save_map.py\n'}
[2.416657] (moveit_msgs) StdoutLine: {'line': b'-- Up-to-date: /home/yadhu/ur3e/src/install/moveit_msgs/local/lib/python3.10/dist-packages/moveit_msgs/srv/_rename_robot_state_in_warehouse.py\n'}
[2.416686] (moveit_msgs) StdoutLine: {'line': b'-- Up-to-date: /home/yadhu/ur3e/src/install/moveit_msgs/local/lib/python3.10/dist-packages/moveit_msgs/srv/_get_position_ik.py\n'}
[2.416714] (moveit_msgs) StdoutLine: {'line': b'-- Up-to-date: /home/yadhu/ur3e/src/install/moveit_msgs/local/lib/python3.10/dist-packages/moveit_msgs/srv/_load_map.py\n'}
[2.416745] (moveit_msgs) StdoutLine: {'line': b'-- Up-to-date: /home/yadhu/ur3e/src/install/moveit_msgs/local/lib/python3.10/dist-packages/moveit_msgs/srv/_apply_planning_scene.py\n'}
[2.416774] (moveit_msgs) StdoutLine: {'line': b'-- Up-to-date: /home/yadhu/ur3e/src/install/moveit_msgs/local/lib/python3.10/dist-packages/moveit_msgs/srv/_rename_robot_state_in_warehouse_s.c\n'}
[2.416802] (moveit_msgs) StdoutLine: {'line': b'-- Up-to-date: /home/yadhu/ur3e/src/install/moveit_msgs/local/lib/python3.10/dist-packages/moveit_msgs/srv/_get_position_fk.py\n'}
[2.416831] (moveit_msgs) StdoutLine: {'line': b'-- Up-to-date: /home/yadhu/ur3e/src/install/moveit_msgs/local/lib/python3.10/dist-packages/moveit_msgs/srv/_get_cartesian_path_s.c\n'}
[2.416859] (moveit_msgs) StdoutLine: {'line': b'-- Up-to-date: /home/yadhu/ur3e/src/install/moveit_msgs/local/lib/python3.10/dist-packages/moveit_msgs/srv/_get_motion_plan_s.c\n'}
[2.416890] (moveit_msgs) StdoutLine: {'line': b'-- Up-to-date: /home/yadhu/ur3e/src/install/moveit_msgs/local/lib/python3.10/dist-packages/moveit_msgs/srv/_get_planner_params_s.c\n'}
[2.416918] (moveit_msgs) StdoutLine: {'line': b'-- Up-to-date: /home/yadhu/ur3e/src/install/moveit_msgs/local/lib/python3.10/dist-packages/moveit_msgs/srv/_save_robot_state_to_warehouse_s.c\n'}
[2.416946] (moveit_msgs) StdoutLine: {'line': b'-- Up-to-date: /home/yadhu/ur3e/src/install/moveit_msgs/local/lib/python3.10/dist-packages/moveit_msgs/srv/_get_state_validity_s.c\n'}
[2.416975] (moveit_msgs) StdoutLine: {'line': b'-- Up-to-date: /home/yadhu/ur3e/src/install/moveit_msgs/local/lib/python3.10/dist-packages/moveit_msgs/srv/_delete_robot_state_from_warehouse_s.c\n'}
[2.417009] (moveit_msgs) StdoutLine: {'line': b'-- Up-to-date: /home/yadhu/ur3e/src/install/moveit_msgs/local/lib/python3.10/dist-packages/moveit_msgs/srv/_query_planner_interfaces_s.c\n'}
[2.417038] (moveit_msgs) StdoutLine: {'line': b'-- Up-to-date: /home/yadhu/ur3e/src/install/moveit_msgs/local/lib/python3.10/dist-packages/moveit_msgs/srv/__init__.py\n'}
[2.417067] (moveit_msgs) StdoutLine: {'line': b'-- Up-to-date: /home/yadhu/ur3e/src/install/moveit_msgs/local/lib/python3.10/dist-packages/moveit_msgs/srv/_check_if_robot_state_exists_in_warehouse_s.c\n'}
[2.417095] (moveit_msgs) StdoutLine: {'line': b'-- Up-to-date: /home/yadhu/ur3e/src/install/moveit_msgs/local/lib/python3.10/dist-packages/moveit_msgs/srv/_list_robot_states_in_warehouse.py\n'}
[2.417124] (moveit_msgs) StdoutLine: {'line': b'-- Up-to-date: /home/yadhu/ur3e/src/install/moveit_msgs/local/lib/python3.10/dist-packages/moveit_msgs/srv/_get_position_ik_s.c\n'}
[2.417154] (moveit_msgs) StdoutLine: {'line': b'-- Up-to-date: /home/yadhu/ur3e/src/install/moveit_msgs/local/lib/python3.10/dist-packages/moveit_msgs/srv/_get_planning_scene.py\n'}
[2.417182] (moveit_msgs) StdoutLine: {'line': b'-- Up-to-date: /home/yadhu/ur3e/src/install/moveit_msgs/local/lib/python3.10/dist-packages/moveit_msgs/srv/_save_robot_state_to_warehouse.py\n'}
[2.417211] (moveit_msgs) StdoutLine: {'line': b'-- Up-to-date: /home/yadhu/ur3e/src/install/moveit_msgs/local/lib/python3.10/dist-packages/moveit_msgs/srv/_get_motion_plan.py\n'}
[2.417240] (moveit_msgs) StdoutLine: {'line': b'-- Up-to-date: /home/yadhu/ur3e/src/install/moveit_msgs/local/lib/python3.10/dist-packages/moveit_msgs/srv/_get_motion_sequence_s.c\n'}
[2.417270] (moveit_msgs) StdoutLine: {'line': b'-- Up-to-date: /home/yadhu/ur3e/src/install/moveit_msgs/local/lib/python3.10/dist-packages/moveit_msgs/srv/_list_robot_states_in_warehouse_s.c\n'}
[2.417299] (moveit_msgs) StdoutLine: {'line': b'-- Up-to-date: /home/yadhu/ur3e/src/install/moveit_msgs/local/lib/python3.10/dist-packages/moveit_msgs/srv/_change_control_dimensions.py\n'}
[2.417326] (moveit_msgs) StdoutLine: {'line': b'-- Up-to-date: /home/yadhu/ur3e/src/install/moveit_msgs/local/lib/python3.10/dist-packages/moveit_msgs/srv/_load_map_s.c\n'}
[2.417355] (moveit_msgs) StdoutLine: {'line': b'-- Up-to-date: /home/yadhu/ur3e/src/install/moveit_msgs/local/lib/python3.10/dist-packages/moveit_msgs/srv/_get_robot_state_from_warehouse_s.c\n'}
[2.417383] (moveit_msgs) StdoutLine: {'line': b'-- Up-to-date: /home/yadhu/ur3e/src/install/moveit_msgs/local/lib/python3.10/dist-packages/moveit_msgs/srv/_change_drift_dimensions.py\n'}
[2.417411] (moveit_msgs) StdoutLine: {'line': b'-- Up-to-date: /home/yadhu/ur3e/src/install/moveit_msgs/local/lib/python3.10/dist-packages/moveit_msgs/srv/_apply_planning_scene_s.c\n'}
[2.417440] (moveit_msgs) StdoutLine: {'line': b'-- Up-to-date: /home/yadhu/ur3e/src/install/moveit_msgs/local/lib/python3.10/dist-packages/moveit_msgs/srv/_get_cartesian_path.py\n'}
[2.417469] (moveit_msgs) StdoutLine: {'line': b'-- Up-to-date: /home/yadhu/ur3e/src/install/moveit_msgs/local/lib/python3.10/dist-packages/moveit_msgs/srv/_query_planner_interfaces.py\n'}
[2.417498] (moveit_msgs) StdoutLine: {'line': b'-- Up-to-date: /home/yadhu/ur3e/src/install/moveit_msgs/local/lib/python3.10/dist-packages/moveit_msgs/srv/_get_planning_scene_s.c\n'}
[2.417527] (moveit_msgs) StdoutLine: {'line': b'-- Up-to-date: /home/yadhu/ur3e/src/install/moveit_msgs/local/lib/python3.10/dist-packages/moveit_msgs/srv/_set_planner_params_s.c\n'}
[2.417558] (moveit_msgs) StdoutLine: {'line': b'-- Up-to-date: /home/yadhu/ur3e/src/install/moveit_msgs/local/lib/python3.10/dist-packages/moveit_msgs/srv/_save_map_s.c\n'}
[2.417587] (moveit_msgs) StdoutLine: {'line': b'-- Up-to-date: /home/yadhu/ur3e/src/install/moveit_msgs/local/lib/python3.10/dist-packages/moveit_msgs/_moveit_msgs_s.ep.rosidl_typesupport_fastrtps_c.c\n'}
[2.417618] (moveit_msgs) StdoutLine: {'line': b'-- Up-to-date: /home/yadhu/ur3e/src/install/moveit_msgs/local/lib/python3.10/dist-packages/moveit_msgs/__init__.py\n'}
[2.417647] (moveit_msgs) StdoutLine: {'line': b'-- Up-to-date: /home/yadhu/ur3e/src/install/moveit_msgs/local/lib/python3.10/dist-packages/moveit_msgs/moveit_msgs_s__rosidl_typesupport_introspection_c.cpython-310-x86_64-linux-gnu.so\n'}
[2.417676] (moveit_msgs) StdoutLine: {'line': b'-- Up-to-date: /home/yadhu/ur3e/src/install/moveit_msgs/local/lib/python3.10/dist-packages/moveit_msgs/_moveit_msgs_s.ep.rosidl_typesupport_introspection_c.c\n'}
[2.417767] (moveit_msgs) StdoutLine: {'line': b"Listing '/home/yadhu/ur3e/src/install/moveit_msgs/local/lib/python3.10/dist-packages/moveit_msgs'...\n"}
[2.417798] (moveit_msgs) StdoutLine: {'line': b"Listing '/home/yadhu/ur3e/src/install/moveit_msgs/local/lib/python3.10/dist-packages/moveit_msgs/action'...\n"}
[2.417831] (moveit_msgs) StdoutLine: {'line': b"Listing '/home/yadhu/ur3e/src/install/moveit_msgs/local/lib/python3.10/dist-packages/moveit_msgs/msg'...\n"}
[2.417863] (moveit_msgs) StdoutLine: {'line': b"Listing '/home/yadhu/ur3e/src/install/moveit_msgs/local/lib/python3.10/dist-packages/moveit_msgs/srv'...\n"}
[2.421014] (-) TimerEvent: {}
[2.421351] (moveit_msgs) StdoutLine: {'line': b'-- Up-to-date: /home/yadhu/ur3e/src/install/moveit_msgs/local/lib/python3.10/dist-packages/moveit_msgs/moveit_msgs_s__rosidl_typesupport_fastrtps_c.cpython-310-x86_64-linux-gnu.so\n'}
[2.421645] (moveit_msgs) StdoutLine: {'line': b'-- Up-to-date: /home/yadhu/ur3e/src/install/moveit_msgs/local/lib/python3.10/dist-packages/moveit_msgs/moveit_msgs_s__rosidl_typesupport_introspection_c.cpython-310-x86_64-linux-gnu.so\n'}
[2.421905] (moveit_msgs) StdoutLine: {'line': b'-- Up-to-date: /home/yadhu/ur3e/src/install/moveit_msgs/local/lib/python3.10/dist-packages/moveit_msgs/moveit_msgs_s__rosidl_typesupport_c.cpython-310-x86_64-linux-gnu.so\n'}
[2.422193] (moveit_msgs) StdoutLine: {'line': b'-- Up-to-date: /home/yadhu/ur3e/src/install/moveit_msgs/lib/libmoveit_msgs__rosidl_generator_py.so\n'}
[2.422322] (moveit_msgs) StdoutLine: {'line': b'-- Up-to-date: /home/yadhu/ur3e/src/install/moveit_msgs/share/moveit_msgs/msg/AllowedCollisionEntry.idl\n'}
[2.422438] (moveit_msgs) StdoutLine: {'line': b'-- Up-to-date: /home/yadhu/ur3e/src/install/moveit_msgs/share/moveit_msgs/msg/AllowedCollisionMatrix.idl\n'}
[2.422557] (moveit_msgs) StdoutLine: {'line': b'-- Up-to-date: /home/yadhu/ur3e/src/install/moveit_msgs/share/moveit_msgs/msg/AttachedCollisionObject.idl\n'}
[2.422642] (moveit_msgs) StdoutLine: {'line': b'-- Up-to-date: /home/yadhu/ur3e/src/install/moveit_msgs/share/moveit_msgs/msg/BoundingVolume.idl\n'}
[2.422719] (moveit_msgs) StdoutLine: {'line': b'-- Up-to-date: /home/yadhu/ur3e/src/install/moveit_msgs/share/moveit_msgs/msg/CartesianPoint.idl\n'}
[2.422791] (moveit_msgs) StdoutLine: {'line': b'-- Up-to-date: /home/yadhu/ur3e/src/install/moveit_msgs/share/moveit_msgs/msg/CartesianTrajectory.idl\n'}
[2.422933] (moveit_msgs) StdoutLine: {'line': b'-- Up-to-date: /home/yadhu/ur3e/src/install/moveit_msgs/share/moveit_msgs/msg/CartesianTrajectoryPoint.idl\n'}
[2.423010] (moveit_msgs) StdoutLine: {'line': b'-- Up-to-date: /home/yadhu/ur3e/src/install/moveit_msgs/share/moveit_msgs/msg/CollisionObject.idl\n'}
[2.423080] (moveit_msgs) StdoutLine: {'line': b'-- Up-to-date: /home/yadhu/ur3e/src/install/moveit_msgs/share/moveit_msgs/msg/ConstraintEvalResult.idl\n'}
[2.423150] (moveit_msgs) StdoutLine: {'line': b'-- Up-to-date: /home/yadhu/ur3e/src/install/moveit_msgs/share/moveit_msgs/msg/Constraints.idl\n'}
[2.423275] (moveit_msgs) StdoutLine: {'line': b'-- Up-to-date: /home/yadhu/ur3e/src/install/moveit_msgs/share/moveit_msgs/msg/CostSource.idl\n'}
[2.423352] (moveit_msgs) StdoutLine: {'line': b'-- Up-to-date: /home/yadhu/ur3e/src/install/moveit_msgs/share/moveit_msgs/msg/ContactInformation.idl\n'}
[2.423429] (moveit_msgs) StdoutLine: {'line': b'-- Up-to-date: /home/yadhu/ur3e/src/install/moveit_msgs/share/moveit_msgs/msg/DisplayTrajectory.idl\n'}
[2.423498] (moveit_msgs) StdoutLine: {'line': b'-- Up-to-date: /home/yadhu/ur3e/src/install/moveit_msgs/share/moveit_msgs/msg/DisplayRobotState.idl\n'}
[2.423628] (moveit_msgs) StdoutLine: {'line': b'-- Up-to-date: /home/yadhu/ur3e/src/install/moveit_msgs/share/moveit_msgs/msg/GenericTrajectory.idl\n'}
[2.423699] (moveit_msgs) StdoutLine: {'line': b'-- Up-to-date: /home/yadhu/ur3e/src/install/moveit_msgs/share/moveit_msgs/msg/Grasp.idl\n'}
[2.423827] (moveit_msgs) StdoutLine: {'line': b'-- Up-to-date: /home/yadhu/ur3e/src/install/moveit_msgs/share/moveit_msgs/msg/GripperTranslation.idl\n'}
[2.423883] (moveit_msgs) StdoutLine: {'line': b'-- Up-to-date: /home/yadhu/ur3e/src/install/moveit_msgs/share/moveit_msgs/msg/JointConstraint.idl\n'}
[2.423973] (moveit_msgs) StdoutLine: {'line': b'-- Up-to-date: /home/yadhu/ur3e/src/install/moveit_msgs/share/moveit_msgs/msg/JointLimits.idl\n'}
[2.424102] (moveit_msgs) StdoutLine: {'line': b'-- Up-to-date: /home/yadhu/ur3e/src/install/moveit_msgs/share/moveit_msgs/msg/LinkPadding.idl\n'}
[2.424167] (moveit_msgs) StdoutLine: {'line': b'-- Up-to-date: /home/yadhu/ur3e/src/install/moveit_msgs/share/moveit_msgs/msg/LinkScale.idl\n'}
[2.424249] (moveit_msgs) StdoutLine: {'line': b'-- Up-to-date: /home/yadhu/ur3e/src/install/moveit_msgs/share/moveit_msgs/msg/MotionPlanRequest.idl\n'}
[2.424390] (moveit_msgs) StdoutLine: {'line': b'-- Up-to-date: /home/yadhu/ur3e/src/install/moveit_msgs/share/moveit_msgs/msg/MotionPlanResponse.idl\n'}
[2.424455] (moveit_msgs) StdoutLine: {'line': b'-- Up-to-date: /home/yadhu/ur3e/src/install/moveit_msgs/share/moveit_msgs/msg/MotionPlanDetailedResponse.idl\n'}
[2.424530] (moveit_msgs) StdoutLine: {'line': b'-- Up-to-date: /home/yadhu/ur3e/src/install/moveit_msgs/share/moveit_msgs/msg/MotionSequenceItem.idl\n'}
[2.424600] (moveit_msgs) StdoutLine: {'line': b'-- Up-to-date: /home/yadhu/ur3e/src/install/moveit_msgs/share/moveit_msgs/msg/MotionSequenceRequest.idl\n'}
[2.424724] (moveit_msgs) StdoutLine: {'line': b'-- Up-to-date: /home/yadhu/ur3e/src/install/moveit_msgs/share/moveit_msgs/msg/MotionSequenceResponse.idl\n'}
[2.424809] (moveit_msgs) StdoutLine: {'line': b'-- Up-to-date: /home/yadhu/ur3e/src/install/moveit_msgs/share/moveit_msgs/msg/MoveItErrorCodes.idl\n'}
[2.424892] (moveit_msgs) StdoutLine: {'line': b'-- Up-to-date: /home/yadhu/ur3e/src/install/moveit_msgs/share/moveit_msgs/msg/TrajectoryConstraints.idl\n'}
[2.424962] (moveit_msgs) StdoutLine: {'line': b'-- Up-to-date: /home/yadhu/ur3e/src/install/moveit_msgs/share/moveit_msgs/msg/ObjectColor.idl\n'}
[2.425097] (moveit_msgs) StdoutLine: {'line': b'-- Up-to-date: /home/yadhu/ur3e/src/install/moveit_msgs/share/moveit_msgs/msg/OrientationConstraint.idl\n'}
[2.425173] (moveit_msgs) StdoutLine: {'line': b'-- Up-to-date: /home/yadhu/ur3e/src/install/moveit_msgs/share/moveit_msgs/msg/OrientedBoundingBox.idl\n'}
[2.425249] (moveit_msgs) StdoutLine: {'line': b'-- Up-to-date: /home/yadhu/ur3e/src/install/moveit_msgs/share/moveit_msgs/msg/PlaceLocation.idl\n'}
[2.425320] (moveit_msgs) StdoutLine: {'line': b'-- Up-to-date: /home/yadhu/ur3e/src/install/moveit_msgs/share/moveit_msgs/msg/PlannerInterfaceDescription.idl\n'}
[2.425448] (moveit_msgs) StdoutLine: {'line': b'-- Up-to-date: /home/yadhu/ur3e/src/install/moveit_msgs/share/moveit_msgs/msg/PlannerParams.idl\n'}
[2.425527] (moveit_msgs) StdoutLine: {'line': b'-- Up-to-date: /home/yadhu/ur3e/src/install/moveit_msgs/share/moveit_msgs/msg/PlanningScene.idl\n'}
[2.425603] (moveit_msgs) StdoutLine: {'line': b'-- Up-to-date: /home/yadhu/ur3e/src/install/moveit_msgs/share/moveit_msgs/msg/PlanningSceneComponents.idl\n'}
[2.425672] (moveit_msgs) StdoutLine: {'line': b'-- Up-to-date: /home/yadhu/ur3e/src/install/moveit_msgs/share/moveit_msgs/msg/PlanningSceneWorld.idl\n'}
[2.425798] (moveit_msgs) StdoutLine: {'line': b'-- Up-to-date: /home/yadhu/ur3e/src/install/moveit_msgs/share/moveit_msgs/msg/PlanningOptions.idl\n'}
[2.425908] (moveit_msgs) StdoutLine: {'line': b'-- Up-to-date: /home/yadhu/ur3e/src/install/moveit_msgs/share/moveit_msgs/msg/PositionConstraint.idl\n'}
[2.425980] (moveit_msgs) StdoutLine: {'line': b'-- Up-to-date: /home/yadhu/ur3e/src/install/moveit_msgs/share/moveit_msgs/msg/RobotState.idl\n'}
[2.426053] (moveit_msgs) StdoutLine: {'line': b'-- Up-to-date: /home/yadhu/ur3e/src/install/moveit_msgs/share/moveit_msgs/msg/RobotTrajectory.idl\n'}
[2.426167] (moveit_msgs) StdoutLine: {'line': b'-- Up-to-date: /home/yadhu/ur3e/src/install/moveit_msgs/share/moveit_msgs/msg/VisibilityConstraint.idl\n'}
[2.426297] (moveit_msgs) StdoutLine: {'line': b'-- Up-to-date: /home/yadhu/ur3e/src/install/moveit_msgs/share/moveit_msgs/msg/WorkspaceParameters.idl\n'}
[2.426355] (moveit_msgs) StdoutLine: {'line': b'-- Up-to-date: /home/yadhu/ur3e/src/install/moveit_msgs/share/moveit_msgs/msg/KinematicSolverInfo.idl\n'}
[2.426470] (moveit_msgs) StdoutLine: {'line': b'-- Up-to-date: /home/yadhu/ur3e/src/install/moveit_msgs/share/moveit_msgs/msg/PositionIKRequest.idl\n'}
[2.426574] (moveit_msgs) StdoutLine: {'line': b'-- Up-to-date: /home/yadhu/ur3e/src/install/moveit_msgs/share/moveit_msgs/srv/GetMotionPlan.idl\n'}
[2.426653] (moveit_msgs) StdoutLine: {'line': b'-- Up-to-date: /home/yadhu/ur3e/src/install/moveit_msgs/share/moveit_msgs/srv/GetStateValidity.idl\n'}
[2.426726] (moveit_msgs) StdoutLine: {'line': b'-- Up-to-date: /home/yadhu/ur3e/src/install/moveit_msgs/share/moveit_msgs/srv/GetCartesianPath.idl\n'}
[2.426802] (moveit_msgs) StdoutLine: {'line': b'-- Up-to-date: /home/yadhu/ur3e/src/install/moveit_msgs/share/moveit_msgs/srv/GetPlanningScene.idl\n'}
[2.426926] (moveit_msgs) StdoutLine: {'line': b'-- Up-to-date: /home/yadhu/ur3e/src/install/moveit_msgs/share/moveit_msgs/srv/GraspPlanning.idl\n'}
[2.427020] (moveit_msgs) StdoutLine: {'line': b'-- Up-to-date: /home/yadhu/ur3e/src/install/moveit_msgs/share/moveit_msgs/srv/ApplyPlanningScene.idl\n'}
[2.427084] (moveit_msgs) StdoutLine: {'line': b'-- Up-to-date: /home/yadhu/ur3e/src/install/moveit_msgs/share/moveit_msgs/srv/QueryPlannerInterfaces.idl\n'}
[2.427152] (moveit_msgs) StdoutLine: {'line': b'-- Up-to-date: /home/yadhu/ur3e/src/install/moveit_msgs/share/moveit_msgs/srv/GetMotionSequence.idl\n'}
[2.427282] (moveit_msgs) StdoutLine: {'line': b'-- Up-to-date: /home/yadhu/ur3e/src/install/moveit_msgs/share/moveit_msgs/srv/GetPositionFK.idl\n'}
[2.427359] (moveit_msgs) StdoutLine: {'line': b'-- Up-to-date: /home/yadhu/ur3e/src/install/moveit_msgs/share/moveit_msgs/srv/GetPositionIK.idl\n'}
[2.427441] (moveit_msgs) StdoutLine: {'line': b'-- Up-to-date: /home/yadhu/ur3e/src/install/moveit_msgs/share/moveit_msgs/srv/GetPlannerParams.idl\n'}
[2.427507] (moveit_msgs) StdoutLine: {'line': b'-- Up-to-date: /home/yadhu/ur3e/src/install/moveit_msgs/share/moveit_msgs/srv/SetPlannerParams.idl\n'}
[2.427634] (moveit_msgs) StdoutLine: {'line': b'-- Up-to-date: /home/yadhu/ur3e/src/install/moveit_msgs/share/moveit_msgs/srv/UpdatePointcloudOctomap.idl\n'}
[2.427715] (moveit_msgs) StdoutLine: {'line': b'-- Up-to-date: /home/yadhu/ur3e/src/install/moveit_msgs/share/moveit_msgs/srv/SaveMap.idl\n'}
[2.427805] (moveit_msgs) StdoutLine: {'line': b'-- Up-to-date: /home/yadhu/ur3e/src/install/moveit_msgs/share/moveit_msgs/srv/LoadMap.idl\n'}
[2.427874] (moveit_msgs) StdoutLine: {'line': b'-- Up-to-date: /home/yadhu/ur3e/src/install/moveit_msgs/share/moveit_msgs/srv/SaveRobotStateToWarehouse.idl\n'}
[2.428008] (moveit_msgs) StdoutLine: {'line': b'-- Up-to-date: /home/yadhu/ur3e/src/install/moveit_msgs/share/moveit_msgs/srv/ListRobotStatesInWarehouse.idl\n'}
[2.428089] (moveit_msgs) StdoutLine: {'line': b'-- Up-to-date: /home/yadhu/ur3e/src/install/moveit_msgs/share/moveit_msgs/srv/GetRobotStateFromWarehouse.idl\n'}
[2.428168] (moveit_msgs) StdoutLine: {'line': b'-- Up-to-date: /home/yadhu/ur3e/src/install/moveit_msgs/share/moveit_msgs/srv/CheckIfRobotStateExistsInWarehouse.idl\n'}
[2.428238] (moveit_msgs) StdoutLine: {'line': b'-- Up-to-date: /home/yadhu/ur3e/src/install/moveit_msgs/share/moveit_msgs/srv/RenameRobotStateInWarehouse.idl\n'}
[2.428376] (moveit_msgs) StdoutLine: {'line': b'-- Up-to-date: /home/yadhu/ur3e/src/install/moveit_msgs/share/moveit_msgs/srv/DeleteRobotStateFromWarehouse.idl\n'}
[2.428505] (moveit_msgs) StdoutLine: {'line': b'-- Up-to-date: /home/yadhu/ur3e/src/install/moveit_msgs/share/moveit_msgs/srv/ChangeControlDimensions.idl\n'}
[2.428571] (moveit_msgs) StdoutLine: {'line': b'-- Up-to-date: /home/yadhu/ur3e/src/install/moveit_msgs/share/moveit_msgs/srv/ChangeDriftDimensions.idl\n'}
[2.428687] (moveit_msgs) StdoutLine: {'line': b'-- Up-to-date: /home/yadhu/ur3e/src/install/moveit_msgs/share/moveit_msgs/action/ExecuteTrajectory.idl\n'}
[2.428803] (moveit_msgs) StdoutLine: {'line': b'-- Up-to-date: /home/yadhu/ur3e/src/install/moveit_msgs/share/moveit_msgs/action/MoveGroup.idl\n'}
[2.428887] (moveit_msgs) StdoutLine: {'line': b'-- Up-to-date: /home/yadhu/ur3e/src/install/moveit_msgs/share/moveit_msgs/action/MoveGroupSequence.idl\n'}
[2.428965] (moveit_msgs) StdoutLine: {'line': b'-- Up-to-date: /home/yadhu/ur3e/src/install/moveit_msgs/share/moveit_msgs/action/Pickup.idl\n'}
[2.429049] (moveit_msgs) StdoutLine: {'line': b'-- Up-to-date: /home/yadhu/ur3e/src/install/moveit_msgs/share/moveit_msgs/action/Place.idl\n'}
[2.429185] (moveit_msgs) StdoutLine: {'line': b'-- Up-to-date: /home/yadhu/ur3e/src/install/moveit_msgs/share/moveit_msgs/action/LocalPlanner.idl\n'}
[2.429257] (moveit_msgs) StdoutLine: {'line': b'-- Up-to-date: /home/yadhu/ur3e/src/install/moveit_msgs/share/moveit_msgs/action/GlobalPlanner.idl\n'}
[2.429327] (moveit_msgs) StdoutLine: {'line': b'-- Up-to-date: /home/yadhu/ur3e/src/install/moveit_msgs/share/moveit_msgs/action/HybridPlanner.idl\n'}
[2.429405] (moveit_msgs) StdoutLine: {'line': b'-- Up-to-date: /home/yadhu/ur3e/src/install/moveit_msgs/share/moveit_msgs/msg/AllowedCollisionEntry.msg\n'}
[2.429541] (moveit_msgs) StdoutLine: {'line': b'-- Up-to-date: /home/yadhu/ur3e/src/install/moveit_msgs/share/moveit_msgs/msg/AllowedCollisionMatrix.msg\n'}
[2.429605] (moveit_msgs) StdoutLine: {'line': b'-- Up-to-date: /home/yadhu/ur3e/src/install/moveit_msgs/share/moveit_msgs/msg/AttachedCollisionObject.msg\n'}
[2.429694] (moveit_msgs) StdoutLine: {'line': b'-- Up-to-date: /home/yadhu/ur3e/src/install/moveit_msgs/share/moveit_msgs/msg/BoundingVolume.msg\n'}
[2.429807] (moveit_msgs) StdoutLine: {'line': b'-- Up-to-date: /home/yadhu/ur3e/src/install/moveit_msgs/share/moveit_msgs/msg/CartesianPoint.msg\n'}
[2.429885] (moveit_msgs) StdoutLine: {'line': b'-- Up-to-date: /home/yadhu/ur3e/src/install/moveit_msgs/share/moveit_msgs/msg/CartesianTrajectory.msg\n'}
[2.429990] (moveit_msgs) StdoutLine: {'line': b'-- Up-to-date: /home/yadhu/ur3e/src/install/moveit_msgs/share/moveit_msgs/msg/CartesianTrajectoryPoint.msg\n'}
[2.430065] (moveit_msgs) StdoutLine: {'line': b'-- Up-to-date: /home/yadhu/ur3e/src/install/moveit_msgs/share/moveit_msgs/msg/CollisionObject.msg\n'}
[2.430168] (moveit_msgs) StdoutLine: {'line': b'-- Up-to-date: /home/yadhu/ur3e/src/install/moveit_msgs/share/moveit_msgs/msg/ConstraintEvalResult.msg\n'}
[2.430258] (moveit_msgs) StdoutLine: {'line': b'-- Up-to-date: /home/yadhu/ur3e/src/install/moveit_msgs/share/moveit_msgs/msg/Constraints.msg\n'}
[2.430314] (moveit_msgs) StdoutLine: {'line': b'-- Up-to-date: /home/yadhu/ur3e/src/install/moveit_msgs/share/moveit_msgs/msg/CostSource.msg\n'}
[2.430388] (moveit_msgs) StdoutLine: {'line': b'-- Up-to-date: /home/yadhu/ur3e/src/install/moveit_msgs/share/moveit_msgs/msg/ContactInformation.msg\n'}
[2.430519] (moveit_msgs) StdoutLine: {'line': b'-- Up-to-date: /home/yadhu/ur3e/src/install/moveit_msgs/share/moveit_msgs/msg/DisplayTrajectory.msg\n'}
[2.430650] (moveit_msgs) StdoutLine: {'line': b'-- Up-to-date: /home/yadhu/ur3e/src/install/moveit_msgs/share/moveit_msgs/msg/DisplayRobotState.msg\n'}
[2.430702] (moveit_msgs) StdoutLine: {'line': b'-- Up-to-date: /home/yadhu/ur3e/src/install/moveit_msgs/share/moveit_msgs/msg/GenericTrajectory.msg\n'}
[2.430794] (moveit_msgs) StdoutLine: {'line': b'-- Up-to-date: /home/yadhu/ur3e/src/install/moveit_msgs/share/moveit_msgs/msg/Grasp.msg\n'}
[2.430921] (moveit_msgs) StdoutLine: {'line': b'-- Up-to-date: /home/yadhu/ur3e/src/install/moveit_msgs/share/moveit_msgs/msg/GripperTranslation.msg\n'}
[2.431061] (moveit_msgs) StdoutLine: {'line': b'-- Up-to-date: /home/yadhu/ur3e/src/install/moveit_msgs/share/moveit_msgs/msg/JointConstraint.msg\n'}
[2.431114] (moveit_msgs) StdoutLine: {'line': b'-- Up-to-date: /home/yadhu/ur3e/src/install/moveit_msgs/share/moveit_msgs/msg/JointLimits.msg\n'}
[2.431174] (moveit_msgs) StdoutLine: {'line': b'-- Up-to-date: /home/yadhu/ur3e/src/install/moveit_msgs/share/moveit_msgs/msg/LinkPadding.msg\n'}
[2.431327] (moveit_msgs) StdoutLine: {'line': b'-- Up-to-date: /home/yadhu/ur3e/src/install/moveit_msgs/share/moveit_msgs/msg/LinkScale.msg\n'}
[2.431406] (moveit_msgs) StdoutLine: {'line': b'-- Up-to-date: /home/yadhu/ur3e/src/install/moveit_msgs/share/moveit_msgs/msg/MotionPlanRequest.msg\n'}
[2.431501] (moveit_msgs) StdoutLine: {'line': b'-- Up-to-date: /home/yadhu/ur3e/src/install/moveit_msgs/share/moveit_msgs/msg/MotionPlanResponse.msg\n'}
[2.431585] (moveit_msgs) StdoutLine: {'line': b'-- Up-to-date: /home/yadhu/ur3e/src/install/moveit_msgs/share/moveit_msgs/msg/MotionPlanDetailedResponse.msg\n'}
[2.431673] (moveit_msgs) StdoutLine: {'line': b'-- Up-to-date: /home/yadhu/ur3e/src/install/moveit_msgs/share/moveit_msgs/msg/MotionSequenceItem.msg\n'}
[2.431762] (moveit_msgs) StdoutLine: {'line': b'-- Up-to-date: /home/yadhu/ur3e/src/install/moveit_msgs/share/moveit_msgs/msg/MotionSequenceRequest.msg\n'}
[2.431874] (moveit_msgs) StdoutLine: {'line': b'-- Up-to-date: /home/yadhu/ur3e/src/install/moveit_msgs/share/moveit_msgs/msg/MotionSequenceResponse.msg\n'}
[2.431927] (moveit_msgs) StdoutLine: {'line': b'-- Up-to-date: /home/yadhu/ur3e/src/install/moveit_msgs/share/moveit_msgs/msg/MoveItErrorCodes.msg\n'}
[2.432059] (moveit_msgs) StdoutLine: {'line': b'-- Up-to-date: /home/yadhu/ur3e/src/install/moveit_msgs/share/moveit_msgs/msg/TrajectoryConstraints.msg\n'}
[2.432141] (moveit_msgs) StdoutLine: {'line': b'-- Up-to-date: /home/yadhu/ur3e/src/install/moveit_msgs/share/moveit_msgs/msg/ObjectColor.msg\n'}
[2.432225] (moveit_msgs) StdoutLine: {'line': b'-- Up-to-date: /home/yadhu/ur3e/src/install/moveit_msgs/share/moveit_msgs/msg/OrientationConstraint.msg\n'}
[2.432285] (moveit_msgs) StdoutLine: {'line': b'-- Up-to-date: /home/yadhu/ur3e/src/install/moveit_msgs/share/moveit_msgs/msg/OrientedBoundingBox.msg\n'}
[2.432415] (moveit_msgs) StdoutLine: {'line': b'-- Up-to-date: /home/yadhu/ur3e/src/install/moveit_msgs/share/moveit_msgs/msg/PlaceLocation.msg\n'}
[2.432497] (moveit_msgs) StdoutLine: {'line': b'-- Up-to-date: /home/yadhu/ur3e/src/install/moveit_msgs/share/moveit_msgs/msg/PlannerInterfaceDescription.msg\n'}
[2.432572] (moveit_msgs) StdoutLine: {'line': b'-- Up-to-date: /home/yadhu/ur3e/src/install/moveit_msgs/share/moveit_msgs/msg/PlannerParams.msg\n'}
[2.432646] (moveit_msgs) StdoutLine: {'line': b'-- Up-to-date: /home/yadhu/ur3e/src/install/moveit_msgs/share/moveit_msgs/msg/PlanningScene.msg\n'}
[2.432785] (moveit_msgs) StdoutLine: {'line': b'-- Up-to-date: /home/yadhu/ur3e/src/install/moveit_msgs/share/moveit_msgs/msg/PlanningSceneComponents.msg\n'}
[2.432922] (moveit_msgs) StdoutLine: {'line': b'-- Up-to-date: /home/yadhu/ur3e/src/install/moveit_msgs/share/moveit_msgs/msg/PlanningSceneWorld.msg\n'}
[2.433009] (moveit_msgs) StdoutLine: {'line': b'-- Up-to-date: /home/yadhu/ur3e/src/install/moveit_msgs/share/moveit_msgs/msg/PlanningOptions.msg\n'}
[2.433073] (moveit_msgs) StdoutLine: {'line': b'-- Up-to-date: /home/yadhu/ur3e/src/install/moveit_msgs/share/moveit_msgs/msg/PositionConstraint.msg\n'}
[2.433198] (moveit_msgs) StdoutLine: {'line': b'-- Up-to-date: /home/yadhu/ur3e/src/install/moveit_msgs/share/moveit_msgs/msg/RobotState.msg\n'}
[2.433281] (moveit_msgs) StdoutLine: {'line': b'-- Up-to-date: /home/yadhu/ur3e/src/install/moveit_msgs/share/moveit_msgs/msg/RobotTrajectory.msg\n'}
[2.433357] (moveit_msgs) StdoutLine: {'line': b'-- Up-to-date: /home/yadhu/ur3e/src/install/moveit_msgs/share/moveit_msgs/msg/VisibilityConstraint.msg\n'}
[2.433431] (moveit_msgs) StdoutLine: {'line': b'-- Up-to-date: /home/yadhu/ur3e/src/install/moveit_msgs/share/moveit_msgs/msg/WorkspaceParameters.msg\n'}
[2.433567] (moveit_msgs) StdoutLine: {'line': b'-- Up-to-date: /home/yadhu/ur3e/src/install/moveit_msgs/share/moveit_msgs/msg/KinematicSolverInfo.msg\n'}
[2.433646] (moveit_msgs) StdoutLine: {'line': b'-- Up-to-date: /home/yadhu/ur3e/src/install/moveit_msgs/share/moveit_msgs/msg/PositionIKRequest.msg\n'}
[2.433721] (moveit_msgs) StdoutLine: {'line': b'-- Up-to-date: /home/yadhu/ur3e/src/install/moveit_msgs/share/moveit_msgs/srv/GetMotionPlan.srv\n'}
[2.433795] (moveit_msgs) StdoutLine: {'line': b'-- Up-to-date: /home/yadhu/ur3e/src/install/moveit_msgs/share/moveit_msgs/srv/GetMotionPlan_Request.msg\n'}
[2.433929] (moveit_msgs) StdoutLine: {'line': b'-- Up-to-date: /home/yadhu/ur3e/src/install/moveit_msgs/share/moveit_msgs/srv/GetMotionPlan_Response.msg\n'}
[2.434013] (moveit_msgs) StdoutLine: {'line': b'-- Up-to-date: /home/yadhu/ur3e/src/install/moveit_msgs/share/moveit_msgs/srv/GetStateValidity.srv\n'}
[2.434093] (moveit_msgs) StdoutLine: {'line': b'-- Up-to-date: /home/yadhu/ur3e/src/install/moveit_msgs/share/moveit_msgs/srv/GetStateValidity_Request.msg\n'}
[2.434170] (moveit_msgs) StdoutLine: {'line': b'-- Up-to-date: /home/yadhu/ur3e/src/install/moveit_msgs/share/moveit_msgs/srv/GetStateValidity_Response.msg\n'}
[2.434302] (moveit_msgs) StdoutLine: {'line': b'-- Up-to-date: /home/yadhu/ur3e/src/install/moveit_msgs/share/moveit_msgs/srv/GetCartesianPath.srv\n'}
[2.434392] (moveit_msgs) StdoutLine: {'line': b'-- Up-to-date: /home/yadhu/ur3e/src/install/moveit_msgs/share/moveit_msgs/srv/GetCartesianPath_Request.msg\n'}
[2.434469] (moveit_msgs) StdoutLine: {'line': b'-- Up-to-date: /home/yadhu/ur3e/src/install/moveit_msgs/share/moveit_msgs/srv/GetCartesianPath_Response.msg\n'}
[2.434539] (moveit_msgs) StdoutLine: {'line': b'-- Up-to-date: /home/yadhu/ur3e/src/install/moveit_msgs/share/moveit_msgs/srv/GetPlanningScene.srv\n'}
[2.434681] (moveit_msgs) StdoutLine: {'line': b'-- Up-to-date: /home/yadhu/ur3e/src/install/moveit_msgs/share/moveit_msgs/srv/GetPlanningScene_Request.msg\n'}
[2.434774] (moveit_msgs) StdoutLine: {'line': b'-- Up-to-date: /home/yadhu/ur3e/src/install/moveit_msgs/share/moveit_msgs/srv/GetPlanningScene_Response.msg\n'}
[2.434845] (moveit_msgs) StdoutLine: {'line': b'-- Up-to-date: /home/yadhu/ur3e/src/install/moveit_msgs/share/moveit_msgs/srv/GraspPlanning.srv\n'}
[2.434922] (moveit_msgs) StdoutLine: {'line': b'-- Up-to-date: /home/yadhu/ur3e/src/install/moveit_msgs/share/moveit_msgs/srv/GraspPlanning_Request.msg\n'}
[2.435061] (moveit_msgs) StdoutLine: {'line': b'-- Up-to-date: /home/yadhu/ur3e/src/install/moveit_msgs/share/moveit_msgs/srv/GraspPlanning_Response.msg\n'}
[2.435189] (moveit_msgs) StdoutLine: {'line': b'-- Up-to-date: /home/yadhu/ur3e/src/install/moveit_msgs/share/moveit_msgs/srv/ApplyPlanningScene.srv\n'}
[2.435244] (moveit_msgs) StdoutLine: {'line': b'-- Up-to-date: /home/yadhu/ur3e/src/install/moveit_msgs/share/moveit_msgs/srv/ApplyPlanningScene_Request.msg\n'}
[2.435343] (moveit_msgs) StdoutLine: {'line': b'-- Up-to-date: /home/yadhu/ur3e/src/install/moveit_msgs/share/moveit_msgs/srv/ApplyPlanningScene_Response.msg\n'}
[2.435474] (moveit_msgs) StdoutLine: {'line': b'-- Up-to-date: /home/yadhu/ur3e/src/install/moveit_msgs/share/moveit_msgs/srv/QueryPlannerInterfaces.srv\n'}
[2.435557] (moveit_msgs) StdoutLine: {'line': b'-- Up-to-date: /home/yadhu/ur3e/src/install/moveit_msgs/share/moveit_msgs/srv/QueryPlannerInterfaces_Request.msg\n'}
[2.435636] (moveit_msgs) StdoutLine: {'line': b'-- Up-to-date: /home/yadhu/ur3e/src/install/moveit_msgs/share/moveit_msgs/srv/QueryPlannerInterfaces_Response.msg\n'}
[2.435707] (moveit_msgs) StdoutLine: {'line': b'-- Up-to-date: /home/yadhu/ur3e/src/install/moveit_msgs/share/moveit_msgs/srv/GetMotionSequence.srv\n'}
[2.435839] (moveit_msgs) StdoutLine: {'line': b'-- Up-to-date: /home/yadhu/ur3e/src/install/moveit_msgs/share/moveit_msgs/srv/GetMotionSequence_Request.msg\n'}
[2.435921] (moveit_msgs) StdoutLine: {'line': b'-- Up-to-date: /home/yadhu/ur3e/src/install/moveit_msgs/share/moveit_msgs/srv/GetMotionSequence_Response.msg\n'}
[2.436026] (moveit_msgs) StdoutLine: {'line': b'-- Up-to-date: /home/yadhu/ur3e/src/install/moveit_msgs/share/moveit_msgs/srv/GetPositionFK.srv\n'}
[2.436081] (moveit_msgs) StdoutLine: {'line': b'-- Up-to-date: /home/yadhu/ur3e/src/install/moveit_msgs/share/moveit_msgs/srv/GetPositionFK_Request.msg\n'}
[2.436212] (moveit_msgs) StdoutLine: {'line': b'-- Up-to-date: /home/yadhu/ur3e/src/install/moveit_msgs/share/moveit_msgs/srv/GetPositionFK_Response.msg\n'}
[2.436294] (moveit_msgs) StdoutLine: {'line': b'-- Up-to-date: /home/yadhu/ur3e/src/install/moveit_msgs/share/moveit_msgs/srv/GetPositionIK.srv\n'}
[2.436382] (moveit_msgs) StdoutLine: {'line': b'-- Up-to-date: /home/yadhu/ur3e/src/install/moveit_msgs/share/moveit_msgs/srv/GetPositionIK_Request.msg\n'}
[2.436449] (moveit_msgs) StdoutLine: {'line': b'-- Up-to-date: /home/yadhu/ur3e/src/install/moveit_msgs/share/moveit_msgs/srv/GetPositionIK_Response.msg\n'}
[2.436579] (moveit_msgs) StdoutLine: {'line': b'-- Up-to-date: /home/yadhu/ur3e/src/install/moveit_msgs/share/moveit_msgs/srv/GetPlannerParams.srv\n'}
[2.436660] (moveit_msgs) StdoutLine: {'line': b'-- Up-to-date: /home/yadhu/ur3e/src/install/moveit_msgs/share/moveit_msgs/srv/GetPlannerParams_Request.msg\n'}
[2.436737] (moveit_msgs) StdoutLine: {'line': b'-- Up-to-date: /home/yadhu/ur3e/src/install/moveit_msgs/share/moveit_msgs/srv/GetPlannerParams_Response.msg\n'}
[2.436812] (moveit_msgs) StdoutLine: {'line': b'-- Up-to-date: /home/yadhu/ur3e/src/install/moveit_msgs/share/moveit_msgs/srv/SetPlannerParams.srv\n'}
[2.436943] (moveit_msgs) StdoutLine: {'line': b'-- Up-to-date: /home/yadhu/ur3e/src/install/moveit_msgs/share/moveit_msgs/srv/SetPlannerParams_Request.msg\n'}
[2.437028] (moveit_msgs) StdoutLine: {'line': b'-- Up-to-date: /home/yadhu/ur3e/src/install/moveit_msgs/share/moveit_msgs/srv/SetPlannerParams_Response.msg\n'}
[2.437108] (moveit_msgs) StdoutLine: {'line': b'-- Up-to-date: /home/yadhu/ur3e/src/install/moveit_msgs/share/moveit_msgs/srv/UpdatePointcloudOctomap.srv\n'}
[2.437184] (moveit_msgs) StdoutLine: {'line': b'-- Up-to-date: /home/yadhu/ur3e/src/install/moveit_msgs/share/moveit_msgs/srv/UpdatePointcloudOctomap_Request.msg\n'}
[2.437321] (moveit_msgs) StdoutLine: {'line': b'-- Up-to-date: /home/yadhu/ur3e/src/install/moveit_msgs/share/moveit_msgs/srv/UpdatePointcloudOctomap_Response.msg\n'}
[2.437456] (moveit_msgs) StdoutLine: {'line': b'-- Up-to-date: /home/yadhu/ur3e/src/install/moveit_msgs/share/moveit_msgs/srv/SaveMap.srv\n'}
[2.437509] (moveit_msgs) StdoutLine: {'line': b'-- Up-to-date: /home/yadhu/ur3e/src/install/moveit_msgs/share/moveit_msgs/srv/SaveMap_Request.msg\n'}
[2.437609] (moveit_msgs) StdoutLine: {'line': b'-- Up-to-date: /home/yadhu/ur3e/src/install/moveit_msgs/share/moveit_msgs/srv/SaveMap_Response.msg\n'}
[2.437741] (moveit_msgs) StdoutLine: {'line': b'-- Up-to-date: /home/yadhu/ur3e/src/install/moveit_msgs/share/moveit_msgs/srv/LoadMap.srv\n'}
[2.437823] (moveit_msgs) StdoutLine: {'line': b'-- Up-to-date: /home/yadhu/ur3e/src/install/moveit_msgs/share/moveit_msgs/srv/LoadMap_Request.msg\n'}
[2.437937] (moveit_msgs) StdoutLine: {'line': b'-- Up-to-date: /home/yadhu/ur3e/src/install/moveit_msgs/share/moveit_msgs/srv/LoadMap_Response.msg\n'}
[2.438016] (moveit_msgs) StdoutLine: {'line': b'-- Up-to-date: /home/yadhu/ur3e/src/install/moveit_msgs/share/moveit_msgs/srv/SaveRobotStateToWarehouse.srv\n'}
[2.438178] (moveit_msgs) StdoutLine: {'line': b'-- Up-to-date: /home/yadhu/ur3e/src/install/moveit_msgs/share/moveit_msgs/srv/SaveRobotStateToWarehouse_Request.msg\n'}
[2.438244] (moveit_msgs) StdoutLine: {'line': b'-- Up-to-date: /home/yadhu/ur3e/src/install/moveit_msgs/share/moveit_msgs/srv/SaveRobotStateToWarehouse_Response.msg\n'}
[2.438322] (moveit_msgs) StdoutLine: {'line': b'-- Up-to-date: /home/yadhu/ur3e/src/install/moveit_msgs/share/moveit_msgs/srv/ListRobotStatesInWarehouse.srv\n'}
[2.438397] (moveit_msgs) StdoutLine: {'line': b'-- Up-to-date: /home/yadhu/ur3e/src/install/moveit_msgs/share/moveit_msgs/srv/ListRobotStatesInWarehouse_Request.msg\n'}
[2.438528] (moveit_msgs) StdoutLine: {'line': b'-- Up-to-date: /home/yadhu/ur3e/src/install/moveit_msgs/share/moveit_msgs/srv/ListRobotStatesInWarehouse_Response.msg\n'}
[2.438609] (moveit_msgs) StdoutLine: {'line': b'-- Up-to-date: /home/yadhu/ur3e/src/install/moveit_msgs/share/moveit_msgs/srv/GetRobotStateFromWarehouse.srv\n'}
[2.438825] (moveit_msgs) StdoutLine: {'line': b'-- Up-to-date: /home/yadhu/ur3e/src/install/moveit_msgs/share/moveit_msgs/srv/GetRobotStateFromWarehouse_Request.msg\n'}
[2.438865] (moveit_msgs) StdoutLine: {'line': b'-- Up-to-date: /home/yadhu/ur3e/src/install/moveit_msgs/share/moveit_msgs/srv/GetRobotStateFromWarehouse_Response.msg\n'}
[2.438946] (moveit_msgs) StdoutLine: {'line': b'-- Up-to-date: /home/yadhu/ur3e/src/install/moveit_msgs/share/moveit_msgs/srv/CheckIfRobotStateExistsInWarehouse.srv\n'}
[2.439013] (moveit_msgs) StdoutLine: {'line': b'-- Up-to-date: /home/yadhu/ur3e/src/install/moveit_msgs/share/moveit_msgs/srv/CheckIfRobotStateExistsInWarehouse_Request.msg\n'}
[2.439087] (moveit_msgs) StdoutLine: {'line': b'-- Up-to-date: /home/yadhu/ur3e/src/install/moveit_msgs/share/moveit_msgs/srv/CheckIfRobotStateExistsInWarehouse_Response.msg\n'}
[2.439162] (moveit_msgs) StdoutLine: {'line': b'-- Up-to-date: /home/yadhu/ur3e/src/install/moveit_msgs/share/moveit_msgs/srv/RenameRobotStateInWarehouse.srv\n'}
[2.439301] (moveit_msgs) StdoutLine: {'line': b'-- Up-to-date: /home/yadhu/ur3e/src/install/moveit_msgs/share/moveit_msgs/srv/RenameRobotStateInWarehouse_Request.msg\n'}
[2.439449] (moveit_msgs) StdoutLine: {'line': b'-- Up-to-date: /home/yadhu/ur3e/src/install/moveit_msgs/share/moveit_msgs/srv/RenameRobotStateInWarehouse_Response.msg\n'}
[2.439521] (moveit_msgs) StdoutLine: {'line': b'-- Up-to-date: /home/yadhu/ur3e/src/install/moveit_msgs/share/moveit_msgs/srv/DeleteRobotStateFromWarehouse.srv\n'}
[2.439610] (moveit_msgs) StdoutLine: {'line': b'-- Up-to-date: /home/yadhu/ur3e/src/install/moveit_msgs/share/moveit_msgs/srv/DeleteRobotStateFromWarehouse_Request.msg\n'}
[2.439744] (moveit_msgs) StdoutLine: {'line': b'-- Up-to-date: /home/yadhu/ur3e/src/install/moveit_msgs/share/moveit_msgs/srv/DeleteRobotStateFromWarehouse_Response.msg\n'}
[2.439826] (moveit_msgs) StdoutLine: {'line': b'-- Up-to-date: /home/yadhu/ur3e/src/install/moveit_msgs/share/moveit_msgs/srv/ChangeControlDimensions.srv\n'}
[2.439909] (moveit_msgs) StdoutLine: {'line': b'-- Up-to-date: /home/yadhu/ur3e/src/install/moveit_msgs/share/moveit_msgs/srv/ChangeControlDimensions_Request.msg\n'}
[2.439993] (moveit_msgs) StdoutLine: {'line': b'-- Up-to-date: /home/yadhu/ur3e/src/install/moveit_msgs/share/moveit_msgs/srv/ChangeControlDimensions_Response.msg\n'}
[2.440150] (moveit_msgs) StdoutLine: {'line': b'-- Up-to-date: /home/yadhu/ur3e/src/install/moveit_msgs/share/moveit_msgs/srv/ChangeDriftDimensions.srv\n'}
[2.440224] (moveit_msgs) StdoutLine: {'line': b'-- Up-to-date: /home/yadhu/ur3e/src/install/moveit_msgs/share/moveit_msgs/srv/ChangeDriftDimensions_Request.msg\n'}
[2.440313] (moveit_msgs) StdoutLine: {'line': b'-- Up-to-date: /home/yadhu/ur3e/src/install/moveit_msgs/share/moveit_msgs/srv/ChangeDriftDimensions_Response.msg\n'}
[2.440386] (moveit_msgs) StdoutLine: {'line': b'-- Up-to-date: /home/yadhu/ur3e/src/install/moveit_msgs/share/moveit_msgs/action/ExecuteTrajectory.action\n'}
[2.440528] (moveit_msgs) StdoutLine: {'line': b'-- Up-to-date: /home/yadhu/ur3e/src/install/moveit_msgs/share/moveit_msgs/action/MoveGroup.action\n'}
[2.440605] (moveit_msgs) StdoutLine: {'line': b'-- Up-to-date: /home/yadhu/ur3e/src/install/moveit_msgs/share/moveit_msgs/action/MoveGroupSequence.action\n'}
[2.440695] (moveit_msgs) StdoutLine: {'line': b'-- Up-to-date: /home/yadhu/ur3e/src/install/moveit_msgs/share/moveit_msgs/action/Pickup.action\n'}
[2.440764] (moveit_msgs) StdoutLine: {'line': b'-- Up-to-date: /home/yadhu/ur3e/src/install/moveit_msgs/share/moveit_msgs/action/Place.action\n'}
[2.440920] (moveit_msgs) StdoutLine: {'line': b'-- Up-to-date: /home/yadhu/ur3e/src/install/moveit_msgs/share/moveit_msgs/action/LocalPlanner.action\n'}
[2.441023] (moveit_msgs) StdoutLine: {'line': b'-- Up-to-date: /home/yadhu/ur3e/src/install/moveit_msgs/share/moveit_msgs/action/GlobalPlanner.action\n'}
[2.441106] (moveit_msgs) StdoutLine: {'line': b'-- Up-to-date: /home/yadhu/ur3e/src/install/moveit_msgs/share/moveit_msgs/action/HybridPlanner.action\n'}
[2.441196] (moveit_msgs) StdoutLine: {'line': b'-- Up-to-date: /home/yadhu/ur3e/src/install/moveit_msgs/share/ament_index/resource_index/package_run_dependencies/moveit_msgs\n'}
[2.441540] (moveit_msgs) StdoutLine: {'line': b'-- Up-to-date: /home/yadhu/ur3e/src/install/moveit_msgs/share/ament_index/resource_index/parent_prefix_path/moveit_msgs\n'}
[2.441805] (moveit_msgs) StdoutLine: {'line': b'-- Up-to-date: /home/yadhu/ur3e/src/install/moveit_msgs/share/moveit_msgs/environment/ament_prefix_path.sh\n'}
[2.441906] (moveit_msgs) StdoutLine: {'line': b'-- Up-to-date: /home/yadhu/ur3e/src/install/moveit_msgs/share/moveit_msgs/environment/ament_prefix_path.dsv\n'}
[2.442005] (moveit_msgs) StdoutLine: {'line': b'-- Up-to-date: /home/yadhu/ur3e/src/install/moveit_msgs/share/moveit_msgs/environment/path.sh\n'}
[2.442160] (moveit_msgs) StdoutLine: {'line': b'-- Up-to-date: /home/yadhu/ur3e/src/install/moveit_msgs/share/moveit_msgs/environment/path.dsv\n'}
[2.442302] (moveit_msgs) StdoutLine: {'line': b'-- Up-to-date: /home/yadhu/ur3e/src/install/moveit_msgs/share/moveit_msgs/local_setup.bash\n'}
[2.442352] (moveit_msgs) StdoutLine: {'line': b'-- Up-to-date: /home/yadhu/ur3e/src/install/moveit_msgs/share/moveit_msgs/local_setup.sh\n'}
[2.442465] (moveit_msgs) StdoutLine: {'line': b'-- Up-to-date: /home/yadhu/ur3e/src/install/moveit_msgs/share/moveit_msgs/local_setup.zsh\n'}
[2.442598] (moveit_msgs) StdoutLine: {'line': b'-- Up-to-date: /home/yadhu/ur3e/src/install/moveit_msgs/share/moveit_msgs/local_setup.dsv\n'}
[2.442682] (moveit_msgs) StdoutLine: {'line': b'-- Installing: /home/yadhu/ur3e/src/install/moveit_msgs/share/moveit_msgs/package.dsv\n'}
[2.442883] (moveit_msgs) StdoutLine: {'line': b'-- Up-to-date: /home/yadhu/ur3e/src/install/moveit_msgs/share/ament_index/resource_index/packages/moveit_msgs\n'}
[2.443020] (moveit_msgs) StdoutLine: {'line': b'-- Up-to-date: /home/yadhu/ur3e/src/install/moveit_msgs/share/moveit_msgs/cmake/export_moveit_msgs__rosidl_generator_cExport.cmake\n'}
[2.443167] (moveit_msgs) StdoutLine: {'line': b'-- Up-to-date: /home/yadhu/ur3e/src/install/moveit_msgs/share/moveit_msgs/cmake/export_moveit_msgs__rosidl_generator_cExport-noconfig.cmake\n'}
[2.443287] (moveit_msgs) StdoutLine: {'line': b'-- Up-to-date: /home/yadhu/ur3e/src/install/moveit_msgs/share/moveit_msgs/cmake/export_moveit_msgs__rosidl_typesupport_fastrtps_cExport.cmake\n'}
[2.443371] (moveit_msgs) StdoutLine: {'line': b'-- Up-to-date: /home/yadhu/ur3e/src/install/moveit_msgs/share/moveit_msgs/cmake/export_moveit_msgs__rosidl_typesupport_fastrtps_cExport-noconfig.cmake\n'}
[2.443483] (moveit_msgs) StdoutLine: {'line': b'-- Up-to-date: /home/yadhu/ur3e/src/install/moveit_msgs/share/moveit_msgs/cmake/moveit_msgs__rosidl_typesupport_introspection_cExport.cmake\n'}
[2.443622] (moveit_msgs) StdoutLine: {'line': b'-- Up-to-date: /home/yadhu/ur3e/src/install/moveit_msgs/share/moveit_msgs/cmake/moveit_msgs__rosidl_typesupport_introspection_cExport-noconfig.cmake\n'}
[2.443738] (moveit_msgs) StdoutLine: {'line': b'-- Up-to-date: /home/yadhu/ur3e/src/install/moveit_msgs/share/moveit_msgs/cmake/moveit_msgs__rosidl_typesupport_cExport.cmake\n'}
[2.443820] (moveit_msgs) StdoutLine: {'line': b'-- Up-to-date: /home/yadhu/ur3e/src/install/moveit_msgs/share/moveit_msgs/cmake/moveit_msgs__rosidl_typesupport_cExport-noconfig.cmake\n'}
[2.443927] (moveit_msgs) StdoutLine: {'line': b'-- Up-to-date: /home/yadhu/ur3e/src/install/moveit_msgs/share/moveit_msgs/cmake/export_moveit_msgs__rosidl_generator_cppExport.cmake\n'}
[2.444090] (moveit_msgs) StdoutLine: {'line': b'-- Up-to-date: /home/yadhu/ur3e/src/install/moveit_msgs/share/moveit_msgs/cmake/export_moveit_msgs__rosidl_typesupport_fastrtps_cppExport.cmake\n'}
[2.444178] (moveit_msgs) StdoutLine: {'line': b'-- Up-to-date: /home/yadhu/ur3e/src/install/moveit_msgs/share/moveit_msgs/cmake/export_moveit_msgs__rosidl_typesupport_fastrtps_cppExport-noconfig.cmake\n'}
[2.444288] (moveit_msgs) StdoutLine: {'line': b'-- Up-to-date: /home/yadhu/ur3e/src/install/moveit_msgs/share/moveit_msgs/cmake/moveit_msgs__rosidl_typesupport_introspection_cppExport.cmake\n'}
[2.444365] (moveit_msgs) StdoutLine: {'line': b'-- Up-to-date: /home/yadhu/ur3e/src/install/moveit_msgs/share/moveit_msgs/cmake/moveit_msgs__rosidl_typesupport_introspection_cppExport-noconfig.cmake\n'}
[2.444535] (moveit_msgs) StdoutLine: {'line': b'-- Up-to-date: /home/yadhu/ur3e/src/install/moveit_msgs/share/moveit_msgs/cmake/moveit_msgs__rosidl_typesupport_cppExport.cmake\n'}
[2.444673] (moveit_msgs) StdoutLine: {'line': b'-- Up-to-date: /home/yadhu/ur3e/src/install/moveit_msgs/share/moveit_msgs/cmake/moveit_msgs__rosidl_typesupport_cppExport-noconfig.cmake\n'}
[2.444740] (moveit_msgs) StdoutLine: {'line': b'-- Up-to-date: /home/yadhu/ur3e/src/install/moveit_msgs/share/moveit_msgs/cmake/export_moveit_msgs__rosidl_generator_pyExport.cmake\n'}
[2.444870] (moveit_msgs) StdoutLine: {'line': b'-- Up-to-date: /home/yadhu/ur3e/src/install/moveit_msgs/share/moveit_msgs/cmake/export_moveit_msgs__rosidl_generator_pyExport-noconfig.cmake\n'}
[2.445007] (moveit_msgs) StdoutLine: {'line': b'-- Up-to-date: /home/yadhu/ur3e/src/install/moveit_msgs/share/moveit_msgs/cmake/rosidl_cmake-extras.cmake\n'}
[2.445094] (moveit_msgs) StdoutLine: {'line': b'-- Up-to-date: /home/yadhu/ur3e/src/install/moveit_msgs/share/moveit_msgs/cmake/ament_cmake_export_dependencies-extras.cmake\n'}
[2.445178] (moveit_msgs) StdoutLine: {'line': b'-- Up-to-date: /home/yadhu/ur3e/src/install/moveit_msgs/share/moveit_msgs/cmake/ament_cmake_export_include_directories-extras.cmake\n'}
[2.445291] (moveit_msgs) StdoutLine: {'line': b'-- Up-to-date: /home/yadhu/ur3e/src/install/moveit_msgs/share/moveit_msgs/cmake/ament_cmake_export_libraries-extras.cmake\n'}
[2.445404] (moveit_msgs) StdoutLine: {'line': b'-- Up-to-date: /home/yadhu/ur3e/src/install/moveit_msgs/share/moveit_msgs/cmake/ament_cmake_export_targets-extras.cmake\n'}
[2.445486] (moveit_msgs) StdoutLine: {'line': b'-- Up-to-date: /home/yadhu/ur3e/src/install/moveit_msgs/share/moveit_msgs/cmake/rosidl_cmake_export_typesupport_targets-extras.cmake\n'}
[2.445571] (moveit_msgs) StdoutLine: {'line': b'-- Up-to-date: /home/yadhu/ur3e/src/install/moveit_msgs/share/moveit_msgs/cmake/rosidl_cmake_export_typesupport_libraries-extras.cmake\n'}
[2.445705] (moveit_msgs) StdoutLine: {'line': b'-- Up-to-date: /home/yadhu/ur3e/src/install/moveit_msgs/share/moveit_msgs/cmake/moveit_msgsConfig.cmake\n'}
[2.445791] (moveit_msgs) StdoutLine: {'line': b'-- Up-to-date: /home/yadhu/ur3e/src/install/moveit_msgs/share/moveit_msgs/cmake/moveit_msgsConfig-version.cmake\n'}
[2.445844] (moveit_msgs) StdoutLine: {'line': b'-- Up-to-date: /home/yadhu/ur3e/src/install/moveit_msgs/share/moveit_msgs/package.xml\n'}
[2.447980] (moveit_msgs) CommandEnded: {'returncode': 0}
[2.521407] (-) TimerEvent: {}
[2.621664] (-) TimerEvent: {}
[2.721967] (-) TimerEvent: {}
[2.822235] (-) TimerEvent: {}
[2.922571] (-) TimerEvent: {}
[3.022903] (-) TimerEvent: {}
[3.123183] (-) TimerEvent: {}
[3.223426] (-) TimerEvent: {}
[3.323649] (-) TimerEvent: {}
[3.423879] (-) TimerEvent: {}
[3.524088] (-) TimerEvent: {}
[3.566704] (moveit_msgs) JobEnded: {'identifier': 'moveit_msgs', 'rc': 0}
[3.567269] (unity_ros_msgs) JobStarted: {'identifier': 'unity_ros_msgs'}
[3.569790] (ur_robotiq) JobStarted: {'identifier': 'ur_robotiq'}
[3.572790] (unity_ros_msgs) JobProgress: {'identifier': 'unity_ros_msgs', 'progress': 'cmake'}
[3.573161] (unity_ros_msgs) JobProgress: {'identifier': 'unity_ros_msgs', 'progress': 'build'}
[3.573382] (unity_ros_msgs) Command: {'cmd': ['/usr/bin/cmake', '--build', '/home/yadhu/ur3e/src/build/unity_ros_msgs', '--', '-j16', '-l16'], 'cwd': '/home/yadhu/ur3e/src/build/unity_ros_msgs', 'env': OrderedDict([('HOSTNAME', 'yadhuk'), ('GIT_ASKPASS', '/vscode/vscode-server/bin/linux-x64/e54c774e0add60467559eb0d1e229c6452cf8447/extensions/git/dist/askpass.sh'), ('SHLVL', '2'), ('LD_LIBRARY_PATH', '/home/yadhu/ur3e/src/install/moveit_msgs/lib:/usr/lib/x86_64-linux-gnu/gazebo-11/plugins:/opt/ros/humble/opt/rviz_ogre_vendor/lib:/opt/ros/humble/lib/x86_64-linux-gnu:/opt/ros/humble/lib'), ('BROWSER', '/vscode/vscode-server/bin/linux-x64/e54c774e0add60467559eb0d1e229c6452cf8447/bin/helpers/browser.sh'), ('HOME', '/home/yadhu'), ('OLDPWD', '/home/yadhu/ur3e'), ('TERM_PROGRAM_VERSION', '1.97.2'), ('VSCODE_IPC_HOOK_CLI', '/tmp/vscode-ipc-191d809e-ad6a-48a3-8c83-2991c7349be6.sock'), ('DEBUGPY_ADAPTER_ENDPOINTS', '/home/yadhu/.vscode-server/extensions/ms-python.debugpy-2025.0.1-linux-x64/.noConfigDebugAdapterEndpoints/endpoint-00e5a96652343ffc.txt'), ('ROS_PYTHON_VERSION', '3'), ('VSCODE_GIT_ASKPASS_MAIN', '/vscode/vscode-server/bin/linux-x64/e54c774e0add60467559eb0d1e229c6452cf8447/extensions/git/dist/askpass-main.js'), ('VSCODE_GIT_ASKPASS_NODE', '/vscode/vscode-server/bin/linux-x64/e54c774e0add60467559eb0d1e229c6452cf8447/node'), ('PYDEVD_DISABLE_FILE_VALIDATION', '1'), ('BUNDLED_DEBUGPY_PATH', '/home/yadhu/.vscode-server/extensions/ms-python.debugpy-2025.0.1-linux-x64/bundled/libs/debugpy'), ('COLORTERM', 'truecolor'), ('REMOTE_CONTAINERS', 'true'), ('ROS_DISTRO', 'humble'), ('REMOTE_CONTAINERS_IPC', '/tmp/vscode-remote-containers-ipc-3b15b7cf-88ad-4a56-828c-69c61a495d31.sock'), ('_', '/usr/bin/colcon'), ('ROS_VERSION', '2'), ('TERM', 'xterm-256color'), ('ROS_LOCALHOST_ONLY', '0'), ('PATH', '/vscode/vscode-server/bin/linux-x64/e54c774e0add60467559eb0d1e229c6452cf8447/bin/remote-cli:/opt/ros/humble/bin:/usr/local/sbin:/usr/local/bin:/usr/sbin:/usr/bin:/sbin:/bin:/home/yadhu/.vscode-server/extensions/ms-python.debugpy-2025.0.1-linux-x64/bundled/scripts/noConfigScripts'), ('REMOTE_CONTAINERS_SOCKETS', '["/tmp/vscode-ssh-auth-3b15b7cf-88ad-4a56-828c-69c61a495d31.sock","/home/yadhu/.gnupg/S.gpg-agent"]'), ('DISPLAY', ':1'), ('LANG', 'C.UTF-8'), ('RMW_IMPLEMENTATION', 'rmw_cyclonedds_cpp'), ('LS_COLORS', 'rs=0:di=01;34:ln=01;36:mh=00:pi=40;33:so=01;35:do=01;35:bd=40;33;01:cd=40;33;01:or=40;31;01:mi=00:su=37;41:sg=30;43:ca=30;41:tw=30;42:ow=34;42:st=37;44:ex=01;32:*.tar=01;31:*.tgz=01;31:*.arc=01;31:*.arj=01;31:*.taz=01;31:*.lha=01;31:*.lz4=01;31:*.lzh=01;31:*.lzma=01;31:*.tlz=01;31:*.txz=01;31:*.tzo=01;31:*.t7z=01;31:*.zip=01;31:*.z=01;31:*.dz=01;31:*.gz=01;31:*.lrz=01;31:*.lz=01;31:*.lzo=01;31:*.xz=01;31:*.zst=01;31:*.tzst=01;31:*.bz2=01;31:*.bz=01;31:*.tbz=01;31:*.tbz2=01;31:*.tz=01;31:*.deb=01;31:*.rpm=01;31:*.jar=01;31:*.war=01;31:*.ear=01;31:*.sar=01;31:*.rar=01;31:*.alz=01;31:*.ace=01;31:*.zoo=01;31:*.cpio=01;31:*.7z=01;31:*.rz=01;31:*.cab=01;31:*.wim=01;31:*.swm=01;31:*.dwm=01;31:*.esd=01;31:*.jpg=01;35:*.jpeg=01;35:*.mjpg=01;35:*.mjpeg=01;35:*.gif=01;35:*.bmp=01;35:*.pbm=01;35:*.pgm=01;35:*.ppm=01;35:*.tga=01;35:*.xbm=01;35:*.xpm=01;35:*.tif=01;35:*.tiff=01;35:*.png=01;35:*.svg=01;35:*.svgz=01;35:*.mng=01;35:*.pcx=01;35:*.mov=01;35:*.mpg=01;35:*.mpeg=01;35:*.m2v=01;35:*.mkv=01;35:*.webm=01;35:*.webp=01;35:*.ogm=01;35:*.mp4=01;35:*.m4v=01;35:*.mp4v=01;35:*.vob=01;35:*.qt=01;35:*.nuv=01;35:*.wmv=01;35:*.asf=01;35:*.rm=01;35:*.rmvb=01;35:*.flc=01;35:*.avi=01;35:*.fli=01;35:*.flv=01;35:*.gl=01;35:*.dl=01;35:*.xcf=01;35:*.xwd=01;35:*.yuv=01;35:*.cgm=01;35:*.emf=01;35:*.ogv=01;35:*.ogx=01;35:*.aac=00;36:*.au=00;36:*.flac=00;36:*.m4a=00;36:*.mid=00;36:*.midi=00;36:*.mka=00;36:*.mp3=00;36:*.mpc=00;36:*.ogg=00;36:*.ra=00;36:*.wav=00;36:*.oga=00;36:*.opus=00;36:*.spx=00;36:*.xspf=00;36:'), ('VSCODE_GIT_IPC_HANDLE', '/tmp/vscode-git-09c052f1c4.sock'), ('TERM_PROGRAM', 'vscode'), ('SSH_AUTH_SOCK', '/tmp/vscode-ssh-auth-3b15b7cf-88ad-4a56-828c-69c61a495d31.sock'), ('ROS_DOMAIN_ID', '42'), ('AMENT_PREFIX_PATH', '/home/yadhu/ur3e/src/install/moveit_msgs:/opt/ros/humble'), ('SHELL', '/bin/bash'), ('ROS_AUTOMATIC_DISCOVERY_RANGE', 'LOCALHOST'), ('VSCODE_GIT_ASKPASS_EXTRA_ARGS', ''), ('PWD', '/home/yadhu/ur3e/src/build/unity_ros_msgs'), ('LC_ALL', 'C.UTF-8'), ('PYTHONPATH', '/home/yadhu/ur3e/src/install/moveit_msgs/local/lib/python3.10/dist-packages:/opt/ros/humble/lib/python3.10/site-packages:/opt/ros/humble/local/lib/python3.10/dist-packages'), ('COLCON', '1'), ('CMAKE_PREFIX_PATH', '/home/yadhu/ur3e/src/install/moveit_msgs:/opt/ros/humble')]), 'shell': False}
[3.574883] (ur_robotiq) JobProgress: {'identifier': 'ur_robotiq', 'progress': 'cmake'}
[3.575233] (ur_robotiq) JobProgress: {'identifier': 'ur_robotiq', 'progress': 'build'}
[3.575478] (ur_robotiq) Command: {'cmd': ['/usr/bin/cmake', '--build', '/home/yadhu/ur3e/src/build/ur_robotiq', '--', '-j16', '-l16'], 'cwd': '/home/yadhu/ur3e/src/build/ur_robotiq', 'env': OrderedDict([('HOSTNAME', 'yadhuk'), ('GIT_ASKPASS', '/vscode/vscode-server/bin/linux-x64/e54c774e0add60467559eb0d1e229c6452cf8447/extensions/git/dist/askpass.sh'), ('SHLVL', '2'), ('LD_LIBRARY_PATH', '/home/yadhu/ur3e/src/install/moveit_msgs/lib:/usr/lib/x86_64-linux-gnu/gazebo-11/plugins:/opt/ros/humble/opt/rviz_ogre_vendor/lib:/opt/ros/humble/lib/x86_64-linux-gnu:/opt/ros/humble/lib'), ('BROWSER', '/vscode/vscode-server/bin/linux-x64/e54c774e0add60467559eb0d1e229c6452cf8447/bin/helpers/browser.sh'), ('HOME', '/home/yadhu'), ('OLDPWD', '/home/yadhu/ur3e'), ('TERM_PROGRAM_VERSION', '1.97.2'), ('VSCODE_IPC_HOOK_CLI', '/tmp/vscode-ipc-191d809e-ad6a-48a3-8c83-2991c7349be6.sock'), ('DEBUGPY_ADAPTER_ENDPOINTS', '/home/yadhu/.vscode-server/extensions/ms-python.debugpy-2025.0.1-linux-x64/.noConfigDebugAdapterEndpoints/endpoint-00e5a96652343ffc.txt'), ('ROS_PYTHON_VERSION', '3'), ('VSCODE_GIT_ASKPASS_MAIN', '/vscode/vscode-server/bin/linux-x64/e54c774e0add60467559eb0d1e229c6452cf8447/extensions/git/dist/askpass-main.js'), ('VSCODE_GIT_ASKPASS_NODE', '/vscode/vscode-server/bin/linux-x64/e54c774e0add60467559eb0d1e229c6452cf8447/node'), ('PYDEVD_DISABLE_FILE_VALIDATION', '1'), ('BUNDLED_DEBUGPY_PATH', '/home/yadhu/.vscode-server/extensions/ms-python.debugpy-2025.0.1-linux-x64/bundled/libs/debugpy'), ('COLORTERM', 'truecolor'), ('REMOTE_CONTAINERS', 'true'), ('ROS_DISTRO', 'humble'), ('REMOTE_CONTAINERS_IPC', '/tmp/vscode-remote-containers-ipc-3b15b7cf-88ad-4a56-828c-69c61a495d31.sock'), ('_', '/usr/bin/colcon'), ('ROS_VERSION', '2'), ('TERM', 'xterm-256color'), ('ROS_LOCALHOST_ONLY', '0'), ('PATH', '/vscode/vscode-server/bin/linux-x64/e54c774e0add60467559eb0d1e229c6452cf8447/bin/remote-cli:/opt/ros/humble/bin:/usr/local/sbin:/usr/local/bin:/usr/sbin:/usr/bin:/sbin:/bin:/home/yadhu/.vscode-server/extensions/ms-python.debugpy-2025.0.1-linux-x64/bundled/scripts/noConfigScripts'), ('REMOTE_CONTAINERS_SOCKETS', '["/tmp/vscode-ssh-auth-3b15b7cf-88ad-4a56-828c-69c61a495d31.sock","/home/yadhu/.gnupg/S.gpg-agent"]'), ('DISPLAY', ':1'), ('LANG', 'C.UTF-8'), ('RMW_IMPLEMENTATION', 'rmw_cyclonedds_cpp'), ('LS_COLORS', 'rs=0:di=01;34:ln=01;36:mh=00:pi=40;33:so=01;35:do=01;35:bd=40;33;01:cd=40;33;01:or=40;31;01:mi=00:su=37;41:sg=30;43:ca=30;41:tw=30;42:ow=34;42:st=37;44:ex=01;32:*.tar=01;31:*.tgz=01;31:*.arc=01;31:*.arj=01;31:*.taz=01;31:*.lha=01;31:*.lz4=01;31:*.lzh=01;31:*.lzma=01;31:*.tlz=01;31:*.txz=01;31:*.tzo=01;31:*.t7z=01;31:*.zip=01;31:*.z=01;31:*.dz=01;31:*.gz=01;31:*.lrz=01;31:*.lz=01;31:*.lzo=01;31:*.xz=01;31:*.zst=01;31:*.tzst=01;31:*.bz2=01;31:*.bz=01;31:*.tbz=01;31:*.tbz2=01;31:*.tz=01;31:*.deb=01;31:*.rpm=01;31:*.jar=01;31:*.war=01;31:*.ear=01;31:*.sar=01;31:*.rar=01;31:*.alz=01;31:*.ace=01;31:*.zoo=01;31:*.cpio=01;31:*.7z=01;31:*.rz=01;31:*.cab=01;31:*.wim=01;31:*.swm=01;31:*.dwm=01;31:*.esd=01;31:*.jpg=01;35:*.jpeg=01;35:*.mjpg=01;35:*.mjpeg=01;35:*.gif=01;35:*.bmp=01;35:*.pbm=01;35:*.pgm=01;35:*.ppm=01;35:*.tga=01;35:*.xbm=01;35:*.xpm=01;35:*.tif=01;35:*.tiff=01;35:*.png=01;35:*.svg=01;35:*.svgz=01;35:*.mng=01;35:*.pcx=01;35:*.mov=01;35:*.mpg=01;35:*.mpeg=01;35:*.m2v=01;35:*.mkv=01;35:*.webm=01;35:*.webp=01;35:*.ogm=01;35:*.mp4=01;35:*.m4v=01;35:*.mp4v=01;35:*.vob=01;35:*.qt=01;35:*.nuv=01;35:*.wmv=01;35:*.asf=01;35:*.rm=01;35:*.rmvb=01;35:*.flc=01;35:*.avi=01;35:*.fli=01;35:*.flv=01;35:*.gl=01;35:*.dl=01;35:*.xcf=01;35:*.xwd=01;35:*.yuv=01;35:*.cgm=01;35:*.emf=01;35:*.ogv=01;35:*.ogx=01;35:*.aac=00;36:*.au=00;36:*.flac=00;36:*.m4a=00;36:*.mid=00;36:*.midi=00;36:*.mka=00;36:*.mp3=00;36:*.mpc=00;36:*.ogg=00;36:*.ra=00;36:*.wav=00;36:*.oga=00;36:*.opus=00;36:*.spx=00;36:*.xspf=00;36:'), ('VSCODE_GIT_IPC_HANDLE', '/tmp/vscode-git-09c052f1c4.sock'), ('TERM_PROGRAM', 'vscode'), ('SSH_AUTH_SOCK', '/tmp/vscode-ssh-auth-3b15b7cf-88ad-4a56-828c-69c61a495d31.sock'), ('ROS_DOMAIN_ID', '42'), ('AMENT_PREFIX_PATH', '/home/yadhu/ur3e/src/install/moveit_msgs:/opt/ros/humble'), ('SHELL', '/bin/bash'), ('ROS_AUTOMATIC_DISCOVERY_RANGE', 'LOCALHOST'), ('VSCODE_GIT_ASKPASS_EXTRA_ARGS', ''), ('PWD', '/home/yadhu/ur3e/src/build/ur_robotiq'), ('LC_ALL', 'C.UTF-8'), ('PYTHONPATH', '/home/yadhu/ur3e/src/install/moveit_msgs/local/lib/python3.10/dist-packages:/opt/ros/humble/lib/python3.10/site-packages:/opt/ros/humble/local/lib/python3.10/dist-packages'), ('COLCON', '1'), ('CMAKE_PREFIX_PATH', '/home/yadhu/ur3e/src/install/moveit_msgs:/opt/ros/humble')]), 'shell': False}
[3.609202] (ur_robotiq) StdoutLine: {'line': b'[  1%] Built target ur_robotiq__cpp\n'}
[3.610838] (unity_ros_msgs) StdoutLine: {'line': b'[ 10%] Built target unity_ros_msgs__rosidl_generator_c\n'}
[3.612729] (unity_ros_msgs) StdoutLine: {'line': b'[ 12%] Built target unity_ros_msgs__cpp\n'}
[3.616455] (ur_robotiq) StdoutLine: {'line': b'[  7%] Built target ament_cmake_python_copy_ur_robotiq\n'}
[3.616613] (ur_robotiq) StdoutLine: {'line': b'[ 12%] Built target ur_robotiq__rosidl_generator_c\n'}
[3.618284] (unity_ros_msgs) StdoutLine: {'line': b'[ 12%] Built target ament_cmake_python_copy_unity_ros_msgs\n'}
[3.626084] (-) TimerEvent: {}
[3.628596] (ur_robotiq) StdoutLine: {'line': b'[ 23%] Built target ur_robotiq__rosidl_typesupport_cpp\n'}
[3.630831] (unity_ros_msgs) StdoutLine: {'line': b'[ 23%] Built target unity_ros_msgs__rosidl_typesupport_c\n'}
[3.631017] (unity_ros_msgs) StdoutLine: {'line': b'[ 34%] Built target unity_ros_msgs__rosidl_typesupport_fastrtps_c\n'}
[3.631649] (unity_ros_msgs) StdoutLine: {'line': b'[ 45%] Built target unity_ros_msgs__rosidl_typesupport_introspection_c\n'}
[3.631824] (ur_robotiq) StdoutLine: {'line': b'[ 34%] Built target ur_robotiq__rosidl_typesupport_introspection_cpp\n'}
[3.632154] (ur_robotiq) StdoutLine: {'line': b'[ 45%] Built target ur_robotiq__rosidl_typesupport_fastrtps_cpp\n'}
[3.636871] (unity_ros_msgs) StdoutLine: {'line': b'[ 56%] Built target unity_ros_msgs__rosidl_typesupport_fastrtps_cpp\n'}
[3.637181] (unity_ros_msgs) StdoutLine: {'line': b'[ 70%] Built target unity_ros_msgs__rosidl_typesupport_introspection_cpp\n'}
[3.637310] (unity_ros_msgs) StdoutLine: {'line': b'[ 78%] Built target unity_ros_msgs__rosidl_typesupport_cpp\n'}
[3.639287] (ur_robotiq) StdoutLine: {'line': b'[ 56%] Built target ur_robotiq__rosidl_typesupport_c\n'}
[3.641685] (ur_robotiq) StdoutLine: {'line': b'[ 67%] Built target ur_robotiq__rosidl_typesupport_introspection_c\n'}
[3.642345] (ur_robotiq) StdoutLine: {'line': b'[ 78%] Built target ur_robotiq__rosidl_typesupport_fastrtps_c\n'}
[3.655496] (unity_ros_msgs) StdoutLine: {'line': b'[ 78%] Built target unity_ros_msgs\n'}
[3.659443] (ur_robotiq) StdoutLine: {'line': b'[ 78%] Built target ur_robotiq\n'}
[3.674601] (unity_ros_msgs) StdoutLine: {'line': b'[ 80%] Built target unity_ros_msgs__py\n'}
[3.676414] (ur_robotiq) StdoutLine: {'line': b'[ 80%] Built target ur_robotiq__py\n'}
[3.692682] (unity_ros_msgs) StdoutLine: {'line': b'[ 89%] Built target unity_ros_msgs__rosidl_generator_py\n'}
[3.695205] (ur_robotiq) StdoutLine: {'line': b'[ 89%] Built target ur_robotiq__rosidl_generator_py\n'}
[3.707863] (unity_ros_msgs) StdoutLine: {'line': b'[ 92%] Built target unity_ros_msgs__rosidl_typesupport_c__pyext\n'}
[3.709143] (ur_robotiq) StdoutLine: {'line': b'[ 92%] Built target ur_robotiq__rosidl_typesupport_introspection_c__pyext\n'}
[3.709376] (unity_ros_msgs) StdoutLine: {'line': b'[ 96%] Built target unity_ros_msgs__rosidl_typesupport_fastrtps_c__pyext\n'}
[3.714764] (ur_robotiq) StdoutLine: {'line': b'[ 96%] Built target ur_robotiq__rosidl_typesupport_c__pyext\n'}
[3.715187] (unity_ros_msgs) StdoutLine: {'line': b'[100%] Built target unity_ros_msgs__rosidl_typesupport_introspection_c__pyext\n'}
[3.715359] (ur_robotiq) StdoutLine: {'line': b'[100%] Built target ur_robotiq__rosidl_typesupport_fastrtps_c__pyext\n'}
[3.726158] (-) TimerEvent: {}
[3.771252] (ur_robotiq) StdoutLine: {'line': b'running egg_info\n'}
[3.771823] (ur_robotiq) StdoutLine: {'line': b'writing ur_robotiq.egg-info/PKG-INFO\n'}
[3.772005] (ur_robotiq) StdoutLine: {'line': b'writing dependency_links to ur_robotiq.egg-info/dependency_links.txt\n'}
[3.772390] (ur_robotiq) StdoutLine: {'line': b'writing top-level names to ur_robotiq.egg-info/top_level.txt\n'}
[3.773272] (ur_robotiq) StdoutLine: {'line': b"reading manifest file 'ur_robotiq.egg-info/SOURCES.txt'\n"}
[3.773579] (ur_robotiq) StdoutLine: {'line': b"writing manifest file 'ur_robotiq.egg-info/SOURCES.txt'\n"}
[3.776339] (unity_ros_msgs) StdoutLine: {'line': b'running egg_info\n'}
[3.776860] (unity_ros_msgs) StdoutLine: {'line': b'writing unity_ros_msgs.egg-info/PKG-INFO\n'}
[3.776999] (unity_ros_msgs) StdoutLine: {'line': b'writing dependency_links to unity_ros_msgs.egg-info/dependency_links.txt\n'}
[3.777163] (unity_ros_msgs) StdoutLine: {'line': b'writing top-level names to unity_ros_msgs.egg-info/top_level.txt\n'}
[3.778347] (unity_ros_msgs) StdoutLine: {'line': b"reading manifest file 'unity_ros_msgs.egg-info/SOURCES.txt'\n"}
[3.778770] (unity_ros_msgs) StdoutLine: {'line': b"writing manifest file 'unity_ros_msgs.egg-info/SOURCES.txt'\n"}
[3.791855] (ur_robotiq) StdoutLine: {'line': b'[100%] Built target ament_cmake_python_build_ur_robotiq_egg\n'}
[3.797855] (unity_ros_msgs) StdoutLine: {'line': b'[100%] Built target ament_cmake_python_build_unity_ros_msgs_egg\n'}
[3.798650] (ur_robotiq) CommandEnded: {'returncode': 0}
[3.805850] (unity_ros_msgs) CommandEnded: {'returncode': 0}
[3.826234] (-) TimerEvent: {}
[3.887580] (ur_robotiq) JobProgress: {'identifier': 'ur_robotiq', 'progress': 'install'}
[3.887773] (ur_robotiq) Command: {'cmd': ['/usr/bin/cmake', '--install', '/home/yadhu/ur3e/src/build/ur_robotiq'], 'cwd': '/home/yadhu/ur3e/src/build/ur_robotiq', 'env': OrderedDict([('HOSTNAME', 'yadhuk'), ('GIT_ASKPASS', '/vscode/vscode-server/bin/linux-x64/e54c774e0add60467559eb0d1e229c6452cf8447/extensions/git/dist/askpass.sh'), ('SHLVL', '2'), ('LD_LIBRARY_PATH', '/home/yadhu/ur3e/src/install/moveit_msgs/lib:/usr/lib/x86_64-linux-gnu/gazebo-11/plugins:/opt/ros/humble/opt/rviz_ogre_vendor/lib:/opt/ros/humble/lib/x86_64-linux-gnu:/opt/ros/humble/lib'), ('BROWSER', '/vscode/vscode-server/bin/linux-x64/e54c774e0add60467559eb0d1e229c6452cf8447/bin/helpers/browser.sh'), ('HOME', '/home/yadhu'), ('OLDPWD', '/home/yadhu/ur3e'), ('TERM_PROGRAM_VERSION', '1.97.2'), ('VSCODE_IPC_HOOK_CLI', '/tmp/vscode-ipc-191d809e-ad6a-48a3-8c83-2991c7349be6.sock'), ('DEBUGPY_ADAPTER_ENDPOINTS', '/home/yadhu/.vscode-server/extensions/ms-python.debugpy-2025.0.1-linux-x64/.noConfigDebugAdapterEndpoints/endpoint-00e5a96652343ffc.txt'), ('ROS_PYTHON_VERSION', '3'), ('VSCODE_GIT_ASKPASS_MAIN', '/vscode/vscode-server/bin/linux-x64/e54c774e0add60467559eb0d1e229c6452cf8447/extensions/git/dist/askpass-main.js'), ('VSCODE_GIT_ASKPASS_NODE', '/vscode/vscode-server/bin/linux-x64/e54c774e0add60467559eb0d1e229c6452cf8447/node'), ('PYDEVD_DISABLE_FILE_VALIDATION', '1'), ('BUNDLED_DEBUGPY_PATH', '/home/yadhu/.vscode-server/extensions/ms-python.debugpy-2025.0.1-linux-x64/bundled/libs/debugpy'), ('COLORTERM', 'truecolor'), ('REMOTE_CONTAINERS', 'true'), ('ROS_DISTRO', 'humble'), ('REMOTE_CONTAINERS_IPC', '/tmp/vscode-remote-containers-ipc-3b15b7cf-88ad-4a56-828c-69c61a495d31.sock'), ('_', '/usr/bin/colcon'), ('ROS_VERSION', '2'), ('TERM', 'xterm-256color'), ('ROS_LOCALHOST_ONLY', '0'), ('PATH', '/vscode/vscode-server/bin/linux-x64/e54c774e0add60467559eb0d1e229c6452cf8447/bin/remote-cli:/opt/ros/humble/bin:/usr/local/sbin:/usr/local/bin:/usr/sbin:/usr/bin:/sbin:/bin:/home/yadhu/.vscode-server/extensions/ms-python.debugpy-2025.0.1-linux-x64/bundled/scripts/noConfigScripts'), ('REMOTE_CONTAINERS_SOCKETS', '["/tmp/vscode-ssh-auth-3b15b7cf-88ad-4a56-828c-69c61a495d31.sock","/home/yadhu/.gnupg/S.gpg-agent"]'), ('DISPLAY', ':1'), ('LANG', 'C.UTF-8'), ('RMW_IMPLEMENTATION', 'rmw_cyclonedds_cpp'), ('LS_COLORS', 'rs=0:di=01;34:ln=01;36:mh=00:pi=40;33:so=01;35:do=01;35:bd=40;33;01:cd=40;33;01:or=40;31;01:mi=00:su=37;41:sg=30;43:ca=30;41:tw=30;42:ow=34;42:st=37;44:ex=01;32:*.tar=01;31:*.tgz=01;31:*.arc=01;31:*.arj=01;31:*.taz=01;31:*.lha=01;31:*.lz4=01;31:*.lzh=01;31:*.lzma=01;31:*.tlz=01;31:*.txz=01;31:*.tzo=01;31:*.t7z=01;31:*.zip=01;31:*.z=01;31:*.dz=01;31:*.gz=01;31:*.lrz=01;31:*.lz=01;31:*.lzo=01;31:*.xz=01;31:*.zst=01;31:*.tzst=01;31:*.bz2=01;31:*.bz=01;31:*.tbz=01;31:*.tbz2=01;31:*.tz=01;31:*.deb=01;31:*.rpm=01;31:*.jar=01;31:*.war=01;31:*.ear=01;31:*.sar=01;31:*.rar=01;31:*.alz=01;31:*.ace=01;31:*.zoo=01;31:*.cpio=01;31:*.7z=01;31:*.rz=01;31:*.cab=01;31:*.wim=01;31:*.swm=01;31:*.dwm=01;31:*.esd=01;31:*.jpg=01;35:*.jpeg=01;35:*.mjpg=01;35:*.mjpeg=01;35:*.gif=01;35:*.bmp=01;35:*.pbm=01;35:*.pgm=01;35:*.ppm=01;35:*.tga=01;35:*.xbm=01;35:*.xpm=01;35:*.tif=01;35:*.tiff=01;35:*.png=01;35:*.svg=01;35:*.svgz=01;35:*.mng=01;35:*.pcx=01;35:*.mov=01;35:*.mpg=01;35:*.mpeg=01;35:*.m2v=01;35:*.mkv=01;35:*.webm=01;35:*.webp=01;35:*.ogm=01;35:*.mp4=01;35:*.m4v=01;35:*.mp4v=01;35:*.vob=01;35:*.qt=01;35:*.nuv=01;35:*.wmv=01;35:*.asf=01;35:*.rm=01;35:*.rmvb=01;35:*.flc=01;35:*.avi=01;35:*.fli=01;35:*.flv=01;35:*.gl=01;35:*.dl=01;35:*.xcf=01;35:*.xwd=01;35:*.yuv=01;35:*.cgm=01;35:*.emf=01;35:*.ogv=01;35:*.ogx=01;35:*.aac=00;36:*.au=00;36:*.flac=00;36:*.m4a=00;36:*.mid=00;36:*.midi=00;36:*.mka=00;36:*.mp3=00;36:*.mpc=00;36:*.ogg=00;36:*.ra=00;36:*.wav=00;36:*.oga=00;36:*.opus=00;36:*.spx=00;36:*.xspf=00;36:'), ('VSCODE_GIT_IPC_HANDLE', '/tmp/vscode-git-09c052f1c4.sock'), ('TERM_PROGRAM', 'vscode'), ('SSH_AUTH_SOCK', '/tmp/vscode-ssh-auth-3b15b7cf-88ad-4a56-828c-69c61a495d31.sock'), ('ROS_DOMAIN_ID', '42'), ('AMENT_PREFIX_PATH', '/home/yadhu/ur3e/src/install/moveit_msgs:/opt/ros/humble'), ('SHELL', '/bin/bash'), ('ROS_AUTOMATIC_DISCOVERY_RANGE', 'LOCALHOST'), ('VSCODE_GIT_ASKPASS_EXTRA_ARGS', ''), ('PWD', '/home/yadhu/ur3e/src/build/ur_robotiq'), ('LC_ALL', 'C.UTF-8'), ('PYTHONPATH', '/home/yadhu/ur3e/src/install/moveit_msgs/local/lib/python3.10/dist-packages:/opt/ros/humble/lib/python3.10/site-packages:/opt/ros/humble/local/lib/python3.10/dist-packages'), ('COLCON', '1'), ('CMAKE_PREFIX_PATH', '/home/yadhu/ur3e/src/install/moveit_msgs:/opt/ros/humble')]), 'shell': False}
[3.892361] (unity_ros_msgs) JobProgress: {'identifier': 'unity_ros_msgs', 'progress': 'install'}
[3.892663] (unity_ros_msgs) Command: {'cmd': ['/usr/bin/cmake', '--install', '/home/yadhu/ur3e/src/build/unity_ros_msgs'], 'cwd': '/home/yadhu/ur3e/src/build/unity_ros_msgs', 'env': OrderedDict([('HOSTNAME', 'yadhuk'), ('GIT_ASKPASS', '/vscode/vscode-server/bin/linux-x64/e54c774e0add60467559eb0d1e229c6452cf8447/extensions/git/dist/askpass.sh'), ('SHLVL', '2'), ('LD_LIBRARY_PATH', '/home/yadhu/ur3e/src/install/moveit_msgs/lib:/usr/lib/x86_64-linux-gnu/gazebo-11/plugins:/opt/ros/humble/opt/rviz_ogre_vendor/lib:/opt/ros/humble/lib/x86_64-linux-gnu:/opt/ros/humble/lib'), ('BROWSER', '/vscode/vscode-server/bin/linux-x64/e54c774e0add60467559eb0d1e229c6452cf8447/bin/helpers/browser.sh'), ('HOME', '/home/yadhu'), ('OLDPWD', '/home/yadhu/ur3e'), ('TERM_PROGRAM_VERSION', '1.97.2'), ('VSCODE_IPC_HOOK_CLI', '/tmp/vscode-ipc-191d809e-ad6a-48a3-8c83-2991c7349be6.sock'), ('DEBUGPY_ADAPTER_ENDPOINTS', '/home/yadhu/.vscode-server/extensions/ms-python.debugpy-2025.0.1-linux-x64/.noConfigDebugAdapterEndpoints/endpoint-00e5a96652343ffc.txt'), ('ROS_PYTHON_VERSION', '3'), ('VSCODE_GIT_ASKPASS_MAIN', '/vscode/vscode-server/bin/linux-x64/e54c774e0add60467559eb0d1e229c6452cf8447/extensions/git/dist/askpass-main.js'), ('VSCODE_GIT_ASKPASS_NODE', '/vscode/vscode-server/bin/linux-x64/e54c774e0add60467559eb0d1e229c6452cf8447/node'), ('PYDEVD_DISABLE_FILE_VALIDATION', '1'), ('BUNDLED_DEBUGPY_PATH', '/home/yadhu/.vscode-server/extensions/ms-python.debugpy-2025.0.1-linux-x64/bundled/libs/debugpy'), ('COLORTERM', 'truecolor'), ('REMOTE_CONTAINERS', 'true'), ('ROS_DISTRO', 'humble'), ('REMOTE_CONTAINERS_IPC', '/tmp/vscode-remote-containers-ipc-3b15b7cf-88ad-4a56-828c-69c61a495d31.sock'), ('_', '/usr/bin/colcon'), ('ROS_VERSION', '2'), ('TERM', 'xterm-256color'), ('ROS_LOCALHOST_ONLY', '0'), ('PATH', '/vscode/vscode-server/bin/linux-x64/e54c774e0add60467559eb0d1e229c6452cf8447/bin/remote-cli:/opt/ros/humble/bin:/usr/local/sbin:/usr/local/bin:/usr/sbin:/usr/bin:/sbin:/bin:/home/yadhu/.vscode-server/extensions/ms-python.debugpy-2025.0.1-linux-x64/bundled/scripts/noConfigScripts'), ('REMOTE_CONTAINERS_SOCKETS', '["/tmp/vscode-ssh-auth-3b15b7cf-88ad-4a56-828c-69c61a495d31.sock","/home/yadhu/.gnupg/S.gpg-agent"]'), ('DISPLAY', ':1'), ('LANG', 'C.UTF-8'), ('RMW_IMPLEMENTATION', 'rmw_cyclonedds_cpp'), ('LS_COLORS', 'rs=0:di=01;34:ln=01;36:mh=00:pi=40;33:so=01;35:do=01;35:bd=40;33;01:cd=40;33;01:or=40;31;01:mi=00:su=37;41:sg=30;43:ca=30;41:tw=30;42:ow=34;42:st=37;44:ex=01;32:*.tar=01;31:*.tgz=01;31:*.arc=01;31:*.arj=01;31:*.taz=01;31:*.lha=01;31:*.lz4=01;31:*.lzh=01;31:*.lzma=01;31:*.tlz=01;31:*.txz=01;31:*.tzo=01;31:*.t7z=01;31:*.zip=01;31:*.z=01;31:*.dz=01;31:*.gz=01;31:*.lrz=01;31:*.lz=01;31:*.lzo=01;31:*.xz=01;31:*.zst=01;31:*.tzst=01;31:*.bz2=01;31:*.bz=01;31:*.tbz=01;31:*.tbz2=01;31:*.tz=01;31:*.deb=01;31:*.rpm=01;31:*.jar=01;31:*.war=01;31:*.ear=01;31:*.sar=01;31:*.rar=01;31:*.alz=01;31:*.ace=01;31:*.zoo=01;31:*.cpio=01;31:*.7z=01;31:*.rz=01;31:*.cab=01;31:*.wim=01;31:*.swm=01;31:*.dwm=01;31:*.esd=01;31:*.jpg=01;35:*.jpeg=01;35:*.mjpg=01;35:*.mjpeg=01;35:*.gif=01;35:*.bmp=01;35:*.pbm=01;35:*.pgm=01;35:*.ppm=01;35:*.tga=01;35:*.xbm=01;35:*.xpm=01;35:*.tif=01;35:*.tiff=01;35:*.png=01;35:*.svg=01;35:*.svgz=01;35:*.mng=01;35:*.pcx=01;35:*.mov=01;35:*.mpg=01;35:*.mpeg=01;35:*.m2v=01;35:*.mkv=01;35:*.webm=01;35:*.webp=01;35:*.ogm=01;35:*.mp4=01;35:*.m4v=01;35:*.mp4v=01;35:*.vob=01;35:*.qt=01;35:*.nuv=01;35:*.wmv=01;35:*.asf=01;35:*.rm=01;35:*.rmvb=01;35:*.flc=01;35:*.avi=01;35:*.fli=01;35:*.flv=01;35:*.gl=01;35:*.dl=01;35:*.xcf=01;35:*.xwd=01;35:*.yuv=01;35:*.cgm=01;35:*.emf=01;35:*.ogv=01;35:*.ogx=01;35:*.aac=00;36:*.au=00;36:*.flac=00;36:*.m4a=00;36:*.mid=00;36:*.midi=00;36:*.mka=00;36:*.mp3=00;36:*.mpc=00;36:*.ogg=00;36:*.ra=00;36:*.wav=00;36:*.oga=00;36:*.opus=00;36:*.spx=00;36:*.xspf=00;36:'), ('VSCODE_GIT_IPC_HANDLE', '/tmp/vscode-git-09c052f1c4.sock'), ('TERM_PROGRAM', 'vscode'), ('SSH_AUTH_SOCK', '/tmp/vscode-ssh-auth-3b15b7cf-88ad-4a56-828c-69c61a495d31.sock'), ('ROS_DOMAIN_ID', '42'), ('AMENT_PREFIX_PATH', '/home/yadhu/ur3e/src/install/moveit_msgs:/opt/ros/humble'), ('SHELL', '/bin/bash'), ('ROS_AUTOMATIC_DISCOVERY_RANGE', 'LOCALHOST'), ('VSCODE_GIT_ASKPASS_EXTRA_ARGS', ''), ('PWD', '/home/yadhu/ur3e/src/build/unity_ros_msgs'), ('LC_ALL', 'C.UTF-8'), ('PYTHONPATH', '/home/yadhu/ur3e/src/install/moveit_msgs/local/lib/python3.10/dist-packages:/opt/ros/humble/lib/python3.10/site-packages:/opt/ros/humble/local/lib/python3.10/dist-packages'), ('COLCON', '1'), ('CMAKE_PREFIX_PATH', '/home/yadhu/ur3e/src/install/moveit_msgs:/opt/ros/humble')]), 'shell': False}
[3.893787] (ur_robotiq) StdoutLine: {'line': b'-- Install configuration: ""\n'}
[3.893891] (ur_robotiq) StdoutLine: {'line': b'-- Up-to-date: /home/yadhu/ur3e/src/install/ur_robotiq/share/ament_index/resource_index/rosidl_interfaces/ur_robotiq\n'}
[3.893933] (ur_robotiq) StdoutLine: {'line': b'-- Up-to-date: /home/yadhu/ur3e/src/install/ur_robotiq/include/ur_robotiq/ur_robotiq\n'}
[3.893964] (ur_robotiq) StdoutLine: {'line': b'-- Up-to-date: /home/yadhu/ur3e/src/install/ur_robotiq/include/ur_robotiq/ur_robotiq/msg\n'}
[3.893999] (ur_robotiq) StdoutLine: {'line': b'-- Up-to-date: /home/yadhu/ur3e/src/install/ur_robotiq/include/ur_robotiq/ur_robotiq/msg/rosidl_generator_c__visibility_control.h\n'}
[3.894031] (ur_robotiq) StdoutLine: {'line': b'-- Up-to-date: /home/yadhu/ur3e/src/install/ur_robotiq/include/ur_robotiq/ur_robotiq/msg/ur3e_moveit_joints.h\n'}
[3.894060] (ur_robotiq) StdoutLine: {'line': b'-- Up-to-date: /home/yadhu/ur3e/src/install/ur_robotiq/include/ur_robotiq/ur_robotiq/msg/detail\n'}
[3.894096] (ur_robotiq) StdoutLine: {'line': b'-- Up-to-date: /home/yadhu/ur3e/src/install/ur_robotiq/include/ur_robotiq/ur_robotiq/msg/detail/ur3e_gripper__type_support.h\n'}
[3.894125] (ur_robotiq) StdoutLine: {'line': b'-- Up-to-date: /home/yadhu/ur3e/src/install/ur_robotiq/include/ur_robotiq/ur_robotiq/msg/detail/ur3e_trajectory__struct.h\n'}
[3.894152] (ur_robotiq) StdoutLine: {'line': b'-- Up-to-date: /home/yadhu/ur3e/src/install/ur_robotiq/include/ur_robotiq/ur_robotiq/msg/detail/ur3e_trajectory__functions.c\n'}
[3.894181] (ur_robotiq) StdoutLine: {'line': b'-- Up-to-date: /home/yadhu/ur3e/src/install/ur_robotiq/include/ur_robotiq/ur_robotiq/msg/detail/ur3e_moveit_joints__functions.h\n'}
[3.894209] (ur_robotiq) StdoutLine: {'line': b'-- Up-to-date: /home/yadhu/ur3e/src/install/ur_robotiq/include/ur_robotiq/ur_robotiq/msg/detail/ur3e_moveit_joints__type_support.h\n'}
[3.894258] (ur_robotiq) StdoutLine: {'line': b'-- Up-to-date: /home/yadhu/ur3e/src/install/ur_robotiq/include/ur_robotiq/ur_robotiq/msg/detail/ur3e_gripper__struct.h\n'}
[3.894339] (ur_robotiq) StdoutLine: {'line': b'-- Up-to-date: /home/yadhu/ur3e/src/install/ur_robotiq/include/ur_robotiq/ur_robotiq/msg/detail/ur3e_trajectory__functions.h\n'}
[3.894380] (ur_robotiq) StdoutLine: {'line': b'-- Up-to-date: /home/yadhu/ur3e/src/install/ur_robotiq/include/ur_robotiq/ur_robotiq/msg/detail/ur3e_moveit_joints__struct.h\n'}
[3.894439] (ur_robotiq) StdoutLine: {'line': b'-- Up-to-date: /home/yadhu/ur3e/src/install/ur_robotiq/include/ur_robotiq/ur_robotiq/msg/detail/ur3e_moveit_joints__functions.c\n'}
[3.894627] (ur_robotiq) StdoutLine: {'line': b'-- Up-to-date: /home/yadhu/ur3e/src/install/ur_robotiq/include/ur_robotiq/ur_robotiq/msg/detail/ur3e_trajectory__type_support.h\n'}
[3.894720] (ur_robotiq) StdoutLine: {'line': b'-- Up-to-date: /home/yadhu/ur3e/src/install/ur_robotiq/include/ur_robotiq/ur_robotiq/msg/detail/ur3e_gripper__functions.h\n'}
[3.894855] (ur_robotiq) StdoutLine: {'line': b'-- Up-to-date: /home/yadhu/ur3e/src/install/ur_robotiq/include/ur_robotiq/ur_robotiq/msg/detail/ur3e_gripper__functions.c\n'}
[3.894963] (ur_robotiq) StdoutLine: {'line': b'-- Up-to-date: /home/yadhu/ur3e/src/install/ur_robotiq/include/ur_robotiq/ur_robotiq/msg/ur3e_trajectory.h\n'}
[3.895177] (ur_robotiq) StdoutLine: {'line': b'-- Up-to-date: /home/yadhu/ur3e/src/install/ur_robotiq/include/ur_robotiq/ur_robotiq/msg/ur3e_gripper.h\n'}
[3.895275] (ur_robotiq) StdoutLine: {'line': b'-- Up-to-date: /home/yadhu/ur3e/src/install/ur_robotiq/include/ur_robotiq/ur_robotiq/srv\n'}
[3.895348] (ur_robotiq) StdoutLine: {'line': b'-- Up-to-date: /home/yadhu/ur3e/src/install/ur_robotiq/include/ur_robotiq/ur_robotiq/srv/ur_mover_service.h\n'}
[3.895435] (ur_robotiq) StdoutLine: {'line': b'-- Up-to-date: /home/yadhu/ur3e/src/install/ur_robotiq/include/ur_robotiq/ur_robotiq/srv/detail\n'}
[3.895540] (ur_robotiq) StdoutLine: {'line': b'-- Up-to-date: /home/yadhu/ur3e/src/install/ur_robotiq/include/ur_robotiq/ur_robotiq/srv/detail/ur_mover_service__functions.c\n'}
[3.895623] (ur_robotiq) StdoutLine: {'line': b'-- Up-to-date: /home/yadhu/ur3e/src/install/ur_robotiq/include/ur_robotiq/ur_robotiq/srv/detail/ur_mover_service__struct.h\n'}
[3.895740] (ur_robotiq) StdoutLine: {'line': b'-- Up-to-date: /home/yadhu/ur3e/src/install/ur_robotiq/include/ur_robotiq/ur_robotiq/srv/detail/ur_mover_service__type_support.h\n'}
[3.895868] (ur_robotiq) StdoutLine: {'line': b'-- Up-to-date: /home/yadhu/ur3e/src/install/ur_robotiq/include/ur_robotiq/ur_robotiq/srv/detail/ur_mover_service__functions.h\n'}
[3.896018] (ur_robotiq) StdoutLine: {'line': b'-- Up-to-date: /home/yadhu/ur3e/src/install/ur_robotiq/share/ur_robotiq/environment/library_path.sh\n'}
[3.896099] (ur_robotiq) StdoutLine: {'line': b'-- Up-to-date: /home/yadhu/ur3e/src/install/ur_robotiq/share/ur_robotiq/environment/library_path.dsv\n'}
[3.896168] (ur_robotiq) StdoutLine: {'line': b'-- Up-to-date: /home/yadhu/ur3e/src/install/ur_robotiq/lib/libur_robotiq__rosidl_generator_c.so\n'}
[3.896236] (ur_robotiq) StdoutLine: {'line': b'-- Up-to-date: /home/yadhu/ur3e/src/install/ur_robotiq/include/ur_robotiq/ur_robotiq\n'}
[3.896304] (ur_robotiq) StdoutLine: {'line': b'-- Up-to-date: /home/yadhu/ur3e/src/install/ur_robotiq/include/ur_robotiq/ur_robotiq/msg\n'}
[3.896371] (ur_robotiq) StdoutLine: {'line': b'-- Up-to-date: /home/yadhu/ur3e/src/install/ur_robotiq/include/ur_robotiq/ur_robotiq/msg/rosidl_typesupport_fastrtps_c__visibility_control.h\n'}
[3.896437] (ur_robotiq) StdoutLine: {'line': b'-- Up-to-date: /home/yadhu/ur3e/src/install/ur_robotiq/include/ur_robotiq/ur_robotiq/msg/detail\n'}
[3.896503] (ur_robotiq) StdoutLine: {'line': b'-- Up-to-date: /home/yadhu/ur3e/src/install/ur_robotiq/include/ur_robotiq/ur_robotiq/msg/detail/ur3e_gripper__rosidl_typesupport_fastrtps_c.h\n'}
[3.896570] (ur_robotiq) StdoutLine: {'line': b'-- Up-to-date: /home/yadhu/ur3e/src/install/ur_robotiq/include/ur_robotiq/ur_robotiq/msg/detail/ur3e_trajectory__rosidl_typesupport_fastrtps_c.h\n'}
[3.896637] (ur_robotiq) StdoutLine: {'line': b'-- Up-to-date: /home/yadhu/ur3e/src/install/ur_robotiq/include/ur_robotiq/ur_robotiq/msg/detail/ur3e_moveit_joints__rosidl_typesupport_fastrtps_c.h\n'}
[3.896715] (ur_robotiq) StdoutLine: {'line': b'-- Up-to-date: /home/yadhu/ur3e/src/install/ur_robotiq/include/ur_robotiq/ur_robotiq/srv\n'}
[3.896784] (ur_robotiq) StdoutLine: {'line': b'-- Up-to-date: /home/yadhu/ur3e/src/install/ur_robotiq/include/ur_robotiq/ur_robotiq/srv/detail\n'}
[3.896855] (ur_robotiq) StdoutLine: {'line': b'-- Up-to-date: /home/yadhu/ur3e/src/install/ur_robotiq/include/ur_robotiq/ur_robotiq/srv/detail/ur_mover_service__rosidl_typesupport_fastrtps_c.h\n'}
[3.896925] (ur_robotiq) StdoutLine: {'line': b'-- Up-to-date: /home/yadhu/ur3e/src/install/ur_robotiq/lib/libur_robotiq__rosidl_typesupport_fastrtps_c.so\n'}
[3.897008] (ur_robotiq) StdoutLine: {'line': b'-- Up-to-date: /home/yadhu/ur3e/src/install/ur_robotiq/include/ur_robotiq/ur_robotiq\n'}
[3.897093] (ur_robotiq) StdoutLine: {'line': b'-- Up-to-date: /home/yadhu/ur3e/src/install/ur_robotiq/include/ur_robotiq/ur_robotiq/msg\n'}
[3.897166] (ur_robotiq) StdoutLine: {'line': b'-- Up-to-date: /home/yadhu/ur3e/src/install/ur_robotiq/include/ur_robotiq/ur_robotiq/msg/detail\n'}
[3.897246] (ur_robotiq) StdoutLine: {'line': b'-- Up-to-date: /home/yadhu/ur3e/src/install/ur_robotiq/include/ur_robotiq/ur_robotiq/msg/detail/ur3e_trajectory__rosidl_typesupport_introspection_c.h\n'}
[3.897319] (ur_robotiq) StdoutLine: {'line': b'-- Up-to-date: /home/yadhu/ur3e/src/install/ur_robotiq/include/ur_robotiq/ur_robotiq/msg/detail/ur3e_gripper__rosidl_typesupport_introspection_c.h\n'}
[3.897390] (ur_robotiq) StdoutLine: {'line': b'-- Up-to-date: /home/yadhu/ur3e/src/install/ur_robotiq/include/ur_robotiq/ur_robotiq/msg/detail/ur3e_gripper__type_support.c\n'}
[3.897460] (ur_robotiq) StdoutLine: {'line': b'-- Up-to-date: /home/yadhu/ur3e/src/install/ur_robotiq/include/ur_robotiq/ur_robotiq/msg/detail/ur3e_trajectory__type_support.c\n'}
[3.897527] (ur_robotiq) StdoutLine: {'line': b'-- Up-to-date: /home/yadhu/ur3e/src/install/ur_robotiq/include/ur_robotiq/ur_robotiq/msg/detail/ur3e_moveit_joints__rosidl_typesupport_introspection_c.h\n'}
[3.897595] (ur_robotiq) StdoutLine: {'line': b'-- Up-to-date: /home/yadhu/ur3e/src/install/ur_robotiq/include/ur_robotiq/ur_robotiq/msg/detail/ur3e_moveit_joints__type_support.c\n'}
[3.897662] (ur_robotiq) StdoutLine: {'line': b'-- Up-to-date: /home/yadhu/ur3e/src/install/ur_robotiq/include/ur_robotiq/ur_robotiq/msg/rosidl_typesupport_introspection_c__visibility_control.h\n'}
[3.897729] (ur_robotiq) StdoutLine: {'line': b'-- Up-to-date: /home/yadhu/ur3e/src/install/ur_robotiq/include/ur_robotiq/ur_robotiq/srv\n'}
[3.897797] (ur_robotiq) StdoutLine: {'line': b'-- Up-to-date: /home/yadhu/ur3e/src/install/ur_robotiq/include/ur_robotiq/ur_robotiq/srv/detail\n'}
[3.897863] (ur_robotiq) StdoutLine: {'line': b'-- Up-to-date: /home/yadhu/ur3e/src/install/ur_robotiq/include/ur_robotiq/ur_robotiq/srv/detail/ur_mover_service__type_support.c\n'}
[3.897928] (ur_robotiq) StdoutLine: {'line': b'-- Up-to-date: /home/yadhu/ur3e/src/install/ur_robotiq/include/ur_robotiq/ur_robotiq/srv/detail/ur_mover_service__rosidl_typesupport_introspection_c.h\n'}
[3.897998] (ur_robotiq) StdoutLine: {'line': b'-- Up-to-date: /home/yadhu/ur3e/src/install/ur_robotiq/lib/libur_robotiq__rosidl_typesupport_introspection_c.so\n'}
[3.898073] (ur_robotiq) StdoutLine: {'line': b'-- Up-to-date: /home/yadhu/ur3e/src/install/ur_robotiq/lib/libur_robotiq__rosidl_typesupport_c.so\n'}
[3.898139] (ur_robotiq) StdoutLine: {'line': b'-- Up-to-date: /home/yadhu/ur3e/src/install/ur_robotiq/include/ur_robotiq/ur_robotiq\n'}
[3.898204] (ur_robotiq) StdoutLine: {'line': b'-- Up-to-date: /home/yadhu/ur3e/src/install/ur_robotiq/include/ur_robotiq/ur_robotiq/msg\n'}
[3.898269] (ur_robotiq) StdoutLine: {'line': b'-- Up-to-date: /home/yadhu/ur3e/src/install/ur_robotiq/include/ur_robotiq/ur_robotiq/msg/ur3e_moveit_joints.hpp\n'}
[3.898427] (ur_robotiq) StdoutLine: {'line': b'-- Up-to-date: /home/yadhu/ur3e/src/install/ur_robotiq/include/ur_robotiq/ur_robotiq/msg/ur3e_trajectory.hpp\n'}
[3.898559] (ur_robotiq) StdoutLine: {'line': b'-- Up-to-date: /home/yadhu/ur3e/src/install/ur_robotiq/include/ur_robotiq/ur_robotiq/msg/detail\n'}
[3.898703] (ur_robotiq) StdoutLine: {'line': b'-- Up-to-date: /home/yadhu/ur3e/src/install/ur_robotiq/include/ur_robotiq/ur_robotiq/msg/detail/ur3e_trajectory__builder.hpp\n'}
[3.898789] (ur_robotiq) StdoutLine: {'line': b'-- Up-to-date: /home/yadhu/ur3e/src/install/ur_robotiq/include/ur_robotiq/ur_robotiq/msg/detail/ur3e_moveit_joints__builder.hpp\n'}
[3.898873] (ur_robotiq) StdoutLine: {'line': b'-- Up-to-date: /home/yadhu/ur3e/src/install/ur_robotiq/include/ur_robotiq/ur_robotiq/msg/detail/ur3e_trajectory__struct.hpp\n'}
[3.898942] (ur_robotiq) StdoutLine: {'line': b'-- Up-to-date: /home/yadhu/ur3e/src/install/ur_robotiq/include/ur_robotiq/ur_robotiq/msg/detail/ur3e_gripper__traits.hpp\n'}
[3.899033] (ur_robotiq) StdoutLine: {'line': b'-- Up-to-date: /home/yadhu/ur3e/src/install/ur_robotiq/include/ur_robotiq/ur_robotiq/msg/detail/ur3e_moveit_joints__traits.hpp\n'}
[3.899175] (ur_robotiq) StdoutLine: {'line': b'-- Up-to-date: /home/yadhu/ur3e/src/install/ur_robotiq/include/ur_robotiq/ur_robotiq/msg/detail/ur3e_moveit_joints__struct.hpp\n'}
[3.899227] (ur_robotiq) StdoutLine: {'line': b'-- Up-to-date: /home/yadhu/ur3e/src/install/ur_robotiq/include/ur_robotiq/ur_robotiq/msg/detail/ur3e_trajectory__traits.hpp\n'}
[3.899271] (ur_robotiq) StdoutLine: {'line': b'-- Up-to-date: /home/yadhu/ur3e/src/install/ur_robotiq/include/ur_robotiq/ur_robotiq/msg/detail/ur3e_gripper__builder.hpp\n'}
[3.899313] (ur_robotiq) StdoutLine: {'line': b'-- Up-to-date: /home/yadhu/ur3e/src/install/ur_robotiq/include/ur_robotiq/ur_robotiq/msg/detail/ur3e_gripper__struct.hpp\n'}
[3.899352] (ur_robotiq) StdoutLine: {'line': b'-- Up-to-date: /home/yadhu/ur3e/src/install/ur_robotiq/include/ur_robotiq/ur_robotiq/msg/ur3e_gripper.hpp\n'}
[3.899393] (ur_robotiq) StdoutLine: {'line': b'-- Up-to-date: /home/yadhu/ur3e/src/install/ur_robotiq/include/ur_robotiq/ur_robotiq/srv\n'}
[3.899433] (ur_robotiq) StdoutLine: {'line': b'-- Up-to-date: /home/yadhu/ur3e/src/install/ur_robotiq/include/ur_robotiq/ur_robotiq/srv/detail\n'}
[3.899473] (ur_robotiq) StdoutLine: {'line': b'-- Up-to-date: /home/yadhu/ur3e/src/install/ur_robotiq/include/ur_robotiq/ur_robotiq/srv/detail/ur_mover_service__traits.hpp\n'}
[3.899515] (ur_robotiq) StdoutLine: {'line': b'-- Up-to-date: /home/yadhu/ur3e/src/install/ur_robotiq/include/ur_robotiq/ur_robotiq/srv/detail/ur_mover_service__struct.hpp\n'}
[3.899575] (ur_robotiq) StdoutLine: {'line': b'-- Up-to-date: /home/yadhu/ur3e/src/install/ur_robotiq/include/ur_robotiq/ur_robotiq/srv/detail/ur_mover_service__builder.hpp\n'}
[3.899618] (ur_robotiq) StdoutLine: {'line': b'-- Up-to-date: /home/yadhu/ur3e/src/install/ur_robotiq/include/ur_robotiq/ur_robotiq/srv/ur_mover_service.hpp\n'}
[3.899659] (ur_robotiq) StdoutLine: {'line': b'-- Up-to-date: /home/yadhu/ur3e/src/install/ur_robotiq/include/ur_robotiq/ur_robotiq\n'}
[3.899700] (ur_robotiq) StdoutLine: {'line': b'-- Up-to-date: /home/yadhu/ur3e/src/install/ur_robotiq/include/ur_robotiq/ur_robotiq/msg\n'}
[3.899741] (ur_robotiq) StdoutLine: {'line': b'-- Up-to-date: /home/yadhu/ur3e/src/install/ur_robotiq/include/ur_robotiq/ur_robotiq/msg/rosidl_typesupport_fastrtps_cpp__visibility_control.h\n'}
[3.899784] (ur_robotiq) StdoutLine: {'line': b'-- Up-to-date: /home/yadhu/ur3e/src/install/ur_robotiq/include/ur_robotiq/ur_robotiq/msg/detail\n'}
[3.899825] (ur_robotiq) StdoutLine: {'line': b'-- Up-to-date: /home/yadhu/ur3e/src/install/ur_robotiq/include/ur_robotiq/ur_robotiq/msg/detail/ur3e_moveit_joints__rosidl_typesupport_fastrtps_cpp.hpp\n'}
[3.899866] (ur_robotiq) StdoutLine: {'line': b'-- Up-to-date: /home/yadhu/ur3e/src/install/ur_robotiq/include/ur_robotiq/ur_robotiq/msg/detail/dds_fastrtps\n'}
[3.899907] (ur_robotiq) StdoutLine: {'line': b'-- Up-to-date: /home/yadhu/ur3e/src/install/ur_robotiq/include/ur_robotiq/ur_robotiq/msg/detail/ur3e_trajectory__rosidl_typesupport_fastrtps_cpp.hpp\n'}
[3.899948] (ur_robotiq) StdoutLine: {'line': b'-- Up-to-date: /home/yadhu/ur3e/src/install/ur_robotiq/include/ur_robotiq/ur_robotiq/msg/detail/ur3e_gripper__rosidl_typesupport_fastrtps_cpp.hpp\n'}
[3.900101] (ur_robotiq) StdoutLine: {'line': b'-- Up-to-date: /home/yadhu/ur3e/src/install/ur_robotiq/include/ur_robotiq/ur_robotiq/srv\n'}
[3.900148] (ur_robotiq) StdoutLine: {'line': b'-- Up-to-date: /home/yadhu/ur3e/src/install/ur_robotiq/include/ur_robotiq/ur_robotiq/srv/detail\n'}
[3.900190] (ur_robotiq) StdoutLine: {'line': b'-- Up-to-date: /home/yadhu/ur3e/src/install/ur_robotiq/include/ur_robotiq/ur_robotiq/srv/detail/ur_mover_service__rosidl_typesupport_fastrtps_cpp.hpp\n'}
[3.900232] (ur_robotiq) StdoutLine: {'line': b'-- Up-to-date: /home/yadhu/ur3e/src/install/ur_robotiq/include/ur_robotiq/ur_robotiq/srv/detail/dds_fastrtps\n'}
[3.900273] (ur_robotiq) StdoutLine: {'line': b'-- Up-to-date: /home/yadhu/ur3e/src/install/ur_robotiq/lib/libur_robotiq__rosidl_typesupport_fastrtps_cpp.so\n'}
[3.900315] (ur_robotiq) StdoutLine: {'line': b'-- Up-to-date: /home/yadhu/ur3e/src/install/ur_robotiq/include/ur_robotiq/ur_robotiq\n'}
[3.900357] (ur_robotiq) StdoutLine: {'line': b'-- Up-to-date: /home/yadhu/ur3e/src/install/ur_robotiq/include/ur_robotiq/ur_robotiq/msg\n'}
[3.900400] (ur_robotiq) StdoutLine: {'line': b'-- Up-to-date: /home/yadhu/ur3e/src/install/ur_robotiq/include/ur_robotiq/ur_robotiq/msg/detail\n'}
[3.900442] (ur_robotiq) StdoutLine: {'line': b'-- Up-to-date: /home/yadhu/ur3e/src/install/ur_robotiq/include/ur_robotiq/ur_robotiq/msg/detail/ur3e_trajectory__rosidl_typesupport_introspection_cpp.hpp\n'}
[3.900484] (ur_robotiq) StdoutLine: {'line': b'-- Up-to-date: /home/yadhu/ur3e/src/install/ur_robotiq/include/ur_robotiq/ur_robotiq/msg/detail/ur3e_trajectory__type_support.cpp\n'}
[3.900601] (ur_robotiq) StdoutLine: {'line': b'-- Up-to-date: /home/yadhu/ur3e/src/install/ur_robotiq/include/ur_robotiq/ur_robotiq/msg/detail/ur3e_gripper__type_support.cpp\n'}
[3.900650] (ur_robotiq) StdoutLine: {'line': b'-- Up-to-date: /home/yadhu/ur3e/src/install/ur_robotiq/include/ur_robotiq/ur_robotiq/msg/detail/ur3e_moveit_joints__type_support.cpp\n'}
[3.900696] (ur_robotiq) StdoutLine: {'line': b'-- Up-to-date: /home/yadhu/ur3e/src/install/ur_robotiq/include/ur_robotiq/ur_robotiq/msg/detail/ur3e_moveit_joints__rosidl_typesupport_introspection_cpp.hpp\n'}
[3.900736] (ur_robotiq) StdoutLine: {'line': b'-- Up-to-date: /home/yadhu/ur3e/src/install/ur_robotiq/include/ur_robotiq/ur_robotiq/msg/detail/ur3e_gripper__rosidl_typesupport_introspection_cpp.hpp\n'}
[3.900776] (ur_robotiq) StdoutLine: {'line': b'-- Up-to-date: /home/yadhu/ur3e/src/install/ur_robotiq/include/ur_robotiq/ur_robotiq/srv\n'}
[3.900817] (ur_robotiq) StdoutLine: {'line': b'-- Up-to-date: /home/yadhu/ur3e/src/install/ur_robotiq/include/ur_robotiq/ur_robotiq/srv/detail\n'}
[3.900858] (ur_robotiq) StdoutLine: {'line': b'-- Up-to-date: /home/yadhu/ur3e/src/install/ur_robotiq/include/ur_robotiq/ur_robotiq/srv/detail/ur_mover_service__type_support.cpp\n'}
[3.900898] (ur_robotiq) StdoutLine: {'line': b'-- Up-to-date: /home/yadhu/ur3e/src/install/ur_robotiq/include/ur_robotiq/ur_robotiq/srv/detail/ur_mover_service__rosidl_typesupport_introspection_cpp.hpp\n'}
[3.900937] (ur_robotiq) StdoutLine: {'line': b'-- Up-to-date: /home/yadhu/ur3e/src/install/ur_robotiq/lib/libur_robotiq__rosidl_typesupport_introspection_cpp.so\n'}
[3.900975] (ur_robotiq) StdoutLine: {'line': b'-- Up-to-date: /home/yadhu/ur3e/src/install/ur_robotiq/lib/libur_robotiq__rosidl_typesupport_cpp.so\n'}
[3.901054] (ur_robotiq) StdoutLine: {'line': b'-- Up-to-date: /home/yadhu/ur3e/src/install/ur_robotiq/share/ur_robotiq/environment/pythonpath.sh\n'}
[3.901095] (ur_robotiq) StdoutLine: {'line': b'-- Up-to-date: /home/yadhu/ur3e/src/install/ur_robotiq/share/ur_robotiq/environment/pythonpath.dsv\n'}
[3.901150] (ur_robotiq) StdoutLine: {'line': b'-- Up-to-date: /home/yadhu/ur3e/src/install/ur_robotiq/local/lib/python3.10/dist-packages/ur_robotiq-0.0.0-py3.10.egg-info\n'}
[3.901188] (ur_robotiq) StdoutLine: {'line': b'-- Installing: /home/yadhu/ur3e/src/install/ur_robotiq/local/lib/python3.10/dist-packages/ur_robotiq-0.0.0-py3.10.egg-info/top_level.txt\n'}
[3.901227] (ur_robotiq) StdoutLine: {'line': b'-- Installing: /home/yadhu/ur3e/src/install/ur_robotiq/local/lib/python3.10/dist-packages/ur_robotiq-0.0.0-py3.10.egg-info/PKG-INFO\n'}
[3.901265] (ur_robotiq) StdoutLine: {'line': b'-- Installing: /home/yadhu/ur3e/src/install/ur_robotiq/local/lib/python3.10/dist-packages/ur_robotiq-0.0.0-py3.10.egg-info/dependency_links.txt\n'}
[3.901339] (ur_robotiq) StdoutLine: {'line': b'-- Installing: /home/yadhu/ur3e/src/install/ur_robotiq/local/lib/python3.10/dist-packages/ur_robotiq-0.0.0-py3.10.egg-info/SOURCES.txt\n'}
[3.901475] (ur_robotiq) StdoutLine: {'line': b'-- Up-to-date: /home/yadhu/ur3e/src/install/ur_robotiq/local/lib/python3.10/dist-packages/ur_robotiq\n'}
[3.901646] (ur_robotiq) StdoutLine: {'line': b'-- Up-to-date: /home/yadhu/ur3e/src/install/ur_robotiq/local/lib/python3.10/dist-packages/ur_robotiq/ur_robotiq_s__rosidl_typesupport_introspection_c.cpython-310-x86_64-linux-gnu.so\n'}
[3.901785] (ur_robotiq) StdoutLine: {'line': b'-- Up-to-date: /home/yadhu/ur3e/src/install/ur_robotiq/local/lib/python3.10/dist-packages/ur_robotiq/libur_robotiq__rosidl_generator_py.so\n'}
[3.901867] (ur_robotiq) StdoutLine: {'line': b'-- Up-to-date: /home/yadhu/ur3e/src/install/ur_robotiq/local/lib/python3.10/dist-packages/ur_robotiq/_ur_robotiq_s.ep.rosidl_typesupport_introspection_c.c\n'}
[3.901934] (ur_robotiq) StdoutLine: {'line': b'-- Up-to-date: /home/yadhu/ur3e/src/install/ur_robotiq/local/lib/python3.10/dist-packages/ur_robotiq/ur_robotiq_s__rosidl_typesupport_fastrtps_c.cpython-310-x86_64-linux-gnu.so\n'}
[3.902009] (ur_robotiq) StdoutLine: {'line': b'-- Up-to-date: /home/yadhu/ur3e/src/install/ur_robotiq/local/lib/python3.10/dist-packages/ur_robotiq/_ur_robotiq_s.ep.rosidl_typesupport_fastrtps_c.c\n'}
[3.902078] (ur_robotiq) StdoutLine: {'line': b'-- Up-to-date: /home/yadhu/ur3e/src/install/ur_robotiq/local/lib/python3.10/dist-packages/ur_robotiq/msg\n'}
[3.902142] (ur_robotiq) StdoutLine: {'line': b'-- Up-to-date: /home/yadhu/ur3e/src/install/ur_robotiq/local/lib/python3.10/dist-packages/ur_robotiq/msg/_ur3e_gripper_s.c\n'}
[3.902206] (ur_robotiq) StdoutLine: {'line': b'-- Up-to-date: /home/yadhu/ur3e/src/install/ur_robotiq/local/lib/python3.10/dist-packages/ur_robotiq/msg/_ur3e_moveit_joints_s.c\n'}
[3.902271] (ur_robotiq) StdoutLine: {'line': b'-- Up-to-date: /home/yadhu/ur3e/src/install/ur_robotiq/local/lib/python3.10/dist-packages/ur_robotiq/msg/_ur3e_moveit_joints.py\n'}
[3.902335] (ur_robotiq) StdoutLine: {'line': b'-- Up-to-date: /home/yadhu/ur3e/src/install/ur_robotiq/local/lib/python3.10/dist-packages/ur_robotiq/msg/_ur3e_gripper.py\n'}
[3.902399] (ur_robotiq) StdoutLine: {'line': b'-- Up-to-date: /home/yadhu/ur3e/src/install/ur_robotiq/local/lib/python3.10/dist-packages/ur_robotiq/msg/_ur3e_trajectory.py\n'}
[3.902465] (ur_robotiq) StdoutLine: {'line': b'-- Up-to-date: /home/yadhu/ur3e/src/install/ur_robotiq/local/lib/python3.10/dist-packages/ur_robotiq/msg/__init__.py\n'}
[3.902530] (ur_robotiq) StdoutLine: {'line': b'-- Up-to-date: /home/yadhu/ur3e/src/install/ur_robotiq/local/lib/python3.10/dist-packages/ur_robotiq/msg/_ur3e_trajectory_s.c\n'}
[3.902597] (ur_robotiq) StdoutLine: {'line': b'-- Up-to-date: /home/yadhu/ur3e/src/install/ur_robotiq/local/lib/python3.10/dist-packages/ur_robotiq/srv\n'}
[3.902678] (ur_robotiq) StdoutLine: {'line': b'-- Up-to-date: /home/yadhu/ur3e/src/install/ur_robotiq/local/lib/python3.10/dist-packages/ur_robotiq/srv/_ur_mover_service_s.c\n'}
[3.902746] (ur_robotiq) StdoutLine: {'line': b'-- Up-to-date: /home/yadhu/ur3e/src/install/ur_robotiq/local/lib/python3.10/dist-packages/ur_robotiq/srv/_ur_mover_service.py\n'}
[3.902813] (ur_robotiq) StdoutLine: {'line': b'-- Up-to-date: /home/yadhu/ur3e/src/install/ur_robotiq/local/lib/python3.10/dist-packages/ur_robotiq/srv/__init__.py\n'}
[3.902884] (ur_robotiq) StdoutLine: {'line': b'-- Up-to-date: /home/yadhu/ur3e/src/install/ur_robotiq/local/lib/python3.10/dist-packages/ur_robotiq/__init__.py\n'}
[3.902954] (ur_robotiq) StdoutLine: {'line': b'-- Up-to-date: /home/yadhu/ur3e/src/install/ur_robotiq/local/lib/python3.10/dist-packages/ur_robotiq/ur_robotiq_s__rosidl_typesupport_c.cpython-310-x86_64-linux-gnu.so\n'}
[3.903044] (ur_robotiq) StdoutLine: {'line': b'-- Up-to-date: /home/yadhu/ur3e/src/install/ur_robotiq/local/lib/python3.10/dist-packages/ur_robotiq/_ur_robotiq_s.ep.rosidl_typesupport_c.c\n'}
[3.903117] (unity_ros_msgs) StdoutLine: {'line': b'-- Install configuration: ""\n'}
[3.903194] (unity_ros_msgs) StdoutLine: {'line': b'-- Up-to-date: /home/yadhu/ur3e/src/install/unity_ros_msgs/share/ament_index/resource_index/rosidl_interfaces/unity_ros_msgs\n'}
[3.903261] (unity_ros_msgs) StdoutLine: {'line': b'-- Up-to-date: /home/yadhu/ur3e/src/install/unity_ros_msgs/include/unity_ros_msgs/unity_ros_msgs\n'}
[3.903333] (unity_ros_msgs) StdoutLine: {'line': b'-- Up-to-date: /home/yadhu/ur3e/src/install/unity_ros_msgs/include/unity_ros_msgs/unity_ros_msgs/msg\n'}
[3.903404] (unity_ros_msgs) StdoutLine: {'line': b'-- Up-to-date: /home/yadhu/ur3e/src/install/unity_ros_msgs/include/unity_ros_msgs/unity_ros_msgs/msg/rosidl_generator_c__visibility_control.h\n'}
[3.903475] (unity_ros_msgs) StdoutLine: {'line': b'-- Up-to-date: /home/yadhu/ur3e/src/install/unity_ros_msgs/include/unity_ros_msgs/unity_ros_msgs/msg/ur3e_moveit_joints.h\n'}
[3.903546] (unity_ros_msgs) StdoutLine: {'line': b'-- Up-to-date: /home/yadhu/ur3e/src/install/unity_ros_msgs/include/unity_ros_msgs/unity_ros_msgs/msg/detail\n'}
[3.903616] (unity_ros_msgs) StdoutLine: {'line': b'-- Up-to-date: /home/yadhu/ur3e/src/install/unity_ros_msgs/include/unity_ros_msgs/unity_ros_msgs/msg/detail/ur3e_gripper__type_support.h\n'}
[3.903684] (unity_ros_msgs) StdoutLine: {'line': b'-- Up-to-date: /home/yadhu/ur3e/src/install/unity_ros_msgs/include/unity_ros_msgs/unity_ros_msgs/msg/detail/ur3e_trajectory__struct.h\n'}
[3.903749] (unity_ros_msgs) StdoutLine: {'line': b'-- Up-to-date: /home/yadhu/ur3e/src/install/unity_ros_msgs/include/unity_ros_msgs/unity_ros_msgs/msg/detail/ur3e_trajectory__functions.c\n'}
[3.903823] (unity_ros_msgs) StdoutLine: {'line': b'-- Up-to-date: /home/yadhu/ur3e/src/install/unity_ros_msgs/include/unity_ros_msgs/unity_ros_msgs/msg/detail/ur3e_moveit_joints__functions.h\n'}
[3.903891] (unity_ros_msgs) StdoutLine: {'line': b'-- Up-to-date: /home/yadhu/ur3e/src/install/unity_ros_msgs/include/unity_ros_msgs/unity_ros_msgs/msg/detail/ur3e_moveit_joints__type_support.h\n'}
[3.903957] (unity_ros_msgs) StdoutLine: {'line': b'-- Up-to-date: /home/yadhu/ur3e/src/install/unity_ros_msgs/include/unity_ros_msgs/unity_ros_msgs/msg/detail/ur3e_gripper__struct.h\n'}
[3.904088] (unity_ros_msgs) StdoutLine: {'line': b'-- Up-to-date: /home/yadhu/ur3e/src/install/unity_ros_msgs/include/unity_ros_msgs/unity_ros_msgs/msg/detail/ur3e_trajectory__functions.h\n'}
[3.904161] (unity_ros_msgs) StdoutLine: {'line': b'-- Up-to-date: /home/yadhu/ur3e/src/install/unity_ros_msgs/include/unity_ros_msgs/unity_ros_msgs/msg/detail/ur3e_moveit_joints__struct.h\n'}
[3.904226] (unity_ros_msgs) StdoutLine: {'line': b'-- Up-to-date: /home/yadhu/ur3e/src/install/unity_ros_msgs/include/unity_ros_msgs/unity_ros_msgs/msg/detail/ur3e_moveit_joints__functions.c\n'}
[3.904290] (unity_ros_msgs) StdoutLine: {'line': b'-- Up-to-date: /home/yadhu/ur3e/src/install/unity_ros_msgs/include/unity_ros_msgs/unity_ros_msgs/msg/detail/ur3e_trajectory__type_support.h\n'}
[3.904354] (unity_ros_msgs) StdoutLine: {'line': b'-- Up-to-date: /home/yadhu/ur3e/src/install/unity_ros_msgs/include/unity_ros_msgs/unity_ros_msgs/msg/detail/ur3e_gripper__functions.h\n'}
[3.904420] (unity_ros_msgs) StdoutLine: {'line': b'-- Up-to-date: /home/yadhu/ur3e/src/install/unity_ros_msgs/include/unity_ros_msgs/unity_ros_msgs/msg/detail/ur3e_gripper__functions.c\n'}
[3.904484] (unity_ros_msgs) StdoutLine: {'line': b'-- Up-to-date: /home/yadhu/ur3e/src/install/unity_ros_msgs/include/unity_ros_msgs/unity_ros_msgs/msg/ur3e_trajectory.h\n'}
[3.904548] (unity_ros_msgs) StdoutLine: {'line': b'-- Up-to-date: /home/yadhu/ur3e/src/install/unity_ros_msgs/include/unity_ros_msgs/unity_ros_msgs/msg/ur3e_gripper.h\n'}
[3.904617] (unity_ros_msgs) StdoutLine: {'line': b'-- Up-to-date: /home/yadhu/ur3e/src/install/unity_ros_msgs/include/unity_ros_msgs/unity_ros_msgs/srv\n'}
[3.904681] (unity_ros_msgs) StdoutLine: {'line': b'-- Up-to-date: /home/yadhu/ur3e/src/install/unity_ros_msgs/include/unity_ros_msgs/unity_ros_msgs/srv/ur_mover_service.h\n'}
[3.905482] (unity_ros_msgs) StdoutLine: {'line': b'-- Up-to-date: /home/yadhu/ur3e/src/install/unity_ros_msgs/include/unity_ros_msgs/unity_ros_msgs/srv/detail\n'}
[3.905574] (unity_ros_msgs) StdoutLine: {'line': b'-- Up-to-date: /home/yadhu/ur3e/src/install/unity_ros_msgs/include/unity_ros_msgs/unity_ros_msgs/srv/detail/ur_mover_service__functions.c\n'}
[3.905642] (unity_ros_msgs) StdoutLine: {'line': b'-- Up-to-date: /home/yadhu/ur3e/src/install/unity_ros_msgs/include/unity_ros_msgs/unity_ros_msgs/srv/detail/ur_mover_service__struct.h\n'}
[3.905705] (unity_ros_msgs) StdoutLine: {'line': b'-- Up-to-date: /home/yadhu/ur3e/src/install/unity_ros_msgs/include/unity_ros_msgs/unity_ros_msgs/srv/detail/ur_mover_service__type_support.h\n'}
[3.905766] (unity_ros_msgs) StdoutLine: {'line': b'-- Up-to-date: /home/yadhu/ur3e/src/install/unity_ros_msgs/include/unity_ros_msgs/unity_ros_msgs/srv/detail/ur_mover_service__functions.h\n'}
[3.905828] (unity_ros_msgs) StdoutLine: {'line': b'-- Up-to-date: /home/yadhu/ur3e/src/install/unity_ros_msgs/share/unity_ros_msgs/environment/library_path.sh\n'}
[3.905890] (unity_ros_msgs) StdoutLine: {'line': b'-- Up-to-date: /home/yadhu/ur3e/src/install/unity_ros_msgs/share/unity_ros_msgs/environment/library_path.dsv\n'}
[3.905953] (unity_ros_msgs) StdoutLine: {'line': b'-- Up-to-date: /home/yadhu/ur3e/src/install/unity_ros_msgs/lib/libunity_ros_msgs__rosidl_generator_c.so\n'}
[3.906028] (unity_ros_msgs) StdoutLine: {'line': b'-- Up-to-date: /home/yadhu/ur3e/src/install/unity_ros_msgs/include/unity_ros_msgs/unity_ros_msgs\n'}
[3.906096] (unity_ros_msgs) StdoutLine: {'line': b'-- Up-to-date: /home/yadhu/ur3e/src/install/unity_ros_msgs/include/unity_ros_msgs/unity_ros_msgs/msg\n'}
[3.906162] (unity_ros_msgs) StdoutLine: {'line': b'-- Up-to-date: /home/yadhu/ur3e/src/install/unity_ros_msgs/include/unity_ros_msgs/unity_ros_msgs/msg/rosidl_typesupport_fastrtps_c__visibility_control.h\n'}
[3.906230] (unity_ros_msgs) StdoutLine: {'line': b'-- Up-to-date: /home/yadhu/ur3e/src/install/unity_ros_msgs/include/unity_ros_msgs/unity_ros_msgs/msg/detail\n'}
[3.906298] (unity_ros_msgs) StdoutLine: {'line': b'-- Up-to-date: /home/yadhu/ur3e/src/install/unity_ros_msgs/include/unity_ros_msgs/unity_ros_msgs/msg/detail/ur3e_gripper__rosidl_typesupport_fastrtps_c.h\n'}
[3.906364] (unity_ros_msgs) StdoutLine: {'line': b'-- Up-to-date: /home/yadhu/ur3e/src/install/unity_ros_msgs/include/unity_ros_msgs/unity_ros_msgs/msg/detail/ur3e_trajectory__rosidl_typesupport_fastrtps_c.h\n'}
[3.906434] (unity_ros_msgs) StdoutLine: {'line': b'-- Up-to-date: /home/yadhu/ur3e/src/install/unity_ros_msgs/include/unity_ros_msgs/unity_ros_msgs/msg/detail/ur3e_moveit_joints__rosidl_typesupport_fastrtps_c.h\n'}
[3.906503] (unity_ros_msgs) StdoutLine: {'line': b'-- Up-to-date: /home/yadhu/ur3e/src/install/unity_ros_msgs/include/unity_ros_msgs/unity_ros_msgs/srv\n'}
[3.906571] (unity_ros_msgs) StdoutLine: {'line': b'-- Up-to-date: /home/yadhu/ur3e/src/install/unity_ros_msgs/include/unity_ros_msgs/unity_ros_msgs/srv/detail\n'}
[3.906655] (unity_ros_msgs) StdoutLine: {'line': b'-- Up-to-date: /home/yadhu/ur3e/src/install/unity_ros_msgs/include/unity_ros_msgs/unity_ros_msgs/srv/detail/ur_mover_service__rosidl_typesupport_fastrtps_c.h\n'}
[3.906726] (unity_ros_msgs) StdoutLine: {'line': b'-- Up-to-date: /home/yadhu/ur3e/src/install/unity_ros_msgs/lib/libunity_ros_msgs__rosidl_typesupport_fastrtps_c.so\n'}
[3.906796] (unity_ros_msgs) StdoutLine: {'line': b'-- Up-to-date: /home/yadhu/ur3e/src/install/unity_ros_msgs/include/unity_ros_msgs/unity_ros_msgs\n'}
[3.906866] (unity_ros_msgs) StdoutLine: {'line': b'-- Up-to-date: /home/yadhu/ur3e/src/install/unity_ros_msgs/include/unity_ros_msgs/unity_ros_msgs/msg\n'}
[3.906942] (unity_ros_msgs) StdoutLine: {'line': b'-- Up-to-date: /home/yadhu/ur3e/src/install/unity_ros_msgs/include/unity_ros_msgs/unity_ros_msgs/msg/detail\n'}
[3.907022] (unity_ros_msgs) StdoutLine: {'line': b'-- Up-to-date: /home/yadhu/ur3e/src/install/unity_ros_msgs/include/unity_ros_msgs/unity_ros_msgs/msg/detail/ur3e_trajectory__rosidl_typesupport_introspection_c.h\n'}
[3.907097] (unity_ros_msgs) StdoutLine: {'line': b'-- Up-to-date: /home/yadhu/ur3e/src/install/unity_ros_msgs/include/unity_ros_msgs/unity_ros_msgs/msg/detail/ur3e_gripper__rosidl_typesupport_introspection_c.h\n'}
[3.907167] (unity_ros_msgs) StdoutLine: {'line': b'-- Up-to-date: /home/yadhu/ur3e/src/install/unity_ros_msgs/include/unity_ros_msgs/unity_ros_msgs/msg/detail/ur3e_gripper__type_support.c\n'}
[3.907239] (unity_ros_msgs) StdoutLine: {'line': b'-- Up-to-date: /home/yadhu/ur3e/src/install/unity_ros_msgs/include/unity_ros_msgs/unity_ros_msgs/msg/detail/ur3e_trajectory__type_support.c\n'}
[3.907310] (unity_ros_msgs) StdoutLine: {'line': b'-- Up-to-date: /home/yadhu/ur3e/src/install/unity_ros_msgs/include/unity_ros_msgs/unity_ros_msgs/msg/detail/ur3e_moveit_joints__rosidl_typesupport_introspection_c.h\n'}
[3.907380] (unity_ros_msgs) StdoutLine: {'line': b'-- Up-to-date: /home/yadhu/ur3e/src/install/unity_ros_msgs/include/unity_ros_msgs/unity_ros_msgs/msg/detail/ur3e_moveit_joints__type_support.c\n'}
[3.907450] (unity_ros_msgs) StdoutLine: {'line': b'-- Up-to-date: /home/yadhu/ur3e/src/install/unity_ros_msgs/include/unity_ros_msgs/unity_ros_msgs/msg/rosidl_typesupport_introspection_c__visibility_control.h\n'}
[3.907519] (unity_ros_msgs) StdoutLine: {'line': b'-- Up-to-date: /home/yadhu/ur3e/src/install/unity_ros_msgs/include/unity_ros_msgs/unity_ros_msgs/srv\n'}
[3.907588] (unity_ros_msgs) StdoutLine: {'line': b'-- Up-to-date: /home/yadhu/ur3e/src/install/unity_ros_msgs/include/unity_ros_msgs/unity_ros_msgs/srv/detail\n'}
[3.907657] (unity_ros_msgs) StdoutLine: {'line': b'-- Up-to-date: /home/yadhu/ur3e/src/install/unity_ros_msgs/include/unity_ros_msgs/unity_ros_msgs/srv/detail/ur_mover_service__type_support.c\n'}
[3.907738] (unity_ros_msgs) StdoutLine: {'line': b'-- Up-to-date: /home/yadhu/ur3e/src/install/unity_ros_msgs/include/unity_ros_msgs/unity_ros_msgs/srv/detail/ur_mover_service__rosidl_typesupport_introspection_c.h\n'}
[3.907809] (unity_ros_msgs) StdoutLine: {'line': b'-- Up-to-date: /home/yadhu/ur3e/src/install/unity_ros_msgs/lib/libunity_ros_msgs__rosidl_typesupport_introspection_c.so\n'}
[3.907878] (unity_ros_msgs) StdoutLine: {'line': b'-- Up-to-date: /home/yadhu/ur3e/src/install/unity_ros_msgs/lib/libunity_ros_msgs__rosidl_typesupport_c.so\n'}
[3.907946] (unity_ros_msgs) StdoutLine: {'line': b'-- Up-to-date: /home/yadhu/ur3e/src/install/unity_ros_msgs/include/unity_ros_msgs/unity_ros_msgs\n'}
[3.908032] (unity_ros_msgs) StdoutLine: {'line': b'-- Up-to-date: /home/yadhu/ur3e/src/install/unity_ros_msgs/include/unity_ros_msgs/unity_ros_msgs/msg\n'}
[3.908103] (unity_ros_msgs) StdoutLine: {'line': b'-- Up-to-date: /home/yadhu/ur3e/src/install/unity_ros_msgs/include/unity_ros_msgs/unity_ros_msgs/msg/ur3e_moveit_joints.hpp\n'}
[3.908174] (unity_ros_msgs) StdoutLine: {'line': b'-- Up-to-date: /home/yadhu/ur3e/src/install/unity_ros_msgs/include/unity_ros_msgs/unity_ros_msgs/msg/ur3e_trajectory.hpp\n'}
[3.908241] (unity_ros_msgs) StdoutLine: {'line': b'-- Up-to-date: /home/yadhu/ur3e/src/install/unity_ros_msgs/include/unity_ros_msgs/unity_ros_msgs/msg/detail\n'}
[3.908308] (unity_ros_msgs) StdoutLine: {'line': b'-- Up-to-date: /home/yadhu/ur3e/src/install/unity_ros_msgs/include/unity_ros_msgs/unity_ros_msgs/msg/detail/ur3e_trajectory__builder.hpp\n'}
[3.908376] (unity_ros_msgs) StdoutLine: {'line': b'-- Up-to-date: /home/yadhu/ur3e/src/install/unity_ros_msgs/include/unity_ros_msgs/unity_ros_msgs/msg/detail/ur3e_moveit_joints__builder.hpp\n'}
[3.908443] (unity_ros_msgs) StdoutLine: {'line': b'-- Up-to-date: /home/yadhu/ur3e/src/install/unity_ros_msgs/include/unity_ros_msgs/unity_ros_msgs/msg/detail/ur3e_trajectory__struct.hpp\n'}
[3.908512] (unity_ros_msgs) StdoutLine: {'line': b'-- Up-to-date: /home/yadhu/ur3e/src/install/unity_ros_msgs/include/unity_ros_msgs/unity_ros_msgs/msg/detail/ur3e_gripper__traits.hpp\n'}
[3.908587] (unity_ros_msgs) StdoutLine: {'line': b'-- Up-to-date: /home/yadhu/ur3e/src/install/unity_ros_msgs/include/unity_ros_msgs/unity_ros_msgs/msg/detail/ur3e_moveit_joints__traits.hpp\n'}
[3.908655] (unity_ros_msgs) StdoutLine: {'line': b'-- Up-to-date: /home/yadhu/ur3e/src/install/unity_ros_msgs/include/unity_ros_msgs/unity_ros_msgs/msg/detail/ur3e_moveit_joints__struct.hpp\n'}
[3.908724] (unity_ros_msgs) StdoutLine: {'line': b'-- Up-to-date: /home/yadhu/ur3e/src/install/unity_ros_msgs/include/unity_ros_msgs/unity_ros_msgs/msg/detail/ur3e_trajectory__traits.hpp\n'}
[3.908798] (unity_ros_msgs) StdoutLine: {'line': b'-- Up-to-date: /home/yadhu/ur3e/src/install/unity_ros_msgs/include/unity_ros_msgs/unity_ros_msgs/msg/detail/ur3e_gripper__builder.hpp\n'}
[3.908867] (unity_ros_msgs) StdoutLine: {'line': b'-- Up-to-date: /home/yadhu/ur3e/src/install/unity_ros_msgs/include/unity_ros_msgs/unity_ros_msgs/msg/detail/ur3e_gripper__struct.hpp\n'}
[3.908935] (unity_ros_msgs) StdoutLine: {'line': b'-- Up-to-date: /home/yadhu/ur3e/src/install/unity_ros_msgs/include/unity_ros_msgs/unity_ros_msgs/msg/ur3e_gripper.hpp\n'}
[3.909015] (unity_ros_msgs) StdoutLine: {'line': b'-- Up-to-date: /home/yadhu/ur3e/src/install/unity_ros_msgs/include/unity_ros_msgs/unity_ros_msgs/srv\n'}
[3.909089] (unity_ros_msgs) StdoutLine: {'line': b'-- Up-to-date: /home/yadhu/ur3e/src/install/unity_ros_msgs/include/unity_ros_msgs/unity_ros_msgs/srv/detail\n'}
[3.909157] (unity_ros_msgs) StdoutLine: {'line': b'-- Up-to-date: /home/yadhu/ur3e/src/install/unity_ros_msgs/include/unity_ros_msgs/unity_ros_msgs/srv/detail/ur_mover_service__traits.hpp\n'}
[3.909225] (unity_ros_msgs) StdoutLine: {'line': b'-- Up-to-date: /home/yadhu/ur3e/src/install/unity_ros_msgs/include/unity_ros_msgs/unity_ros_msgs/srv/detail/ur_mover_service__struct.hpp\n'}
[3.909292] (unity_ros_msgs) StdoutLine: {'line': b'-- Up-to-date: /home/yadhu/ur3e/src/install/unity_ros_msgs/include/unity_ros_msgs/unity_ros_msgs/srv/detail/ur_mover_service__builder.hpp\n'}
[3.909360] (unity_ros_msgs) StdoutLine: {'line': b'-- Up-to-date: /home/yadhu/ur3e/src/install/unity_ros_msgs/include/unity_ros_msgs/unity_ros_msgs/srv/ur_mover_service.hpp\n'}
[3.909428] (unity_ros_msgs) StdoutLine: {'line': b'-- Up-to-date: /home/yadhu/ur3e/src/install/unity_ros_msgs/include/unity_ros_msgs/unity_ros_msgs\n'}
[3.909496] (unity_ros_msgs) StdoutLine: {'line': b'-- Up-to-date: /home/yadhu/ur3e/src/install/unity_ros_msgs/include/unity_ros_msgs/unity_ros_msgs/msg\n'}
[3.909564] (unity_ros_msgs) StdoutLine: {'line': b'-- Up-to-date: /home/yadhu/ur3e/src/install/unity_ros_msgs/include/unity_ros_msgs/unity_ros_msgs/msg/rosidl_typesupport_fastrtps_cpp__visibility_control.h\n'}
[3.909632] (unity_ros_msgs) StdoutLine: {'line': b'-- Up-to-date: /home/yadhu/ur3e/src/install/unity_ros_msgs/include/unity_ros_msgs/unity_ros_msgs/msg/detail\n'}
[3.909700] (unity_ros_msgs) StdoutLine: {'line': b'-- Up-to-date: /home/yadhu/ur3e/src/install/unity_ros_msgs/include/unity_ros_msgs/unity_ros_msgs/msg/detail/ur3e_moveit_joints__rosidl_typesupport_fastrtps_cpp.hpp\n'}
[3.909768] (unity_ros_msgs) StdoutLine: {'line': b'-- Up-to-date: /home/yadhu/ur3e/src/install/unity_ros_msgs/include/unity_ros_msgs/unity_ros_msgs/msg/detail/dds_fastrtps\n'}
[3.909835] (unity_ros_msgs) StdoutLine: {'line': b'-- Up-to-date: /home/yadhu/ur3e/src/install/unity_ros_msgs/include/unity_ros_msgs/unity_ros_msgs/msg/detail/ur3e_trajectory__rosidl_typesupport_fastrtps_cpp.hpp\n'}
[3.909903] (unity_ros_msgs) StdoutLine: {'line': b'-- Up-to-date: /home/yadhu/ur3e/src/install/unity_ros_msgs/include/unity_ros_msgs/unity_ros_msgs/msg/detail/ur3e_gripper__rosidl_typesupport_fastrtps_cpp.hpp\n'}
[3.909981] (unity_ros_msgs) StdoutLine: {'line': b'-- Up-to-date: /home/yadhu/ur3e/src/install/unity_ros_msgs/include/unity_ros_msgs/unity_ros_msgs/srv\n'}
[3.910065] (unity_ros_msgs) StdoutLine: {'line': b'-- Up-to-date: /home/yadhu/ur3e/src/install/unity_ros_msgs/include/unity_ros_msgs/unity_ros_msgs/srv/detail\n'}
[3.910139] (unity_ros_msgs) StdoutLine: {'line': b'-- Up-to-date: /home/yadhu/ur3e/src/install/unity_ros_msgs/include/unity_ros_msgs/unity_ros_msgs/srv/detail/ur_mover_service__rosidl_typesupport_fastrtps_cpp.hpp\n'}
[3.910207] (unity_ros_msgs) StdoutLine: {'line': b'-- Up-to-date: /home/yadhu/ur3e/src/install/unity_ros_msgs/include/unity_ros_msgs/unity_ros_msgs/srv/detail/dds_fastrtps\n'}
[3.910276] (unity_ros_msgs) StdoutLine: {'line': b'-- Up-to-date: /home/yadhu/ur3e/src/install/unity_ros_msgs/lib/libunity_ros_msgs__rosidl_typesupport_fastrtps_cpp.so\n'}
[3.910344] (unity_ros_msgs) StdoutLine: {'line': b'-- Up-to-date: /home/yadhu/ur3e/src/install/unity_ros_msgs/include/unity_ros_msgs/unity_ros_msgs\n'}
[3.910414] (unity_ros_msgs) StdoutLine: {'line': b'-- Up-to-date: /home/yadhu/ur3e/src/install/unity_ros_msgs/include/unity_ros_msgs/unity_ros_msgs/msg\n'}
[3.910482] (unity_ros_msgs) StdoutLine: {'line': b'-- Up-to-date: /home/yadhu/ur3e/src/install/unity_ros_msgs/include/unity_ros_msgs/unity_ros_msgs/msg/detail\n'}
[3.910552] (unity_ros_msgs) StdoutLine: {'line': b'-- Up-to-date: /home/yadhu/ur3e/src/install/unity_ros_msgs/include/unity_ros_msgs/unity_ros_msgs/msg/detail/ur3e_trajectory__rosidl_typesupport_introspection_cpp.hpp\n'}
[3.910622] (unity_ros_msgs) StdoutLine: {'line': b'-- Up-to-date: /home/yadhu/ur3e/src/install/unity_ros_msgs/include/unity_ros_msgs/unity_ros_msgs/msg/detail/ur3e_trajectory__type_support.cpp\n'}
[3.910692] (unity_ros_msgs) StdoutLine: {'line': b'-- Up-to-date: /home/yadhu/ur3e/src/install/unity_ros_msgs/include/unity_ros_msgs/unity_ros_msgs/msg/detail/ur3e_gripper__type_support.cpp\n'}
[3.910763] (unity_ros_msgs) StdoutLine: {'line': b'-- Up-to-date: /home/yadhu/ur3e/src/install/unity_ros_msgs/include/unity_ros_msgs/unity_ros_msgs/msg/detail/ur3e_moveit_joints__type_support.cpp\n'}
[3.910834] (unity_ros_msgs) StdoutLine: {'line': b'-- Up-to-date: /home/yadhu/ur3e/src/install/unity_ros_msgs/include/unity_ros_msgs/unity_ros_msgs/msg/detail/ur3e_moveit_joints__rosidl_typesupport_introspection_cpp.hpp\n'}
[3.910913] (unity_ros_msgs) StdoutLine: {'line': b'-- Up-to-date: /home/yadhu/ur3e/src/install/unity_ros_msgs/include/unity_ros_msgs/unity_ros_msgs/msg/detail/ur3e_gripper__rosidl_typesupport_introspection_cpp.hpp\n'}
[3.910990] (unity_ros_msgs) StdoutLine: {'line': b'-- Up-to-date: /home/yadhu/ur3e/src/install/unity_ros_msgs/include/unity_ros_msgs/unity_ros_msgs/srv\n'}
[3.911069] (unity_ros_msgs) StdoutLine: {'line': b'-- Up-to-date: /home/yadhu/ur3e/src/install/unity_ros_msgs/include/unity_ros_msgs/unity_ros_msgs/srv/detail\n'}
[3.911138] (unity_ros_msgs) StdoutLine: {'line': b'-- Up-to-date: /home/yadhu/ur3e/src/install/unity_ros_msgs/include/unity_ros_msgs/unity_ros_msgs/srv/detail/ur_mover_service__type_support.cpp\n'}
[3.911209] (unity_ros_msgs) StdoutLine: {'line': b'-- Up-to-date: /home/yadhu/ur3e/src/install/unity_ros_msgs/include/unity_ros_msgs/unity_ros_msgs/srv/detail/ur_mover_service__rosidl_typesupport_introspection_cpp.hpp\n'}
[3.911278] (unity_ros_msgs) StdoutLine: {'line': b'-- Up-to-date: /home/yadhu/ur3e/src/install/unity_ros_msgs/lib/libunity_ros_msgs__rosidl_typesupport_introspection_cpp.so\n'}
[3.911348] (unity_ros_msgs) StdoutLine: {'line': b'-- Up-to-date: /home/yadhu/ur3e/src/install/unity_ros_msgs/lib/libunity_ros_msgs__rosidl_typesupport_cpp.so\n'}
[3.911417] (unity_ros_msgs) StdoutLine: {'line': b'-- Up-to-date: /home/yadhu/ur3e/src/install/unity_ros_msgs/share/unity_ros_msgs/environment/pythonpath.sh\n'}
[3.911484] (unity_ros_msgs) StdoutLine: {'line': b'-- Up-to-date: /home/yadhu/ur3e/src/install/unity_ros_msgs/share/unity_ros_msgs/environment/pythonpath.dsv\n'}
[3.911552] (unity_ros_msgs) StdoutLine: {'line': b'-- Up-to-date: /home/yadhu/ur3e/src/install/unity_ros_msgs/local/lib/python3.10/dist-packages/unity_ros_msgs-0.0.0-py3.10.egg-info\n'}
[3.911621] (unity_ros_msgs) StdoutLine: {'line': b'-- Installing: /home/yadhu/ur3e/src/install/unity_ros_msgs/local/lib/python3.10/dist-packages/unity_ros_msgs-0.0.0-py3.10.egg-info/top_level.txt\n'}
[3.911697] (unity_ros_msgs) StdoutLine: {'line': b'-- Installing: /home/yadhu/ur3e/src/install/unity_ros_msgs/local/lib/python3.10/dist-packages/unity_ros_msgs-0.0.0-py3.10.egg-info/PKG-INFO\n'}
[3.911765] (unity_ros_msgs) StdoutLine: {'line': b'-- Installing: /home/yadhu/ur3e/src/install/unity_ros_msgs/local/lib/python3.10/dist-packages/unity_ros_msgs-0.0.0-py3.10.egg-info/dependency_links.txt\n'}
[3.911833] (unity_ros_msgs) StdoutLine: {'line': b'-- Installing: /home/yadhu/ur3e/src/install/unity_ros_msgs/local/lib/python3.10/dist-packages/unity_ros_msgs-0.0.0-py3.10.egg-info/SOURCES.txt\n'}
[3.911900] (unity_ros_msgs) StdoutLine: {'line': b'-- Up-to-date: /home/yadhu/ur3e/src/install/unity_ros_msgs/local/lib/python3.10/dist-packages/unity_ros_msgs\n'}
[3.911970] (unity_ros_msgs) StdoutLine: {'line': b'-- Up-to-date: /home/yadhu/ur3e/src/install/unity_ros_msgs/local/lib/python3.10/dist-packages/unity_ros_msgs/_unity_ros_msgs_s.ep.rosidl_typesupport_c.c\n'}
[3.912053] (unity_ros_msgs) StdoutLine: {'line': b'-- Up-to-date: /home/yadhu/ur3e/src/install/unity_ros_msgs/local/lib/python3.10/dist-packages/unity_ros_msgs/unity_ros_msgs_s__rosidl_typesupport_c.cpython-310-x86_64-linux-gnu.so\n'}
[3.912124] (unity_ros_msgs) StdoutLine: {'line': b'-- Up-to-date: /home/yadhu/ur3e/src/install/unity_ros_msgs/local/lib/python3.10/dist-packages/unity_ros_msgs/msg\n'}
[3.912194] (unity_ros_msgs) StdoutLine: {'line': b'-- Up-to-date: /home/yadhu/ur3e/src/install/unity_ros_msgs/local/lib/python3.10/dist-packages/unity_ros_msgs/msg/_ur3e_gripper_s.c\n'}
[3.912272] (unity_ros_msgs) StdoutLine: {'line': b'-- Up-to-date: /home/yadhu/ur3e/src/install/unity_ros_msgs/local/lib/python3.10/dist-packages/unity_ros_msgs/msg/_ur3e_moveit_joints_s.c\n'}
[3.912343] (unity_ros_msgs) StdoutLine: {'line': b'-- Up-to-date: /home/yadhu/ur3e/src/install/unity_ros_msgs/local/lib/python3.10/dist-packages/unity_ros_msgs/msg/_ur3e_moveit_joints.py\n'}
[3.912412] (unity_ros_msgs) StdoutLine: {'line': b'-- Up-to-date: /home/yadhu/ur3e/src/install/unity_ros_msgs/local/lib/python3.10/dist-packages/unity_ros_msgs/msg/_ur3e_gripper.py\n'}
[3.912482] (unity_ros_msgs) StdoutLine: {'line': b'-- Up-to-date: /home/yadhu/ur3e/src/install/unity_ros_msgs/local/lib/python3.10/dist-packages/unity_ros_msgs/msg/_ur3e_trajectory.py\n'}
[3.912551] (unity_ros_msgs) StdoutLine: {'line': b'-- Up-to-date: /home/yadhu/ur3e/src/install/unity_ros_msgs/local/lib/python3.10/dist-packages/unity_ros_msgs/msg/__init__.py\n'}
[3.912619] (unity_ros_msgs) StdoutLine: {'line': b'-- Up-to-date: /home/yadhu/ur3e/src/install/unity_ros_msgs/local/lib/python3.10/dist-packages/unity_ros_msgs/msg/_ur3e_trajectory_s.c\n'}
[3.912687] (unity_ros_msgs) StdoutLine: {'line': b'-- Up-to-date: /home/yadhu/ur3e/src/install/unity_ros_msgs/local/lib/python3.10/dist-packages/unity_ros_msgs/srv\n'}
[3.912757] (unity_ros_msgs) StdoutLine: {'line': b'-- Up-to-date: /home/yadhu/ur3e/src/install/unity_ros_msgs/local/lib/python3.10/dist-packages/unity_ros_msgs/srv/_ur_mover_service_s.c\n'}
[3.912826] (unity_ros_msgs) StdoutLine: {'line': b'-- Up-to-date: /home/yadhu/ur3e/src/install/unity_ros_msgs/local/lib/python3.10/dist-packages/unity_ros_msgs/srv/_ur_mover_service.py\n'}
[3.912900] (unity_ros_msgs) StdoutLine: {'line': b'-- Up-to-date: /home/yadhu/ur3e/src/install/unity_ros_msgs/local/lib/python3.10/dist-packages/unity_ros_msgs/srv/__init__.py\n'}
[3.912970] (unity_ros_msgs) StdoutLine: {'line': b'-- Up-to-date: /home/yadhu/ur3e/src/install/unity_ros_msgs/local/lib/python3.10/dist-packages/unity_ros_msgs/_unity_ros_msgs_s.ep.rosidl_typesupport_fastrtps_c.c\n'}
[3.913067] (unity_ros_msgs) StdoutLine: {'line': b'-- Up-to-date: /home/yadhu/ur3e/src/install/unity_ros_msgs/local/lib/python3.10/dist-packages/unity_ros_msgs/_unity_ros_msgs_s.ep.rosidl_typesupport_introspection_c.c\n'}
[3.913139] (unity_ros_msgs) StdoutLine: {'line': b'-- Up-to-date: /home/yadhu/ur3e/src/install/unity_ros_msgs/local/lib/python3.10/dist-packages/unity_ros_msgs/__init__.py\n'}
[3.913212] (unity_ros_msgs) StdoutLine: {'line': b'-- Up-to-date: /home/yadhu/ur3e/src/install/unity_ros_msgs/local/lib/python3.10/dist-packages/unity_ros_msgs/libunity_ros_msgs__rosidl_generator_py.so\n'}
[3.913281] (unity_ros_msgs) StdoutLine: {'line': b'-- Up-to-date: /home/yadhu/ur3e/src/install/unity_ros_msgs/local/lib/python3.10/dist-packages/unity_ros_msgs/unity_ros_msgs_s__rosidl_typesupport_fastrtps_c.cpython-310-x86_64-linux-gnu.so\n'}
[3.913348] (unity_ros_msgs) StdoutLine: {'line': b'-- Up-to-date: /home/yadhu/ur3e/src/install/unity_ros_msgs/local/lib/python3.10/dist-packages/unity_ros_msgs/unity_ros_msgs_s__rosidl_typesupport_introspection_c.cpython-310-x86_64-linux-gnu.so\n'}
[3.918068] (ur_robotiq) StdoutLine: {'line': b"Listing '/home/yadhu/ur3e/src/install/ur_robotiq/local/lib/python3.10/dist-packages/ur_robotiq'...\n"}
[3.918232] (ur_robotiq) StdoutLine: {'line': b"Listing '/home/yadhu/ur3e/src/install/ur_robotiq/local/lib/python3.10/dist-packages/ur_robotiq/msg'...\n"}
[3.918307] (ur_robotiq) StdoutLine: {'line': b"Listing '/home/yadhu/ur3e/src/install/ur_robotiq/local/lib/python3.10/dist-packages/ur_robotiq/srv'...\n"}
[3.921616] (ur_robotiq) StdoutLine: {'line': b'-- Up-to-date: /home/yadhu/ur3e/src/install/ur_robotiq/local/lib/python3.10/dist-packages/ur_robotiq/ur_robotiq_s__rosidl_typesupport_fastrtps_c.cpython-310-x86_64-linux-gnu.so\n'}
[3.921890] (ur_robotiq) StdoutLine: {'line': b'-- Up-to-date: /home/yadhu/ur3e/src/install/ur_robotiq/local/lib/python3.10/dist-packages/ur_robotiq/ur_robotiq_s__rosidl_typesupport_introspection_c.cpython-310-x86_64-linux-gnu.so\n'}
[3.922078] (ur_robotiq) StdoutLine: {'line': b'-- Up-to-date: /home/yadhu/ur3e/src/install/ur_robotiq/local/lib/python3.10/dist-packages/ur_robotiq/ur_robotiq_s__rosidl_typesupport_c.cpython-310-x86_64-linux-gnu.so\n'}
[3.922215] (ur_robotiq) StdoutLine: {'line': b'-- Up-to-date: /home/yadhu/ur3e/src/install/ur_robotiq/lib/libur_robotiq__rosidl_generator_py.so\n'}
[3.922372] (ur_robotiq) StdoutLine: {'line': b'-- Up-to-date: /home/yadhu/ur3e/src/install/ur_robotiq/share/ur_robotiq/msg/UR3eGripper.idl\n'}
[3.922556] (ur_robotiq) StdoutLine: {'line': b'-- Up-to-date: /home/yadhu/ur3e/src/install/ur_robotiq/share/ur_robotiq/msg/UR3eMoveitJoints.idl\n'}
[3.922681] (ur_robotiq) StdoutLine: {'line': b'-- Up-to-date: /home/yadhu/ur3e/src/install/ur_robotiq/share/ur_robotiq/msg/UR3eTrajectory.idl\n'}
[3.922802] (ur_robotiq) StdoutLine: {'line': b'-- Up-to-date: /home/yadhu/ur3e/src/install/ur_robotiq/share/ur_robotiq/srv/UrMoverService.idl\n'}
[3.922877] (ur_robotiq) StdoutLine: {'line': b'-- Up-to-date: /home/yadhu/ur3e/src/install/ur_robotiq/share/ur_robotiq/msg/UR3eGripper.msg\n'}
[3.922982] (ur_robotiq) StdoutLine: {'line': b'-- Up-to-date: /home/yadhu/ur3e/src/install/ur_robotiq/share/ur_robotiq/msg/UR3eMoveitJoints.msg\n'}
[3.923107] (ur_robotiq) StdoutLine: {'line': b'-- Up-to-date: /home/yadhu/ur3e/src/install/ur_robotiq/share/ur_robotiq/msg/UR3eTrajectory.msg\n'}
[3.923230] (ur_robotiq) StdoutLine: {'line': b'-- Up-to-date: /home/yadhu/ur3e/src/install/ur_robotiq/share/ur_robotiq/srv/UrMoverService.srv\n'}
[3.923345] (ur_robotiq) StdoutLine: {'line': b'-- Up-to-date: /home/yadhu/ur3e/src/install/ur_robotiq/share/ur_robotiq/srv/UrMoverService_Request.msg\n'}
[3.923527] (ur_robotiq) StdoutLine: {'line': b'-- Up-to-date: /home/yadhu/ur3e/src/install/ur_robotiq/share/ur_robotiq/srv/UrMoverService_Response.msg\n'}
[3.923651] (ur_robotiq) StdoutLine: {'line': b'-- Up-to-date: /home/yadhu/ur3e/src/install/ur_robotiq/share/ament_index/resource_index/package_run_dependencies/ur_robotiq\n'}
[3.923704] (ur_robotiq) StdoutLine: {'line': b'-- Up-to-date: /home/yadhu/ur3e/src/install/ur_robotiq/share/ament_index/resource_index/parent_prefix_path/ur_robotiq\n'}
[3.923754] (ur_robotiq) StdoutLine: {'line': b'-- Up-to-date: /home/yadhu/ur3e/src/install/ur_robotiq/share/ur_robotiq/environment/ament_prefix_path.sh\n'}
[3.923801] (ur_robotiq) StdoutLine: {'line': b'-- Up-to-date: /home/yadhu/ur3e/src/install/ur_robotiq/share/ur_robotiq/environment/ament_prefix_path.dsv\n'}
[3.923861] (ur_robotiq) StdoutLine: {'line': b'-- Up-to-date: /home/yadhu/ur3e/src/install/ur_robotiq/share/ur_robotiq/environment/path.sh\n'}
[3.923907] (ur_robotiq) StdoutLine: {'line': b'-- Up-to-date: /home/yadhu/ur3e/src/install/ur_robotiq/share/ur_robotiq/environment/path.dsv\n'}
[3.923954] (ur_robotiq) StdoutLine: {'line': b'-- Up-to-date: /home/yadhu/ur3e/src/install/ur_robotiq/share/ur_robotiq/local_setup.bash\n'}
[3.924026] (ur_robotiq) StdoutLine: {'line': b'-- Up-to-date: /home/yadhu/ur3e/src/install/ur_robotiq/share/ur_robotiq/local_setup.sh\n'}
[3.924075] (ur_robotiq) StdoutLine: {'line': b'-- Up-to-date: /home/yadhu/ur3e/src/install/ur_robotiq/share/ur_robotiq/local_setup.zsh\n'}
[3.924118] (ur_robotiq) StdoutLine: {'line': b'-- Up-to-date: /home/yadhu/ur3e/src/install/ur_robotiq/share/ur_robotiq/local_setup.dsv\n'}
[3.924160] (ur_robotiq) StdoutLine: {'line': b'-- Installing: /home/yadhu/ur3e/src/install/ur_robotiq/share/ur_robotiq/package.dsv\n'}
[3.924204] (ur_robotiq) StdoutLine: {'line': b'-- Up-to-date: /home/yadhu/ur3e/src/install/ur_robotiq/share/ament_index/resource_index/packages/ur_robotiq\n'}
[3.924249] (ur_robotiq) StdoutLine: {'line': b'-- Up-to-date: /home/yadhu/ur3e/src/install/ur_robotiq/share/ur_robotiq/cmake/export_ur_robotiq__rosidl_generator_cExport.cmake\n'}
[3.924296] (ur_robotiq) StdoutLine: {'line': b'-- Up-to-date: /home/yadhu/ur3e/src/install/ur_robotiq/share/ur_robotiq/cmake/export_ur_robotiq__rosidl_generator_cExport-noconfig.cmake\n'}
[3.924346] (ur_robotiq) StdoutLine: {'line': b'-- Up-to-date: /home/yadhu/ur3e/src/install/ur_robotiq/share/ur_robotiq/cmake/export_ur_robotiq__rosidl_typesupport_fastrtps_cExport.cmake\n'}
[3.924393] (ur_robotiq) StdoutLine: {'line': b'-- Up-to-date: /home/yadhu/ur3e/src/install/ur_robotiq/share/ur_robotiq/cmake/export_ur_robotiq__rosidl_typesupport_fastrtps_cExport-noconfig.cmake\n'}
[3.924442] (ur_robotiq) StdoutLine: {'line': b'-- Up-to-date: /home/yadhu/ur3e/src/install/ur_robotiq/share/ur_robotiq/cmake/ur_robotiq__rosidl_typesupport_introspection_cExport.cmake\n'}
[3.924490] (ur_robotiq) StdoutLine: {'line': b'-- Up-to-date: /home/yadhu/ur3e/src/install/ur_robotiq/share/ur_robotiq/cmake/ur_robotiq__rosidl_typesupport_introspection_cExport-noconfig.cmake\n'}
[3.924540] (ur_robotiq) StdoutLine: {'line': b'-- Up-to-date: /home/yadhu/ur3e/src/install/ur_robotiq/share/ur_robotiq/cmake/ur_robotiq__rosidl_typesupport_cExport.cmake\n'}
[3.924589] (ur_robotiq) StdoutLine: {'line': b'-- Up-to-date: /home/yadhu/ur3e/src/install/ur_robotiq/share/ur_robotiq/cmake/ur_robotiq__rosidl_typesupport_cExport-noconfig.cmake\n'}
[3.924636] (ur_robotiq) StdoutLine: {'line': b'-- Up-to-date: /home/yadhu/ur3e/src/install/ur_robotiq/share/ur_robotiq/cmake/export_ur_robotiq__rosidl_generator_cppExport.cmake\n'}
[3.924688] (ur_robotiq) StdoutLine: {'line': b'-- Up-to-date: /home/yadhu/ur3e/src/install/ur_robotiq/share/ur_robotiq/cmake/export_ur_robotiq__rosidl_typesupport_fastrtps_cppExport.cmake\n'}
[3.924734] (ur_robotiq) StdoutLine: {'line': b'-- Up-to-date: /home/yadhu/ur3e/src/install/ur_robotiq/share/ur_robotiq/cmake/export_ur_robotiq__rosidl_typesupport_fastrtps_cppExport-noconfig.cmake\n'}
[3.924798] (ur_robotiq) StdoutLine: {'line': b'-- Up-to-date: /home/yadhu/ur3e/src/install/ur_robotiq/share/ur_robotiq/cmake/ur_robotiq__rosidl_typesupport_introspection_cppExport.cmake\n'}
[3.924848] (ur_robotiq) StdoutLine: {'line': b'-- Up-to-date: /home/yadhu/ur3e/src/install/ur_robotiq/share/ur_robotiq/cmake/ur_robotiq__rosidl_typesupport_introspection_cppExport-noconfig.cmake\n'}
[3.924904] (ur_robotiq) StdoutLine: {'line': b'-- Up-to-date: /home/yadhu/ur3e/src/install/ur_robotiq/share/ur_robotiq/cmake/ur_robotiq__rosidl_typesupport_cppExport.cmake\n'}
[3.924960] (ur_robotiq) StdoutLine: {'line': b'-- Up-to-date: /home/yadhu/ur3e/src/install/ur_robotiq/share/ur_robotiq/cmake/ur_robotiq__rosidl_typesupport_cppExport-noconfig.cmake\n'}
[3.925089] (unity_ros_msgs) StdoutLine: {'line': b"Listing '/home/yadhu/ur3e/src/install/unity_ros_msgs/local/lib/python3.10/dist-packages/unity_ros_msgs'...\n"}
[3.925303] (unity_ros_msgs) StdoutLine: {'line': b"Listing '/home/yadhu/ur3e/src/install/unity_ros_msgs/local/lib/python3.10/dist-packages/unity_ros_msgs/msg'...\n"}
[3.925358] (unity_ros_msgs) StdoutLine: {'line': b"Listing '/home/yadhu/ur3e/src/install/unity_ros_msgs/local/lib/python3.10/dist-packages/unity_ros_msgs/srv'...\n"}
[3.925403] (ur_robotiq) StdoutLine: {'line': b'-- Up-to-date: /home/yadhu/ur3e/src/install/ur_robotiq/share/ur_robotiq/cmake/export_ur_robotiq__rosidl_generator_pyExport.cmake\n'}
[3.925451] (ur_robotiq) StdoutLine: {'line': b'-- Up-to-date: /home/yadhu/ur3e/src/install/ur_robotiq/share/ur_robotiq/cmake/export_ur_robotiq__rosidl_generator_pyExport-noconfig.cmake\n'}
[3.925495] (ur_robotiq) StdoutLine: {'line': b'-- Up-to-date: /home/yadhu/ur3e/src/install/ur_robotiq/share/ur_robotiq/cmake/rosidl_cmake-extras.cmake\n'}
[3.925541] (ur_robotiq) StdoutLine: {'line': b'-- Up-to-date: /home/yadhu/ur3e/src/install/ur_robotiq/share/ur_robotiq/cmake/ament_cmake_export_dependencies-extras.cmake\n'}
[3.925586] (ur_robotiq) StdoutLine: {'line': b'-- Up-to-date: /home/yadhu/ur3e/src/install/ur_robotiq/share/ur_robotiq/cmake/ament_cmake_export_include_directories-extras.cmake\n'}
[3.925630] (ur_robotiq) StdoutLine: {'line': b'-- Up-to-date: /home/yadhu/ur3e/src/install/ur_robotiq/share/ur_robotiq/cmake/ament_cmake_export_libraries-extras.cmake\n'}
[3.925674] (ur_robotiq) StdoutLine: {'line': b'-- Up-to-date: /home/yadhu/ur3e/src/install/ur_robotiq/share/ur_robotiq/cmake/ament_cmake_export_targets-extras.cmake\n'}
[3.925717] (ur_robotiq) StdoutLine: {'line': b'-- Up-to-date: /home/yadhu/ur3e/src/install/ur_robotiq/share/ur_robotiq/cmake/rosidl_cmake_export_typesupport_targets-extras.cmake\n'}
[3.925762] (ur_robotiq) StdoutLine: {'line': b'-- Up-to-date: /home/yadhu/ur3e/src/install/ur_robotiq/share/ur_robotiq/cmake/rosidl_cmake_export_typesupport_libraries-extras.cmake\n'}
[3.925807] (ur_robotiq) StdoutLine: {'line': b'-- Up-to-date: /home/yadhu/ur3e/src/install/ur_robotiq/share/ur_robotiq/cmake/ur_robotiqConfig.cmake\n'}
[3.925851] (ur_robotiq) StdoutLine: {'line': b'-- Up-to-date: /home/yadhu/ur3e/src/install/ur_robotiq/share/ur_robotiq/cmake/ur_robotiqConfig-version.cmake\n'}
[3.926117] (ur_robotiq) StdoutLine: {'line': b'-- Up-to-date: /home/yadhu/ur3e/src/install/ur_robotiq/share/ur_robotiq/package.xml\n'}
[3.926383] (-) TimerEvent: {}
[3.926758] (ur_robotiq) CommandEnded: {'returncode': 0}
[3.927232] (unity_ros_msgs) StdoutLine: {'line': b'-- Up-to-date: /home/yadhu/ur3e/src/install/unity_ros_msgs/local/lib/python3.10/dist-packages/unity_ros_msgs/unity_ros_msgs_s__rosidl_typesupport_fastrtps_c.cpython-310-x86_64-linux-gnu.so\n'}
[3.927467] (unity_ros_msgs) StdoutLine: {'line': b'-- Up-to-date: /home/yadhu/ur3e/src/install/unity_ros_msgs/local/lib/python3.10/dist-packages/unity_ros_msgs/unity_ros_msgs_s__rosidl_typesupport_introspection_c.cpython-310-x86_64-linux-gnu.so\n'}
[3.927528] (unity_ros_msgs) StdoutLine: {'line': b'-- Up-to-date: /home/yadhu/ur3e/src/install/unity_ros_msgs/local/lib/python3.10/dist-packages/unity_ros_msgs/unity_ros_msgs_s__rosidl_typesupport_c.cpython-310-x86_64-linux-gnu.so\n'}
[3.927583] (unity_ros_msgs) StdoutLine: {'line': b'-- Up-to-date: /home/yadhu/ur3e/src/install/unity_ros_msgs/lib/libunity_ros_msgs__rosidl_generator_py.so\n'}
[3.927632] (unity_ros_msgs) StdoutLine: {'line': b'-- Up-to-date: /home/yadhu/ur3e/src/install/unity_ros_msgs/share/unity_ros_msgs/msg/UR3eGripper.idl\n'}
[3.927678] (unity_ros_msgs) StdoutLine: {'line': b'-- Up-to-date: /home/yadhu/ur3e/src/install/unity_ros_msgs/share/unity_ros_msgs/msg/UR3eMoveitJoints.idl\n'}
[3.927725] (unity_ros_msgs) StdoutLine: {'line': b'-- Up-to-date: /home/yadhu/ur3e/src/install/unity_ros_msgs/share/unity_ros_msgs/msg/UR3eTrajectory.idl\n'}
[3.927773] (unity_ros_msgs) StdoutLine: {'line': b'-- Up-to-date: /home/yadhu/ur3e/src/install/unity_ros_msgs/share/unity_ros_msgs/srv/UrMoverService.idl\n'}
[3.927882] (unity_ros_msgs) StdoutLine: {'line': b'-- Up-to-date: /home/yadhu/ur3e/src/install/unity_ros_msgs/share/unity_ros_msgs/msg/UR3eGripper.msg\n'}
[3.927943] (unity_ros_msgs) StdoutLine: {'line': b'-- Up-to-date: /home/yadhu/ur3e/src/install/unity_ros_msgs/share/unity_ros_msgs/msg/UR3eMoveitJoints.msg\n'}
[3.927993] (unity_ros_msgs) StdoutLine: {'line': b'-- Up-to-date: /home/yadhu/ur3e/src/install/unity_ros_msgs/share/unity_ros_msgs/msg/UR3eTrajectory.msg\n'}
[3.928103] (unity_ros_msgs) StdoutLine: {'line': b'-- Up-to-date: /home/yadhu/ur3e/src/install/unity_ros_msgs/share/unity_ros_msgs/srv/UrMoverService.srv\n'}
[3.928152] (unity_ros_msgs) StdoutLine: {'line': b'-- Up-to-date: /home/yadhu/ur3e/src/install/unity_ros_msgs/share/unity_ros_msgs/srv/UrMoverService_Request.msg\n'}
[3.928198] (unity_ros_msgs) StdoutLine: {'line': b'-- Up-to-date: /home/yadhu/ur3e/src/install/unity_ros_msgs/share/unity_ros_msgs/srv/UrMoverService_Response.msg\n'}
[3.928241] (unity_ros_msgs) StdoutLine: {'line': b'-- Up-to-date: /home/yadhu/ur3e/src/install/unity_ros_msgs/share/ament_index/resource_index/package_run_dependencies/unity_ros_msgs\n'}
[3.928286] (unity_ros_msgs) StdoutLine: {'line': b'-- Up-to-date: /home/yadhu/ur3e/src/install/unity_ros_msgs/share/ament_index/resource_index/parent_prefix_path/unity_ros_msgs\n'}
[3.928329] (unity_ros_msgs) StdoutLine: {'line': b'-- Up-to-date: /home/yadhu/ur3e/src/install/unity_ros_msgs/share/unity_ros_msgs/environment/ament_prefix_path.sh\n'}
[3.928372] (unity_ros_msgs) StdoutLine: {'line': b'-- Up-to-date: /home/yadhu/ur3e/src/install/unity_ros_msgs/share/unity_ros_msgs/environment/ament_prefix_path.dsv\n'}
[3.928416] (unity_ros_msgs) StdoutLine: {'line': b'-- Up-to-date: /home/yadhu/ur3e/src/install/unity_ros_msgs/share/unity_ros_msgs/environment/path.sh\n'}
[3.928462] (unity_ros_msgs) StdoutLine: {'line': b'-- Up-to-date: /home/yadhu/ur3e/src/install/unity_ros_msgs/share/unity_ros_msgs/environment/path.dsv\n'}
[3.928545] (unity_ros_msgs) StdoutLine: {'line': b'-- Up-to-date: /home/yadhu/ur3e/src/install/unity_ros_msgs/share/unity_ros_msgs/local_setup.bash\n'}
[3.928610] (unity_ros_msgs) StdoutLine: {'line': b'-- Up-to-date: /home/yadhu/ur3e/src/install/unity_ros_msgs/share/unity_ros_msgs/local_setup.sh\n'}
[3.928656] (unity_ros_msgs) StdoutLine: {'line': b'-- Up-to-date: /home/yadhu/ur3e/src/install/unity_ros_msgs/share/unity_ros_msgs/local_setup.zsh\n'}
[3.928700] (unity_ros_msgs) StdoutLine: {'line': b'-- Up-to-date: /home/yadhu/ur3e/src/install/unity_ros_msgs/share/unity_ros_msgs/local_setup.dsv\n'}
[3.928743] (unity_ros_msgs) StdoutLine: {'line': b'-- Installing: /home/yadhu/ur3e/src/install/unity_ros_msgs/share/unity_ros_msgs/package.dsv\n'}
[3.928786] (unity_ros_msgs) StdoutLine: {'line': b'-- Up-to-date: /home/yadhu/ur3e/src/install/unity_ros_msgs/share/ament_index/resource_index/packages/unity_ros_msgs\n'}
[3.928829] (unity_ros_msgs) StdoutLine: {'line': b'-- Up-to-date: /home/yadhu/ur3e/src/install/unity_ros_msgs/share/unity_ros_msgs/cmake/export_unity_ros_msgs__rosidl_generator_cExport.cmake\n'}
[3.928874] (unity_ros_msgs) StdoutLine: {'line': b'-- Up-to-date: /home/yadhu/ur3e/src/install/unity_ros_msgs/share/unity_ros_msgs/cmake/export_unity_ros_msgs__rosidl_generator_cExport-noconfig.cmake\n'}
[3.928918] (unity_ros_msgs) StdoutLine: {'line': b'-- Up-to-date: /home/yadhu/ur3e/src/install/unity_ros_msgs/share/unity_ros_msgs/cmake/export_unity_ros_msgs__rosidl_typesupport_fastrtps_cExport.cmake\n'}
[3.929040] (unity_ros_msgs) StdoutLine: {'line': b'-- Up-to-date: /home/yadhu/ur3e/src/install/unity_ros_msgs/share/unity_ros_msgs/cmake/export_unity_ros_msgs__rosidl_typesupport_fastrtps_cExport-noconfig.cmake\n'}
[3.929356] (unity_ros_msgs) StdoutLine: {'line': b'-- Up-to-date: /home/yadhu/ur3e/src/install/unity_ros_msgs/share/unity_ros_msgs/cmake/unity_ros_msgs__rosidl_typesupport_introspection_cExport.cmake\n'}
[3.929394] (unity_ros_msgs) StdoutLine: {'line': b'-- Up-to-date: /home/yadhu/ur3e/src/install/unity_ros_msgs/share/unity_ros_msgs/cmake/unity_ros_msgs__rosidl_typesupport_introspection_cExport-noconfig.cmake\n'}
[3.929425] (unity_ros_msgs) StdoutLine: {'line': b'-- Up-to-date: /home/yadhu/ur3e/src/install/unity_ros_msgs/share/unity_ros_msgs/cmake/unity_ros_msgs__rosidl_typesupport_cExport.cmake\n'}
[3.929461] (unity_ros_msgs) StdoutLine: {'line': b'-- Up-to-date: /home/yadhu/ur3e/src/install/unity_ros_msgs/share/unity_ros_msgs/cmake/unity_ros_msgs__rosidl_typesupport_cExport-noconfig.cmake\n'}
[3.929490] (unity_ros_msgs) StdoutLine: {'line': b'-- Up-to-date: /home/yadhu/ur3e/src/install/unity_ros_msgs/share/unity_ros_msgs/cmake/export_unity_ros_msgs__rosidl_generator_cppExport.cmake\n'}
[3.929519] (unity_ros_msgs) StdoutLine: {'line': b'-- Up-to-date: /home/yadhu/ur3e/src/install/unity_ros_msgs/share/unity_ros_msgs/cmake/export_unity_ros_msgs__rosidl_typesupport_fastrtps_cppExport.cmake\n'}
[3.929550] (unity_ros_msgs) StdoutLine: {'line': b'-- Up-to-date: /home/yadhu/ur3e/src/install/unity_ros_msgs/share/unity_ros_msgs/cmake/export_unity_ros_msgs__rosidl_typesupport_fastrtps_cppExport-noconfig.cmake\n'}
[3.929579] (unity_ros_msgs) StdoutLine: {'line': b'-- Up-to-date: /home/yadhu/ur3e/src/install/unity_ros_msgs/share/unity_ros_msgs/cmake/unity_ros_msgs__rosidl_typesupport_introspection_cppExport.cmake\n'}
[3.929609] (unity_ros_msgs) StdoutLine: {'line': b'-- Up-to-date: /home/yadhu/ur3e/src/install/unity_ros_msgs/share/unity_ros_msgs/cmake/unity_ros_msgs__rosidl_typesupport_introspection_cppExport-noconfig.cmake\n'}
[3.929638] (unity_ros_msgs) StdoutLine: {'line': b'-- Up-to-date: /home/yadhu/ur3e/src/install/unity_ros_msgs/share/unity_ros_msgs/cmake/unity_ros_msgs__rosidl_typesupport_cppExport.cmake\n'}
[3.929666] (unity_ros_msgs) StdoutLine: {'line': b'-- Up-to-date: /home/yadhu/ur3e/src/install/unity_ros_msgs/share/unity_ros_msgs/cmake/unity_ros_msgs__rosidl_typesupport_cppExport-noconfig.cmake\n'}
[3.929694] (unity_ros_msgs) StdoutLine: {'line': b'-- Up-to-date: /home/yadhu/ur3e/src/install/unity_ros_msgs/share/unity_ros_msgs/cmake/export_unity_ros_msgs__rosidl_generator_pyExport.cmake\n'}
[3.929723] (unity_ros_msgs) StdoutLine: {'line': b'-- Up-to-date: /home/yadhu/ur3e/src/install/unity_ros_msgs/share/unity_ros_msgs/cmake/export_unity_ros_msgs__rosidl_generator_pyExport-noconfig.cmake\n'}
[3.929755] (unity_ros_msgs) StdoutLine: {'line': b'-- Up-to-date: /home/yadhu/ur3e/src/install/unity_ros_msgs/share/unity_ros_msgs/cmake/rosidl_cmake-extras.cmake\n'}
[3.929783] (unity_ros_msgs) StdoutLine: {'line': b'-- Up-to-date: /home/yadhu/ur3e/src/install/unity_ros_msgs/share/unity_ros_msgs/cmake/ament_cmake_export_dependencies-extras.cmake\n'}
[3.929811] (unity_ros_msgs) StdoutLine: {'line': b'-- Up-to-date: /home/yadhu/ur3e/src/install/unity_ros_msgs/share/unity_ros_msgs/cmake/ament_cmake_export_include_directories-extras.cmake\n'}
[3.929838] (unity_ros_msgs) StdoutLine: {'line': b'-- Up-to-date: /home/yadhu/ur3e/src/install/unity_ros_msgs/share/unity_ros_msgs/cmake/ament_cmake_export_libraries-extras.cmake\n'}
[3.929864] (unity_ros_msgs) StdoutLine: {'line': b'-- Up-to-date: /home/yadhu/ur3e/src/install/unity_ros_msgs/share/unity_ros_msgs/cmake/ament_cmake_export_targets-extras.cmake\n'}
[3.929892] (unity_ros_msgs) StdoutLine: {'line': b'-- Up-to-date: /home/yadhu/ur3e/src/install/unity_ros_msgs/share/unity_ros_msgs/cmake/rosidl_cmake_export_typesupport_targets-extras.cmake\n'}
[3.929959] (unity_ros_msgs) StdoutLine: {'line': b'-- Up-to-date: /home/yadhu/ur3e/src/install/unity_ros_msgs/share/unity_ros_msgs/cmake/rosidl_cmake_export_typesupport_libraries-extras.cmake\n'}
[3.929996] (unity_ros_msgs) StdoutLine: {'line': b'-- Up-to-date: /home/yadhu/ur3e/src/install/unity_ros_msgs/share/unity_ros_msgs/cmake/unity_ros_msgsConfig.cmake\n'}
[3.930026] (unity_ros_msgs) StdoutLine: {'line': b'-- Up-to-date: /home/yadhu/ur3e/src/install/unity_ros_msgs/share/unity_ros_msgs/cmake/unity_ros_msgsConfig-version.cmake\n'}
[3.930055] (unity_ros_msgs) StdoutLine: {'line': b'-- Up-to-date: /home/yadhu/ur3e/src/install/unity_ros_msgs/share/unity_ros_msgs/package.xml\n'}
[3.935796] (unity_ros_msgs) CommandEnded: {'returncode': 0}
[4.026462] (-) TimerEvent: {}
[4.030726] (ur_robotiq) JobEnded: {'identifier': 'ur_robotiq', 'rc': 0}
[4.038685] (unity_ros_msgs) JobEnded: {'identifier': 'unity_ros_msgs', 'rc': 0}
[4.039696] (cppfile) JobStarted: {'identifier': 'cppfile'}
[4.051178] (cppfile) JobProgress: {'identifier': 'cppfile', 'progress': 'cmake'}
[4.051883] (cppfile) JobProgress: {'identifier': 'cppfile', 'progress': 'build'}
[4.052167] (cppfile) Command: {'cmd': ['/usr/bin/cmake', '--build', '/home/yadhu/ur3e/src/build/cppfile', '--', '-j16', '-l16'], 'cwd': '/home/yadhu/ur3e/src/build/cppfile', 'env': OrderedDict([('HOSTNAME', 'yadhuk'), ('GIT_ASKPASS', '/vscode/vscode-server/bin/linux-x64/e54c774e0add60467559eb0d1e229c6452cf8447/extensions/git/dist/askpass.sh'), ('SHLVL', '2'), ('LD_LIBRARY_PATH', '/home/yadhu/ur3e/src/install/ur_robotiq/lib:/home/yadhu/ur3e/src/install/unity_ros_msgs/lib:/home/yadhu/ur3e/src/install/unity_robotics_demo_msgs/lib:/home/yadhu/ur3e/src/install/moveit_msgs/lib:/usr/lib/x86_64-linux-gnu/gazebo-11/plugins:/opt/ros/humble/opt/rviz_ogre_vendor/lib:/opt/ros/humble/lib/x86_64-linux-gnu:/opt/ros/humble/lib'), ('BROWSER', '/vscode/vscode-server/bin/linux-x64/e54c774e0add60467559eb0d1e229c6452cf8447/bin/helpers/browser.sh'), ('HOME', '/home/yadhu'), ('OLDPWD', '/home/yadhu/ur3e'), ('TERM_PROGRAM_VERSION', '1.97.2'), ('VSCODE_IPC_HOOK_CLI', '/tmp/vscode-ipc-191d809e-ad6a-48a3-8c83-2991c7349be6.sock'), ('DEBUGPY_ADAPTER_ENDPOINTS', '/home/yadhu/.vscode-server/extensions/ms-python.debugpy-2025.0.1-linux-x64/.noConfigDebugAdapterEndpoints/endpoint-00e5a96652343ffc.txt'), ('ROS_PYTHON_VERSION', '3'), ('VSCODE_GIT_ASKPASS_MAIN', '/vscode/vscode-server/bin/linux-x64/e54c774e0add60467559eb0d1e229c6452cf8447/extensions/git/dist/askpass-main.js'), ('VSCODE_GIT_ASKPASS_NODE', '/vscode/vscode-server/bin/linux-x64/e54c774e0add60467559eb0d1e229c6452cf8447/node'), ('PYDEVD_DISABLE_FILE_VALIDATION', '1'), ('BUNDLED_DEBUGPY_PATH', '/home/yadhu/.vscode-server/extensions/ms-python.debugpy-2025.0.1-linux-x64/bundled/libs/debugpy'), ('COLORTERM', 'truecolor'), ('REMOTE_CONTAINERS', 'true'), ('ROS_DISTRO', 'humble'), ('REMOTE_CONTAINERS_IPC', '/tmp/vscode-remote-containers-ipc-3b15b7cf-88ad-4a56-828c-69c61a495d31.sock'), ('_', '/usr/bin/colcon'), ('ROS_VERSION', '2'), ('TERM', 'xterm-256color'), ('ROS_LOCALHOST_ONLY', '0'), ('PATH', '/vscode/vscode-server/bin/linux-x64/e54c774e0add60467559eb0d1e229c6452cf8447/bin/remote-cli:/opt/ros/humble/bin:/usr/local/sbin:/usr/local/bin:/usr/sbin:/usr/bin:/sbin:/bin:/home/yadhu/.vscode-server/extensions/ms-python.debugpy-2025.0.1-linux-x64/bundled/scripts/noConfigScripts'), ('REMOTE_CONTAINERS_SOCKETS', '["/tmp/vscode-ssh-auth-3b15b7cf-88ad-4a56-828c-69c61a495d31.sock","/home/yadhu/.gnupg/S.gpg-agent"]'), ('DISPLAY', ':1'), ('LANG', 'C.UTF-8'), ('RMW_IMPLEMENTATION', 'rmw_cyclonedds_cpp'), ('LS_COLORS', 'rs=0:di=01;34:ln=01;36:mh=00:pi=40;33:so=01;35:do=01;35:bd=40;33;01:cd=40;33;01:or=40;31;01:mi=00:su=37;41:sg=30;43:ca=30;41:tw=30;42:ow=34;42:st=37;44:ex=01;32:*.tar=01;31:*.tgz=01;31:*.arc=01;31:*.arj=01;31:*.taz=01;31:*.lha=01;31:*.lz4=01;31:*.lzh=01;31:*.lzma=01;31:*.tlz=01;31:*.txz=01;31:*.tzo=01;31:*.t7z=01;31:*.zip=01;31:*.z=01;31:*.dz=01;31:*.gz=01;31:*.lrz=01;31:*.lz=01;31:*.lzo=01;31:*.xz=01;31:*.zst=01;31:*.tzst=01;31:*.bz2=01;31:*.bz=01;31:*.tbz=01;31:*.tbz2=01;31:*.tz=01;31:*.deb=01;31:*.rpm=01;31:*.jar=01;31:*.war=01;31:*.ear=01;31:*.sar=01;31:*.rar=01;31:*.alz=01;31:*.ace=01;31:*.zoo=01;31:*.cpio=01;31:*.7z=01;31:*.rz=01;31:*.cab=01;31:*.wim=01;31:*.swm=01;31:*.dwm=01;31:*.esd=01;31:*.jpg=01;35:*.jpeg=01;35:*.mjpg=01;35:*.mjpeg=01;35:*.gif=01;35:*.bmp=01;35:*.pbm=01;35:*.pgm=01;35:*.ppm=01;35:*.tga=01;35:*.xbm=01;35:*.xpm=01;35:*.tif=01;35:*.tiff=01;35:*.png=01;35:*.svg=01;35:*.svgz=01;35:*.mng=01;35:*.pcx=01;35:*.mov=01;35:*.mpg=01;35:*.mpeg=01;35:*.m2v=01;35:*.mkv=01;35:*.webm=01;35:*.webp=01;35:*.ogm=01;35:*.mp4=01;35:*.m4v=01;35:*.mp4v=01;35:*.vob=01;35:*.qt=01;35:*.nuv=01;35:*.wmv=01;35:*.asf=01;35:*.rm=01;35:*.rmvb=01;35:*.flc=01;35:*.avi=01;35:*.fli=01;35:*.flv=01;35:*.gl=01;35:*.dl=01;35:*.xcf=01;35:*.xwd=01;35:*.yuv=01;35:*.cgm=01;35:*.emf=01;35:*.ogv=01;35:*.ogx=01;35:*.aac=00;36:*.au=00;36:*.flac=00;36:*.m4a=00;36:*.mid=00;36:*.midi=00;36:*.mka=00;36:*.mp3=00;36:*.mpc=00;36:*.ogg=00;36:*.ra=00;36:*.wav=00;36:*.oga=00;36:*.opus=00;36:*.spx=00;36:*.xspf=00;36:'), ('VSCODE_GIT_IPC_HANDLE', '/tmp/vscode-git-09c052f1c4.sock'), ('TERM_PROGRAM', 'vscode'), ('SSH_AUTH_SOCK', '/tmp/vscode-ssh-auth-3b15b7cf-88ad-4a56-828c-69c61a495d31.sock'), ('ROS_DOMAIN_ID', '42'), ('AMENT_PREFIX_PATH', '/home/yadhu/ur3e/src/install/ur_robotiq:/home/yadhu/ur3e/src/install/ur_description:/home/yadhu/ur3e/src/install/unity_ros_msgs:/home/yadhu/ur3e/src/install/unity_robotics_demo_msgs:/home/yadhu/ur3e/src/install/robotiq_description:/home/yadhu/ur3e/src/install/moveit_msgs:/opt/ros/humble'), ('SHELL', '/bin/bash'), ('ROS_AUTOMATIC_DISCOVERY_RANGE', 'LOCALHOST'), ('VSCODE_GIT_ASKPASS_EXTRA_ARGS', ''), ('PWD', '/home/yadhu/ur3e/src/build/cppfile'), ('LC_ALL', 'C.UTF-8'), ('PYTHONPATH', '/home/yadhu/ur3e/src/install/ur_robotiq/local/lib/python3.10/dist-packages:/home/yadhu/ur3e/src/install/unity_ros_msgs/local/lib/python3.10/dist-packages:/home/yadhu/ur3e/src/install/unity_robotics_demo_msgs/local/lib/python3.10/dist-packages:/home/yadhu/ur3e/src/install/moveit_msgs/local/lib/python3.10/dist-packages:/opt/ros/humble/lib/python3.10/site-packages:/opt/ros/humble/local/lib/python3.10/dist-packages'), ('COLCON', '1'), ('CMAKE_PREFIX_PATH', '/home/yadhu/ur3e/src/install/ur_robotiq:/home/yadhu/ur3e/src/install/ur_description:/home/yadhu/ur3e/src/install/unity_ros_msgs:/home/yadhu/ur3e/src/install/unity_robotics_demo_msgs:/home/yadhu/ur3e/src/install/robotiq_description:/home/yadhu/ur3e/src/install/moveit_msgs:/opt/ros/humble')]), 'shell': False}
[4.092220] (cppfile) StdoutLine: {'line': b'\x1b[35m\x1b[1mConsolidate compiler generated dependencies of target position_publisher\x1b[0m\n'}
[4.105005] (cppfile) StdoutLine: {'line': b'[ 33%] Built target position_pub\n'}
[4.105302] (cppfile) StdoutLine: {'line': b'[ 66%] Built target simple_moveit_interface\n'}
[4.108685] (cppfile) StdoutLine: {'line': b'[ 83%] \x1b[32mBuilding CXX object CMakeFiles/position_publisher.dir/src/position_publisher.cpp.o\x1b[0m\n'}
[4.126561] (-) TimerEvent: {}
[4.226845] (-) TimerEvent: {}
[4.327194] (-) TimerEvent: {}
[4.427451] (-) TimerEvent: {}
[4.527725] (-) TimerEvent: {}
[4.628017] (-) TimerEvent: {}
[4.728344] (-) TimerEvent: {}
[4.828610] (-) TimerEvent: {}
[4.928864] (-) TimerEvent: {}
[5.029124] (-) TimerEvent: {}
[5.129412] (-) TimerEvent: {}
[5.229719] (-) TimerEvent: {}
[5.329971] (-) TimerEvent: {}
[5.430212] (-) TimerEvent: {}
[5.530504] (-) TimerEvent: {}
[5.630805] (-) TimerEvent: {}
[5.731096] (-) TimerEvent: {}
[5.831428] (-) TimerEvent: {}
[5.931727] (-) TimerEvent: {}
[6.031981] (-) TimerEvent: {}
[6.132246] (-) TimerEvent: {}
[6.232506] (-) TimerEvent: {}
[6.332783] (-) TimerEvent: {}
[6.433130] (-) TimerEvent: {}
[6.533388] (-) TimerEvent: {}
[6.633673] (-) TimerEvent: {}
[6.733953] (-) TimerEvent: {}
[6.834214] (-) TimerEvent: {}
[6.934452] (-) TimerEvent: {}
[7.034737] (-) TimerEvent: {}
[7.135030] (-) TimerEvent: {}
[7.235363] (-) TimerEvent: {}
[7.335656] (-) TimerEvent: {}
[7.436051] (-) TimerEvent: {}
[7.536445] (-) TimerEvent: {}
[7.636740] (-) TimerEvent: {}
[7.737136] (-) TimerEvent: {}
[7.837454] (-) TimerEvent: {}
[7.937788] (-) TimerEvent: {}
[8.038037] (-) TimerEvent: {}
[8.138319] (-) TimerEvent: {}
[8.238674] (-) TimerEvent: {}
[8.339063] (-) TimerEvent: {}
[8.439297] (-) TimerEvent: {}
[8.539576] (-) TimerEvent: {}
[8.639957] (-) TimerEvent: {}
[8.740272] (-) TimerEvent: {}
[8.840544] (-) TimerEvent: {}
[8.940816] (-) TimerEvent: {}
[9.041067] (-) TimerEvent: {}
[9.141365] (-) TimerEvent: {}
[9.241692] (-) TimerEvent: {}
[9.342045] (-) TimerEvent: {}
[9.354648] (cppfile) StdoutLine: {'line': b'[100%] \x1b[32m\x1b[1mLinking CXX executable position_publisher\x1b[0m\n'}
[9.442103] (-) TimerEvent: {}
[9.542463] (-) TimerEvent: {}
[9.609264] (cppfile) StdoutLine: {'line': b'[100%] Built target position_publisher\n'}
[9.615816] (cppfile) CommandEnded: {'returncode': 0}
[9.635544] (cppfile) JobProgress: {'identifier': 'cppfile', 'progress': 'install'}
[9.635840] (cppfile) Command: {'cmd': ['/usr/bin/cmake', '--install', '/home/yadhu/ur3e/src/build/cppfile'], 'cwd': '/home/yadhu/ur3e/src/build/cppfile', 'env': OrderedDict([('HOSTNAME', 'yadhuk'), ('GIT_ASKPASS', '/vscode/vscode-server/bin/linux-x64/e54c774e0add60467559eb0d1e229c6452cf8447/extensions/git/dist/askpass.sh'), ('SHLVL', '2'), ('LD_LIBRARY_PATH', '/home/yadhu/ur3e/src/install/ur_robotiq/lib:/home/yadhu/ur3e/src/install/unity_ros_msgs/lib:/home/yadhu/ur3e/src/install/unity_robotics_demo_msgs/lib:/home/yadhu/ur3e/src/install/moveit_msgs/lib:/usr/lib/x86_64-linux-gnu/gazebo-11/plugins:/opt/ros/humble/opt/rviz_ogre_vendor/lib:/opt/ros/humble/lib/x86_64-linux-gnu:/opt/ros/humble/lib'), ('BROWSER', '/vscode/vscode-server/bin/linux-x64/e54c774e0add60467559eb0d1e229c6452cf8447/bin/helpers/browser.sh'), ('HOME', '/home/yadhu'), ('OLDPWD', '/home/yadhu/ur3e'), ('TERM_PROGRAM_VERSION', '1.97.2'), ('VSCODE_IPC_HOOK_CLI', '/tmp/vscode-ipc-191d809e-ad6a-48a3-8c83-2991c7349be6.sock'), ('DEBUGPY_ADAPTER_ENDPOINTS', '/home/yadhu/.vscode-server/extensions/ms-python.debugpy-2025.0.1-linux-x64/.noConfigDebugAdapterEndpoints/endpoint-00e5a96652343ffc.txt'), ('ROS_PYTHON_VERSION', '3'), ('VSCODE_GIT_ASKPASS_MAIN', '/vscode/vscode-server/bin/linux-x64/e54c774e0add60467559eb0d1e229c6452cf8447/extensions/git/dist/askpass-main.js'), ('VSCODE_GIT_ASKPASS_NODE', '/vscode/vscode-server/bin/linux-x64/e54c774e0add60467559eb0d1e229c6452cf8447/node'), ('PYDEVD_DISABLE_FILE_VALIDATION', '1'), ('BUNDLED_DEBUGPY_PATH', '/home/yadhu/.vscode-server/extensions/ms-python.debugpy-2025.0.1-linux-x64/bundled/libs/debugpy'), ('COLORTERM', 'truecolor'), ('REMOTE_CONTAINERS', 'true'), ('ROS_DISTRO', 'humble'), ('REMOTE_CONTAINERS_IPC', '/tmp/vscode-remote-containers-ipc-3b15b7cf-88ad-4a56-828c-69c61a495d31.sock'), ('_', '/usr/bin/colcon'), ('ROS_VERSION', '2'), ('TERM', 'xterm-256color'), ('ROS_LOCALHOST_ONLY', '0'), ('PATH', '/vscode/vscode-server/bin/linux-x64/e54c774e0add60467559eb0d1e229c6452cf8447/bin/remote-cli:/opt/ros/humble/bin:/usr/local/sbin:/usr/local/bin:/usr/sbin:/usr/bin:/sbin:/bin:/home/yadhu/.vscode-server/extensions/ms-python.debugpy-2025.0.1-linux-x64/bundled/scripts/noConfigScripts'), ('REMOTE_CONTAINERS_SOCKETS', '["/tmp/vscode-ssh-auth-3b15b7cf-88ad-4a56-828c-69c61a495d31.sock","/home/yadhu/.gnupg/S.gpg-agent"]'), ('DISPLAY', ':1'), ('LANG', 'C.UTF-8'), ('RMW_IMPLEMENTATION', 'rmw_cyclonedds_cpp'), ('LS_COLORS', 'rs=0:di=01;34:ln=01;36:mh=00:pi=40;33:so=01;35:do=01;35:bd=40;33;01:cd=40;33;01:or=40;31;01:mi=00:su=37;41:sg=30;43:ca=30;41:tw=30;42:ow=34;42:st=37;44:ex=01;32:*.tar=01;31:*.tgz=01;31:*.arc=01;31:*.arj=01;31:*.taz=01;31:*.lha=01;31:*.lz4=01;31:*.lzh=01;31:*.lzma=01;31:*.tlz=01;31:*.txz=01;31:*.tzo=01;31:*.t7z=01;31:*.zip=01;31:*.z=01;31:*.dz=01;31:*.gz=01;31:*.lrz=01;31:*.lz=01;31:*.lzo=01;31:*.xz=01;31:*.zst=01;31:*.tzst=01;31:*.bz2=01;31:*.bz=01;31:*.tbz=01;31:*.tbz2=01;31:*.tz=01;31:*.deb=01;31:*.rpm=01;31:*.jar=01;31:*.war=01;31:*.ear=01;31:*.sar=01;31:*.rar=01;31:*.alz=01;31:*.ace=01;31:*.zoo=01;31:*.cpio=01;31:*.7z=01;31:*.rz=01;31:*.cab=01;31:*.wim=01;31:*.swm=01;31:*.dwm=01;31:*.esd=01;31:*.jpg=01;35:*.jpeg=01;35:*.mjpg=01;35:*.mjpeg=01;35:*.gif=01;35:*.bmp=01;35:*.pbm=01;35:*.pgm=01;35:*.ppm=01;35:*.tga=01;35:*.xbm=01;35:*.xpm=01;35:*.tif=01;35:*.tiff=01;35:*.png=01;35:*.svg=01;35:*.svgz=01;35:*.mng=01;35:*.pcx=01;35:*.mov=01;35:*.mpg=01;35:*.mpeg=01;35:*.m2v=01;35:*.mkv=01;35:*.webm=01;35:*.webp=01;35:*.ogm=01;35:*.mp4=01;35:*.m4v=01;35:*.mp4v=01;35:*.vob=01;35:*.qt=01;35:*.nuv=01;35:*.wmv=01;35:*.asf=01;35:*.rm=01;35:*.rmvb=01;35:*.flc=01;35:*.avi=01;35:*.fli=01;35:*.flv=01;35:*.gl=01;35:*.dl=01;35:*.xcf=01;35:*.xwd=01;35:*.yuv=01;35:*.cgm=01;35:*.emf=01;35:*.ogv=01;35:*.ogx=01;35:*.aac=00;36:*.au=00;36:*.flac=00;36:*.m4a=00;36:*.mid=00;36:*.midi=00;36:*.mka=00;36:*.mp3=00;36:*.mpc=00;36:*.ogg=00;36:*.ra=00;36:*.wav=00;36:*.oga=00;36:*.opus=00;36:*.spx=00;36:*.xspf=00;36:'), ('VSCODE_GIT_IPC_HANDLE', '/tmp/vscode-git-09c052f1c4.sock'), ('TERM_PROGRAM', 'vscode'), ('SSH_AUTH_SOCK', '/tmp/vscode-ssh-auth-3b15b7cf-88ad-4a56-828c-69c61a495d31.sock'), ('ROS_DOMAIN_ID', '42'), ('AMENT_PREFIX_PATH', '/home/yadhu/ur3e/src/install/ur_robotiq:/home/yadhu/ur3e/src/install/ur_description:/home/yadhu/ur3e/src/install/unity_ros_msgs:/home/yadhu/ur3e/src/install/unity_robotics_demo_msgs:/home/yadhu/ur3e/src/install/robotiq_description:/home/yadhu/ur3e/src/install/moveit_msgs:/opt/ros/humble'), ('SHELL', '/bin/bash'), ('ROS_AUTOMATIC_DISCOVERY_RANGE', 'LOCALHOST'), ('VSCODE_GIT_ASKPASS_EXTRA_ARGS', ''), ('PWD', '/home/yadhu/ur3e/src/build/cppfile'), ('LC_ALL', 'C.UTF-8'), ('PYTHONPATH', '/home/yadhu/ur3e/src/install/ur_robotiq/local/lib/python3.10/dist-packages:/home/yadhu/ur3e/src/install/unity_ros_msgs/local/lib/python3.10/dist-packages:/home/yadhu/ur3e/src/install/unity_robotics_demo_msgs/local/lib/python3.10/dist-packages:/home/yadhu/ur3e/src/install/moveit_msgs/local/lib/python3.10/dist-packages:/opt/ros/humble/lib/python3.10/site-packages:/opt/ros/humble/local/lib/python3.10/dist-packages'), ('COLCON', '1'), ('CMAKE_PREFIX_PATH', '/home/yadhu/ur3e/src/install/ur_robotiq:/home/yadhu/ur3e/src/install/ur_description:/home/yadhu/ur3e/src/install/unity_ros_msgs:/home/yadhu/ur3e/src/install/unity_robotics_demo_msgs:/home/yadhu/ur3e/src/install/robotiq_description:/home/yadhu/ur3e/src/install/moveit_msgs:/opt/ros/humble')]), 'shell': False}
[9.642222] (cppfile) StdoutLine: {'line': b'-- Install configuration: ""\n'}
[9.642471] (cppfile) StdoutLine: {'line': b'-- Up-to-date: /home/yadhu/ur3e/src/install/cppfile/lib/cppfile/position_pub\n'}
[9.642518] (-) TimerEvent: {}
[9.642694] (cppfile) StdoutLine: {'line': b'-- Installing: /home/yadhu/ur3e/src/install/cppfile/lib/cppfile/position_publisher\n'}
[9.643535] (cppfile) StdoutLine: {'line': b'-- Set runtime path of "/home/yadhu/ur3e/src/install/cppfile/lib/cppfile/position_publisher" to ""\n'}
[9.643583] (cppfile) StdoutLine: {'line': b'-- Up-to-date: /home/yadhu/ur3e/src/install/cppfile/lib/cppfile/simple_moveit_interface\n'}
[9.643619] (cppfile) StdoutLine: {'line': b'-- Up-to-date: /home/yadhu/ur3e/src/install/cppfile/share/ament_index/resource_index/package_run_dependencies/cppfile\n'}
[9.643666] (cppfile) StdoutLine: {'line': b'-- Up-to-date: /home/yadhu/ur3e/src/install/cppfile/share/ament_index/resource_index/parent_prefix_path/cppfile\n'}
[9.643732] (cppfile) StdoutLine: {'line': b'-- Up-to-date: /home/yadhu/ur3e/src/install/cppfile/share/cppfile/environment/ament_prefix_path.sh\n'}
[9.643763] (cppfile) StdoutLine: {'line': b'-- Up-to-date: /home/yadhu/ur3e/src/install/cppfile/share/cppfile/environment/ament_prefix_path.dsv\n'}
[9.643790] (cppfile) StdoutLine: {'line': b'-- Up-to-date: /home/yadhu/ur3e/src/install/cppfile/share/cppfile/environment/path.sh\n'}
[9.643824] (cppfile) StdoutLine: {'line': b'-- Up-to-date: /home/yadhu/ur3e/src/install/cppfile/share/cppfile/environment/path.dsv\n'}
[9.643858] (cppfile) StdoutLine: {'line': b'-- Up-to-date: /home/yadhu/ur3e/src/install/cppfile/share/cppfile/local_setup.bash\n'}
[9.643890] (cppfile) StdoutLine: {'line': b'-- Up-to-date: /home/yadhu/ur3e/src/install/cppfile/share/cppfile/local_setup.sh\n'}
[9.643921] (cppfile) StdoutLine: {'line': b'-- Up-to-date: /home/yadhu/ur3e/src/install/cppfile/share/cppfile/local_setup.zsh\n'}
[9.643954] (cppfile) StdoutLine: {'line': b'-- Up-to-date: /home/yadhu/ur3e/src/install/cppfile/share/cppfile/local_setup.dsv\n'}
[9.643991] (cppfile) StdoutLine: {'line': b'-- Installing: /home/yadhu/ur3e/src/install/cppfile/share/cppfile/package.dsv\n'}
[9.644041] (cppfile) StdoutLine: {'line': b'-- Up-to-date: /home/yadhu/ur3e/src/install/cppfile/share/ament_index/resource_index/packages/cppfile\n'}
[9.644068] (cppfile) StdoutLine: {'line': b'-- Up-to-date: /home/yadhu/ur3e/src/install/cppfile/share/cppfile/cmake/cppfileConfig.cmake\n'}
[9.644093] (cppfile) StdoutLine: {'line': b'-- Up-to-date: /home/yadhu/ur3e/src/install/cppfile/share/cppfile/cmake/cppfileConfig-version.cmake\n'}
[9.644118] (cppfile) StdoutLine: {'line': b'-- Up-to-date: /home/yadhu/ur3e/src/install/cppfile/share/cppfile/package.xml\n'}
[9.644979] (cppfile) CommandEnded: {'returncode': 0}
[9.673540] (cppfile) JobEnded: {'identifier': 'cppfile', 'rc': 0}
[9.674009] (-) EventReactorShutdown: {}
