[0.000000] (-) TimerEvent: {}
[0.000638] (moveit_msgs) JobQueued: {'identifier': 'moveit_msgs', 'dependencies': OrderedDict()}
[0.000725] (robotiq_description) JobQueued: {'identifier': 'robotiq_description', 'dependencies': OrderedDict()}
[0.000751] (ros_tcp_endpoint) JobQueued: {'identifier': 'ros_tcp_endpoint', 'dependencies': OrderedDict()}
[0.000776] (unity_robotics_demo) JobQueued: {'identifier': 'unity_robotics_demo', 'dependencies': OrderedDict()}
[0.000796] (unity_robotics_demo_msgs) JobQueued: {'identifier': 'unity_robotics_demo_msgs', 'dependencies': OrderedDict()}
[0.000814] (unity_ros_msgs) JobQueued: {'identifier': 'unity_ros_msgs', 'dependencies': OrderedDict([('moveit_msgs', '/home/yadhu/ur3e/src/install/moveit_msgs')])}
[0.000981] (ur_description) JobQueued: {'identifier': 'ur_description', 'dependencies': OrderedDict([('robotiq_description', '/home/yadhu/ur3e/src/install/robotiq_description')])}
[0.001008] (ur_robotiq) JobQueued: {'identifier': 'ur_robotiq', 'dependencies': OrderedDict([('moveit_msgs', '/home/yadhu/ur3e/src/install/moveit_msgs')])}
[0.001027] (cppfile) JobQueued: {'identifier': 'cppfile', 'dependencies': OrderedDict([('moveit_msgs', '/home/yadhu/ur3e/src/install/moveit_msgs'), ('robotiq_description', '/home/yadhu/ur3e/src/install/robotiq_description'), ('unity_robotics_demo_msgs', '/home/yadhu/ur3e/src/install/unity_robotics_demo_msgs'), ('unity_ros_msgs', '/home/yadhu/ur3e/src/install/unity_ros_msgs'), ('ur_description', '/home/yadhu/ur3e/src/install/ur_description'), ('ur_robotiq', '/home/yadhu/ur3e/src/install/ur_robotiq')])}
[0.001050] (pyfile) JobQueued: {'identifier': 'pyfile', 'dependencies': OrderedDict([('robotiq_description', '/home/yadhu/ur3e/src/install/robotiq_description'), ('ur_description', '/home/yadhu/ur3e/src/install/ur_description')])}
[0.001157] (ur3e_gripper_moveit) JobQueued: {'identifier': 'ur3e_gripper_moveit', 'dependencies': OrderedDict([('robotiq_description', '/home/yadhu/ur3e/src/install/robotiq_description'), ('ur_description', '/home/yadhu/ur3e/src/install/ur_description')])}
[0.001178] (ur_moveit_config) JobQueued: {'identifier': 'ur_moveit_config', 'dependencies': OrderedDict([('robotiq_description', '/home/yadhu/ur3e/src/install/robotiq_description'), ('ur_description', '/home/yadhu/ur3e/src/install/ur_description')])}
[0.001202] (robotiq_description) JobStarted: {'identifier': 'robotiq_description'}
[0.004838] (moveit_msgs) JobStarted: {'identifier': 'moveit_msgs'}
[0.007753] (unity_robotics_demo_msgs) JobStarted: {'identifier': 'unity_robotics_demo_msgs'}
[0.009837] (ros_tcp_endpoint) JobStarted: {'identifier': 'ros_tcp_endpoint'}
[0.012822] (unity_robotics_demo) JobStarted: {'identifier': 'unity_robotics_demo'}
[0.026029] (robotiq_description) JobProgress: {'identifier': 'robotiq_description', 'progress': 'cmake'}
[0.026391] (robotiq_description) JobProgress: {'identifier': 'robotiq_description', 'progress': 'build'}
[0.026748] (robotiq_description) Command: {'cmd': ['/usr/bin/cmake', '--build', '/home/yadhu/ur3e/src/build/robotiq_description', '--', '-j16', '-l16'], 'cwd': '/home/yadhu/ur3e/src/build/robotiq_description', 'env': OrderedDict([('HOSTNAME', 'yadhuk'), ('GIT_ASKPASS', '/vscode/vscode-server/bin/linux-x64/e54c774e0add60467559eb0d1e229c6452cf8447/extensions/git/dist/askpass.sh'), ('SHLVL', '2'), ('LD_LIBRARY_PATH', '/usr/lib/x86_64-linux-gnu/gazebo-11/plugins:/opt/ros/humble/opt/rviz_ogre_vendor/lib:/opt/ros/humble/lib/x86_64-linux-gnu:/opt/ros/humble/lib'), ('BROWSER', '/vscode/vscode-server/bin/linux-x64/e54c774e0add60467559eb0d1e229c6452cf8447/bin/helpers/browser.sh'), ('HOME', '/home/yadhu'), ('OLDPWD', '/home/yadhu/ur3e'), ('TERM_PROGRAM_VERSION', '1.97.2'), ('VSCODE_IPC_HOOK_CLI', '/tmp/vscode-ipc-191d809e-ad6a-48a3-8c83-2991c7349be6.sock'), ('DEBUGPY_ADAPTER_ENDPOINTS', '/home/yadhu/.vscode-server/extensions/ms-python.debugpy-2025.0.1-linux-x64/.noConfigDebugAdapterEndpoints/endpoint-00e5a96652343ffc.txt'), ('ROS_PYTHON_VERSION', '3'), ('VSCODE_GIT_ASKPASS_MAIN', '/vscode/vscode-server/bin/linux-x64/e54c774e0add60467559eb0d1e229c6452cf8447/extensions/git/dist/askpass-main.js'), ('VSCODE_GIT_ASKPASS_NODE', '/vscode/vscode-server/bin/linux-x64/e54c774e0add60467559eb0d1e229c6452cf8447/node'), ('PYDEVD_DISABLE_FILE_VALIDATION', '1'), ('BUNDLED_DEBUGPY_PATH', '/home/yadhu/.vscode-server/extensions/ms-python.debugpy-2025.0.1-linux-x64/bundled/libs/debugpy'), ('COLORTERM', 'truecolor'), ('REMOTE_CONTAINERS', 'true'), ('ROS_DISTRO', 'humble'), ('REMOTE_CONTAINERS_IPC', '/tmp/vscode-remote-containers-ipc-3b15b7cf-88ad-4a56-828c-69c61a495d31.sock'), ('_', '/usr/bin/colcon'), ('ROS_VERSION', '2'), ('TERM', 'xterm-256color'), ('ROS_LOCALHOST_ONLY', '0'), ('PATH', '/vscode/vscode-server/bin/linux-x64/e54c774e0add60467559eb0d1e229c6452cf8447/bin/remote-cli:/opt/ros/humble/bin:/usr/local/sbin:/usr/local/bin:/usr/sbin:/usr/bin:/sbin:/bin:/home/yadhu/.vscode-server/extensions/ms-python.debugpy-2025.0.1-linux-x64/bundled/scripts/noConfigScripts'), ('REMOTE_CONTAINERS_SOCKETS', '["/tmp/vscode-ssh-auth-3b15b7cf-88ad-4a56-828c-69c61a495d31.sock","/home/yadhu/.gnupg/S.gpg-agent"]'), ('DISPLAY', ':1'), ('LANG', 'C.UTF-8'), ('RMW_IMPLEMENTATION', 'rmw_cyclonedds_cpp'), ('LS_COLORS', 'rs=0:di=01;34:ln=01;36:mh=00:pi=40;33:so=01;35:do=01;35:bd=40;33;01:cd=40;33;01:or=40;31;01:mi=00:su=37;41:sg=30;43:ca=30;41:tw=30;42:ow=34;42:st=37;44:ex=01;32:*.tar=01;31:*.tgz=01;31:*.arc=01;31:*.arj=01;31:*.taz=01;31:*.lha=01;31:*.lz4=01;31:*.lzh=01;31:*.lzma=01;31:*.tlz=01;31:*.txz=01;31:*.tzo=01;31:*.t7z=01;31:*.zip=01;31:*.z=01;31:*.dz=01;31:*.gz=01;31:*.lrz=01;31:*.lz=01;31:*.lzo=01;31:*.xz=01;31:*.zst=01;31:*.tzst=01;31:*.bz2=01;31:*.bz=01;31:*.tbz=01;31:*.tbz2=01;31:*.tz=01;31:*.deb=01;31:*.rpm=01;31:*.jar=01;31:*.war=01;31:*.ear=01;31:*.sar=01;31:*.rar=01;31:*.alz=01;31:*.ace=01;31:*.zoo=01;31:*.cpio=01;31:*.7z=01;31:*.rz=01;31:*.cab=01;31:*.wim=01;31:*.swm=01;31:*.dwm=01;31:*.esd=01;31:*.jpg=01;35:*.jpeg=01;35:*.mjpg=01;35:*.mjpeg=01;35:*.gif=01;35:*.bmp=01;35:*.pbm=01;35:*.pgm=01;35:*.ppm=01;35:*.tga=01;35:*.xbm=01;35:*.xpm=01;35:*.tif=01;35:*.tiff=01;35:*.png=01;35:*.svg=01;35:*.svgz=01;35:*.mng=01;35:*.pcx=01;35:*.mov=01;35:*.mpg=01;35:*.mpeg=01;35:*.m2v=01;35:*.mkv=01;35:*.webm=01;35:*.webp=01;35:*.ogm=01;35:*.mp4=01;35:*.m4v=01;35:*.mp4v=01;35:*.vob=01;35:*.qt=01;35:*.nuv=01;35:*.wmv=01;35:*.asf=01;35:*.rm=01;35:*.rmvb=01;35:*.flc=01;35:*.avi=01;35:*.fli=01;35:*.flv=01;35:*.gl=01;35:*.dl=01;35:*.xcf=01;35:*.xwd=01;35:*.yuv=01;35:*.cgm=01;35:*.emf=01;35:*.ogv=01;35:*.ogx=01;35:*.aac=00;36:*.au=00;36:*.flac=00;36:*.m4a=00;36:*.mid=00;36:*.midi=00;36:*.mka=00;36:*.mp3=00;36:*.mpc=00;36:*.ogg=00;36:*.ra=00;36:*.wav=00;36:*.oga=00;36:*.opus=00;36:*.spx=00;36:*.xspf=00;36:'), ('VSCODE_GIT_IPC_HANDLE', '/tmp/vscode-git-09c052f1c4.sock'), ('TERM_PROGRAM', 'vscode'), ('SSH_AUTH_SOCK', '/tmp/vscode-ssh-auth-3b15b7cf-88ad-4a56-828c-69c61a495d31.sock'), ('ROS_DOMAIN_ID', '42'), ('AMENT_PREFIX_PATH', '/opt/ros/humble'), ('SHELL', '/bin/bash'), ('ROS_AUTOMATIC_DISCOVERY_RANGE', 'LOCALHOST'), ('VSCODE_GIT_ASKPASS_EXTRA_ARGS', ''), ('PWD', '/home/yadhu/ur3e/src/build/robotiq_description'), ('LC_ALL', 'C.UTF-8'), ('PYTHONPATH', '/opt/ros/humble/lib/python3.10/site-packages:/opt/ros/humble/local/lib/python3.10/dist-packages'), ('COLCON', '1'), ('CMAKE_PREFIX_PATH', '/opt/ros/humble')]), 'shell': False}
[0.028567] (moveit_msgs) JobProgress: {'identifier': 'moveit_msgs', 'progress': 'cmake'}
[0.028909] (moveit_msgs) JobProgress: {'identifier': 'moveit_msgs', 'progress': 'build'}
[0.029041] (moveit_msgs) Command: {'cmd': ['/usr/bin/cmake', '--build', '/home/yadhu/ur3e/src/build/moveit_msgs', '--', '-j16', '-l16'], 'cwd': '/home/yadhu/ur3e/src/build/moveit_msgs', 'env': OrderedDict([('HOSTNAME', 'yadhuk'), ('GIT_ASKPASS', '/vscode/vscode-server/bin/linux-x64/e54c774e0add60467559eb0d1e229c6452cf8447/extensions/git/dist/askpass.sh'), ('SHLVL', '2'), ('LD_LIBRARY_PATH', '/usr/lib/x86_64-linux-gnu/gazebo-11/plugins:/opt/ros/humble/opt/rviz_ogre_vendor/lib:/opt/ros/humble/lib/x86_64-linux-gnu:/opt/ros/humble/lib'), ('BROWSER', '/vscode/vscode-server/bin/linux-x64/e54c774e0add60467559eb0d1e229c6452cf8447/bin/helpers/browser.sh'), ('HOME', '/home/yadhu'), ('OLDPWD', '/home/yadhu/ur3e'), ('TERM_PROGRAM_VERSION', '1.97.2'), ('VSCODE_IPC_HOOK_CLI', '/tmp/vscode-ipc-191d809e-ad6a-48a3-8c83-2991c7349be6.sock'), ('DEBUGPY_ADAPTER_ENDPOINTS', '/home/yadhu/.vscode-server/extensions/ms-python.debugpy-2025.0.1-linux-x64/.noConfigDebugAdapterEndpoints/endpoint-00e5a96652343ffc.txt'), ('ROS_PYTHON_VERSION', '3'), ('VSCODE_GIT_ASKPASS_MAIN', '/vscode/vscode-server/bin/linux-x64/e54c774e0add60467559eb0d1e229c6452cf8447/extensions/git/dist/askpass-main.js'), ('VSCODE_GIT_ASKPASS_NODE', '/vscode/vscode-server/bin/linux-x64/e54c774e0add60467559eb0d1e229c6452cf8447/node'), ('PYDEVD_DISABLE_FILE_VALIDATION', '1'), ('BUNDLED_DEBUGPY_PATH', '/home/yadhu/.vscode-server/extensions/ms-python.debugpy-2025.0.1-linux-x64/bundled/libs/debugpy'), ('COLORTERM', 'truecolor'), ('REMOTE_CONTAINERS', 'true'), ('ROS_DISTRO', 'humble'), ('REMOTE_CONTAINERS_IPC', '/tmp/vscode-remote-containers-ipc-3b15b7cf-88ad-4a56-828c-69c61a495d31.sock'), ('_', '/usr/bin/colcon'), ('ROS_VERSION', '2'), ('TERM', 'xterm-256color'), ('ROS_LOCALHOST_ONLY', '0'), ('PATH', '/vscode/vscode-server/bin/linux-x64/e54c774e0add60467559eb0d1e229c6452cf8447/bin/remote-cli:/opt/ros/humble/bin:/usr/local/sbin:/usr/local/bin:/usr/sbin:/usr/bin:/sbin:/bin:/home/yadhu/.vscode-server/extensions/ms-python.debugpy-2025.0.1-linux-x64/bundled/scripts/noConfigScripts'), ('REMOTE_CONTAINERS_SOCKETS', '["/tmp/vscode-ssh-auth-3b15b7cf-88ad-4a56-828c-69c61a495d31.sock","/home/yadhu/.gnupg/S.gpg-agent"]'), ('DISPLAY', ':1'), ('LANG', 'C.UTF-8'), ('RMW_IMPLEMENTATION', 'rmw_cyclonedds_cpp'), ('LS_COLORS', 'rs=0:di=01;34:ln=01;36:mh=00:pi=40;33:so=01;35:do=01;35:bd=40;33;01:cd=40;33;01:or=40;31;01:mi=00:su=37;41:sg=30;43:ca=30;41:tw=30;42:ow=34;42:st=37;44:ex=01;32:*.tar=01;31:*.tgz=01;31:*.arc=01;31:*.arj=01;31:*.taz=01;31:*.lha=01;31:*.lz4=01;31:*.lzh=01;31:*.lzma=01;31:*.tlz=01;31:*.txz=01;31:*.tzo=01;31:*.t7z=01;31:*.zip=01;31:*.z=01;31:*.dz=01;31:*.gz=01;31:*.lrz=01;31:*.lz=01;31:*.lzo=01;31:*.xz=01;31:*.zst=01;31:*.tzst=01;31:*.bz2=01;31:*.bz=01;31:*.tbz=01;31:*.tbz2=01;31:*.tz=01;31:*.deb=01;31:*.rpm=01;31:*.jar=01;31:*.war=01;31:*.ear=01;31:*.sar=01;31:*.rar=01;31:*.alz=01;31:*.ace=01;31:*.zoo=01;31:*.cpio=01;31:*.7z=01;31:*.rz=01;31:*.cab=01;31:*.wim=01;31:*.swm=01;31:*.dwm=01;31:*.esd=01;31:*.jpg=01;35:*.jpeg=01;35:*.mjpg=01;35:*.mjpeg=01;35:*.gif=01;35:*.bmp=01;35:*.pbm=01;35:*.pgm=01;35:*.ppm=01;35:*.tga=01;35:*.xbm=01;35:*.xpm=01;35:*.tif=01;35:*.tiff=01;35:*.png=01;35:*.svg=01;35:*.svgz=01;35:*.mng=01;35:*.pcx=01;35:*.mov=01;35:*.mpg=01;35:*.mpeg=01;35:*.m2v=01;35:*.mkv=01;35:*.webm=01;35:*.webp=01;35:*.ogm=01;35:*.mp4=01;35:*.m4v=01;35:*.mp4v=01;35:*.vob=01;35:*.qt=01;35:*.nuv=01;35:*.wmv=01;35:*.asf=01;35:*.rm=01;35:*.rmvb=01;35:*.flc=01;35:*.avi=01;35:*.fli=01;35:*.flv=01;35:*.gl=01;35:*.dl=01;35:*.xcf=01;35:*.xwd=01;35:*.yuv=01;35:*.cgm=01;35:*.emf=01;35:*.ogv=01;35:*.ogx=01;35:*.aac=00;36:*.au=00;36:*.flac=00;36:*.m4a=00;36:*.mid=00;36:*.midi=00;36:*.mka=00;36:*.mp3=00;36:*.mpc=00;36:*.ogg=00;36:*.ra=00;36:*.wav=00;36:*.oga=00;36:*.opus=00;36:*.spx=00;36:*.xspf=00;36:'), ('VSCODE_GIT_IPC_HANDLE', '/tmp/vscode-git-09c052f1c4.sock'), ('TERM_PROGRAM', 'vscode'), ('SSH_AUTH_SOCK', '/tmp/vscode-ssh-auth-3b15b7cf-88ad-4a56-828c-69c61a495d31.sock'), ('ROS_DOMAIN_ID', '42'), ('AMENT_PREFIX_PATH', '/opt/ros/humble'), ('SHELL', '/bin/bash'), ('ROS_AUTOMATIC_DISCOVERY_RANGE', 'LOCALHOST'), ('VSCODE_GIT_ASKPASS_EXTRA_ARGS', ''), ('PWD', '/home/yadhu/ur3e/src/build/moveit_msgs'), ('LC_ALL', 'C.UTF-8'), ('PYTHONPATH', '/opt/ros/humble/lib/python3.10/site-packages:/opt/ros/humble/local/lib/python3.10/dist-packages'), ('COLCON', '1'), ('CMAKE_PREFIX_PATH', '/opt/ros/humble')]), 'shell': False}
[0.031707] (unity_robotics_demo_msgs) JobProgress: {'identifier': 'unity_robotics_demo_msgs', 'progress': 'cmake'}
[0.033176] (unity_robotics_demo_msgs) JobProgress: {'identifier': 'unity_robotics_demo_msgs', 'progress': 'build'}
[0.033213] (unity_robotics_demo_msgs) Command: {'cmd': ['/usr/bin/cmake', '--build', '/home/yadhu/ur3e/src/build/unity_robotics_demo_msgs', '--', '-j16', '-l16'], 'cwd': '/home/yadhu/ur3e/src/build/unity_robotics_demo_msgs', 'env': OrderedDict([('HOSTNAME', 'yadhuk'), ('GIT_ASKPASS', '/vscode/vscode-server/bin/linux-x64/e54c774e0add60467559eb0d1e229c6452cf8447/extensions/git/dist/askpass.sh'), ('SHLVL', '2'), ('LD_LIBRARY_PATH', '/usr/lib/x86_64-linux-gnu/gazebo-11/plugins:/opt/ros/humble/opt/rviz_ogre_vendor/lib:/opt/ros/humble/lib/x86_64-linux-gnu:/opt/ros/humble/lib'), ('BROWSER', '/vscode/vscode-server/bin/linux-x64/e54c774e0add60467559eb0d1e229c6452cf8447/bin/helpers/browser.sh'), ('HOME', '/home/yadhu'), ('OLDPWD', '/home/yadhu/ur3e'), ('TERM_PROGRAM_VERSION', '1.97.2'), ('VSCODE_IPC_HOOK_CLI', '/tmp/vscode-ipc-191d809e-ad6a-48a3-8c83-2991c7349be6.sock'), ('DEBUGPY_ADAPTER_ENDPOINTS', '/home/yadhu/.vscode-server/extensions/ms-python.debugpy-2025.0.1-linux-x64/.noConfigDebugAdapterEndpoints/endpoint-00e5a96652343ffc.txt'), ('ROS_PYTHON_VERSION', '3'), ('VSCODE_GIT_ASKPASS_MAIN', '/vscode/vscode-server/bin/linux-x64/e54c774e0add60467559eb0d1e229c6452cf8447/extensions/git/dist/askpass-main.js'), ('VSCODE_GIT_ASKPASS_NODE', '/vscode/vscode-server/bin/linux-x64/e54c774e0add60467559eb0d1e229c6452cf8447/node'), ('PYDEVD_DISABLE_FILE_VALIDATION', '1'), ('BUNDLED_DEBUGPY_PATH', '/home/yadhu/.vscode-server/extensions/ms-python.debugpy-2025.0.1-linux-x64/bundled/libs/debugpy'), ('COLORTERM', 'truecolor'), ('REMOTE_CONTAINERS', 'true'), ('ROS_DISTRO', 'humble'), ('REMOTE_CONTAINERS_IPC', '/tmp/vscode-remote-containers-ipc-3b15b7cf-88ad-4a56-828c-69c61a495d31.sock'), ('_', '/usr/bin/colcon'), ('ROS_VERSION', '2'), ('TERM', 'xterm-256color'), ('ROS_LOCALHOST_ONLY', '0'), ('PATH', '/vscode/vscode-server/bin/linux-x64/e54c774e0add60467559eb0d1e229c6452cf8447/bin/remote-cli:/opt/ros/humble/bin:/usr/local/sbin:/usr/local/bin:/usr/sbin:/usr/bin:/sbin:/bin:/home/yadhu/.vscode-server/extensions/ms-python.debugpy-2025.0.1-linux-x64/bundled/scripts/noConfigScripts'), ('REMOTE_CONTAINERS_SOCKETS', '["/tmp/vscode-ssh-auth-3b15b7cf-88ad-4a56-828c-69c61a495d31.sock","/home/yadhu/.gnupg/S.gpg-agent"]'), ('DISPLAY', ':1'), ('LANG', 'C.UTF-8'), ('RMW_IMPLEMENTATION', 'rmw_cyclonedds_cpp'), ('LS_COLORS', 'rs=0:di=01;34:ln=01;36:mh=00:pi=40;33:so=01;35:do=01;35:bd=40;33;01:cd=40;33;01:or=40;31;01:mi=00:su=37;41:sg=30;43:ca=30;41:tw=30;42:ow=34;42:st=37;44:ex=01;32:*.tar=01;31:*.tgz=01;31:*.arc=01;31:*.arj=01;31:*.taz=01;31:*.lha=01;31:*.lz4=01;31:*.lzh=01;31:*.lzma=01;31:*.tlz=01;31:*.txz=01;31:*.tzo=01;31:*.t7z=01;31:*.zip=01;31:*.z=01;31:*.dz=01;31:*.gz=01;31:*.lrz=01;31:*.lz=01;31:*.lzo=01;31:*.xz=01;31:*.zst=01;31:*.tzst=01;31:*.bz2=01;31:*.bz=01;31:*.tbz=01;31:*.tbz2=01;31:*.tz=01;31:*.deb=01;31:*.rpm=01;31:*.jar=01;31:*.war=01;31:*.ear=01;31:*.sar=01;31:*.rar=01;31:*.alz=01;31:*.ace=01;31:*.zoo=01;31:*.cpio=01;31:*.7z=01;31:*.rz=01;31:*.cab=01;31:*.wim=01;31:*.swm=01;31:*.dwm=01;31:*.esd=01;31:*.jpg=01;35:*.jpeg=01;35:*.mjpg=01;35:*.mjpeg=01;35:*.gif=01;35:*.bmp=01;35:*.pbm=01;35:*.pgm=01;35:*.ppm=01;35:*.tga=01;35:*.xbm=01;35:*.xpm=01;35:*.tif=01;35:*.tiff=01;35:*.png=01;35:*.svg=01;35:*.svgz=01;35:*.mng=01;35:*.pcx=01;35:*.mov=01;35:*.mpg=01;35:*.mpeg=01;35:*.m2v=01;35:*.mkv=01;35:*.webm=01;35:*.webp=01;35:*.ogm=01;35:*.mp4=01;35:*.m4v=01;35:*.mp4v=01;35:*.vob=01;35:*.qt=01;35:*.nuv=01;35:*.wmv=01;35:*.asf=01;35:*.rm=01;35:*.rmvb=01;35:*.flc=01;35:*.avi=01;35:*.fli=01;35:*.flv=01;35:*.gl=01;35:*.dl=01;35:*.xcf=01;35:*.xwd=01;35:*.yuv=01;35:*.cgm=01;35:*.emf=01;35:*.ogv=01;35:*.ogx=01;35:*.aac=00;36:*.au=00;36:*.flac=00;36:*.m4a=00;36:*.mid=00;36:*.midi=00;36:*.mka=00;36:*.mp3=00;36:*.mpc=00;36:*.ogg=00;36:*.ra=00;36:*.wav=00;36:*.oga=00;36:*.opus=00;36:*.spx=00;36:*.xspf=00;36:'), ('VSCODE_GIT_IPC_HANDLE', '/tmp/vscode-git-09c052f1c4.sock'), ('TERM_PROGRAM', 'vscode'), ('SSH_AUTH_SOCK', '/tmp/vscode-ssh-auth-3b15b7cf-88ad-4a56-828c-69c61a495d31.sock'), ('ROS_DOMAIN_ID', '42'), ('AMENT_PREFIX_PATH', '/opt/ros/humble'), ('SHELL', '/bin/bash'), ('ROS_AUTOMATIC_DISCOVERY_RANGE', 'LOCALHOST'), ('VSCODE_GIT_ASKPASS_EXTRA_ARGS', ''), ('PWD', '/home/yadhu/ur3e/src/build/unity_robotics_demo_msgs'), ('LC_ALL', 'C.UTF-8'), ('PYTHONPATH', '/opt/ros/humble/lib/python3.10/site-packages:/opt/ros/humble/local/lib/python3.10/dist-packages'), ('COLCON', '1'), ('CMAKE_PREFIX_PATH', '/opt/ros/humble')]), 'shell': False}
[0.099861] (-) TimerEvent: {}
[0.200134] (-) TimerEvent: {}
[0.215369] (moveit_msgs) StdoutLine: {'line': b'[  0%] Built target moveit_msgs__cpp\n'}
[0.216059] (moveit_msgs) StdoutLine: {'line': b'[  0%] Built target ament_cmake_python_copy_moveit_msgs\n'}
[0.216167] (moveit_msgs) StdoutLine: {'line': b'[ 12%] Built target moveit_msgs__rosidl_generator_c\n'}
[0.216640] (moveit_msgs) StdoutLine: {'line': b'[ 25%] Built target moveit_msgs__rosidl_typesupport_introspection_cpp\n'}
[0.216728] (moveit_msgs) StdoutLine: {'line': b'[ 38%] Built target moveit_msgs__rosidl_typesupport_c\n'}
[0.216794] (moveit_msgs) StdoutLine: {'line': b'[ 50%] Built target moveit_msgs__rosidl_typesupport_cpp\n'}
[0.217057] (moveit_msgs) StdoutLine: {'line': b'[ 63%] Built target moveit_msgs__rosidl_typesupport_introspection_c\n'}
[0.217142] (moveit_msgs) StdoutLine: {'line': b'[ 75%] Built target moveit_msgs__rosidl_typesupport_fastrtps_cpp\n'}
[0.217213] (moveit_msgs) StdoutLine: {'line': b'[ 88%] Built target moveit_msgs__rosidl_typesupport_fastrtps_c\n'}
[0.217708] (unity_robotics_demo_msgs) StdoutLine: {'line': b'[  1%] Built target unity_robotics_demo_msgs__cpp\n'}
[0.217798] (unity_robotics_demo_msgs) StdoutLine: {'line': b'[ 12%] Built target unity_robotics_demo_msgs__rosidl_generator_c\n'}
[0.217851] (unity_robotics_demo_msgs) StdoutLine: {'line': b'[ 12%] Built target ament_cmake_python_copy_unity_robotics_demo_msgs\n'}
[0.217896] (unity_robotics_demo_msgs) StdoutLine: {'line': b'[ 23%] Built target unity_robotics_demo_msgs__rosidl_typesupport_introspection_cpp\n'}
[0.217941] (unity_robotics_demo_msgs) StdoutLine: {'line': b'[ 34%] Built target unity_robotics_demo_msgs__rosidl_typesupport_cpp\n'}
[0.217992] (unity_robotics_demo_msgs) StdoutLine: {'line': b'[ 45%] Built target unity_robotics_demo_msgs__rosidl_typesupport_introspection_c\n'}
[0.218039] (unity_robotics_demo_msgs) StdoutLine: {'line': b'[ 67%] Built target unity_robotics_demo_msgs__rosidl_typesupport_fastrtps_c\n'}
[0.218082] (unity_robotics_demo_msgs) StdoutLine: {'line': b'[ 67%] Built target unity_robotics_demo_msgs__rosidl_typesupport_c\n'}
[0.218128] (unity_robotics_demo_msgs) StdoutLine: {'line': b'[ 78%] Built target unity_robotics_demo_msgs__rosidl_typesupport_fastrtps_cpp\n'}
[0.218171] (unity_robotics_demo_msgs) StdoutLine: {'line': b'[ 78%] Built target unity_robotics_demo_msgs\n'}
[0.218214] (unity_robotics_demo_msgs) StdoutLine: {'line': b'[ 80%] Built target unity_robotics_demo_msgs__py\n'}
[0.218264] (unity_robotics_demo_msgs) StdoutLine: {'line': b'[ 89%] Built target unity_robotics_demo_msgs__rosidl_generator_py\n'}
[0.218308] (unity_robotics_demo_msgs) StdoutLine: {'line': b'[ 92%] Built target unity_robotics_demo_msgs__rosidl_typesupport_introspection_c__pyext\n'}
[0.218350] (unity_robotics_demo_msgs) StdoutLine: {'line': b'[ 96%] Built target unity_robotics_demo_msgs__rosidl_typesupport_fastrtps_c__pyext\n'}
[0.218480] (unity_robotics_demo_msgs) StdoutLine: {'line': b'[100%] Built target unity_robotics_demo_msgs__rosidl_typesupport_c__pyext\n'}
[0.224338] (moveit_msgs) StdoutLine: {'line': b'[ 88%] Built target moveit_msgs\n'}
[0.246523] (moveit_msgs) StdoutLine: {'line': b'[ 88%] Built target moveit_msgs__py\n'}
[0.250317] (unity_robotics_demo_msgs) StdoutLine: {'line': b'running egg_info\n'}
[0.250913] (unity_robotics_demo_msgs) StdoutLine: {'line': b'writing unity_robotics_demo_msgs.egg-info/PKG-INFO\n'}
[0.251065] (unity_robotics_demo_msgs) StdoutLine: {'line': b'writing dependency_links to unity_robotics_demo_msgs.egg-info/dependency_links.txt\n'}
[0.251173] (unity_robotics_demo_msgs) StdoutLine: {'line': b'writing top-level names to unity_robotics_demo_msgs.egg-info/top_level.txt\n'}
[0.252808] (unity_robotics_demo_msgs) StdoutLine: {'line': b"reading manifest file 'unity_robotics_demo_msgs.egg-info/SOURCES.txt'\n"}
[0.253200] (unity_robotics_demo_msgs) StdoutLine: {'line': b"writing manifest file 'unity_robotics_demo_msgs.egg-info/SOURCES.txt'\n"}
[0.272135] (unity_robotics_demo_msgs) StdoutLine: {'line': b'[100%] Built target ament_cmake_python_build_unity_robotics_demo_msgs_egg\n'}
[0.284392] (moveit_msgs) StdoutLine: {'line': b'[100%] Built target moveit_msgs__rosidl_generator_py\n'}
[0.294578] (moveit_msgs) StdoutLine: {'line': b'running egg_info\n'}
[0.295190] (moveit_msgs) StdoutLine: {'line': b'writing moveit_msgs.egg-info/PKG-INFO\n'}
[0.295413] (moveit_msgs) StdoutLine: {'line': b'writing dependency_links to moveit_msgs.egg-info/dependency_links.txt\n'}
[0.295561] (moveit_msgs) StdoutLine: {'line': b'writing top-level names to moveit_msgs.egg-info/top_level.txt\n'}
[0.297530] (moveit_msgs) StdoutLine: {'line': b"reading manifest file 'moveit_msgs.egg-info/SOURCES.txt'\n"}
[0.298462] (moveit_msgs) StdoutLine: {'line': b"writing manifest file 'moveit_msgs.egg-info/SOURCES.txt'\n"}
[0.300209] (-) TimerEvent: {}
[0.300535] (moveit_msgs) StdoutLine: {'line': b'[100%] Built target moveit_msgs__rosidl_typesupport_c__pyext\n'}
[0.303460] (moveit_msgs) StdoutLine: {'line': b'[100%] Built target moveit_msgs__rosidl_typesupport_introspection_c__pyext\n'}
[0.304359] (moveit_msgs) StdoutLine: {'line': b'[100%] Built target moveit_msgs__rosidl_typesupport_fastrtps_c__pyext\n'}
[0.317086] (moveit_msgs) StdoutLine: {'line': b'[100%] Built target ament_cmake_python_build_moveit_msgs_egg\n'}
[0.384714] (robotiq_description) CommandEnded: {'returncode': 0}
[0.388686] (unity_robotics_demo_msgs) CommandEnded: {'returncode': 0}
[0.389596] (moveit_msgs) CommandEnded: {'returncode': 0}
[0.399107] (robotiq_description) JobProgress: {'identifier': 'robotiq_description', 'progress': 'install'}
[0.400262] (-) TimerEvent: {}
[0.406159] (robotiq_description) Command: {'cmd': ['/usr/bin/cmake', '--install', '/home/yadhu/ur3e/src/build/robotiq_description'], 'cwd': '/home/yadhu/ur3e/src/build/robotiq_description', 'env': OrderedDict([('HOSTNAME', 'yadhuk'), ('GIT_ASKPASS', '/vscode/vscode-server/bin/linux-x64/e54c774e0add60467559eb0d1e229c6452cf8447/extensions/git/dist/askpass.sh'), ('SHLVL', '2'), ('LD_LIBRARY_PATH', '/usr/lib/x86_64-linux-gnu/gazebo-11/plugins:/opt/ros/humble/opt/rviz_ogre_vendor/lib:/opt/ros/humble/lib/x86_64-linux-gnu:/opt/ros/humble/lib'), ('BROWSER', '/vscode/vscode-server/bin/linux-x64/e54c774e0add60467559eb0d1e229c6452cf8447/bin/helpers/browser.sh'), ('HOME', '/home/yadhu'), ('OLDPWD', '/home/yadhu/ur3e'), ('TERM_PROGRAM_VERSION', '1.97.2'), ('VSCODE_IPC_HOOK_CLI', '/tmp/vscode-ipc-191d809e-ad6a-48a3-8c83-2991c7349be6.sock'), ('DEBUGPY_ADAPTER_ENDPOINTS', '/home/yadhu/.vscode-server/extensions/ms-python.debugpy-2025.0.1-linux-x64/.noConfigDebugAdapterEndpoints/endpoint-00e5a96652343ffc.txt'), ('ROS_PYTHON_VERSION', '3'), ('VSCODE_GIT_ASKPASS_MAIN', '/vscode/vscode-server/bin/linux-x64/e54c774e0add60467559eb0d1e229c6452cf8447/extensions/git/dist/askpass-main.js'), ('VSCODE_GIT_ASKPASS_NODE', '/vscode/vscode-server/bin/linux-x64/e54c774e0add60467559eb0d1e229c6452cf8447/node'), ('PYDEVD_DISABLE_FILE_VALIDATION', '1'), ('BUNDLED_DEBUGPY_PATH', '/home/yadhu/.vscode-server/extensions/ms-python.debugpy-2025.0.1-linux-x64/bundled/libs/debugpy'), ('COLORTERM', 'truecolor'), ('REMOTE_CONTAINERS', 'true'), ('ROS_DISTRO', 'humble'), ('REMOTE_CONTAINERS_IPC', '/tmp/vscode-remote-containers-ipc-3b15b7cf-88ad-4a56-828c-69c61a495d31.sock'), ('_', '/usr/bin/colcon'), ('ROS_VERSION', '2'), ('TERM', 'xterm-256color'), ('ROS_LOCALHOST_ONLY', '0'), ('PATH', '/vscode/vscode-server/bin/linux-x64/e54c774e0add60467559eb0d1e229c6452cf8447/bin/remote-cli:/opt/ros/humble/bin:/usr/local/sbin:/usr/local/bin:/usr/sbin:/usr/bin:/sbin:/bin:/home/yadhu/.vscode-server/extensions/ms-python.debugpy-2025.0.1-linux-x64/bundled/scripts/noConfigScripts'), ('REMOTE_CONTAINERS_SOCKETS', '["/tmp/vscode-ssh-auth-3b15b7cf-88ad-4a56-828c-69c61a495d31.sock","/home/yadhu/.gnupg/S.gpg-agent"]'), ('DISPLAY', ':1'), ('LANG', 'C.UTF-8'), ('RMW_IMPLEMENTATION', 'rmw_cyclonedds_cpp'), ('LS_COLORS', 'rs=0:di=01;34:ln=01;36:mh=00:pi=40;33:so=01;35:do=01;35:bd=40;33;01:cd=40;33;01:or=40;31;01:mi=00:su=37;41:sg=30;43:ca=30;41:tw=30;42:ow=34;42:st=37;44:ex=01;32:*.tar=01;31:*.tgz=01;31:*.arc=01;31:*.arj=01;31:*.taz=01;31:*.lha=01;31:*.lz4=01;31:*.lzh=01;31:*.lzma=01;31:*.tlz=01;31:*.txz=01;31:*.tzo=01;31:*.t7z=01;31:*.zip=01;31:*.z=01;31:*.dz=01;31:*.gz=01;31:*.lrz=01;31:*.lz=01;31:*.lzo=01;31:*.xz=01;31:*.zst=01;31:*.tzst=01;31:*.bz2=01;31:*.bz=01;31:*.tbz=01;31:*.tbz2=01;31:*.tz=01;31:*.deb=01;31:*.rpm=01;31:*.jar=01;31:*.war=01;31:*.ear=01;31:*.sar=01;31:*.rar=01;31:*.alz=01;31:*.ace=01;31:*.zoo=01;31:*.cpio=01;31:*.7z=01;31:*.rz=01;31:*.cab=01;31:*.wim=01;31:*.swm=01;31:*.dwm=01;31:*.esd=01;31:*.jpg=01;35:*.jpeg=01;35:*.mjpg=01;35:*.mjpeg=01;35:*.gif=01;35:*.bmp=01;35:*.pbm=01;35:*.pgm=01;35:*.ppm=01;35:*.tga=01;35:*.xbm=01;35:*.xpm=01;35:*.tif=01;35:*.tiff=01;35:*.png=01;35:*.svg=01;35:*.svgz=01;35:*.mng=01;35:*.pcx=01;35:*.mov=01;35:*.mpg=01;35:*.mpeg=01;35:*.m2v=01;35:*.mkv=01;35:*.webm=01;35:*.webp=01;35:*.ogm=01;35:*.mp4=01;35:*.m4v=01;35:*.mp4v=01;35:*.vob=01;35:*.qt=01;35:*.nuv=01;35:*.wmv=01;35:*.asf=01;35:*.rm=01;35:*.rmvb=01;35:*.flc=01;35:*.avi=01;35:*.fli=01;35:*.flv=01;35:*.gl=01;35:*.dl=01;35:*.xcf=01;35:*.xwd=01;35:*.yuv=01;35:*.cgm=01;35:*.emf=01;35:*.ogv=01;35:*.ogx=01;35:*.aac=00;36:*.au=00;36:*.flac=00;36:*.m4a=00;36:*.mid=00;36:*.midi=00;36:*.mka=00;36:*.mp3=00;36:*.mpc=00;36:*.ogg=00;36:*.ra=00;36:*.wav=00;36:*.oga=00;36:*.opus=00;36:*.spx=00;36:*.xspf=00;36:'), ('VSCODE_GIT_IPC_HANDLE', '/tmp/vscode-git-09c052f1c4.sock'), ('TERM_PROGRAM', 'vscode'), ('SSH_AUTH_SOCK', '/tmp/vscode-ssh-auth-3b15b7cf-88ad-4a56-828c-69c61a495d31.sock'), ('ROS_DOMAIN_ID', '42'), ('AMENT_PREFIX_PATH', '/opt/ros/humble'), ('SHELL', '/bin/bash'), ('ROS_AUTOMATIC_DISCOVERY_RANGE', 'LOCALHOST'), ('VSCODE_GIT_ASKPASS_EXTRA_ARGS', ''), ('PWD', '/home/yadhu/ur3e/src/build/robotiq_description'), ('LC_ALL', 'C.UTF-8'), ('PYTHONPATH', '/opt/ros/humble/lib/python3.10/site-packages:/opt/ros/humble/local/lib/python3.10/dist-packages'), ('COLCON', '1'), ('CMAKE_PREFIX_PATH', '/opt/ros/humble')]), 'shell': False}
[0.411062] (robotiq_description) StdoutLine: {'line': b'-- Install configuration: ""\n'}
[0.411423] (robotiq_description) StdoutLine: {'line': b'-- Up-to-date: /home/yadhu/ur3e/src/install/robotiq_description/share/robotiq_description/config\n'}
[0.411517] (robotiq_description) StdoutLine: {'line': b'-- Up-to-date: /home/yadhu/ur3e/src/install/robotiq_description/share/robotiq_description/config/robotiq_controllers.yaml\n'}
[0.411553] (robotiq_description) StdoutLine: {'line': b'-- Up-to-date: /home/yadhu/ur3e/src/install/robotiq_description/share/robotiq_description/launch\n'}
[0.411584] (robotiq_description) StdoutLine: {'line': b'-- Up-to-date: /home/yadhu/ur3e/src/install/robotiq_description/share/robotiq_description/launch/robotiq_control.launch.py\n'}
[0.411613] (robotiq_description) StdoutLine: {'line': b'-- Up-to-date: /home/yadhu/ur3e/src/install/robotiq_description/share/robotiq_description/launch/view_gripper.launch.py\n'}
[0.411642] (robotiq_description) StdoutLine: {'line': b'-- Up-to-date: /home/yadhu/ur3e/src/install/robotiq_description/share/robotiq_description/meshes\n'}
[0.411669] (robotiq_description) StdoutLine: {'line': b'-- Up-to-date: /home/yadhu/ur3e/src/install/robotiq_description/share/robotiq_description/meshes/collision\n'}
[0.411696] (robotiq_description) StdoutLine: {'line': b'-- Up-to-date: /home/yadhu/ur3e/src/install/robotiq_description/share/robotiq_description/meshes/collision/2f_85\n'}
[0.411723] (robotiq_description) StdoutLine: {'line': b'-- Up-to-date: /home/yadhu/ur3e/src/install/robotiq_description/share/robotiq_description/meshes/collision/2f_85/ur_to_robotiq_adapter.stl\n'}
[0.411750] (robotiq_description) StdoutLine: {'line': b'-- Up-to-date: /home/yadhu/ur3e/src/install/robotiq_description/share/robotiq_description/meshes/collision/2f_85/right_finger_tip.stl\n'}
[0.411778] (robotiq_description) StdoutLine: {'line': b'-- Up-to-date: /home/yadhu/ur3e/src/install/robotiq_description/share/robotiq_description/meshes/collision/2f_85/left_inner_knuckle.stl\n'}
[0.411846] (robotiq_description) StdoutLine: {'line': b'-- Up-to-date: /home/yadhu/ur3e/src/install/robotiq_description/share/robotiq_description/meshes/collision/2f_85/right_knuckle.stl\n'}
[0.411874] (robotiq_description) StdoutLine: {'line': b'-- Up-to-date: /home/yadhu/ur3e/src/install/robotiq_description/share/robotiq_description/meshes/collision/2f_85/left_knuckle.stl\n'}
[0.411900] (robotiq_description) StdoutLine: {'line': b'-- Up-to-date: /home/yadhu/ur3e/src/install/robotiq_description/share/robotiq_description/meshes/collision/2f_85/left_finger_tip.stl\n'}
[0.411927] (robotiq_description) StdoutLine: {'line': b'-- Up-to-date: /home/yadhu/ur3e/src/install/robotiq_description/share/robotiq_description/meshes/collision/2f_85/right_inner_knuckle.stl\n'}
[0.411954] (robotiq_description) StdoutLine: {'line': b'-- Up-to-date: /home/yadhu/ur3e/src/install/robotiq_description/share/robotiq_description/meshes/collision/2f_85/robotiq_base.stl\n'}
[0.411981] (robotiq_description) StdoutLine: {'line': b'-- Up-to-date: /home/yadhu/ur3e/src/install/robotiq_description/share/robotiq_description/meshes/collision/2f_85/left_finger.stl\n'}
[0.412008] (robotiq_description) StdoutLine: {'line': b'-- Up-to-date: /home/yadhu/ur3e/src/install/robotiq_description/share/robotiq_description/meshes/collision/2f_85/right_finger.stl\n'}
[0.412036] (robotiq_description) StdoutLine: {'line': b'-- Up-to-date: /home/yadhu/ur3e/src/install/robotiq_description/share/robotiq_description/meshes/visual\n'}
[0.412063] (robotiq_description) StdoutLine: {'line': b'-- Up-to-date: /home/yadhu/ur3e/src/install/robotiq_description/share/robotiq_description/meshes/visual/2f_85\n'}
[0.412089] (robotiq_description) StdoutLine: {'line': b'-- Up-to-date: /home/yadhu/ur3e/src/install/robotiq_description/share/robotiq_description/meshes/visual/2f_85/right_finger.dae\n'}
[0.412116] (robotiq_description) StdoutLine: {'line': b'-- Up-to-date: /home/yadhu/ur3e/src/install/robotiq_description/share/robotiq_description/meshes/visual/2f_85/left_finger_tip.dae\n'}
[0.412252] (robotiq_description) StdoutLine: {'line': b'-- Up-to-date: /home/yadhu/ur3e/src/install/robotiq_description/share/robotiq_description/meshes/visual/2f_85/right_inner_knuckle.dae\n'}
[0.412442] (robotiq_description) StdoutLine: {'line': b'-- Up-to-date: /home/yadhu/ur3e/src/install/robotiq_description/share/robotiq_description/meshes/visual/2f_85/right_knuckle.dae\n'}
[0.412623] (robotiq_description) StdoutLine: {'line': b'-- Up-to-date: /home/yadhu/ur3e/src/install/robotiq_description/share/robotiq_description/meshes/visual/2f_85/right_finger_tip.dae\n'}
[0.412673] (robotiq_description) StdoutLine: {'line': b'-- Up-to-date: /home/yadhu/ur3e/src/install/robotiq_description/share/robotiq_description/meshes/visual/2f_85/ur_to_robotiq_adapter.dae\n'}
[0.412705] (robotiq_description) StdoutLine: {'line': b'-- Up-to-date: /home/yadhu/ur3e/src/install/robotiq_description/share/robotiq_description/meshes/visual/2f_85/left_inner_knuckle.dae\n'}
[0.412742] (robotiq_description) StdoutLine: {'line': b'-- Up-to-date: /home/yadhu/ur3e/src/install/robotiq_description/share/robotiq_description/meshes/visual/2f_85/left_finger.dae\n'}
[0.412770] (robotiq_description) StdoutLine: {'line': b'-- Up-to-date: /home/yadhu/ur3e/src/install/robotiq_description/share/robotiq_description/meshes/visual/2f_85/left_knuckle.dae\n'}
[0.412796] (robotiq_description) StdoutLine: {'line': b'-- Up-to-date: /home/yadhu/ur3e/src/install/robotiq_description/share/robotiq_description/meshes/visual/2f_85/robotiq_base.dae\n'}
[0.412822] (robotiq_description) StdoutLine: {'line': b'-- Up-to-date: /home/yadhu/ur3e/src/install/robotiq_description/share/robotiq_description/rviz\n'}
[0.412848] (robotiq_description) StdoutLine: {'line': b'-- Up-to-date: /home/yadhu/ur3e/src/install/robotiq_description/share/robotiq_description/rviz/view_urdf.rviz\n'}
[0.412875] (robotiq_description) StdoutLine: {'line': b'-- Up-to-date: /home/yadhu/ur3e/src/install/robotiq_description/share/robotiq_description/urdf\n'}
[0.412905] (robotiq_description) StdoutLine: {'line': b'-- Up-to-date: /home/yadhu/ur3e/src/install/robotiq_description/share/robotiq_description/urdf/robotiq_2f_85_macro.urdf.xacro\n'}
[0.412965] (robotiq_description) StdoutLine: {'line': b'-- Up-to-date: /home/yadhu/ur3e/src/install/robotiq_description/share/robotiq_description/urdf/2f_85.ros2_control.xacro\n'}
[0.412992] (robotiq_description) StdoutLine: {'line': b'-- Up-to-date: /home/yadhu/ur3e/src/install/robotiq_description/share/robotiq_description/urdf/robotiq_2f_85_gripper.urdf.xacro\n'}
[0.413017] (robotiq_description) StdoutLine: {'line': b'-- Up-to-date: /home/yadhu/ur3e/src/install/robotiq_description/share/robotiq_description/urdf/ur_to_robotiq_adapter.urdf.xacro\n'}
[0.413042] (robotiq_description) StdoutLine: {'line': b'-- Up-to-date: /home/yadhu/ur3e/src/install/robotiq_description/share/ament_index/resource_index/package_run_dependencies/robotiq_description\n'}
[0.413066] (robotiq_description) StdoutLine: {'line': b'-- Up-to-date: /home/yadhu/ur3e/src/install/robotiq_description/share/ament_index/resource_index/parent_prefix_path/robotiq_description\n'}
[0.413091] (robotiq_description) StdoutLine: {'line': b'-- Up-to-date: /home/yadhu/ur3e/src/install/robotiq_description/share/robotiq_description/environment/ament_prefix_path.sh\n'}
[0.413117] (robotiq_description) StdoutLine: {'line': b'-- Up-to-date: /home/yadhu/ur3e/src/install/robotiq_description/share/robotiq_description/environment/ament_prefix_path.dsv\n'}
[0.413141] (robotiq_description) StdoutLine: {'line': b'-- Up-to-date: /home/yadhu/ur3e/src/install/robotiq_description/share/robotiq_description/environment/path.sh\n'}
[0.413165] (robotiq_description) StdoutLine: {'line': b'-- Up-to-date: /home/yadhu/ur3e/src/install/robotiq_description/share/robotiq_description/environment/path.dsv\n'}
[0.413189] (robotiq_description) StdoutLine: {'line': b'-- Up-to-date: /home/yadhu/ur3e/src/install/robotiq_description/share/robotiq_description/local_setup.bash\n'}
[0.413212] (robotiq_description) StdoutLine: {'line': b'-- Up-to-date: /home/yadhu/ur3e/src/install/robotiq_description/share/robotiq_description/local_setup.sh\n'}
[0.413249] (robotiq_description) StdoutLine: {'line': b'-- Up-to-date: /home/yadhu/ur3e/src/install/robotiq_description/share/robotiq_description/local_setup.zsh\n'}
[0.413280] (robotiq_description) StdoutLine: {'line': b'-- Up-to-date: /home/yadhu/ur3e/src/install/robotiq_description/share/robotiq_description/local_setup.dsv\n'}
[0.413307] (robotiq_description) StdoutLine: {'line': b'-- Installing: /home/yadhu/ur3e/src/install/robotiq_description/share/robotiq_description/package.dsv\n'}
[0.413409] (robotiq_description) StdoutLine: {'line': b'-- Up-to-date: /home/yadhu/ur3e/src/install/robotiq_description/share/ament_index/resource_index/packages/robotiq_description\n'}
[0.413513] (robotiq_description) StdoutLine: {'line': b'-- Up-to-date: /home/yadhu/ur3e/src/install/robotiq_description/share/robotiq_description/cmake/robotiq_descriptionConfig.cmake\n'}
[0.413588] (robotiq_description) StdoutLine: {'line': b'-- Up-to-date: /home/yadhu/ur3e/src/install/robotiq_description/share/robotiq_description/cmake/robotiq_descriptionConfig-version.cmake\n'}
[0.413668] (robotiq_description) StdoutLine: {'line': b'-- Up-to-date: /home/yadhu/ur3e/src/install/robotiq_description/share/robotiq_description/package.xml\n'}
[0.414351] (robotiq_description) CommandEnded: {'returncode': 0}
[0.443997] (robotiq_description) JobEnded: {'identifier': 'robotiq_description', 'rc': 0}
[0.444735] (ur_description) JobStarted: {'identifier': 'ur_description'}
[0.448390] (ur_description) JobProgress: {'identifier': 'ur_description', 'progress': 'cmake'}
[0.448711] (ur_description) JobProgress: {'identifier': 'ur_description', 'progress': 'build'}
[0.448943] (ur_description) Command: {'cmd': ['/usr/bin/cmake', '--build', '/home/yadhu/ur3e/src/build/ur_description', '--', '-j16', '-l16'], 'cwd': '/home/yadhu/ur3e/src/build/ur_description', 'env': OrderedDict([('HOSTNAME', 'yadhuk'), ('GIT_ASKPASS', '/vscode/vscode-server/bin/linux-x64/e54c774e0add60467559eb0d1e229c6452cf8447/extensions/git/dist/askpass.sh'), ('SHLVL', '2'), ('LD_LIBRARY_PATH', '/usr/lib/x86_64-linux-gnu/gazebo-11/plugins:/opt/ros/humble/opt/rviz_ogre_vendor/lib:/opt/ros/humble/lib/x86_64-linux-gnu:/opt/ros/humble/lib'), ('BROWSER', '/vscode/vscode-server/bin/linux-x64/e54c774e0add60467559eb0d1e229c6452cf8447/bin/helpers/browser.sh'), ('HOME', '/home/yadhu'), ('OLDPWD', '/home/yadhu/ur3e'), ('TERM_PROGRAM_VERSION', '1.97.2'), ('VSCODE_IPC_HOOK_CLI', '/tmp/vscode-ipc-191d809e-ad6a-48a3-8c83-2991c7349be6.sock'), ('DEBUGPY_ADAPTER_ENDPOINTS', '/home/yadhu/.vscode-server/extensions/ms-python.debugpy-2025.0.1-linux-x64/.noConfigDebugAdapterEndpoints/endpoint-00e5a96652343ffc.txt'), ('ROS_PYTHON_VERSION', '3'), ('VSCODE_GIT_ASKPASS_MAIN', '/vscode/vscode-server/bin/linux-x64/e54c774e0add60467559eb0d1e229c6452cf8447/extensions/git/dist/askpass-main.js'), ('VSCODE_GIT_ASKPASS_NODE', '/vscode/vscode-server/bin/linux-x64/e54c774e0add60467559eb0d1e229c6452cf8447/node'), ('PYDEVD_DISABLE_FILE_VALIDATION', '1'), ('BUNDLED_DEBUGPY_PATH', '/home/yadhu/.vscode-server/extensions/ms-python.debugpy-2025.0.1-linux-x64/bundled/libs/debugpy'), ('COLORTERM', 'truecolor'), ('REMOTE_CONTAINERS', 'true'), ('ROS_DISTRO', 'humble'), ('REMOTE_CONTAINERS_IPC', '/tmp/vscode-remote-containers-ipc-3b15b7cf-88ad-4a56-828c-69c61a495d31.sock'), ('_', '/usr/bin/colcon'), ('ROS_VERSION', '2'), ('TERM', 'xterm-256color'), ('ROS_LOCALHOST_ONLY', '0'), ('PATH', '/vscode/vscode-server/bin/linux-x64/e54c774e0add60467559eb0d1e229c6452cf8447/bin/remote-cli:/opt/ros/humble/bin:/usr/local/sbin:/usr/local/bin:/usr/sbin:/usr/bin:/sbin:/bin:/home/yadhu/.vscode-server/extensions/ms-python.debugpy-2025.0.1-linux-x64/bundled/scripts/noConfigScripts'), ('REMOTE_CONTAINERS_SOCKETS', '["/tmp/vscode-ssh-auth-3b15b7cf-88ad-4a56-828c-69c61a495d31.sock","/home/yadhu/.gnupg/S.gpg-agent"]'), ('DISPLAY', ':1'), ('LANG', 'C.UTF-8'), ('RMW_IMPLEMENTATION', 'rmw_cyclonedds_cpp'), ('LS_COLORS', 'rs=0:di=01;34:ln=01;36:mh=00:pi=40;33:so=01;35:do=01;35:bd=40;33;01:cd=40;33;01:or=40;31;01:mi=00:su=37;41:sg=30;43:ca=30;41:tw=30;42:ow=34;42:st=37;44:ex=01;32:*.tar=01;31:*.tgz=01;31:*.arc=01;31:*.arj=01;31:*.taz=01;31:*.lha=01;31:*.lz4=01;31:*.lzh=01;31:*.lzma=01;31:*.tlz=01;31:*.txz=01;31:*.tzo=01;31:*.t7z=01;31:*.zip=01;31:*.z=01;31:*.dz=01;31:*.gz=01;31:*.lrz=01;31:*.lz=01;31:*.lzo=01;31:*.xz=01;31:*.zst=01;31:*.tzst=01;31:*.bz2=01;31:*.bz=01;31:*.tbz=01;31:*.tbz2=01;31:*.tz=01;31:*.deb=01;31:*.rpm=01;31:*.jar=01;31:*.war=01;31:*.ear=01;31:*.sar=01;31:*.rar=01;31:*.alz=01;31:*.ace=01;31:*.zoo=01;31:*.cpio=01;31:*.7z=01;31:*.rz=01;31:*.cab=01;31:*.wim=01;31:*.swm=01;31:*.dwm=01;31:*.esd=01;31:*.jpg=01;35:*.jpeg=01;35:*.mjpg=01;35:*.mjpeg=01;35:*.gif=01;35:*.bmp=01;35:*.pbm=01;35:*.pgm=01;35:*.ppm=01;35:*.tga=01;35:*.xbm=01;35:*.xpm=01;35:*.tif=01;35:*.tiff=01;35:*.png=01;35:*.svg=01;35:*.svgz=01;35:*.mng=01;35:*.pcx=01;35:*.mov=01;35:*.mpg=01;35:*.mpeg=01;35:*.m2v=01;35:*.mkv=01;35:*.webm=01;35:*.webp=01;35:*.ogm=01;35:*.mp4=01;35:*.m4v=01;35:*.mp4v=01;35:*.vob=01;35:*.qt=01;35:*.nuv=01;35:*.wmv=01;35:*.asf=01;35:*.rm=01;35:*.rmvb=01;35:*.flc=01;35:*.avi=01;35:*.fli=01;35:*.flv=01;35:*.gl=01;35:*.dl=01;35:*.xcf=01;35:*.xwd=01;35:*.yuv=01;35:*.cgm=01;35:*.emf=01;35:*.ogv=01;35:*.ogx=01;35:*.aac=00;36:*.au=00;36:*.flac=00;36:*.m4a=00;36:*.mid=00;36:*.midi=00;36:*.mka=00;36:*.mp3=00;36:*.mpc=00;36:*.ogg=00;36:*.ra=00;36:*.wav=00;36:*.oga=00;36:*.opus=00;36:*.spx=00;36:*.xspf=00;36:'), ('VSCODE_GIT_IPC_HANDLE', '/tmp/vscode-git-09c052f1c4.sock'), ('TERM_PROGRAM', 'vscode'), ('SSH_AUTH_SOCK', '/tmp/vscode-ssh-auth-3b15b7cf-88ad-4a56-828c-69c61a495d31.sock'), ('ROS_DOMAIN_ID', '42'), ('AMENT_PREFIX_PATH', '/home/yadhu/ur3e/src/install/robotiq_description:/opt/ros/humble'), ('SHELL', '/bin/bash'), ('ROS_AUTOMATIC_DISCOVERY_RANGE', 'LOCALHOST'), ('VSCODE_GIT_ASKPASS_EXTRA_ARGS', ''), ('PWD', '/home/yadhu/ur3e/src/build/ur_description'), ('LC_ALL', 'C.UTF-8'), ('PYTHONPATH', '/opt/ros/humble/lib/python3.10/site-packages:/opt/ros/humble/local/lib/python3.10/dist-packages'), ('COLCON', '1'), ('CMAKE_PREFIX_PATH', '/home/yadhu/ur3e/src/install/robotiq_description:/opt/ros/humble')]), 'shell': False}
[0.465164] (unity_robotics_demo_msgs) JobProgress: {'identifier': 'unity_robotics_demo_msgs', 'progress': 'install'}
[0.465229] (unity_robotics_demo_msgs) Command: {'cmd': ['/usr/bin/cmake', '--install', '/home/yadhu/ur3e/src/build/unity_robotics_demo_msgs'], 'cwd': '/home/yadhu/ur3e/src/build/unity_robotics_demo_msgs', 'env': OrderedDict([('HOSTNAME', 'yadhuk'), ('GIT_ASKPASS', '/vscode/vscode-server/bin/linux-x64/e54c774e0add60467559eb0d1e229c6452cf8447/extensions/git/dist/askpass.sh'), ('SHLVL', '2'), ('LD_LIBRARY_PATH', '/usr/lib/x86_64-linux-gnu/gazebo-11/plugins:/opt/ros/humble/opt/rviz_ogre_vendor/lib:/opt/ros/humble/lib/x86_64-linux-gnu:/opt/ros/humble/lib'), ('BROWSER', '/vscode/vscode-server/bin/linux-x64/e54c774e0add60467559eb0d1e229c6452cf8447/bin/helpers/browser.sh'), ('HOME', '/home/yadhu'), ('OLDPWD', '/home/yadhu/ur3e'), ('TERM_PROGRAM_VERSION', '1.97.2'), ('VSCODE_IPC_HOOK_CLI', '/tmp/vscode-ipc-191d809e-ad6a-48a3-8c83-2991c7349be6.sock'), ('DEBUGPY_ADAPTER_ENDPOINTS', '/home/yadhu/.vscode-server/extensions/ms-python.debugpy-2025.0.1-linux-x64/.noConfigDebugAdapterEndpoints/endpoint-00e5a96652343ffc.txt'), ('ROS_PYTHON_VERSION', '3'), ('VSCODE_GIT_ASKPASS_MAIN', '/vscode/vscode-server/bin/linux-x64/e54c774e0add60467559eb0d1e229c6452cf8447/extensions/git/dist/askpass-main.js'), ('VSCODE_GIT_ASKPASS_NODE', '/vscode/vscode-server/bin/linux-x64/e54c774e0add60467559eb0d1e229c6452cf8447/node'), ('PYDEVD_DISABLE_FILE_VALIDATION', '1'), ('BUNDLED_DEBUGPY_PATH', '/home/yadhu/.vscode-server/extensions/ms-python.debugpy-2025.0.1-linux-x64/bundled/libs/debugpy'), ('COLORTERM', 'truecolor'), ('REMOTE_CONTAINERS', 'true'), ('ROS_DISTRO', 'humble'), ('REMOTE_CONTAINERS_IPC', '/tmp/vscode-remote-containers-ipc-3b15b7cf-88ad-4a56-828c-69c61a495d31.sock'), ('_', '/usr/bin/colcon'), ('ROS_VERSION', '2'), ('TERM', 'xterm-256color'), ('ROS_LOCALHOST_ONLY', '0'), ('PATH', '/vscode/vscode-server/bin/linux-x64/e54c774e0add60467559eb0d1e229c6452cf8447/bin/remote-cli:/opt/ros/humble/bin:/usr/local/sbin:/usr/local/bin:/usr/sbin:/usr/bin:/sbin:/bin:/home/yadhu/.vscode-server/extensions/ms-python.debugpy-2025.0.1-linux-x64/bundled/scripts/noConfigScripts'), ('REMOTE_CONTAINERS_SOCKETS', '["/tmp/vscode-ssh-auth-3b15b7cf-88ad-4a56-828c-69c61a495d31.sock","/home/yadhu/.gnupg/S.gpg-agent"]'), ('DISPLAY', ':1'), ('LANG', 'C.UTF-8'), ('RMW_IMPLEMENTATION', 'rmw_cyclonedds_cpp'), ('LS_COLORS', 'rs=0:di=01;34:ln=01;36:mh=00:pi=40;33:so=01;35:do=01;35:bd=40;33;01:cd=40;33;01:or=40;31;01:mi=00:su=37;41:sg=30;43:ca=30;41:tw=30;42:ow=34;42:st=37;44:ex=01;32:*.tar=01;31:*.tgz=01;31:*.arc=01;31:*.arj=01;31:*.taz=01;31:*.lha=01;31:*.lz4=01;31:*.lzh=01;31:*.lzma=01;31:*.tlz=01;31:*.txz=01;31:*.tzo=01;31:*.t7z=01;31:*.zip=01;31:*.z=01;31:*.dz=01;31:*.gz=01;31:*.lrz=01;31:*.lz=01;31:*.lzo=01;31:*.xz=01;31:*.zst=01;31:*.tzst=01;31:*.bz2=01;31:*.bz=01;31:*.tbz=01;31:*.tbz2=01;31:*.tz=01;31:*.deb=01;31:*.rpm=01;31:*.jar=01;31:*.war=01;31:*.ear=01;31:*.sar=01;31:*.rar=01;31:*.alz=01;31:*.ace=01;31:*.zoo=01;31:*.cpio=01;31:*.7z=01;31:*.rz=01;31:*.cab=01;31:*.wim=01;31:*.swm=01;31:*.dwm=01;31:*.esd=01;31:*.jpg=01;35:*.jpeg=01;35:*.mjpg=01;35:*.mjpeg=01;35:*.gif=01;35:*.bmp=01;35:*.pbm=01;35:*.pgm=01;35:*.ppm=01;35:*.tga=01;35:*.xbm=01;35:*.xpm=01;35:*.tif=01;35:*.tiff=01;35:*.png=01;35:*.svg=01;35:*.svgz=01;35:*.mng=01;35:*.pcx=01;35:*.mov=01;35:*.mpg=01;35:*.mpeg=01;35:*.m2v=01;35:*.mkv=01;35:*.webm=01;35:*.webp=01;35:*.ogm=01;35:*.mp4=01;35:*.m4v=01;35:*.mp4v=01;35:*.vob=01;35:*.qt=01;35:*.nuv=01;35:*.wmv=01;35:*.asf=01;35:*.rm=01;35:*.rmvb=01;35:*.flc=01;35:*.avi=01;35:*.fli=01;35:*.flv=01;35:*.gl=01;35:*.dl=01;35:*.xcf=01;35:*.xwd=01;35:*.yuv=01;35:*.cgm=01;35:*.emf=01;35:*.ogv=01;35:*.ogx=01;35:*.aac=00;36:*.au=00;36:*.flac=00;36:*.m4a=00;36:*.mid=00;36:*.midi=00;36:*.mka=00;36:*.mp3=00;36:*.mpc=00;36:*.ogg=00;36:*.ra=00;36:*.wav=00;36:*.oga=00;36:*.opus=00;36:*.spx=00;36:*.xspf=00;36:'), ('VSCODE_GIT_IPC_HANDLE', '/tmp/vscode-git-09c052f1c4.sock'), ('TERM_PROGRAM', 'vscode'), ('SSH_AUTH_SOCK', '/tmp/vscode-ssh-auth-3b15b7cf-88ad-4a56-828c-69c61a495d31.sock'), ('ROS_DOMAIN_ID', '42'), ('AMENT_PREFIX_PATH', '/opt/ros/humble'), ('SHELL', '/bin/bash'), ('ROS_AUTOMATIC_DISCOVERY_RANGE', 'LOCALHOST'), ('VSCODE_GIT_ASKPASS_EXTRA_ARGS', ''), ('PWD', '/home/yadhu/ur3e/src/build/unity_robotics_demo_msgs'), ('LC_ALL', 'C.UTF-8'), ('PYTHONPATH', '/opt/ros/humble/lib/python3.10/site-packages:/opt/ros/humble/local/lib/python3.10/dist-packages'), ('COLCON', '1'), ('CMAKE_PREFIX_PATH', '/opt/ros/humble')]), 'shell': False}
[0.471627] (unity_robotics_demo_msgs) StdoutLine: {'line': b'-- Install configuration: ""\n'}
[0.472619] (unity_robotics_demo_msgs) StdoutLine: {'line': b'-- Up-to-date: /home/yadhu/ur3e/src/install/unity_robotics_demo_msgs/share/ament_index/resource_index/rosidl_interfaces/unity_robotics_demo_msgs\n'}
[0.472748] (unity_robotics_demo_msgs) StdoutLine: {'line': b'-- Up-to-date: /home/yadhu/ur3e/src/install/unity_robotics_demo_msgs/include/unity_robotics_demo_msgs/unity_robotics_demo_msgs\n'}
[0.472818] (unity_robotics_demo_msgs) StdoutLine: {'line': b'-- Up-to-date: /home/yadhu/ur3e/src/install/unity_robotics_demo_msgs/include/unity_robotics_demo_msgs/unity_robotics_demo_msgs/msg\n'}
[0.472866] (unity_robotics_demo_msgs) StdoutLine: {'line': b'-- Up-to-date: /home/yadhu/ur3e/src/install/unity_robotics_demo_msgs/include/unity_robotics_demo_msgs/unity_robotics_demo_msgs/msg/rosidl_generator_c__visibility_control.h\n'}
[0.472912] (unity_robotics_demo_msgs) StdoutLine: {'line': b'-- Up-to-date: /home/yadhu/ur3e/src/install/unity_robotics_demo_msgs/include/unity_robotics_demo_msgs/unity_robotics_demo_msgs/msg/pos_rot.h\n'}
[0.472956] (unity_robotics_demo_msgs) StdoutLine: {'line': b'-- Up-to-date: /home/yadhu/ur3e/src/install/unity_robotics_demo_msgs/include/unity_robotics_demo_msgs/unity_robotics_demo_msgs/msg/detail\n'}
[0.472998] (unity_robotics_demo_msgs) StdoutLine: {'line': b'-- Up-to-date: /home/yadhu/ur3e/src/install/unity_robotics_demo_msgs/include/unity_robotics_demo_msgs/unity_robotics_demo_msgs/msg/detail/unity_color__functions.c\n'}
[0.473040] (unity_robotics_demo_msgs) StdoutLine: {'line': b'-- Up-to-date: /home/yadhu/ur3e/src/install/unity_robotics_demo_msgs/include/unity_robotics_demo_msgs/unity_robotics_demo_msgs/msg/detail/pos_rot__struct.h\n'}
[0.473082] (unity_robotics_demo_msgs) StdoutLine: {'line': b'-- Up-to-date: /home/yadhu/ur3e/src/install/unity_robotics_demo_msgs/include/unity_robotics_demo_msgs/unity_robotics_demo_msgs/msg/detail/pos_rot__type_support.h\n'}
[0.473123] (unity_robotics_demo_msgs) StdoutLine: {'line': b'-- Up-to-date: /home/yadhu/ur3e/src/install/unity_robotics_demo_msgs/include/unity_robotics_demo_msgs/unity_robotics_demo_msgs/msg/detail/pos_rot__functions.h\n'}
[0.473164] (unity_robotics_demo_msgs) StdoutLine: {'line': b'-- Up-to-date: /home/yadhu/ur3e/src/install/unity_robotics_demo_msgs/include/unity_robotics_demo_msgs/unity_robotics_demo_msgs/msg/detail/pos_rot__functions.c\n'}
[0.473210] (unity_robotics_demo_msgs) StdoutLine: {'line': b'-- Up-to-date: /home/yadhu/ur3e/src/install/unity_robotics_demo_msgs/include/unity_robotics_demo_msgs/unity_robotics_demo_msgs/msg/detail/unity_color__type_support.h\n'}
[0.473342] (unity_robotics_demo_msgs) StdoutLine: {'line': b'-- Up-to-date: /home/yadhu/ur3e/src/install/unity_robotics_demo_msgs/include/unity_robotics_demo_msgs/unity_robotics_demo_msgs/msg/detail/unity_color__struct.h\n'}
[0.473399] (unity_robotics_demo_msgs) StdoutLine: {'line': b'-- Up-to-date: /home/yadhu/ur3e/src/install/unity_robotics_demo_msgs/include/unity_robotics_demo_msgs/unity_robotics_demo_msgs/msg/detail/unity_color__functions.h\n'}
[0.473452] (unity_robotics_demo_msgs) StdoutLine: {'line': b'-- Up-to-date: /home/yadhu/ur3e/src/install/unity_robotics_demo_msgs/include/unity_robotics_demo_msgs/unity_robotics_demo_msgs/msg/unity_color.h\n'}
[0.473500] (unity_robotics_demo_msgs) StdoutLine: {'line': b'-- Up-to-date: /home/yadhu/ur3e/src/install/unity_robotics_demo_msgs/include/unity_robotics_demo_msgs/unity_robotics_demo_msgs/srv\n'}
[0.473554] (unity_robotics_demo_msgs) StdoutLine: {'line': b'-- Up-to-date: /home/yadhu/ur3e/src/install/unity_robotics_demo_msgs/include/unity_robotics_demo_msgs/unity_robotics_demo_msgs/srv/position_service.h\n'}
[0.473603] (unity_robotics_demo_msgs) StdoutLine: {'line': b'-- Up-to-date: /home/yadhu/ur3e/src/install/unity_robotics_demo_msgs/include/unity_robotics_demo_msgs/unity_robotics_demo_msgs/srv/detail\n'}
[0.473657] (unity_robotics_demo_msgs) StdoutLine: {'line': b'-- Up-to-date: /home/yadhu/ur3e/src/install/unity_robotics_demo_msgs/include/unity_robotics_demo_msgs/unity_robotics_demo_msgs/srv/detail/position_service__functions.h\n'}
[0.473706] (unity_robotics_demo_msgs) StdoutLine: {'line': b'-- Up-to-date: /home/yadhu/ur3e/src/install/unity_robotics_demo_msgs/include/unity_robotics_demo_msgs/unity_robotics_demo_msgs/srv/detail/object_pose_service__functions.h\n'}
[0.473755] (unity_robotics_demo_msgs) StdoutLine: {'line': b'-- Up-to-date: /home/yadhu/ur3e/src/install/unity_robotics_demo_msgs/include/unity_robotics_demo_msgs/unity_robotics_demo_msgs/srv/detail/object_pose_service__type_support.h\n'}
[0.473805] (unity_robotics_demo_msgs) StdoutLine: {'line': b'-- Up-to-date: /home/yadhu/ur3e/src/install/unity_robotics_demo_msgs/include/unity_robotics_demo_msgs/unity_robotics_demo_msgs/srv/detail/position_service__functions.c\n'}
[0.473861] (unity_robotics_demo_msgs) StdoutLine: {'line': b'-- Up-to-date: /home/yadhu/ur3e/src/install/unity_robotics_demo_msgs/include/unity_robotics_demo_msgs/unity_robotics_demo_msgs/srv/detail/position_service__struct.h\n'}
[0.473916] (unity_robotics_demo_msgs) StdoutLine: {'line': b'-- Up-to-date: /home/yadhu/ur3e/src/install/unity_robotics_demo_msgs/include/unity_robotics_demo_msgs/unity_robotics_demo_msgs/srv/detail/object_pose_service__functions.c\n'}
[0.473969] (unity_robotics_demo_msgs) StdoutLine: {'line': b'-- Up-to-date: /home/yadhu/ur3e/src/install/unity_robotics_demo_msgs/include/unity_robotics_demo_msgs/unity_robotics_demo_msgs/srv/detail/position_service__type_support.h\n'}
[0.474027] (unity_robotics_demo_msgs) StdoutLine: {'line': b'-- Up-to-date: /home/yadhu/ur3e/src/install/unity_robotics_demo_msgs/include/unity_robotics_demo_msgs/unity_robotics_demo_msgs/srv/detail/object_pose_service__struct.h\n'}
[0.474080] (unity_robotics_demo_msgs) StdoutLine: {'line': b'-- Up-to-date: /home/yadhu/ur3e/src/install/unity_robotics_demo_msgs/include/unity_robotics_demo_msgs/unity_robotics_demo_msgs/srv/object_pose_service.h\n'}
[0.474134] (unity_robotics_demo_msgs) StdoutLine: {'line': b'-- Up-to-date: /home/yadhu/ur3e/src/install/unity_robotics_demo_msgs/share/unity_robotics_demo_msgs/environment/library_path.sh\n'}
[0.474186] (unity_robotics_demo_msgs) StdoutLine: {'line': b'-- Up-to-date: /home/yadhu/ur3e/src/install/unity_robotics_demo_msgs/share/unity_robotics_demo_msgs/environment/library_path.dsv\n'}
[0.474399] (unity_robotics_demo_msgs) StdoutLine: {'line': b'-- Up-to-date: /home/yadhu/ur3e/src/install/unity_robotics_demo_msgs/lib/libunity_robotics_demo_msgs__rosidl_generator_c.so\n'}
[0.474772] (unity_robotics_demo_msgs) StdoutLine: {'line': b'-- Up-to-date: /home/yadhu/ur3e/src/install/unity_robotics_demo_msgs/include/unity_robotics_demo_msgs/unity_robotics_demo_msgs\n'}
[0.474975] (unity_robotics_demo_msgs) StdoutLine: {'line': b'-- Up-to-date: /home/yadhu/ur3e/src/install/unity_robotics_demo_msgs/include/unity_robotics_demo_msgs/unity_robotics_demo_msgs/msg\n'}
[0.475169] (unity_robotics_demo_msgs) StdoutLine: {'line': b'-- Up-to-date: /home/yadhu/ur3e/src/install/unity_robotics_demo_msgs/include/unity_robotics_demo_msgs/unity_robotics_demo_msgs/msg/rosidl_typesupport_fastrtps_c__visibility_control.h\n'}
[0.475236] (unity_robotics_demo_msgs) StdoutLine: {'line': b'-- Up-to-date: /home/yadhu/ur3e/src/install/unity_robotics_demo_msgs/include/unity_robotics_demo_msgs/unity_robotics_demo_msgs/msg/detail\n'}
[0.475342] (unity_robotics_demo_msgs) StdoutLine: {'line': b'-- Up-to-date: /home/yadhu/ur3e/src/install/unity_robotics_demo_msgs/include/unity_robotics_demo_msgs/unity_robotics_demo_msgs/msg/detail/pos_rot__rosidl_typesupport_fastrtps_c.h\n'}
[0.475395] (unity_robotics_demo_msgs) StdoutLine: {'line': b'-- Up-to-date: /home/yadhu/ur3e/src/install/unity_robotics_demo_msgs/include/unity_robotics_demo_msgs/unity_robotics_demo_msgs/msg/detail/unity_color__rosidl_typesupport_fastrtps_c.h\n'}
[0.475482] (unity_robotics_demo_msgs) StdoutLine: {'line': b'-- Up-to-date: /home/yadhu/ur3e/src/install/unity_robotics_demo_msgs/include/unity_robotics_demo_msgs/unity_robotics_demo_msgs/srv\n'}
[0.475530] (unity_robotics_demo_msgs) StdoutLine: {'line': b'-- Up-to-date: /home/yadhu/ur3e/src/install/unity_robotics_demo_msgs/include/unity_robotics_demo_msgs/unity_robotics_demo_msgs/srv/detail\n'}
[0.475567] (unity_robotics_demo_msgs) StdoutLine: {'line': b'-- Up-to-date: /home/yadhu/ur3e/src/install/unity_robotics_demo_msgs/include/unity_robotics_demo_msgs/unity_robotics_demo_msgs/srv/detail/position_service__rosidl_typesupport_fastrtps_c.h\n'}
[0.475601] (unity_robotics_demo_msgs) StdoutLine: {'line': b'-- Up-to-date: /home/yadhu/ur3e/src/install/unity_robotics_demo_msgs/include/unity_robotics_demo_msgs/unity_robotics_demo_msgs/srv/detail/object_pose_service__rosidl_typesupport_fastrtps_c.h\n'}
[0.475634] (unity_robotics_demo_msgs) StdoutLine: {'line': b'-- Up-to-date: /home/yadhu/ur3e/src/install/unity_robotics_demo_msgs/lib/libunity_robotics_demo_msgs__rosidl_typesupport_fastrtps_c.so\n'}
[0.475667] (unity_robotics_demo_msgs) StdoutLine: {'line': b'-- Up-to-date: /home/yadhu/ur3e/src/install/unity_robotics_demo_msgs/include/unity_robotics_demo_msgs/unity_robotics_demo_msgs\n'}
[0.475903] (unity_robotics_demo_msgs) StdoutLine: {'line': b'-- Up-to-date: /home/yadhu/ur3e/src/install/unity_robotics_demo_msgs/include/unity_robotics_demo_msgs/unity_robotics_demo_msgs/msg\n'}
[0.476486] (unity_robotics_demo_msgs) StdoutLine: {'line': b'-- Up-to-date: /home/yadhu/ur3e/src/install/unity_robotics_demo_msgs/include/unity_robotics_demo_msgs/unity_robotics_demo_msgs/msg/detail\n'}
[0.476681] (unity_robotics_demo_msgs) StdoutLine: {'line': b'-- Up-to-date: /home/yadhu/ur3e/src/install/unity_robotics_demo_msgs/include/unity_robotics_demo_msgs/unity_robotics_demo_msgs/msg/detail/pos_rot__type_support.c\n'}
[0.476799] (unity_robotics_demo_msgs) StdoutLine: {'line': b'-- Up-to-date: /home/yadhu/ur3e/src/install/unity_robotics_demo_msgs/include/unity_robotics_demo_msgs/unity_robotics_demo_msgs/msg/detail/unity_color__rosidl_typesupport_introspection_c.h\n'}
[0.476892] (unity_robotics_demo_msgs) StdoutLine: {'line': b'-- Up-to-date: /home/yadhu/ur3e/src/install/unity_robotics_demo_msgs/include/unity_robotics_demo_msgs/unity_robotics_demo_msgs/msg/detail/unity_color__type_support.c\n'}
[0.476973] (unity_robotics_demo_msgs) StdoutLine: {'line': b'-- Up-to-date: /home/yadhu/ur3e/src/install/unity_robotics_demo_msgs/include/unity_robotics_demo_msgs/unity_robotics_demo_msgs/msg/detail/pos_rot__rosidl_typesupport_introspection_c.h\n'}
[0.477057] (unity_robotics_demo_msgs) StdoutLine: {'line': b'-- Up-to-date: /home/yadhu/ur3e/src/install/unity_robotics_demo_msgs/include/unity_robotics_demo_msgs/unity_robotics_demo_msgs/msg/rosidl_typesupport_introspection_c__visibility_control.h\n'}
[0.477139] (unity_robotics_demo_msgs) StdoutLine: {'line': b'-- Up-to-date: /home/yadhu/ur3e/src/install/unity_robotics_demo_msgs/include/unity_robotics_demo_msgs/unity_robotics_demo_msgs/srv\n'}
[0.477510] (unity_robotics_demo_msgs) StdoutLine: {'line': b'-- Up-to-date: /home/yadhu/ur3e/src/install/unity_robotics_demo_msgs/include/unity_robotics_demo_msgs/unity_robotics_demo_msgs/srv/detail\n'}
[0.477611] (unity_robotics_demo_msgs) StdoutLine: {'line': b'-- Up-to-date: /home/yadhu/ur3e/src/install/unity_robotics_demo_msgs/include/unity_robotics_demo_msgs/unity_robotics_demo_msgs/srv/detail/position_service__rosidl_typesupport_introspection_c.h\n'}
[0.477694] (unity_robotics_demo_msgs) StdoutLine: {'line': b'-- Up-to-date: /home/yadhu/ur3e/src/install/unity_robotics_demo_msgs/include/unity_robotics_demo_msgs/unity_robotics_demo_msgs/srv/detail/position_service__type_support.c\n'}
[0.477780] (unity_robotics_demo_msgs) StdoutLine: {'line': b'-- Up-to-date: /home/yadhu/ur3e/src/install/unity_robotics_demo_msgs/include/unity_robotics_demo_msgs/unity_robotics_demo_msgs/srv/detail/object_pose_service__rosidl_typesupport_introspection_c.h\n'}
[0.477855] (unity_robotics_demo_msgs) StdoutLine: {'line': b'-- Up-to-date: /home/yadhu/ur3e/src/install/unity_robotics_demo_msgs/include/unity_robotics_demo_msgs/unity_robotics_demo_msgs/srv/detail/object_pose_service__type_support.c\n'}
[0.477929] (unity_robotics_demo_msgs) StdoutLine: {'line': b'-- Up-to-date: /home/yadhu/ur3e/src/install/unity_robotics_demo_msgs/lib/libunity_robotics_demo_msgs__rosidl_typesupport_introspection_c.so\n'}
[0.478004] (unity_robotics_demo_msgs) StdoutLine: {'line': b'-- Up-to-date: /home/yadhu/ur3e/src/install/unity_robotics_demo_msgs/lib/libunity_robotics_demo_msgs__rosidl_typesupport_c.so\n'}
[0.478086] (unity_robotics_demo_msgs) StdoutLine: {'line': b'-- Up-to-date: /home/yadhu/ur3e/src/install/unity_robotics_demo_msgs/include/unity_robotics_demo_msgs/unity_robotics_demo_msgs\n'}
[0.478169] (unity_robotics_demo_msgs) StdoutLine: {'line': b'-- Up-to-date: /home/yadhu/ur3e/src/install/unity_robotics_demo_msgs/include/unity_robotics_demo_msgs/unity_robotics_demo_msgs/msg\n'}
[0.478259] (unity_robotics_demo_msgs) StdoutLine: {'line': b'-- Up-to-date: /home/yadhu/ur3e/src/install/unity_robotics_demo_msgs/include/unity_robotics_demo_msgs/unity_robotics_demo_msgs/msg/pos_rot.hpp\n'}
[0.478344] (unity_robotics_demo_msgs) StdoutLine: {'line': b'-- Up-to-date: /home/yadhu/ur3e/src/install/unity_robotics_demo_msgs/include/unity_robotics_demo_msgs/unity_robotics_demo_msgs/msg/detail\n'}
[0.478516] (unity_robotics_demo_msgs) StdoutLine: {'line': b'-- Up-to-date: /home/yadhu/ur3e/src/install/unity_robotics_demo_msgs/include/unity_robotics_demo_msgs/unity_robotics_demo_msgs/msg/detail/unity_color__builder.hpp\n'}
[0.478601] (unity_robotics_demo_msgs) StdoutLine: {'line': b'-- Up-to-date: /home/yadhu/ur3e/src/install/unity_robotics_demo_msgs/include/unity_robotics_demo_msgs/unity_robotics_demo_msgs/msg/detail/unity_color__traits.hpp\n'}
[0.478680] (unity_robotics_demo_msgs) StdoutLine: {'line': b'-- Up-to-date: /home/yadhu/ur3e/src/install/unity_robotics_demo_msgs/include/unity_robotics_demo_msgs/unity_robotics_demo_msgs/msg/detail/pos_rot__struct.hpp\n'}
[0.478826] (unity_robotics_demo_msgs) StdoutLine: {'line': b'-- Up-to-date: /home/yadhu/ur3e/src/install/unity_robotics_demo_msgs/include/unity_robotics_demo_msgs/unity_robotics_demo_msgs/msg/detail/pos_rot__builder.hpp\n'}
[0.478905] (unity_robotics_demo_msgs) StdoutLine: {'line': b'-- Up-to-date: /home/yadhu/ur3e/src/install/unity_robotics_demo_msgs/include/unity_robotics_demo_msgs/unity_robotics_demo_msgs/msg/detail/unity_color__struct.hpp\n'}
[0.478985] (unity_robotics_demo_msgs) StdoutLine: {'line': b'-- Up-to-date: /home/yadhu/ur3e/src/install/unity_robotics_demo_msgs/include/unity_robotics_demo_msgs/unity_robotics_demo_msgs/msg/detail/pos_rot__traits.hpp\n'}
[0.479061] (unity_robotics_demo_msgs) StdoutLine: {'line': b'-- Up-to-date: /home/yadhu/ur3e/src/install/unity_robotics_demo_msgs/include/unity_robotics_demo_msgs/unity_robotics_demo_msgs/msg/unity_color.hpp\n'}
[0.479134] (unity_robotics_demo_msgs) StdoutLine: {'line': b'-- Up-to-date: /home/yadhu/ur3e/src/install/unity_robotics_demo_msgs/include/unity_robotics_demo_msgs/unity_robotics_demo_msgs/srv\n'}
[0.479205] (unity_robotics_demo_msgs) StdoutLine: {'line': b'-- Up-to-date: /home/yadhu/ur3e/src/install/unity_robotics_demo_msgs/include/unity_robotics_demo_msgs/unity_robotics_demo_msgs/srv/detail\n'}
[0.479307] (unity_robotics_demo_msgs) StdoutLine: {'line': b'-- Up-to-date: /home/yadhu/ur3e/src/install/unity_robotics_demo_msgs/include/unity_robotics_demo_msgs/unity_robotics_demo_msgs/srv/detail/object_pose_service__struct.hpp\n'}
[0.479387] (unity_robotics_demo_msgs) StdoutLine: {'line': b'-- Up-to-date: /home/yadhu/ur3e/src/install/unity_robotics_demo_msgs/include/unity_robotics_demo_msgs/unity_robotics_demo_msgs/srv/detail/object_pose_service__traits.hpp\n'}
[0.479459] (unity_robotics_demo_msgs) StdoutLine: {'line': b'-- Up-to-date: /home/yadhu/ur3e/src/install/unity_robotics_demo_msgs/include/unity_robotics_demo_msgs/unity_robotics_demo_msgs/srv/detail/object_pose_service__builder.hpp\n'}
[0.479530] (unity_robotics_demo_msgs) StdoutLine: {'line': b'-- Up-to-date: /home/yadhu/ur3e/src/install/unity_robotics_demo_msgs/include/unity_robotics_demo_msgs/unity_robotics_demo_msgs/srv/detail/position_service__builder.hpp\n'}
[0.479606] (unity_robotics_demo_msgs) StdoutLine: {'line': b'-- Up-to-date: /home/yadhu/ur3e/src/install/unity_robotics_demo_msgs/include/unity_robotics_demo_msgs/unity_robotics_demo_msgs/srv/detail/position_service__traits.hpp\n'}
[0.479792] (unity_robotics_demo_msgs) StdoutLine: {'line': b'-- Up-to-date: /home/yadhu/ur3e/src/install/unity_robotics_demo_msgs/include/unity_robotics_demo_msgs/unity_robotics_demo_msgs/srv/detail/position_service__struct.hpp\n'}
[0.479863] (unity_robotics_demo_msgs) StdoutLine: {'line': b'-- Up-to-date: /home/yadhu/ur3e/src/install/unity_robotics_demo_msgs/include/unity_robotics_demo_msgs/unity_robotics_demo_msgs/srv/object_pose_service.hpp\n'}
[0.479914] (unity_robotics_demo_msgs) StdoutLine: {'line': b'-- Up-to-date: /home/yadhu/ur3e/src/install/unity_robotics_demo_msgs/include/unity_robotics_demo_msgs/unity_robotics_demo_msgs/srv/position_service.hpp\n'}
[0.479961] (unity_robotics_demo_msgs) StdoutLine: {'line': b'-- Up-to-date: /home/yadhu/ur3e/src/install/unity_robotics_demo_msgs/include/unity_robotics_demo_msgs/unity_robotics_demo_msgs\n'}
[0.480008] (unity_robotics_demo_msgs) StdoutLine: {'line': b'-- Up-to-date: /home/yadhu/ur3e/src/install/unity_robotics_demo_msgs/include/unity_robotics_demo_msgs/unity_robotics_demo_msgs/msg\n'}
[0.480054] (unity_robotics_demo_msgs) StdoutLine: {'line': b'-- Up-to-date: /home/yadhu/ur3e/src/install/unity_robotics_demo_msgs/include/unity_robotics_demo_msgs/unity_robotics_demo_msgs/msg/rosidl_typesupport_fastrtps_cpp__visibility_control.h\n'}
[0.480102] (unity_robotics_demo_msgs) StdoutLine: {'line': b'-- Up-to-date: /home/yadhu/ur3e/src/install/unity_robotics_demo_msgs/include/unity_robotics_demo_msgs/unity_robotics_demo_msgs/msg/detail\n'}
[0.480148] (unity_robotics_demo_msgs) StdoutLine: {'line': b'-- Up-to-date: /home/yadhu/ur3e/src/install/unity_robotics_demo_msgs/include/unity_robotics_demo_msgs/unity_robotics_demo_msgs/msg/detail/dds_fastrtps\n'}
[0.480194] (unity_robotics_demo_msgs) StdoutLine: {'line': b'-- Up-to-date: /home/yadhu/ur3e/src/install/unity_robotics_demo_msgs/include/unity_robotics_demo_msgs/unity_robotics_demo_msgs/msg/detail/unity_color__rosidl_typesupport_fastrtps_cpp.hpp\n'}
[0.480247] (unity_robotics_demo_msgs) StdoutLine: {'line': b'-- Up-to-date: /home/yadhu/ur3e/src/install/unity_robotics_demo_msgs/include/unity_robotics_demo_msgs/unity_robotics_demo_msgs/msg/detail/pos_rot__rosidl_typesupport_fastrtps_cpp.hpp\n'}
[0.480307] (unity_robotics_demo_msgs) StdoutLine: {'line': b'-- Up-to-date: /home/yadhu/ur3e/src/install/unity_robotics_demo_msgs/include/unity_robotics_demo_msgs/unity_robotics_demo_msgs/srv\n'}
[0.480429] (unity_robotics_demo_msgs) StdoutLine: {'line': b'-- Up-to-date: /home/yadhu/ur3e/src/install/unity_robotics_demo_msgs/include/unity_robotics_demo_msgs/unity_robotics_demo_msgs/srv/detail\n'}
[0.480481] (unity_robotics_demo_msgs) StdoutLine: {'line': b'-- Up-to-date: /home/yadhu/ur3e/src/install/unity_robotics_demo_msgs/include/unity_robotics_demo_msgs/unity_robotics_demo_msgs/srv/detail/object_pose_service__rosidl_typesupport_fastrtps_cpp.hpp\n'}
[0.480531] (unity_robotics_demo_msgs) StdoutLine: {'line': b'-- Up-to-date: /home/yadhu/ur3e/src/install/unity_robotics_demo_msgs/include/unity_robotics_demo_msgs/unity_robotics_demo_msgs/srv/detail/dds_fastrtps\n'}
[0.480579] (unity_robotics_demo_msgs) StdoutLine: {'line': b'-- Up-to-date: /home/yadhu/ur3e/src/install/unity_robotics_demo_msgs/include/unity_robotics_demo_msgs/unity_robotics_demo_msgs/srv/detail/position_service__rosidl_typesupport_fastrtps_cpp.hpp\n'}
[0.480631] (unity_robotics_demo_msgs) StdoutLine: {'line': b'-- Up-to-date: /home/yadhu/ur3e/src/install/unity_robotics_demo_msgs/lib/libunity_robotics_demo_msgs__rosidl_typesupport_fastrtps_cpp.so\n'}
[0.480680] (unity_robotics_demo_msgs) StdoutLine: {'line': b'-- Up-to-date: /home/yadhu/ur3e/src/install/unity_robotics_demo_msgs/include/unity_robotics_demo_msgs/unity_robotics_demo_msgs\n'}
[0.480729] (unity_robotics_demo_msgs) StdoutLine: {'line': b'-- Up-to-date: /home/yadhu/ur3e/src/install/unity_robotics_demo_msgs/include/unity_robotics_demo_msgs/unity_robotics_demo_msgs/msg\n'}
[0.480778] (unity_robotics_demo_msgs) StdoutLine: {'line': b'-- Up-to-date: /home/yadhu/ur3e/src/install/unity_robotics_demo_msgs/include/unity_robotics_demo_msgs/unity_robotics_demo_msgs/msg/detail\n'}
[0.480829] (unity_robotics_demo_msgs) StdoutLine: {'line': b'-- Up-to-date: /home/yadhu/ur3e/src/install/unity_robotics_demo_msgs/include/unity_robotics_demo_msgs/unity_robotics_demo_msgs/msg/detail/pos_rot__rosidl_typesupport_introspection_cpp.hpp\n'}
[0.480877] (unity_robotics_demo_msgs) StdoutLine: {'line': b'-- Up-to-date: /home/yadhu/ur3e/src/install/unity_robotics_demo_msgs/include/unity_robotics_demo_msgs/unity_robotics_demo_msgs/msg/detail/unity_color__rosidl_typesupport_introspection_cpp.hpp\n'}
[0.480931] (unity_robotics_demo_msgs) StdoutLine: {'line': b'-- Up-to-date: /home/yadhu/ur3e/src/install/unity_robotics_demo_msgs/include/unity_robotics_demo_msgs/unity_robotics_demo_msgs/msg/detail/pos_rot__type_support.cpp\n'}
[0.480981] (unity_robotics_demo_msgs) StdoutLine: {'line': b'-- Up-to-date: /home/yadhu/ur3e/src/install/unity_robotics_demo_msgs/include/unity_robotics_demo_msgs/unity_robotics_demo_msgs/msg/detail/unity_color__type_support.cpp\n'}
[0.481030] (unity_robotics_demo_msgs) StdoutLine: {'line': b'-- Up-to-date: /home/yadhu/ur3e/src/install/unity_robotics_demo_msgs/include/unity_robotics_demo_msgs/unity_robotics_demo_msgs/srv\n'}
[0.481082] (unity_robotics_demo_msgs) StdoutLine: {'line': b'-- Up-to-date: /home/yadhu/ur3e/src/install/unity_robotics_demo_msgs/include/unity_robotics_demo_msgs/unity_robotics_demo_msgs/srv/detail\n'}
[0.481131] (unity_robotics_demo_msgs) StdoutLine: {'line': b'-- Up-to-date: /home/yadhu/ur3e/src/install/unity_robotics_demo_msgs/include/unity_robotics_demo_msgs/unity_robotics_demo_msgs/srv/detail/position_service__type_support.cpp\n'}
[0.481181] (unity_robotics_demo_msgs) StdoutLine: {'line': b'-- Up-to-date: /home/yadhu/ur3e/src/install/unity_robotics_demo_msgs/include/unity_robotics_demo_msgs/unity_robotics_demo_msgs/srv/detail/position_service__rosidl_typesupport_introspection_cpp.hpp\n'}
[0.481235] (unity_robotics_demo_msgs) StdoutLine: {'line': b'-- Up-to-date: /home/yadhu/ur3e/src/install/unity_robotics_demo_msgs/include/unity_robotics_demo_msgs/unity_robotics_demo_msgs/srv/detail/object_pose_service__type_support.cpp\n'}
[0.481289] (unity_robotics_demo_msgs) StdoutLine: {'line': b'-- Up-to-date: /home/yadhu/ur3e/src/install/unity_robotics_demo_msgs/include/unity_robotics_demo_msgs/unity_robotics_demo_msgs/srv/detail/object_pose_service__rosidl_typesupport_introspection_cpp.hpp\n'}
[0.481339] (unity_robotics_demo_msgs) StdoutLine: {'line': b'-- Up-to-date: /home/yadhu/ur3e/src/install/unity_robotics_demo_msgs/lib/libunity_robotics_demo_msgs__rosidl_typesupport_introspection_cpp.so\n'}
[0.481387] (unity_robotics_demo_msgs) StdoutLine: {'line': b'-- Up-to-date: /home/yadhu/ur3e/src/install/unity_robotics_demo_msgs/lib/libunity_robotics_demo_msgs__rosidl_typesupport_cpp.so\n'}
[0.481436] (unity_robotics_demo_msgs) StdoutLine: {'line': b'-- Up-to-date: /home/yadhu/ur3e/src/install/unity_robotics_demo_msgs/share/unity_robotics_demo_msgs/environment/pythonpath.sh\n'}
[0.481484] (unity_robotics_demo_msgs) StdoutLine: {'line': b'-- Up-to-date: /home/yadhu/ur3e/src/install/unity_robotics_demo_msgs/share/unity_robotics_demo_msgs/environment/pythonpath.dsv\n'}
[0.481571] (unity_robotics_demo_msgs) StdoutLine: {'line': b'-- Up-to-date: /home/yadhu/ur3e/src/install/unity_robotics_demo_msgs/local/lib/python3.10/dist-packages/unity_robotics_demo_msgs-0.0.1-py3.10.egg-info\n'}
[0.481620] (unity_robotics_demo_msgs) StdoutLine: {'line': b'-- Installing: /home/yadhu/ur3e/src/install/unity_robotics_demo_msgs/local/lib/python3.10/dist-packages/unity_robotics_demo_msgs-0.0.1-py3.10.egg-info/top_level.txt\n'}
[0.481668] (unity_robotics_demo_msgs) StdoutLine: {'line': b'-- Installing: /home/yadhu/ur3e/src/install/unity_robotics_demo_msgs/local/lib/python3.10/dist-packages/unity_robotics_demo_msgs-0.0.1-py3.10.egg-info/PKG-INFO\n'}
[0.481785] (unity_robotics_demo_msgs) StdoutLine: {'line': b'-- Installing: /home/yadhu/ur3e/src/install/unity_robotics_demo_msgs/local/lib/python3.10/dist-packages/unity_robotics_demo_msgs-0.0.1-py3.10.egg-info/dependency_links.txt\n'}
[0.481836] (unity_robotics_demo_msgs) StdoutLine: {'line': b'-- Installing: /home/yadhu/ur3e/src/install/unity_robotics_demo_msgs/local/lib/python3.10/dist-packages/unity_robotics_demo_msgs-0.0.1-py3.10.egg-info/SOURCES.txt\n'}
[0.481945] (unity_robotics_demo_msgs) StdoutLine: {'line': b'-- Up-to-date: /home/yadhu/ur3e/src/install/unity_robotics_demo_msgs/local/lib/python3.10/dist-packages/unity_robotics_demo_msgs\n'}
[0.481990] (unity_robotics_demo_msgs) StdoutLine: {'line': b'-- Up-to-date: /home/yadhu/ur3e/src/install/unity_robotics_demo_msgs/local/lib/python3.10/dist-packages/unity_robotics_demo_msgs/_unity_robotics_demo_msgs_s.ep.rosidl_typesupport_fastrtps_c.c\n'}
[0.482037] (unity_robotics_demo_msgs) StdoutLine: {'line': b'-- Up-to-date: /home/yadhu/ur3e/src/install/unity_robotics_demo_msgs/local/lib/python3.10/dist-packages/unity_robotics_demo_msgs/_unity_robotics_demo_msgs_s.ep.rosidl_typesupport_introspection_c.c\n'}
[0.482082] (unity_robotics_demo_msgs) StdoutLine: {'line': b'-- Up-to-date: /home/yadhu/ur3e/src/install/unity_robotics_demo_msgs/local/lib/python3.10/dist-packages/unity_robotics_demo_msgs/libunity_robotics_demo_msgs__rosidl_generator_py.so\n'}
[0.482128] (unity_robotics_demo_msgs) StdoutLine: {'line': b'-- Up-to-date: /home/yadhu/ur3e/src/install/unity_robotics_demo_msgs/local/lib/python3.10/dist-packages/unity_robotics_demo_msgs/msg\n'}
[0.482172] (unity_robotics_demo_msgs) StdoutLine: {'line': b'-- Up-to-date: /home/yadhu/ur3e/src/install/unity_robotics_demo_msgs/local/lib/python3.10/dist-packages/unity_robotics_demo_msgs/msg/_unity_color.py\n'}
[0.482217] (unity_robotics_demo_msgs) StdoutLine: {'line': b'-- Up-to-date: /home/yadhu/ur3e/src/install/unity_robotics_demo_msgs/local/lib/python3.10/dist-packages/unity_robotics_demo_msgs/msg/_unity_color_s.c\n'}
[0.482269] (unity_robotics_demo_msgs) StdoutLine: {'line': b'-- Up-to-date: /home/yadhu/ur3e/src/install/unity_robotics_demo_msgs/local/lib/python3.10/dist-packages/unity_robotics_demo_msgs/msg/__init__.py\n'}
[0.482504] (unity_robotics_demo_msgs) StdoutLine: {'line': b'-- Up-to-date: /home/yadhu/ur3e/src/install/unity_robotics_demo_msgs/local/lib/python3.10/dist-packages/unity_robotics_demo_msgs/msg/_pos_rot.py\n'}
[0.482633] (unity_robotics_demo_msgs) StdoutLine: {'line': b'-- Up-to-date: /home/yadhu/ur3e/src/install/unity_robotics_demo_msgs/local/lib/python3.10/dist-packages/unity_robotics_demo_msgs/msg/_pos_rot_s.c\n'}
[0.482720] (unity_robotics_demo_msgs) StdoutLine: {'line': b'-- Up-to-date: /home/yadhu/ur3e/src/install/unity_robotics_demo_msgs/local/lib/python3.10/dist-packages/unity_robotics_demo_msgs/srv\n'}
[0.482803] (unity_robotics_demo_msgs) StdoutLine: {'line': b'-- Up-to-date: /home/yadhu/ur3e/src/install/unity_robotics_demo_msgs/local/lib/python3.10/dist-packages/unity_robotics_demo_msgs/srv/_object_pose_service_s.c\n'}
[0.482930] (unity_robotics_demo_msgs) StdoutLine: {'line': b'-- Up-to-date: /home/yadhu/ur3e/src/install/unity_robotics_demo_msgs/local/lib/python3.10/dist-packages/unity_robotics_demo_msgs/srv/_position_service.py\n'}
[0.483061] (unity_robotics_demo_msgs) StdoutLine: {'line': b'-- Up-to-date: /home/yadhu/ur3e/src/install/unity_robotics_demo_msgs/local/lib/python3.10/dist-packages/unity_robotics_demo_msgs/srv/__init__.py\n'}
[0.483529] (unity_robotics_demo_msgs) StdoutLine: {'line': b'-- Up-to-date: /home/yadhu/ur3e/src/install/unity_robotics_demo_msgs/local/lib/python3.10/dist-packages/unity_robotics_demo_msgs/srv/_position_service_s.c\n'}
[0.483768] (unity_robotics_demo_msgs) StdoutLine: {'line': b'-- Up-to-date: /home/yadhu/ur3e/src/install/unity_robotics_demo_msgs/local/lib/python3.10/dist-packages/unity_robotics_demo_msgs/srv/_object_pose_service.py\n'}
[0.483873] (unity_robotics_demo_msgs) StdoutLine: {'line': b'-- Up-to-date: /home/yadhu/ur3e/src/install/unity_robotics_demo_msgs/local/lib/python3.10/dist-packages/unity_robotics_demo_msgs/__init__.py\n'}
[0.483954] (unity_robotics_demo_msgs) StdoutLine: {'line': b'-- Up-to-date: /home/yadhu/ur3e/src/install/unity_robotics_demo_msgs/local/lib/python3.10/dist-packages/unity_robotics_demo_msgs/unity_robotics_demo_msgs_s__rosidl_typesupport_introspection_c.cpython-310-x86_64-linux-gnu.so\n'}
[0.484184] (unity_robotics_demo_msgs) StdoutLine: {'line': b'-- Up-to-date: /home/yadhu/ur3e/src/install/unity_robotics_demo_msgs/local/lib/python3.10/dist-packages/unity_robotics_demo_msgs/unity_robotics_demo_msgs_s__rosidl_typesupport_c.cpython-310-x86_64-linux-gnu.so\n'}
[0.484296] (unity_robotics_demo_msgs) StdoutLine: {'line': b'-- Up-to-date: /home/yadhu/ur3e/src/install/unity_robotics_demo_msgs/local/lib/python3.10/dist-packages/unity_robotics_demo_msgs/unity_robotics_demo_msgs_s__rosidl_typesupport_fastrtps_c.cpython-310-x86_64-linux-gnu.so\n'}
[0.484404] (unity_robotics_demo_msgs) StdoutLine: {'line': b'-- Up-to-date: /home/yadhu/ur3e/src/install/unity_robotics_demo_msgs/local/lib/python3.10/dist-packages/unity_robotics_demo_msgs/_unity_robotics_demo_msgs_s.ep.rosidl_typesupport_c.c\n'}
[0.484629] (ur_description) CommandEnded: {'returncode': 0}
[0.500348] (-) TimerEvent: {}
[0.501800] (ur_description) JobProgress: {'identifier': 'ur_description', 'progress': 'install'}
[0.501880] (unity_robotics_demo_msgs) StdoutLine: {'line': b"Listing '/home/yadhu/ur3e/src/install/unity_robotics_demo_msgs/local/lib/python3.10/dist-packages/unity_robotics_demo_msgs'...\n"}
[0.502685] (unity_robotics_demo_msgs) StdoutLine: {'line': b"Listing '/home/yadhu/ur3e/src/install/unity_robotics_demo_msgs/local/lib/python3.10/dist-packages/unity_robotics_demo_msgs/msg'...\n"}
[0.502929] (unity_robotics_demo_msgs) StdoutLine: {'line': b"Listing '/home/yadhu/ur3e/src/install/unity_robotics_demo_msgs/local/lib/python3.10/dist-packages/unity_robotics_demo_msgs/srv'...\n"}
[0.502989] (ur_description) Command: {'cmd': ['/usr/bin/cmake', '--install', '/home/yadhu/ur3e/src/build/ur_description'], 'cwd': '/home/yadhu/ur3e/src/build/ur_description', 'env': OrderedDict([('HOSTNAME', 'yadhuk'), ('GIT_ASKPASS', '/vscode/vscode-server/bin/linux-x64/e54c774e0add60467559eb0d1e229c6452cf8447/extensions/git/dist/askpass.sh'), ('SHLVL', '2'), ('LD_LIBRARY_PATH', '/usr/lib/x86_64-linux-gnu/gazebo-11/plugins:/opt/ros/humble/opt/rviz_ogre_vendor/lib:/opt/ros/humble/lib/x86_64-linux-gnu:/opt/ros/humble/lib'), ('BROWSER', '/vscode/vscode-server/bin/linux-x64/e54c774e0add60467559eb0d1e229c6452cf8447/bin/helpers/browser.sh'), ('HOME', '/home/yadhu'), ('OLDPWD', '/home/yadhu/ur3e'), ('TERM_PROGRAM_VERSION', '1.97.2'), ('VSCODE_IPC_HOOK_CLI', '/tmp/vscode-ipc-191d809e-ad6a-48a3-8c83-2991c7349be6.sock'), ('DEBUGPY_ADAPTER_ENDPOINTS', '/home/yadhu/.vscode-server/extensions/ms-python.debugpy-2025.0.1-linux-x64/.noConfigDebugAdapterEndpoints/endpoint-00e5a96652343ffc.txt'), ('ROS_PYTHON_VERSION', '3'), ('VSCODE_GIT_ASKPASS_MAIN', '/vscode/vscode-server/bin/linux-x64/e54c774e0add60467559eb0d1e229c6452cf8447/extensions/git/dist/askpass-main.js'), ('VSCODE_GIT_ASKPASS_NODE', '/vscode/vscode-server/bin/linux-x64/e54c774e0add60467559eb0d1e229c6452cf8447/node'), ('PYDEVD_DISABLE_FILE_VALIDATION', '1'), ('BUNDLED_DEBUGPY_PATH', '/home/yadhu/.vscode-server/extensions/ms-python.debugpy-2025.0.1-linux-x64/bundled/libs/debugpy'), ('COLORTERM', 'truecolor'), ('REMOTE_CONTAINERS', 'true'), ('ROS_DISTRO', 'humble'), ('REMOTE_CONTAINERS_IPC', '/tmp/vscode-remote-containers-ipc-3b15b7cf-88ad-4a56-828c-69c61a495d31.sock'), ('_', '/usr/bin/colcon'), ('ROS_VERSION', '2'), ('TERM', 'xterm-256color'), ('ROS_LOCALHOST_ONLY', '0'), ('PATH', '/vscode/vscode-server/bin/linux-x64/e54c774e0add60467559eb0d1e229c6452cf8447/bin/remote-cli:/opt/ros/humble/bin:/usr/local/sbin:/usr/local/bin:/usr/sbin:/usr/bin:/sbin:/bin:/home/yadhu/.vscode-server/extensions/ms-python.debugpy-2025.0.1-linux-x64/bundled/scripts/noConfigScripts'), ('REMOTE_CONTAINERS_SOCKETS', '["/tmp/vscode-ssh-auth-3b15b7cf-88ad-4a56-828c-69c61a495d31.sock","/home/yadhu/.gnupg/S.gpg-agent"]'), ('DISPLAY', ':1'), ('LANG', 'C.UTF-8'), ('RMW_IMPLEMENTATION', 'rmw_cyclonedds_cpp'), ('LS_COLORS', 'rs=0:di=01;34:ln=01;36:mh=00:pi=40;33:so=01;35:do=01;35:bd=40;33;01:cd=40;33;01:or=40;31;01:mi=00:su=37;41:sg=30;43:ca=30;41:tw=30;42:ow=34;42:st=37;44:ex=01;32:*.tar=01;31:*.tgz=01;31:*.arc=01;31:*.arj=01;31:*.taz=01;31:*.lha=01;31:*.lz4=01;31:*.lzh=01;31:*.lzma=01;31:*.tlz=01;31:*.txz=01;31:*.tzo=01;31:*.t7z=01;31:*.zip=01;31:*.z=01;31:*.dz=01;31:*.gz=01;31:*.lrz=01;31:*.lz=01;31:*.lzo=01;31:*.xz=01;31:*.zst=01;31:*.tzst=01;31:*.bz2=01;31:*.bz=01;31:*.tbz=01;31:*.tbz2=01;31:*.tz=01;31:*.deb=01;31:*.rpm=01;31:*.jar=01;31:*.war=01;31:*.ear=01;31:*.sar=01;31:*.rar=01;31:*.alz=01;31:*.ace=01;31:*.zoo=01;31:*.cpio=01;31:*.7z=01;31:*.rz=01;31:*.cab=01;31:*.wim=01;31:*.swm=01;31:*.dwm=01;31:*.esd=01;31:*.jpg=01;35:*.jpeg=01;35:*.mjpg=01;35:*.mjpeg=01;35:*.gif=01;35:*.bmp=01;35:*.pbm=01;35:*.pgm=01;35:*.ppm=01;35:*.tga=01;35:*.xbm=01;35:*.xpm=01;35:*.tif=01;35:*.tiff=01;35:*.png=01;35:*.svg=01;35:*.svgz=01;35:*.mng=01;35:*.pcx=01;35:*.mov=01;35:*.mpg=01;35:*.mpeg=01;35:*.m2v=01;35:*.mkv=01;35:*.webm=01;35:*.webp=01;35:*.ogm=01;35:*.mp4=01;35:*.m4v=01;35:*.mp4v=01;35:*.vob=01;35:*.qt=01;35:*.nuv=01;35:*.wmv=01;35:*.asf=01;35:*.rm=01;35:*.rmvb=01;35:*.flc=01;35:*.avi=01;35:*.fli=01;35:*.flv=01;35:*.gl=01;35:*.dl=01;35:*.xcf=01;35:*.xwd=01;35:*.yuv=01;35:*.cgm=01;35:*.emf=01;35:*.ogv=01;35:*.ogx=01;35:*.aac=00;36:*.au=00;36:*.flac=00;36:*.m4a=00;36:*.mid=00;36:*.midi=00;36:*.mka=00;36:*.mp3=00;36:*.mpc=00;36:*.ogg=00;36:*.ra=00;36:*.wav=00;36:*.oga=00;36:*.opus=00;36:*.spx=00;36:*.xspf=00;36:'), ('VSCODE_GIT_IPC_HANDLE', '/tmp/vscode-git-09c052f1c4.sock'), ('TERM_PROGRAM', 'vscode'), ('SSH_AUTH_SOCK', '/tmp/vscode-ssh-auth-3b15b7cf-88ad-4a56-828c-69c61a495d31.sock'), ('ROS_DOMAIN_ID', '42'), ('AMENT_PREFIX_PATH', '/home/yadhu/ur3e/src/install/robotiq_description:/opt/ros/humble'), ('SHELL', '/bin/bash'), ('ROS_AUTOMATIC_DISCOVERY_RANGE', 'LOCALHOST'), ('VSCODE_GIT_ASKPASS_EXTRA_ARGS', ''), ('PWD', '/home/yadhu/ur3e/src/build/ur_description'), ('LC_ALL', 'C.UTF-8'), ('PYTHONPATH', '/opt/ros/humble/lib/python3.10/site-packages:/opt/ros/humble/local/lib/python3.10/dist-packages'), ('COLCON', '1'), ('CMAKE_PREFIX_PATH', '/home/yadhu/ur3e/src/install/robotiq_description:/opt/ros/humble')]), 'shell': False}
[0.506075] (unity_robotics_demo_msgs) StdoutLine: {'line': b'-- Up-to-date: /home/yadhu/ur3e/src/install/unity_robotics_demo_msgs/local/lib/python3.10/dist-packages/unity_robotics_demo_msgs/unity_robotics_demo_msgs_s__rosidl_typesupport_fastrtps_c.cpython-310-x86_64-linux-gnu.so\n'}
[0.506357] (unity_robotics_demo_msgs) StdoutLine: {'line': b'-- Up-to-date: /home/yadhu/ur3e/src/install/unity_robotics_demo_msgs/local/lib/python3.10/dist-packages/unity_robotics_demo_msgs/unity_robotics_demo_msgs_s__rosidl_typesupport_introspection_c.cpython-310-x86_64-linux-gnu.so\n'}
[0.506655] (unity_robotics_demo_msgs) StdoutLine: {'line': b'-- Up-to-date: /home/yadhu/ur3e/src/install/unity_robotics_demo_msgs/local/lib/python3.10/dist-packages/unity_robotics_demo_msgs/unity_robotics_demo_msgs_s__rosidl_typesupport_c.cpython-310-x86_64-linux-gnu.so\n'}
[0.506912] (unity_robotics_demo_msgs) StdoutLine: {'line': b'-- Up-to-date: /home/yadhu/ur3e/src/install/unity_robotics_demo_msgs/lib/libunity_robotics_demo_msgs__rosidl_generator_py.so\n'}
[0.507081] (unity_robotics_demo_msgs) StdoutLine: {'line': b'-- Up-to-date: /home/yadhu/ur3e/src/install/unity_robotics_demo_msgs/share/unity_robotics_demo_msgs/msg/PosRot.idl\n'}
[0.507156] (unity_robotics_demo_msgs) StdoutLine: {'line': b'-- Up-to-date: /home/yadhu/ur3e/src/install/unity_robotics_demo_msgs/share/unity_robotics_demo_msgs/msg/UnityColor.idl\n'}
[0.507244] (unity_robotics_demo_msgs) StdoutLine: {'line': b'-- Up-to-date: /home/yadhu/ur3e/src/install/unity_robotics_demo_msgs/share/unity_robotics_demo_msgs/srv/PositionService.idl\n'}
[0.507412] (unity_robotics_demo_msgs) StdoutLine: {'line': b'-- Up-to-date: /home/yadhu/ur3e/src/install/unity_robotics_demo_msgs/share/unity_robotics_demo_msgs/srv/ObjectPoseService.idl\n'}
[0.507546] (unity_robotics_demo_msgs) StdoutLine: {'line': b'-- Up-to-date: /home/yadhu/ur3e/src/install/unity_robotics_demo_msgs/share/unity_robotics_demo_msgs/msg/PosRot.msg\n'}
[0.508038] (unity_robotics_demo_msgs) StdoutLine: {'line': b'-- Up-to-date: /home/yadhu/ur3e/src/install/unity_robotics_demo_msgs/share/unity_robotics_demo_msgs/msg/UnityColor.msg\n'}
[0.508110] (unity_robotics_demo_msgs) StdoutLine: {'line': b'-- Up-to-date: /home/yadhu/ur3e/src/install/unity_robotics_demo_msgs/share/unity_robotics_demo_msgs/srv/PositionService.srv\n'}
[0.508427] (unity_robotics_demo_msgs) StdoutLine: {'line': b'-- Up-to-date: /home/yadhu/ur3e/src/install/unity_robotics_demo_msgs/share/unity_robotics_demo_msgs/srv/PositionService_Request.msg\n'}
[0.508621] (unity_robotics_demo_msgs) StdoutLine: {'line': b'-- Up-to-date: /home/yadhu/ur3e/src/install/unity_robotics_demo_msgs/share/unity_robotics_demo_msgs/srv/PositionService_Response.msg\n'}
[0.508664] (ur_description) StdoutLine: {'line': b'-- Install configuration: ""\n'}
[0.508872] (ur_description) StdoutLine: {'line': b'-- Up-to-date: /home/yadhu/ur3e/src/install/ur_description/share/ur_description/config\n'}
[0.508920] (ur_description) StdoutLine: {'line': b'-- Up-to-date: /home/yadhu/ur3e/src/install/ur_description/share/ur_description/config/ur_controllers.yaml\n'}
[0.508958] (ur_description) StdoutLine: {'line': b'-- Up-to-date: /home/yadhu/ur3e/src/install/ur_description/share/ur_description/config/ur10e\n'}
[0.508993] (ur_description) StdoutLine: {'line': b'-- Up-to-date: /home/yadhu/ur3e/src/install/ur_description/share/ur_description/config/ur10e/joint_limits.yaml\n'}
[0.509026] (ur_description) StdoutLine: {'line': b'-- Up-to-date: /home/yadhu/ur3e/src/install/ur_description/share/ur_description/config/ur10e/visual_parameters.yaml\n'}
[0.509059] (ur_description) StdoutLine: {'line': b'-- Up-to-date: /home/yadhu/ur3e/src/install/ur_description/share/ur_description/config/ur10e/physical_parameters.yaml\n'}
[0.509093] (ur_description) StdoutLine: {'line': b'-- Up-to-date: /home/yadhu/ur3e/src/install/ur_description/share/ur_description/config/ur10e/default_kinematics.yaml\n'}
[0.509126] (ur_description) StdoutLine: {'line': b'-- Up-to-date: /home/yadhu/ur3e/src/install/ur_description/share/ur_description/config/ur30\n'}
[0.509158] (ur_description) StdoutLine: {'line': b'-- Up-to-date: /home/yadhu/ur3e/src/install/ur_description/share/ur_description/config/ur30/joint_limits.yaml\n'}
[0.509191] (ur_description) StdoutLine: {'line': b'-- Up-to-date: /home/yadhu/ur3e/src/install/ur_description/share/ur_description/config/ur30/visual_parameters.yaml\n'}
[0.509222] (ur_description) StdoutLine: {'line': b'-- Up-to-date: /home/yadhu/ur3e/src/install/ur_description/share/ur_description/config/ur30/physical_parameters.yaml\n'}
[0.509600] (ur_description) StdoutLine: {'line': b'-- Up-to-date: /home/yadhu/ur3e/src/install/ur_description/share/ur_description/config/ur30/default_kinematics.yaml\n'}
[0.509935] (ur_description) StdoutLine: {'line': b'-- Up-to-date: /home/yadhu/ur3e/src/install/ur_description/share/ur_description/config/ur5e\n'}
[0.510008] (unity_robotics_demo_msgs) StdoutLine: {'line': b'-- Up-to-date: /home/yadhu/ur3e/src/install/unity_robotics_demo_msgs/share/unity_robotics_demo_msgs/srv/ObjectPoseService.srv\n'}
[0.510368] (unity_robotics_demo_msgs) StdoutLine: {'line': b'-- Up-to-date: /home/yadhu/ur3e/src/install/unity_robotics_demo_msgs/share/unity_robotics_demo_msgs/srv/ObjectPoseService_Request.msg\n'}
[0.510514] (unity_robotics_demo_msgs) StdoutLine: {'line': b'-- Up-to-date: /home/yadhu/ur3e/src/install/unity_robotics_demo_msgs/share/unity_robotics_demo_msgs/srv/ObjectPoseService_Response.msg\n'}
[0.510579] (unity_robotics_demo_msgs) StdoutLine: {'line': b'-- Up-to-date: /home/yadhu/ur3e/src/install/unity_robotics_demo_msgs/share/ament_index/resource_index/package_run_dependencies/unity_robotics_demo_msgs\n'}
[0.510663] (unity_robotics_demo_msgs) StdoutLine: {'line': b'-- Up-to-date: /home/yadhu/ur3e/src/install/unity_robotics_demo_msgs/share/ament_index/resource_index/parent_prefix_path/unity_robotics_demo_msgs\n'}
[0.510718] (ur_description) StdoutLine: {'line': b'-- Up-to-date: /home/yadhu/ur3e/src/install/ur_description/share/ur_description/config/ur5e/joint_limits.yaml\n'}
[0.510774] (ur_description) StdoutLine: {'line': b'-- Up-to-date: /home/yadhu/ur3e/src/install/ur_description/share/ur_description/config/ur5e/visual_parameters.yaml\n'}
[0.510824] (ur_description) StdoutLine: {'line': b'-- Up-to-date: /home/yadhu/ur3e/src/install/ur_description/share/ur_description/config/ur5e/physical_parameters.yaml\n'}
[0.510874] (ur_description) StdoutLine: {'line': b'-- Up-to-date: /home/yadhu/ur3e/src/install/ur_description/share/ur_description/config/ur5e/default_kinematics.yaml\n'}
[0.510923] (ur_description) StdoutLine: {'line': b'-- Up-to-date: /home/yadhu/ur3e/src/install/ur_description/share/ur_description/config/ur5\n'}
[0.510973] (ur_description) StdoutLine: {'line': b'-- Up-to-date: /home/yadhu/ur3e/src/install/ur_description/share/ur_description/config/ur5/joint_limits.yaml\n'}
[0.511023] (ur_description) StdoutLine: {'line': b'-- Up-to-date: /home/yadhu/ur3e/src/install/ur_description/share/ur_description/config/ur5/visual_parameters.yaml\n'}
[0.511076] (ur_description) StdoutLine: {'line': b'-- Up-to-date: /home/yadhu/ur3e/src/install/ur_description/share/ur_description/config/ur5/physical_parameters.yaml\n'}
[0.511130] (ur_description) StdoutLine: {'line': b'-- Up-to-date: /home/yadhu/ur3e/src/install/ur_description/share/ur_description/config/ur5/default_kinematics.yaml\n'}
[0.511182] (ur_description) StdoutLine: {'line': b'-- Up-to-date: /home/yadhu/ur3e/src/install/ur_description/share/ur_description/config/ur3e\n'}
[0.511240] (ur_description) StdoutLine: {'line': b'-- Up-to-date: /home/yadhu/ur3e/src/install/ur_description/share/ur_description/config/ur3e/joint_limits.yaml\n'}
[0.511368] (ur_description) StdoutLine: {'line': b'-- Up-to-date: /home/yadhu/ur3e/src/install/ur_description/share/ur_description/config/ur3e/visual_parameters.yaml\n'}
[0.511424] (ur_description) StdoutLine: {'line': b'-- Up-to-date: /home/yadhu/ur3e/src/install/ur_description/share/ur_description/config/ur3e/physical_parameters.yaml\n'}
[0.511477] (ur_description) StdoutLine: {'line': b'-- Up-to-date: /home/yadhu/ur3e/src/install/ur_description/share/ur_description/config/ur3e/default_kinematics.yaml\n'}
[0.511575] (ur_description) StdoutLine: {'line': b'-- Up-to-date: /home/yadhu/ur3e/src/install/ur_description/share/ur_description/config/ur10\n'}
[0.511833] (unity_robotics_demo_msgs) StdoutLine: {'line': b'-- Up-to-date: /home/yadhu/ur3e/src/install/unity_robotics_demo_msgs/share/unity_robotics_demo_msgs/environment/ament_prefix_path.sh\n'}
[0.512345] (unity_robotics_demo_msgs) StdoutLine: {'line': b'-- Up-to-date: /home/yadhu/ur3e/src/install/unity_robotics_demo_msgs/share/unity_robotics_demo_msgs/environment/ament_prefix_path.dsv\n'}
[0.512394] (unity_robotics_demo_msgs) StdoutLine: {'line': b'-- Up-to-date: /home/yadhu/ur3e/src/install/unity_robotics_demo_msgs/share/unity_robotics_demo_msgs/environment/path.sh\n'}
[0.512429] (unity_robotics_demo_msgs) StdoutLine: {'line': b'-- Up-to-date: /home/yadhu/ur3e/src/install/unity_robotics_demo_msgs/share/unity_robotics_demo_msgs/environment/path.dsv\n'}
[0.512461] (unity_robotics_demo_msgs) StdoutLine: {'line': b'-- Up-to-date: /home/yadhu/ur3e/src/install/unity_robotics_demo_msgs/share/unity_robotics_demo_msgs/local_setup.bash\n'}
[0.512778] (unity_robotics_demo_msgs) StdoutLine: {'line': b'-- Up-to-date: /home/yadhu/ur3e/src/install/unity_robotics_demo_msgs/share/unity_robotics_demo_msgs/local_setup.sh\n'}
[0.512809] (ur_description) StdoutLine: {'line': b'-- Up-to-date: /home/yadhu/ur3e/src/install/ur_description/share/ur_description/config/ur10/joint_limits.yaml\n'}
[0.512980] (unity_robotics_demo_msgs) StdoutLine: {'line': b'-- Up-to-date: /home/yadhu/ur3e/src/install/unity_robotics_demo_msgs/share/unity_robotics_demo_msgs/local_setup.zsh\n'}
[0.513135] (ur_description) StdoutLine: {'line': b'-- Up-to-date: /home/yadhu/ur3e/src/install/ur_description/share/ur_description/config/ur10/visual_parameters.yaml\n'}
[0.513343] (ur_description) StdoutLine: {'line': b'-- Up-to-date: /home/yadhu/ur3e/src/install/ur_description/share/ur_description/config/ur10/physical_parameters.yaml\n'}
[0.513578] (ur_description) StdoutLine: {'line': b'-- Up-to-date: /home/yadhu/ur3e/src/install/ur_description/share/ur_description/config/ur10/default_kinematics.yaml\n'}
[0.513704] (ur_description) StdoutLine: {'line': b'-- Up-to-date: /home/yadhu/ur3e/src/install/ur_description/share/ur_description/config/initial_positions.yaml\n'}
[0.513814] (ur_description) StdoutLine: {'line': b'-- Up-to-date: /home/yadhu/ur3e/src/install/ur_description/share/ur_description/config/ros2control_controllers.yaml\n'}
[0.513919] (ur_description) StdoutLine: {'line': b'-- Up-to-date: /home/yadhu/ur3e/src/install/ur_description/share/ur_description/config/ur20\n'}
[0.514012] (ur_description) StdoutLine: {'line': b'-- Up-to-date: /home/yadhu/ur3e/src/install/ur_description/share/ur_description/config/ur20/joint_limits.yaml\n'}
[0.514103] (ur_description) StdoutLine: {'line': b'-- Up-to-date: /home/yadhu/ur3e/src/install/ur_description/share/ur_description/config/ur20/visual_parameters.yaml\n'}
[0.514189] (ur_description) StdoutLine: {'line': b'-- Up-to-date: /home/yadhu/ur3e/src/install/ur_description/share/ur_description/config/ur20/physical_parameters.yaml\n'}
[0.514331] (ur_description) StdoutLine: {'line': b'-- Up-to-date: /home/yadhu/ur3e/src/install/ur_description/share/ur_description/config/ur20/default_kinematics.yaml\n'}
[0.514420] (ur_description) StdoutLine: {'line': b'-- Up-to-date: /home/yadhu/ur3e/src/install/ur_description/share/ur_description/config/ur3\n'}
[0.514506] (ur_description) StdoutLine: {'line': b'-- Up-to-date: /home/yadhu/ur3e/src/install/ur_description/share/ur_description/config/ur3/joint_limits.yaml\n'}
[0.514609] (ur_description) StdoutLine: {'line': b'-- Up-to-date: /home/yadhu/ur3e/src/install/ur_description/share/ur_description/config/ur3/visual_parameters.yaml\n'}
[0.514712] (unity_robotics_demo_msgs) StdoutLine: {'line': b'-- Up-to-date: /home/yadhu/ur3e/src/install/unity_robotics_demo_msgs/share/unity_robotics_demo_msgs/local_setup.dsv\n'}
[0.514780] (unity_robotics_demo_msgs) StdoutLine: {'line': b'-- Installing: /home/yadhu/ur3e/src/install/unity_robotics_demo_msgs/share/unity_robotics_demo_msgs/package.dsv\n'}
[0.514844] (unity_robotics_demo_msgs) StdoutLine: {'line': b'-- Up-to-date: /home/yadhu/ur3e/src/install/unity_robotics_demo_msgs/share/ament_index/resource_index/packages/unity_robotics_demo_msgs\n'}
[0.514907] (ur_description) StdoutLine: {'line': b'-- Up-to-date: /home/yadhu/ur3e/src/install/ur_description/share/ur_description/config/ur3/physical_parameters.yaml\n'}
[0.514969] (ur_description) StdoutLine: {'line': b'-- Up-to-date: /home/yadhu/ur3e/src/install/ur_description/share/ur_description/config/ur3/default_kinematics.yaml\n'}
[0.515032] (ur_description) StdoutLine: {'line': b'-- Up-to-date: /home/yadhu/ur3e/src/install/ur_description/share/ur_description/config/ur16e\n'}
[0.515095] (ur_description) StdoutLine: {'line': b'-- Up-to-date: /home/yadhu/ur3e/src/install/ur_description/share/ur_description/config/ur16e/joint_limits.yaml\n'}
[0.515157] (ur_description) StdoutLine: {'line': b'-- Up-to-date: /home/yadhu/ur3e/src/install/ur_description/share/ur_description/config/ur16e/visual_parameters.yaml\n'}
[0.515223] (ur_description) StdoutLine: {'line': b'-- Up-to-date: /home/yadhu/ur3e/src/install/ur_description/share/ur_description/config/ur16e/physical_parameters.yaml\n'}
[0.515295] (ur_description) StdoutLine: {'line': b'-- Up-to-date: /home/yadhu/ur3e/src/install/ur_description/share/ur_description/config/ur16e/default_kinematics.yaml\n'}
[0.515359] (ur_description) StdoutLine: {'line': b'-- Up-to-date: /home/yadhu/ur3e/src/install/ur_description/share/ur_description/launch\n'}
[0.515426] (ur_description) StdoutLine: {'line': b'-- Up-to-date: /home/yadhu/ur3e/src/install/ur_description/share/ur_description/launch/gazebo.launch.py\n'}
[0.515489] (ur_description) StdoutLine: {'line': b'-- Up-to-date: /home/yadhu/ur3e/src/install/ur_description/share/ur_description/launch/rviz.launch.py\n'}
[0.515551] (ur_description) StdoutLine: {'line': b'-- Up-to-date: /home/yadhu/ur3e/src/install/ur_description/share/ur_description/meshes\n'}
[0.515614] (ur_description) StdoutLine: {'line': b'-- Up-to-date: /home/yadhu/ur3e/src/install/ur_description/share/ur_description/meshes/ur10e\n'}
[0.515677] (ur_description) StdoutLine: {'line': b'-- Up-to-date: /home/yadhu/ur3e/src/install/ur_description/share/ur_description/meshes/ur10e/collision\n'}
[0.515745] (ur_description) StdoutLine: {'line': b'-- Up-to-date: /home/yadhu/ur3e/src/install/ur_description/share/ur_description/meshes/ur10e/collision/wrist2.stl\n'}
[0.515809] (ur_description) StdoutLine: {'line': b'-- Up-to-date: /home/yadhu/ur3e/src/install/ur_description/share/ur_description/meshes/ur10e/collision/base.stl\n'}
[0.515871] (ur_description) StdoutLine: {'line': b'-- Up-to-date: /home/yadhu/ur3e/src/install/ur_description/share/ur_description/meshes/ur10e/collision/upperarm.stl\n'}
[0.515931] (ur_description) StdoutLine: {'line': b'-- Up-to-date: /home/yadhu/ur3e/src/install/ur_description/share/ur_description/meshes/ur10e/collision/forearm.stl\n'}
[0.515993] (ur_description) StdoutLine: {'line': b'-- Up-to-date: /home/yadhu/ur3e/src/install/ur_description/share/ur_description/meshes/ur10e/collision/wrist1.stl\n'}
[0.516057] (ur_description) StdoutLine: {'line': b'-- Up-to-date: /home/yadhu/ur3e/src/install/ur_description/share/ur_description/meshes/ur10e/collision/shoulder.stl\n'}
[0.516123] (ur_description) StdoutLine: {'line': b'-- Up-to-date: /home/yadhu/ur3e/src/install/ur_description/share/ur_description/meshes/ur10e/collision/wrist3.stl\n'}
[0.516203] (ur_description) StdoutLine: {'line': b'-- Up-to-date: /home/yadhu/ur3e/src/install/ur_description/share/ur_description/meshes/ur10e/visual\n'}
[0.516313] (ur_description) StdoutLine: {'line': b'-- Up-to-date: /home/yadhu/ur3e/src/install/ur_description/share/ur_description/meshes/ur10e/visual/wrist2.dae\n'}
[0.516406] (ur_description) StdoutLine: {'line': b'-- Up-to-date: /home/yadhu/ur3e/src/install/ur_description/share/ur_description/meshes/ur10e/visual/base.dae\n'}
[0.516487] (ur_description) StdoutLine: {'line': b'-- Up-to-date: /home/yadhu/ur3e/src/install/ur_description/share/ur_description/meshes/ur10e/visual/wrist3.dae\n'}
[0.516590] (ur_description) StdoutLine: {'line': b'-- Up-to-date: /home/yadhu/ur3e/src/install/ur_description/share/ur_description/meshes/ur10e/visual/upperarm.dae\n'}
[0.516676] (ur_description) StdoutLine: {'line': b'-- Up-to-date: /home/yadhu/ur3e/src/install/ur_description/share/ur_description/meshes/ur10e/visual/wrist1.dae\n'}
[0.516781] (ur_description) StdoutLine: {'line': b'-- Up-to-date: /home/yadhu/ur3e/src/install/ur_description/share/ur_description/meshes/ur10e/visual/forearm.dae\n'}
[0.516870] (ur_description) StdoutLine: {'line': b'-- Up-to-date: /home/yadhu/ur3e/src/install/ur_description/share/ur_description/meshes/ur10e/visual/shoulder.dae\n'}
[0.516939] (ur_description) StdoutLine: {'line': b'-- Up-to-date: /home/yadhu/ur3e/src/install/ur_description/share/ur_description/meshes/ur30\n'}
[0.517008] (ur_description) StdoutLine: {'line': b'-- Up-to-date: /home/yadhu/ur3e/src/install/ur_description/share/ur_description/meshes/ur30/LICENSE.txt\n'}
[0.517083] (ur_description) StdoutLine: {'line': b'-- Up-to-date: /home/yadhu/ur3e/src/install/ur_description/share/ur_description/meshes/ur30/collision\n'}
[0.517158] (ur_description) StdoutLine: {'line': b'-- Up-to-date: /home/yadhu/ur3e/src/install/ur_description/share/ur_description/meshes/ur30/collision/upperarm.stl\n'}
[0.517240] (ur_description) StdoutLine: {'line': b'-- Up-to-date: /home/yadhu/ur3e/src/install/ur_description/share/ur_description/meshes/ur30/collision/forearm.stl\n'}
[0.517323] (ur_description) StdoutLine: {'line': b'-- Up-to-date: /home/yadhu/ur3e/src/install/ur_description/share/ur_description/meshes/ur30/visual\n'}
[0.517406] (unity_robotics_demo_msgs) StdoutLine: {'line': b'-- Up-to-date: /home/yadhu/ur3e/src/install/unity_robotics_demo_msgs/share/unity_robotics_demo_msgs/cmake/export_unity_robotics_demo_msgs__rosidl_generator_cExport.cmake\n'}
[0.517489] (unity_robotics_demo_msgs) StdoutLine: {'line': b'-- Up-to-date: /home/yadhu/ur3e/src/install/unity_robotics_demo_msgs/share/unity_robotics_demo_msgs/cmake/export_unity_robotics_demo_msgs__rosidl_generator_cExport-noconfig.cmake\n'}
[0.517564] (unity_robotics_demo_msgs) StdoutLine: {'line': b'-- Up-to-date: /home/yadhu/ur3e/src/install/unity_robotics_demo_msgs/share/unity_robotics_demo_msgs/cmake/export_unity_robotics_demo_msgs__rosidl_typesupport_fastrtps_cExport.cmake\n'}
[0.517633] (unity_robotics_demo_msgs) StdoutLine: {'line': b'-- Up-to-date: /home/yadhu/ur3e/src/install/unity_robotics_demo_msgs/share/unity_robotics_demo_msgs/cmake/export_unity_robotics_demo_msgs__rosidl_typesupport_fastrtps_cExport-noconfig.cmake\n'}
[0.517699] (ur_description) StdoutLine: {'line': b'-- Up-to-date: /home/yadhu/ur3e/src/install/ur_description/share/ur_description/meshes/ur30/visual/UR30_DIFF_8bit_2K.png\n'}
[0.517765] (ur_description) StdoutLine: {'line': b'-- Up-to-date: /home/yadhu/ur3e/src/install/ur_description/share/ur_description/meshes/ur30/visual/upperarm.dae\n'}
[0.517833] (ur_description) StdoutLine: {'line': b'-- Up-to-date: /home/yadhu/ur3e/src/install/ur_description/share/ur_description/meshes/ur30/visual/forearm.dae\n'}
[0.517900] (ur_description) StdoutLine: {'line': b'-- Up-to-date: /home/yadhu/ur3e/src/install/ur_description/share/ur_description/meshes/ur5e\n'}
[0.517965] (ur_description) StdoutLine: {'line': b'-- Up-to-date: /home/yadhu/ur3e/src/install/ur_description/share/ur_description/meshes/ur5e/collision\n'}
[0.518034] (ur_description) StdoutLine: {'line': b'-- Up-to-date: /home/yadhu/ur3e/src/install/ur_description/share/ur_description/meshes/ur5e/collision/wrist2.stl\n'}
[0.518105] (ur_description) StdoutLine: {'line': b'-- Up-to-date: /home/yadhu/ur3e/src/install/ur_description/share/ur_description/meshes/ur5e/collision/base.stl\n'}
[0.518177] (ur_description) StdoutLine: {'line': b'-- Up-to-date: /home/yadhu/ur3e/src/install/ur_description/share/ur_description/meshes/ur5e/collision/upperarm.stl\n'}
[0.518276] (ur_description) StdoutLine: {'line': b'-- Up-to-date: /home/yadhu/ur3e/src/install/ur_description/share/ur_description/meshes/ur5e/collision/forearm.stl\n'}
[0.518364] (ur_description) StdoutLine: {'line': b'-- Up-to-date: /home/yadhu/ur3e/src/install/ur_description/share/ur_description/meshes/ur5e/collision/wrist1.stl\n'}
[0.518440] (ur_description) StdoutLine: {'line': b'-- Up-to-date: /home/yadhu/ur3e/src/install/ur_description/share/ur_description/meshes/ur5e/collision/shoulder.stl\n'}
[0.518508] (ur_description) StdoutLine: {'line': b'-- Up-to-date: /home/yadhu/ur3e/src/install/ur_description/share/ur_description/meshes/ur5e/collision/wrist3.stl\n'}
[0.518574] (ur_description) StdoutLine: {'line': b'-- Up-to-date: /home/yadhu/ur3e/src/install/ur_description/share/ur_description/meshes/ur5e/visual\n'}
[0.518642] (ur_description) StdoutLine: {'line': b'-- Up-to-date: /home/yadhu/ur3e/src/install/ur_description/share/ur_description/meshes/ur5e/visual/wrist2.dae\n'}
[0.518709] (ur_description) StdoutLine: {'line': b'-- Up-to-date: /home/yadhu/ur3e/src/install/ur_description/share/ur_description/meshes/ur5e/visual/base.dae\n'}
[0.518786] (ur_description) StdoutLine: {'line': b'-- Up-to-date: /home/yadhu/ur3e/src/install/ur_description/share/ur_description/meshes/ur5e/visual/wrist3.dae\n'}
[0.518854] (ur_description) StdoutLine: {'line': b'-- Up-to-date: /home/yadhu/ur3e/src/install/ur_description/share/ur_description/meshes/ur5e/visual/upperarm.dae\n'}
[0.518921] (ur_description) StdoutLine: {'line': b'-- Up-to-date: /home/yadhu/ur3e/src/install/ur_description/share/ur_description/meshes/ur5e/visual/wrist1.dae\n'}
[0.518989] (ur_description) StdoutLine: {'line': b'-- Up-to-date: /home/yadhu/ur3e/src/install/ur_description/share/ur_description/meshes/ur5e/visual/forearm.dae\n'}
[0.519055] (ur_description) StdoutLine: {'line': b'-- Up-to-date: /home/yadhu/ur3e/src/install/ur_description/share/ur_description/meshes/ur5e/visual/shoulder.dae\n'}
[0.519125] (ur_description) StdoutLine: {'line': b'-- Up-to-date: /home/yadhu/ur3e/src/install/ur_description/share/ur_description/meshes/ur5\n'}
[0.519192] (ur_description) StdoutLine: {'line': b'-- Up-to-date: /home/yadhu/ur3e/src/install/ur_description/share/ur_description/meshes/ur5/collision\n'}
[0.519267] (ur_description) StdoutLine: {'line': b'-- Up-to-date: /home/yadhu/ur3e/src/install/ur_description/share/ur_description/meshes/ur5/collision/wrist2.stl\n'}
[0.519338] (ur_description) StdoutLine: {'line': b'-- Up-to-date: /home/yadhu/ur3e/src/install/ur_description/share/ur_description/meshes/ur5/collision/base.stl\n'}
[0.519405] (ur_description) StdoutLine: {'line': b'-- Up-to-date: /home/yadhu/ur3e/src/install/ur_description/share/ur_description/meshes/ur5/collision/upperarm.stl\n'}
[0.519471] (ur_description) StdoutLine: {'line': b'-- Up-to-date: /home/yadhu/ur3e/src/install/ur_description/share/ur_description/meshes/ur5/collision/forearm.stl\n'}
[0.519538] (ur_description) StdoutLine: {'line': b'-- Up-to-date: /home/yadhu/ur3e/src/install/ur_description/share/ur_description/meshes/ur5/collision/wrist1.stl\n'}
[0.519603] (ur_description) StdoutLine: {'line': b'-- Up-to-date: /home/yadhu/ur3e/src/install/ur_description/share/ur_description/meshes/ur5/collision/shoulder.stl\n'}
[0.519671] (unity_robotics_demo_msgs) StdoutLine: {'line': b'-- Up-to-date: /home/yadhu/ur3e/src/install/unity_robotics_demo_msgs/share/unity_robotics_demo_msgs/cmake/unity_robotics_demo_msgs__rosidl_typesupport_introspection_cExport.cmake\n'}
[0.519742] (ur_description) StdoutLine: {'line': b'-- Up-to-date: /home/yadhu/ur3e/src/install/ur_description/share/ur_description/meshes/ur5/collision/wrist3.stl\n'}
[0.519811] (ur_description) StdoutLine: {'line': b'-- Up-to-date: /home/yadhu/ur3e/src/install/ur_description/share/ur_description/meshes/ur5/visual\n'}
[0.519878] (ur_description) StdoutLine: {'line': b'-- Up-to-date: /home/yadhu/ur3e/src/install/ur_description/share/ur_description/meshes/ur5/visual/wrist2.dae\n'}
[0.519945] (ur_description) StdoutLine: {'line': b'-- Up-to-date: /home/yadhu/ur3e/src/install/ur_description/share/ur_description/meshes/ur5/visual/base.dae\n'}
[0.523457] (ur_description) StdoutLine: {'line': b'-- Up-to-date: /home/yadhu/ur3e/src/install/ur_description/share/ur_description/meshes/ur5/visual/wrist3.dae\n'}
[0.523568] (unity_robotics_demo_msgs) StdoutLine: {'line': b'-- Up-to-date: /home/yadhu/ur3e/src/install/unity_robotics_demo_msgs/share/unity_robotics_demo_msgs/cmake/unity_robotics_demo_msgs__rosidl_typesupport_introspection_cExport-noconfig.cmake\n'}
[0.523624] (unity_robotics_demo_msgs) StdoutLine: {'line': b'-- Up-to-date: /home/yadhu/ur3e/src/install/unity_robotics_demo_msgs/share/unity_robotics_demo_msgs/cmake/unity_robotics_demo_msgs__rosidl_typesupport_cExport.cmake\n'}
[0.523672] (ur_description) StdoutLine: {'line': b'-- Up-to-date: /home/yadhu/ur3e/src/install/ur_description/share/ur_description/meshes/ur5/visual/upperarm.dae\n'}
[0.523728] (ur_description) StdoutLine: {'line': b'-- Up-to-date: /home/yadhu/ur3e/src/install/ur_description/share/ur_description/meshes/ur5/visual/wrist1.dae\n'}
[0.523778] (ur_description) StdoutLine: {'line': b'-- Up-to-date: /home/yadhu/ur3e/src/install/ur_description/share/ur_description/meshes/ur5/visual/forearm.dae\n'}
[0.523821] (ur_description) StdoutLine: {'line': b'-- Up-to-date: /home/yadhu/ur3e/src/install/ur_description/share/ur_description/meshes/ur5/visual/shoulder.dae\n'}
[0.523868] (ur_description) StdoutLine: {'line': b'-- Up-to-date: /home/yadhu/ur3e/src/install/ur_description/share/ur_description/meshes/ur3e\n'}
[0.523911] (ur_description) StdoutLine: {'line': b'-- Up-to-date: /home/yadhu/ur3e/src/install/ur_description/share/ur_description/meshes/ur3e/collision\n'}
[0.523953] (ur_description) StdoutLine: {'line': b'-- Up-to-date: /home/yadhu/ur3e/src/install/ur_description/share/ur_description/meshes/ur3e/collision/wrist2.stl\n'}
[0.528912] (ur_description) StdoutLine: {'line': b'-- Up-to-date: /home/yadhu/ur3e/src/install/ur_description/share/ur_description/meshes/ur3e/collision/base.stl\n'}
[0.529121] (ur_description) StdoutLine: {'line': b'-- Up-to-date: /home/yadhu/ur3e/src/install/ur_description/share/ur_description/meshes/ur3e/collision/upperarm.stl\n'}
[0.529180] (ur_description) StdoutLine: {'line': b'-- Up-to-date: /home/yadhu/ur3e/src/install/ur_description/share/ur_description/meshes/ur3e/collision/forearm.stl\n'}
[0.529229] (ur_description) StdoutLine: {'line': b'-- Up-to-date: /home/yadhu/ur3e/src/install/ur_description/share/ur_description/meshes/ur3e/collision/wrist1.stl\n'}
[0.529286] (ur_description) StdoutLine: {'line': b'-- Up-to-date: /home/yadhu/ur3e/src/install/ur_description/share/ur_description/meshes/ur3e/collision/shoulder.stl\n'}
[0.529330] (ur_description) StdoutLine: {'line': b'-- Up-to-date: /home/yadhu/ur3e/src/install/ur_description/share/ur_description/meshes/ur3e/collision/wrist3.stl\n'}
[0.529377] (ur_description) StdoutLine: {'line': b'-- Up-to-date: /home/yadhu/ur3e/src/install/ur_description/share/ur_description/meshes/ur3e/visual\n'}
[0.529423] (ur_description) StdoutLine: {'line': b'-- Up-to-date: /home/yadhu/ur3e/src/install/ur_description/share/ur_description/meshes/ur3e/visual/wrist2.dae\n'}
[0.529465] (ur_description) StdoutLine: {'line': b'-- Up-to-date: /home/yadhu/ur3e/src/install/ur_description/share/ur_description/meshes/ur3e/visual/base.dae\n'}
[0.529510] (ur_description) StdoutLine: {'line': b'-- Up-to-date: /home/yadhu/ur3e/src/install/ur_description/share/ur_description/meshes/ur3e/visual/wrist3.dae\n'}
[0.529593] (ur_description) StdoutLine: {'line': b'-- Up-to-date: /home/yadhu/ur3e/src/install/ur_description/share/ur_description/meshes/ur3e/visual/upperarm.dae\n'}
[0.529646] (ur_description) StdoutLine: {'line': b'-- Up-to-date: /home/yadhu/ur3e/src/install/ur_description/share/ur_description/meshes/ur3e/visual/wrist1.dae\n'}
[0.529686] (ur_description) StdoutLine: {'line': b'-- Up-to-date: /home/yadhu/ur3e/src/install/ur_description/share/ur_description/meshes/ur3e/visual/forearm.dae\n'}
[0.529715] (ur_description) StdoutLine: {'line': b'-- Up-to-date: /home/yadhu/ur3e/src/install/ur_description/share/ur_description/meshes/ur3e/visual/shoulder.dae\n'}
[0.529746] (ur_description) StdoutLine: {'line': b'-- Up-to-date: /home/yadhu/ur3e/src/install/ur_description/share/ur_description/meshes/ur10\n'}
[0.529780] (ur_description) StdoutLine: {'line': b'-- Up-to-date: /home/yadhu/ur3e/src/install/ur_description/share/ur_description/meshes/ur10/collision\n'}
[0.529812] (ur_description) StdoutLine: {'line': b'-- Up-to-date: /home/yadhu/ur3e/src/install/ur_description/share/ur_description/meshes/ur10/collision/wrist2.stl\n'}
[0.529841] (ur_description) StdoutLine: {'line': b'-- Up-to-date: /home/yadhu/ur3e/src/install/ur_description/share/ur_description/meshes/ur10/collision/base.stl\n'}
[0.529880] (ur_description) StdoutLine: {'line': b'-- Up-to-date: /home/yadhu/ur3e/src/install/ur_description/share/ur_description/meshes/ur10/collision/upperarm.stl\n'}
[0.529923] (ur_description) StdoutLine: {'line': b'-- Up-to-date: /home/yadhu/ur3e/src/install/ur_description/share/ur_description/meshes/ur10/collision/forearm.stl\n'}
[0.529978] (ur_description) StdoutLine: {'line': b'-- Up-to-date: /home/yadhu/ur3e/src/install/ur_description/share/ur_description/meshes/ur10/collision/wrist1.stl\n'}
[0.530025] (ur_description) StdoutLine: {'line': b'-- Up-to-date: /home/yadhu/ur3e/src/install/ur_description/share/ur_description/meshes/ur10/collision/shoulder.stl\n'}
[0.530074] (ur_description) StdoutLine: {'line': b'-- Up-to-date: /home/yadhu/ur3e/src/install/ur_description/share/ur_description/meshes/ur10/collision/wrist3.stl\n'}
[0.530116] (ur_description) StdoutLine: {'line': b'-- Up-to-date: /home/yadhu/ur3e/src/install/ur_description/share/ur_description/meshes/ur10/visual\n'}
[0.530156] (ur_description) StdoutLine: {'line': b'-- Up-to-date: /home/yadhu/ur3e/src/install/ur_description/share/ur_description/meshes/ur10/visual/wrist2.dae\n'}
[0.530199] (ur_description) StdoutLine: {'line': b'-- Up-to-date: /home/yadhu/ur3e/src/install/ur_description/share/ur_description/meshes/ur10/visual/base.dae\n'}
[0.530247] (ur_description) StdoutLine: {'line': b'-- Up-to-date: /home/yadhu/ur3e/src/install/ur_description/share/ur_description/meshes/ur10/visual/wrist3.dae\n'}
[0.530292] (ur_description) StdoutLine: {'line': b'-- Up-to-date: /home/yadhu/ur3e/src/install/ur_description/share/ur_description/meshes/ur10/visual/upperarm.dae\n'}
[0.530333] (ur_description) StdoutLine: {'line': b'-- Up-to-date: /home/yadhu/ur3e/src/install/ur_description/share/ur_description/meshes/ur10/visual/wrist1.dae\n'}
[0.530375] (ur_description) StdoutLine: {'line': b'-- Up-to-date: /home/yadhu/ur3e/src/install/ur_description/share/ur_description/meshes/ur10/visual/forearm.dae\n'}
[0.530419] (ur_description) StdoutLine: {'line': b'-- Up-to-date: /home/yadhu/ur3e/src/install/ur_description/share/ur_description/meshes/ur10/visual/shoulder.dae\n'}
[0.530461] (ur_description) StdoutLine: {'line': b'-- Up-to-date: /home/yadhu/ur3e/src/install/ur_description/share/ur_description/meshes/ur20\n'}
[0.530502] (ur_description) StdoutLine: {'line': b'-- Up-to-date: /home/yadhu/ur3e/src/install/ur_description/share/ur_description/meshes/ur20/LICENSE.txt\n'}
[0.530540] (ur_description) StdoutLine: {'line': b'-- Up-to-date: /home/yadhu/ur3e/src/install/ur_description/share/ur_description/meshes/ur20/collision\n'}
[0.530580] (ur_description) StdoutLine: {'line': b'-- Up-to-date: /home/yadhu/ur3e/src/install/ur_description/share/ur_description/meshes/ur20/collision/wrist2.stl\n'}
[0.530624] (ur_description) StdoutLine: {'line': b'-- Up-to-date: /home/yadhu/ur3e/src/install/ur_description/share/ur_description/meshes/ur20/collision/base.stl\n'}
[0.530667] (ur_description) StdoutLine: {'line': b'-- Up-to-date: /home/yadhu/ur3e/src/install/ur_description/share/ur_description/meshes/ur20/collision/upperarm.stl\n'}
[0.530709] (ur_description) StdoutLine: {'line': b'-- Up-to-date: /home/yadhu/ur3e/src/install/ur_description/share/ur_description/meshes/ur20/collision/forearm.stl\n'}
[0.530750] (ur_description) StdoutLine: {'line': b'-- Up-to-date: /home/yadhu/ur3e/src/install/ur_description/share/ur_description/meshes/ur20/collision/wrist1.stl\n'}
[0.530790] (ur_description) StdoutLine: {'line': b'-- Up-to-date: /home/yadhu/ur3e/src/install/ur_description/share/ur_description/meshes/ur20/collision/shoulder.stl\n'}
[0.530830] (ur_description) StdoutLine: {'line': b'-- Up-to-date: /home/yadhu/ur3e/src/install/ur_description/share/ur_description/meshes/ur20/collision/wrist3.stl\n'}
[0.530870] (ur_description) StdoutLine: {'line': b'-- Up-to-date: /home/yadhu/ur3e/src/install/ur_description/share/ur_description/meshes/ur20/visual\n'}
[0.530910] (ur_description) StdoutLine: {'line': b'-- Up-to-date: /home/yadhu/ur3e/src/install/ur_description/share/ur_description/meshes/ur20/visual/wrist2.dae\n'}
[0.530954] (ur_description) StdoutLine: {'line': b'-- Up-to-date: /home/yadhu/ur3e/src/install/ur_description/share/ur_description/meshes/ur20/visual/base.dae\n'}
[0.530995] (ur_description) StdoutLine: {'line': b'-- Up-to-date: /home/yadhu/ur3e/src/install/ur_description/share/ur_description/meshes/ur20/visual/wrist3.dae\n'}
[0.531039] (ur_description) StdoutLine: {'line': b'-- Up-to-date: /home/yadhu/ur3e/src/install/ur_description/share/ur_description/meshes/ur20/visual/upperarm.dae\n'}
[0.531082] (unity_robotics_demo_msgs) StdoutLine: {'line': b'-- Up-to-date: /home/yadhu/ur3e/src/install/unity_robotics_demo_msgs/share/unity_robotics_demo_msgs/cmake/unity_robotics_demo_msgs__rosidl_typesupport_cExport-noconfig.cmake\n'}
[0.531136] (unity_robotics_demo_msgs) StdoutLine: {'line': b'-- Up-to-date: /home/yadhu/ur3e/src/install/unity_robotics_demo_msgs/share/unity_robotics_demo_msgs/cmake/export_unity_robotics_demo_msgs__rosidl_generator_cppExport.cmake\n'}
[0.531184] (unity_robotics_demo_msgs) StdoutLine: {'line': b'-- Up-to-date: /home/yadhu/ur3e/src/install/unity_robotics_demo_msgs/share/unity_robotics_demo_msgs/cmake/export_unity_robotics_demo_msgs__rosidl_typesupport_fastrtps_cppExport.cmake\n'}
[0.531232] (unity_robotics_demo_msgs) StdoutLine: {'line': b'-- Up-to-date: /home/yadhu/ur3e/src/install/unity_robotics_demo_msgs/share/unity_robotics_demo_msgs/cmake/export_unity_robotics_demo_msgs__rosidl_typesupport_fastrtps_cppExport-noconfig.cmake\n'}
[0.531287] (unity_robotics_demo_msgs) StdoutLine: {'line': b'-- Up-to-date: /home/yadhu/ur3e/src/install/unity_robotics_demo_msgs/share/unity_robotics_demo_msgs/cmake/unity_robotics_demo_msgs__rosidl_typesupport_introspection_cppExport.cmake\n'}
[0.531332] (unity_robotics_demo_msgs) StdoutLine: {'line': b'-- Up-to-date: /home/yadhu/ur3e/src/install/unity_robotics_demo_msgs/share/unity_robotics_demo_msgs/cmake/unity_robotics_demo_msgs__rosidl_typesupport_introspection_cppExport-noconfig.cmake\n'}
[0.531375] (unity_robotics_demo_msgs) StdoutLine: {'line': b'-- Up-to-date: /home/yadhu/ur3e/src/install/unity_robotics_demo_msgs/share/unity_robotics_demo_msgs/cmake/unity_robotics_demo_msgs__rosidl_typesupport_cppExport.cmake\n'}
[0.531419] (unity_robotics_demo_msgs) StdoutLine: {'line': b'-- Up-to-date: /home/yadhu/ur3e/src/install/unity_robotics_demo_msgs/share/unity_robotics_demo_msgs/cmake/unity_robotics_demo_msgs__rosidl_typesupport_cppExport-noconfig.cmake\n'}
[0.531463] (unity_robotics_demo_msgs) StdoutLine: {'line': b'-- Up-to-date: /home/yadhu/ur3e/src/install/unity_robotics_demo_msgs/share/unity_robotics_demo_msgs/cmake/export_unity_robotics_demo_msgs__rosidl_generator_pyExport.cmake\n'}
[0.531507] (unity_robotics_demo_msgs) StdoutLine: {'line': b'-- Up-to-date: /home/yadhu/ur3e/src/install/unity_robotics_demo_msgs/share/unity_robotics_demo_msgs/cmake/export_unity_robotics_demo_msgs__rosidl_generator_pyExport-noconfig.cmake\n'}
[0.531550] (ur_description) StdoutLine: {'line': b'-- Up-to-date: /home/yadhu/ur3e/src/install/ur_description/share/ur_description/meshes/ur20/visual/wrist1.dae\n'}
[0.531597] (ur_description) StdoutLine: {'line': b'-- Up-to-date: /home/yadhu/ur3e/src/install/ur_description/share/ur_description/meshes/ur20/visual/forearm.dae\n'}
[0.531640] (ur_description) StdoutLine: {'line': b'-- Up-to-date: /home/yadhu/ur3e/src/install/ur_description/share/ur_description/meshes/ur20/visual/UR20_DIFF_8bit_2K.png\n'}
[0.531686] (ur_description) StdoutLine: {'line': b'-- Up-to-date: /home/yadhu/ur3e/src/install/ur_description/share/ur_description/meshes/ur20/visual/shoulder.dae\n'}
[0.531730] (ur_description) StdoutLine: {'line': b'-- Up-to-date: /home/yadhu/ur3e/src/install/ur_description/share/ur_description/meshes/ur3\n'}
[0.531773] (ur_description) StdoutLine: {'line': b'-- Up-to-date: /home/yadhu/ur3e/src/install/ur_description/share/ur_description/meshes/ur3/collision\n'}
[0.531816] (ur_description) StdoutLine: {'line': b'-- Up-to-date: /home/yadhu/ur3e/src/install/ur_description/share/ur_description/meshes/ur3/collision/wrist2.stl\n'}
[0.531858] (ur_description) StdoutLine: {'line': b'-- Up-to-date: /home/yadhu/ur3e/src/install/ur_description/share/ur_description/meshes/ur3/collision/base.stl\n'}
[0.531900] (ur_description) StdoutLine: {'line': b'-- Up-to-date: /home/yadhu/ur3e/src/install/ur_description/share/ur_description/meshes/ur3/collision/upperarm.stl\n'}
[0.531947] (ur_description) StdoutLine: {'line': b'-- Up-to-date: /home/yadhu/ur3e/src/install/ur_description/share/ur_description/meshes/ur3/collision/forearm.stl\n'}
[0.531990] (unity_robotics_demo_msgs) StdoutLine: {'line': b'-- Up-to-date: /home/yadhu/ur3e/src/install/unity_robotics_demo_msgs/share/unity_robotics_demo_msgs/cmake/rosidl_cmake-extras.cmake\n'}
[0.532035] (ur_description) StdoutLine: {'line': b'-- Up-to-date: /home/yadhu/ur3e/src/install/ur_description/share/ur_description/meshes/ur3/collision/wrist1.stl\n'}
[0.532078] (ur_description) StdoutLine: {'line': b'-- Up-to-date: /home/yadhu/ur3e/src/install/ur_description/share/ur_description/meshes/ur3/collision/shoulder.stl\n'}
[0.532120] (ur_description) StdoutLine: {'line': b'-- Up-to-date: /home/yadhu/ur3e/src/install/ur_description/share/ur_description/meshes/ur3/collision/wrist3.stl\n'}
[0.532162] (ur_description) StdoutLine: {'line': b'-- Up-to-date: /home/yadhu/ur3e/src/install/ur_description/share/ur_description/meshes/ur3/visual\n'}
[0.532205] (ur_description) StdoutLine: {'line': b'-- Up-to-date: /home/yadhu/ur3e/src/install/ur_description/share/ur_description/meshes/ur3/visual/wrist2.dae\n'}
[0.532254] (ur_description) StdoutLine: {'line': b'-- Up-to-date: /home/yadhu/ur3e/src/install/ur_description/share/ur_description/meshes/ur3/visual/base.dae\n'}
[0.532299] (ur_description) StdoutLine: {'line': b'-- Up-to-date: /home/yadhu/ur3e/src/install/ur_description/share/ur_description/meshes/ur3/visual/wrist3.dae\n'}
[0.532343] (ur_description) StdoutLine: {'line': b'-- Up-to-date: /home/yadhu/ur3e/src/install/ur_description/share/ur_description/meshes/ur3/visual/upperarm.dae\n'}
[0.532384] (ur_description) StdoutLine: {'line': b'-- Up-to-date: /home/yadhu/ur3e/src/install/ur_description/share/ur_description/meshes/ur3/visual/wrist1.dae\n'}
[0.532425] (unity_robotics_demo_msgs) StdoutLine: {'line': b'-- Up-to-date: /home/yadhu/ur3e/src/install/unity_robotics_demo_msgs/share/unity_robotics_demo_msgs/cmake/ament_cmake_export_dependencies-extras.cmake\n'}
[0.532468] (unity_robotics_demo_msgs) StdoutLine: {'line': b'-- Up-to-date: /home/yadhu/ur3e/src/install/unity_robotics_demo_msgs/share/unity_robotics_demo_msgs/cmake/ament_cmake_export_include_directories-extras.cmake\n'}
[0.532510] (ur_description) StdoutLine: {'line': b'-- Up-to-date: /home/yadhu/ur3e/src/install/ur_description/share/ur_description/meshes/ur3/visual/forearm.dae\n'}
[0.532550] (ur_description) StdoutLine: {'line': b'-- Up-to-date: /home/yadhu/ur3e/src/install/ur_description/share/ur_description/meshes/ur3/visual/shoulder.dae\n'}
[0.532590] (ur_description) StdoutLine: {'line': b'-- Up-to-date: /home/yadhu/ur3e/src/install/ur_description/share/ur_description/meshes/ur16e\n'}
[0.532631] (unity_robotics_demo_msgs) StdoutLine: {'line': b'-- Up-to-date: /home/yadhu/ur3e/src/install/unity_robotics_demo_msgs/share/unity_robotics_demo_msgs/cmake/ament_cmake_export_libraries-extras.cmake\n'}
[0.532677] (ur_description) StdoutLine: {'line': b'-- Up-to-date: /home/yadhu/ur3e/src/install/ur_description/share/ur_description/meshes/ur16e/collision\n'}
[0.532720] (ur_description) StdoutLine: {'line': b'-- Up-to-date: /home/yadhu/ur3e/src/install/ur_description/share/ur_description/meshes/ur16e/collision/upperarm.stl\n'}
[0.532762] (ur_description) StdoutLine: {'line': b'-- Up-to-date: /home/yadhu/ur3e/src/install/ur_description/share/ur_description/meshes/ur16e/collision/forearm.stl\n'}
[0.532803] (ur_description) StdoutLine: {'line': b'-- Up-to-date: /home/yadhu/ur3e/src/install/ur_description/share/ur_description/meshes/ur16e/visual\n'}
[0.532848] (unity_robotics_demo_msgs) StdoutLine: {'line': b'-- Up-to-date: /home/yadhu/ur3e/src/install/unity_robotics_demo_msgs/share/unity_robotics_demo_msgs/cmake/ament_cmake_export_targets-extras.cmake\n'}
[0.532889] (ur_description) StdoutLine: {'line': b'-- Up-to-date: /home/yadhu/ur3e/src/install/ur_description/share/ur_description/meshes/ur16e/visual/upperarm.dae\n'}
[0.532929] (ur_description) StdoutLine: {'line': b'-- Up-to-date: /home/yadhu/ur3e/src/install/ur_description/share/ur_description/meshes/ur16e/visual/forearm.dae\n'}
[0.532970] (ur_description) StdoutLine: {'line': b'-- Up-to-date: /home/yadhu/ur3e/src/install/ur_description/share/ur_description/rviz\n'}
[0.533010] (ur_description) StdoutLine: {'line': b'-- Up-to-date: /home/yadhu/ur3e/src/install/ur_description/share/ur_description/rviz/view_robot.rviz\n'}
[0.533050] (ur_description) StdoutLine: {'line': b'-- Up-to-date: /home/yadhu/ur3e/src/install/ur_description/share/ur_description/urdf\n'}
[0.533090] (ur_description) StdoutLine: {'line': b'-- Up-to-date: /home/yadhu/ur3e/src/install/ur_description/share/ur_description/urdf/ur.urdf\n'}
[0.533130] (unity_robotics_demo_msgs) StdoutLine: {'line': b'-- Up-to-date: /home/yadhu/ur3e/src/install/unity_robotics_demo_msgs/share/unity_robotics_demo_msgs/cmake/rosidl_cmake_export_typesupport_targets-extras.cmake\n'}
[0.533170] (unity_robotics_demo_msgs) StdoutLine: {'line': b'-- Up-to-date: /home/yadhu/ur3e/src/install/unity_robotics_demo_msgs/share/unity_robotics_demo_msgs/cmake/rosidl_cmake_export_typesupport_libraries-extras.cmake\n'}
[0.533211] (unity_robotics_demo_msgs) StdoutLine: {'line': b'-- Up-to-date: /home/yadhu/ur3e/src/install/unity_robotics_demo_msgs/share/unity_robotics_demo_msgs/cmake/unity_robotics_demo_msgsConfig.cmake\n'}
[0.533809] (unity_robotics_demo_msgs) StdoutLine: {'line': b'-- Up-to-date: /home/yadhu/ur3e/src/install/unity_robotics_demo_msgs/share/unity_robotics_demo_msgs/cmake/unity_robotics_demo_msgsConfig-version.cmake\n'}
[0.533917] (unity_robotics_demo_msgs) StdoutLine: {'line': b'-- Up-to-date: /home/yadhu/ur3e/src/install/unity_robotics_demo_msgs/share/unity_robotics_demo_msgs/package.xml\n'}
[0.533963] (ur_description) StdoutLine: {'line': b'-- Up-to-date: /home/yadhu/ur3e/src/install/ur_description/share/ur_description/urdf/ur.ros2_control.xacro\n'}
[0.534032] (ur_description) StdoutLine: {'line': b'-- Up-to-date: /home/yadhu/ur3e/src/install/ur_description/share/ur_description/urdf/ur.urdf.xacro\n'}
[0.534076] (ur_description) StdoutLine: {'line': b'-- Up-to-date: /home/yadhu/ur3e/src/install/ur_description/share/ur_description/urdf/initial_positions.yaml\n'}
[0.534118] (ur_description) StdoutLine: {'line': b'-- Up-to-date: /home/yadhu/ur3e/src/install/ur_description/share/ur_description/urdf/ur_gripper.xacro\n'}
[0.534159] (ur_description) StdoutLine: {'line': b'-- Up-to-date: /home/yadhu/ur3e/src/install/ur_description/share/ur_description/urdf/ur_macro.xacro\n'}
[0.534199] (ur_description) StdoutLine: {'line': b'-- Up-to-date: /home/yadhu/ur3e/src/install/ur_description/share/ur_description/urdf/inc\n'}
[0.534294] (ur_description) StdoutLine: {'line': b'-- Up-to-date: /home/yadhu/ur3e/src/install/ur_description/share/ur_description/urdf/inc/ur_common.xacro\n'}
[0.534620] (ur_description) StdoutLine: {'line': b'-- Up-to-date: /home/yadhu/ur3e/src/install/ur_description/share/ur_description/urdf/inc/ur_transmissions.xacro\n'}
[0.534737] (ur_description) StdoutLine: {'line': b'-- Up-to-date: /home/yadhu/ur3e/src/install/ur_description/share/ur_description/test\n'}
[0.534844] (ur_description) StdoutLine: {'line': b'-- Up-to-date: /home/yadhu/ur3e/src/install/ur_description/share/ur_description/test/test_ur_urdf_xacro.py\n'}
[0.534942] (ur_description) StdoutLine: {'line': b'-- Up-to-date: /home/yadhu/ur3e/src/install/ur_description/share/ur_description/test/test_view_ur_launch.py\n'}
[0.535144] (ur_description) StdoutLine: {'line': b'-- Up-to-date: /home/yadhu/ur3e/src/install/ur_description/share/ament_index/resource_index/package_run_dependencies/ur_description\n'}
[0.535340] (ur_description) StdoutLine: {'line': b'-- Up-to-date: /home/yadhu/ur3e/src/install/ur_description/share/ament_index/resource_index/parent_prefix_path/ur_description\n'}
[0.535690] (ur_description) StdoutLine: {'line': b'-- Up-to-date: /home/yadhu/ur3e/src/install/ur_description/share/ur_description/environment/ament_prefix_path.sh\n'}
[0.535838] (ur_description) StdoutLine: {'line': b'-- Up-to-date: /home/yadhu/ur3e/src/install/ur_description/share/ur_description/environment/ament_prefix_path.dsv\n'}
[0.535969] (ur_description) StdoutLine: {'line': b'-- Up-to-date: /home/yadhu/ur3e/src/install/ur_description/share/ur_description/environment/path.sh\n'}
[0.536056] (ur_description) StdoutLine: {'line': b'-- Up-to-date: /home/yadhu/ur3e/src/install/ur_description/share/ur_description/environment/path.dsv\n'}
[0.536164] (ur_description) StdoutLine: {'line': b'-- Up-to-date: /home/yadhu/ur3e/src/install/ur_description/share/ur_description/local_setup.bash\n'}
[0.536277] (ur_description) StdoutLine: {'line': b'-- Up-to-date: /home/yadhu/ur3e/src/install/ur_description/share/ur_description/local_setup.sh\n'}
[0.536414] (ur_description) StdoutLine: {'line': b'-- Up-to-date: /home/yadhu/ur3e/src/install/ur_description/share/ur_description/local_setup.zsh\n'}
[0.536574] (ur_description) StdoutLine: {'line': b'-- Up-to-date: /home/yadhu/ur3e/src/install/ur_description/share/ur_description/local_setup.dsv\n'}
[0.536713] (ur_description) StdoutLine: {'line': b'-- Installing: /home/yadhu/ur3e/src/install/ur_description/share/ur_description/package.dsv\n'}
[0.536840] (ur_description) StdoutLine: {'line': b'-- Up-to-date: /home/yadhu/ur3e/src/install/ur_description/share/ament_index/resource_index/packages/ur_description\n'}
[0.536950] (ur_description) StdoutLine: {'line': b'-- Up-to-date: /home/yadhu/ur3e/src/install/ur_description/share/ur_description/cmake/ur_descriptionConfig.cmake\n'}
[0.537087] (ur_description) StdoutLine: {'line': b'-- Up-to-date: /home/yadhu/ur3e/src/install/ur_description/share/ur_description/cmake/ur_descriptionConfig-version.cmake\n'}
[0.537188] (ur_description) StdoutLine: {'line': b'-- Up-to-date: /home/yadhu/ur3e/src/install/ur_description/share/ur_description/package.xml\n'}
[0.537313] (ur_description) CommandEnded: {'returncode': 0}
[0.537655] (unity_robotics_demo_msgs) CommandEnded: {'returncode': 0}
[0.551582] (ur_description) JobEnded: {'identifier': 'ur_description', 'rc': 0}
[0.552125] (pyfile) JobStarted: {'identifier': 'pyfile'}
[0.554911] (ur3e_gripper_moveit) JobStarted: {'identifier': 'ur3e_gripper_moveit'}
[0.557670] (ur_moveit_config) JobStarted: {'identifier': 'ur_moveit_config'}
[0.600441] (-) TimerEvent: {}
[0.700724] (-) TimerEvent: {}
[0.731179] (ur3e_gripper_moveit) JobProgress: {'identifier': 'ur3e_gripper_moveit', 'progress': 'cmake'}
[0.731504] (ur3e_gripper_moveit) JobProgress: {'identifier': 'ur3e_gripper_moveit', 'progress': 'build'}
[0.731628] (ur3e_gripper_moveit) Command: {'cmd': ['/usr/bin/cmake', '--build', '/home/yadhu/ur3e/src/build/ur3e_gripper_moveit', '--', '-j16', '-l16'], 'cwd': '/home/yadhu/ur3e/src/build/ur3e_gripper_moveit', 'env': OrderedDict([('HOSTNAME', 'yadhuk'), ('GIT_ASKPASS', '/vscode/vscode-server/bin/linux-x64/e54c774e0add60467559eb0d1e229c6452cf8447/extensions/git/dist/askpass.sh'), ('SHLVL', '2'), ('LD_LIBRARY_PATH', '/usr/lib/x86_64-linux-gnu/gazebo-11/plugins:/opt/ros/humble/opt/rviz_ogre_vendor/lib:/opt/ros/humble/lib/x86_64-linux-gnu:/opt/ros/humble/lib'), ('BROWSER', '/vscode/vscode-server/bin/linux-x64/e54c774e0add60467559eb0d1e229c6452cf8447/bin/helpers/browser.sh'), ('HOME', '/home/yadhu'), ('OLDPWD', '/home/yadhu/ur3e'), ('TERM_PROGRAM_VERSION', '1.97.2'), ('VSCODE_IPC_HOOK_CLI', '/tmp/vscode-ipc-191d809e-ad6a-48a3-8c83-2991c7349be6.sock'), ('DEBUGPY_ADAPTER_ENDPOINTS', '/home/yadhu/.vscode-server/extensions/ms-python.debugpy-2025.0.1-linux-x64/.noConfigDebugAdapterEndpoints/endpoint-00e5a96652343ffc.txt'), ('ROS_PYTHON_VERSION', '3'), ('VSCODE_GIT_ASKPASS_MAIN', '/vscode/vscode-server/bin/linux-x64/e54c774e0add60467559eb0d1e229c6452cf8447/extensions/git/dist/askpass-main.js'), ('VSCODE_GIT_ASKPASS_NODE', '/vscode/vscode-server/bin/linux-x64/e54c774e0add60467559eb0d1e229c6452cf8447/node'), ('PYDEVD_DISABLE_FILE_VALIDATION', '1'), ('BUNDLED_DEBUGPY_PATH', '/home/yadhu/.vscode-server/extensions/ms-python.debugpy-2025.0.1-linux-x64/bundled/libs/debugpy'), ('COLORTERM', 'truecolor'), ('REMOTE_CONTAINERS', 'true'), ('ROS_DISTRO', 'humble'), ('REMOTE_CONTAINERS_IPC', '/tmp/vscode-remote-containers-ipc-3b15b7cf-88ad-4a56-828c-69c61a495d31.sock'), ('_', '/usr/bin/colcon'), ('ROS_VERSION', '2'), ('TERM', 'xterm-256color'), ('ROS_LOCALHOST_ONLY', '0'), ('PATH', '/vscode/vscode-server/bin/linux-x64/e54c774e0add60467559eb0d1e229c6452cf8447/bin/remote-cli:/opt/ros/humble/bin:/usr/local/sbin:/usr/local/bin:/usr/sbin:/usr/bin:/sbin:/bin:/home/yadhu/.vscode-server/extensions/ms-python.debugpy-2025.0.1-linux-x64/bundled/scripts/noConfigScripts'), ('REMOTE_CONTAINERS_SOCKETS', '["/tmp/vscode-ssh-auth-3b15b7cf-88ad-4a56-828c-69c61a495d31.sock","/home/yadhu/.gnupg/S.gpg-agent"]'), ('DISPLAY', ':1'), ('LANG', 'C.UTF-8'), ('RMW_IMPLEMENTATION', 'rmw_cyclonedds_cpp'), ('LS_COLORS', 'rs=0:di=01;34:ln=01;36:mh=00:pi=40;33:so=01;35:do=01;35:bd=40;33;01:cd=40;33;01:or=40;31;01:mi=00:su=37;41:sg=30;43:ca=30;41:tw=30;42:ow=34;42:st=37;44:ex=01;32:*.tar=01;31:*.tgz=01;31:*.arc=01;31:*.arj=01;31:*.taz=01;31:*.lha=01;31:*.lz4=01;31:*.lzh=01;31:*.lzma=01;31:*.tlz=01;31:*.txz=01;31:*.tzo=01;31:*.t7z=01;31:*.zip=01;31:*.z=01;31:*.dz=01;31:*.gz=01;31:*.lrz=01;31:*.lz=01;31:*.lzo=01;31:*.xz=01;31:*.zst=01;31:*.tzst=01;31:*.bz2=01;31:*.bz=01;31:*.tbz=01;31:*.tbz2=01;31:*.tz=01;31:*.deb=01;31:*.rpm=01;31:*.jar=01;31:*.war=01;31:*.ear=01;31:*.sar=01;31:*.rar=01;31:*.alz=01;31:*.ace=01;31:*.zoo=01;31:*.cpio=01;31:*.7z=01;31:*.rz=01;31:*.cab=01;31:*.wim=01;31:*.swm=01;31:*.dwm=01;31:*.esd=01;31:*.jpg=01;35:*.jpeg=01;35:*.mjpg=01;35:*.mjpeg=01;35:*.gif=01;35:*.bmp=01;35:*.pbm=01;35:*.pgm=01;35:*.ppm=01;35:*.tga=01;35:*.xbm=01;35:*.xpm=01;35:*.tif=01;35:*.tiff=01;35:*.png=01;35:*.svg=01;35:*.svgz=01;35:*.mng=01;35:*.pcx=01;35:*.mov=01;35:*.mpg=01;35:*.mpeg=01;35:*.m2v=01;35:*.mkv=01;35:*.webm=01;35:*.webp=01;35:*.ogm=01;35:*.mp4=01;35:*.m4v=01;35:*.mp4v=01;35:*.vob=01;35:*.qt=01;35:*.nuv=01;35:*.wmv=01;35:*.asf=01;35:*.rm=01;35:*.rmvb=01;35:*.flc=01;35:*.avi=01;35:*.fli=01;35:*.flv=01;35:*.gl=01;35:*.dl=01;35:*.xcf=01;35:*.xwd=01;35:*.yuv=01;35:*.cgm=01;35:*.emf=01;35:*.ogv=01;35:*.ogx=01;35:*.aac=00;36:*.au=00;36:*.flac=00;36:*.m4a=00;36:*.mid=00;36:*.midi=00;36:*.mka=00;36:*.mp3=00;36:*.mpc=00;36:*.ogg=00;36:*.ra=00;36:*.wav=00;36:*.oga=00;36:*.opus=00;36:*.spx=00;36:*.xspf=00;36:'), ('VSCODE_GIT_IPC_HANDLE', '/tmp/vscode-git-09c052f1c4.sock'), ('TERM_PROGRAM', 'vscode'), ('SSH_AUTH_SOCK', '/tmp/vscode-ssh-auth-3b15b7cf-88ad-4a56-828c-69c61a495d31.sock'), ('ROS_DOMAIN_ID', '42'), ('AMENT_PREFIX_PATH', '/home/yadhu/ur3e/src/install/ur_description:/home/yadhu/ur3e/src/install/robotiq_description:/opt/ros/humble'), ('SHELL', '/bin/bash'), ('ROS_AUTOMATIC_DISCOVERY_RANGE', 'LOCALHOST'), ('VSCODE_GIT_ASKPASS_EXTRA_ARGS', ''), ('PWD', '/home/yadhu/ur3e/src/build/ur3e_gripper_moveit'), ('LC_ALL', 'C.UTF-8'), ('PYTHONPATH', '/opt/ros/humble/lib/python3.10/site-packages:/opt/ros/humble/local/lib/python3.10/dist-packages'), ('COLCON', '1'), ('CMAKE_PREFIX_PATH', '/home/yadhu/ur3e/src/install/ur_description:/home/yadhu/ur3e/src/install/robotiq_description:/opt/ros/humble')]), 'shell': False}
[0.739085] (unity_robotics_demo_msgs) JobEnded: {'identifier': 'unity_robotics_demo_msgs', 'rc': 0}
[0.739552] (ur_moveit_config) JobProgress: {'identifier': 'ur_moveit_config', 'progress': 'cmake'}
[0.739689] (ur_moveit_config) JobProgress: {'identifier': 'ur_moveit_config', 'progress': 'build'}
[0.739933] (ur_moveit_config) Command: {'cmd': ['/usr/bin/cmake', '--build', '/home/yadhu/ur3e/src/build/ur_moveit_config', '--', '-j16', '-l16'], 'cwd': '/home/yadhu/ur3e/src/build/ur_moveit_config', 'env': OrderedDict([('HOSTNAME', 'yadhuk'), ('GIT_ASKPASS', '/vscode/vscode-server/bin/linux-x64/e54c774e0add60467559eb0d1e229c6452cf8447/extensions/git/dist/askpass.sh'), ('SHLVL', '2'), ('LD_LIBRARY_PATH', '/usr/lib/x86_64-linux-gnu/gazebo-11/plugins:/opt/ros/humble/opt/rviz_ogre_vendor/lib:/opt/ros/humble/lib/x86_64-linux-gnu:/opt/ros/humble/lib'), ('BROWSER', '/vscode/vscode-server/bin/linux-x64/e54c774e0add60467559eb0d1e229c6452cf8447/bin/helpers/browser.sh'), ('HOME', '/home/yadhu'), ('OLDPWD', '/home/yadhu/ur3e'), ('TERM_PROGRAM_VERSION', '1.97.2'), ('VSCODE_IPC_HOOK_CLI', '/tmp/vscode-ipc-191d809e-ad6a-48a3-8c83-2991c7349be6.sock'), ('DEBUGPY_ADAPTER_ENDPOINTS', '/home/yadhu/.vscode-server/extensions/ms-python.debugpy-2025.0.1-linux-x64/.noConfigDebugAdapterEndpoints/endpoint-00e5a96652343ffc.txt'), ('ROS_PYTHON_VERSION', '3'), ('VSCODE_GIT_ASKPASS_MAIN', '/vscode/vscode-server/bin/linux-x64/e54c774e0add60467559eb0d1e229c6452cf8447/extensions/git/dist/askpass-main.js'), ('VSCODE_GIT_ASKPASS_NODE', '/vscode/vscode-server/bin/linux-x64/e54c774e0add60467559eb0d1e229c6452cf8447/node'), ('PYDEVD_DISABLE_FILE_VALIDATION', '1'), ('BUNDLED_DEBUGPY_PATH', '/home/yadhu/.vscode-server/extensions/ms-python.debugpy-2025.0.1-linux-x64/bundled/libs/debugpy'), ('COLORTERM', 'truecolor'), ('REMOTE_CONTAINERS', 'true'), ('ROS_DISTRO', 'humble'), ('REMOTE_CONTAINERS_IPC', '/tmp/vscode-remote-containers-ipc-3b15b7cf-88ad-4a56-828c-69c61a495d31.sock'), ('_', '/usr/bin/colcon'), ('ROS_VERSION', '2'), ('TERM', 'xterm-256color'), ('ROS_LOCALHOST_ONLY', '0'), ('PATH', '/vscode/vscode-server/bin/linux-x64/e54c774e0add60467559eb0d1e229c6452cf8447/bin/remote-cli:/opt/ros/humble/bin:/usr/local/sbin:/usr/local/bin:/usr/sbin:/usr/bin:/sbin:/bin:/home/yadhu/.vscode-server/extensions/ms-python.debugpy-2025.0.1-linux-x64/bundled/scripts/noConfigScripts'), ('REMOTE_CONTAINERS_SOCKETS', '["/tmp/vscode-ssh-auth-3b15b7cf-88ad-4a56-828c-69c61a495d31.sock","/home/yadhu/.gnupg/S.gpg-agent"]'), ('DISPLAY', ':1'), ('LANG', 'C.UTF-8'), ('RMW_IMPLEMENTATION', 'rmw_cyclonedds_cpp'), ('LS_COLORS', 'rs=0:di=01;34:ln=01;36:mh=00:pi=40;33:so=01;35:do=01;35:bd=40;33;01:cd=40;33;01:or=40;31;01:mi=00:su=37;41:sg=30;43:ca=30;41:tw=30;42:ow=34;42:st=37;44:ex=01;32:*.tar=01;31:*.tgz=01;31:*.arc=01;31:*.arj=01;31:*.taz=01;31:*.lha=01;31:*.lz4=01;31:*.lzh=01;31:*.lzma=01;31:*.tlz=01;31:*.txz=01;31:*.tzo=01;31:*.t7z=01;31:*.zip=01;31:*.z=01;31:*.dz=01;31:*.gz=01;31:*.lrz=01;31:*.lz=01;31:*.lzo=01;31:*.xz=01;31:*.zst=01;31:*.tzst=01;31:*.bz2=01;31:*.bz=01;31:*.tbz=01;31:*.tbz2=01;31:*.tz=01;31:*.deb=01;31:*.rpm=01;31:*.jar=01;31:*.war=01;31:*.ear=01;31:*.sar=01;31:*.rar=01;31:*.alz=01;31:*.ace=01;31:*.zoo=01;31:*.cpio=01;31:*.7z=01;31:*.rz=01;31:*.cab=01;31:*.wim=01;31:*.swm=01;31:*.dwm=01;31:*.esd=01;31:*.jpg=01;35:*.jpeg=01;35:*.mjpg=01;35:*.mjpeg=01;35:*.gif=01;35:*.bmp=01;35:*.pbm=01;35:*.pgm=01;35:*.ppm=01;35:*.tga=01;35:*.xbm=01;35:*.xpm=01;35:*.tif=01;35:*.tiff=01;35:*.png=01;35:*.svg=01;35:*.svgz=01;35:*.mng=01;35:*.pcx=01;35:*.mov=01;35:*.mpg=01;35:*.mpeg=01;35:*.m2v=01;35:*.mkv=01;35:*.webm=01;35:*.webp=01;35:*.ogm=01;35:*.mp4=01;35:*.m4v=01;35:*.mp4v=01;35:*.vob=01;35:*.qt=01;35:*.nuv=01;35:*.wmv=01;35:*.asf=01;35:*.rm=01;35:*.rmvb=01;35:*.flc=01;35:*.avi=01;35:*.fli=01;35:*.flv=01;35:*.gl=01;35:*.dl=01;35:*.xcf=01;35:*.xwd=01;35:*.yuv=01;35:*.cgm=01;35:*.emf=01;35:*.ogv=01;35:*.ogx=01;35:*.aac=00;36:*.au=00;36:*.flac=00;36:*.m4a=00;36:*.mid=00;36:*.midi=00;36:*.mka=00;36:*.mp3=00;36:*.mpc=00;36:*.ogg=00;36:*.ra=00;36:*.wav=00;36:*.oga=00;36:*.opus=00;36:*.spx=00;36:*.xspf=00;36:'), ('VSCODE_GIT_IPC_HANDLE', '/tmp/vscode-git-09c052f1c4.sock'), ('TERM_PROGRAM', 'vscode'), ('SSH_AUTH_SOCK', '/tmp/vscode-ssh-auth-3b15b7cf-88ad-4a56-828c-69c61a495d31.sock'), ('ROS_DOMAIN_ID', '42'), ('AMENT_PREFIX_PATH', '/home/yadhu/ur3e/src/install/ur_description:/home/yadhu/ur3e/src/install/robotiq_description:/opt/ros/humble'), ('SHELL', '/bin/bash'), ('ROS_AUTOMATIC_DISCOVERY_RANGE', 'LOCALHOST'), ('VSCODE_GIT_ASKPASS_EXTRA_ARGS', ''), ('PWD', '/home/yadhu/ur3e/src/build/ur_moveit_config'), ('LC_ALL', 'C.UTF-8'), ('PYTHONPATH', '/opt/ros/humble/lib/python3.10/site-packages:/opt/ros/humble/local/lib/python3.10/dist-packages'), ('COLCON', '1'), ('CMAKE_PREFIX_PATH', '/home/yadhu/ur3e/src/install/ur_description:/home/yadhu/ur3e/src/install/robotiq_description:/opt/ros/humble')]), 'shell': False}
[0.742105] (ros_tcp_endpoint) Command: {'cmd': ['/usr/bin/python3', '-W', 'ignore:setup.py install is deprecated', 'setup.py', 'egg_info', '--egg-base', '../build/ros_tcp_endpoint', 'build', '--build-base', '/home/yadhu/ur3e/src/build/ros_tcp_endpoint/build', 'install', '--record', '/home/yadhu/ur3e/src/build/ros_tcp_endpoint/install.log', '--install-scripts', '$base/lib/ros_tcp_endpoint', '--single-version-externally-managed', 'install_data'], 'cwd': '/home/yadhu/ur3e/src/ROS-TCP-Endpoint-main-ros2', 'env': {'HOSTNAME': 'yadhuk', 'GIT_ASKPASS': '/vscode/vscode-server/bin/linux-x64/e54c774e0add60467559eb0d1e229c6452cf8447/extensions/git/dist/askpass.sh', 'SHLVL': '2', 'LD_LIBRARY_PATH': '/usr/lib/x86_64-linux-gnu/gazebo-11/plugins:/opt/ros/humble/opt/rviz_ogre_vendor/lib:/opt/ros/humble/lib/x86_64-linux-gnu:/opt/ros/humble/lib', 'BROWSER': '/vscode/vscode-server/bin/linux-x64/e54c774e0add60467559eb0d1e229c6452cf8447/bin/helpers/browser.sh', 'HOME': '/home/yadhu', 'OLDPWD': '/home/yadhu/ur3e', 'TERM_PROGRAM_VERSION': '1.97.2', 'VSCODE_IPC_HOOK_CLI': '/tmp/vscode-ipc-191d809e-ad6a-48a3-8c83-2991c7349be6.sock', 'DEBUGPY_ADAPTER_ENDPOINTS': '/home/yadhu/.vscode-server/extensions/ms-python.debugpy-2025.0.1-linux-x64/.noConfigDebugAdapterEndpoints/endpoint-00e5a96652343ffc.txt', 'ROS_PYTHON_VERSION': '3', 'VSCODE_GIT_ASKPASS_MAIN': '/vscode/vscode-server/bin/linux-x64/e54c774e0add60467559eb0d1e229c6452cf8447/extensions/git/dist/askpass-main.js', 'VSCODE_GIT_ASKPASS_NODE': '/vscode/vscode-server/bin/linux-x64/e54c774e0add60467559eb0d1e229c6452cf8447/node', 'PYDEVD_DISABLE_FILE_VALIDATION': '1', 'BUNDLED_DEBUGPY_PATH': '/home/yadhu/.vscode-server/extensions/ms-python.debugpy-2025.0.1-linux-x64/bundled/libs/debugpy', 'COLORTERM': 'truecolor', 'REMOTE_CONTAINERS': 'true', 'ROS_DISTRO': 'humble', 'REMOTE_CONTAINERS_IPC': '/tmp/vscode-remote-containers-ipc-3b15b7cf-88ad-4a56-828c-69c61a495d31.sock', '_': '/usr/bin/colcon', 'ROS_VERSION': '2', 'TERM': 'xterm-256color', 'ROS_LOCALHOST_ONLY': '0', 'PATH': '/vscode/vscode-server/bin/linux-x64/e54c774e0add60467559eb0d1e229c6452cf8447/bin/remote-cli:/opt/ros/humble/bin:/usr/local/sbin:/usr/local/bin:/usr/sbin:/usr/bin:/sbin:/bin:/home/yadhu/.vscode-server/extensions/ms-python.debugpy-2025.0.1-linux-x64/bundled/scripts/noConfigScripts', 'REMOTE_CONTAINERS_SOCKETS': '["/tmp/vscode-ssh-auth-3b15b7cf-88ad-4a56-828c-69c61a495d31.sock","/home/yadhu/.gnupg/S.gpg-agent"]', 'DISPLAY': ':1', 'LANG': 'C.UTF-8', 'RMW_IMPLEMENTATION': 'rmw_cyclonedds_cpp', 'LS_COLORS': 'rs=0:di=01;34:ln=01;36:mh=00:pi=40;33:so=01;35:do=01;35:bd=40;33;01:cd=40;33;01:or=40;31;01:mi=00:su=37;41:sg=30;43:ca=30;41:tw=30;42:ow=34;42:st=37;44:ex=01;32:*.tar=01;31:*.tgz=01;31:*.arc=01;31:*.arj=01;31:*.taz=01;31:*.lha=01;31:*.lz4=01;31:*.lzh=01;31:*.lzma=01;31:*.tlz=01;31:*.txz=01;31:*.tzo=01;31:*.t7z=01;31:*.zip=01;31:*.z=01;31:*.dz=01;31:*.gz=01;31:*.lrz=01;31:*.lz=01;31:*.lzo=01;31:*.xz=01;31:*.zst=01;31:*.tzst=01;31:*.bz2=01;31:*.bz=01;31:*.tbz=01;31:*.tbz2=01;31:*.tz=01;31:*.deb=01;31:*.rpm=01;31:*.jar=01;31:*.war=01;31:*.ear=01;31:*.sar=01;31:*.rar=01;31:*.alz=01;31:*.ace=01;31:*.zoo=01;31:*.cpio=01;31:*.7z=01;31:*.rz=01;31:*.cab=01;31:*.wim=01;31:*.swm=01;31:*.dwm=01;31:*.esd=01;31:*.jpg=01;35:*.jpeg=01;35:*.mjpg=01;35:*.mjpeg=01;35:*.gif=01;35:*.bmp=01;35:*.pbm=01;35:*.pgm=01;35:*.ppm=01;35:*.tga=01;35:*.xbm=01;35:*.xpm=01;35:*.tif=01;35:*.tiff=01;35:*.png=01;35:*.svg=01;35:*.svgz=01;35:*.mng=01;35:*.pcx=01;35:*.mov=01;35:*.mpg=01;35:*.mpeg=01;35:*.m2v=01;35:*.mkv=01;35:*.webm=01;35:*.webp=01;35:*.ogm=01;35:*.mp4=01;35:*.m4v=01;35:*.mp4v=01;35:*.vob=01;35:*.qt=01;35:*.nuv=01;35:*.wmv=01;35:*.asf=01;35:*.rm=01;35:*.rmvb=01;35:*.flc=01;35:*.avi=01;35:*.fli=01;35:*.flv=01;35:*.gl=01;35:*.dl=01;35:*.xcf=01;35:*.xwd=01;35:*.yuv=01;35:*.cgm=01;35:*.emf=01;35:*.ogv=01;35:*.ogx=01;35:*.aac=00;36:*.au=00;36:*.flac=00;36:*.m4a=00;36:*.mid=00;36:*.midi=00;36:*.mka=00;36:*.mp3=00;36:*.mpc=00;36:*.ogg=00;36:*.ra=00;36:*.wav=00;36:*.oga=00;36:*.opus=00;36:*.spx=00;36:*.xspf=00;36:', 'VSCODE_GIT_IPC_HANDLE': '/tmp/vscode-git-09c052f1c4.sock', 'TERM_PROGRAM': 'vscode', 'SSH_AUTH_SOCK': '/tmp/vscode-ssh-auth-3b15b7cf-88ad-4a56-828c-69c61a495d31.sock', 'ROS_DOMAIN_ID': '42', 'AMENT_PREFIX_PATH': '/opt/ros/humble', 'SHELL': '/bin/bash', 'ROS_AUTOMATIC_DISCOVERY_RANGE': 'LOCALHOST', 'VSCODE_GIT_ASKPASS_EXTRA_ARGS': '', 'PWD': '/home/yadhu/ur3e/src/build/ros_tcp_endpoint', 'LC_ALL': 'C.UTF-8', 'PYTHONPATH': '/home/yadhu/ur3e/src/build/ros_tcp_endpoint/prefix_override:/usr/lib/python3/dist-packages/colcon_core/task/python/colcon_distutils_commands:/home/yadhu/ur3e/src/install/ros_tcp_endpoint/lib/python3.10/site-packages:/opt/ros/humble/lib/python3.10/site-packages:/opt/ros/humble/local/lib/python3.10/dist-packages', 'COLCON': '1'}, 'shell': False}
[0.743986] (unity_robotics_demo) Command: {'cmd': ['/usr/bin/python3', '-W', 'ignore:setup.py install is deprecated', 'setup.py', 'egg_info', '--egg-base', '../build/unity_robotics_demo', 'build', '--build-base', '/home/yadhu/ur3e/src/build/unity_robotics_demo/build', 'install', '--record', '/home/yadhu/ur3e/src/build/unity_robotics_demo/install.log', '--install-scripts', '$base/lib/unity_robotics_demo', '--single-version-externally-managed', 'install_data'], 'cwd': '/home/yadhu/ur3e/src/unity_robotics_demo', 'env': {'HOSTNAME': 'yadhuk', 'GIT_ASKPASS': '/vscode/vscode-server/bin/linux-x64/e54c774e0add60467559eb0d1e229c6452cf8447/extensions/git/dist/askpass.sh', 'SHLVL': '2', 'LD_LIBRARY_PATH': '/usr/lib/x86_64-linux-gnu/gazebo-11/plugins:/opt/ros/humble/opt/rviz_ogre_vendor/lib:/opt/ros/humble/lib/x86_64-linux-gnu:/opt/ros/humble/lib', 'BROWSER': '/vscode/vscode-server/bin/linux-x64/e54c774e0add60467559eb0d1e229c6452cf8447/bin/helpers/browser.sh', 'HOME': '/home/yadhu', 'OLDPWD': '/home/yadhu/ur3e', 'TERM_PROGRAM_VERSION': '1.97.2', 'VSCODE_IPC_HOOK_CLI': '/tmp/vscode-ipc-191d809e-ad6a-48a3-8c83-2991c7349be6.sock', 'DEBUGPY_ADAPTER_ENDPOINTS': '/home/yadhu/.vscode-server/extensions/ms-python.debugpy-2025.0.1-linux-x64/.noConfigDebugAdapterEndpoints/endpoint-00e5a96652343ffc.txt', 'ROS_PYTHON_VERSION': '3', 'VSCODE_GIT_ASKPASS_MAIN': '/vscode/vscode-server/bin/linux-x64/e54c774e0add60467559eb0d1e229c6452cf8447/extensions/git/dist/askpass-main.js', 'VSCODE_GIT_ASKPASS_NODE': '/vscode/vscode-server/bin/linux-x64/e54c774e0add60467559eb0d1e229c6452cf8447/node', 'PYDEVD_DISABLE_FILE_VALIDATION': '1', 'BUNDLED_DEBUGPY_PATH': '/home/yadhu/.vscode-server/extensions/ms-python.debugpy-2025.0.1-linux-x64/bundled/libs/debugpy', 'COLORTERM': 'truecolor', 'REMOTE_CONTAINERS': 'true', 'ROS_DISTRO': 'humble', 'REMOTE_CONTAINERS_IPC': '/tmp/vscode-remote-containers-ipc-3b15b7cf-88ad-4a56-828c-69c61a495d31.sock', '_': '/usr/bin/colcon', 'ROS_VERSION': '2', 'TERM': 'xterm-256color', 'ROS_LOCALHOST_ONLY': '0', 'PATH': '/vscode/vscode-server/bin/linux-x64/e54c774e0add60467559eb0d1e229c6452cf8447/bin/remote-cli:/opt/ros/humble/bin:/usr/local/sbin:/usr/local/bin:/usr/sbin:/usr/bin:/sbin:/bin:/home/yadhu/.vscode-server/extensions/ms-python.debugpy-2025.0.1-linux-x64/bundled/scripts/noConfigScripts', 'REMOTE_CONTAINERS_SOCKETS': '["/tmp/vscode-ssh-auth-3b15b7cf-88ad-4a56-828c-69c61a495d31.sock","/home/yadhu/.gnupg/S.gpg-agent"]', 'DISPLAY': ':1', 'LANG': 'C.UTF-8', 'RMW_IMPLEMENTATION': 'rmw_cyclonedds_cpp', 'LS_COLORS': 'rs=0:di=01;34:ln=01;36:mh=00:pi=40;33:so=01;35:do=01;35:bd=40;33;01:cd=40;33;01:or=40;31;01:mi=00:su=37;41:sg=30;43:ca=30;41:tw=30;42:ow=34;42:st=37;44:ex=01;32:*.tar=01;31:*.tgz=01;31:*.arc=01;31:*.arj=01;31:*.taz=01;31:*.lha=01;31:*.lz4=01;31:*.lzh=01;31:*.lzma=01;31:*.tlz=01;31:*.txz=01;31:*.tzo=01;31:*.t7z=01;31:*.zip=01;31:*.z=01;31:*.dz=01;31:*.gz=01;31:*.lrz=01;31:*.lz=01;31:*.lzo=01;31:*.xz=01;31:*.zst=01;31:*.tzst=01;31:*.bz2=01;31:*.bz=01;31:*.tbz=01;31:*.tbz2=01;31:*.tz=01;31:*.deb=01;31:*.rpm=01;31:*.jar=01;31:*.war=01;31:*.ear=01;31:*.sar=01;31:*.rar=01;31:*.alz=01;31:*.ace=01;31:*.zoo=01;31:*.cpio=01;31:*.7z=01;31:*.rz=01;31:*.cab=01;31:*.wim=01;31:*.swm=01;31:*.dwm=01;31:*.esd=01;31:*.jpg=01;35:*.jpeg=01;35:*.mjpg=01;35:*.mjpeg=01;35:*.gif=01;35:*.bmp=01;35:*.pbm=01;35:*.pgm=01;35:*.ppm=01;35:*.tga=01;35:*.xbm=01;35:*.xpm=01;35:*.tif=01;35:*.tiff=01;35:*.png=01;35:*.svg=01;35:*.svgz=01;35:*.mng=01;35:*.pcx=01;35:*.mov=01;35:*.mpg=01;35:*.mpeg=01;35:*.m2v=01;35:*.mkv=01;35:*.webm=01;35:*.webp=01;35:*.ogm=01;35:*.mp4=01;35:*.m4v=01;35:*.mp4v=01;35:*.vob=01;35:*.qt=01;35:*.nuv=01;35:*.wmv=01;35:*.asf=01;35:*.rm=01;35:*.rmvb=01;35:*.flc=01;35:*.avi=01;35:*.fli=01;35:*.flv=01;35:*.gl=01;35:*.dl=01;35:*.xcf=01;35:*.xwd=01;35:*.yuv=01;35:*.cgm=01;35:*.emf=01;35:*.ogv=01;35:*.ogx=01;35:*.aac=00;36:*.au=00;36:*.flac=00;36:*.m4a=00;36:*.mid=00;36:*.midi=00;36:*.mka=00;36:*.mp3=00;36:*.mpc=00;36:*.ogg=00;36:*.ra=00;36:*.wav=00;36:*.oga=00;36:*.opus=00;36:*.spx=00;36:*.xspf=00;36:', 'VSCODE_GIT_IPC_HANDLE': '/tmp/vscode-git-09c052f1c4.sock', 'TERM_PROGRAM': 'vscode', 'SSH_AUTH_SOCK': '/tmp/vscode-ssh-auth-3b15b7cf-88ad-4a56-828c-69c61a495d31.sock', 'ROS_DOMAIN_ID': '42', 'AMENT_PREFIX_PATH': '/opt/ros/humble', 'SHELL': '/bin/bash', 'ROS_AUTOMATIC_DISCOVERY_RANGE': 'LOCALHOST', 'VSCODE_GIT_ASKPASS_EXTRA_ARGS': '', 'PWD': '/home/yadhu/ur3e/src/build/unity_robotics_demo', 'LC_ALL': 'C.UTF-8', 'PYTHONPATH': '/home/yadhu/ur3e/src/build/unity_robotics_demo/prefix_override:/usr/lib/python3/dist-packages/colcon_core/task/python/colcon_distutils_commands:/home/yadhu/ur3e/src/install/unity_robotics_demo/lib/python3.10/site-packages:/opt/ros/humble/lib/python3.10/site-packages:/opt/ros/humble/local/lib/python3.10/dist-packages', 'COLCON': '1'}, 'shell': False}
[0.762647] (ur3e_gripper_moveit) CommandEnded: {'returncode': 0}
[0.777842] (ur3e_gripper_moveit) JobProgress: {'identifier': 'ur3e_gripper_moveit', 'progress': 'install'}
[0.778001] (ur3e_gripper_moveit) Command: {'cmd': ['/usr/bin/cmake', '--install', '/home/yadhu/ur3e/src/build/ur3e_gripper_moveit'], 'cwd': '/home/yadhu/ur3e/src/build/ur3e_gripper_moveit', 'env': OrderedDict([('HOSTNAME', 'yadhuk'), ('GIT_ASKPASS', '/vscode/vscode-server/bin/linux-x64/e54c774e0add60467559eb0d1e229c6452cf8447/extensions/git/dist/askpass.sh'), ('SHLVL', '2'), ('LD_LIBRARY_PATH', '/usr/lib/x86_64-linux-gnu/gazebo-11/plugins:/opt/ros/humble/opt/rviz_ogre_vendor/lib:/opt/ros/humble/lib/x86_64-linux-gnu:/opt/ros/humble/lib'), ('BROWSER', '/vscode/vscode-server/bin/linux-x64/e54c774e0add60467559eb0d1e229c6452cf8447/bin/helpers/browser.sh'), ('HOME', '/home/yadhu'), ('OLDPWD', '/home/yadhu/ur3e'), ('TERM_PROGRAM_VERSION', '1.97.2'), ('VSCODE_IPC_HOOK_CLI', '/tmp/vscode-ipc-191d809e-ad6a-48a3-8c83-2991c7349be6.sock'), ('DEBUGPY_ADAPTER_ENDPOINTS', '/home/yadhu/.vscode-server/extensions/ms-python.debugpy-2025.0.1-linux-x64/.noConfigDebugAdapterEndpoints/endpoint-00e5a96652343ffc.txt'), ('ROS_PYTHON_VERSION', '3'), ('VSCODE_GIT_ASKPASS_MAIN', '/vscode/vscode-server/bin/linux-x64/e54c774e0add60467559eb0d1e229c6452cf8447/extensions/git/dist/askpass-main.js'), ('VSCODE_GIT_ASKPASS_NODE', '/vscode/vscode-server/bin/linux-x64/e54c774e0add60467559eb0d1e229c6452cf8447/node'), ('PYDEVD_DISABLE_FILE_VALIDATION', '1'), ('BUNDLED_DEBUGPY_PATH', '/home/yadhu/.vscode-server/extensions/ms-python.debugpy-2025.0.1-linux-x64/bundled/libs/debugpy'), ('COLORTERM', 'truecolor'), ('REMOTE_CONTAINERS', 'true'), ('ROS_DISTRO', 'humble'), ('REMOTE_CONTAINERS_IPC', '/tmp/vscode-remote-containers-ipc-3b15b7cf-88ad-4a56-828c-69c61a495d31.sock'), ('_', '/usr/bin/colcon'), ('ROS_VERSION', '2'), ('TERM', 'xterm-256color'), ('ROS_LOCALHOST_ONLY', '0'), ('PATH', '/vscode/vscode-server/bin/linux-x64/e54c774e0add60467559eb0d1e229c6452cf8447/bin/remote-cli:/opt/ros/humble/bin:/usr/local/sbin:/usr/local/bin:/usr/sbin:/usr/bin:/sbin:/bin:/home/yadhu/.vscode-server/extensions/ms-python.debugpy-2025.0.1-linux-x64/bundled/scripts/noConfigScripts'), ('REMOTE_CONTAINERS_SOCKETS', '["/tmp/vscode-ssh-auth-3b15b7cf-88ad-4a56-828c-69c61a495d31.sock","/home/yadhu/.gnupg/S.gpg-agent"]'), ('DISPLAY', ':1'), ('LANG', 'C.UTF-8'), ('RMW_IMPLEMENTATION', 'rmw_cyclonedds_cpp'), ('LS_COLORS', 'rs=0:di=01;34:ln=01;36:mh=00:pi=40;33:so=01;35:do=01;35:bd=40;33;01:cd=40;33;01:or=40;31;01:mi=00:su=37;41:sg=30;43:ca=30;41:tw=30;42:ow=34;42:st=37;44:ex=01;32:*.tar=01;31:*.tgz=01;31:*.arc=01;31:*.arj=01;31:*.taz=01;31:*.lha=01;31:*.lz4=01;31:*.lzh=01;31:*.lzma=01;31:*.tlz=01;31:*.txz=01;31:*.tzo=01;31:*.t7z=01;31:*.zip=01;31:*.z=01;31:*.dz=01;31:*.gz=01;31:*.lrz=01;31:*.lz=01;31:*.lzo=01;31:*.xz=01;31:*.zst=01;31:*.tzst=01;31:*.bz2=01;31:*.bz=01;31:*.tbz=01;31:*.tbz2=01;31:*.tz=01;31:*.deb=01;31:*.rpm=01;31:*.jar=01;31:*.war=01;31:*.ear=01;31:*.sar=01;31:*.rar=01;31:*.alz=01;31:*.ace=01;31:*.zoo=01;31:*.cpio=01;31:*.7z=01;31:*.rz=01;31:*.cab=01;31:*.wim=01;31:*.swm=01;31:*.dwm=01;31:*.esd=01;31:*.jpg=01;35:*.jpeg=01;35:*.mjpg=01;35:*.mjpeg=01;35:*.gif=01;35:*.bmp=01;35:*.pbm=01;35:*.pgm=01;35:*.ppm=01;35:*.tga=01;35:*.xbm=01;35:*.xpm=01;35:*.tif=01;35:*.tiff=01;35:*.png=01;35:*.svg=01;35:*.svgz=01;35:*.mng=01;35:*.pcx=01;35:*.mov=01;35:*.mpg=01;35:*.mpeg=01;35:*.m2v=01;35:*.mkv=01;35:*.webm=01;35:*.webp=01;35:*.ogm=01;35:*.mp4=01;35:*.m4v=01;35:*.mp4v=01;35:*.vob=01;35:*.qt=01;35:*.nuv=01;35:*.wmv=01;35:*.asf=01;35:*.rm=01;35:*.rmvb=01;35:*.flc=01;35:*.avi=01;35:*.fli=01;35:*.flv=01;35:*.gl=01;35:*.dl=01;35:*.xcf=01;35:*.xwd=01;35:*.yuv=01;35:*.cgm=01;35:*.emf=01;35:*.ogv=01;35:*.ogx=01;35:*.aac=00;36:*.au=00;36:*.flac=00;36:*.m4a=00;36:*.mid=00;36:*.midi=00;36:*.mka=00;36:*.mp3=00;36:*.mpc=00;36:*.ogg=00;36:*.ra=00;36:*.wav=00;36:*.oga=00;36:*.opus=00;36:*.spx=00;36:*.xspf=00;36:'), ('VSCODE_GIT_IPC_HANDLE', '/tmp/vscode-git-09c052f1c4.sock'), ('TERM_PROGRAM', 'vscode'), ('SSH_AUTH_SOCK', '/tmp/vscode-ssh-auth-3b15b7cf-88ad-4a56-828c-69c61a495d31.sock'), ('ROS_DOMAIN_ID', '42'), ('AMENT_PREFIX_PATH', '/home/yadhu/ur3e/src/install/ur_description:/home/yadhu/ur3e/src/install/robotiq_description:/opt/ros/humble'), ('SHELL', '/bin/bash'), ('ROS_AUTOMATIC_DISCOVERY_RANGE', 'LOCALHOST'), ('VSCODE_GIT_ASKPASS_EXTRA_ARGS', ''), ('PWD', '/home/yadhu/ur3e/src/build/ur3e_gripper_moveit'), ('LC_ALL', 'C.UTF-8'), ('PYTHONPATH', '/opt/ros/humble/lib/python3.10/site-packages:/opt/ros/humble/local/lib/python3.10/dist-packages'), ('COLCON', '1'), ('CMAKE_PREFIX_PATH', '/home/yadhu/ur3e/src/install/ur_description:/home/yadhu/ur3e/src/install/robotiq_description:/opt/ros/humble')]), 'shell': False}
[0.782691] (ur_moveit_config) StdoutLine: {'line': b'Built target ament_cmake_python_copy_ur_moveit_config\n'}
[0.783071] (ur3e_gripper_moveit) StdoutLine: {'line': b'-- Install configuration: ""\n'}
[0.783220] (ur3e_gripper_moveit) StdoutLine: {'line': b'-- Up-to-date: /home/yadhu/ur3e/src/install/ur3e_gripper_moveit/share/ament_index/resource_index/package_run_dependencies/ur3e_gripper_moveit\n'}
[0.783274] (ur3e_gripper_moveit) StdoutLine: {'line': b'-- Up-to-date: /home/yadhu/ur3e/src/install/ur3e_gripper_moveit/share/ament_index/resource_index/parent_prefix_path/ur3e_gripper_moveit\n'}
[0.783308] (ur3e_gripper_moveit) StdoutLine: {'line': b'-- Up-to-date: /home/yadhu/ur3e/src/install/ur3e_gripper_moveit/share/ur3e_gripper_moveit/environment/ament_prefix_path.sh\n'}
[0.783338] (ur3e_gripper_moveit) StdoutLine: {'line': b'-- Up-to-date: /home/yadhu/ur3e/src/install/ur3e_gripper_moveit/share/ur3e_gripper_moveit/environment/ament_prefix_path.dsv\n'}
[0.783386] (ur3e_gripper_moveit) StdoutLine: {'line': b'-- Up-to-date: /home/yadhu/ur3e/src/install/ur3e_gripper_moveit/share/ur3e_gripper_moveit/environment/path.sh\n'}
[0.783446] (ur3e_gripper_moveit) StdoutLine: {'line': b'-- Up-to-date: /home/yadhu/ur3e/src/install/ur3e_gripper_moveit/share/ur3e_gripper_moveit/environment/path.dsv\n'}
[0.783476] (ur3e_gripper_moveit) StdoutLine: {'line': b'-- Up-to-date: /home/yadhu/ur3e/src/install/ur3e_gripper_moveit/share/ur3e_gripper_moveit/local_setup.bash\n'}
[0.783503] (ur3e_gripper_moveit) StdoutLine: {'line': b'-- Up-to-date: /home/yadhu/ur3e/src/install/ur3e_gripper_moveit/share/ur3e_gripper_moveit/local_setup.sh\n'}
[0.783531] (ur3e_gripper_moveit) StdoutLine: {'line': b'-- Up-to-date: /home/yadhu/ur3e/src/install/ur3e_gripper_moveit/share/ur3e_gripper_moveit/local_setup.zsh\n'}
[0.783560] (ur3e_gripper_moveit) StdoutLine: {'line': b'-- Up-to-date: /home/yadhu/ur3e/src/install/ur3e_gripper_moveit/share/ur3e_gripper_moveit/local_setup.dsv\n'}
[0.783588] (ur3e_gripper_moveit) StdoutLine: {'line': b'-- Installing: /home/yadhu/ur3e/src/install/ur3e_gripper_moveit/share/ur3e_gripper_moveit/package.dsv\n'}
[0.783632] (ur3e_gripper_moveit) StdoutLine: {'line': b'-- Up-to-date: /home/yadhu/ur3e/src/install/ur3e_gripper_moveit/share/ament_index/resource_index/packages/ur3e_gripper_moveit\n'}
[0.783712] (ur3e_gripper_moveit) StdoutLine: {'line': b'-- Up-to-date: /home/yadhu/ur3e/src/install/ur3e_gripper_moveit/share/ur3e_gripper_moveit/cmake/ur3e_gripper_moveitConfig.cmake\n'}
[0.783742] (ur3e_gripper_moveit) StdoutLine: {'line': b'-- Up-to-date: /home/yadhu/ur3e/src/install/ur3e_gripper_moveit/share/ur3e_gripper_moveit/cmake/ur3e_gripper_moveitConfig-version.cmake\n'}
[0.783775] (ur3e_gripper_moveit) StdoutLine: {'line': b'-- Up-to-date: /home/yadhu/ur3e/src/install/ur3e_gripper_moveit/share/ur3e_gripper_moveit/package.xml\n'}
[0.783804] (ur3e_gripper_moveit) StdoutLine: {'line': b'-- Up-to-date: /home/yadhu/ur3e/src/install/ur3e_gripper_moveit/share/ur3e_gripper_moveit/launch\n'}
[0.783833] (ur3e_gripper_moveit) StdoutLine: {'line': b'-- Up-to-date: /home/yadhu/ur3e/src/install/ur3e_gripper_moveit/share/ur3e_gripper_moveit/launch/rsp.launch.py\n'}
[0.783952] (ur3e_gripper_moveit) StdoutLine: {'line': b'-- Up-to-date: /home/yadhu/ur3e/src/install/ur3e_gripper_moveit/share/ur3e_gripper_moveit/launch/warehouse_db.launch.py\n'}
[0.784060] (ur3e_gripper_moveit) StdoutLine: {'line': b'-- Up-to-date: /home/yadhu/ur3e/src/install/ur3e_gripper_moveit/share/ur3e_gripper_moveit/launch/demo.launch.py\n'}
[0.784186] (ur3e_gripper_moveit) StdoutLine: {'line': b'-- Up-to-date: /home/yadhu/ur3e/src/install/ur3e_gripper_moveit/share/ur3e_gripper_moveit/launch/move_group.launch.py\n'}
[0.784297] (ur3e_gripper_moveit) StdoutLine: {'line': b'-- Up-to-date: /home/yadhu/ur3e/src/install/ur3e_gripper_moveit/share/ur3e_gripper_moveit/launch/moveit_rviz.launch.py\n'}
[0.784385] (ur3e_gripper_moveit) StdoutLine: {'line': b'-- Up-to-date: /home/yadhu/ur3e/src/install/ur3e_gripper_moveit/share/ur3e_gripper_moveit/launch/setup_assistant.launch.py\n'}
[0.784473] (ur3e_gripper_moveit) StdoutLine: {'line': b'-- Up-to-date: /home/yadhu/ur3e/src/install/ur3e_gripper_moveit/share/ur3e_gripper_moveit/launch/static_virtual_joint_tfs.launch.py\n'}
[0.784632] (ur3e_gripper_moveit) StdoutLine: {'line': b'-- Up-to-date: /home/yadhu/ur3e/src/install/ur3e_gripper_moveit/share/ur3e_gripper_moveit/launch/spawn_controllers.launch.py\n'}
[0.784717] (ur3e_gripper_moveit) StdoutLine: {'line': b'-- Up-to-date: /home/yadhu/ur3e/src/install/ur3e_gripper_moveit/share/ur3e_gripper_moveit/config\n'}
[0.784754] (ur3e_gripper_moveit) StdoutLine: {'line': b'-- Up-to-date: /home/yadhu/ur3e/src/install/ur3e_gripper_moveit/share/ur3e_gripper_moveit/config/ur_gripper.ros2_control.xacro\n'}
[0.784786] (ur3e_gripper_moveit) StdoutLine: {'line': b'-- Up-to-date: /home/yadhu/ur3e/src/install/ur3e_gripper_moveit/share/ur3e_gripper_moveit/config/ur_gripper.srdf\n'}
[0.784816] (ur3e_gripper_moveit) StdoutLine: {'line': b'-- Up-to-date: /home/yadhu/ur3e/src/install/ur3e_gripper_moveit/share/ur3e_gripper_moveit/config/moveit_controllers.yaml\n'}
[0.784846] (ur3e_gripper_moveit) StdoutLine: {'line': b'-- Up-to-date: /home/yadhu/ur3e/src/install/ur3e_gripper_moveit/share/ur3e_gripper_moveit/config/kinematics.yaml\n'}
[0.784875] (ur3e_gripper_moveit) StdoutLine: {'line': b'-- Up-to-date: /home/yadhu/ur3e/src/install/ur3e_gripper_moveit/share/ur3e_gripper_moveit/config/joint_limits.yaml\n'}
[0.784904] (ur3e_gripper_moveit) StdoutLine: {'line': b'-- Up-to-date: /home/yadhu/ur3e/src/install/ur3e_gripper_moveit/share/ur3e_gripper_moveit/config/moveit.rviz\n'}
[0.784932] (ur3e_gripper_moveit) StdoutLine: {'line': b'-- Up-to-date: /home/yadhu/ur3e/src/install/ur3e_gripper_moveit/share/ur3e_gripper_moveit/config/initial_positions.yaml\n'}
[0.784961] (ur3e_gripper_moveit) StdoutLine: {'line': b'-- Up-to-date: /home/yadhu/ur3e/src/install/ur3e_gripper_moveit/share/ur3e_gripper_moveit/config/ur_gripper.urdf.xacro\n'}
[0.784990] (ur3e_gripper_moveit) StdoutLine: {'line': b'-- Up-to-date: /home/yadhu/ur3e/src/install/ur3e_gripper_moveit/share/ur3e_gripper_moveit/config/pilz_cartesian_limits.yaml\n'}
[0.785019] (ur3e_gripper_moveit) StdoutLine: {'line': b'-- Up-to-date: /home/yadhu/ur3e/src/install/ur3e_gripper_moveit/share/ur3e_gripper_moveit/config/ros2_controllers.yaml\n'}
[0.785117] (ur3e_gripper_moveit) StdoutLine: {'line': b'-- Up-to-date: /home/yadhu/ur3e/src/install/ur3e_gripper_moveit/share/ur3e_gripper_moveit/.setup_assistant\n'}
[0.785550] (ur3e_gripper_moveit) CommandEnded: {'returncode': 0}
[0.800793] (-) TimerEvent: {}
[0.808808] (ur3e_gripper_moveit) JobEnded: {'identifier': 'ur3e_gripper_moveit', 'rc': 0}
[0.893591] (unity_robotics_demo) StderrLine: {'line': b"/usr/lib/python3/dist-packages/setuptools/dist.py:723: UserWarning: Usage of dash-separated 'script-dir' will not be supported in future versions. Please use the underscore name 'script_dir' instead\n"}
[0.893729] (unity_robotics_demo) StderrLine: {'line': b'  warnings.warn(\n'}
[0.899280] (unity_robotics_demo) StdoutLine: {'line': b'running egg_info\n'}
[0.899679] (unity_robotics_demo) StdoutLine: {'line': b'writing ../build/unity_robotics_demo/unity_robotics_demo.egg-info/PKG-INFO\n'}
[0.899933] (unity_robotics_demo) StdoutLine: {'line': b'writing dependency_links to ../build/unity_robotics_demo/unity_robotics_demo.egg-info/dependency_links.txt\n'}
[0.900067] (unity_robotics_demo) StdoutLine: {'line': b'writing entry points to ../build/unity_robotics_demo/unity_robotics_demo.egg-info/entry_points.txt\n'}
[0.900202] (unity_robotics_demo) StdoutLine: {'line': b'writing requirements to ../build/unity_robotics_demo/unity_robotics_demo.egg-info/requires.txt\n'}
[0.900329] (unity_robotics_demo) StdoutLine: {'line': b'writing top-level names to ../build/unity_robotics_demo/unity_robotics_demo.egg-info/top_level.txt\n'}
[0.900535] (ros_tcp_endpoint) StderrLine: {'line': b"/usr/lib/python3/dist-packages/setuptools/dist.py:723: UserWarning: Usage of dash-separated 'script-dir' will not be supported in future versions. Please use the underscore name 'script_dir' instead\n"}
[0.900688] (ros_tcp_endpoint) StderrLine: {'line': b'  warnings.warn(\n'}
[0.900858] (-) TimerEvent: {}
[0.901103] (unity_robotics_demo) StdoutLine: {'line': b"reading manifest file '../build/unity_robotics_demo/unity_robotics_demo.egg-info/SOURCES.txt'\n"}
[0.901612] (unity_robotics_demo) StdoutLine: {'line': b"writing manifest file '../build/unity_robotics_demo/unity_robotics_demo.egg-info/SOURCES.txt'\n"}
[0.901755] (unity_robotics_demo) StdoutLine: {'line': b'running build\n'}
[0.901837] (unity_robotics_demo) StdoutLine: {'line': b'running build_py\n'}
[0.902018] (unity_robotics_demo) StdoutLine: {'line': b'running install\n'}
[0.902199] (unity_robotics_demo) StdoutLine: {'line': b'running install_lib\n'}
[0.902934] (unity_robotics_demo) StdoutLine: {'line': b'running install_data\n'}
[0.903043] (unity_robotics_demo) StdoutLine: {'line': b'running install_egg_info\n'}
[0.904254] (unity_robotics_demo) StdoutLine: {'line': b"removing '/home/yadhu/ur3e/src/install/unity_robotics_demo/lib/python3.10/site-packages/unity_robotics_demo-0.0.1-py3.10.egg-info' (and everything under it)\n"}
[0.904503] (unity_robotics_demo) StdoutLine: {'line': b'Copying ../build/unity_robotics_demo/unity_robotics_demo.egg-info to /home/yadhu/ur3e/src/install/unity_robotics_demo/lib/python3.10/site-packages/unity_robotics_demo-0.0.1-py3.10.egg-info\n'}
[0.904816] (unity_robotics_demo) StdoutLine: {'line': b'running install_scripts\n'}
[0.906214] (ros_tcp_endpoint) StdoutLine: {'line': b'running egg_info\n'}
[0.906752] (ros_tcp_endpoint) StdoutLine: {'line': b'writing ../build/ros_tcp_endpoint/ros_tcp_endpoint.egg-info/PKG-INFO\n'}
[0.906896] (ros_tcp_endpoint) StdoutLine: {'line': b'writing dependency_links to ../build/ros_tcp_endpoint/ros_tcp_endpoint.egg-info/dependency_links.txt\n'}
[0.907049] (ros_tcp_endpoint) StdoutLine: {'line': b'writing entry points to ../build/ros_tcp_endpoint/ros_tcp_endpoint.egg-info/entry_points.txt\n'}
[0.907203] (ros_tcp_endpoint) StdoutLine: {'line': b'writing requirements to ../build/ros_tcp_endpoint/ros_tcp_endpoint.egg-info/requires.txt\n'}
[0.907308] (ros_tcp_endpoint) StdoutLine: {'line': b'writing top-level names to ../build/ros_tcp_endpoint/ros_tcp_endpoint.egg-info/top_level.txt\n'}
[0.908270] (ros_tcp_endpoint) StdoutLine: {'line': b"reading manifest file '../build/ros_tcp_endpoint/ros_tcp_endpoint.egg-info/SOURCES.txt'\n"}
[0.908420] (ros_tcp_endpoint) StdoutLine: {'line': b"adding license file 'LICENSE'\n"}
[0.908896] (ros_tcp_endpoint) StdoutLine: {'line': b"writing manifest file '../build/ros_tcp_endpoint/ros_tcp_endpoint.egg-info/SOURCES.txt'\n"}
[0.909024] (ros_tcp_endpoint) StdoutLine: {'line': b'running build\n'}
[0.909114] (ros_tcp_endpoint) StdoutLine: {'line': b'running build_py\n'}
[0.909697] (ros_tcp_endpoint) StdoutLine: {'line': b'running install\n'}
[0.909918] (ros_tcp_endpoint) StdoutLine: {'line': b'running install_lib\n'}
[0.911036] (ros_tcp_endpoint) StdoutLine: {'line': b'running install_data\n'}
[0.911147] (ros_tcp_endpoint) StdoutLine: {'line': b'running install_egg_info\n'}
[0.912523] (ros_tcp_endpoint) StdoutLine: {'line': b"removing '/home/yadhu/ur3e/src/install/ros_tcp_endpoint/lib/python3.10/site-packages/ros_tcp_endpoint-0.0.1-py3.10.egg-info' (and everything under it)\n"}
[0.912727] (ros_tcp_endpoint) StdoutLine: {'line': b'Copying ../build/ros_tcp_endpoint/ros_tcp_endpoint.egg-info to /home/yadhu/ur3e/src/install/ros_tcp_endpoint/lib/python3.10/site-packages/ros_tcp_endpoint-0.0.1-py3.10.egg-info\n'}
[0.913084] (ros_tcp_endpoint) StdoutLine: {'line': b'running install_scripts\n'}
[0.920465] (unity_robotics_demo) StdoutLine: {'line': b'Installing color_publisher script to /home/yadhu/ur3e/src/install/unity_robotics_demo/lib/unity_robotics_demo\n'}
[0.921257] (unity_robotics_demo) StdoutLine: {'line': b'Installing position_service script to /home/yadhu/ur3e/src/install/unity_robotics_demo/lib/unity_robotics_demo\n'}
[0.921360] (unity_robotics_demo) StdoutLine: {'line': b"writing list of installed files to '/home/yadhu/ur3e/src/build/unity_robotics_demo/install.log'\n"}
[0.932309] (ros_tcp_endpoint) StdoutLine: {'line': b'Installing default_server_endpoint script to /home/yadhu/ur3e/src/install/ros_tcp_endpoint/lib/ros_tcp_endpoint\n'}
[0.932826] (ros_tcp_endpoint) StdoutLine: {'line': b"writing list of installed files to '/home/yadhu/ur3e/src/build/ros_tcp_endpoint/install.log'\n"}
[0.941781] (unity_robotics_demo) CommandEnded: {'returncode': 0}
[0.948932] (unity_robotics_demo) JobEnded: {'identifier': 'unity_robotics_demo', 'rc': 0}
[0.954818] (ros_tcp_endpoint) CommandEnded: {'returncode': 0}
[0.958708] (ros_tcp_endpoint) JobEnded: {'identifier': 'ros_tcp_endpoint', 'rc': 0}
[1.000943] (-) TimerEvent: {}
[1.005668] (ur_moveit_config) StdoutLine: {'line': b'running egg_info\n'}
[1.006292] (ur_moveit_config) StdoutLine: {'line': b'writing ur_moveit_config.egg-info/PKG-INFO\n'}
[1.006663] (ur_moveit_config) StdoutLine: {'line': b'writing dependency_links to ur_moveit_config.egg-info/dependency_links.txt\n'}
[1.007130] (ur_moveit_config) StdoutLine: {'line': b'writing top-level names to ur_moveit_config.egg-info/top_level.txt\n'}
[1.007779] (pyfile) Command: {'cmd': ['/usr/bin/python3', '-W', 'ignore:setup.py install is deprecated', 'setup.py', 'egg_info', '--egg-base', '../build/pyfile', 'build', '--build-base', '/home/yadhu/ur3e/src/build/pyfile/build', 'install', '--record', '/home/yadhu/ur3e/src/build/pyfile/install.log', '--single-version-externally-managed', 'install_data'], 'cwd': '/home/yadhu/ur3e/src/pyfile', 'env': {'HOSTNAME': 'yadhuk', 'GIT_ASKPASS': '/vscode/vscode-server/bin/linux-x64/e54c774e0add60467559eb0d1e229c6452cf8447/extensions/git/dist/askpass.sh', 'SHLVL': '2', 'LD_LIBRARY_PATH': '/usr/lib/x86_64-linux-gnu/gazebo-11/plugins:/opt/ros/humble/opt/rviz_ogre_vendor/lib:/opt/ros/humble/lib/x86_64-linux-gnu:/opt/ros/humble/lib', 'BROWSER': '/vscode/vscode-server/bin/linux-x64/e54c774e0add60467559eb0d1e229c6452cf8447/bin/helpers/browser.sh', 'HOME': '/home/yadhu', 'OLDPWD': '/home/yadhu/ur3e', 'TERM_PROGRAM_VERSION': '1.97.2', 'VSCODE_IPC_HOOK_CLI': '/tmp/vscode-ipc-191d809e-ad6a-48a3-8c83-2991c7349be6.sock', 'DEBUGPY_ADAPTER_ENDPOINTS': '/home/yadhu/.vscode-server/extensions/ms-python.debugpy-2025.0.1-linux-x64/.noConfigDebugAdapterEndpoints/endpoint-00e5a96652343ffc.txt', 'ROS_PYTHON_VERSION': '3', 'VSCODE_GIT_ASKPASS_MAIN': '/vscode/vscode-server/bin/linux-x64/e54c774e0add60467559eb0d1e229c6452cf8447/extensions/git/dist/askpass-main.js', 'VSCODE_GIT_ASKPASS_NODE': '/vscode/vscode-server/bin/linux-x64/e54c774e0add60467559eb0d1e229c6452cf8447/node', 'PYDEVD_DISABLE_FILE_VALIDATION': '1', 'BUNDLED_DEBUGPY_PATH': '/home/yadhu/.vscode-server/extensions/ms-python.debugpy-2025.0.1-linux-x64/bundled/libs/debugpy', 'COLORTERM': 'truecolor', 'REMOTE_CONTAINERS': 'true', 'ROS_DISTRO': 'humble', 'REMOTE_CONTAINERS_IPC': '/tmp/vscode-remote-containers-ipc-3b15b7cf-88ad-4a56-828c-69c61a495d31.sock', '_': '/usr/bin/colcon', 'ROS_VERSION': '2', 'TERM': 'xterm-256color', 'ROS_LOCALHOST_ONLY': '0', 'PATH': '/vscode/vscode-server/bin/linux-x64/e54c774e0add60467559eb0d1e229c6452cf8447/bin/remote-cli:/opt/ros/humble/bin:/usr/local/sbin:/usr/local/bin:/usr/sbin:/usr/bin:/sbin:/bin:/home/yadhu/.vscode-server/extensions/ms-python.debugpy-2025.0.1-linux-x64/bundled/scripts/noConfigScripts', 'REMOTE_CONTAINERS_SOCKETS': '["/tmp/vscode-ssh-auth-3b15b7cf-88ad-4a56-828c-69c61a495d31.sock","/home/yadhu/.gnupg/S.gpg-agent"]', 'DISPLAY': ':1', 'LANG': 'C.UTF-8', 'RMW_IMPLEMENTATION': 'rmw_cyclonedds_cpp', 'LS_COLORS': 'rs=0:di=01;34:ln=01;36:mh=00:pi=40;33:so=01;35:do=01;35:bd=40;33;01:cd=40;33;01:or=40;31;01:mi=00:su=37;41:sg=30;43:ca=30;41:tw=30;42:ow=34;42:st=37;44:ex=01;32:*.tar=01;31:*.tgz=01;31:*.arc=01;31:*.arj=01;31:*.taz=01;31:*.lha=01;31:*.lz4=01;31:*.lzh=01;31:*.lzma=01;31:*.tlz=01;31:*.txz=01;31:*.tzo=01;31:*.t7z=01;31:*.zip=01;31:*.z=01;31:*.dz=01;31:*.gz=01;31:*.lrz=01;31:*.lz=01;31:*.lzo=01;31:*.xz=01;31:*.zst=01;31:*.tzst=01;31:*.bz2=01;31:*.bz=01;31:*.tbz=01;31:*.tbz2=01;31:*.tz=01;31:*.deb=01;31:*.rpm=01;31:*.jar=01;31:*.war=01;31:*.ear=01;31:*.sar=01;31:*.rar=01;31:*.alz=01;31:*.ace=01;31:*.zoo=01;31:*.cpio=01;31:*.7z=01;31:*.rz=01;31:*.cab=01;31:*.wim=01;31:*.swm=01;31:*.dwm=01;31:*.esd=01;31:*.jpg=01;35:*.jpeg=01;35:*.mjpg=01;35:*.mjpeg=01;35:*.gif=01;35:*.bmp=01;35:*.pbm=01;35:*.pgm=01;35:*.ppm=01;35:*.tga=01;35:*.xbm=01;35:*.xpm=01;35:*.tif=01;35:*.tiff=01;35:*.png=01;35:*.svg=01;35:*.svgz=01;35:*.mng=01;35:*.pcx=01;35:*.mov=01;35:*.mpg=01;35:*.mpeg=01;35:*.m2v=01;35:*.mkv=01;35:*.webm=01;35:*.webp=01;35:*.ogm=01;35:*.mp4=01;35:*.m4v=01;35:*.mp4v=01;35:*.vob=01;35:*.qt=01;35:*.nuv=01;35:*.wmv=01;35:*.asf=01;35:*.rm=01;35:*.rmvb=01;35:*.flc=01;35:*.avi=01;35:*.fli=01;35:*.flv=01;35:*.gl=01;35:*.dl=01;35:*.xcf=01;35:*.xwd=01;35:*.yuv=01;35:*.cgm=01;35:*.emf=01;35:*.ogv=01;35:*.ogx=01;35:*.aac=00;36:*.au=00;36:*.flac=00;36:*.m4a=00;36:*.mid=00;36:*.midi=00;36:*.mka=00;36:*.mp3=00;36:*.mpc=00;36:*.ogg=00;36:*.ra=00;36:*.wav=00;36:*.oga=00;36:*.opus=00;36:*.spx=00;36:*.xspf=00;36:', 'VSCODE_GIT_IPC_HANDLE': '/tmp/vscode-git-09c052f1c4.sock', 'TERM_PROGRAM': 'vscode', 'SSH_AUTH_SOCK': '/tmp/vscode-ssh-auth-3b15b7cf-88ad-4a56-828c-69c61a495d31.sock', 'ROS_DOMAIN_ID': '42', 'AMENT_PREFIX_PATH': '/home/yadhu/ur3e/src/install/ur_description:/home/yadhu/ur3e/src/install/robotiq_description:/opt/ros/humble', 'SHELL': '/bin/bash', 'ROS_AUTOMATIC_DISCOVERY_RANGE': 'LOCALHOST', 'VSCODE_GIT_ASKPASS_EXTRA_ARGS': '', 'PWD': '/home/yadhu/ur3e/src/build/pyfile', 'LC_ALL': 'C.UTF-8', 'PYTHONPATH': '/home/yadhu/ur3e/src/build/pyfile/prefix_override:/usr/lib/python3/dist-packages/colcon_core/task/python/colcon_distutils_commands:/home/yadhu/ur3e/src/install/pyfile/lib/python3.10/site-packages:/opt/ros/humble/lib/python3.10/site-packages:/opt/ros/humble/local/lib/python3.10/dist-packages', 'COLCON': '1', 'CMAKE_PREFIX_PATH': '/home/yadhu/ur3e/src/install/ur_description:/home/yadhu/ur3e/src/install/robotiq_description'}, 'shell': False}
[1.008973] (ur_moveit_config) StdoutLine: {'line': b"reading manifest file 'ur_moveit_config.egg-info/SOURCES.txt'\n"}
[1.009028] (ur_moveit_config) StdoutLine: {'line': b"writing manifest file 'ur_moveit_config.egg-info/SOURCES.txt'\n"}
[1.027777] (ur_moveit_config) StdoutLine: {'line': b'Built target ament_cmake_python_build_ur_moveit_config_egg\n'}
[1.034898] (ur_moveit_config) CommandEnded: {'returncode': 0}
[1.051573] (ur_moveit_config) JobProgress: {'identifier': 'ur_moveit_config', 'progress': 'install'}
[1.051725] (ur_moveit_config) Command: {'cmd': ['/usr/bin/cmake', '--install', '/home/yadhu/ur3e/src/build/ur_moveit_config'], 'cwd': '/home/yadhu/ur3e/src/build/ur_moveit_config', 'env': OrderedDict([('HOSTNAME', 'yadhuk'), ('GIT_ASKPASS', '/vscode/vscode-server/bin/linux-x64/e54c774e0add60467559eb0d1e229c6452cf8447/extensions/git/dist/askpass.sh'), ('SHLVL', '2'), ('LD_LIBRARY_PATH', '/usr/lib/x86_64-linux-gnu/gazebo-11/plugins:/opt/ros/humble/opt/rviz_ogre_vendor/lib:/opt/ros/humble/lib/x86_64-linux-gnu:/opt/ros/humble/lib'), ('BROWSER', '/vscode/vscode-server/bin/linux-x64/e54c774e0add60467559eb0d1e229c6452cf8447/bin/helpers/browser.sh'), ('HOME', '/home/yadhu'), ('OLDPWD', '/home/yadhu/ur3e'), ('TERM_PROGRAM_VERSION', '1.97.2'), ('VSCODE_IPC_HOOK_CLI', '/tmp/vscode-ipc-191d809e-ad6a-48a3-8c83-2991c7349be6.sock'), ('DEBUGPY_ADAPTER_ENDPOINTS', '/home/yadhu/.vscode-server/extensions/ms-python.debugpy-2025.0.1-linux-x64/.noConfigDebugAdapterEndpoints/endpoint-00e5a96652343ffc.txt'), ('ROS_PYTHON_VERSION', '3'), ('VSCODE_GIT_ASKPASS_MAIN', '/vscode/vscode-server/bin/linux-x64/e54c774e0add60467559eb0d1e229c6452cf8447/extensions/git/dist/askpass-main.js'), ('VSCODE_GIT_ASKPASS_NODE', '/vscode/vscode-server/bin/linux-x64/e54c774e0add60467559eb0d1e229c6452cf8447/node'), ('PYDEVD_DISABLE_FILE_VALIDATION', '1'), ('BUNDLED_DEBUGPY_PATH', '/home/yadhu/.vscode-server/extensions/ms-python.debugpy-2025.0.1-linux-x64/bundled/libs/debugpy'), ('COLORTERM', 'truecolor'), ('REMOTE_CONTAINERS', 'true'), ('ROS_DISTRO', 'humble'), ('REMOTE_CONTAINERS_IPC', '/tmp/vscode-remote-containers-ipc-3b15b7cf-88ad-4a56-828c-69c61a495d31.sock'), ('_', '/usr/bin/colcon'), ('ROS_VERSION', '2'), ('TERM', 'xterm-256color'), ('ROS_LOCALHOST_ONLY', '0'), ('PATH', '/vscode/vscode-server/bin/linux-x64/e54c774e0add60467559eb0d1e229c6452cf8447/bin/remote-cli:/opt/ros/humble/bin:/usr/local/sbin:/usr/local/bin:/usr/sbin:/usr/bin:/sbin:/bin:/home/yadhu/.vscode-server/extensions/ms-python.debugpy-2025.0.1-linux-x64/bundled/scripts/noConfigScripts'), ('REMOTE_CONTAINERS_SOCKETS', '["/tmp/vscode-ssh-auth-3b15b7cf-88ad-4a56-828c-69c61a495d31.sock","/home/yadhu/.gnupg/S.gpg-agent"]'), ('DISPLAY', ':1'), ('LANG', 'C.UTF-8'), ('RMW_IMPLEMENTATION', 'rmw_cyclonedds_cpp'), ('LS_COLORS', 'rs=0:di=01;34:ln=01;36:mh=00:pi=40;33:so=01;35:do=01;35:bd=40;33;01:cd=40;33;01:or=40;31;01:mi=00:su=37;41:sg=30;43:ca=30;41:tw=30;42:ow=34;42:st=37;44:ex=01;32:*.tar=01;31:*.tgz=01;31:*.arc=01;31:*.arj=01;31:*.taz=01;31:*.lha=01;31:*.lz4=01;31:*.lzh=01;31:*.lzma=01;31:*.tlz=01;31:*.txz=01;31:*.tzo=01;31:*.t7z=01;31:*.zip=01;31:*.z=01;31:*.dz=01;31:*.gz=01;31:*.lrz=01;31:*.lz=01;31:*.lzo=01;31:*.xz=01;31:*.zst=01;31:*.tzst=01;31:*.bz2=01;31:*.bz=01;31:*.tbz=01;31:*.tbz2=01;31:*.tz=01;31:*.deb=01;31:*.rpm=01;31:*.jar=01;31:*.war=01;31:*.ear=01;31:*.sar=01;31:*.rar=01;31:*.alz=01;31:*.ace=01;31:*.zoo=01;31:*.cpio=01;31:*.7z=01;31:*.rz=01;31:*.cab=01;31:*.wim=01;31:*.swm=01;31:*.dwm=01;31:*.esd=01;31:*.jpg=01;35:*.jpeg=01;35:*.mjpg=01;35:*.mjpeg=01;35:*.gif=01;35:*.bmp=01;35:*.pbm=01;35:*.pgm=01;35:*.ppm=01;35:*.tga=01;35:*.xbm=01;35:*.xpm=01;35:*.tif=01;35:*.tiff=01;35:*.png=01;35:*.svg=01;35:*.svgz=01;35:*.mng=01;35:*.pcx=01;35:*.mov=01;35:*.mpg=01;35:*.mpeg=01;35:*.m2v=01;35:*.mkv=01;35:*.webm=01;35:*.webp=01;35:*.ogm=01;35:*.mp4=01;35:*.m4v=01;35:*.mp4v=01;35:*.vob=01;35:*.qt=01;35:*.nuv=01;35:*.wmv=01;35:*.asf=01;35:*.rm=01;35:*.rmvb=01;35:*.flc=01;35:*.avi=01;35:*.fli=01;35:*.flv=01;35:*.gl=01;35:*.dl=01;35:*.xcf=01;35:*.xwd=01;35:*.yuv=01;35:*.cgm=01;35:*.emf=01;35:*.ogv=01;35:*.ogx=01;35:*.aac=00;36:*.au=00;36:*.flac=00;36:*.m4a=00;36:*.mid=00;36:*.midi=00;36:*.mka=00;36:*.mp3=00;36:*.mpc=00;36:*.ogg=00;36:*.ra=00;36:*.wav=00;36:*.oga=00;36:*.opus=00;36:*.spx=00;36:*.xspf=00;36:'), ('VSCODE_GIT_IPC_HANDLE', '/tmp/vscode-git-09c052f1c4.sock'), ('TERM_PROGRAM', 'vscode'), ('SSH_AUTH_SOCK', '/tmp/vscode-ssh-auth-3b15b7cf-88ad-4a56-828c-69c61a495d31.sock'), ('ROS_DOMAIN_ID', '42'), ('AMENT_PREFIX_PATH', '/home/yadhu/ur3e/src/install/ur_description:/home/yadhu/ur3e/src/install/robotiq_description:/opt/ros/humble'), ('SHELL', '/bin/bash'), ('ROS_AUTOMATIC_DISCOVERY_RANGE', 'LOCALHOST'), ('VSCODE_GIT_ASKPASS_EXTRA_ARGS', ''), ('PWD', '/home/yadhu/ur3e/src/build/ur_moveit_config'), ('LC_ALL', 'C.UTF-8'), ('PYTHONPATH', '/opt/ros/humble/lib/python3.10/site-packages:/opt/ros/humble/local/lib/python3.10/dist-packages'), ('COLCON', '1'), ('CMAKE_PREFIX_PATH', '/home/yadhu/ur3e/src/install/ur_description:/home/yadhu/ur3e/src/install/robotiq_description:/opt/ros/humble')]), 'shell': False}
[1.056669] (ur_moveit_config) StdoutLine: {'line': b'-- Install configuration: ""\n'}
[1.056854] (ur_moveit_config) StdoutLine: {'line': b'-- Up-to-date: /home/yadhu/ur3e/src/install/ur_moveit_config/share/ur_moveit_config/config\n'}
[1.056913] (ur_moveit_config) StdoutLine: {'line': b'-- Up-to-date: /home/yadhu/ur3e/src/install/ur_moveit_config/share/ur_moveit_config/config/controllers.yaml\n'}
[1.056961] (ur_moveit_config) StdoutLine: {'line': b'-- Up-to-date: /home/yadhu/ur3e/src/install/ur_moveit_config/share/ur_moveit_config/config/kinematics.yaml\n'}
[1.057005] (ur_moveit_config) StdoutLine: {'line': b'-- Up-to-date: /home/yadhu/ur3e/src/install/ur_moveit_config/share/ur_moveit_config/config/joint_limits.yaml\n'}
[1.057058] (ur_moveit_config) StdoutLine: {'line': b'-- Up-to-date: /home/yadhu/ur3e/src/install/ur_moveit_config/share/ur_moveit_config/config/ur_servo.yaml\n'}
[1.057088] (ur_moveit_config) StdoutLine: {'line': b'-- Up-to-date: /home/yadhu/ur3e/src/install/ur_moveit_config/share/ur_moveit_config/config/ompl_planning.yaml\n'}
[1.057116] (ur_moveit_config) StdoutLine: {'line': b'-- Up-to-date: /home/yadhu/ur3e/src/install/ur_moveit_config/share/ur_moveit_config/launch\n'}
[1.057146] (ur_moveit_config) StdoutLine: {'line': b'-- Up-to-date: /home/yadhu/ur3e/src/install/ur_moveit_config/share/ur_moveit_config/launch/ur_moveit.launch.py\n'}
[1.057174] (ur_moveit_config) StdoutLine: {'line': b'-- Up-to-date: /home/yadhu/ur3e/src/install/ur_moveit_config/share/ur_moveit_config/rviz\n'}
[1.057202] (ur_moveit_config) StdoutLine: {'line': b'-- Up-to-date: /home/yadhu/ur3e/src/install/ur_moveit_config/share/ur_moveit_config/rviz/view_robot.rviz\n'}
[1.057299] (ur_moveit_config) StdoutLine: {'line': b'-- Up-to-date: /home/yadhu/ur3e/src/install/ur_moveit_config/share/ur_moveit_config/srdf\n'}
[1.057335] (ur_moveit_config) StdoutLine: {'line': b'-- Up-to-date: /home/yadhu/ur3e/src/install/ur_moveit_config/share/ur_moveit_config/srdf/ur_macro.srdf.xacro\n'}
[1.057364] (ur_moveit_config) StdoutLine: {'line': b'-- Up-to-date: /home/yadhu/ur3e/src/install/ur_moveit_config/share/ur_moveit_config/srdf/ur.srdf.xacro\n'}
[1.057391] (ur_moveit_config) StdoutLine: {'line': b'-- Up-to-date: /home/yadhu/ur3e/src/install/ur_moveit_config/share/ur_moveit_config/environment/pythonpath.sh\n'}
[1.057519] (ur_moveit_config) StdoutLine: {'line': b'-- Up-to-date: /home/yadhu/ur3e/src/install/ur_moveit_config/share/ur_moveit_config/environment/pythonpath.dsv\n'}
[1.057549] (ur_moveit_config) StdoutLine: {'line': b'-- Up-to-date: /home/yadhu/ur3e/src/install/ur_moveit_config/local/lib/python3.10/dist-packages/ur_moveit_config-2.2.16-py3.10.egg-info\n'}
[1.057577] (ur_moveit_config) StdoutLine: {'line': b'-- Installing: /home/yadhu/ur3e/src/install/ur_moveit_config/local/lib/python3.10/dist-packages/ur_moveit_config-2.2.16-py3.10.egg-info/top_level.txt\n'}
[1.057603] (ur_moveit_config) StdoutLine: {'line': b'-- Installing: /home/yadhu/ur3e/src/install/ur_moveit_config/local/lib/python3.10/dist-packages/ur_moveit_config-2.2.16-py3.10.egg-info/PKG-INFO\n'}
[1.057629] (ur_moveit_config) StdoutLine: {'line': b'-- Installing: /home/yadhu/ur3e/src/install/ur_moveit_config/local/lib/python3.10/dist-packages/ur_moveit_config-2.2.16-py3.10.egg-info/dependency_links.txt\n'}
[1.057659] (ur_moveit_config) StdoutLine: {'line': b'-- Installing: /home/yadhu/ur3e/src/install/ur_moveit_config/local/lib/python3.10/dist-packages/ur_moveit_config-2.2.16-py3.10.egg-info/SOURCES.txt\n'}
[1.057687] (ur_moveit_config) StdoutLine: {'line': b'-- Up-to-date: /home/yadhu/ur3e/src/install/ur_moveit_config/local/lib/python3.10/dist-packages/ur_moveit_config\n'}
[1.057713] (ur_moveit_config) StdoutLine: {'line': b'-- Up-to-date: /home/yadhu/ur3e/src/install/ur_moveit_config/local/lib/python3.10/dist-packages/ur_moveit_config/launch_common.py\n'}
[1.057740] (ur_moveit_config) StdoutLine: {'line': b'-- Up-to-date: /home/yadhu/ur3e/src/install/ur_moveit_config/local/lib/python3.10/dist-packages/ur_moveit_config/__init__.py\n'}
[1.077949] (ur_moveit_config) StdoutLine: {'line': b"Listing '/home/yadhu/ur3e/src/install/ur_moveit_config/local/lib/python3.10/dist-packages/ur_moveit_config'...\n"}
[1.080616] (ur_moveit_config) StdoutLine: {'line': b'-- Up-to-date: /home/yadhu/ur3e/src/install/ur_moveit_config/local/lib/python3.10/dist-packages/launch_common.py\n'}
[1.101048] (-) TimerEvent: {}
[1.101604] (ur_moveit_config) StdoutLine: {'line': b'-- Up-to-date: /home/yadhu/ur3e/src/install/ur_moveit_config/share/ament_index/resource_index/package_run_dependencies/ur_moveit_config\n'}
[1.101762] (ur_moveit_config) StdoutLine: {'line': b'-- Up-to-date: /home/yadhu/ur3e/src/install/ur_moveit_config/share/ament_index/resource_index/parent_prefix_path/ur_moveit_config\n'}
[1.101807] (ur_moveit_config) StdoutLine: {'line': b'-- Up-to-date: /home/yadhu/ur3e/src/install/ur_moveit_config/share/ur_moveit_config/environment/ament_prefix_path.sh\n'}
[1.101841] (ur_moveit_config) StdoutLine: {'line': b'-- Up-to-date: /home/yadhu/ur3e/src/install/ur_moveit_config/share/ur_moveit_config/environment/ament_prefix_path.dsv\n'}
[1.101872] (ur_moveit_config) StdoutLine: {'line': b'-- Up-to-date: /home/yadhu/ur3e/src/install/ur_moveit_config/share/ur_moveit_config/environment/path.sh\n'}
[1.101938] (ur_moveit_config) StdoutLine: {'line': b'-- Up-to-date: /home/yadhu/ur3e/src/install/ur_moveit_config/share/ur_moveit_config/environment/path.dsv\n'}
[1.102004] (ur_moveit_config) StdoutLine: {'line': b'-- Up-to-date: /home/yadhu/ur3e/src/install/ur_moveit_config/share/ur_moveit_config/local_setup.bash\n'}
[1.102042] (ur_moveit_config) StdoutLine: {'line': b'-- Up-to-date: /home/yadhu/ur3e/src/install/ur_moveit_config/share/ur_moveit_config/local_setup.sh\n'}
[1.102074] (ur_moveit_config) StdoutLine: {'line': b'-- Up-to-date: /home/yadhu/ur3e/src/install/ur_moveit_config/share/ur_moveit_config/local_setup.zsh\n'}
[1.102101] (ur_moveit_config) StdoutLine: {'line': b'-- Up-to-date: /home/yadhu/ur3e/src/install/ur_moveit_config/share/ur_moveit_config/local_setup.dsv\n'}
[1.102130] (ur_moveit_config) StdoutLine: {'line': b'-- Installing: /home/yadhu/ur3e/src/install/ur_moveit_config/share/ur_moveit_config/package.dsv\n'}
[1.102178] (ur_moveit_config) StdoutLine: {'line': b'-- Up-to-date: /home/yadhu/ur3e/src/install/ur_moveit_config/share/ament_index/resource_index/packages/ur_moveit_config\n'}
[1.102239] (ur_moveit_config) StdoutLine: {'line': b'-- Up-to-date: /home/yadhu/ur3e/src/install/ur_moveit_config/share/ur_moveit_config/cmake/ur_moveit_configConfig.cmake\n'}
[1.102270] (ur_moveit_config) StdoutLine: {'line': b'-- Up-to-date: /home/yadhu/ur3e/src/install/ur_moveit_config/share/ur_moveit_config/cmake/ur_moveit_configConfig-version.cmake\n'}
[1.102297] (ur_moveit_config) StdoutLine: {'line': b'-- Up-to-date: /home/yadhu/ur3e/src/install/ur_moveit_config/share/ur_moveit_config/package.xml\n'}
[1.103712] (ur_moveit_config) CommandEnded: {'returncode': 0}
[1.129919] (ur_moveit_config) JobEnded: {'identifier': 'ur_moveit_config', 'rc': 0}
[1.152028] (pyfile) StdoutLine: {'line': b'running egg_info\n'}
[1.152347] (pyfile) StdoutLine: {'line': b'writing ../build/pyfile/pyfile.egg-info/PKG-INFO\n'}
[1.152509] (pyfile) StdoutLine: {'line': b'writing dependency_links to ../build/pyfile/pyfile.egg-info/dependency_links.txt\n'}
[1.152603] (pyfile) StdoutLine: {'line': b'writing entry points to ../build/pyfile/pyfile.egg-info/entry_points.txt\n'}
[1.152693] (pyfile) StdoutLine: {'line': b'writing requirements to ../build/pyfile/pyfile.egg-info/requires.txt\n'}
[1.152747] (pyfile) StdoutLine: {'line': b'writing top-level names to ../build/pyfile/pyfile.egg-info/top_level.txt\n'}
[1.153857] (pyfile) StdoutLine: {'line': b"reading manifest file '../build/pyfile/pyfile.egg-info/SOURCES.txt'\n"}
[1.154289] (pyfile) StdoutLine: {'line': b"writing manifest file '../build/pyfile/pyfile.egg-info/SOURCES.txt'\n"}
[1.154454] (pyfile) StdoutLine: {'line': b'running build\n'}
[1.154555] (pyfile) StdoutLine: {'line': b'running build_py\n'}
[1.154662] (pyfile) StdoutLine: {'line': b'running install\n'}
[1.154751] (pyfile) StdoutLine: {'line': b'running install_lib\n'}
[1.155368] (pyfile) StdoutLine: {'line': b'running install_data\n'}
[1.155467] (pyfile) StdoutLine: {'line': b'running install_egg_info\n'}
[1.156537] (pyfile) StdoutLine: {'line': b"removing '/home/yadhu/ur3e/src/install/pyfile/lib/python3.10/site-packages/pyfile-0.0.0-py3.10.egg-info' (and everything under it)\n"}
[1.156692] (pyfile) StdoutLine: {'line': b'Copying ../build/pyfile/pyfile.egg-info to /home/yadhu/ur3e/src/install/pyfile/lib/python3.10/site-packages/pyfile-0.0.0-py3.10.egg-info\n'}
[1.157044] (pyfile) StdoutLine: {'line': b'running install_scripts\n'}
[1.174759] (pyfile) StdoutLine: {'line': b'Installing move_bot script to /home/yadhu/ur3e/src/install/pyfile/lib/pyfile\n'}
[1.174990] (pyfile) StdoutLine: {'line': b"writing list of installed files to '/home/yadhu/ur3e/src/build/pyfile/install.log'\n"}
[1.189632] (pyfile) CommandEnded: {'returncode': 0}
[1.194204] (pyfile) JobEnded: {'identifier': 'pyfile', 'rc': 0}
[1.201140] (-) TimerEvent: {}
[1.301395] (-) TimerEvent: {}
[1.401653] (-) TimerEvent: {}
[1.500615] (moveit_msgs) JobProgress: {'identifier': 'moveit_msgs', 'progress': 'install'}
[1.500823] (moveit_msgs) Command: {'cmd': ['/usr/bin/cmake', '--install', '/home/yadhu/ur3e/src/build/moveit_msgs'], 'cwd': '/home/yadhu/ur3e/src/build/moveit_msgs', 'env': OrderedDict([('HOSTNAME', 'yadhuk'), ('GIT_ASKPASS', '/vscode/vscode-server/bin/linux-x64/e54c774e0add60467559eb0d1e229c6452cf8447/extensions/git/dist/askpass.sh'), ('SHLVL', '2'), ('LD_LIBRARY_PATH', '/usr/lib/x86_64-linux-gnu/gazebo-11/plugins:/opt/ros/humble/opt/rviz_ogre_vendor/lib:/opt/ros/humble/lib/x86_64-linux-gnu:/opt/ros/humble/lib'), ('BROWSER', '/vscode/vscode-server/bin/linux-x64/e54c774e0add60467559eb0d1e229c6452cf8447/bin/helpers/browser.sh'), ('HOME', '/home/yadhu'), ('OLDPWD', '/home/yadhu/ur3e'), ('TERM_PROGRAM_VERSION', '1.97.2'), ('VSCODE_IPC_HOOK_CLI', '/tmp/vscode-ipc-191d809e-ad6a-48a3-8c83-2991c7349be6.sock'), ('DEBUGPY_ADAPTER_ENDPOINTS', '/home/yadhu/.vscode-server/extensions/ms-python.debugpy-2025.0.1-linux-x64/.noConfigDebugAdapterEndpoints/endpoint-00e5a96652343ffc.txt'), ('ROS_PYTHON_VERSION', '3'), ('VSCODE_GIT_ASKPASS_MAIN', '/vscode/vscode-server/bin/linux-x64/e54c774e0add60467559eb0d1e229c6452cf8447/extensions/git/dist/askpass-main.js'), ('VSCODE_GIT_ASKPASS_NODE', '/vscode/vscode-server/bin/linux-x64/e54c774e0add60467559eb0d1e229c6452cf8447/node'), ('PYDEVD_DISABLE_FILE_VALIDATION', '1'), ('BUNDLED_DEBUGPY_PATH', '/home/yadhu/.vscode-server/extensions/ms-python.debugpy-2025.0.1-linux-x64/bundled/libs/debugpy'), ('COLORTERM', 'truecolor'), ('REMOTE_CONTAINERS', 'true'), ('ROS_DISTRO', 'humble'), ('REMOTE_CONTAINERS_IPC', '/tmp/vscode-remote-containers-ipc-3b15b7cf-88ad-4a56-828c-69c61a495d31.sock'), ('_', '/usr/bin/colcon'), ('ROS_VERSION', '2'), ('TERM', 'xterm-256color'), ('ROS_LOCALHOST_ONLY', '0'), ('PATH', '/vscode/vscode-server/bin/linux-x64/e54c774e0add60467559eb0d1e229c6452cf8447/bin/remote-cli:/opt/ros/humble/bin:/usr/local/sbin:/usr/local/bin:/usr/sbin:/usr/bin:/sbin:/bin:/home/yadhu/.vscode-server/extensions/ms-python.debugpy-2025.0.1-linux-x64/bundled/scripts/noConfigScripts'), ('REMOTE_CONTAINERS_SOCKETS', '["/tmp/vscode-ssh-auth-3b15b7cf-88ad-4a56-828c-69c61a495d31.sock","/home/yadhu/.gnupg/S.gpg-agent"]'), ('DISPLAY', ':1'), ('LANG', 'C.UTF-8'), ('RMW_IMPLEMENTATION', 'rmw_cyclonedds_cpp'), ('LS_COLORS', 'rs=0:di=01;34:ln=01;36:mh=00:pi=40;33:so=01;35:do=01;35:bd=40;33;01:cd=40;33;01:or=40;31;01:mi=00:su=37;41:sg=30;43:ca=30;41:tw=30;42:ow=34;42:st=37;44:ex=01;32:*.tar=01;31:*.tgz=01;31:*.arc=01;31:*.arj=01;31:*.taz=01;31:*.lha=01;31:*.lz4=01;31:*.lzh=01;31:*.lzma=01;31:*.tlz=01;31:*.txz=01;31:*.tzo=01;31:*.t7z=01;31:*.zip=01;31:*.z=01;31:*.dz=01;31:*.gz=01;31:*.lrz=01;31:*.lz=01;31:*.lzo=01;31:*.xz=01;31:*.zst=01;31:*.tzst=01;31:*.bz2=01;31:*.bz=01;31:*.tbz=01;31:*.tbz2=01;31:*.tz=01;31:*.deb=01;31:*.rpm=01;31:*.jar=01;31:*.war=01;31:*.ear=01;31:*.sar=01;31:*.rar=01;31:*.alz=01;31:*.ace=01;31:*.zoo=01;31:*.cpio=01;31:*.7z=01;31:*.rz=01;31:*.cab=01;31:*.wim=01;31:*.swm=01;31:*.dwm=01;31:*.esd=01;31:*.jpg=01;35:*.jpeg=01;35:*.mjpg=01;35:*.mjpeg=01;35:*.gif=01;35:*.bmp=01;35:*.pbm=01;35:*.pgm=01;35:*.ppm=01;35:*.tga=01;35:*.xbm=01;35:*.xpm=01;35:*.tif=01;35:*.tiff=01;35:*.png=01;35:*.svg=01;35:*.svgz=01;35:*.mng=01;35:*.pcx=01;35:*.mov=01;35:*.mpg=01;35:*.mpeg=01;35:*.m2v=01;35:*.mkv=01;35:*.webm=01;35:*.webp=01;35:*.ogm=01;35:*.mp4=01;35:*.m4v=01;35:*.mp4v=01;35:*.vob=01;35:*.qt=01;35:*.nuv=01;35:*.wmv=01;35:*.asf=01;35:*.rm=01;35:*.rmvb=01;35:*.flc=01;35:*.avi=01;35:*.fli=01;35:*.flv=01;35:*.gl=01;35:*.dl=01;35:*.xcf=01;35:*.xwd=01;35:*.yuv=01;35:*.cgm=01;35:*.emf=01;35:*.ogv=01;35:*.ogx=01;35:*.aac=00;36:*.au=00;36:*.flac=00;36:*.m4a=00;36:*.mid=00;36:*.midi=00;36:*.mka=00;36:*.mp3=00;36:*.mpc=00;36:*.ogg=00;36:*.ra=00;36:*.wav=00;36:*.oga=00;36:*.opus=00;36:*.spx=00;36:*.xspf=00;36:'), ('VSCODE_GIT_IPC_HANDLE', '/tmp/vscode-git-09c052f1c4.sock'), ('TERM_PROGRAM', 'vscode'), ('SSH_AUTH_SOCK', '/tmp/vscode-ssh-auth-3b15b7cf-88ad-4a56-828c-69c61a495d31.sock'), ('ROS_DOMAIN_ID', '42'), ('AMENT_PREFIX_PATH', '/opt/ros/humble'), ('SHELL', '/bin/bash'), ('ROS_AUTOMATIC_DISCOVERY_RANGE', 'LOCALHOST'), ('VSCODE_GIT_ASKPASS_EXTRA_ARGS', ''), ('PWD', '/home/yadhu/ur3e/src/build/moveit_msgs'), ('LC_ALL', 'C.UTF-8'), ('PYTHONPATH', '/opt/ros/humble/lib/python3.10/site-packages:/opt/ros/humble/local/lib/python3.10/dist-packages'), ('COLCON', '1'), ('CMAKE_PREFIX_PATH', '/opt/ros/humble')]), 'shell': False}
[1.501833] (-) TimerEvent: {}
[1.506728] (moveit_msgs) StdoutLine: {'line': b'-- Install configuration: ""\n'}
[1.506931] (moveit_msgs) StdoutLine: {'line': b'-- Up-to-date: /home/yadhu/ur3e/src/install/moveit_msgs/share/ament_index/resource_index/rosidl_interfaces/moveit_msgs\n'}
[1.507080] (moveit_msgs) StdoutLine: {'line': b'-- Up-to-date: /home/yadhu/ur3e/src/install/moveit_msgs/include/moveit_msgs/moveit_msgs\n'}
[1.507202] (moveit_msgs) StdoutLine: {'line': b'-- Up-to-date: /home/yadhu/ur3e/src/install/moveit_msgs/include/moveit_msgs/moveit_msgs/action\n'}
[1.507315] (moveit_msgs) StdoutLine: {'line': b'-- Up-to-date: /home/yadhu/ur3e/src/install/moveit_msgs/include/moveit_msgs/moveit_msgs/action/place.h\n'}
[1.507469] (moveit_msgs) StdoutLine: {'line': b'-- Up-to-date: /home/yadhu/ur3e/src/install/moveit_msgs/include/moveit_msgs/moveit_msgs/action/move_group_sequence.h\n'}
[1.507543] (moveit_msgs) StdoutLine: {'line': b'-- Up-to-date: /home/yadhu/ur3e/src/install/moveit_msgs/include/moveit_msgs/moveit_msgs/action/execute_trajectory.h\n'}
[1.507584] (moveit_msgs) StdoutLine: {'line': b'-- Up-to-date: /home/yadhu/ur3e/src/install/moveit_msgs/include/moveit_msgs/moveit_msgs/action/hybrid_planner.h\n'}
[1.507620] (moveit_msgs) StdoutLine: {'line': b'-- Up-to-date: /home/yadhu/ur3e/src/install/moveit_msgs/include/moveit_msgs/moveit_msgs/action/move_group.h\n'}
[1.507656] (moveit_msgs) StdoutLine: {'line': b'-- Up-to-date: /home/yadhu/ur3e/src/install/moveit_msgs/include/moveit_msgs/moveit_msgs/action/detail\n'}
[1.507691] (moveit_msgs) StdoutLine: {'line': b'-- Up-to-date: /home/yadhu/ur3e/src/install/moveit_msgs/include/moveit_msgs/moveit_msgs/action/detail/local_planner__functions.c\n'}
[1.507725] (moveit_msgs) StdoutLine: {'line': b'-- Up-to-date: /home/yadhu/ur3e/src/install/moveit_msgs/include/moveit_msgs/moveit_msgs/action/detail/place__functions.h\n'}
[1.507771] (moveit_msgs) StdoutLine: {'line': b'-- Up-to-date: /home/yadhu/ur3e/src/install/moveit_msgs/include/moveit_msgs/moveit_msgs/action/detail/place__type_support.h\n'}
[1.507838] (moveit_msgs) StdoutLine: {'line': b'-- Up-to-date: /home/yadhu/ur3e/src/install/moveit_msgs/include/moveit_msgs/moveit_msgs/action/detail/local_planner__struct.h\n'}
[1.507873] (moveit_msgs) StdoutLine: {'line': b'-- Up-to-date: /home/yadhu/ur3e/src/install/moveit_msgs/include/moveit_msgs/moveit_msgs/action/detail/pickup__type_support.h\n'}
[1.507906] (moveit_msgs) StdoutLine: {'line': b'-- Up-to-date: /home/yadhu/ur3e/src/install/moveit_msgs/include/moveit_msgs/moveit_msgs/action/detail/move_group_sequence__functions.c\n'}
[1.507939] (moveit_msgs) StdoutLine: {'line': b'-- Up-to-date: /home/yadhu/ur3e/src/install/moveit_msgs/include/moveit_msgs/moveit_msgs/action/detail/move_group_sequence__functions.h\n'}
[1.507972] (moveit_msgs) StdoutLine: {'line': b'-- Up-to-date: /home/yadhu/ur3e/src/install/moveit_msgs/include/moveit_msgs/moveit_msgs/action/detail/hybrid_planner__functions.h\n'}
[1.508023] (moveit_msgs) StdoutLine: {'line': b'-- Up-to-date: /home/yadhu/ur3e/src/install/moveit_msgs/include/moveit_msgs/moveit_msgs/action/detail/hybrid_planner__type_support.h\n'}
[1.508060] (moveit_msgs) StdoutLine: {'line': b'-- Up-to-date: /home/yadhu/ur3e/src/install/moveit_msgs/include/moveit_msgs/moveit_msgs/action/detail/pickup__struct.h\n'}
[1.508095] (moveit_msgs) StdoutLine: {'line': b'-- Up-to-date: /home/yadhu/ur3e/src/install/moveit_msgs/include/moveit_msgs/moveit_msgs/action/detail/pickup__functions.c\n'}
[1.508129] (moveit_msgs) StdoutLine: {'line': b'-- Up-to-date: /home/yadhu/ur3e/src/install/moveit_msgs/include/moveit_msgs/moveit_msgs/action/detail/execute_trajectory__functions.h\n'}
[1.508163] (moveit_msgs) StdoutLine: {'line': b'-- Up-to-date: /home/yadhu/ur3e/src/install/moveit_msgs/include/moveit_msgs/moveit_msgs/action/detail/move_group__functions.c\n'}
[1.508197] (moveit_msgs) StdoutLine: {'line': b'-- Up-to-date: /home/yadhu/ur3e/src/install/moveit_msgs/include/moveit_msgs/moveit_msgs/action/detail/move_group__type_support.h\n'}
[1.508236] (moveit_msgs) StdoutLine: {'line': b'-- Up-to-date: /home/yadhu/ur3e/src/install/moveit_msgs/include/moveit_msgs/moveit_msgs/action/detail/move_group__struct.h\n'}
[1.508494] (moveit_msgs) StdoutLine: {'line': b'-- Up-to-date: /home/yadhu/ur3e/src/install/moveit_msgs/include/moveit_msgs/moveit_msgs/action/detail/local_planner__functions.h\n'}
[1.508661] (moveit_msgs) StdoutLine: {'line': b'-- Up-to-date: /home/yadhu/ur3e/src/install/moveit_msgs/include/moveit_msgs/moveit_msgs/action/detail/execute_trajectory__functions.c\n'}
[1.508814] (moveit_msgs) StdoutLine: {'line': b'-- Up-to-date: /home/yadhu/ur3e/src/install/moveit_msgs/include/moveit_msgs/moveit_msgs/action/detail/local_planner__type_support.h\n'}
[1.508967] (moveit_msgs) StdoutLine: {'line': b'-- Up-to-date: /home/yadhu/ur3e/src/install/moveit_msgs/include/moveit_msgs/moveit_msgs/action/detail/global_planner__functions.c\n'}
[1.509119] (moveit_msgs) StdoutLine: {'line': b'-- Up-to-date: /home/yadhu/ur3e/src/install/moveit_msgs/include/moveit_msgs/moveit_msgs/action/detail/execute_trajectory__type_support.h\n'}
[1.509260] (moveit_msgs) StdoutLine: {'line': b'-- Up-to-date: /home/yadhu/ur3e/src/install/moveit_msgs/include/moveit_msgs/moveit_msgs/action/detail/move_group_sequence__type_support.h\n'}
[1.509373] (moveit_msgs) StdoutLine: {'line': b'-- Up-to-date: /home/yadhu/ur3e/src/install/moveit_msgs/include/moveit_msgs/moveit_msgs/action/detail/global_planner__type_support.h\n'}
[1.509487] (moveit_msgs) StdoutLine: {'line': b'-- Up-to-date: /home/yadhu/ur3e/src/install/moveit_msgs/include/moveit_msgs/moveit_msgs/action/detail/global_planner__functions.h\n'}
[1.509620] (moveit_msgs) StdoutLine: {'line': b'-- Up-to-date: /home/yadhu/ur3e/src/install/moveit_msgs/include/moveit_msgs/moveit_msgs/action/detail/place__struct.h\n'}
[1.509739] (moveit_msgs) StdoutLine: {'line': b'-- Up-to-date: /home/yadhu/ur3e/src/install/moveit_msgs/include/moveit_msgs/moveit_msgs/action/detail/global_planner__struct.h\n'}
[1.509863] (moveit_msgs) StdoutLine: {'line': b'-- Up-to-date: /home/yadhu/ur3e/src/install/moveit_msgs/include/moveit_msgs/moveit_msgs/action/detail/move_group__functions.h\n'}
[1.509985] (moveit_msgs) StdoutLine: {'line': b'-- Up-to-date: /home/yadhu/ur3e/src/install/moveit_msgs/include/moveit_msgs/moveit_msgs/action/detail/move_group_sequence__struct.h\n'}
[1.510111] (moveit_msgs) StdoutLine: {'line': b'-- Up-to-date: /home/yadhu/ur3e/src/install/moveit_msgs/include/moveit_msgs/moveit_msgs/action/detail/place__functions.c\n'}
[1.510222] (moveit_msgs) StdoutLine: {'line': b'-- Up-to-date: /home/yadhu/ur3e/src/install/moveit_msgs/include/moveit_msgs/moveit_msgs/action/detail/execute_trajectory__struct.h\n'}
[1.510346] (moveit_msgs) StdoutLine: {'line': b'-- Up-to-date: /home/yadhu/ur3e/src/install/moveit_msgs/include/moveit_msgs/moveit_msgs/action/detail/hybrid_planner__struct.h\n'}
[1.510770] (moveit_msgs) StdoutLine: {'line': b'-- Up-to-date: /home/yadhu/ur3e/src/install/moveit_msgs/include/moveit_msgs/moveit_msgs/action/detail/pickup__functions.h\n'}
[1.510956] (moveit_msgs) StdoutLine: {'line': b'-- Up-to-date: /home/yadhu/ur3e/src/install/moveit_msgs/include/moveit_msgs/moveit_msgs/action/detail/hybrid_planner__functions.c\n'}
[1.511032] (moveit_msgs) StdoutLine: {'line': b'-- Up-to-date: /home/yadhu/ur3e/src/install/moveit_msgs/include/moveit_msgs/moveit_msgs/action/global_planner.h\n'}
[1.511106] (moveit_msgs) StdoutLine: {'line': b'-- Up-to-date: /home/yadhu/ur3e/src/install/moveit_msgs/include/moveit_msgs/moveit_msgs/action/local_planner.h\n'}
[1.511167] (moveit_msgs) StdoutLine: {'line': b'-- Up-to-date: /home/yadhu/ur3e/src/install/moveit_msgs/include/moveit_msgs/moveit_msgs/action/pickup.h\n'}
[1.511263] (moveit_msgs) StdoutLine: {'line': b'-- Up-to-date: /home/yadhu/ur3e/src/install/moveit_msgs/include/moveit_msgs/moveit_msgs/msg\n'}
[1.511350] (moveit_msgs) StdoutLine: {'line': b'-- Up-to-date: /home/yadhu/ur3e/src/install/moveit_msgs/include/moveit_msgs/moveit_msgs/msg/planning_scene.h\n'}
[1.511560] (moveit_msgs) StdoutLine: {'line': b'-- Up-to-date: /home/yadhu/ur3e/src/install/moveit_msgs/include/moveit_msgs/moveit_msgs/msg/move_it_error_codes.h\n'}
[1.511625] (moveit_msgs) StdoutLine: {'line': b'-- Up-to-date: /home/yadhu/ur3e/src/install/moveit_msgs/include/moveit_msgs/moveit_msgs/msg/display_robot_state.h\n'}
[1.511695] (moveit_msgs) StdoutLine: {'line': b'-- Up-to-date: /home/yadhu/ur3e/src/install/moveit_msgs/include/moveit_msgs/moveit_msgs/msg/link_scale.h\n'}
[1.511756] (moveit_msgs) StdoutLine: {'line': b'-- Up-to-date: /home/yadhu/ur3e/src/install/moveit_msgs/include/moveit_msgs/moveit_msgs/msg/generic_trajectory.h\n'}
[1.511816] (moveit_msgs) StdoutLine: {'line': b'-- Up-to-date: /home/yadhu/ur3e/src/install/moveit_msgs/include/moveit_msgs/moveit_msgs/msg/cartesian_trajectory_point.h\n'}
[1.511876] (moveit_msgs) StdoutLine: {'line': b'-- Up-to-date: /home/yadhu/ur3e/src/install/moveit_msgs/include/moveit_msgs/moveit_msgs/msg/allowed_collision_matrix.h\n'}
[1.511938] (moveit_msgs) StdoutLine: {'line': b'-- Up-to-date: /home/yadhu/ur3e/src/install/moveit_msgs/include/moveit_msgs/moveit_msgs/msg/contact_information.h\n'}
[1.512004] (moveit_msgs) StdoutLine: {'line': b'-- Up-to-date: /home/yadhu/ur3e/src/install/moveit_msgs/include/moveit_msgs/moveit_msgs/msg/workspace_parameters.h\n'}
[1.512109] (moveit_msgs) StdoutLine: {'line': b'-- Up-to-date: /home/yadhu/ur3e/src/install/moveit_msgs/include/moveit_msgs/moveit_msgs/msg/robot_trajectory.h\n'}
[1.512274] (moveit_msgs) StdoutLine: {'line': b'-- Up-to-date: /home/yadhu/ur3e/src/install/moveit_msgs/include/moveit_msgs/moveit_msgs/msg/grasp.h\n'}
[1.512339] (moveit_msgs) StdoutLine: {'line': b'-- Up-to-date: /home/yadhu/ur3e/src/install/moveit_msgs/include/moveit_msgs/moveit_msgs/msg/cartesian_trajectory.h\n'}
[1.512407] (moveit_msgs) StdoutLine: {'line': b'-- Up-to-date: /home/yadhu/ur3e/src/install/moveit_msgs/include/moveit_msgs/moveit_msgs/msg/visibility_constraint.h\n'}
[1.512465] (moveit_msgs) StdoutLine: {'line': b'-- Up-to-date: /home/yadhu/ur3e/src/install/moveit_msgs/include/moveit_msgs/moveit_msgs/msg/robot_state.h\n'}
[1.512566] (moveit_msgs) StdoutLine: {'line': b'-- Up-to-date: /home/yadhu/ur3e/src/install/moveit_msgs/include/moveit_msgs/moveit_msgs/msg/position_ik_request.h\n'}
[1.512680] (moveit_msgs) StdoutLine: {'line': b'-- Up-to-date: /home/yadhu/ur3e/src/install/moveit_msgs/include/moveit_msgs/moveit_msgs/msg/trajectory_constraints.h\n'}
[1.512774] (moveit_msgs) StdoutLine: {'line': b'-- Up-to-date: /home/yadhu/ur3e/src/install/moveit_msgs/include/moveit_msgs/moveit_msgs/msg/gripper_translation.h\n'}
[1.512882] (moveit_msgs) StdoutLine: {'line': b'-- Up-to-date: /home/yadhu/ur3e/src/install/moveit_msgs/include/moveit_msgs/moveit_msgs/msg/joint_constraint.h\n'}
[1.512988] (moveit_msgs) StdoutLine: {'line': b'-- Up-to-date: /home/yadhu/ur3e/src/install/moveit_msgs/include/moveit_msgs/moveit_msgs/msg/rosidl_generator_c__visibility_control.h\n'}
[1.513103] (moveit_msgs) StdoutLine: {'line': b'-- Up-to-date: /home/yadhu/ur3e/src/install/moveit_msgs/include/moveit_msgs/moveit_msgs/msg/motion_sequence_request.h\n'}
[1.513262] (moveit_msgs) StdoutLine: {'line': b'-- Up-to-date: /home/yadhu/ur3e/src/install/moveit_msgs/include/moveit_msgs/moveit_msgs/msg/object_color.h\n'}
[1.513391] (moveit_msgs) StdoutLine: {'line': b'-- Up-to-date: /home/yadhu/ur3e/src/install/moveit_msgs/include/moveit_msgs/moveit_msgs/msg/link_padding.h\n'}
[1.513507] (moveit_msgs) StdoutLine: {'line': b'-- Up-to-date: /home/yadhu/ur3e/src/install/moveit_msgs/include/moveit_msgs/moveit_msgs/msg/motion_plan_request.h\n'}
[1.513614] (moveit_msgs) StdoutLine: {'line': b'-- Up-to-date: /home/yadhu/ur3e/src/install/moveit_msgs/include/moveit_msgs/moveit_msgs/msg/position_constraint.h\n'}
[1.513717] (moveit_msgs) StdoutLine: {'line': b'-- Up-to-date: /home/yadhu/ur3e/src/install/moveit_msgs/include/moveit_msgs/moveit_msgs/msg/detail\n'}
[1.513837] (moveit_msgs) StdoutLine: {'line': b'-- Up-to-date: /home/yadhu/ur3e/src/install/moveit_msgs/include/moveit_msgs/moveit_msgs/msg/detail/move_it_error_codes__struct.h\n'}
[1.513944] (moveit_msgs) StdoutLine: {'line': b'-- Up-to-date: /home/yadhu/ur3e/src/install/moveit_msgs/include/moveit_msgs/moveit_msgs/msg/detail/orientation_constraint__struct.h\n'}
[1.514078] (moveit_msgs) StdoutLine: {'line': b'-- Up-to-date: /home/yadhu/ur3e/src/install/moveit_msgs/include/moveit_msgs/moveit_msgs/msg/detail/position_constraint__struct.h\n'}
[1.514152] (moveit_msgs) StdoutLine: {'line': b'-- Up-to-date: /home/yadhu/ur3e/src/install/moveit_msgs/include/moveit_msgs/moveit_msgs/msg/detail/robot_state__functions.h\n'}
[1.514293] (moveit_msgs) StdoutLine: {'line': b'-- Up-to-date: /home/yadhu/ur3e/src/install/moveit_msgs/include/moveit_msgs/moveit_msgs/msg/detail/planner_interface_description__functions.c\n'}
[1.514372] (moveit_msgs) StdoutLine: {'line': b'-- Up-to-date: /home/yadhu/ur3e/src/install/moveit_msgs/include/moveit_msgs/moveit_msgs/msg/detail/display_robot_state__struct.h\n'}
[1.514433] (moveit_msgs) StdoutLine: {'line': b'-- Up-to-date: /home/yadhu/ur3e/src/install/moveit_msgs/include/moveit_msgs/moveit_msgs/msg/detail/robot_trajectory__functions.h\n'}
[1.514511] (moveit_msgs) StdoutLine: {'line': b'-- Up-to-date: /home/yadhu/ur3e/src/install/moveit_msgs/include/moveit_msgs/moveit_msgs/msg/detail/planning_scene__functions.h\n'}
[1.514576] (moveit_msgs) StdoutLine: {'line': b'-- Up-to-date: /home/yadhu/ur3e/src/install/moveit_msgs/include/moveit_msgs/moveit_msgs/msg/detail/bounding_volume__functions.h\n'}
[1.514701] (moveit_msgs) StdoutLine: {'line': b'-- Up-to-date: /home/yadhu/ur3e/src/install/moveit_msgs/include/moveit_msgs/moveit_msgs/msg/detail/visibility_constraint__functions.h\n'}
[1.514887] (moveit_msgs) StdoutLine: {'line': b'-- Up-to-date: /home/yadhu/ur3e/src/install/moveit_msgs/include/moveit_msgs/moveit_msgs/msg/detail/planner_params__functions.h\n'}
[1.515021] (moveit_msgs) StdoutLine: {'line': b'-- Up-to-date: /home/yadhu/ur3e/src/install/moveit_msgs/include/moveit_msgs/moveit_msgs/msg/detail/motion_plan_detailed_response__struct.h\n'}
[1.515179] (moveit_msgs) StdoutLine: {'line': b'-- Up-to-date: /home/yadhu/ur3e/src/install/moveit_msgs/include/moveit_msgs/moveit_msgs/msg/detail/motion_plan_detailed_response__type_support.h\n'}
[1.515297] (moveit_msgs) StdoutLine: {'line': b'-- Up-to-date: /home/yadhu/ur3e/src/install/moveit_msgs/include/moveit_msgs/moveit_msgs/msg/detail/motion_sequence_item__struct.h\n'}
[1.515469] (moveit_msgs) StdoutLine: {'line': b'-- Up-to-date: /home/yadhu/ur3e/src/install/moveit_msgs/include/moveit_msgs/moveit_msgs/msg/detail/robot_state__type_support.h\n'}
[1.515561] (moveit_msgs) StdoutLine: {'line': b'-- Up-to-date: /home/yadhu/ur3e/src/install/moveit_msgs/include/moveit_msgs/moveit_msgs/msg/detail/motion_plan_request__type_support.h\n'}
[1.515623] (moveit_msgs) StdoutLine: {'line': b'-- Up-to-date: /home/yadhu/ur3e/src/install/moveit_msgs/include/moveit_msgs/moveit_msgs/msg/detail/link_padding__functions.c\n'}
[1.515685] (moveit_msgs) StdoutLine: {'line': b'-- Up-to-date: /home/yadhu/ur3e/src/install/moveit_msgs/include/moveit_msgs/moveit_msgs/msg/detail/planning_options__type_support.h\n'}
[1.515748] (moveit_msgs) StdoutLine: {'line': b'-- Up-to-date: /home/yadhu/ur3e/src/install/moveit_msgs/include/moveit_msgs/moveit_msgs/msg/detail/gripper_translation__struct.h\n'}
[1.515808] (moveit_msgs) StdoutLine: {'line': b'-- Up-to-date: /home/yadhu/ur3e/src/install/moveit_msgs/include/moveit_msgs/moveit_msgs/msg/detail/allowed_collision_matrix__functions.c\n'}
[1.515886] (moveit_msgs) StdoutLine: {'line': b'-- Up-to-date: /home/yadhu/ur3e/src/install/moveit_msgs/include/moveit_msgs/moveit_msgs/msg/detail/motion_sequence_request__functions.c\n'}
[1.515972] (moveit_msgs) StdoutLine: {'line': b'-- Up-to-date: /home/yadhu/ur3e/src/install/moveit_msgs/include/moveit_msgs/moveit_msgs/msg/detail/display_trajectory__struct.h\n'}
[1.516038] (moveit_msgs) StdoutLine: {'line': b'-- Up-to-date: /home/yadhu/ur3e/src/install/moveit_msgs/include/moveit_msgs/moveit_msgs/msg/detail/place_location__functions.h\n'}
[1.516094] (moveit_msgs) StdoutLine: {'line': b'-- Up-to-date: /home/yadhu/ur3e/src/install/moveit_msgs/include/moveit_msgs/moveit_msgs/msg/detail/planner_params__type_support.h\n'}
[1.516150] (moveit_msgs) StdoutLine: {'line': b'-- Up-to-date: /home/yadhu/ur3e/src/install/moveit_msgs/include/moveit_msgs/moveit_msgs/msg/detail/joint_constraint__functions.c\n'}
[1.516206] (moveit_msgs) StdoutLine: {'line': b'-- Up-to-date: /home/yadhu/ur3e/src/install/moveit_msgs/include/moveit_msgs/moveit_msgs/msg/detail/cartesian_point__functions.h\n'}
[1.516279] (moveit_msgs) StdoutLine: {'line': b'-- Up-to-date: /home/yadhu/ur3e/src/install/moveit_msgs/include/moveit_msgs/moveit_msgs/msg/detail/motion_sequence_response__type_support.h\n'}
[1.516342] (moveit_msgs) StdoutLine: {'line': b'-- Up-to-date: /home/yadhu/ur3e/src/install/moveit_msgs/include/moveit_msgs/moveit_msgs/msg/detail/display_robot_state__functions.c\n'}
[1.516400] (moveit_msgs) StdoutLine: {'line': b'-- Up-to-date: /home/yadhu/ur3e/src/install/moveit_msgs/include/moveit_msgs/moveit_msgs/msg/detail/collision_object__functions.h\n'}
[1.516459] (moveit_msgs) StdoutLine: {'line': b'-- Up-to-date: /home/yadhu/ur3e/src/install/moveit_msgs/include/moveit_msgs/moveit_msgs/msg/detail/robot_state__functions.c\n'}
[1.516516] (moveit_msgs) StdoutLine: {'line': b'-- Up-to-date: /home/yadhu/ur3e/src/install/moveit_msgs/include/moveit_msgs/moveit_msgs/msg/detail/cartesian_trajectory__struct.h\n'}
[1.516573] (moveit_msgs) StdoutLine: {'line': b'-- Up-to-date: /home/yadhu/ur3e/src/install/moveit_msgs/include/moveit_msgs/moveit_msgs/msg/detail/bounding_volume__struct.h\n'}
[1.516629] (moveit_msgs) StdoutLine: {'line': b'-- Up-to-date: /home/yadhu/ur3e/src/install/moveit_msgs/include/moveit_msgs/moveit_msgs/msg/detail/link_scale__functions.h\n'}
[1.516687] (moveit_msgs) StdoutLine: {'line': b'-- Up-to-date: /home/yadhu/ur3e/src/install/moveit_msgs/include/moveit_msgs/moveit_msgs/msg/detail/cartesian_trajectory__functions.c\n'}
[1.516747] (moveit_msgs) StdoutLine: {'line': b'-- Up-to-date: /home/yadhu/ur3e/src/install/moveit_msgs/include/moveit_msgs/moveit_msgs/msg/detail/cost_source__type_support.h\n'}
[1.516813] (moveit_msgs) StdoutLine: {'line': b'-- Up-to-date: /home/yadhu/ur3e/src/install/moveit_msgs/include/moveit_msgs/moveit_msgs/msg/detail/cartesian_trajectory_point__functions.c\n'}
[1.516870] (moveit_msgs) StdoutLine: {'line': b'-- Up-to-date: /home/yadhu/ur3e/src/install/moveit_msgs/include/moveit_msgs/moveit_msgs/msg/detail/contact_information__functions.c\n'}
[1.516928] (moveit_msgs) StdoutLine: {'line': b'-- Up-to-date: /home/yadhu/ur3e/src/install/moveit_msgs/include/moveit_msgs/moveit_msgs/msg/detail/link_padding__type_support.h\n'}
[1.517009] (moveit_msgs) StdoutLine: {'line': b'-- Up-to-date: /home/yadhu/ur3e/src/install/moveit_msgs/include/moveit_msgs/moveit_msgs/msg/detail/collision_object__functions.c\n'}
[1.517076] (moveit_msgs) StdoutLine: {'line': b'-- Up-to-date: /home/yadhu/ur3e/src/install/moveit_msgs/include/moveit_msgs/moveit_msgs/msg/detail/motion_plan_request__struct.h\n'}
[1.517138] (moveit_msgs) StdoutLine: {'line': b'-- Up-to-date: /home/yadhu/ur3e/src/install/moveit_msgs/include/moveit_msgs/moveit_msgs/msg/detail/place_location__struct.h\n'}
[1.517196] (moveit_msgs) StdoutLine: {'line': b'-- Up-to-date: /home/yadhu/ur3e/src/install/moveit_msgs/include/moveit_msgs/moveit_msgs/msg/detail/allowed_collision_entry__functions.c\n'}
[1.517261] (moveit_msgs) StdoutLine: {'line': b'-- Up-to-date: /home/yadhu/ur3e/src/install/moveit_msgs/include/moveit_msgs/moveit_msgs/msg/detail/display_robot_state__functions.h\n'}
[1.517321] (moveit_msgs) StdoutLine: {'line': b'-- Up-to-date: /home/yadhu/ur3e/src/install/moveit_msgs/include/moveit_msgs/moveit_msgs/msg/detail/attached_collision_object__functions.h\n'}
[1.517379] (moveit_msgs) StdoutLine: {'line': b'-- Up-to-date: /home/yadhu/ur3e/src/install/moveit_msgs/include/moveit_msgs/moveit_msgs/msg/detail/kinematic_solver_info__struct.h\n'}
[1.517437] (moveit_msgs) StdoutLine: {'line': b'-- Up-to-date: /home/yadhu/ur3e/src/install/moveit_msgs/include/moveit_msgs/moveit_msgs/msg/detail/motion_sequence_response__struct.h\n'}
[1.517493] (moveit_msgs) StdoutLine: {'line': b'-- Up-to-date: /home/yadhu/ur3e/src/install/moveit_msgs/include/moveit_msgs/moveit_msgs/msg/detail/link_scale__type_support.h\n'}
[1.517551] (moveit_msgs) StdoutLine: {'line': b'-- Up-to-date: /home/yadhu/ur3e/src/install/moveit_msgs/include/moveit_msgs/moveit_msgs/msg/detail/position_constraint__functions.h\n'}
[1.517612] (moveit_msgs) StdoutLine: {'line': b'-- Up-to-date: /home/yadhu/ur3e/src/install/moveit_msgs/include/moveit_msgs/moveit_msgs/msg/detail/motion_plan_response__struct.h\n'}
[1.517670] (moveit_msgs) StdoutLine: {'line': b'-- Up-to-date: /home/yadhu/ur3e/src/install/moveit_msgs/include/moveit_msgs/moveit_msgs/msg/detail/workspace_parameters__functions.h\n'}
[1.517725] (moveit_msgs) StdoutLine: {'line': b'-- Up-to-date: /home/yadhu/ur3e/src/install/moveit_msgs/include/moveit_msgs/moveit_msgs/msg/detail/link_scale__functions.c\n'}
[1.517784] (moveit_msgs) StdoutLine: {'line': b'-- Up-to-date: /home/yadhu/ur3e/src/install/moveit_msgs/include/moveit_msgs/moveit_msgs/msg/detail/joint_constraint__type_support.h\n'}
[1.517841] (moveit_msgs) StdoutLine: {'line': b'-- Up-to-date: /home/yadhu/ur3e/src/install/moveit_msgs/include/moveit_msgs/moveit_msgs/msg/detail/planning_scene_components__functions.h\n'}
[1.517906] (moveit_msgs) StdoutLine: {'line': b'-- Up-to-date: /home/yadhu/ur3e/src/install/moveit_msgs/include/moveit_msgs/moveit_msgs/msg/detail/allowed_collision_matrix__functions.h\n'}
[1.517963] (moveit_msgs) StdoutLine: {'line': b'-- Up-to-date: /home/yadhu/ur3e/src/install/moveit_msgs/include/moveit_msgs/moveit_msgs/msg/detail/workspace_parameters__functions.c\n'}
[1.518021] (moveit_msgs) StdoutLine: {'line': b'-- Up-to-date: /home/yadhu/ur3e/src/install/moveit_msgs/include/moveit_msgs/moveit_msgs/msg/detail/allowed_collision_matrix__type_support.h\n'}
[1.518078] (moveit_msgs) StdoutLine: {'line': b'-- Up-to-date: /home/yadhu/ur3e/src/install/moveit_msgs/include/moveit_msgs/moveit_msgs/msg/detail/robot_trajectory__struct.h\n'}
[1.518141] (moveit_msgs) StdoutLine: {'line': b'-- Up-to-date: /home/yadhu/ur3e/src/install/moveit_msgs/include/moveit_msgs/moveit_msgs/msg/detail/move_it_error_codes__functions.h\n'}
[1.518204] (moveit_msgs) StdoutLine: {'line': b'-- Up-to-date: /home/yadhu/ur3e/src/install/moveit_msgs/include/moveit_msgs/moveit_msgs/msg/detail/move_it_error_codes__functions.c\n'}
[1.518576] (moveit_msgs) StdoutLine: {'line': b'-- Up-to-date: /home/yadhu/ur3e/src/install/moveit_msgs/include/moveit_msgs/moveit_msgs/msg/detail/planner_interface_description__functions.h\n'}
[1.518928] (moveit_msgs) StdoutLine: {'line': b'-- Up-to-date: /home/yadhu/ur3e/src/install/moveit_msgs/include/moveit_msgs/moveit_msgs/msg/detail/motion_plan_request__functions.h\n'}
[1.518991] (moveit_msgs) StdoutLine: {'line': b'-- Up-to-date: /home/yadhu/ur3e/src/install/moveit_msgs/include/moveit_msgs/moveit_msgs/msg/detail/planner_interface_description__type_support.h\n'}
[1.519041] (moveit_msgs) StdoutLine: {'line': b'-- Up-to-date: /home/yadhu/ur3e/src/install/moveit_msgs/include/moveit_msgs/moveit_msgs/msg/detail/cartesian_trajectory_point__functions.h\n'}
[1.519088] (moveit_msgs) StdoutLine: {'line': b'-- Up-to-date: /home/yadhu/ur3e/src/install/moveit_msgs/include/moveit_msgs/moveit_msgs/msg/detail/planning_scene__struct.h\n'}
[1.519132] (moveit_msgs) StdoutLine: {'line': b'-- Up-to-date: /home/yadhu/ur3e/src/install/moveit_msgs/include/moveit_msgs/moveit_msgs/msg/detail/orientation_constraint__functions.c\n'}
[1.519175] (moveit_msgs) StdoutLine: {'line': b'-- Up-to-date: /home/yadhu/ur3e/src/install/moveit_msgs/include/moveit_msgs/moveit_msgs/msg/detail/planner_params__functions.c\n'}
[1.519219] (moveit_msgs) StdoutLine: {'line': b'-- Up-to-date: /home/yadhu/ur3e/src/install/moveit_msgs/include/moveit_msgs/moveit_msgs/msg/detail/planning_scene_world__functions.c\n'}
[1.519271] (moveit_msgs) StdoutLine: {'line': b'-- Up-to-date: /home/yadhu/ur3e/src/install/moveit_msgs/include/moveit_msgs/moveit_msgs/msg/detail/motion_sequence_item__functions.c\n'}
[1.519323] (moveit_msgs) StdoutLine: {'line': b'-- Up-to-date: /home/yadhu/ur3e/src/install/moveit_msgs/include/moveit_msgs/moveit_msgs/msg/detail/collision_object__struct.h\n'}
[1.519367] (moveit_msgs) StdoutLine: {'line': b'-- Up-to-date: /home/yadhu/ur3e/src/install/moveit_msgs/include/moveit_msgs/moveit_msgs/msg/detail/contact_information__type_support.h\n'}
[1.519410] (moveit_msgs) StdoutLine: {'line': b'-- Up-to-date: /home/yadhu/ur3e/src/install/moveit_msgs/include/moveit_msgs/moveit_msgs/msg/detail/constraints__functions.c\n'}
[1.519456] (moveit_msgs) StdoutLine: {'line': b'-- Up-to-date: /home/yadhu/ur3e/src/install/moveit_msgs/include/moveit_msgs/moveit_msgs/msg/detail/orientation_constraint__functions.h\n'}
[1.519500] (moveit_msgs) StdoutLine: {'line': b'-- Up-to-date: /home/yadhu/ur3e/src/install/moveit_msgs/include/moveit_msgs/moveit_msgs/msg/detail/oriented_bounding_box__struct.h\n'}
[1.519544] (moveit_msgs) StdoutLine: {'line': b'-- Up-to-date: /home/yadhu/ur3e/src/install/moveit_msgs/include/moveit_msgs/moveit_msgs/msg/detail/allowed_collision_matrix__struct.h\n'}
[1.519588] (moveit_msgs) StdoutLine: {'line': b'-- Up-to-date: /home/yadhu/ur3e/src/install/moveit_msgs/include/moveit_msgs/moveit_msgs/msg/detail/cartesian_trajectory_point__type_support.h\n'}
[1.519632] (moveit_msgs) StdoutLine: {'line': b'-- Up-to-date: /home/yadhu/ur3e/src/install/moveit_msgs/include/moveit_msgs/moveit_msgs/msg/detail/position_ik_request__functions.c\n'}
[1.519674] (moveit_msgs) StdoutLine: {'line': b'-- Up-to-date: /home/yadhu/ur3e/src/install/moveit_msgs/include/moveit_msgs/moveit_msgs/msg/detail/grasp__struct.h\n'}
[1.519715] (moveit_msgs) StdoutLine: {'line': b'-- Up-to-date: /home/yadhu/ur3e/src/install/moveit_msgs/include/moveit_msgs/moveit_msgs/msg/detail/cartesian_trajectory_point__struct.h\n'}
[1.519758] (moveit_msgs) StdoutLine: {'line': b'-- Up-to-date: /home/yadhu/ur3e/src/install/moveit_msgs/include/moveit_msgs/moveit_msgs/msg/detail/motion_sequence_request__struct.h\n'}
[1.519806] (moveit_msgs) StdoutLine: {'line': b'-- Up-to-date: /home/yadhu/ur3e/src/install/moveit_msgs/include/moveit_msgs/moveit_msgs/msg/detail/generic_trajectory__functions.h\n'}
[1.519849] (moveit_msgs) StdoutLine: {'line': b'-- Up-to-date: /home/yadhu/ur3e/src/install/moveit_msgs/include/moveit_msgs/moveit_msgs/msg/detail/contact_information__functions.h\n'}
[1.519893] (moveit_msgs) StdoutLine: {'line': b'-- Up-to-date: /home/yadhu/ur3e/src/install/moveit_msgs/include/moveit_msgs/moveit_msgs/msg/detail/generic_trajectory__struct.h\n'}
[1.519937] (moveit_msgs) StdoutLine: {'line': b'-- Up-to-date: /home/yadhu/ur3e/src/install/moveit_msgs/include/moveit_msgs/moveit_msgs/msg/detail/planning_options__struct.h\n'}
[1.519979] (moveit_msgs) StdoutLine: {'line': b'-- Up-to-date: /home/yadhu/ur3e/src/install/moveit_msgs/include/moveit_msgs/moveit_msgs/msg/detail/contact_information__struct.h\n'}
[1.520026] (moveit_msgs) StdoutLine: {'line': b'-- Up-to-date: /home/yadhu/ur3e/src/install/moveit_msgs/include/moveit_msgs/moveit_msgs/msg/detail/collision_object__type_support.h\n'}
[1.520068] (moveit_msgs) StdoutLine: {'line': b'-- Up-to-date: /home/yadhu/ur3e/src/install/moveit_msgs/include/moveit_msgs/moveit_msgs/msg/detail/joint_limits__struct.h\n'}
[1.520111] (moveit_msgs) StdoutLine: {'line': b'-- Up-to-date: /home/yadhu/ur3e/src/install/moveit_msgs/include/moveit_msgs/moveit_msgs/msg/detail/cost_source__struct.h\n'}
[1.520156] (moveit_msgs) StdoutLine: {'line': b'-- Up-to-date: /home/yadhu/ur3e/src/install/moveit_msgs/include/moveit_msgs/moveit_msgs/msg/detail/motion_sequence_request__functions.h\n'}
[1.520199] (moveit_msgs) StdoutLine: {'line': b'-- Up-to-date: /home/yadhu/ur3e/src/install/moveit_msgs/include/moveit_msgs/moveit_msgs/msg/detail/orientation_constraint__type_support.h\n'}
[1.520247] (moveit_msgs) StdoutLine: {'line': b'-- Up-to-date: /home/yadhu/ur3e/src/install/moveit_msgs/include/moveit_msgs/moveit_msgs/msg/detail/planning_scene__type_support.h\n'}
[1.520294] (moveit_msgs) StdoutLine: {'line': b'-- Up-to-date: /home/yadhu/ur3e/src/install/moveit_msgs/include/moveit_msgs/moveit_msgs/msg/detail/position_constraint__functions.c\n'}
[1.520337] (moveit_msgs) StdoutLine: {'line': b'-- Up-to-date: /home/yadhu/ur3e/src/install/moveit_msgs/include/moveit_msgs/moveit_msgs/msg/detail/planning_options__functions.c\n'}
[1.520381] (moveit_msgs) StdoutLine: {'line': b'-- Up-to-date: /home/yadhu/ur3e/src/install/moveit_msgs/include/moveit_msgs/moveit_msgs/msg/detail/display_trajectory__functions.c\n'}
[1.520424] (moveit_msgs) StdoutLine: {'line': b'-- Up-to-date: /home/yadhu/ur3e/src/install/moveit_msgs/include/moveit_msgs/moveit_msgs/msg/detail/grasp__functions.c\n'}
[1.520468] (moveit_msgs) StdoutLine: {'line': b'-- Up-to-date: /home/yadhu/ur3e/src/install/moveit_msgs/include/moveit_msgs/moveit_msgs/msg/detail/robot_trajectory__functions.c\n'}
[1.520512] (moveit_msgs) StdoutLine: {'line': b'-- Up-to-date: /home/yadhu/ur3e/src/install/moveit_msgs/include/moveit_msgs/moveit_msgs/msg/detail/gripper_translation__type_support.h\n'}
[1.520555] (moveit_msgs) StdoutLine: {'line': b'-- Up-to-date: /home/yadhu/ur3e/src/install/moveit_msgs/include/moveit_msgs/moveit_msgs/msg/detail/constraints__functions.h\n'}
[1.520654] (moveit_msgs) StdoutLine: {'line': b'-- Up-to-date: /home/yadhu/ur3e/src/install/moveit_msgs/include/moveit_msgs/moveit_msgs/msg/detail/planning_scene_components__type_support.h\n'}
[1.520706] (moveit_msgs) StdoutLine: {'line': b'-- Up-to-date: /home/yadhu/ur3e/src/install/moveit_msgs/include/moveit_msgs/moveit_msgs/msg/detail/cartesian_point__type_support.h\n'}
[1.520749] (moveit_msgs) StdoutLine: {'line': b'-- Up-to-date: /home/yadhu/ur3e/src/install/moveit_msgs/include/moveit_msgs/moveit_msgs/msg/detail/motion_sequence_response__functions.c\n'}
[1.520793] (moveit_msgs) StdoutLine: {'line': b'-- Up-to-date: /home/yadhu/ur3e/src/install/moveit_msgs/include/moveit_msgs/moveit_msgs/msg/detail/position_ik_request__functions.h\n'}
[1.520840] (moveit_msgs) StdoutLine: {'line': b'-- Up-to-date: /home/yadhu/ur3e/src/install/moveit_msgs/include/moveit_msgs/moveit_msgs/msg/detail/motion_plan_response__type_support.h\n'}
[1.520974] (moveit_msgs) StdoutLine: {'line': b'-- Up-to-date: /home/yadhu/ur3e/src/install/moveit_msgs/include/moveit_msgs/moveit_msgs/msg/detail/planner_params__struct.h\n'}
[1.521026] (moveit_msgs) StdoutLine: {'line': b'-- Up-to-date: /home/yadhu/ur3e/src/install/moveit_msgs/include/moveit_msgs/moveit_msgs/msg/detail/workspace_parameters__type_support.h\n'}
[1.521076] (moveit_msgs) StdoutLine: {'line': b'-- Up-to-date: /home/yadhu/ur3e/src/install/moveit_msgs/include/moveit_msgs/moveit_msgs/msg/detail/move_it_error_codes__type_support.h\n'}
[1.521126] (moveit_msgs) StdoutLine: {'line': b'-- Up-to-date: /home/yadhu/ur3e/src/install/moveit_msgs/include/moveit_msgs/moveit_msgs/msg/detail/grasp__type_support.h\n'}
[1.521173] (moveit_msgs) StdoutLine: {'line': b'-- Up-to-date: /home/yadhu/ur3e/src/install/moveit_msgs/include/moveit_msgs/moveit_msgs/msg/detail/planning_scene_world__functions.h\n'}
[1.521219] (moveit_msgs) StdoutLine: {'line': b'-- Up-to-date: /home/yadhu/ur3e/src/install/moveit_msgs/include/moveit_msgs/moveit_msgs/msg/detail/motion_plan_detailed_response__functions.h\n'}
[1.521272] (moveit_msgs) StdoutLine: {'line': b'-- Up-to-date: /home/yadhu/ur3e/src/install/moveit_msgs/include/moveit_msgs/moveit_msgs/msg/detail/joint_limits__functions.h\n'}
[1.521319] (moveit_msgs) StdoutLine: {'line': b'-- Up-to-date: /home/yadhu/ur3e/src/install/moveit_msgs/include/moveit_msgs/moveit_msgs/msg/detail/planning_options__functions.h\n'}
[1.521362] (moveit_msgs) StdoutLine: {'line': b'-- Up-to-date: /home/yadhu/ur3e/src/install/moveit_msgs/include/moveit_msgs/moveit_msgs/msg/detail/planner_interface_description__struct.h\n'}
[1.521407] (moveit_msgs) StdoutLine: {'line': b'-- Up-to-date: /home/yadhu/ur3e/src/install/moveit_msgs/include/moveit_msgs/moveit_msgs/msg/detail/generic_trajectory__functions.c\n'}
[1.521452] (moveit_msgs) StdoutLine: {'line': b'-- Up-to-date: /home/yadhu/ur3e/src/install/moveit_msgs/include/moveit_msgs/moveit_msgs/msg/detail/gripper_translation__functions.c\n'}
[1.521495] (moveit_msgs) StdoutLine: {'line': b'-- Up-to-date: /home/yadhu/ur3e/src/install/moveit_msgs/include/moveit_msgs/moveit_msgs/msg/detail/trajectory_constraints__functions.c\n'}
[1.521539] (moveit_msgs) StdoutLine: {'line': b'-- Up-to-date: /home/yadhu/ur3e/src/install/moveit_msgs/include/moveit_msgs/moveit_msgs/msg/detail/visibility_constraint__type_support.h\n'}
[1.521702] (moveit_msgs) StdoutLine: {'line': b'-- Up-to-date: /home/yadhu/ur3e/src/install/moveit_msgs/include/moveit_msgs/moveit_msgs/msg/detail/cost_source__functions.h\n'}
[1.521754] (moveit_msgs) StdoutLine: {'line': b'-- Up-to-date: /home/yadhu/ur3e/src/install/moveit_msgs/include/moveit_msgs/moveit_msgs/msg/detail/place_location__functions.c\n'}
[1.521798] (moveit_msgs) StdoutLine: {'line': b'-- Up-to-date: /home/yadhu/ur3e/src/install/moveit_msgs/include/moveit_msgs/moveit_msgs/msg/detail/motion_sequence_item__type_support.h\n'}
[1.521843] (moveit_msgs) StdoutLine: {'line': b'-- Up-to-date: /home/yadhu/ur3e/src/install/moveit_msgs/include/moveit_msgs/moveit_msgs/msg/detail/allowed_collision_entry__functions.h\n'}
[1.521888] (moveit_msgs) StdoutLine: {'line': b'-- Up-to-date: /home/yadhu/ur3e/src/install/moveit_msgs/include/moveit_msgs/moveit_msgs/msg/detail/gripper_translation__functions.h\n'}
[1.521936] (moveit_msgs) StdoutLine: {'line': b'-- Up-to-date: /home/yadhu/ur3e/src/install/moveit_msgs/include/moveit_msgs/moveit_msgs/msg/detail/display_trajectory__functions.h\n'}
[1.521978] (moveit_msgs) StdoutLine: {'line': b'-- Up-to-date: /home/yadhu/ur3e/src/install/moveit_msgs/include/moveit_msgs/moveit_msgs/msg/detail/display_trajectory__type_support.h\n'}
[1.522019] (moveit_msgs) StdoutLine: {'line': b'-- Up-to-date: /home/yadhu/ur3e/src/install/moveit_msgs/include/moveit_msgs/moveit_msgs/msg/detail/planning_scene_world__type_support.h\n'}
[1.522059] (moveit_msgs) StdoutLine: {'line': b'-- Up-to-date: /home/yadhu/ur3e/src/install/moveit_msgs/include/moveit_msgs/moveit_msgs/msg/detail/object_color__type_support.h\n'}
[1.522106] (moveit_msgs) StdoutLine: {'line': b'-- Up-to-date: /home/yadhu/ur3e/src/install/moveit_msgs/include/moveit_msgs/moveit_msgs/msg/detail/oriented_bounding_box__type_support.h\n'}
[1.522148] (moveit_msgs) StdoutLine: {'line': b'-- Up-to-date: /home/yadhu/ur3e/src/install/moveit_msgs/include/moveit_msgs/moveit_msgs/msg/detail/motion_plan_response__functions.c\n'}
[1.522192] (moveit_msgs) StdoutLine: {'line': b'-- Up-to-date: /home/yadhu/ur3e/src/install/moveit_msgs/include/moveit_msgs/moveit_msgs/msg/detail/grasp__functions.h\n'}
[1.522249] (moveit_msgs) StdoutLine: {'line': b'-- Up-to-date: /home/yadhu/ur3e/src/install/moveit_msgs/include/moveit_msgs/moveit_msgs/msg/detail/display_robot_state__type_support.h\n'}
[1.522296] (moveit_msgs) StdoutLine: {'line': b'-- Up-to-date: /home/yadhu/ur3e/src/install/moveit_msgs/include/moveit_msgs/moveit_msgs/msg/detail/motion_sequence_item__functions.h\n'}
[1.522337] (moveit_msgs) StdoutLine: {'line': b'-- Up-to-date: /home/yadhu/ur3e/src/install/moveit_msgs/include/moveit_msgs/moveit_msgs/msg/detail/trajectory_constraints__struct.h\n'}
[1.522380] (moveit_msgs) StdoutLine: {'line': b'-- Up-to-date: /home/yadhu/ur3e/src/install/moveit_msgs/include/moveit_msgs/moveit_msgs/msg/detail/kinematic_solver_info__type_support.h\n'}
[1.522420] (moveit_msgs) StdoutLine: {'line': b'-- Up-to-date: /home/yadhu/ur3e/src/install/moveit_msgs/include/moveit_msgs/moveit_msgs/msg/detail/cartesian_point__functions.c\n'}
[1.522461] (moveit_msgs) StdoutLine: {'line': b'-- Up-to-date: /home/yadhu/ur3e/src/install/moveit_msgs/include/moveit_msgs/moveit_msgs/msg/detail/oriented_bounding_box__functions.c\n'}
[1.522505] (moveit_msgs) StdoutLine: {'line': b'-- Up-to-date: /home/yadhu/ur3e/src/install/moveit_msgs/include/moveit_msgs/moveit_msgs/msg/detail/joint_limits__functions.c\n'}
[1.522548] (moveit_msgs) StdoutLine: {'line': b'-- Up-to-date: /home/yadhu/ur3e/src/install/moveit_msgs/include/moveit_msgs/moveit_msgs/msg/detail/link_padding__struct.h\n'}
[1.522589] (moveit_msgs) StdoutLine: {'line': b'-- Up-to-date: /home/yadhu/ur3e/src/install/moveit_msgs/include/moveit_msgs/moveit_msgs/msg/detail/constraint_eval_result__functions.c\n'}
[1.522630] (moveit_msgs) StdoutLine: {'line': b'-- Up-to-date: /home/yadhu/ur3e/src/install/moveit_msgs/include/moveit_msgs/moveit_msgs/msg/detail/joint_limits__type_support.h\n'}
[1.522670] (moveit_msgs) StdoutLine: {'line': b'-- Up-to-date: /home/yadhu/ur3e/src/install/moveit_msgs/include/moveit_msgs/moveit_msgs/msg/detail/object_color__struct.h\n'}
[1.522710] (moveit_msgs) StdoutLine: {'line': b'-- Up-to-date: /home/yadhu/ur3e/src/install/moveit_msgs/include/moveit_msgs/moveit_msgs/msg/detail/allowed_collision_entry__struct.h\n'}
[1.522752] (moveit_msgs) StdoutLine: {'line': b'-- Up-to-date: /home/yadhu/ur3e/src/install/moveit_msgs/include/moveit_msgs/moveit_msgs/msg/detail/visibility_constraint__struct.h\n'}
[1.522803] (moveit_msgs) StdoutLine: {'line': b'-- Up-to-date: /home/yadhu/ur3e/src/install/moveit_msgs/include/moveit_msgs/moveit_msgs/msg/detail/generic_trajectory__type_support.h\n'}
[1.522856] (moveit_msgs) StdoutLine: {'line': b'-- Up-to-date: /home/yadhu/ur3e/src/install/moveit_msgs/include/moveit_msgs/moveit_msgs/msg/detail/constraints__struct.h\n'}
[1.522904] (moveit_msgs) StdoutLine: {'line': b'-- Up-to-date: /home/yadhu/ur3e/src/install/moveit_msgs/include/moveit_msgs/moveit_msgs/msg/detail/robot_trajectory__type_support.h\n'}
[1.522953] (moveit_msgs) StdoutLine: {'line': b'-- Up-to-date: /home/yadhu/ur3e/src/install/moveit_msgs/include/moveit_msgs/moveit_msgs/msg/detail/bounding_volume__type_support.h\n'}
[1.523002] (moveit_msgs) StdoutLine: {'line': b'-- Up-to-date: /home/yadhu/ur3e/src/install/moveit_msgs/include/moveit_msgs/moveit_msgs/msg/detail/constraints__type_support.h\n'}
[1.523053] (moveit_msgs) StdoutLine: {'line': b'-- Up-to-date: /home/yadhu/ur3e/src/install/moveit_msgs/include/moveit_msgs/moveit_msgs/msg/detail/robot_state__struct.h\n'}
[1.523112] (moveit_msgs) StdoutLine: {'line': b'-- Up-to-date: /home/yadhu/ur3e/src/install/moveit_msgs/include/moveit_msgs/moveit_msgs/msg/detail/cartesian_trajectory__type_support.h\n'}
[1.523165] (moveit_msgs) StdoutLine: {'line': b'-- Up-to-date: /home/yadhu/ur3e/src/install/moveit_msgs/include/moveit_msgs/moveit_msgs/msg/detail/motion_sequence_response__functions.h\n'}
[1.523217] (moveit_msgs) StdoutLine: {'line': b'-- Up-to-date: /home/yadhu/ur3e/src/install/moveit_msgs/include/moveit_msgs/moveit_msgs/msg/detail/attached_collision_object__type_support.h\n'}
[1.523275] (moveit_msgs) StdoutLine: {'line': b'-- Up-to-date: /home/yadhu/ur3e/src/install/moveit_msgs/include/moveit_msgs/moveit_msgs/msg/detail/visibility_constraint__functions.c\n'}
[1.523328] (moveit_msgs) StdoutLine: {'line': b'-- Up-to-date: /home/yadhu/ur3e/src/install/moveit_msgs/include/moveit_msgs/moveit_msgs/msg/detail/trajectory_constraints__type_support.h\n'}
[1.523379] (moveit_msgs) StdoutLine: {'line': b'-- Up-to-date: /home/yadhu/ur3e/src/install/moveit_msgs/include/moveit_msgs/moveit_msgs/msg/detail/link_scale__struct.h\n'}
[1.523429] (moveit_msgs) StdoutLine: {'line': b'-- Up-to-date: /home/yadhu/ur3e/src/install/moveit_msgs/include/moveit_msgs/moveit_msgs/msg/detail/cartesian_trajectory__functions.h\n'}
[1.523566] (moveit_msgs) StdoutLine: {'line': b'-- Up-to-date: /home/yadhu/ur3e/src/install/moveit_msgs/include/moveit_msgs/moveit_msgs/msg/detail/constraint_eval_result__type_support.h\n'}
[1.523631] (moveit_msgs) StdoutLine: {'line': b'-- Up-to-date: /home/yadhu/ur3e/src/install/moveit_msgs/include/moveit_msgs/moveit_msgs/msg/detail/constraint_eval_result__struct.h\n'}
[1.523689] (moveit_msgs) StdoutLine: {'line': b'-- Up-to-date: /home/yadhu/ur3e/src/install/moveit_msgs/include/moveit_msgs/moveit_msgs/msg/detail/position_ik_request__struct.h\n'}
[1.523745] (moveit_msgs) StdoutLine: {'line': b'-- Up-to-date: /home/yadhu/ur3e/src/install/moveit_msgs/include/moveit_msgs/moveit_msgs/msg/detail/attached_collision_object__functions.c\n'}
[1.523798] (moveit_msgs) StdoutLine: {'line': b'-- Up-to-date: /home/yadhu/ur3e/src/install/moveit_msgs/include/moveit_msgs/moveit_msgs/msg/detail/oriented_bounding_box__functions.h\n'}
[1.523847] (moveit_msgs) StdoutLine: {'line': b'-- Up-to-date: /home/yadhu/ur3e/src/install/moveit_msgs/include/moveit_msgs/moveit_msgs/msg/detail/motion_sequence_request__type_support.h\n'}
[1.523897] (moveit_msgs) StdoutLine: {'line': b'-- Up-to-date: /home/yadhu/ur3e/src/install/moveit_msgs/include/moveit_msgs/moveit_msgs/msg/detail/cartesian_point__struct.h\n'}
[1.523945] (moveit_msgs) StdoutLine: {'line': b'-- Up-to-date: /home/yadhu/ur3e/src/install/moveit_msgs/include/moveit_msgs/moveit_msgs/msg/detail/cost_source__functions.c\n'}
[1.523995] (moveit_msgs) StdoutLine: {'line': b'-- Up-to-date: /home/yadhu/ur3e/src/install/moveit_msgs/include/moveit_msgs/moveit_msgs/msg/detail/attached_collision_object__struct.h\n'}
[1.524047] (moveit_msgs) StdoutLine: {'line': b'-- Up-to-date: /home/yadhu/ur3e/src/install/moveit_msgs/include/moveit_msgs/moveit_msgs/msg/detail/planning_scene_components__struct.h\n'}
[1.524098] (moveit_msgs) StdoutLine: {'line': b'-- Up-to-date: /home/yadhu/ur3e/src/install/moveit_msgs/include/moveit_msgs/moveit_msgs/msg/detail/motion_plan_request__functions.c\n'}
[1.524146] (moveit_msgs) StdoutLine: {'line': b'-- Up-to-date: /home/yadhu/ur3e/src/install/moveit_msgs/include/moveit_msgs/moveit_msgs/msg/detail/joint_constraint__functions.h\n'}
[1.524193] (moveit_msgs) StdoutLine: {'line': b'-- Up-to-date: /home/yadhu/ur3e/src/install/moveit_msgs/include/moveit_msgs/moveit_msgs/msg/detail/kinematic_solver_info__functions.c\n'}
[1.524251] (moveit_msgs) StdoutLine: {'line': b'-- Up-to-date: /home/yadhu/ur3e/src/install/moveit_msgs/include/moveit_msgs/moveit_msgs/msg/detail/allowed_collision_entry__type_support.h\n'}
[1.524321] (moveit_msgs) StdoutLine: {'line': b'-- Up-to-date: /home/yadhu/ur3e/src/install/moveit_msgs/include/moveit_msgs/moveit_msgs/msg/detail/place_location__type_support.h\n'}
[1.524386] (moveit_msgs) StdoutLine: {'line': b'-- Up-to-date: /home/yadhu/ur3e/src/install/moveit_msgs/include/moveit_msgs/moveit_msgs/msg/detail/planning_scene__functions.c\n'}
[1.524457] (moveit_msgs) StdoutLine: {'line': b'-- Up-to-date: /home/yadhu/ur3e/src/install/moveit_msgs/include/moveit_msgs/moveit_msgs/msg/detail/object_color__functions.c\n'}
[1.524523] (moveit_msgs) StdoutLine: {'line': b'-- Up-to-date: /home/yadhu/ur3e/src/install/moveit_msgs/include/moveit_msgs/moveit_msgs/msg/detail/workspace_parameters__struct.h\n'}
[1.524590] (moveit_msgs) StdoutLine: {'line': b'-- Up-to-date: /home/yadhu/ur3e/src/install/moveit_msgs/include/moveit_msgs/moveit_msgs/msg/detail/motion_plan_detailed_response__functions.c\n'}
[1.524655] (moveit_msgs) StdoutLine: {'line': b'-- Up-to-date: /home/yadhu/ur3e/src/install/moveit_msgs/include/moveit_msgs/moveit_msgs/msg/detail/planning_scene_components__functions.c\n'}
[1.524719] (moveit_msgs) StdoutLine: {'line': b'-- Up-to-date: /home/yadhu/ur3e/src/install/moveit_msgs/include/moveit_msgs/moveit_msgs/msg/detail/trajectory_constraints__functions.h\n'}
[1.524781] (moveit_msgs) StdoutLine: {'line': b'-- Up-to-date: /home/yadhu/ur3e/src/install/moveit_msgs/include/moveit_msgs/moveit_msgs/msg/detail/planning_scene_world__struct.h\n'}
[1.524841] (moveit_msgs) StdoutLine: {'line': b'-- Up-to-date: /home/yadhu/ur3e/src/install/moveit_msgs/include/moveit_msgs/moveit_msgs/msg/detail/joint_constraint__struct.h\n'}
[1.524892] (moveit_msgs) StdoutLine: {'line': b'-- Up-to-date: /home/yadhu/ur3e/src/install/moveit_msgs/include/moveit_msgs/moveit_msgs/msg/detail/position_constraint__type_support.h\n'}
[1.524948] (moveit_msgs) StdoutLine: {'line': b'-- Up-to-date: /home/yadhu/ur3e/src/install/moveit_msgs/include/moveit_msgs/moveit_msgs/msg/detail/motion_plan_response__functions.h\n'}
[1.525002] (moveit_msgs) StdoutLine: {'line': b'-- Up-to-date: /home/yadhu/ur3e/src/install/moveit_msgs/include/moveit_msgs/moveit_msgs/msg/detail/object_color__functions.h\n'}
[1.525054] (moveit_msgs) StdoutLine: {'line': b'-- Up-to-date: /home/yadhu/ur3e/src/install/moveit_msgs/include/moveit_msgs/moveit_msgs/msg/detail/link_padding__functions.h\n'}
[1.525109] (moveit_msgs) StdoutLine: {'line': b'-- Up-to-date: /home/yadhu/ur3e/src/install/moveit_msgs/include/moveit_msgs/moveit_msgs/msg/detail/kinematic_solver_info__functions.h\n'}
[1.525165] (moveit_msgs) StdoutLine: {'line': b'-- Up-to-date: /home/yadhu/ur3e/src/install/moveit_msgs/include/moveit_msgs/moveit_msgs/msg/detail/position_ik_request__type_support.h\n'}
[1.525219] (moveit_msgs) StdoutLine: {'line': b'-- Up-to-date: /home/yadhu/ur3e/src/install/moveit_msgs/include/moveit_msgs/moveit_msgs/msg/detail/constraint_eval_result__functions.h\n'}
[1.525286] (moveit_msgs) StdoutLine: {'line': b'-- Up-to-date: /home/yadhu/ur3e/src/install/moveit_msgs/include/moveit_msgs/moveit_msgs/msg/detail/bounding_volume__functions.c\n'}
[1.525343] (moveit_msgs) StdoutLine: {'line': b'-- Up-to-date: /home/yadhu/ur3e/src/install/moveit_msgs/include/moveit_msgs/moveit_msgs/msg/oriented_bounding_box.h\n'}
[1.525404] (moveit_msgs) StdoutLine: {'line': b'-- Up-to-date: /home/yadhu/ur3e/src/install/moveit_msgs/include/moveit_msgs/moveit_msgs/msg/constraints.h\n'}
[1.525460] (moveit_msgs) StdoutLine: {'line': b'-- Up-to-date: /home/yadhu/ur3e/src/install/moveit_msgs/include/moveit_msgs/moveit_msgs/msg/bounding_volume.h\n'}
[1.525517] (moveit_msgs) StdoutLine: {'line': b'-- Up-to-date: /home/yadhu/ur3e/src/install/moveit_msgs/include/moveit_msgs/moveit_msgs/msg/constraint_eval_result.h\n'}
[1.525575] (moveit_msgs) StdoutLine: {'line': b'-- Up-to-date: /home/yadhu/ur3e/src/install/moveit_msgs/include/moveit_msgs/moveit_msgs/msg/attached_collision_object.h\n'}
[1.525632] (moveit_msgs) StdoutLine: {'line': b'-- Up-to-date: /home/yadhu/ur3e/src/install/moveit_msgs/include/moveit_msgs/moveit_msgs/msg/planner_interface_description.h\n'}
[1.525686] (moveit_msgs) StdoutLine: {'line': b'-- Up-to-date: /home/yadhu/ur3e/src/install/moveit_msgs/include/moveit_msgs/moveit_msgs/msg/collision_object.h\n'}
[1.525741] (moveit_msgs) StdoutLine: {'line': b'-- Up-to-date: /home/yadhu/ur3e/src/install/moveit_msgs/include/moveit_msgs/moveit_msgs/msg/motion_sequence_response.h\n'}
[1.525801] (moveit_msgs) StdoutLine: {'line': b'-- Up-to-date: /home/yadhu/ur3e/src/install/moveit_msgs/include/moveit_msgs/moveit_msgs/msg/planning_scene_components.h\n'}
[1.525855] (moveit_msgs) StdoutLine: {'line': b'-- Up-to-date: /home/yadhu/ur3e/src/install/moveit_msgs/include/moveit_msgs/moveit_msgs/msg/planning_options.h\n'}
[1.525896] (moveit_msgs) StdoutLine: {'line': b'-- Up-to-date: /home/yadhu/ur3e/src/install/moveit_msgs/include/moveit_msgs/moveit_msgs/msg/joint_limits.h\n'}
[1.525937] (moveit_msgs) StdoutLine: {'line': b'-- Up-to-date: /home/yadhu/ur3e/src/install/moveit_msgs/include/moveit_msgs/moveit_msgs/msg/orientation_constraint.h\n'}
[1.525977] (moveit_msgs) StdoutLine: {'line': b'-- Up-to-date: /home/yadhu/ur3e/src/install/moveit_msgs/include/moveit_msgs/moveit_msgs/msg/planning_scene_world.h\n'}
[1.526013] (moveit_msgs) StdoutLine: {'line': b'-- Up-to-date: /home/yadhu/ur3e/src/install/moveit_msgs/include/moveit_msgs/moveit_msgs/msg/motion_sequence_item.h\n'}
[1.526047] (moveit_msgs) StdoutLine: {'line': b'-- Up-to-date: /home/yadhu/ur3e/src/install/moveit_msgs/include/moveit_msgs/moveit_msgs/msg/motion_plan_response.h\n'}
[1.526081] (moveit_msgs) StdoutLine: {'line': b'-- Up-to-date: /home/yadhu/ur3e/src/install/moveit_msgs/include/moveit_msgs/moveit_msgs/msg/place_location.h\n'}
[1.526118] (moveit_msgs) StdoutLine: {'line': b'-- Up-to-date: /home/yadhu/ur3e/src/install/moveit_msgs/include/moveit_msgs/moveit_msgs/msg/planner_params.h\n'}
[1.526171] (moveit_msgs) StdoutLine: {'line': b'-- Up-to-date: /home/yadhu/ur3e/src/install/moveit_msgs/include/moveit_msgs/moveit_msgs/msg/display_trajectory.h\n'}
[1.526216] (moveit_msgs) StdoutLine: {'line': b'-- Up-to-date: /home/yadhu/ur3e/src/install/moveit_msgs/include/moveit_msgs/moveit_msgs/msg/kinematic_solver_info.h\n'}
[1.526455] (moveit_msgs) StdoutLine: {'line': b'-- Up-to-date: /home/yadhu/ur3e/src/install/moveit_msgs/include/moveit_msgs/moveit_msgs/msg/cost_source.h\n'}
[1.526493] (moveit_msgs) StdoutLine: {'line': b'-- Up-to-date: /home/yadhu/ur3e/src/install/moveit_msgs/include/moveit_msgs/moveit_msgs/msg/allowed_collision_entry.h\n'}
[1.526529] (moveit_msgs) StdoutLine: {'line': b'-- Up-to-date: /home/yadhu/ur3e/src/install/moveit_msgs/include/moveit_msgs/moveit_msgs/msg/cartesian_point.h\n'}
[1.526563] (moveit_msgs) StdoutLine: {'line': b'-- Up-to-date: /home/yadhu/ur3e/src/install/moveit_msgs/include/moveit_msgs/moveit_msgs/msg/motion_plan_detailed_response.h\n'}
[1.526597] (moveit_msgs) StdoutLine: {'line': b'-- Up-to-date: /home/yadhu/ur3e/src/install/moveit_msgs/include/moveit_msgs/moveit_msgs/srv\n'}
[1.526630] (moveit_msgs) StdoutLine: {'line': b'-- Up-to-date: /home/yadhu/ur3e/src/install/moveit_msgs/include/moveit_msgs/moveit_msgs/srv/get_planner_params.h\n'}
[1.526664] (moveit_msgs) StdoutLine: {'line': b'-- Up-to-date: /home/yadhu/ur3e/src/install/moveit_msgs/include/moveit_msgs/moveit_msgs/srv/change_control_dimensions.h\n'}
[1.526699] (moveit_msgs) StdoutLine: {'line': b'-- Up-to-date: /home/yadhu/ur3e/src/install/moveit_msgs/include/moveit_msgs/moveit_msgs/srv/rename_robot_state_in_warehouse.h\n'}
[1.526733] (moveit_msgs) StdoutLine: {'line': b'-- Up-to-date: /home/yadhu/ur3e/src/install/moveit_msgs/include/moveit_msgs/moveit_msgs/srv/delete_robot_state_from_warehouse.h\n'}
[1.526856] (moveit_msgs) StdoutLine: {'line': b'-- Up-to-date: /home/yadhu/ur3e/src/install/moveit_msgs/include/moveit_msgs/moveit_msgs/srv/get_planning_scene.h\n'}
[1.526892] (moveit_msgs) StdoutLine: {'line': b'-- Up-to-date: /home/yadhu/ur3e/src/install/moveit_msgs/include/moveit_msgs/moveit_msgs/srv/query_planner_interfaces.h\n'}
[1.526927] (moveit_msgs) StdoutLine: {'line': b'-- Up-to-date: /home/yadhu/ur3e/src/install/moveit_msgs/include/moveit_msgs/moveit_msgs/srv/set_planner_params.h\n'}
[1.526962] (moveit_msgs) StdoutLine: {'line': b'-- Up-to-date: /home/yadhu/ur3e/src/install/moveit_msgs/include/moveit_msgs/moveit_msgs/srv/grasp_planning.h\n'}
[1.526996] (moveit_msgs) StdoutLine: {'line': b'-- Up-to-date: /home/yadhu/ur3e/src/install/moveit_msgs/include/moveit_msgs/moveit_msgs/srv/get_cartesian_path.h\n'}
[1.527028] (moveit_msgs) StdoutLine: {'line': b'-- Up-to-date: /home/yadhu/ur3e/src/install/moveit_msgs/include/moveit_msgs/moveit_msgs/srv/list_robot_states_in_warehouse.h\n'}
[1.527062] (moveit_msgs) StdoutLine: {'line': b'-- Up-to-date: /home/yadhu/ur3e/src/install/moveit_msgs/include/moveit_msgs/moveit_msgs/srv/get_state_validity.h\n'}
[1.527094] (moveit_msgs) StdoutLine: {'line': b'-- Up-to-date: /home/yadhu/ur3e/src/install/moveit_msgs/include/moveit_msgs/moveit_msgs/srv/update_pointcloud_octomap.h\n'}
[1.527126] (moveit_msgs) StdoutLine: {'line': b'-- Up-to-date: /home/yadhu/ur3e/src/install/moveit_msgs/include/moveit_msgs/moveit_msgs/srv/get_motion_sequence.h\n'}
[1.527160] (moveit_msgs) StdoutLine: {'line': b'-- Up-to-date: /home/yadhu/ur3e/src/install/moveit_msgs/include/moveit_msgs/moveit_msgs/srv/detail\n'}
[1.527192] (moveit_msgs) StdoutLine: {'line': b'-- Up-to-date: /home/yadhu/ur3e/src/install/moveit_msgs/include/moveit_msgs/moveit_msgs/srv/detail/apply_planning_scene__struct.h\n'}
[1.527225] (moveit_msgs) StdoutLine: {'line': b'-- Up-to-date: /home/yadhu/ur3e/src/install/moveit_msgs/include/moveit_msgs/moveit_msgs/srv/detail/get_robot_state_from_warehouse__functions.c\n'}
[1.527264] (moveit_msgs) StdoutLine: {'line': b'-- Up-to-date: /home/yadhu/ur3e/src/install/moveit_msgs/include/moveit_msgs/moveit_msgs/srv/detail/update_pointcloud_octomap__functions.h\n'}
[1.527298] (moveit_msgs) StdoutLine: {'line': b'-- Up-to-date: /home/yadhu/ur3e/src/install/moveit_msgs/include/moveit_msgs/moveit_msgs/srv/detail/save_map__struct.h\n'}
[1.527330] (moveit_msgs) StdoutLine: {'line': b'-- Up-to-date: /home/yadhu/ur3e/src/install/moveit_msgs/include/moveit_msgs/moveit_msgs/srv/detail/change_drift_dimensions__type_support.h\n'}
[1.527361] (moveit_msgs) StdoutLine: {'line': b'-- Up-to-date: /home/yadhu/ur3e/src/install/moveit_msgs/include/moveit_msgs/moveit_msgs/srv/detail/delete_robot_state_from_warehouse__struct.h\n'}
[1.527392] (moveit_msgs) StdoutLine: {'line': b'-- Up-to-date: /home/yadhu/ur3e/src/install/moveit_msgs/include/moveit_msgs/moveit_msgs/srv/detail/get_planner_params__functions.c\n'}
[1.527422] (moveit_msgs) StdoutLine: {'line': b'-- Up-to-date: /home/yadhu/ur3e/src/install/moveit_msgs/include/moveit_msgs/moveit_msgs/srv/detail/get_robot_state_from_warehouse__functions.h\n'}
[1.527456] (moveit_msgs) StdoutLine: {'line': b'-- Up-to-date: /home/yadhu/ur3e/src/install/moveit_msgs/include/moveit_msgs/moveit_msgs/srv/detail/get_motion_plan__struct.h\n'}
[1.527488] (moveit_msgs) StdoutLine: {'line': b'-- Up-to-date: /home/yadhu/ur3e/src/install/moveit_msgs/include/moveit_msgs/moveit_msgs/srv/detail/change_control_dimensions__functions.c\n'}
[1.527522] (moveit_msgs) StdoutLine: {'line': b'-- Up-to-date: /home/yadhu/ur3e/src/install/moveit_msgs/include/moveit_msgs/moveit_msgs/srv/detail/check_if_robot_state_exists_in_warehouse__functions.c\n'}
[1.527555] (moveit_msgs) StdoutLine: {'line': b'-- Up-to-date: /home/yadhu/ur3e/src/install/moveit_msgs/include/moveit_msgs/moveit_msgs/srv/detail/change_drift_dimensions__functions.h\n'}
[1.527589] (moveit_msgs) StdoutLine: {'line': b'-- Up-to-date: /home/yadhu/ur3e/src/install/moveit_msgs/include/moveit_msgs/moveit_msgs/srv/detail/load_map__struct.h\n'}
[1.527621] (moveit_msgs) StdoutLine: {'line': b'-- Up-to-date: /home/yadhu/ur3e/src/install/moveit_msgs/include/moveit_msgs/moveit_msgs/srv/detail/update_pointcloud_octomap__type_support.h\n'}
[1.527652] (moveit_msgs) StdoutLine: {'line': b'-- Up-to-date: /home/yadhu/ur3e/src/install/moveit_msgs/include/moveit_msgs/moveit_msgs/srv/detail/get_position_ik__struct.h\n'}
[1.527684] (moveit_msgs) StdoutLine: {'line': b'-- Up-to-date: /home/yadhu/ur3e/src/install/moveit_msgs/include/moveit_msgs/moveit_msgs/srv/detail/get_position_ik__type_support.h\n'}
[1.527716] (moveit_msgs) StdoutLine: {'line': b'-- Up-to-date: /home/yadhu/ur3e/src/install/moveit_msgs/include/moveit_msgs/moveit_msgs/srv/detail/query_planner_interfaces__functions.h\n'}
[1.527921] (moveit_msgs) StdoutLine: {'line': b'-- Up-to-date: /home/yadhu/ur3e/src/install/moveit_msgs/include/moveit_msgs/moveit_msgs/srv/detail/set_planner_params__struct.h\n'}
[1.527956] (moveit_msgs) StdoutLine: {'line': b'-- Up-to-date: /home/yadhu/ur3e/src/install/moveit_msgs/include/moveit_msgs/moveit_msgs/srv/detail/save_robot_state_to_warehouse__type_support.h\n'}
[1.527989] (moveit_msgs) StdoutLine: {'line': b'-- Up-to-date: /home/yadhu/ur3e/src/install/moveit_msgs/include/moveit_msgs/moveit_msgs/srv/detail/save_robot_state_to_warehouse__functions.c\n'}
[1.528021] (moveit_msgs) StdoutLine: {'line': b'-- Up-to-date: /home/yadhu/ur3e/src/install/moveit_msgs/include/moveit_msgs/moveit_msgs/srv/detail/get_robot_state_from_warehouse__type_support.h\n'}
[1.528053] (moveit_msgs) StdoutLine: {'line': b'-- Up-to-date: /home/yadhu/ur3e/src/install/moveit_msgs/include/moveit_msgs/moveit_msgs/srv/detail/get_cartesian_path__functions.h\n'}
[1.528169] (moveit_msgs) StdoutLine: {'line': b'-- Up-to-date: /home/yadhu/ur3e/src/install/moveit_msgs/include/moveit_msgs/moveit_msgs/srv/detail/get_position_fk__functions.h\n'}
[1.528202] (moveit_msgs) StdoutLine: {'line': b'-- Up-to-date: /home/yadhu/ur3e/src/install/moveit_msgs/include/moveit_msgs/moveit_msgs/srv/detail/get_motion_plan__functions.c\n'}
[1.528238] (moveit_msgs) StdoutLine: {'line': b'-- Up-to-date: /home/yadhu/ur3e/src/install/moveit_msgs/include/moveit_msgs/moveit_msgs/srv/detail/get_cartesian_path__type_support.h\n'}
[1.528274] (moveit_msgs) StdoutLine: {'line': b'-- Up-to-date: /home/yadhu/ur3e/src/install/moveit_msgs/include/moveit_msgs/moveit_msgs/srv/detail/save_robot_state_to_warehouse__struct.h\n'}
[1.528441] (moveit_msgs) StdoutLine: {'line': b'-- Up-to-date: /home/yadhu/ur3e/src/install/moveit_msgs/include/moveit_msgs/moveit_msgs/srv/detail/change_control_dimensions__functions.h\n'}
[1.528715] (moveit_msgs) StdoutLine: {'line': b'-- Up-to-date: /home/yadhu/ur3e/src/install/moveit_msgs/include/moveit_msgs/moveit_msgs/srv/detail/change_drift_dimensions__struct.h\n'}
[1.528753] (moveit_msgs) StdoutLine: {'line': b'-- Up-to-date: /home/yadhu/ur3e/src/install/moveit_msgs/include/moveit_msgs/moveit_msgs/srv/detail/change_control_dimensions__type_support.h\n'}
[1.528786] (moveit_msgs) StdoutLine: {'line': b'-- Up-to-date: /home/yadhu/ur3e/src/install/moveit_msgs/include/moveit_msgs/moveit_msgs/srv/detail/set_planner_params__functions.c\n'}
[1.528817] (moveit_msgs) StdoutLine: {'line': b'-- Up-to-date: /home/yadhu/ur3e/src/install/moveit_msgs/include/moveit_msgs/moveit_msgs/srv/detail/rename_robot_state_in_warehouse__functions.h\n'}
[1.528847] (moveit_msgs) StdoutLine: {'line': b'-- Up-to-date: /home/yadhu/ur3e/src/install/moveit_msgs/include/moveit_msgs/moveit_msgs/srv/detail/delete_robot_state_from_warehouse__functions.c\n'}
[1.528876] (moveit_msgs) StdoutLine: {'line': b'-- Up-to-date: /home/yadhu/ur3e/src/install/moveit_msgs/include/moveit_msgs/moveit_msgs/srv/detail/get_position_fk__functions.c\n'}
[1.528906] (moveit_msgs) StdoutLine: {'line': b'-- Up-to-date: /home/yadhu/ur3e/src/install/moveit_msgs/include/moveit_msgs/moveit_msgs/srv/detail/save_map__functions.h\n'}
[1.528935] (moveit_msgs) StdoutLine: {'line': b'-- Up-to-date: /home/yadhu/ur3e/src/install/moveit_msgs/include/moveit_msgs/moveit_msgs/srv/detail/load_map__functions.c\n'}
[1.528964] (moveit_msgs) StdoutLine: {'line': b'-- Up-to-date: /home/yadhu/ur3e/src/install/moveit_msgs/include/moveit_msgs/moveit_msgs/srv/detail/get_state_validity__type_support.h\n'}
[1.528993] (moveit_msgs) StdoutLine: {'line': b'-- Up-to-date: /home/yadhu/ur3e/src/install/moveit_msgs/include/moveit_msgs/moveit_msgs/srv/detail/update_pointcloud_octomap__struct.h\n'}
[1.529021] (moveit_msgs) StdoutLine: {'line': b'-- Up-to-date: /home/yadhu/ur3e/src/install/moveit_msgs/include/moveit_msgs/moveit_msgs/srv/detail/rename_robot_state_in_warehouse__functions.c\n'}
[1.529049] (moveit_msgs) StdoutLine: {'line': b'-- Up-to-date: /home/yadhu/ur3e/src/install/moveit_msgs/include/moveit_msgs/moveit_msgs/srv/detail/grasp_planning__functions.h\n'}
[1.529079] (moveit_msgs) StdoutLine: {'line': b'-- Up-to-date: /home/yadhu/ur3e/src/install/moveit_msgs/include/moveit_msgs/moveit_msgs/srv/detail/get_cartesian_path__struct.h\n'}
[1.529108] (moveit_msgs) StdoutLine: {'line': b'-- Up-to-date: /home/yadhu/ur3e/src/install/moveit_msgs/include/moveit_msgs/moveit_msgs/srv/detail/get_motion_plan__functions.h\n'}
[1.529136] (moveit_msgs) StdoutLine: {'line': b'-- Up-to-date: /home/yadhu/ur3e/src/install/moveit_msgs/include/moveit_msgs/moveit_msgs/srv/detail/apply_planning_scene__type_support.h\n'}
[1.529164] (moveit_msgs) StdoutLine: {'line': b'-- Up-to-date: /home/yadhu/ur3e/src/install/moveit_msgs/include/moveit_msgs/moveit_msgs/srv/detail/query_planner_interfaces__type_support.h\n'}
[1.529192] (moveit_msgs) StdoutLine: {'line': b'-- Up-to-date: /home/yadhu/ur3e/src/install/moveit_msgs/include/moveit_msgs/moveit_msgs/srv/detail/apply_planning_scene__functions.h\n'}
[1.529219] (moveit_msgs) StdoutLine: {'line': b'-- Up-to-date: /home/yadhu/ur3e/src/install/moveit_msgs/include/moveit_msgs/moveit_msgs/srv/detail/get_motion_plan__type_support.h\n'}
[1.529262] (moveit_msgs) StdoutLine: {'line': b'-- Up-to-date: /home/yadhu/ur3e/src/install/moveit_msgs/include/moveit_msgs/moveit_msgs/srv/detail/delete_robot_state_from_warehouse__type_support.h\n'}
[1.529291] (moveit_msgs) StdoutLine: {'line': b'-- Up-to-date: /home/yadhu/ur3e/src/install/moveit_msgs/include/moveit_msgs/moveit_msgs/srv/detail/delete_robot_state_from_warehouse__functions.h\n'}
[1.529318] (moveit_msgs) StdoutLine: {'line': b'-- Up-to-date: /home/yadhu/ur3e/src/install/moveit_msgs/include/moveit_msgs/moveit_msgs/srv/detail/list_robot_states_in_warehouse__type_support.h\n'}
[1.529347] (moveit_msgs) StdoutLine: {'line': b'-- Up-to-date: /home/yadhu/ur3e/src/install/moveit_msgs/include/moveit_msgs/moveit_msgs/srv/detail/list_robot_states_in_warehouse__functions.c\n'}
[1.529376] (moveit_msgs) StdoutLine: {'line': b'-- Up-to-date: /home/yadhu/ur3e/src/install/moveit_msgs/include/moveit_msgs/moveit_msgs/srv/detail/save_map__functions.c\n'}
[1.529403] (moveit_msgs) StdoutLine: {'line': b'-- Up-to-date: /home/yadhu/ur3e/src/install/moveit_msgs/include/moveit_msgs/moveit_msgs/srv/detail/get_position_ik__functions.h\n'}
[1.529429] (moveit_msgs) StdoutLine: {'line': b'-- Up-to-date: /home/yadhu/ur3e/src/install/moveit_msgs/include/moveit_msgs/moveit_msgs/srv/detail/get_motion_sequence__struct.h\n'}
[1.529459] (moveit_msgs) StdoutLine: {'line': b'-- Up-to-date: /home/yadhu/ur3e/src/install/moveit_msgs/include/moveit_msgs/moveit_msgs/srv/detail/check_if_robot_state_exists_in_warehouse__struct.h\n'}
[1.529486] (moveit_msgs) StdoutLine: {'line': b'-- Up-to-date: /home/yadhu/ur3e/src/install/moveit_msgs/include/moveit_msgs/moveit_msgs/srv/detail/update_pointcloud_octomap__functions.c\n'}
[1.529515] (moveit_msgs) StdoutLine: {'line': b'-- Up-to-date: /home/yadhu/ur3e/src/install/moveit_msgs/include/moveit_msgs/moveit_msgs/srv/detail/get_planning_scene__functions.c\n'}
[1.529543] (moveit_msgs) StdoutLine: {'line': b'-- Up-to-date: /home/yadhu/ur3e/src/install/moveit_msgs/include/moveit_msgs/moveit_msgs/srv/detail/check_if_robot_state_exists_in_warehouse__functions.h\n'}
[1.529570] (moveit_msgs) StdoutLine: {'line': b'-- Up-to-date: /home/yadhu/ur3e/src/install/moveit_msgs/include/moveit_msgs/moveit_msgs/srv/detail/get_cartesian_path__functions.c\n'}
[1.529598] (moveit_msgs) StdoutLine: {'line': b'-- Up-to-date: /home/yadhu/ur3e/src/install/moveit_msgs/include/moveit_msgs/moveit_msgs/srv/detail/rename_robot_state_in_warehouse__struct.h\n'}
[1.529625] (moveit_msgs) StdoutLine: {'line': b'-- Up-to-date: /home/yadhu/ur3e/src/install/moveit_msgs/include/moveit_msgs/moveit_msgs/srv/detail/grasp_planning__type_support.h\n'}
[1.529653] (moveit_msgs) StdoutLine: {'line': b'-- Up-to-date: /home/yadhu/ur3e/src/install/moveit_msgs/include/moveit_msgs/moveit_msgs/srv/detail/get_position_ik__functions.c\n'}
[1.529681] (moveit_msgs) StdoutLine: {'line': b'-- Up-to-date: /home/yadhu/ur3e/src/install/moveit_msgs/include/moveit_msgs/moveit_msgs/srv/detail/load_map__functions.h\n'}
[1.529710] (moveit_msgs) StdoutLine: {'line': b'-- Up-to-date: /home/yadhu/ur3e/src/install/moveit_msgs/include/moveit_msgs/moveit_msgs/srv/detail/get_planner_params__type_support.h\n'}
[1.529739] (moveit_msgs) StdoutLine: {'line': b'-- Up-to-date: /home/yadhu/ur3e/src/install/moveit_msgs/include/moveit_msgs/moveit_msgs/srv/detail/get_state_validity__functions.c\n'}
[1.529766] (moveit_msgs) StdoutLine: {'line': b'-- Up-to-date: /home/yadhu/ur3e/src/install/moveit_msgs/include/moveit_msgs/moveit_msgs/srv/detail/get_motion_sequence__type_support.h\n'}
[1.529793] (moveit_msgs) StdoutLine: {'line': b'-- Up-to-date: /home/yadhu/ur3e/src/install/moveit_msgs/include/moveit_msgs/moveit_msgs/srv/detail/apply_planning_scene__functions.c\n'}
[1.529819] (moveit_msgs) StdoutLine: {'line': b'-- Up-to-date: /home/yadhu/ur3e/src/install/moveit_msgs/include/moveit_msgs/moveit_msgs/srv/detail/query_planner_interfaces__functions.c\n'}
[1.529846] (moveit_msgs) StdoutLine: {'line': b'-- Up-to-date: /home/yadhu/ur3e/src/install/moveit_msgs/include/moveit_msgs/moveit_msgs/srv/detail/get_position_fk__type_support.h\n'}
[1.529873] (moveit_msgs) StdoutLine: {'line': b'-- Up-to-date: /home/yadhu/ur3e/src/install/moveit_msgs/include/moveit_msgs/moveit_msgs/srv/detail/get_state_validity__struct.h\n'}
[1.529898] (moveit_msgs) StdoutLine: {'line': b'-- Up-to-date: /home/yadhu/ur3e/src/install/moveit_msgs/include/moveit_msgs/moveit_msgs/srv/detail/change_control_dimensions__struct.h\n'}
[1.529926] (moveit_msgs) StdoutLine: {'line': b'-- Up-to-date: /home/yadhu/ur3e/src/install/moveit_msgs/include/moveit_msgs/moveit_msgs/srv/detail/get_planner_params__functions.h\n'}
[1.529953] (moveit_msgs) StdoutLine: {'line': b'-- Up-to-date: /home/yadhu/ur3e/src/install/moveit_msgs/include/moveit_msgs/moveit_msgs/srv/detail/list_robot_states_in_warehouse__struct.h\n'}
[1.529981] (moveit_msgs) StdoutLine: {'line': b'-- Up-to-date: /home/yadhu/ur3e/src/install/moveit_msgs/include/moveit_msgs/moveit_msgs/srv/detail/query_planner_interfaces__struct.h\n'}
[1.530010] (moveit_msgs) StdoutLine: {'line': b'-- Up-to-date: /home/yadhu/ur3e/src/install/moveit_msgs/include/moveit_msgs/moveit_msgs/srv/detail/get_position_fk__struct.h\n'}
[1.530037] (moveit_msgs) StdoutLine: {'line': b'-- Up-to-date: /home/yadhu/ur3e/src/install/moveit_msgs/include/moveit_msgs/moveit_msgs/srv/detail/rename_robot_state_in_warehouse__type_support.h\n'}
[1.530065] (moveit_msgs) StdoutLine: {'line': b'-- Up-to-date: /home/yadhu/ur3e/src/install/moveit_msgs/include/moveit_msgs/moveit_msgs/srv/detail/set_planner_params__type_support.h\n'}
[1.530092] (moveit_msgs) StdoutLine: {'line': b'-- Up-to-date: /home/yadhu/ur3e/src/install/moveit_msgs/include/moveit_msgs/moveit_msgs/srv/detail/check_if_robot_state_exists_in_warehouse__type_support.h\n'}
[1.530119] (moveit_msgs) StdoutLine: {'line': b'-- Up-to-date: /home/yadhu/ur3e/src/install/moveit_msgs/include/moveit_msgs/moveit_msgs/srv/detail/grasp_planning__functions.c\n'}
[1.530148] (moveit_msgs) StdoutLine: {'line': b'-- Up-to-date: /home/yadhu/ur3e/src/install/moveit_msgs/include/moveit_msgs/moveit_msgs/srv/detail/get_planning_scene__type_support.h\n'}
[1.530178] (moveit_msgs) StdoutLine: {'line': b'-- Up-to-date: /home/yadhu/ur3e/src/install/moveit_msgs/include/moveit_msgs/moveit_msgs/srv/detail/get_planning_scene__functions.h\n'}
[1.530207] (moveit_msgs) StdoutLine: {'line': b'-- Up-to-date: /home/yadhu/ur3e/src/install/moveit_msgs/include/moveit_msgs/moveit_msgs/srv/detail/grasp_planning__struct.h\n'}
[1.530236] (moveit_msgs) StdoutLine: {'line': b'-- Up-to-date: /home/yadhu/ur3e/src/install/moveit_msgs/include/moveit_msgs/moveit_msgs/srv/detail/set_planner_params__functions.h\n'}
[1.530267] (moveit_msgs) StdoutLine: {'line': b'-- Up-to-date: /home/yadhu/ur3e/src/install/moveit_msgs/include/moveit_msgs/moveit_msgs/srv/detail/change_drift_dimensions__functions.c\n'}
[1.530295] (moveit_msgs) StdoutLine: {'line': b'-- Up-to-date: /home/yadhu/ur3e/src/install/moveit_msgs/include/moveit_msgs/moveit_msgs/srv/detail/list_robot_states_in_warehouse__functions.h\n'}
[1.530328] (moveit_msgs) StdoutLine: {'line': b'-- Up-to-date: /home/yadhu/ur3e/src/install/moveit_msgs/include/moveit_msgs/moveit_msgs/srv/detail/get_motion_sequence__functions.h\n'}
[1.530355] (moveit_msgs) StdoutLine: {'line': b'-- Up-to-date: /home/yadhu/ur3e/src/install/moveit_msgs/include/moveit_msgs/moveit_msgs/srv/detail/get_planner_params__struct.h\n'}
[1.530381] (moveit_msgs) StdoutLine: {'line': b'-- Up-to-date: /home/yadhu/ur3e/src/install/moveit_msgs/include/moveit_msgs/moveit_msgs/srv/detail/save_map__type_support.h\n'}
[1.530407] (moveit_msgs) StdoutLine: {'line': b'-- Up-to-date: /home/yadhu/ur3e/src/install/moveit_msgs/include/moveit_msgs/moveit_msgs/srv/detail/get_robot_state_from_warehouse__struct.h\n'}
[1.530436] (moveit_msgs) StdoutLine: {'line': b'-- Up-to-date: /home/yadhu/ur3e/src/install/moveit_msgs/include/moveit_msgs/moveit_msgs/srv/detail/load_map__type_support.h\n'}
[1.530464] (moveit_msgs) StdoutLine: {'line': b'-- Up-to-date: /home/yadhu/ur3e/src/install/moveit_msgs/include/moveit_msgs/moveit_msgs/srv/detail/get_state_validity__functions.h\n'}
[1.530493] (moveit_msgs) StdoutLine: {'line': b'-- Up-to-date: /home/yadhu/ur3e/src/install/moveit_msgs/include/moveit_msgs/moveit_msgs/srv/detail/save_robot_state_to_warehouse__functions.h\n'}
[1.530522] (moveit_msgs) StdoutLine: {'line': b'-- Up-to-date: /home/yadhu/ur3e/src/install/moveit_msgs/include/moveit_msgs/moveit_msgs/srv/detail/get_motion_sequence__functions.c\n'}
[1.530552] (moveit_msgs) StdoutLine: {'line': b'-- Up-to-date: /home/yadhu/ur3e/src/install/moveit_msgs/include/moveit_msgs/moveit_msgs/srv/detail/get_planning_scene__struct.h\n'}
[1.530581] (moveit_msgs) StdoutLine: {'line': b'-- Up-to-date: /home/yadhu/ur3e/src/install/moveit_msgs/include/moveit_msgs/moveit_msgs/srv/change_drift_dimensions.h\n'}
[1.530610] (moveit_msgs) StdoutLine: {'line': b'-- Up-to-date: /home/yadhu/ur3e/src/install/moveit_msgs/include/moveit_msgs/moveit_msgs/srv/get_motion_plan.h\n'}
[1.530639] (moveit_msgs) StdoutLine: {'line': b'-- Up-to-date: /home/yadhu/ur3e/src/install/moveit_msgs/include/moveit_msgs/moveit_msgs/srv/save_map.h\n'}
[1.530666] (moveit_msgs) StdoutLine: {'line': b'-- Up-to-date: /home/yadhu/ur3e/src/install/moveit_msgs/include/moveit_msgs/moveit_msgs/srv/get_robot_state_from_warehouse.h\n'}
[1.530694] (moveit_msgs) StdoutLine: {'line': b'-- Up-to-date: /home/yadhu/ur3e/src/install/moveit_msgs/include/moveit_msgs/moveit_msgs/srv/apply_planning_scene.h\n'}
[1.530725] (moveit_msgs) StdoutLine: {'line': b'-- Up-to-date: /home/yadhu/ur3e/src/install/moveit_msgs/include/moveit_msgs/moveit_msgs/srv/get_position_fk.h\n'}
[1.530755] (moveit_msgs) StdoutLine: {'line': b'-- Up-to-date: /home/yadhu/ur3e/src/install/moveit_msgs/include/moveit_msgs/moveit_msgs/srv/get_position_ik.h\n'}
[1.530782] (moveit_msgs) StdoutLine: {'line': b'-- Up-to-date: /home/yadhu/ur3e/src/install/moveit_msgs/include/moveit_msgs/moveit_msgs/srv/load_map.h\n'}
[1.530809] (moveit_msgs) StdoutLine: {'line': b'-- Up-to-date: /home/yadhu/ur3e/src/install/moveit_msgs/include/moveit_msgs/moveit_msgs/srv/save_robot_state_to_warehouse.h\n'}
[1.530836] (moveit_msgs) StdoutLine: {'line': b'-- Up-to-date: /home/yadhu/ur3e/src/install/moveit_msgs/include/moveit_msgs/moveit_msgs/srv/check_if_robot_state_exists_in_warehouse.h\n'}
[1.530862] (moveit_msgs) StdoutLine: {'line': b'-- Up-to-date: /home/yadhu/ur3e/src/install/moveit_msgs/share/moveit_msgs/environment/library_path.sh\n'}
[1.530888] (moveit_msgs) StdoutLine: {'line': b'-- Up-to-date: /home/yadhu/ur3e/src/install/moveit_msgs/share/moveit_msgs/environment/library_path.dsv\n'}
[1.530915] (moveit_msgs) StdoutLine: {'line': b'-- Up-to-date: /home/yadhu/ur3e/src/install/moveit_msgs/lib/libmoveit_msgs__rosidl_generator_c.so\n'}
[1.530940] (moveit_msgs) StdoutLine: {'line': b'-- Up-to-date: /home/yadhu/ur3e/src/install/moveit_msgs/include/moveit_msgs/moveit_msgs\n'}
[1.530967] (moveit_msgs) StdoutLine: {'line': b'-- Up-to-date: /home/yadhu/ur3e/src/install/moveit_msgs/include/moveit_msgs/moveit_msgs/action\n'}
[1.530997] (moveit_msgs) StdoutLine: {'line': b'-- Up-to-date: /home/yadhu/ur3e/src/install/moveit_msgs/include/moveit_msgs/moveit_msgs/action/detail\n'}
[1.531024] (moveit_msgs) StdoutLine: {'line': b'-- Up-to-date: /home/yadhu/ur3e/src/install/moveit_msgs/include/moveit_msgs/moveit_msgs/action/detail/local_planner__rosidl_typesupport_fastrtps_c.h\n'}
[1.531051] (moveit_msgs) StdoutLine: {'line': b'-- Up-to-date: /home/yadhu/ur3e/src/install/moveit_msgs/include/moveit_msgs/moveit_msgs/action/detail/place__rosidl_typesupport_fastrtps_c.h\n'}
[1.531079] (moveit_msgs) StdoutLine: {'line': b'-- Up-to-date: /home/yadhu/ur3e/src/install/moveit_msgs/include/moveit_msgs/moveit_msgs/action/detail/global_planner__rosidl_typesupport_fastrtps_c.h\n'}
[1.531106] (moveit_msgs) StdoutLine: {'line': b'-- Up-to-date: /home/yadhu/ur3e/src/install/moveit_msgs/include/moveit_msgs/moveit_msgs/action/detail/move_group__rosidl_typesupport_fastrtps_c.h\n'}
[1.531132] (moveit_msgs) StdoutLine: {'line': b'-- Up-to-date: /home/yadhu/ur3e/src/install/moveit_msgs/include/moveit_msgs/moveit_msgs/action/detail/pickup__rosidl_typesupport_fastrtps_c.h\n'}
[1.531158] (moveit_msgs) StdoutLine: {'line': b'-- Up-to-date: /home/yadhu/ur3e/src/install/moveit_msgs/include/moveit_msgs/moveit_msgs/action/detail/move_group_sequence__rosidl_typesupport_fastrtps_c.h\n'}
[1.531186] (moveit_msgs) StdoutLine: {'line': b'-- Up-to-date: /home/yadhu/ur3e/src/install/moveit_msgs/include/moveit_msgs/moveit_msgs/action/detail/hybrid_planner__rosidl_typesupport_fastrtps_c.h\n'}
[1.531213] (moveit_msgs) StdoutLine: {'line': b'-- Up-to-date: /home/yadhu/ur3e/src/install/moveit_msgs/include/moveit_msgs/moveit_msgs/action/detail/execute_trajectory__rosidl_typesupport_fastrtps_c.h\n'}
[1.531251] (moveit_msgs) StdoutLine: {'line': b'-- Up-to-date: /home/yadhu/ur3e/src/install/moveit_msgs/include/moveit_msgs/moveit_msgs/msg\n'}
[1.531279] (moveit_msgs) StdoutLine: {'line': b'-- Up-to-date: /home/yadhu/ur3e/src/install/moveit_msgs/include/moveit_msgs/moveit_msgs/msg/rosidl_typesupport_fastrtps_c__visibility_control.h\n'}
[1.531305] (moveit_msgs) StdoutLine: {'line': b'-- Up-to-date: /home/yadhu/ur3e/src/install/moveit_msgs/include/moveit_msgs/moveit_msgs/msg/detail\n'}
[1.531331] (moveit_msgs) StdoutLine: {'line': b'-- Up-to-date: /home/yadhu/ur3e/src/install/moveit_msgs/include/moveit_msgs/moveit_msgs/msg/detail/robot_state__rosidl_typesupport_fastrtps_c.h\n'}
[1.531359] (moveit_msgs) StdoutLine: {'line': b'-- Up-to-date: /home/yadhu/ur3e/src/install/moveit_msgs/include/moveit_msgs/moveit_msgs/msg/detail/motion_sequence_request__rosidl_typesupport_fastrtps_c.h\n'}
[1.531386] (moveit_msgs) StdoutLine: {'line': b'-- Up-to-date: /home/yadhu/ur3e/src/install/moveit_msgs/include/moveit_msgs/moveit_msgs/msg/detail/planner_interface_description__rosidl_typesupport_fastrtps_c.h\n'}
[1.531412] (moveit_msgs) StdoutLine: {'line': b'-- Up-to-date: /home/yadhu/ur3e/src/install/moveit_msgs/include/moveit_msgs/moveit_msgs/msg/detail/planning_scene_components__rosidl_typesupport_fastrtps_c.h\n'}
[1.531441] (moveit_msgs) StdoutLine: {'line': b'-- Up-to-date: /home/yadhu/ur3e/src/install/moveit_msgs/include/moveit_msgs/moveit_msgs/msg/detail/kinematic_solver_info__rosidl_typesupport_fastrtps_c.h\n'}
[1.531468] (moveit_msgs) StdoutLine: {'line': b'-- Up-to-date: /home/yadhu/ur3e/src/install/moveit_msgs/include/moveit_msgs/moveit_msgs/msg/detail/allowed_collision_matrix__rosidl_typesupport_fastrtps_c.h\n'}
[1.531495] (moveit_msgs) StdoutLine: {'line': b'-- Up-to-date: /home/yadhu/ur3e/src/install/moveit_msgs/include/moveit_msgs/moveit_msgs/msg/detail/display_robot_state__rosidl_typesupport_fastrtps_c.h\n'}
[1.531526] (moveit_msgs) StdoutLine: {'line': b'-- Up-to-date: /home/yadhu/ur3e/src/install/moveit_msgs/include/moveit_msgs/moveit_msgs/msg/detail/place_location__rosidl_typesupport_fastrtps_c.h\n'}
[1.531553] (moveit_msgs) StdoutLine: {'line': b'-- Up-to-date: /home/yadhu/ur3e/src/install/moveit_msgs/include/moveit_msgs/moveit_msgs/msg/detail/gripper_translation__rosidl_typesupport_fastrtps_c.h\n'}
[1.531583] (moveit_msgs) StdoutLine: {'line': b'-- Up-to-date: /home/yadhu/ur3e/src/install/moveit_msgs/include/moveit_msgs/moveit_msgs/msg/detail/constraint_eval_result__rosidl_typesupport_fastrtps_c.h\n'}
[1.531611] (moveit_msgs) StdoutLine: {'line': b'-- Up-to-date: /home/yadhu/ur3e/src/install/moveit_msgs/include/moveit_msgs/moveit_msgs/msg/detail/collision_object__rosidl_typesupport_fastrtps_c.h\n'}
[1.531638] (moveit_msgs) StdoutLine: {'line': b'-- Up-to-date: /home/yadhu/ur3e/src/install/moveit_msgs/include/moveit_msgs/moveit_msgs/msg/detail/planning_scene__rosidl_typesupport_fastrtps_c.h\n'}
[1.531666] (moveit_msgs) StdoutLine: {'line': b'-- Up-to-date: /home/yadhu/ur3e/src/install/moveit_msgs/include/moveit_msgs/moveit_msgs/msg/detail/bounding_volume__rosidl_typesupport_fastrtps_c.h\n'}
[1.531694] (moveit_msgs) StdoutLine: {'line': b'-- Up-to-date: /home/yadhu/ur3e/src/install/moveit_msgs/include/moveit_msgs/moveit_msgs/msg/detail/planning_scene_world__rosidl_typesupport_fastrtps_c.h\n'}
[1.531722] (moveit_msgs) StdoutLine: {'line': b'-- Up-to-date: /home/yadhu/ur3e/src/install/moveit_msgs/include/moveit_msgs/moveit_msgs/msg/detail/contact_information__rosidl_typesupport_fastrtps_c.h\n'}
[1.531751] (moveit_msgs) StdoutLine: {'line': b'-- Up-to-date: /home/yadhu/ur3e/src/install/moveit_msgs/include/moveit_msgs/moveit_msgs/msg/detail/link_scale__rosidl_typesupport_fastrtps_c.h\n'}
[1.531779] (moveit_msgs) StdoutLine: {'line': b'-- Up-to-date: /home/yadhu/ur3e/src/install/moveit_msgs/include/moveit_msgs/moveit_msgs/msg/detail/motion_sequence_response__rosidl_typesupport_fastrtps_c.h\n'}
[1.531809] (moveit_msgs) StdoutLine: {'line': b'-- Up-to-date: /home/yadhu/ur3e/src/install/moveit_msgs/include/moveit_msgs/moveit_msgs/msg/detail/motion_plan_detailed_response__rosidl_typesupport_fastrtps_c.h\n'}
[1.531837] (moveit_msgs) StdoutLine: {'line': b'-- Up-to-date: /home/yadhu/ur3e/src/install/moveit_msgs/include/moveit_msgs/moveit_msgs/msg/detail/position_ik_request__rosidl_typesupport_fastrtps_c.h\n'}
[1.531865] (moveit_msgs) StdoutLine: {'line': b'-- Up-to-date: /home/yadhu/ur3e/src/install/moveit_msgs/include/moveit_msgs/moveit_msgs/msg/detail/grasp__rosidl_typesupport_fastrtps_c.h\n'}
[1.531893] (moveit_msgs) StdoutLine: {'line': b'-- Up-to-date: /home/yadhu/ur3e/src/install/moveit_msgs/include/moveit_msgs/moveit_msgs/msg/detail/generic_trajectory__rosidl_typesupport_fastrtps_c.h\n'}
[1.531923] (moveit_msgs) StdoutLine: {'line': b'-- Up-to-date: /home/yadhu/ur3e/src/install/moveit_msgs/include/moveit_msgs/moveit_msgs/msg/detail/cartesian_trajectory_point__rosidl_typesupport_fastrtps_c.h\n'}
[1.531950] (moveit_msgs) StdoutLine: {'line': b'-- Up-to-date: /home/yadhu/ur3e/src/install/moveit_msgs/include/moveit_msgs/moveit_msgs/msg/detail/cost_source__rosidl_typesupport_fastrtps_c.h\n'}
[1.531977] (moveit_msgs) StdoutLine: {'line': b'-- Up-to-date: /home/yadhu/ur3e/src/install/moveit_msgs/include/moveit_msgs/moveit_msgs/msg/detail/visibility_constraint__rosidl_typesupport_fastrtps_c.h\n'}
[1.532007] (moveit_msgs) StdoutLine: {'line': b'-- Up-to-date: /home/yadhu/ur3e/src/install/moveit_msgs/include/moveit_msgs/moveit_msgs/msg/detail/constraints__rosidl_typesupport_fastrtps_c.h\n'}
[1.532034] (moveit_msgs) StdoutLine: {'line': b'-- Up-to-date: /home/yadhu/ur3e/src/install/moveit_msgs/include/moveit_msgs/moveit_msgs/msg/detail/link_padding__rosidl_typesupport_fastrtps_c.h\n'}
[1.532061] (moveit_msgs) StdoutLine: {'line': b'-- Up-to-date: /home/yadhu/ur3e/src/install/moveit_msgs/include/moveit_msgs/moveit_msgs/msg/detail/position_constraint__rosidl_typesupport_fastrtps_c.h\n'}
[1.532088] (moveit_msgs) StdoutLine: {'line': b'-- Up-to-date: /home/yadhu/ur3e/src/install/moveit_msgs/include/moveit_msgs/moveit_msgs/msg/detail/display_trajectory__rosidl_typesupport_fastrtps_c.h\n'}
[1.532115] (moveit_msgs) StdoutLine: {'line': b'-- Up-to-date: /home/yadhu/ur3e/src/install/moveit_msgs/include/moveit_msgs/moveit_msgs/msg/detail/motion_sequence_item__rosidl_typesupport_fastrtps_c.h\n'}
[1.532143] (moveit_msgs) StdoutLine: {'line': b'-- Up-to-date: /home/yadhu/ur3e/src/install/moveit_msgs/include/moveit_msgs/moveit_msgs/msg/detail/robot_trajectory__rosidl_typesupport_fastrtps_c.h\n'}
[1.532170] (moveit_msgs) StdoutLine: {'line': b'-- Up-to-date: /home/yadhu/ur3e/src/install/moveit_msgs/include/moveit_msgs/moveit_msgs/msg/detail/allowed_collision_entry__rosidl_typesupport_fastrtps_c.h\n'}
[1.532196] (moveit_msgs) StdoutLine: {'line': b'-- Up-to-date: /home/yadhu/ur3e/src/install/moveit_msgs/include/moveit_msgs/moveit_msgs/msg/detail/joint_limits__rosidl_typesupport_fastrtps_c.h\n'}
[1.532222] (moveit_msgs) StdoutLine: {'line': b'-- Up-to-date: /home/yadhu/ur3e/src/install/moveit_msgs/include/moveit_msgs/moveit_msgs/msg/detail/trajectory_constraints__rosidl_typesupport_fastrtps_c.h\n'}
[1.532252] (moveit_msgs) StdoutLine: {'line': b'-- Up-to-date: /home/yadhu/ur3e/src/install/moveit_msgs/include/moveit_msgs/moveit_msgs/msg/detail/motion_plan_request__rosidl_typesupport_fastrtps_c.h\n'}
[1.532279] (moveit_msgs) StdoutLine: {'line': b'-- Up-to-date: /home/yadhu/ur3e/src/install/moveit_msgs/include/moveit_msgs/moveit_msgs/msg/detail/motion_plan_response__rosidl_typesupport_fastrtps_c.h\n'}
[1.532306] (moveit_msgs) StdoutLine: {'line': b'-- Up-to-date: /home/yadhu/ur3e/src/install/moveit_msgs/include/moveit_msgs/moveit_msgs/msg/detail/workspace_parameters__rosidl_typesupport_fastrtps_c.h\n'}
[1.532334] (moveit_msgs) StdoutLine: {'line': b'-- Up-to-date: /home/yadhu/ur3e/src/install/moveit_msgs/include/moveit_msgs/moveit_msgs/msg/detail/joint_constraint__rosidl_typesupport_fastrtps_c.h\n'}
[1.532361] (moveit_msgs) StdoutLine: {'line': b'-- Up-to-date: /home/yadhu/ur3e/src/install/moveit_msgs/include/moveit_msgs/moveit_msgs/msg/detail/orientation_constraint__rosidl_typesupport_fastrtps_c.h\n'}
[1.532389] (moveit_msgs) StdoutLine: {'line': b'-- Up-to-date: /home/yadhu/ur3e/src/install/moveit_msgs/include/moveit_msgs/moveit_msgs/msg/detail/planning_options__rosidl_typesupport_fastrtps_c.h\n'}
[1.532416] (moveit_msgs) StdoutLine: {'line': b'-- Up-to-date: /home/yadhu/ur3e/src/install/moveit_msgs/include/moveit_msgs/moveit_msgs/msg/detail/planner_params__rosidl_typesupport_fastrtps_c.h\n'}
[1.532442] (moveit_msgs) StdoutLine: {'line': b'-- Up-to-date: /home/yadhu/ur3e/src/install/moveit_msgs/include/moveit_msgs/moveit_msgs/msg/detail/move_it_error_codes__rosidl_typesupport_fastrtps_c.h\n'}
[1.532469] (moveit_msgs) StdoutLine: {'line': b'-- Up-to-date: /home/yadhu/ur3e/src/install/moveit_msgs/include/moveit_msgs/moveit_msgs/msg/detail/attached_collision_object__rosidl_typesupport_fastrtps_c.h\n'}
[1.532495] (moveit_msgs) StdoutLine: {'line': b'-- Up-to-date: /home/yadhu/ur3e/src/install/moveit_msgs/include/moveit_msgs/moveit_msgs/msg/detail/cartesian_trajectory__rosidl_typesupport_fastrtps_c.h\n'}
[1.532520] (moveit_msgs) StdoutLine: {'line': b'-- Up-to-date: /home/yadhu/ur3e/src/install/moveit_msgs/include/moveit_msgs/moveit_msgs/msg/detail/cartesian_point__rosidl_typesupport_fastrtps_c.h\n'}
[1.532546] (moveit_msgs) StdoutLine: {'line': b'-- Up-to-date: /home/yadhu/ur3e/src/install/moveit_msgs/include/moveit_msgs/moveit_msgs/msg/detail/object_color__rosidl_typesupport_fastrtps_c.h\n'}
[1.532571] (moveit_msgs) StdoutLine: {'line': b'-- Up-to-date: /home/yadhu/ur3e/src/install/moveit_msgs/include/moveit_msgs/moveit_msgs/msg/detail/oriented_bounding_box__rosidl_typesupport_fastrtps_c.h\n'}
[1.532599] (moveit_msgs) StdoutLine: {'line': b'-- Up-to-date: /home/yadhu/ur3e/src/install/moveit_msgs/include/moveit_msgs/moveit_msgs/srv\n'}
[1.532627] (moveit_msgs) StdoutLine: {'line': b'-- Up-to-date: /home/yadhu/ur3e/src/install/moveit_msgs/include/moveit_msgs/moveit_msgs/srv/detail\n'}
[1.532654] (moveit_msgs) StdoutLine: {'line': b'-- Up-to-date: /home/yadhu/ur3e/src/install/moveit_msgs/include/moveit_msgs/moveit_msgs/srv/detail/get_motion_sequence__rosidl_typesupport_fastrtps_c.h\n'}
[1.532682] (moveit_msgs) StdoutLine: {'line': b'-- Up-to-date: /home/yadhu/ur3e/src/install/moveit_msgs/include/moveit_msgs/moveit_msgs/srv/detail/get_state_validity__rosidl_typesupport_fastrtps_c.h\n'}
[1.532711] (moveit_msgs) StdoutLine: {'line': b'-- Up-to-date: /home/yadhu/ur3e/src/install/moveit_msgs/include/moveit_msgs/moveit_msgs/srv/detail/get_planning_scene__rosidl_typesupport_fastrtps_c.h\n'}
[1.532739] (moveit_msgs) StdoutLine: {'line': b'-- Up-to-date: /home/yadhu/ur3e/src/install/moveit_msgs/include/moveit_msgs/moveit_msgs/srv/detail/load_map__rosidl_typesupport_fastrtps_c.h\n'}
[1.532769] (moveit_msgs) StdoutLine: {'line': b'-- Up-to-date: /home/yadhu/ur3e/src/install/moveit_msgs/include/moveit_msgs/moveit_msgs/srv/detail/get_motion_plan__rosidl_typesupport_fastrtps_c.h\n'}
[1.532795] (moveit_msgs) StdoutLine: {'line': b'-- Up-to-date: /home/yadhu/ur3e/src/install/moveit_msgs/include/moveit_msgs/moveit_msgs/srv/detail/save_robot_state_to_warehouse__rosidl_typesupport_fastrtps_c.h\n'}
[1.532822] (moveit_msgs) StdoutLine: {'line': b'-- Up-to-date: /home/yadhu/ur3e/src/install/moveit_msgs/include/moveit_msgs/moveit_msgs/srv/detail/list_robot_states_in_warehouse__rosidl_typesupport_fastrtps_c.h\n'}
[1.532850] (moveit_msgs) StdoutLine: {'line': b'-- Up-to-date: /home/yadhu/ur3e/src/install/moveit_msgs/include/moveit_msgs/moveit_msgs/srv/detail/get_robot_state_from_warehouse__rosidl_typesupport_fastrtps_c.h\n'}
[1.532878] (moveit_msgs) StdoutLine: {'line': b'-- Up-to-date: /home/yadhu/ur3e/src/install/moveit_msgs/include/moveit_msgs/moveit_msgs/srv/detail/save_map__rosidl_typesupport_fastrtps_c.h\n'}
[1.532905] (moveit_msgs) StdoutLine: {'line': b'-- Up-to-date: /home/yadhu/ur3e/src/install/moveit_msgs/include/moveit_msgs/moveit_msgs/srv/detail/grasp_planning__rosidl_typesupport_fastrtps_c.h\n'}
[1.532931] (moveit_msgs) StdoutLine: {'line': b'-- Up-to-date: /home/yadhu/ur3e/src/install/moveit_msgs/include/moveit_msgs/moveit_msgs/srv/detail/query_planner_interfaces__rosidl_typesupport_fastrtps_c.h\n'}
[1.532960] (moveit_msgs) StdoutLine: {'line': b'-- Up-to-date: /home/yadhu/ur3e/src/install/moveit_msgs/include/moveit_msgs/moveit_msgs/srv/detail/get_position_fk__rosidl_typesupport_fastrtps_c.h\n'}
[1.532987] (moveit_msgs) StdoutLine: {'line': b'-- Up-to-date: /home/yadhu/ur3e/src/install/moveit_msgs/include/moveit_msgs/moveit_msgs/srv/detail/rename_robot_state_in_warehouse__rosidl_typesupport_fastrtps_c.h\n'}
[1.533013] (moveit_msgs) StdoutLine: {'line': b'-- Up-to-date: /home/yadhu/ur3e/src/install/moveit_msgs/include/moveit_msgs/moveit_msgs/srv/detail/check_if_robot_state_exists_in_warehouse__rosidl_typesupport_fastrtps_c.h\n'}
[1.533040] (moveit_msgs) StdoutLine: {'line': b'-- Up-to-date: /home/yadhu/ur3e/src/install/moveit_msgs/include/moveit_msgs/moveit_msgs/srv/detail/delete_robot_state_from_warehouse__rosidl_typesupport_fastrtps_c.h\n'}
[1.533066] (moveit_msgs) StdoutLine: {'line': b'-- Up-to-date: /home/yadhu/ur3e/src/install/moveit_msgs/include/moveit_msgs/moveit_msgs/srv/detail/get_cartesian_path__rosidl_typesupport_fastrtps_c.h\n'}
[1.533092] (moveit_msgs) StdoutLine: {'line': b'-- Up-to-date: /home/yadhu/ur3e/src/install/moveit_msgs/include/moveit_msgs/moveit_msgs/srv/detail/get_planner_params__rosidl_typesupport_fastrtps_c.h\n'}
[1.533118] (moveit_msgs) StdoutLine: {'line': b'-- Up-to-date: /home/yadhu/ur3e/src/install/moveit_msgs/include/moveit_msgs/moveit_msgs/srv/detail/apply_planning_scene__rosidl_typesupport_fastrtps_c.h\n'}
[1.533145] (moveit_msgs) StdoutLine: {'line': b'-- Up-to-date: /home/yadhu/ur3e/src/install/moveit_msgs/include/moveit_msgs/moveit_msgs/srv/detail/get_position_ik__rosidl_typesupport_fastrtps_c.h\n'}
[1.533171] (moveit_msgs) StdoutLine: {'line': b'-- Up-to-date: /home/yadhu/ur3e/src/install/moveit_msgs/include/moveit_msgs/moveit_msgs/srv/detail/change_control_dimensions__rosidl_typesupport_fastrtps_c.h\n'}
[1.533197] (moveit_msgs) StdoutLine: {'line': b'-- Up-to-date: /home/yadhu/ur3e/src/install/moveit_msgs/include/moveit_msgs/moveit_msgs/srv/detail/update_pointcloud_octomap__rosidl_typesupport_fastrtps_c.h\n'}
[1.533224] (moveit_msgs) StdoutLine: {'line': b'-- Up-to-date: /home/yadhu/ur3e/src/install/moveit_msgs/include/moveit_msgs/moveit_msgs/srv/detail/set_planner_params__rosidl_typesupport_fastrtps_c.h\n'}
[1.533257] (moveit_msgs) StdoutLine: {'line': b'-- Up-to-date: /home/yadhu/ur3e/src/install/moveit_msgs/include/moveit_msgs/moveit_msgs/srv/detail/change_drift_dimensions__rosidl_typesupport_fastrtps_c.h\n'}
[1.533285] (moveit_msgs) StdoutLine: {'line': b'-- Up-to-date: /home/yadhu/ur3e/src/install/moveit_msgs/lib/libmoveit_msgs__rosidl_typesupport_fastrtps_c.so\n'}
[1.533312] (moveit_msgs) StdoutLine: {'line': b'-- Up-to-date: /home/yadhu/ur3e/src/install/moveit_msgs/include/moveit_msgs/moveit_msgs\n'}
[1.533340] (moveit_msgs) StdoutLine: {'line': b'-- Up-to-date: /home/yadhu/ur3e/src/install/moveit_msgs/include/moveit_msgs/moveit_msgs/action\n'}
[1.533366] (moveit_msgs) StdoutLine: {'line': b'-- Up-to-date: /home/yadhu/ur3e/src/install/moveit_msgs/include/moveit_msgs/moveit_msgs/action/detail\n'}
[1.533392] (moveit_msgs) StdoutLine: {'line': b'-- Up-to-date: /home/yadhu/ur3e/src/install/moveit_msgs/include/moveit_msgs/moveit_msgs/action/detail/hybrid_planner__rosidl_typesupport_introspection_c.h\n'}
[1.533418] (moveit_msgs) StdoutLine: {'line': b'-- Up-to-date: /home/yadhu/ur3e/src/install/moveit_msgs/include/moveit_msgs/moveit_msgs/action/detail/pickup__rosidl_typesupport_introspection_c.h\n'}
[1.533443] (moveit_msgs) StdoutLine: {'line': b'-- Up-to-date: /home/yadhu/ur3e/src/install/moveit_msgs/include/moveit_msgs/moveit_msgs/action/detail/local_planner__rosidl_typesupport_introspection_c.h\n'}
[1.533473] (moveit_msgs) StdoutLine: {'line': b'-- Up-to-date: /home/yadhu/ur3e/src/install/moveit_msgs/include/moveit_msgs/moveit_msgs/action/detail/place__rosidl_typesupport_introspection_c.h\n'}
[1.533498] (moveit_msgs) StdoutLine: {'line': b'-- Up-to-date: /home/yadhu/ur3e/src/install/moveit_msgs/include/moveit_msgs/moveit_msgs/action/detail/execute_trajectory__rosidl_typesupport_introspection_c.h\n'}
[1.533526] (moveit_msgs) StdoutLine: {'line': b'-- Up-to-date: /home/yadhu/ur3e/src/install/moveit_msgs/include/moveit_msgs/moveit_msgs/action/detail/place__type_support.c\n'}
[1.533550] (moveit_msgs) StdoutLine: {'line': b'-- Up-to-date: /home/yadhu/ur3e/src/install/moveit_msgs/include/moveit_msgs/moveit_msgs/action/detail/global_planner__rosidl_typesupport_introspection_c.h\n'}
[1.533576] (moveit_msgs) StdoutLine: {'line': b'-- Up-to-date: /home/yadhu/ur3e/src/install/moveit_msgs/include/moveit_msgs/moveit_msgs/action/detail/local_planner__type_support.c\n'}
[1.533602] (moveit_msgs) StdoutLine: {'line': b'-- Up-to-date: /home/yadhu/ur3e/src/install/moveit_msgs/include/moveit_msgs/moveit_msgs/action/detail/hybrid_planner__type_support.c\n'}
[1.533627] (moveit_msgs) StdoutLine: {'line': b'-- Up-to-date: /home/yadhu/ur3e/src/install/moveit_msgs/include/moveit_msgs/moveit_msgs/action/detail/move_group_sequence__rosidl_typesupport_introspection_c.h\n'}
[1.533651] (moveit_msgs) StdoutLine: {'line': b'-- Up-to-date: /home/yadhu/ur3e/src/install/moveit_msgs/include/moveit_msgs/moveit_msgs/action/detail/pickup__type_support.c\n'}
[1.533676] (moveit_msgs) StdoutLine: {'line': b'-- Up-to-date: /home/yadhu/ur3e/src/install/moveit_msgs/include/moveit_msgs/moveit_msgs/action/detail/move_group__rosidl_typesupport_introspection_c.h\n'}
[1.533702] (moveit_msgs) StdoutLine: {'line': b'-- Up-to-date: /home/yadhu/ur3e/src/install/moveit_msgs/include/moveit_msgs/moveit_msgs/action/detail/move_group_sequence__type_support.c\n'}
[1.533727] (moveit_msgs) StdoutLine: {'line': b'-- Up-to-date: /home/yadhu/ur3e/src/install/moveit_msgs/include/moveit_msgs/moveit_msgs/action/detail/move_group__type_support.c\n'}
[1.533752] (moveit_msgs) StdoutLine: {'line': b'-- Up-to-date: /home/yadhu/ur3e/src/install/moveit_msgs/include/moveit_msgs/moveit_msgs/action/detail/global_planner__type_support.c\n'}
[1.533777] (moveit_msgs) StdoutLine: {'line': b'-- Up-to-date: /home/yadhu/ur3e/src/install/moveit_msgs/include/moveit_msgs/moveit_msgs/action/detail/execute_trajectory__type_support.c\n'}
[1.533801] (moveit_msgs) StdoutLine: {'line': b'-- Up-to-date: /home/yadhu/ur3e/src/install/moveit_msgs/include/moveit_msgs/moveit_msgs/msg\n'}
[1.533828] (moveit_msgs) StdoutLine: {'line': b'-- Up-to-date: /home/yadhu/ur3e/src/install/moveit_msgs/include/moveit_msgs/moveit_msgs/msg/detail\n'}
[1.533854] (moveit_msgs) StdoutLine: {'line': b'-- Up-to-date: /home/yadhu/ur3e/src/install/moveit_msgs/include/moveit_msgs/moveit_msgs/msg/detail/workspace_parameters__type_support.c\n'}
[1.533880] (moveit_msgs) StdoutLine: {'line': b'-- Up-to-date: /home/yadhu/ur3e/src/install/moveit_msgs/include/moveit_msgs/moveit_msgs/msg/detail/motion_plan_detailed_response__type_support.c\n'}
[1.533905] (moveit_msgs) StdoutLine: {'line': b'-- Up-to-date: /home/yadhu/ur3e/src/install/moveit_msgs/include/moveit_msgs/moveit_msgs/msg/detail/motion_plan_request__type_support.c\n'}
[1.533931] (moveit_msgs) StdoutLine: {'line': b'-- Up-to-date: /home/yadhu/ur3e/src/install/moveit_msgs/include/moveit_msgs/moveit_msgs/msg/detail/position_ik_request__type_support.c\n'}
[1.533957] (moveit_msgs) StdoutLine: {'line': b'-- Up-to-date: /home/yadhu/ur3e/src/install/moveit_msgs/include/moveit_msgs/moveit_msgs/msg/detail/motion_plan_response__type_support.c\n'}
[1.533982] (moveit_msgs) StdoutLine: {'line': b'-- Up-to-date: /home/yadhu/ur3e/src/install/moveit_msgs/include/moveit_msgs/moveit_msgs/msg/detail/cartesian_trajectory__rosidl_typesupport_introspection_c.h\n'}
[1.534006] (moveit_msgs) StdoutLine: {'line': b'-- Up-to-date: /home/yadhu/ur3e/src/install/moveit_msgs/include/moveit_msgs/moveit_msgs/msg/detail/contact_information__rosidl_typesupport_introspection_c.h\n'}
[1.534031] (moveit_msgs) StdoutLine: {'line': b'-- Up-to-date: /home/yadhu/ur3e/src/install/moveit_msgs/include/moveit_msgs/moveit_msgs/msg/detail/trajectory_constraints__type_support.c\n'}
[1.534059] (moveit_msgs) StdoutLine: {'line': b'-- Up-to-date: /home/yadhu/ur3e/src/install/moveit_msgs/include/moveit_msgs/moveit_msgs/msg/detail/robot_trajectory__rosidl_typesupport_introspection_c.h\n'}
[1.534085] (moveit_msgs) StdoutLine: {'line': b'-- Up-to-date: /home/yadhu/ur3e/src/install/moveit_msgs/include/moveit_msgs/moveit_msgs/msg/detail/oriented_bounding_box__type_support.c\n'}
[1.534111] (moveit_msgs) StdoutLine: {'line': b'-- Up-to-date: /home/yadhu/ur3e/src/install/moveit_msgs/include/moveit_msgs/moveit_msgs/msg/detail/planning_options__rosidl_typesupport_introspection_c.h\n'}
[1.534136] (moveit_msgs) StdoutLine: {'line': b'-- Up-to-date: /home/yadhu/ur3e/src/install/moveit_msgs/include/moveit_msgs/moveit_msgs/msg/detail/visibility_constraint__rosidl_typesupport_introspection_c.h\n'}
[1.534161] (moveit_msgs) StdoutLine: {'line': b'-- Up-to-date: /home/yadhu/ur3e/src/install/moveit_msgs/include/moveit_msgs/moveit_msgs/msg/detail/planning_scene__rosidl_typesupport_introspection_c.h\n'}
[1.534186] (moveit_msgs) StdoutLine: {'line': b'-- Up-to-date: /home/yadhu/ur3e/src/install/moveit_msgs/include/moveit_msgs/moveit_msgs/msg/detail/oriented_bounding_box__rosidl_typesupport_introspection_c.h\n'}
[1.534212] (moveit_msgs) StdoutLine: {'line': b'-- Up-to-date: /home/yadhu/ur3e/src/install/moveit_msgs/include/moveit_msgs/moveit_msgs/msg/detail/planning_scene_components__type_support.c\n'}
[1.534242] (moveit_msgs) StdoutLine: {'line': b'-- Up-to-date: /home/yadhu/ur3e/src/install/moveit_msgs/include/moveit_msgs/moveit_msgs/msg/detail/grasp__rosidl_typesupport_introspection_c.h\n'}
[1.534269] (moveit_msgs) StdoutLine: {'line': b'-- Up-to-date: /home/yadhu/ur3e/src/install/moveit_msgs/include/moveit_msgs/moveit_msgs/msg/detail/grasp__type_support.c\n'}
[1.534297] (moveit_msgs) StdoutLine: {'line': b'-- Up-to-date: /home/yadhu/ur3e/src/install/moveit_msgs/include/moveit_msgs/moveit_msgs/msg/detail/planning_options__type_support.c\n'}
[1.534324] (moveit_msgs) StdoutLine: {'line': b'-- Up-to-date: /home/yadhu/ur3e/src/install/moveit_msgs/include/moveit_msgs/moveit_msgs/msg/detail/motion_plan_detailed_response__rosidl_typesupport_introspection_c.h\n'}
[1.534351] (moveit_msgs) StdoutLine: {'line': b'-- Up-to-date: /home/yadhu/ur3e/src/install/moveit_msgs/include/moveit_msgs/moveit_msgs/msg/detail/link_padding__type_support.c\n'}
[1.534379] (moveit_msgs) StdoutLine: {'line': b'-- Up-to-date: /home/yadhu/ur3e/src/install/moveit_msgs/include/moveit_msgs/moveit_msgs/msg/detail/robot_state__type_support.c\n'}
[1.534407] (moveit_msgs) StdoutLine: {'line': b'-- Up-to-date: /home/yadhu/ur3e/src/install/moveit_msgs/include/moveit_msgs/moveit_msgs/msg/detail/cartesian_point__type_support.c\n'}
[1.534434] (moveit_msgs) StdoutLine: {'line': b'-- Up-to-date: /home/yadhu/ur3e/src/install/moveit_msgs/include/moveit_msgs/moveit_msgs/msg/detail/place_location__rosidl_typesupport_introspection_c.h\n'}
[1.534461] (moveit_msgs) StdoutLine: {'line': b'-- Up-to-date: /home/yadhu/ur3e/src/install/moveit_msgs/include/moveit_msgs/moveit_msgs/msg/detail/object_color__type_support.c\n'}
[1.534488] (moveit_msgs) StdoutLine: {'line': b'-- Up-to-date: /home/yadhu/ur3e/src/install/moveit_msgs/include/moveit_msgs/moveit_msgs/msg/detail/planner_params__type_support.c\n'}
[1.534514] (moveit_msgs) StdoutLine: {'line': b'-- Up-to-date: /home/yadhu/ur3e/src/install/moveit_msgs/include/moveit_msgs/moveit_msgs/msg/detail/allowed_collision_entry__rosidl_typesupport_introspection_c.h\n'}
[1.534539] (moveit_msgs) StdoutLine: {'line': b'-- Up-to-date: /home/yadhu/ur3e/src/install/moveit_msgs/include/moveit_msgs/moveit_msgs/msg/detail/gripper_translation__rosidl_typesupport_introspection_c.h\n'}
[1.534564] (moveit_msgs) StdoutLine: {'line': b'-- Up-to-date: /home/yadhu/ur3e/src/install/moveit_msgs/include/moveit_msgs/moveit_msgs/msg/detail/allowed_collision_entry__type_support.c\n'}
[1.534588] (moveit_msgs) StdoutLine: {'line': b'-- Up-to-date: /home/yadhu/ur3e/src/install/moveit_msgs/include/moveit_msgs/moveit_msgs/msg/detail/planning_scene_world__rosidl_typesupport_introspection_c.h\n'}
[1.534613] (moveit_msgs) StdoutLine: {'line': b'-- Up-to-date: /home/yadhu/ur3e/src/install/moveit_msgs/include/moveit_msgs/moveit_msgs/msg/detail/move_it_error_codes__type_support.c\n'}
[1.534637] (moveit_msgs) StdoutLine: {'line': b'-- Up-to-date: /home/yadhu/ur3e/src/install/moveit_msgs/include/moveit_msgs/moveit_msgs/msg/detail/bounding_volume__rosidl_typesupport_introspection_c.h\n'}
[1.534662] (moveit_msgs) StdoutLine: {'line': b'-- Up-to-date: /home/yadhu/ur3e/src/install/moveit_msgs/include/moveit_msgs/moveit_msgs/msg/detail/link_scale__type_support.c\n'}
[1.534686] (moveit_msgs) StdoutLine: {'line': b'-- Up-to-date: /home/yadhu/ur3e/src/install/moveit_msgs/include/moveit_msgs/moveit_msgs/msg/detail/constraints__rosidl_typesupport_introspection_c.h\n'}
[1.534711] (moveit_msgs) StdoutLine: {'line': b'-- Up-to-date: /home/yadhu/ur3e/src/install/moveit_msgs/include/moveit_msgs/moveit_msgs/msg/detail/move_it_error_codes__rosidl_typesupport_introspection_c.h\n'}
[1.534736] (moveit_msgs) StdoutLine: {'line': b'-- Up-to-date: /home/yadhu/ur3e/src/install/moveit_msgs/include/moveit_msgs/moveit_msgs/msg/detail/cost_source__rosidl_typesupport_introspection_c.h\n'}
[1.534762] (moveit_msgs) StdoutLine: {'line': b'-- Up-to-date: /home/yadhu/ur3e/src/install/moveit_msgs/include/moveit_msgs/moveit_msgs/msg/detail/display_robot_state__rosidl_typesupport_introspection_c.h\n'}
[1.534788] (moveit_msgs) StdoutLine: {'line': b'-- Up-to-date: /home/yadhu/ur3e/src/install/moveit_msgs/include/moveit_msgs/moveit_msgs/msg/detail/gripper_translation__type_support.c\n'}
[1.534813] (moveit_msgs) StdoutLine: {'line': b'-- Up-to-date: /home/yadhu/ur3e/src/install/moveit_msgs/include/moveit_msgs/moveit_msgs/msg/detail/motion_sequence_request__type_support.c\n'}
[1.534838] (moveit_msgs) StdoutLine: {'line': b'-- Up-to-date: /home/yadhu/ur3e/src/install/moveit_msgs/include/moveit_msgs/moveit_msgs/msg/detail/planner_interface_description__type_support.c\n'}
[1.534864] (moveit_msgs) StdoutLine: {'line': b'-- Up-to-date: /home/yadhu/ur3e/src/install/moveit_msgs/include/moveit_msgs/moveit_msgs/msg/detail/orientation_constraint__rosidl_typesupport_introspection_c.h\n'}
[1.534888] (moveit_msgs) StdoutLine: {'line': b'-- Up-to-date: /home/yadhu/ur3e/src/install/moveit_msgs/include/moveit_msgs/moveit_msgs/msg/detail/motion_sequence_item__type_support.c\n'}
[1.534914] (moveit_msgs) StdoutLine: {'line': b'-- Up-to-date: /home/yadhu/ur3e/src/install/moveit_msgs/include/moveit_msgs/moveit_msgs/msg/detail/constraints__type_support.c\n'}
[1.534940] (moveit_msgs) StdoutLine: {'line': b'-- Up-to-date: /home/yadhu/ur3e/src/install/moveit_msgs/include/moveit_msgs/moveit_msgs/msg/detail/cartesian_trajectory__type_support.c\n'}
[1.534965] (moveit_msgs) StdoutLine: {'line': b'-- Up-to-date: /home/yadhu/ur3e/src/install/moveit_msgs/include/moveit_msgs/moveit_msgs/msg/detail/position_constraint__rosidl_typesupport_introspection_c.h\n'}
[1.534990] (moveit_msgs) StdoutLine: {'line': b'-- Up-to-date: /home/yadhu/ur3e/src/install/moveit_msgs/include/moveit_msgs/moveit_msgs/msg/detail/link_scale__rosidl_typesupport_introspection_c.h\n'}
[1.535017] (moveit_msgs) StdoutLine: {'line': b'-- Up-to-date: /home/yadhu/ur3e/src/install/moveit_msgs/include/moveit_msgs/moveit_msgs/msg/detail/robot_state__rosidl_typesupport_introspection_c.h\n'}
[1.535042] (moveit_msgs) StdoutLine: {'line': b'-- Up-to-date: /home/yadhu/ur3e/src/install/moveit_msgs/include/moveit_msgs/moveit_msgs/msg/detail/trajectory_constraints__rosidl_typesupport_introspection_c.h\n'}
[1.535067] (moveit_msgs) StdoutLine: {'line': b'-- Up-to-date: /home/yadhu/ur3e/src/install/moveit_msgs/include/moveit_msgs/moveit_msgs/msg/detail/orientation_constraint__type_support.c\n'}
[1.535092] (moveit_msgs) StdoutLine: {'line': b'-- Up-to-date: /home/yadhu/ur3e/src/install/moveit_msgs/include/moveit_msgs/moveit_msgs/msg/detail/cartesian_trajectory_point__type_support.c\n'}
[1.535116] (moveit_msgs) StdoutLine: {'line': b'-- Up-to-date: /home/yadhu/ur3e/src/install/moveit_msgs/include/moveit_msgs/moveit_msgs/msg/detail/robot_trajectory__type_support.c\n'}
[1.535141] (moveit_msgs) StdoutLine: {'line': b'-- Up-to-date: /home/yadhu/ur3e/src/install/moveit_msgs/include/moveit_msgs/moveit_msgs/msg/detail/allowed_collision_matrix__rosidl_typesupport_introspection_c.h\n'}
[1.535166] (moveit_msgs) StdoutLine: {'line': b'-- Up-to-date: /home/yadhu/ur3e/src/install/moveit_msgs/include/moveit_msgs/moveit_msgs/msg/detail/constraint_eval_result__rosidl_typesupport_introspection_c.h\n'}
[1.535191] (moveit_msgs) StdoutLine: {'line': b'-- Up-to-date: /home/yadhu/ur3e/src/install/moveit_msgs/include/moveit_msgs/moveit_msgs/msg/detail/joint_limits__type_support.c\n'}
[1.535216] (moveit_msgs) StdoutLine: {'line': b'-- Up-to-date: /home/yadhu/ur3e/src/install/moveit_msgs/include/moveit_msgs/moveit_msgs/msg/detail/position_ik_request__rosidl_typesupport_introspection_c.h\n'}
[1.535244] (moveit_msgs) StdoutLine: {'line': b'-- Up-to-date: /home/yadhu/ur3e/src/install/moveit_msgs/include/moveit_msgs/moveit_msgs/msg/detail/cartesian_point__rosidl_typesupport_introspection_c.h\n'}
[1.535270] (moveit_msgs) StdoutLine: {'line': b'-- Up-to-date: /home/yadhu/ur3e/src/install/moveit_msgs/include/moveit_msgs/moveit_msgs/msg/detail/motion_sequence_response__type_support.c\n'}
[1.535294] (moveit_msgs) StdoutLine: {'line': b'-- Up-to-date: /home/yadhu/ur3e/src/install/moveit_msgs/include/moveit_msgs/moveit_msgs/msg/detail/display_robot_state__type_support.c\n'}
[1.535319] (moveit_msgs) StdoutLine: {'line': b'-- Up-to-date: /home/yadhu/ur3e/src/install/moveit_msgs/include/moveit_msgs/moveit_msgs/msg/detail/planning_scene_components__rosidl_typesupport_introspection_c.h\n'}
[1.535343] (moveit_msgs) StdoutLine: {'line': b'-- Up-to-date: /home/yadhu/ur3e/src/install/moveit_msgs/include/moveit_msgs/moveit_msgs/msg/detail/bounding_volume__type_support.c\n'}
[1.535368] (moveit_msgs) StdoutLine: {'line': b'-- Up-to-date: /home/yadhu/ur3e/src/install/moveit_msgs/include/moveit_msgs/moveit_msgs/msg/detail/planner_interface_description__rosidl_typesupport_introspection_c.h\n'}
[1.535393] (moveit_msgs) StdoutLine: {'line': b'-- Up-to-date: /home/yadhu/ur3e/src/install/moveit_msgs/include/moveit_msgs/moveit_msgs/msg/detail/motion_sequence_request__rosidl_typesupport_introspection_c.h\n'}
[1.535420] (moveit_msgs) StdoutLine: {'line': b'-- Up-to-date: /home/yadhu/ur3e/src/install/moveit_msgs/include/moveit_msgs/moveit_msgs/msg/detail/display_trajectory__rosidl_typesupport_introspection_c.h\n'}
[1.535445] (moveit_msgs) StdoutLine: {'line': b'-- Up-to-date: /home/yadhu/ur3e/src/install/moveit_msgs/include/moveit_msgs/moveit_msgs/msg/detail/display_trajectory__type_support.c\n'}
[1.535470] (moveit_msgs) StdoutLine: {'line': b'-- Up-to-date: /home/yadhu/ur3e/src/install/moveit_msgs/include/moveit_msgs/moveit_msgs/msg/detail/link_padding__rosidl_typesupport_introspection_c.h\n'}
[1.535495] (moveit_msgs) StdoutLine: {'line': b'-- Up-to-date: /home/yadhu/ur3e/src/install/moveit_msgs/include/moveit_msgs/moveit_msgs/msg/detail/motion_plan_response__rosidl_typesupport_introspection_c.h\n'}
[1.535521] (moveit_msgs) StdoutLine: {'line': b'-- Up-to-date: /home/yadhu/ur3e/src/install/moveit_msgs/include/moveit_msgs/moveit_msgs/msg/detail/motion_sequence_item__rosidl_typesupport_introspection_c.h\n'}
[1.535546] (moveit_msgs) StdoutLine: {'line': b'-- Up-to-date: /home/yadhu/ur3e/src/install/moveit_msgs/include/moveit_msgs/moveit_msgs/msg/detail/planning_scene_world__type_support.c\n'}
[1.535571] (moveit_msgs) StdoutLine: {'line': b'-- Up-to-date: /home/yadhu/ur3e/src/install/moveit_msgs/include/moveit_msgs/moveit_msgs/msg/detail/contact_information__type_support.c\n'}
[1.535597] (moveit_msgs) StdoutLine: {'line': b'-- Up-to-date: /home/yadhu/ur3e/src/install/moveit_msgs/include/moveit_msgs/moveit_msgs/msg/detail/object_color__rosidl_typesupport_introspection_c.h\n'}
[1.535622] (moveit_msgs) StdoutLine: {'line': b'-- Up-to-date: /home/yadhu/ur3e/src/install/moveit_msgs/include/moveit_msgs/moveit_msgs/msg/detail/collision_object__rosidl_typesupport_introspection_c.h\n'}
[1.535646] (moveit_msgs) StdoutLine: {'line': b'-- Up-to-date: /home/yadhu/ur3e/src/install/moveit_msgs/include/moveit_msgs/moveit_msgs/msg/detail/visibility_constraint__type_support.c\n'}
[1.535671] (moveit_msgs) StdoutLine: {'line': b'-- Up-to-date: /home/yadhu/ur3e/src/install/moveit_msgs/include/moveit_msgs/moveit_msgs/msg/detail/attached_collision_object__rosidl_typesupport_introspection_c.h\n'}
[1.535697] (moveit_msgs) StdoutLine: {'line': b'-- Up-to-date: /home/yadhu/ur3e/src/install/moveit_msgs/include/moveit_msgs/moveit_msgs/msg/detail/workspace_parameters__rosidl_typesupport_introspection_c.h\n'}
[1.535724] (moveit_msgs) StdoutLine: {'line': b'-- Up-to-date: /home/yadhu/ur3e/src/install/moveit_msgs/include/moveit_msgs/moveit_msgs/msg/detail/cost_source__type_support.c\n'}
[1.535748] (moveit_msgs) StdoutLine: {'line': b'-- Up-to-date: /home/yadhu/ur3e/src/install/moveit_msgs/include/moveit_msgs/moveit_msgs/msg/detail/motion_plan_request__rosidl_typesupport_introspection_c.h\n'}
[1.535773] (moveit_msgs) StdoutLine: {'line': b'-- Up-to-date: /home/yadhu/ur3e/src/install/moveit_msgs/include/moveit_msgs/moveit_msgs/msg/detail/generic_trajectory__rosidl_typesupport_introspection_c.h\n'}
[1.535798] (moveit_msgs) StdoutLine: {'line': b'-- Up-to-date: /home/yadhu/ur3e/src/install/moveit_msgs/include/moveit_msgs/moveit_msgs/msg/detail/motion_sequence_response__rosidl_typesupport_introspection_c.h\n'}
[1.535823] (moveit_msgs) StdoutLine: {'line': b'-- Up-to-date: /home/yadhu/ur3e/src/install/moveit_msgs/include/moveit_msgs/moveit_msgs/msg/detail/joint_constraint__rosidl_typesupport_introspection_c.h\n'}
[1.535847] (moveit_msgs) StdoutLine: {'line': b'-- Up-to-date: /home/yadhu/ur3e/src/install/moveit_msgs/include/moveit_msgs/moveit_msgs/msg/detail/kinematic_solver_info__rosidl_typesupport_introspection_c.h\n'}
[1.535872] (moveit_msgs) StdoutLine: {'line': b'-- Up-to-date: /home/yadhu/ur3e/src/install/moveit_msgs/include/moveit_msgs/moveit_msgs/msg/detail/kinematic_solver_info__type_support.c\n'}
[1.535898] (moveit_msgs) StdoutLine: {'line': b'-- Up-to-date: /home/yadhu/ur3e/src/install/moveit_msgs/include/moveit_msgs/moveit_msgs/msg/detail/position_constraint__type_support.c\n'}
[1.535924] (moveit_msgs) StdoutLine: {'line': b'-- Up-to-date: /home/yadhu/ur3e/src/install/moveit_msgs/include/moveit_msgs/moveit_msgs/msg/detail/generic_trajectory__type_support.c\n'}
[1.535950] (moveit_msgs) StdoutLine: {'line': b'-- Up-to-date: /home/yadhu/ur3e/src/install/moveit_msgs/include/moveit_msgs/moveit_msgs/msg/detail/collision_object__type_support.c\n'}
[1.535975] (moveit_msgs) StdoutLine: {'line': b'-- Up-to-date: /home/yadhu/ur3e/src/install/moveit_msgs/include/moveit_msgs/moveit_msgs/msg/detail/allowed_collision_matrix__type_support.c\n'}
[1.536000] (moveit_msgs) StdoutLine: {'line': b'-- Up-to-date: /home/yadhu/ur3e/src/install/moveit_msgs/include/moveit_msgs/moveit_msgs/msg/detail/planning_scene__type_support.c\n'}
[1.536025] (moveit_msgs) StdoutLine: {'line': b'-- Up-to-date: /home/yadhu/ur3e/src/install/moveit_msgs/include/moveit_msgs/moveit_msgs/msg/detail/constraint_eval_result__type_support.c\n'}
[1.536050] (moveit_msgs) StdoutLine: {'line': b'-- Up-to-date: /home/yadhu/ur3e/src/install/moveit_msgs/include/moveit_msgs/moveit_msgs/msg/detail/attached_collision_object__type_support.c\n'}
[1.536074] (moveit_msgs) StdoutLine: {'line': b'-- Up-to-date: /home/yadhu/ur3e/src/install/moveit_msgs/include/moveit_msgs/moveit_msgs/msg/detail/cartesian_trajectory_point__rosidl_typesupport_introspection_c.h\n'}
[1.536101] (moveit_msgs) StdoutLine: {'line': b'-- Up-to-date: /home/yadhu/ur3e/src/install/moveit_msgs/include/moveit_msgs/moveit_msgs/msg/detail/place_location__type_support.c\n'}
[1.536126] (moveit_msgs) StdoutLine: {'line': b'-- Up-to-date: /home/yadhu/ur3e/src/install/moveit_msgs/include/moveit_msgs/moveit_msgs/msg/detail/joint_constraint__type_support.c\n'}
[1.536150] (moveit_msgs) StdoutLine: {'line': b'-- Up-to-date: /home/yadhu/ur3e/src/install/moveit_msgs/include/moveit_msgs/moveit_msgs/msg/detail/joint_limits__rosidl_typesupport_introspection_c.h\n'}
[1.536175] (moveit_msgs) StdoutLine: {'line': b'-- Up-to-date: /home/yadhu/ur3e/src/install/moveit_msgs/include/moveit_msgs/moveit_msgs/msg/detail/planner_params__rosidl_typesupport_introspection_c.h\n'}
[1.536200] (moveit_msgs) StdoutLine: {'line': b'-- Up-to-date: /home/yadhu/ur3e/src/install/moveit_msgs/include/moveit_msgs/moveit_msgs/msg/rosidl_typesupport_introspection_c__visibility_control.h\n'}
[1.536225] (moveit_msgs) StdoutLine: {'line': b'-- Up-to-date: /home/yadhu/ur3e/src/install/moveit_msgs/include/moveit_msgs/moveit_msgs/srv\n'}
[1.536257] (moveit_msgs) StdoutLine: {'line': b'-- Up-to-date: /home/yadhu/ur3e/src/install/moveit_msgs/include/moveit_msgs/moveit_msgs/srv/detail\n'}
[1.536283] (moveit_msgs) StdoutLine: {'line': b'-- Up-to-date: /home/yadhu/ur3e/src/install/moveit_msgs/include/moveit_msgs/moveit_msgs/srv/detail/check_if_robot_state_exists_in_warehouse__type_support.c\n'}
[1.536307] (moveit_msgs) StdoutLine: {'line': b'-- Up-to-date: /home/yadhu/ur3e/src/install/moveit_msgs/include/moveit_msgs/moveit_msgs/srv/detail/get_planning_scene__type_support.c\n'}
[1.536333] (moveit_msgs) StdoutLine: {'line': b'-- Up-to-date: /home/yadhu/ur3e/src/install/moveit_msgs/include/moveit_msgs/moveit_msgs/srv/detail/query_planner_interfaces__type_support.c\n'}
[1.536357] (moveit_msgs) StdoutLine: {'line': b'-- Up-to-date: /home/yadhu/ur3e/src/install/moveit_msgs/include/moveit_msgs/moveit_msgs/srv/detail/set_planner_params__type_support.c\n'}
[1.536383] (moveit_msgs) StdoutLine: {'line': b'-- Up-to-date: /home/yadhu/ur3e/src/install/moveit_msgs/include/moveit_msgs/moveit_msgs/srv/detail/load_map__type_support.c\n'}
[1.536409] (moveit_msgs) StdoutLine: {'line': b'-- Up-to-date: /home/yadhu/ur3e/src/install/moveit_msgs/include/moveit_msgs/moveit_msgs/srv/detail/change_drift_dimensions__rosidl_typesupport_introspection_c.h\n'}
[1.536434] (moveit_msgs) StdoutLine: {'line': b'-- Up-to-date: /home/yadhu/ur3e/src/install/moveit_msgs/include/moveit_msgs/moveit_msgs/srv/detail/get_planner_params__type_support.c\n'}
[1.536463] (moveit_msgs) StdoutLine: {'line': b'-- Up-to-date: /home/yadhu/ur3e/src/install/moveit_msgs/include/moveit_msgs/moveit_msgs/srv/detail/get_planner_params__rosidl_typesupport_introspection_c.h\n'}
[1.536490] (moveit_msgs) StdoutLine: {'line': b'-- Up-to-date: /home/yadhu/ur3e/src/install/moveit_msgs/include/moveit_msgs/moveit_msgs/srv/detail/grasp_planning__type_support.c\n'}
[1.536516] (moveit_msgs) StdoutLine: {'line': b'-- Up-to-date: /home/yadhu/ur3e/src/install/moveit_msgs/include/moveit_msgs/moveit_msgs/srv/detail/get_motion_sequence__rosidl_typesupport_introspection_c.h\n'}
[1.536542] (moveit_msgs) StdoutLine: {'line': b'-- Up-to-date: /home/yadhu/ur3e/src/install/moveit_msgs/include/moveit_msgs/moveit_msgs/srv/detail/save_map__rosidl_typesupport_introspection_c.h\n'}
[1.536567] (moveit_msgs) StdoutLine: {'line': b'-- Up-to-date: /home/yadhu/ur3e/src/install/moveit_msgs/include/moveit_msgs/moveit_msgs/srv/detail/list_robot_states_in_warehouse__rosidl_typesupport_introspection_c.h\n'}
[1.536593] (moveit_msgs) StdoutLine: {'line': b'-- Up-to-date: /home/yadhu/ur3e/src/install/moveit_msgs/include/moveit_msgs/moveit_msgs/srv/detail/get_position_ik__rosidl_typesupport_introspection_c.h\n'}
[1.536618] (moveit_msgs) StdoutLine: {'line': b'-- Up-to-date: /home/yadhu/ur3e/src/install/moveit_msgs/include/moveit_msgs/moveit_msgs/srv/detail/get_motion_plan__rosidl_typesupport_introspection_c.h\n'}
[1.536643] (moveit_msgs) StdoutLine: {'line': b'-- Up-to-date: /home/yadhu/ur3e/src/install/moveit_msgs/include/moveit_msgs/moveit_msgs/srv/detail/get_position_fk__rosidl_typesupport_introspection_c.h\n'}
[1.536668] (moveit_msgs) StdoutLine: {'line': b'-- Up-to-date: /home/yadhu/ur3e/src/install/moveit_msgs/include/moveit_msgs/moveit_msgs/srv/detail/get_motion_plan__type_support.c\n'}
[1.536692] (moveit_msgs) StdoutLine: {'line': b'-- Up-to-date: /home/yadhu/ur3e/src/install/moveit_msgs/include/moveit_msgs/moveit_msgs/srv/detail/list_robot_states_in_warehouse__type_support.c\n'}
[1.536717] (moveit_msgs) StdoutLine: {'line': b'-- Up-to-date: /home/yadhu/ur3e/src/install/moveit_msgs/include/moveit_msgs/moveit_msgs/srv/detail/load_map__rosidl_typesupport_introspection_c.h\n'}
[1.536742] (moveit_msgs) StdoutLine: {'line': b'-- Up-to-date: /home/yadhu/ur3e/src/install/moveit_msgs/include/moveit_msgs/moveit_msgs/srv/detail/get_cartesian_path__rosidl_typesupport_introspection_c.h\n'}
[1.536766] (moveit_msgs) StdoutLine: {'line': b'-- Up-to-date: /home/yadhu/ur3e/src/install/moveit_msgs/include/moveit_msgs/moveit_msgs/srv/detail/update_pointcloud_octomap__type_support.c\n'}
[1.536792] (moveit_msgs) StdoutLine: {'line': b'-- Up-to-date: /home/yadhu/ur3e/src/install/moveit_msgs/include/moveit_msgs/moveit_msgs/srv/detail/query_planner_interfaces__rosidl_typesupport_introspection_c.h\n'}
[1.536817] (moveit_msgs) StdoutLine: {'line': b'-- Up-to-date: /home/yadhu/ur3e/src/install/moveit_msgs/include/moveit_msgs/moveit_msgs/srv/detail/get_motion_sequence__type_support.c\n'}
[1.536841] (moveit_msgs) StdoutLine: {'line': b'-- Up-to-date: /home/yadhu/ur3e/src/install/moveit_msgs/include/moveit_msgs/moveit_msgs/srv/detail/rename_robot_state_in_warehouse__rosidl_typesupport_introspection_c.h\n'}
[1.536866] (moveit_msgs) StdoutLine: {'line': b'-- Up-to-date: /home/yadhu/ur3e/src/install/moveit_msgs/include/moveit_msgs/moveit_msgs/srv/detail/delete_robot_state_from_warehouse__rosidl_typesupport_introspection_c.h\n'}
[1.536891] (moveit_msgs) StdoutLine: {'line': b'-- Up-to-date: /home/yadhu/ur3e/src/install/moveit_msgs/include/moveit_msgs/moveit_msgs/srv/detail/delete_robot_state_from_warehouse__type_support.c\n'}
[1.536917] (moveit_msgs) StdoutLine: {'line': b'-- Up-to-date: /home/yadhu/ur3e/src/install/moveit_msgs/include/moveit_msgs/moveit_msgs/srv/detail/set_planner_params__rosidl_typesupport_introspection_c.h\n'}
[1.536942] (moveit_msgs) StdoutLine: {'line': b'-- Up-to-date: /home/yadhu/ur3e/src/install/moveit_msgs/include/moveit_msgs/moveit_msgs/srv/detail/update_pointcloud_octomap__rosidl_typesupport_introspection_c.h\n'}
[1.536967] (moveit_msgs) StdoutLine: {'line': b'-- Up-to-date: /home/yadhu/ur3e/src/install/moveit_msgs/include/moveit_msgs/moveit_msgs/srv/detail/save_map__type_support.c\n'}
[1.536992] (moveit_msgs) StdoutLine: {'line': b'-- Up-to-date: /home/yadhu/ur3e/src/install/moveit_msgs/include/moveit_msgs/moveit_msgs/srv/detail/get_state_validity__type_support.c\n'}
[1.537018] (moveit_msgs) StdoutLine: {'line': b'-- Up-to-date: /home/yadhu/ur3e/src/install/moveit_msgs/include/moveit_msgs/moveit_msgs/srv/detail/check_if_robot_state_exists_in_warehouse__rosidl_typesupport_introspection_c.h\n'}
[1.537044] (moveit_msgs) StdoutLine: {'line': b'-- Up-to-date: /home/yadhu/ur3e/src/install/moveit_msgs/include/moveit_msgs/moveit_msgs/srv/detail/get_cartesian_path__type_support.c\n'}
[1.537071] (moveit_msgs) StdoutLine: {'line': b'-- Up-to-date: /home/yadhu/ur3e/src/install/moveit_msgs/include/moveit_msgs/moveit_msgs/srv/detail/save_robot_state_to_warehouse__type_support.c\n'}
[1.537096] (moveit_msgs) StdoutLine: {'line': b'-- Up-to-date: /home/yadhu/ur3e/src/install/moveit_msgs/include/moveit_msgs/moveit_msgs/srv/detail/get_position_ik__type_support.c\n'}
[1.537119] (moveit_msgs) StdoutLine: {'line': b'-- Up-to-date: /home/yadhu/ur3e/src/install/moveit_msgs/include/moveit_msgs/moveit_msgs/srv/detail/apply_planning_scene__rosidl_typesupport_introspection_c.h\n'}
[1.537146] (moveit_msgs) StdoutLine: {'line': b'-- Up-to-date: /home/yadhu/ur3e/src/install/moveit_msgs/include/moveit_msgs/moveit_msgs/srv/detail/apply_planning_scene__type_support.c\n'}
[1.537172] (moveit_msgs) StdoutLine: {'line': b'-- Up-to-date: /home/yadhu/ur3e/src/install/moveit_msgs/include/moveit_msgs/moveit_msgs/srv/detail/get_planning_scene__rosidl_typesupport_introspection_c.h\n'}
[1.537197] (moveit_msgs) StdoutLine: {'line': b'-- Up-to-date: /home/yadhu/ur3e/src/install/moveit_msgs/include/moveit_msgs/moveit_msgs/srv/detail/change_drift_dimensions__type_support.c\n'}
[1.537223] (moveit_msgs) StdoutLine: {'line': b'-- Up-to-date: /home/yadhu/ur3e/src/install/moveit_msgs/include/moveit_msgs/moveit_msgs/srv/detail/get_robot_state_from_warehouse__type_support.c\n'}
[1.537253] (moveit_msgs) StdoutLine: {'line': b'-- Up-to-date: /home/yadhu/ur3e/src/install/moveit_msgs/include/moveit_msgs/moveit_msgs/srv/detail/get_state_validity__rosidl_typesupport_introspection_c.h\n'}
[1.537280] (moveit_msgs) StdoutLine: {'line': b'-- Up-to-date: /home/yadhu/ur3e/src/install/moveit_msgs/include/moveit_msgs/moveit_msgs/srv/detail/get_position_fk__type_support.c\n'}
[1.537305] (moveit_msgs) StdoutLine: {'line': b'-- Up-to-date: /home/yadhu/ur3e/src/install/moveit_msgs/include/moveit_msgs/moveit_msgs/srv/detail/grasp_planning__rosidl_typesupport_introspection_c.h\n'}
[1.537331] (moveit_msgs) StdoutLine: {'line': b'-- Up-to-date: /home/yadhu/ur3e/src/install/moveit_msgs/include/moveit_msgs/moveit_msgs/srv/detail/save_robot_state_to_warehouse__rosidl_typesupport_introspection_c.h\n'}
[1.537355] (moveit_msgs) StdoutLine: {'line': b'-- Up-to-date: /home/yadhu/ur3e/src/install/moveit_msgs/include/moveit_msgs/moveit_msgs/srv/detail/get_robot_state_from_warehouse__rosidl_typesupport_introspection_c.h\n'}
[1.537379] (moveit_msgs) StdoutLine: {'line': b'-- Up-to-date: /home/yadhu/ur3e/src/install/moveit_msgs/include/moveit_msgs/moveit_msgs/srv/detail/rename_robot_state_in_warehouse__type_support.c\n'}
[1.537403] (moveit_msgs) StdoutLine: {'line': b'-- Up-to-date: /home/yadhu/ur3e/src/install/moveit_msgs/include/moveit_msgs/moveit_msgs/srv/detail/change_control_dimensions__rosidl_typesupport_introspection_c.h\n'}
[1.537429] (moveit_msgs) StdoutLine: {'line': b'-- Up-to-date: /home/yadhu/ur3e/src/install/moveit_msgs/include/moveit_msgs/moveit_msgs/srv/detail/change_control_dimensions__type_support.c\n'}
[1.537453] (moveit_msgs) StdoutLine: {'line': b'-- Up-to-date: /home/yadhu/ur3e/src/install/moveit_msgs/lib/libmoveit_msgs__rosidl_typesupport_introspection_c.so\n'}
[1.537478] (moveit_msgs) StdoutLine: {'line': b'-- Up-to-date: /home/yadhu/ur3e/src/install/moveit_msgs/lib/libmoveit_msgs__rosidl_typesupport_c.so\n'}
[1.537502] (moveit_msgs) StdoutLine: {'line': b'-- Up-to-date: /home/yadhu/ur3e/src/install/moveit_msgs/include/moveit_msgs/moveit_msgs\n'}
[1.537527] (moveit_msgs) StdoutLine: {'line': b'-- Up-to-date: /home/yadhu/ur3e/src/install/moveit_msgs/include/moveit_msgs/moveit_msgs/action\n'}
[1.537553] (moveit_msgs) StdoutLine: {'line': b'-- Up-to-date: /home/yadhu/ur3e/src/install/moveit_msgs/include/moveit_msgs/moveit_msgs/action/local_planner.hpp\n'}
[1.537577] (moveit_msgs) StdoutLine: {'line': b'-- Up-to-date: /home/yadhu/ur3e/src/install/moveit_msgs/include/moveit_msgs/moveit_msgs/action/place.hpp\n'}
[1.537602] (moveit_msgs) StdoutLine: {'line': b'-- Up-to-date: /home/yadhu/ur3e/src/install/moveit_msgs/include/moveit_msgs/moveit_msgs/action/detail\n'}
[1.537625] (moveit_msgs) StdoutLine: {'line': b'-- Up-to-date: /home/yadhu/ur3e/src/install/moveit_msgs/include/moveit_msgs/moveit_msgs/action/detail/local_planner__struct.hpp\n'}
[1.537650] (moveit_msgs) StdoutLine: {'line': b'-- Up-to-date: /home/yadhu/ur3e/src/install/moveit_msgs/include/moveit_msgs/moveit_msgs/action/detail/global_planner__builder.hpp\n'}
[1.537674] (moveit_msgs) StdoutLine: {'line': b'-- Up-to-date: /home/yadhu/ur3e/src/install/moveit_msgs/include/moveit_msgs/moveit_msgs/action/detail/place__struct.hpp\n'}
[1.537698] (moveit_msgs) StdoutLine: {'line': b'-- Up-to-date: /home/yadhu/ur3e/src/install/moveit_msgs/include/moveit_msgs/moveit_msgs/action/detail/global_planner__struct.hpp\n'}
[1.537722] (moveit_msgs) StdoutLine: {'line': b'-- Up-to-date: /home/yadhu/ur3e/src/install/moveit_msgs/include/moveit_msgs/moveit_msgs/action/detail/move_group__struct.hpp\n'}
[1.537747] (moveit_msgs) StdoutLine: {'line': b'-- Up-to-date: /home/yadhu/ur3e/src/install/moveit_msgs/include/moveit_msgs/moveit_msgs/action/detail/move_group__builder.hpp\n'}
[1.537772] (moveit_msgs) StdoutLine: {'line': b'-- Up-to-date: /home/yadhu/ur3e/src/install/moveit_msgs/include/moveit_msgs/moveit_msgs/action/detail/move_group_sequence__builder.hpp\n'}
[1.537795] (moveit_msgs) StdoutLine: {'line': b'-- Up-to-date: /home/yadhu/ur3e/src/install/moveit_msgs/include/moveit_msgs/moveit_msgs/action/detail/pickup__struct.hpp\n'}
[1.537820] (moveit_msgs) StdoutLine: {'line': b'-- Up-to-date: /home/yadhu/ur3e/src/install/moveit_msgs/include/moveit_msgs/moveit_msgs/action/detail/place__builder.hpp\n'}
[1.537844] (moveit_msgs) StdoutLine: {'line': b'-- Up-to-date: /home/yadhu/ur3e/src/install/moveit_msgs/include/moveit_msgs/moveit_msgs/action/detail/place__traits.hpp\n'}
[1.537868] (moveit_msgs) StdoutLine: {'line': b'-- Up-to-date: /home/yadhu/ur3e/src/install/moveit_msgs/include/moveit_msgs/moveit_msgs/action/detail/move_group_sequence__struct.hpp\n'}
[1.537892] (moveit_msgs) StdoutLine: {'line': b'-- Up-to-date: /home/yadhu/ur3e/src/install/moveit_msgs/include/moveit_msgs/moveit_msgs/action/detail/execute_trajectory__builder.hpp\n'}
[1.537917] (moveit_msgs) StdoutLine: {'line': b'-- Up-to-date: /home/yadhu/ur3e/src/install/moveit_msgs/include/moveit_msgs/moveit_msgs/action/detail/execute_trajectory__traits.hpp\n'}
[1.537943] (moveit_msgs) StdoutLine: {'line': b'-- Up-to-date: /home/yadhu/ur3e/src/install/moveit_msgs/include/moveit_msgs/moveit_msgs/action/detail/execute_trajectory__struct.hpp\n'}
[1.537967] (moveit_msgs) StdoutLine: {'line': b'-- Up-to-date: /home/yadhu/ur3e/src/install/moveit_msgs/include/moveit_msgs/moveit_msgs/action/detail/local_planner__builder.hpp\n'}
[1.537991] (moveit_msgs) StdoutLine: {'line': b'-- Up-to-date: /home/yadhu/ur3e/src/install/moveit_msgs/include/moveit_msgs/moveit_msgs/action/detail/local_planner__traits.hpp\n'}
[1.538015] (moveit_msgs) StdoutLine: {'line': b'-- Up-to-date: /home/yadhu/ur3e/src/install/moveit_msgs/include/moveit_msgs/moveit_msgs/action/detail/global_planner__traits.hpp\n'}
[1.538039] (moveit_msgs) StdoutLine: {'line': b'-- Up-to-date: /home/yadhu/ur3e/src/install/moveit_msgs/include/moveit_msgs/moveit_msgs/action/detail/pickup__builder.hpp\n'}
[1.538063] (moveit_msgs) StdoutLine: {'line': b'-- Up-to-date: /home/yadhu/ur3e/src/install/moveit_msgs/include/moveit_msgs/moveit_msgs/action/detail/pickup__traits.hpp\n'}
[1.538087] (moveit_msgs) StdoutLine: {'line': b'-- Up-to-date: /home/yadhu/ur3e/src/install/moveit_msgs/include/moveit_msgs/moveit_msgs/action/detail/hybrid_planner__traits.hpp\n'}
[1.538113] (moveit_msgs) StdoutLine: {'line': b'-- Up-to-date: /home/yadhu/ur3e/src/install/moveit_msgs/include/moveit_msgs/moveit_msgs/action/detail/hybrid_planner__builder.hpp\n'}
[1.538137] (moveit_msgs) StdoutLine: {'line': b'-- Up-to-date: /home/yadhu/ur3e/src/install/moveit_msgs/include/moveit_msgs/moveit_msgs/action/detail/move_group__traits.hpp\n'}
[1.538161] (moveit_msgs) StdoutLine: {'line': b'-- Up-to-date: /home/yadhu/ur3e/src/install/moveit_msgs/include/moveit_msgs/moveit_msgs/action/detail/move_group_sequence__traits.hpp\n'}
[1.538184] (moveit_msgs) StdoutLine: {'line': b'-- Up-to-date: /home/yadhu/ur3e/src/install/moveit_msgs/include/moveit_msgs/moveit_msgs/action/detail/hybrid_planner__struct.hpp\n'}
[1.538210] (moveit_msgs) StdoutLine: {'line': b'-- Up-to-date: /home/yadhu/ur3e/src/install/moveit_msgs/include/moveit_msgs/moveit_msgs/action/pickup.hpp\n'}
[1.538238] (moveit_msgs) StdoutLine: {'line': b'-- Up-to-date: /home/yadhu/ur3e/src/install/moveit_msgs/include/moveit_msgs/moveit_msgs/action/move_group_sequence.hpp\n'}
[1.538264] (moveit_msgs) StdoutLine: {'line': b'-- Up-to-date: /home/yadhu/ur3e/src/install/moveit_msgs/include/moveit_msgs/moveit_msgs/action/move_group.hpp\n'}
[1.538289] (moveit_msgs) StdoutLine: {'line': b'-- Up-to-date: /home/yadhu/ur3e/src/install/moveit_msgs/include/moveit_msgs/moveit_msgs/action/execute_trajectory.hpp\n'}
[1.538312] (moveit_msgs) StdoutLine: {'line': b'-- Up-to-date: /home/yadhu/ur3e/src/install/moveit_msgs/include/moveit_msgs/moveit_msgs/action/hybrid_planner.hpp\n'}
[1.538335] (moveit_msgs) StdoutLine: {'line': b'-- Up-to-date: /home/yadhu/ur3e/src/install/moveit_msgs/include/moveit_msgs/moveit_msgs/action/global_planner.hpp\n'}
[1.538359] (moveit_msgs) StdoutLine: {'line': b'-- Up-to-date: /home/yadhu/ur3e/src/install/moveit_msgs/include/moveit_msgs/moveit_msgs/msg\n'}
[1.538383] (moveit_msgs) StdoutLine: {'line': b'-- Up-to-date: /home/yadhu/ur3e/src/install/moveit_msgs/include/moveit_msgs/moveit_msgs/msg/planning_options.hpp\n'}
[1.538407] (moveit_msgs) StdoutLine: {'line': b'-- Up-to-date: /home/yadhu/ur3e/src/install/moveit_msgs/include/moveit_msgs/moveit_msgs/msg/collision_object.hpp\n'}
[1.538431] (moveit_msgs) StdoutLine: {'line': b'-- Up-to-date: /home/yadhu/ur3e/src/install/moveit_msgs/include/moveit_msgs/moveit_msgs/msg/motion_sequence_request.hpp\n'}
[1.538455] (moveit_msgs) StdoutLine: {'line': b'-- Up-to-date: /home/yadhu/ur3e/src/install/moveit_msgs/include/moveit_msgs/moveit_msgs/msg/attached_collision_object.hpp\n'}
[1.538479] (moveit_msgs) StdoutLine: {'line': b'-- Up-to-date: /home/yadhu/ur3e/src/install/moveit_msgs/include/moveit_msgs/moveit_msgs/msg/planning_scene_world.hpp\n'}
[1.538503] (moveit_msgs) StdoutLine: {'line': b'-- Up-to-date: /home/yadhu/ur3e/src/install/moveit_msgs/include/moveit_msgs/moveit_msgs/msg/object_color.hpp\n'}
[1.538528] (moveit_msgs) StdoutLine: {'line': b'-- Up-to-date: /home/yadhu/ur3e/src/install/moveit_msgs/include/moveit_msgs/moveit_msgs/msg/constraint_eval_result.hpp\n'}
[1.538552] (moveit_msgs) StdoutLine: {'line': b'-- Up-to-date: /home/yadhu/ur3e/src/install/moveit_msgs/include/moveit_msgs/moveit_msgs/msg/position_constraint.hpp\n'}
[1.538576] (moveit_msgs) StdoutLine: {'line': b'-- Up-to-date: /home/yadhu/ur3e/src/install/moveit_msgs/include/moveit_msgs/moveit_msgs/msg/joint_limits.hpp\n'}
[1.538600] (moveit_msgs) StdoutLine: {'line': b'-- Up-to-date: /home/yadhu/ur3e/src/install/moveit_msgs/include/moveit_msgs/moveit_msgs/msg/link_scale.hpp\n'}
[1.538625] (moveit_msgs) StdoutLine: {'line': b'-- Up-to-date: /home/yadhu/ur3e/src/install/moveit_msgs/include/moveit_msgs/moveit_msgs/msg/motion_sequence_item.hpp\n'}
[1.538648] (moveit_msgs) StdoutLine: {'line': b'-- Up-to-date: /home/yadhu/ur3e/src/install/moveit_msgs/include/moveit_msgs/moveit_msgs/msg/trajectory_constraints.hpp\n'}
[1.538673] (moveit_msgs) StdoutLine: {'line': b'-- Up-to-date: /home/yadhu/ur3e/src/install/moveit_msgs/include/moveit_msgs/moveit_msgs/msg/constraints.hpp\n'}
[1.538697] (moveit_msgs) StdoutLine: {'line': b'-- Up-to-date: /home/yadhu/ur3e/src/install/moveit_msgs/include/moveit_msgs/moveit_msgs/msg/cartesian_point.hpp\n'}
[1.538722] (moveit_msgs) StdoutLine: {'line': b'-- Up-to-date: /home/yadhu/ur3e/src/install/moveit_msgs/include/moveit_msgs/moveit_msgs/msg/generic_trajectory.hpp\n'}
[1.538746] (moveit_msgs) StdoutLine: {'line': b'-- Up-to-date: /home/yadhu/ur3e/src/install/moveit_msgs/include/moveit_msgs/moveit_msgs/msg/oriented_bounding_box.hpp\n'}
[1.538769] (moveit_msgs) StdoutLine: {'line': b'-- Up-to-date: /home/yadhu/ur3e/src/install/moveit_msgs/include/moveit_msgs/moveit_msgs/msg/planning_scene.hpp\n'}
[1.538796] (moveit_msgs) StdoutLine: {'line': b'-- Up-to-date: /home/yadhu/ur3e/src/install/moveit_msgs/include/moveit_msgs/moveit_msgs/msg/display_trajectory.hpp\n'}
[1.538820] (moveit_msgs) StdoutLine: {'line': b'-- Up-to-date: /home/yadhu/ur3e/src/install/moveit_msgs/include/moveit_msgs/moveit_msgs/msg/contact_information.hpp\n'}
[1.538844] (moveit_msgs) StdoutLine: {'line': b'-- Up-to-date: /home/yadhu/ur3e/src/install/moveit_msgs/include/moveit_msgs/moveit_msgs/msg/position_ik_request.hpp\n'}
[1.538868] (moveit_msgs) StdoutLine: {'line': b'-- Up-to-date: /home/yadhu/ur3e/src/install/moveit_msgs/include/moveit_msgs/moveit_msgs/msg/detail\n'}
[1.538893] (moveit_msgs) StdoutLine: {'line': b'-- Up-to-date: /home/yadhu/ur3e/src/install/moveit_msgs/include/moveit_msgs/moveit_msgs/msg/detail/robot_trajectory__struct.hpp\n'}
[1.538917] (moveit_msgs) StdoutLine: {'line': b'-- Up-to-date: /home/yadhu/ur3e/src/install/moveit_msgs/include/moveit_msgs/moveit_msgs/msg/detail/allowed_collision_entry__traits.hpp\n'}
[1.538941] (moveit_msgs) StdoutLine: {'line': b'-- Up-to-date: /home/yadhu/ur3e/src/install/moveit_msgs/include/moveit_msgs/moveit_msgs/msg/detail/cartesian_trajectory_point__traits.hpp\n'}
[1.538965] (moveit_msgs) StdoutLine: {'line': b'-- Up-to-date: /home/yadhu/ur3e/src/install/moveit_msgs/include/moveit_msgs/moveit_msgs/msg/detail/trajectory_constraints__traits.hpp\n'}
[1.538991] (moveit_msgs) StdoutLine: {'line': b'-- Up-to-date: /home/yadhu/ur3e/src/install/moveit_msgs/include/moveit_msgs/moveit_msgs/msg/detail/cartesian_trajectory__builder.hpp\n'}
[1.539015] (moveit_msgs) StdoutLine: {'line': b'-- Up-to-date: /home/yadhu/ur3e/src/install/moveit_msgs/include/moveit_msgs/moveit_msgs/msg/detail/cartesian_point__traits.hpp\n'}
[1.539038] (moveit_msgs) StdoutLine: {'line': b'-- Up-to-date: /home/yadhu/ur3e/src/install/moveit_msgs/include/moveit_msgs/moveit_msgs/msg/detail/joint_limits__struct.hpp\n'}
[1.539063] (moveit_msgs) StdoutLine: {'line': b'-- Up-to-date: /home/yadhu/ur3e/src/install/moveit_msgs/include/moveit_msgs/moveit_msgs/msg/detail/position_ik_request__traits.hpp\n'}
[1.539087] (moveit_msgs) StdoutLine: {'line': b'-- Up-to-date: /home/yadhu/ur3e/src/install/moveit_msgs/include/moveit_msgs/moveit_msgs/msg/detail/motion_plan_request__traits.hpp\n'}
[1.539111] (moveit_msgs) StdoutLine: {'line': b'-- Up-to-date: /home/yadhu/ur3e/src/install/moveit_msgs/include/moveit_msgs/moveit_msgs/msg/detail/motion_plan_response__struct.hpp\n'}
[1.539135] (moveit_msgs) StdoutLine: {'line': b'-- Up-to-date: /home/yadhu/ur3e/src/install/moveit_msgs/include/moveit_msgs/moveit_msgs/msg/detail/planning_scene_world__struct.hpp\n'}
[1.539159] (moveit_msgs) StdoutLine: {'line': b'-- Up-to-date: /home/yadhu/ur3e/src/install/moveit_msgs/include/moveit_msgs/moveit_msgs/msg/detail/grasp__builder.hpp\n'}
[1.539183] (moveit_msgs) StdoutLine: {'line': b'-- Up-to-date: /home/yadhu/ur3e/src/install/moveit_msgs/include/moveit_msgs/moveit_msgs/msg/detail/allowed_collision_matrix__struct.hpp\n'}
[1.539208] (moveit_msgs) StdoutLine: {'line': b'-- Up-to-date: /home/yadhu/ur3e/src/install/moveit_msgs/include/moveit_msgs/moveit_msgs/msg/detail/motion_sequence_request__traits.hpp\n'}
[1.539234] (moveit_msgs) StdoutLine: {'line': b'-- Up-to-date: /home/yadhu/ur3e/src/install/moveit_msgs/include/moveit_msgs/moveit_msgs/msg/detail/joint_limits__builder.hpp\n'}
[1.539261] (moveit_msgs) StdoutLine: {'line': b'-- Up-to-date: /home/yadhu/ur3e/src/install/moveit_msgs/include/moveit_msgs/moveit_msgs/msg/detail/position_ik_request__struct.hpp\n'}
[1.539288] (moveit_msgs) StdoutLine: {'line': b'-- Up-to-date: /home/yadhu/ur3e/src/install/moveit_msgs/include/moveit_msgs/moveit_msgs/msg/detail/contact_information__traits.hpp\n'}
[1.539312] (moveit_msgs) StdoutLine: {'line': b'-- Up-to-date: /home/yadhu/ur3e/src/install/moveit_msgs/include/moveit_msgs/moveit_msgs/msg/detail/object_color__traits.hpp\n'}
[1.539336] (moveit_msgs) StdoutLine: {'line': b'-- Up-to-date: /home/yadhu/ur3e/src/install/moveit_msgs/include/moveit_msgs/moveit_msgs/msg/detail/collision_object__struct.hpp\n'}
[1.539360] (moveit_msgs) StdoutLine: {'line': b'-- Up-to-date: /home/yadhu/ur3e/src/install/moveit_msgs/include/moveit_msgs/moveit_msgs/msg/detail/joint_constraint__builder.hpp\n'}
[1.539384] (moveit_msgs) StdoutLine: {'line': b'-- Up-to-date: /home/yadhu/ur3e/src/install/moveit_msgs/include/moveit_msgs/moveit_msgs/msg/detail/planner_params__builder.hpp\n'}
[1.539409] (moveit_msgs) StdoutLine: {'line': b'-- Up-to-date: /home/yadhu/ur3e/src/install/moveit_msgs/include/moveit_msgs/moveit_msgs/msg/detail/motion_sequence_request__struct.hpp\n'}
[1.539433] (moveit_msgs) StdoutLine: {'line': b'-- Up-to-date: /home/yadhu/ur3e/src/install/moveit_msgs/include/moveit_msgs/moveit_msgs/msg/detail/planning_scene__traits.hpp\n'}
[1.539457] (moveit_msgs) StdoutLine: {'line': b'-- Up-to-date: /home/yadhu/ur3e/src/install/moveit_msgs/include/moveit_msgs/moveit_msgs/msg/detail/display_trajectory__builder.hpp\n'}
[1.539481] (moveit_msgs) StdoutLine: {'line': b'-- Up-to-date: /home/yadhu/ur3e/src/install/moveit_msgs/include/moveit_msgs/moveit_msgs/msg/detail/link_scale__struct.hpp\n'}
[1.539505] (moveit_msgs) StdoutLine: {'line': b'-- Up-to-date: /home/yadhu/ur3e/src/install/moveit_msgs/include/moveit_msgs/moveit_msgs/msg/detail/robot_state__struct.hpp\n'}
[1.539530] (moveit_msgs) StdoutLine: {'line': b'-- Up-to-date: /home/yadhu/ur3e/src/install/moveit_msgs/include/moveit_msgs/moveit_msgs/msg/detail/motion_plan_detailed_response__traits.hpp\n'}
[1.539554] (moveit_msgs) StdoutLine: {'line': b'-- Up-to-date: /home/yadhu/ur3e/src/install/moveit_msgs/include/moveit_msgs/moveit_msgs/msg/detail/display_trajectory__traits.hpp\n'}
[1.539583] (moveit_msgs) StdoutLine: {'line': b'-- Up-to-date: /home/yadhu/ur3e/src/install/moveit_msgs/include/moveit_msgs/moveit_msgs/msg/detail/allowed_collision_entry__builder.hpp\n'}
[1.539607] (moveit_msgs) StdoutLine: {'line': b'-- Up-to-date: /home/yadhu/ur3e/src/install/moveit_msgs/include/moveit_msgs/moveit_msgs/msg/detail/joint_constraint__struct.hpp\n'}
[1.539631] (moveit_msgs) StdoutLine: {'line': b'-- Up-to-date: /home/yadhu/ur3e/src/install/moveit_msgs/include/moveit_msgs/moveit_msgs/msg/detail/oriented_bounding_box__traits.hpp\n'}
[1.539655] (moveit_msgs) StdoutLine: {'line': b'-- Up-to-date: /home/yadhu/ur3e/src/install/moveit_msgs/include/moveit_msgs/moveit_msgs/msg/detail/workspace_parameters__struct.hpp\n'}
[1.539681] (moveit_msgs) StdoutLine: {'line': b'-- Up-to-date: /home/yadhu/ur3e/src/install/moveit_msgs/include/moveit_msgs/moveit_msgs/msg/detail/position_constraint__traits.hpp\n'}
[1.539705] (moveit_msgs) StdoutLine: {'line': b'-- Up-to-date: /home/yadhu/ur3e/src/install/moveit_msgs/include/moveit_msgs/moveit_msgs/msg/detail/cost_source__traits.hpp\n'}
[1.539731] (moveit_msgs) StdoutLine: {'line': b'-- Up-to-date: /home/yadhu/ur3e/src/install/moveit_msgs/include/moveit_msgs/moveit_msgs/msg/detail/constraint_eval_result__struct.hpp\n'}
[1.539755] (moveit_msgs) StdoutLine: {'line': b'-- Up-to-date: /home/yadhu/ur3e/src/install/moveit_msgs/include/moveit_msgs/moveit_msgs/msg/detail/generic_trajectory__traits.hpp\n'}
[1.539779] (moveit_msgs) StdoutLine: {'line': b'-- Up-to-date: /home/yadhu/ur3e/src/install/moveit_msgs/include/moveit_msgs/moveit_msgs/msg/detail/cartesian_point__struct.hpp\n'}
[1.539804] (moveit_msgs) StdoutLine: {'line': b'-- Up-to-date: /home/yadhu/ur3e/src/install/moveit_msgs/include/moveit_msgs/moveit_msgs/msg/detail/motion_sequence_request__builder.hpp\n'}
[1.539829] (moveit_msgs) StdoutLine: {'line': b'-- Up-to-date: /home/yadhu/ur3e/src/install/moveit_msgs/include/moveit_msgs/moveit_msgs/msg/detail/cartesian_trajectory_point__builder.hpp\n'}
[1.539854] (moveit_msgs) StdoutLine: {'line': b'-- Up-to-date: /home/yadhu/ur3e/src/install/moveit_msgs/include/moveit_msgs/moveit_msgs/msg/detail/motion_plan_detailed_response__builder.hpp\n'}
[1.539878] (moveit_msgs) StdoutLine: {'line': b'-- Up-to-date: /home/yadhu/ur3e/src/install/moveit_msgs/include/moveit_msgs/moveit_msgs/msg/detail/cartesian_trajectory__traits.hpp\n'}
[1.539902] (moveit_msgs) StdoutLine: {'line': b'-- Up-to-date: /home/yadhu/ur3e/src/install/moveit_msgs/include/moveit_msgs/moveit_msgs/msg/detail/visibility_constraint__builder.hpp\n'}
[1.539926] (moveit_msgs) StdoutLine: {'line': b'-- Up-to-date: /home/yadhu/ur3e/src/install/moveit_msgs/include/moveit_msgs/moveit_msgs/msg/detail/generic_trajectory__struct.hpp\n'}
[1.539950] (moveit_msgs) StdoutLine: {'line': b'-- Up-to-date: /home/yadhu/ur3e/src/install/moveit_msgs/include/moveit_msgs/moveit_msgs/msg/detail/trajectory_constraints__struct.hpp\n'}
[1.539975] (moveit_msgs) StdoutLine: {'line': b'-- Up-to-date: /home/yadhu/ur3e/src/install/moveit_msgs/include/moveit_msgs/moveit_msgs/msg/detail/planning_scene_world__traits.hpp\n'}
[1.540000] (moveit_msgs) StdoutLine: {'line': b'-- Up-to-date: /home/yadhu/ur3e/src/install/moveit_msgs/include/moveit_msgs/moveit_msgs/msg/detail/gripper_translation__traits.hpp\n'}
[1.540024] (moveit_msgs) StdoutLine: {'line': b'-- Up-to-date: /home/yadhu/ur3e/src/install/moveit_msgs/include/moveit_msgs/moveit_msgs/msg/detail/constraints__struct.hpp\n'}
[1.540049] (moveit_msgs) StdoutLine: {'line': b'-- Up-to-date: /home/yadhu/ur3e/src/install/moveit_msgs/include/moveit_msgs/moveit_msgs/msg/detail/link_scale__builder.hpp\n'}
[1.540073] (moveit_msgs) StdoutLine: {'line': b'-- Up-to-date: /home/yadhu/ur3e/src/install/moveit_msgs/include/moveit_msgs/moveit_msgs/msg/detail/contact_information__builder.hpp\n'}
[1.540098] (moveit_msgs) StdoutLine: {'line': b'-- Up-to-date: /home/yadhu/ur3e/src/install/moveit_msgs/include/moveit_msgs/moveit_msgs/msg/detail/bounding_volume__struct.hpp\n'}
[1.540121] (moveit_msgs) StdoutLine: {'line': b'-- Up-to-date: /home/yadhu/ur3e/src/install/moveit_msgs/include/moveit_msgs/moveit_msgs/msg/detail/grasp__struct.hpp\n'}
[1.540145] (moveit_msgs) StdoutLine: {'line': b'-- Up-to-date: /home/yadhu/ur3e/src/install/moveit_msgs/include/moveit_msgs/moveit_msgs/msg/detail/kinematic_solver_info__struct.hpp\n'}
[1.540170] (moveit_msgs) StdoutLine: {'line': b'-- Up-to-date: /home/yadhu/ur3e/src/install/moveit_msgs/include/moveit_msgs/moveit_msgs/msg/detail/orientation_constraint__traits.hpp\n'}
[1.540194] (moveit_msgs) StdoutLine: {'line': b'-- Up-to-date: /home/yadhu/ur3e/src/install/moveit_msgs/include/moveit_msgs/moveit_msgs/msg/detail/attached_collision_object__traits.hpp\n'}
[1.540220] (moveit_msgs) StdoutLine: {'line': b'-- Up-to-date: /home/yadhu/ur3e/src/install/moveit_msgs/include/moveit_msgs/moveit_msgs/msg/detail/planner_interface_description__struct.hpp\n'}
[1.540247] (moveit_msgs) StdoutLine: {'line': b'-- Up-to-date: /home/yadhu/ur3e/src/install/moveit_msgs/include/moveit_msgs/moveit_msgs/msg/detail/robot_state__traits.hpp\n'}
[1.540272] (moveit_msgs) StdoutLine: {'line': b'-- Up-to-date: /home/yadhu/ur3e/src/install/moveit_msgs/include/moveit_msgs/moveit_msgs/msg/detail/allowed_collision_matrix__traits.hpp\n'}
[1.540296] (moveit_msgs) StdoutLine: {'line': b'-- Up-to-date: /home/yadhu/ur3e/src/install/moveit_msgs/include/moveit_msgs/moveit_msgs/msg/detail/constraints__traits.hpp\n'}
[1.540320] (moveit_msgs) StdoutLine: {'line': b'-- Up-to-date: /home/yadhu/ur3e/src/install/moveit_msgs/include/moveit_msgs/moveit_msgs/msg/detail/planning_options__struct.hpp\n'}
[1.540347] (moveit_msgs) StdoutLine: {'line': b'-- Up-to-date: /home/yadhu/ur3e/src/install/moveit_msgs/include/moveit_msgs/moveit_msgs/msg/detail/kinematic_solver_info__builder.hpp\n'}
[1.540372] (moveit_msgs) StdoutLine: {'line': b'-- Up-to-date: /home/yadhu/ur3e/src/install/moveit_msgs/include/moveit_msgs/moveit_msgs/msg/detail/motion_sequence_response__traits.hpp\n'}
[1.540398] (moveit_msgs) StdoutLine: {'line': b'-- Up-to-date: /home/yadhu/ur3e/src/install/moveit_msgs/include/moveit_msgs/moveit_msgs/msg/detail/place_location__traits.hpp\n'}
[1.540422] (moveit_msgs) StdoutLine: {'line': b'-- Up-to-date: /home/yadhu/ur3e/src/install/moveit_msgs/include/moveit_msgs/moveit_msgs/msg/detail/link_padding__traits.hpp\n'}
[1.540449] (moveit_msgs) StdoutLine: {'line': b'-- Up-to-date: /home/yadhu/ur3e/src/install/moveit_msgs/include/moveit_msgs/moveit_msgs/msg/detail/move_it_error_codes__struct.hpp\n'}
[1.540473] (moveit_msgs) StdoutLine: {'line': b'-- Up-to-date: /home/yadhu/ur3e/src/install/moveit_msgs/include/moveit_msgs/moveit_msgs/msg/detail/object_color__struct.hpp\n'}
[1.540497] (moveit_msgs) StdoutLine: {'line': b'-- Up-to-date: /home/yadhu/ur3e/src/install/moveit_msgs/include/moveit_msgs/moveit_msgs/msg/detail/cartesian_trajectory_point__struct.hpp\n'}
[1.540521] (moveit_msgs) StdoutLine: {'line': b'-- Up-to-date: /home/yadhu/ur3e/src/install/moveit_msgs/include/moveit_msgs/moveit_msgs/msg/detail/position_ik_request__builder.hpp\n'}
[1.540545] (moveit_msgs) StdoutLine: {'line': b'-- Up-to-date: /home/yadhu/ur3e/src/install/moveit_msgs/include/moveit_msgs/moveit_msgs/msg/detail/display_trajectory__struct.hpp\n'}
[1.540569] (moveit_msgs) StdoutLine: {'line': b'-- Up-to-date: /home/yadhu/ur3e/src/install/moveit_msgs/include/moveit_msgs/moveit_msgs/msg/detail/visibility_constraint__struct.hpp\n'}
[1.540593] (moveit_msgs) StdoutLine: {'line': b'-- Up-to-date: /home/yadhu/ur3e/src/install/moveit_msgs/include/moveit_msgs/moveit_msgs/msg/detail/move_it_error_codes__traits.hpp\n'}
[1.540617] (moveit_msgs) StdoutLine: {'line': b'-- Up-to-date: /home/yadhu/ur3e/src/install/moveit_msgs/include/moveit_msgs/moveit_msgs/msg/detail/motion_plan_response__traits.hpp\n'}
[1.540641] (moveit_msgs) StdoutLine: {'line': b'-- Up-to-date: /home/yadhu/ur3e/src/install/moveit_msgs/include/moveit_msgs/moveit_msgs/msg/detail/attached_collision_object__struct.hpp\n'}
[1.540666] (moveit_msgs) StdoutLine: {'line': b'-- Up-to-date: /home/yadhu/ur3e/src/install/moveit_msgs/include/moveit_msgs/moveit_msgs/msg/detail/attached_collision_object__builder.hpp\n'}
[1.540690] (moveit_msgs) StdoutLine: {'line': b'-- Up-to-date: /home/yadhu/ur3e/src/install/moveit_msgs/include/moveit_msgs/moveit_msgs/msg/detail/place_location__builder.hpp\n'}
[1.540715] (moveit_msgs) StdoutLine: {'line': b'-- Up-to-date: /home/yadhu/ur3e/src/install/moveit_msgs/include/moveit_msgs/moveit_msgs/msg/detail/planning_scene__builder.hpp\n'}
[1.540739] (moveit_msgs) StdoutLine: {'line': b'-- Up-to-date: /home/yadhu/ur3e/src/install/moveit_msgs/include/moveit_msgs/moveit_msgs/msg/detail/planner_interface_description__builder.hpp\n'}
[1.540764] (moveit_msgs) StdoutLine: {'line': b'-- Up-to-date: /home/yadhu/ur3e/src/install/moveit_msgs/include/moveit_msgs/moveit_msgs/msg/detail/display_robot_state__struct.hpp\n'}
[1.540788] (moveit_msgs) StdoutLine: {'line': b'-- Up-to-date: /home/yadhu/ur3e/src/install/moveit_msgs/include/moveit_msgs/moveit_msgs/msg/detail/motion_sequence_item__builder.hpp\n'}
[1.540812] (moveit_msgs) StdoutLine: {'line': b'-- Up-to-date: /home/yadhu/ur3e/src/install/moveit_msgs/include/moveit_msgs/moveit_msgs/msg/detail/planner_interface_description__traits.hpp\n'}
[1.540836] (moveit_msgs) StdoutLine: {'line': b'-- Up-to-date: /home/yadhu/ur3e/src/install/moveit_msgs/include/moveit_msgs/moveit_msgs/msg/detail/planning_scene_components__struct.hpp\n'}
[1.540859] (moveit_msgs) StdoutLine: {'line': b'-- Up-to-date: /home/yadhu/ur3e/src/install/moveit_msgs/include/moveit_msgs/moveit_msgs/msg/detail/motion_sequence_response__builder.hpp\n'}
[1.540884] (moveit_msgs) StdoutLine: {'line': b'-- Up-to-date: /home/yadhu/ur3e/src/install/moveit_msgs/include/moveit_msgs/moveit_msgs/msg/detail/planning_scene_components__traits.hpp\n'}
[1.540908] (moveit_msgs) StdoutLine: {'line': b'-- Up-to-date: /home/yadhu/ur3e/src/install/moveit_msgs/include/moveit_msgs/moveit_msgs/msg/detail/orientation_constraint__struct.hpp\n'}
[1.540935] (moveit_msgs) StdoutLine: {'line': b'-- Up-to-date: /home/yadhu/ur3e/src/install/moveit_msgs/include/moveit_msgs/moveit_msgs/msg/detail/cost_source__builder.hpp\n'}
[1.540959] (moveit_msgs) StdoutLine: {'line': b'-- Up-to-date: /home/yadhu/ur3e/src/install/moveit_msgs/include/moveit_msgs/moveit_msgs/msg/detail/contact_information__struct.hpp\n'}
[1.540983] (moveit_msgs) StdoutLine: {'line': b'-- Up-to-date: /home/yadhu/ur3e/src/install/moveit_msgs/include/moveit_msgs/moveit_msgs/msg/detail/link_scale__traits.hpp\n'}
[1.541007] (moveit_msgs) StdoutLine: {'line': b'-- Up-to-date: /home/yadhu/ur3e/src/install/moveit_msgs/include/moveit_msgs/moveit_msgs/msg/detail/robot_trajectory__traits.hpp\n'}
[1.541031] (moveit_msgs) StdoutLine: {'line': b'-- Up-to-date: /home/yadhu/ur3e/src/install/moveit_msgs/include/moveit_msgs/moveit_msgs/msg/detail/allowed_collision_entry__struct.hpp\n'}
[1.541055] (moveit_msgs) StdoutLine: {'line': b'-- Up-to-date: /home/yadhu/ur3e/src/install/moveit_msgs/include/moveit_msgs/moveit_msgs/msg/detail/motion_plan_request__struct.hpp\n'}
[1.541079] (moveit_msgs) StdoutLine: {'line': b'-- Up-to-date: /home/yadhu/ur3e/src/install/moveit_msgs/include/moveit_msgs/moveit_msgs/msg/detail/object_color__builder.hpp\n'}
[1.541105] (moveit_msgs) StdoutLine: {'line': b'-- Up-to-date: /home/yadhu/ur3e/src/install/moveit_msgs/include/moveit_msgs/moveit_msgs/msg/detail/allowed_collision_matrix__builder.hpp\n'}
[1.541130] (moveit_msgs) StdoutLine: {'line': b'-- Up-to-date: /home/yadhu/ur3e/src/install/moveit_msgs/include/moveit_msgs/moveit_msgs/msg/detail/planning_scene_components__builder.hpp\n'}
[1.541155] (moveit_msgs) StdoutLine: {'line': b'-- Up-to-date: /home/yadhu/ur3e/src/install/moveit_msgs/include/moveit_msgs/moveit_msgs/msg/detail/gripper_translation__struct.hpp\n'}
[1.541179] (moveit_msgs) StdoutLine: {'line': b'-- Up-to-date: /home/yadhu/ur3e/src/install/moveit_msgs/include/moveit_msgs/moveit_msgs/msg/detail/orientation_constraint__builder.hpp\n'}
[1.541203] (moveit_msgs) StdoutLine: {'line': b'-- Up-to-date: /home/yadhu/ur3e/src/install/moveit_msgs/include/moveit_msgs/moveit_msgs/msg/detail/position_constraint__builder.hpp\n'}
[1.541227] (moveit_msgs) StdoutLine: {'line': b'-- Up-to-date: /home/yadhu/ur3e/src/install/moveit_msgs/include/moveit_msgs/moveit_msgs/msg/detail/cartesian_point__builder.hpp\n'}
[1.541255] (moveit_msgs) StdoutLine: {'line': b'-- Up-to-date: /home/yadhu/ur3e/src/install/moveit_msgs/include/moveit_msgs/moveit_msgs/msg/detail/collision_object__builder.hpp\n'}
[1.541281] (moveit_msgs) StdoutLine: {'line': b'-- Up-to-date: /home/yadhu/ur3e/src/install/moveit_msgs/include/moveit_msgs/moveit_msgs/msg/detail/grasp__traits.hpp\n'}
[1.541306] (moveit_msgs) StdoutLine: {'line': b'-- Up-to-date: /home/yadhu/ur3e/src/install/moveit_msgs/include/moveit_msgs/moveit_msgs/msg/detail/gripper_translation__builder.hpp\n'}
[1.541330] (moveit_msgs) StdoutLine: {'line': b'-- Up-to-date: /home/yadhu/ur3e/src/install/moveit_msgs/include/moveit_msgs/moveit_msgs/msg/detail/link_padding__struct.hpp\n'}
[1.541355] (moveit_msgs) StdoutLine: {'line': b'-- Up-to-date: /home/yadhu/ur3e/src/install/moveit_msgs/include/moveit_msgs/moveit_msgs/msg/detail/generic_trajectory__builder.hpp\n'}
[1.541379] (moveit_msgs) StdoutLine: {'line': b'-- Up-to-date: /home/yadhu/ur3e/src/install/moveit_msgs/include/moveit_msgs/moveit_msgs/msg/detail/oriented_bounding_box__struct.hpp\n'}
[1.541403] (moveit_msgs) StdoutLine: {'line': b'-- Up-to-date: /home/yadhu/ur3e/src/install/moveit_msgs/include/moveit_msgs/moveit_msgs/msg/detail/planner_params__struct.hpp\n'}
[1.541427] (moveit_msgs) StdoutLine: {'line': b'-- Up-to-date: /home/yadhu/ur3e/src/install/moveit_msgs/include/moveit_msgs/moveit_msgs/msg/detail/joint_limits__traits.hpp\n'}
[1.541450] (moveit_msgs) StdoutLine: {'line': b'-- Up-to-date: /home/yadhu/ur3e/src/install/moveit_msgs/include/moveit_msgs/moveit_msgs/msg/detail/planning_scene__struct.hpp\n'}
[1.541475] (moveit_msgs) StdoutLine: {'line': b'-- Up-to-date: /home/yadhu/ur3e/src/install/moveit_msgs/include/moveit_msgs/moveit_msgs/msg/detail/workspace_parameters__builder.hpp\n'}
[1.541499] (moveit_msgs) StdoutLine: {'line': b'-- Up-to-date: /home/yadhu/ur3e/src/install/moveit_msgs/include/moveit_msgs/moveit_msgs/msg/detail/planner_params__traits.hpp\n'}
[1.541523] (moveit_msgs) StdoutLine: {'line': b'-- Up-to-date: /home/yadhu/ur3e/src/install/moveit_msgs/include/moveit_msgs/moveit_msgs/msg/detail/link_padding__builder.hpp\n'}
[1.541548] (moveit_msgs) StdoutLine: {'line': b'-- Up-to-date: /home/yadhu/ur3e/src/install/moveit_msgs/include/moveit_msgs/moveit_msgs/msg/detail/move_it_error_codes__builder.hpp\n'}
[1.541572] (moveit_msgs) StdoutLine: {'line': b'-- Up-to-date: /home/yadhu/ur3e/src/install/moveit_msgs/include/moveit_msgs/moveit_msgs/msg/detail/workspace_parameters__traits.hpp\n'}
[1.541596] (moveit_msgs) StdoutLine: {'line': b'-- Up-to-date: /home/yadhu/ur3e/src/install/moveit_msgs/include/moveit_msgs/moveit_msgs/msg/detail/planning_options__builder.hpp\n'}
[1.541620] (moveit_msgs) StdoutLine: {'line': b'-- Up-to-date: /home/yadhu/ur3e/src/install/moveit_msgs/include/moveit_msgs/moveit_msgs/msg/detail/planning_scene_world__builder.hpp\n'}
[1.541643] (moveit_msgs) StdoutLine: {'line': b'-- Up-to-date: /home/yadhu/ur3e/src/install/moveit_msgs/include/moveit_msgs/moveit_msgs/msg/detail/constraint_eval_result__traits.hpp\n'}
[1.541667] (moveit_msgs) StdoutLine: {'line': b'-- Up-to-date: /home/yadhu/ur3e/src/install/moveit_msgs/include/moveit_msgs/moveit_msgs/msg/detail/motion_sequence_item__traits.hpp\n'}
[1.541691] (moveit_msgs) StdoutLine: {'line': b'-- Up-to-date: /home/yadhu/ur3e/src/install/moveit_msgs/include/moveit_msgs/moveit_msgs/msg/detail/joint_constraint__traits.hpp\n'}
[1.541715] (moveit_msgs) StdoutLine: {'line': b'-- Up-to-date: /home/yadhu/ur3e/src/install/moveit_msgs/include/moveit_msgs/moveit_msgs/msg/detail/cost_source__struct.hpp\n'}
[1.541738] (moveit_msgs) StdoutLine: {'line': b'-- Up-to-date: /home/yadhu/ur3e/src/install/moveit_msgs/include/moveit_msgs/moveit_msgs/msg/detail/robot_state__builder.hpp\n'}
[1.541762] (moveit_msgs) StdoutLine: {'line': b'-- Up-to-date: /home/yadhu/ur3e/src/install/moveit_msgs/include/moveit_msgs/moveit_msgs/msg/detail/kinematic_solver_info__traits.hpp\n'}
[1.541786] (moveit_msgs) StdoutLine: {'line': b'-- Up-to-date: /home/yadhu/ur3e/src/install/moveit_msgs/include/moveit_msgs/moveit_msgs/msg/detail/motion_sequence_response__struct.hpp\n'}
[1.541810] (moveit_msgs) StdoutLine: {'line': b'-- Up-to-date: /home/yadhu/ur3e/src/install/moveit_msgs/include/moveit_msgs/moveit_msgs/msg/detail/position_constraint__struct.hpp\n'}
[1.541834] (moveit_msgs) StdoutLine: {'line': b'-- Up-to-date: /home/yadhu/ur3e/src/install/moveit_msgs/include/moveit_msgs/moveit_msgs/msg/detail/visibility_constraint__traits.hpp\n'}
[1.541858] (moveit_msgs) StdoutLine: {'line': b'-- Up-to-date: /home/yadhu/ur3e/src/install/moveit_msgs/include/moveit_msgs/moveit_msgs/msg/detail/constraints__builder.hpp\n'}
[1.541888] (moveit_msgs) StdoutLine: {'line': b'-- Up-to-date: /home/yadhu/ur3e/src/install/moveit_msgs/include/moveit_msgs/moveit_msgs/msg/detail/display_robot_state__traits.hpp\n'}
[1.541912] (moveit_msgs) StdoutLine: {'line': b'-- Up-to-date: /home/yadhu/ur3e/src/install/moveit_msgs/include/moveit_msgs/moveit_msgs/msg/detail/trajectory_constraints__builder.hpp\n'}
[1.541936] (moveit_msgs) StdoutLine: {'line': b'-- Up-to-date: /home/yadhu/ur3e/src/install/moveit_msgs/include/moveit_msgs/moveit_msgs/msg/detail/motion_sequence_item__struct.hpp\n'}
[1.541961] (moveit_msgs) StdoutLine: {'line': b'-- Up-to-date: /home/yadhu/ur3e/src/install/moveit_msgs/include/moveit_msgs/moveit_msgs/msg/detail/constraint_eval_result__builder.hpp\n'}
[1.541985] (moveit_msgs) StdoutLine: {'line': b'-- Up-to-date: /home/yadhu/ur3e/src/install/moveit_msgs/include/moveit_msgs/moveit_msgs/msg/detail/motion_plan_request__builder.hpp\n'}
[1.542009] (moveit_msgs) StdoutLine: {'line': b'-- Up-to-date: /home/yadhu/ur3e/src/install/moveit_msgs/include/moveit_msgs/moveit_msgs/msg/detail/cartesian_trajectory__struct.hpp\n'}
[1.542035] (moveit_msgs) StdoutLine: {'line': b'-- Up-to-date: /home/yadhu/ur3e/src/install/moveit_msgs/include/moveit_msgs/moveit_msgs/msg/detail/display_robot_state__builder.hpp\n'}
[1.542059] (moveit_msgs) StdoutLine: {'line': b'-- Up-to-date: /home/yadhu/ur3e/src/install/moveit_msgs/include/moveit_msgs/moveit_msgs/msg/detail/motion_plan_detailed_response__struct.hpp\n'}
[1.542082] (moveit_msgs) StdoutLine: {'line': b'-- Up-to-date: /home/yadhu/ur3e/src/install/moveit_msgs/include/moveit_msgs/moveit_msgs/msg/detail/oriented_bounding_box__builder.hpp\n'}
[1.542106] (moveit_msgs) StdoutLine: {'line': b'-- Up-to-date: /home/yadhu/ur3e/src/install/moveit_msgs/include/moveit_msgs/moveit_msgs/msg/detail/bounding_volume__builder.hpp\n'}
[1.542130] (moveit_msgs) StdoutLine: {'line': b'-- Up-to-date: /home/yadhu/ur3e/src/install/moveit_msgs/include/moveit_msgs/moveit_msgs/msg/detail/planning_options__traits.hpp\n'}
[1.542153] (moveit_msgs) StdoutLine: {'line': b'-- Up-to-date: /home/yadhu/ur3e/src/install/moveit_msgs/include/moveit_msgs/moveit_msgs/msg/detail/bounding_volume__traits.hpp\n'}
[1.542176] (moveit_msgs) StdoutLine: {'line': b'-- Up-to-date: /home/yadhu/ur3e/src/install/moveit_msgs/include/moveit_msgs/moveit_msgs/msg/detail/place_location__struct.hpp\n'}
[1.542201] (moveit_msgs) StdoutLine: {'line': b'-- Up-to-date: /home/yadhu/ur3e/src/install/moveit_msgs/include/moveit_msgs/moveit_msgs/msg/detail/robot_trajectory__builder.hpp\n'}
[1.542225] (moveit_msgs) StdoutLine: {'line': b'-- Up-to-date: /home/yadhu/ur3e/src/install/moveit_msgs/include/moveit_msgs/moveit_msgs/msg/detail/motion_plan_response__builder.hpp\n'}
[1.542253] (moveit_msgs) StdoutLine: {'line': b'-- Up-to-date: /home/yadhu/ur3e/src/install/moveit_msgs/include/moveit_msgs/moveit_msgs/msg/detail/collision_object__traits.hpp\n'}
[1.542277] (moveit_msgs) StdoutLine: {'line': b'-- Up-to-date: /home/yadhu/ur3e/src/install/moveit_msgs/include/moveit_msgs/moveit_msgs/msg/gripper_translation.hpp\n'}
[1.542301] (moveit_msgs) StdoutLine: {'line': b'-- Up-to-date: /home/yadhu/ur3e/src/install/moveit_msgs/include/moveit_msgs/moveit_msgs/msg/grasp.hpp\n'}
[1.542325] (moveit_msgs) StdoutLine: {'line': b'-- Up-to-date: /home/yadhu/ur3e/src/install/moveit_msgs/include/moveit_msgs/moveit_msgs/msg/planner_interface_description.hpp\n'}
[1.542349] (moveit_msgs) StdoutLine: {'line': b'-- Up-to-date: /home/yadhu/ur3e/src/install/moveit_msgs/include/moveit_msgs/moveit_msgs/msg/motion_plan_response.hpp\n'}
[1.542373] (moveit_msgs) StdoutLine: {'line': b'-- Up-to-date: /home/yadhu/ur3e/src/install/moveit_msgs/include/moveit_msgs/moveit_msgs/msg/cartesian_trajectory.hpp\n'}
[1.542396] (moveit_msgs) StdoutLine: {'line': b'-- Up-to-date: /home/yadhu/ur3e/src/install/moveit_msgs/include/moveit_msgs/moveit_msgs/msg/motion_plan_detailed_response.hpp\n'}
[1.542421] (moveit_msgs) StdoutLine: {'line': b'-- Up-to-date: /home/yadhu/ur3e/src/install/moveit_msgs/include/moveit_msgs/moveit_msgs/msg/motion_sequence_response.hpp\n'}
[1.542445] (moveit_msgs) StdoutLine: {'line': b'-- Up-to-date: /home/yadhu/ur3e/src/install/moveit_msgs/include/moveit_msgs/moveit_msgs/msg/allowed_collision_entry.hpp\n'}
[1.542469] (moveit_msgs) StdoutLine: {'line': b'-- Up-to-date: /home/yadhu/ur3e/src/install/moveit_msgs/include/moveit_msgs/moveit_msgs/msg/workspace_parameters.hpp\n'}
[1.542493] (moveit_msgs) StdoutLine: {'line': b'-- Up-to-date: /home/yadhu/ur3e/src/install/moveit_msgs/include/moveit_msgs/moveit_msgs/msg/bounding_volume.hpp\n'}
[1.542517] (moveit_msgs) StdoutLine: {'line': b'-- Up-to-date: /home/yadhu/ur3e/src/install/moveit_msgs/include/moveit_msgs/moveit_msgs/msg/visibility_constraint.hpp\n'}
[1.542541] (moveit_msgs) StdoutLine: {'line': b'-- Up-to-date: /home/yadhu/ur3e/src/install/moveit_msgs/include/moveit_msgs/moveit_msgs/msg/place_location.hpp\n'}
[1.542565] (moveit_msgs) StdoutLine: {'line': b'-- Up-to-date: /home/yadhu/ur3e/src/install/moveit_msgs/include/moveit_msgs/moveit_msgs/msg/display_robot_state.hpp\n'}
[1.542591] (moveit_msgs) StdoutLine: {'line': b'-- Up-to-date: /home/yadhu/ur3e/src/install/moveit_msgs/include/moveit_msgs/moveit_msgs/msg/joint_constraint.hpp\n'}
[1.542616] (moveit_msgs) StdoutLine: {'line': b'-- Up-to-date: /home/yadhu/ur3e/src/install/moveit_msgs/include/moveit_msgs/moveit_msgs/msg/planning_scene_components.hpp\n'}
[1.542640] (moveit_msgs) StdoutLine: {'line': b'-- Up-to-date: /home/yadhu/ur3e/src/install/moveit_msgs/include/moveit_msgs/moveit_msgs/msg/cartesian_trajectory_point.hpp\n'}
[1.542663] (moveit_msgs) StdoutLine: {'line': b'-- Up-to-date: /home/yadhu/ur3e/src/install/moveit_msgs/include/moveit_msgs/moveit_msgs/msg/planner_params.hpp\n'}
[1.542690] (moveit_msgs) StdoutLine: {'line': b'-- Up-to-date: /home/yadhu/ur3e/src/install/moveit_msgs/include/moveit_msgs/moveit_msgs/msg/kinematic_solver_info.hpp\n'}
[1.542714] (moveit_msgs) StdoutLine: {'line': b'-- Up-to-date: /home/yadhu/ur3e/src/install/moveit_msgs/include/moveit_msgs/moveit_msgs/msg/link_padding.hpp\n'}
[1.542737] (moveit_msgs) StdoutLine: {'line': b'-- Up-to-date: /home/yadhu/ur3e/src/install/moveit_msgs/include/moveit_msgs/moveit_msgs/msg/motion_plan_request.hpp\n'}
[1.542761] (moveit_msgs) StdoutLine: {'line': b'-- Up-to-date: /home/yadhu/ur3e/src/install/moveit_msgs/include/moveit_msgs/moveit_msgs/msg/robot_trajectory.hpp\n'}
[1.542786] (moveit_msgs) StdoutLine: {'line': b'-- Up-to-date: /home/yadhu/ur3e/src/install/moveit_msgs/include/moveit_msgs/moveit_msgs/msg/robot_state.hpp\n'}
[1.542811] (moveit_msgs) StdoutLine: {'line': b'-- Up-to-date: /home/yadhu/ur3e/src/install/moveit_msgs/include/moveit_msgs/moveit_msgs/msg/allowed_collision_matrix.hpp\n'}
[1.542835] (moveit_msgs) StdoutLine: {'line': b'-- Up-to-date: /home/yadhu/ur3e/src/install/moveit_msgs/include/moveit_msgs/moveit_msgs/msg/orientation_constraint.hpp\n'}
[1.542859] (moveit_msgs) StdoutLine: {'line': b'-- Up-to-date: /home/yadhu/ur3e/src/install/moveit_msgs/include/moveit_msgs/moveit_msgs/msg/cost_source.hpp\n'}
[1.542882] (moveit_msgs) StdoutLine: {'line': b'-- Up-to-date: /home/yadhu/ur3e/src/install/moveit_msgs/include/moveit_msgs/moveit_msgs/msg/move_it_error_codes.hpp\n'}
[1.542906] (moveit_msgs) StdoutLine: {'line': b'-- Up-to-date: /home/yadhu/ur3e/src/install/moveit_msgs/include/moveit_msgs/moveit_msgs/srv\n'}
[1.542931] (moveit_msgs) StdoutLine: {'line': b'-- Up-to-date: /home/yadhu/ur3e/src/install/moveit_msgs/include/moveit_msgs/moveit_msgs/srv/get_position_fk.hpp\n'}
[1.542955] (moveit_msgs) StdoutLine: {'line': b'-- Up-to-date: /home/yadhu/ur3e/src/install/moveit_msgs/include/moveit_msgs/moveit_msgs/srv/grasp_planning.hpp\n'}
[1.542980] (moveit_msgs) StdoutLine: {'line': b'-- Up-to-date: /home/yadhu/ur3e/src/install/moveit_msgs/include/moveit_msgs/moveit_msgs/srv/delete_robot_state_from_warehouse.hpp\n'}
[1.543004] (moveit_msgs) StdoutLine: {'line': b'-- Up-to-date: /home/yadhu/ur3e/src/install/moveit_msgs/include/moveit_msgs/moveit_msgs/srv/get_cartesian_path.hpp\n'}
[1.543029] (moveit_msgs) StdoutLine: {'line': b'-- Up-to-date: /home/yadhu/ur3e/src/install/moveit_msgs/include/moveit_msgs/moveit_msgs/srv/update_pointcloud_octomap.hpp\n'}
[1.543052] (moveit_msgs) StdoutLine: {'line': b'-- Up-to-date: /home/yadhu/ur3e/src/install/moveit_msgs/include/moveit_msgs/moveit_msgs/srv/change_control_dimensions.hpp\n'}
[1.543076] (moveit_msgs) StdoutLine: {'line': b'-- Up-to-date: /home/yadhu/ur3e/src/install/moveit_msgs/include/moveit_msgs/moveit_msgs/srv/list_robot_states_in_warehouse.hpp\n'}
[1.543100] (moveit_msgs) StdoutLine: {'line': b'-- Up-to-date: /home/yadhu/ur3e/src/install/moveit_msgs/include/moveit_msgs/moveit_msgs/srv/apply_planning_scene.hpp\n'}
[1.543123] (moveit_msgs) StdoutLine: {'line': b'-- Up-to-date: /home/yadhu/ur3e/src/install/moveit_msgs/include/moveit_msgs/moveit_msgs/srv/save_map.hpp\n'}
[1.543148] (moveit_msgs) StdoutLine: {'line': b'-- Up-to-date: /home/yadhu/ur3e/src/install/moveit_msgs/include/moveit_msgs/moveit_msgs/srv/set_planner_params.hpp\n'}
[1.543172] (moveit_msgs) StdoutLine: {'line': b'-- Up-to-date: /home/yadhu/ur3e/src/install/moveit_msgs/include/moveit_msgs/moveit_msgs/srv/query_planner_interfaces.hpp\n'}
[1.543198] (moveit_msgs) StdoutLine: {'line': b'-- Up-to-date: /home/yadhu/ur3e/src/install/moveit_msgs/include/moveit_msgs/moveit_msgs/srv/get_robot_state_from_warehouse.hpp\n'}
[1.543223] (moveit_msgs) StdoutLine: {'line': b'-- Up-to-date: /home/yadhu/ur3e/src/install/moveit_msgs/include/moveit_msgs/moveit_msgs/srv/detail\n'}
[1.543250] (moveit_msgs) StdoutLine: {'line': b'-- Up-to-date: /home/yadhu/ur3e/src/install/moveit_msgs/include/moveit_msgs/moveit_msgs/srv/detail/delete_robot_state_from_warehouse__traits.hpp\n'}
[1.543275] (moveit_msgs) StdoutLine: {'line': b'-- Up-to-date: /home/yadhu/ur3e/src/install/moveit_msgs/include/moveit_msgs/moveit_msgs/srv/detail/load_map__builder.hpp\n'}
[1.543299] (moveit_msgs) StdoutLine: {'line': b'-- Up-to-date: /home/yadhu/ur3e/src/install/moveit_msgs/include/moveit_msgs/moveit_msgs/srv/detail/save_map__traits.hpp\n'}
[1.543323] (moveit_msgs) StdoutLine: {'line': b'-- Up-to-date: /home/yadhu/ur3e/src/install/moveit_msgs/include/moveit_msgs/moveit_msgs/srv/detail/set_planner_params__builder.hpp\n'}
[1.543346] (moveit_msgs) StdoutLine: {'line': b'-- Up-to-date: /home/yadhu/ur3e/src/install/moveit_msgs/include/moveit_msgs/moveit_msgs/srv/detail/get_state_validity__builder.hpp\n'}
[1.543370] (moveit_msgs) StdoutLine: {'line': b'-- Up-to-date: /home/yadhu/ur3e/src/install/moveit_msgs/include/moveit_msgs/moveit_msgs/srv/detail/get_planner_params__struct.hpp\n'}
[1.543394] (moveit_msgs) StdoutLine: {'line': b'-- Up-to-date: /home/yadhu/ur3e/src/install/moveit_msgs/include/moveit_msgs/moveit_msgs/srv/detail/get_position_fk__traits.hpp\n'}
[1.543419] (moveit_msgs) StdoutLine: {'line': b'-- Up-to-date: /home/yadhu/ur3e/src/install/moveit_msgs/include/moveit_msgs/moveit_msgs/srv/detail/apply_planning_scene__struct.hpp\n'}
[1.543443] (moveit_msgs) StdoutLine: {'line': b'-- Up-to-date: /home/yadhu/ur3e/src/install/moveit_msgs/include/moveit_msgs/moveit_msgs/srv/detail/save_robot_state_to_warehouse__struct.hpp\n'}
[1.543467] (moveit_msgs) StdoutLine: {'line': b'-- Up-to-date: /home/yadhu/ur3e/src/install/moveit_msgs/include/moveit_msgs/moveit_msgs/srv/detail/save_robot_state_to_warehouse__traits.hpp\n'}
[1.543492] (moveit_msgs) StdoutLine: {'line': b'-- Up-to-date: /home/yadhu/ur3e/src/install/moveit_msgs/include/moveit_msgs/moveit_msgs/srv/detail/save_robot_state_to_warehouse__builder.hpp\n'}
[1.543520] (moveit_msgs) StdoutLine: {'line': b'-- Up-to-date: /home/yadhu/ur3e/src/install/moveit_msgs/include/moveit_msgs/moveit_msgs/srv/detail/query_planner_interfaces__struct.hpp\n'}
[1.543545] (moveit_msgs) StdoutLine: {'line': b'-- Up-to-date: /home/yadhu/ur3e/src/install/moveit_msgs/include/moveit_msgs/moveit_msgs/srv/detail/grasp_planning__builder.hpp\n'}
[1.543569] (moveit_msgs) StdoutLine: {'line': b'-- Up-to-date: /home/yadhu/ur3e/src/install/moveit_msgs/include/moveit_msgs/moveit_msgs/srv/detail/set_planner_params__traits.hpp\n'}
[1.543595] (moveit_msgs) StdoutLine: {'line': b'-- Up-to-date: /home/yadhu/ur3e/src/install/moveit_msgs/include/moveit_msgs/moveit_msgs/srv/detail/load_map__traits.hpp\n'}
[1.543619] (moveit_msgs) StdoutLine: {'line': b'-- Up-to-date: /home/yadhu/ur3e/src/install/moveit_msgs/include/moveit_msgs/moveit_msgs/srv/detail/update_pointcloud_octomap__struct.hpp\n'}
[1.543643] (moveit_msgs) StdoutLine: {'line': b'-- Up-to-date: /home/yadhu/ur3e/src/install/moveit_msgs/include/moveit_msgs/moveit_msgs/srv/detail/get_robot_state_from_warehouse__builder.hpp\n'}
[1.543667] (moveit_msgs) StdoutLine: {'line': b'-- Up-to-date: /home/yadhu/ur3e/src/install/moveit_msgs/include/moveit_msgs/moveit_msgs/srv/detail/get_motion_sequence__struct.hpp\n'}
[1.543690] (moveit_msgs) StdoutLine: {'line': b'-- Up-to-date: /home/yadhu/ur3e/src/install/moveit_msgs/include/moveit_msgs/moveit_msgs/srv/detail/grasp_planning__traits.hpp\n'}
[1.543714] (moveit_msgs) StdoutLine: {'line': b'-- Up-to-date: /home/yadhu/ur3e/src/install/moveit_msgs/include/moveit_msgs/moveit_msgs/srv/detail/set_planner_params__struct.hpp\n'}
[1.543739] (moveit_msgs) StdoutLine: {'line': b'-- Up-to-date: /home/yadhu/ur3e/src/install/moveit_msgs/include/moveit_msgs/moveit_msgs/srv/detail/rename_robot_state_in_warehouse__struct.hpp\n'}
[1.543763] (moveit_msgs) StdoutLine: {'line': b'-- Up-to-date: /home/yadhu/ur3e/src/install/moveit_msgs/include/moveit_msgs/moveit_msgs/srv/detail/delete_robot_state_from_warehouse__struct.hpp\n'}
[1.543786] (moveit_msgs) StdoutLine: {'line': b'-- Up-to-date: /home/yadhu/ur3e/src/install/moveit_msgs/include/moveit_msgs/moveit_msgs/srv/detail/get_cartesian_path__struct.hpp\n'}
[1.543811] (moveit_msgs) StdoutLine: {'line': b'-- Up-to-date: /home/yadhu/ur3e/src/install/moveit_msgs/include/moveit_msgs/moveit_msgs/srv/detail/grasp_planning__struct.hpp\n'}
[1.543835] (moveit_msgs) StdoutLine: {'line': b'-- Up-to-date: /home/yadhu/ur3e/src/install/moveit_msgs/include/moveit_msgs/moveit_msgs/srv/detail/update_pointcloud_octomap__builder.hpp\n'}
[1.543859] (moveit_msgs) StdoutLine: {'line': b'-- Up-to-date: /home/yadhu/ur3e/src/install/moveit_msgs/include/moveit_msgs/moveit_msgs/srv/detail/get_state_validity__traits.hpp\n'}
[1.543883] (moveit_msgs) StdoutLine: {'line': b'-- Up-to-date: /home/yadhu/ur3e/src/install/moveit_msgs/include/moveit_msgs/moveit_msgs/srv/detail/get_planning_scene__builder.hpp\n'}
[1.543907] (moveit_msgs) StdoutLine: {'line': b'-- Up-to-date: /home/yadhu/ur3e/src/install/moveit_msgs/include/moveit_msgs/moveit_msgs/srv/detail/get_planner_params__traits.hpp\n'}
[1.543931] (moveit_msgs) StdoutLine: {'line': b'-- Up-to-date: /home/yadhu/ur3e/src/install/moveit_msgs/include/moveit_msgs/moveit_msgs/srv/detail/change_control_dimensions__builder.hpp\n'}
[1.543955] (moveit_msgs) StdoutLine: {'line': b'-- Up-to-date: /home/yadhu/ur3e/src/install/moveit_msgs/include/moveit_msgs/moveit_msgs/srv/detail/get_position_fk__builder.hpp\n'}
[1.543980] (moveit_msgs) StdoutLine: {'line': b'-- Up-to-date: /home/yadhu/ur3e/src/install/moveit_msgs/include/moveit_msgs/moveit_msgs/srv/detail/get_position_ik__struct.hpp\n'}
[1.544003] (moveit_msgs) StdoutLine: {'line': b'-- Up-to-date: /home/yadhu/ur3e/src/install/moveit_msgs/include/moveit_msgs/moveit_msgs/srv/detail/list_robot_states_in_warehouse__traits.hpp\n'}
[1.544027] (moveit_msgs) StdoutLine: {'line': b'-- Up-to-date: /home/yadhu/ur3e/src/install/moveit_msgs/include/moveit_msgs/moveit_msgs/srv/detail/update_pointcloud_octomap__traits.hpp\n'}
[1.544051] (moveit_msgs) StdoutLine: {'line': b'-- Up-to-date: /home/yadhu/ur3e/src/install/moveit_msgs/include/moveit_msgs/moveit_msgs/srv/detail/change_drift_dimensions__struct.hpp\n'}
[1.544075] (moveit_msgs) StdoutLine: {'line': b'-- Up-to-date: /home/yadhu/ur3e/src/install/moveit_msgs/include/moveit_msgs/moveit_msgs/srv/detail/change_control_dimensions__struct.hpp\n'}
[1.544101] (moveit_msgs) StdoutLine: {'line': b'-- Up-to-date: /home/yadhu/ur3e/src/install/moveit_msgs/include/moveit_msgs/moveit_msgs/srv/detail/apply_planning_scene__traits.hpp\n'}
[1.544125] (moveit_msgs) StdoutLine: {'line': b'-- Up-to-date: /home/yadhu/ur3e/src/install/moveit_msgs/include/moveit_msgs/moveit_msgs/srv/detail/query_planner_interfaces__traits.hpp\n'}
[1.544149] (moveit_msgs) StdoutLine: {'line': b'-- Up-to-date: /home/yadhu/ur3e/src/install/moveit_msgs/include/moveit_msgs/moveit_msgs/srv/detail/query_planner_interfaces__builder.hpp\n'}
[1.544173] (moveit_msgs) StdoutLine: {'line': b'-- Up-to-date: /home/yadhu/ur3e/src/install/moveit_msgs/include/moveit_msgs/moveit_msgs/srv/detail/check_if_robot_state_exists_in_warehouse__builder.hpp\n'}
[1.544198] (moveit_msgs) StdoutLine: {'line': b'-- Up-to-date: /home/yadhu/ur3e/src/install/moveit_msgs/include/moveit_msgs/moveit_msgs/srv/detail/change_control_dimensions__traits.hpp\n'}
[1.544221] (moveit_msgs) StdoutLine: {'line': b'-- Up-to-date: /home/yadhu/ur3e/src/install/moveit_msgs/include/moveit_msgs/moveit_msgs/srv/detail/get_planning_scene__traits.hpp\n'}
[1.544253] (moveit_msgs) StdoutLine: {'line': b'-- Up-to-date: /home/yadhu/ur3e/src/install/moveit_msgs/include/moveit_msgs/moveit_msgs/srv/detail/rename_robot_state_in_warehouse__builder.hpp\n'}
[1.544279] (moveit_msgs) StdoutLine: {'line': b'-- Up-to-date: /home/yadhu/ur3e/src/install/moveit_msgs/include/moveit_msgs/moveit_msgs/srv/detail/list_robot_states_in_warehouse__struct.hpp\n'}
[1.544304] (moveit_msgs) StdoutLine: {'line': b'-- Up-to-date: /home/yadhu/ur3e/src/install/moveit_msgs/include/moveit_msgs/moveit_msgs/srv/detail/get_motion_plan__struct.hpp\n'}
[1.544329] (moveit_msgs) StdoutLine: {'line': b'-- Up-to-date: /home/yadhu/ur3e/src/install/moveit_msgs/include/moveit_msgs/moveit_msgs/srv/detail/save_map__struct.hpp\n'}
[1.544354] (moveit_msgs) StdoutLine: {'line': b'-- Up-to-date: /home/yadhu/ur3e/src/install/moveit_msgs/include/moveit_msgs/moveit_msgs/srv/detail/change_drift_dimensions__builder.hpp\n'}
[1.544380] (moveit_msgs) StdoutLine: {'line': b'-- Up-to-date: /home/yadhu/ur3e/src/install/moveit_msgs/include/moveit_msgs/moveit_msgs/srv/detail/get_robot_state_from_warehouse__struct.hpp\n'}
[1.544405] (moveit_msgs) StdoutLine: {'line': b'-- Up-to-date: /home/yadhu/ur3e/src/install/moveit_msgs/include/moveit_msgs/moveit_msgs/srv/detail/apply_planning_scene__builder.hpp\n'}
[1.544429] (moveit_msgs) StdoutLine: {'line': b'-- Up-to-date: /home/yadhu/ur3e/src/install/moveit_msgs/include/moveit_msgs/moveit_msgs/srv/detail/change_drift_dimensions__traits.hpp\n'}
[1.544453] (moveit_msgs) StdoutLine: {'line': b'-- Up-to-date: /home/yadhu/ur3e/src/install/moveit_msgs/include/moveit_msgs/moveit_msgs/srv/detail/get_cartesian_path__builder.hpp\n'}
[1.544477] (moveit_msgs) StdoutLine: {'line': b'-- Up-to-date: /home/yadhu/ur3e/src/install/moveit_msgs/include/moveit_msgs/moveit_msgs/srv/detail/rename_robot_state_in_warehouse__traits.hpp\n'}
[1.544500] (moveit_msgs) StdoutLine: {'line': b'-- Up-to-date: /home/yadhu/ur3e/src/install/moveit_msgs/include/moveit_msgs/moveit_msgs/srv/detail/get_position_fk__struct.hpp\n'}
[1.544524] (moveit_msgs) StdoutLine: {'line': b'-- Up-to-date: /home/yadhu/ur3e/src/install/moveit_msgs/include/moveit_msgs/moveit_msgs/srv/detail/get_state_validity__struct.hpp\n'}
[1.544548] (moveit_msgs) StdoutLine: {'line': b'-- Up-to-date: /home/yadhu/ur3e/src/install/moveit_msgs/include/moveit_msgs/moveit_msgs/srv/detail/get_position_ik__traits.hpp\n'}
[1.544572] (moveit_msgs) StdoutLine: {'line': b'-- Up-to-date: /home/yadhu/ur3e/src/install/moveit_msgs/include/moveit_msgs/moveit_msgs/srv/detail/get_motion_sequence__builder.hpp\n'}
[1.544596] (moveit_msgs) StdoutLine: {'line': b'-- Up-to-date: /home/yadhu/ur3e/src/install/moveit_msgs/include/moveit_msgs/moveit_msgs/srv/detail/save_map__builder.hpp\n'}
[1.544620] (moveit_msgs) StdoutLine: {'line': b'-- Up-to-date: /home/yadhu/ur3e/src/install/moveit_msgs/include/moveit_msgs/moveit_msgs/srv/detail/get_planner_params__builder.hpp\n'}
[1.544645] (moveit_msgs) StdoutLine: {'line': b'-- Up-to-date: /home/yadhu/ur3e/src/install/moveit_msgs/include/moveit_msgs/moveit_msgs/srv/detail/get_cartesian_path__traits.hpp\n'}
[1.544668] (moveit_msgs) StdoutLine: {'line': b'-- Up-to-date: /home/yadhu/ur3e/src/install/moveit_msgs/include/moveit_msgs/moveit_msgs/srv/detail/check_if_robot_state_exists_in_warehouse__struct.hpp\n'}
[1.544692] (moveit_msgs) StdoutLine: {'line': b'-- Up-to-date: /home/yadhu/ur3e/src/install/moveit_msgs/include/moveit_msgs/moveit_msgs/srv/detail/delete_robot_state_from_warehouse__builder.hpp\n'}
[1.544716] (moveit_msgs) StdoutLine: {'line': b'-- Up-to-date: /home/yadhu/ur3e/src/install/moveit_msgs/include/moveit_msgs/moveit_msgs/srv/detail/get_robot_state_from_warehouse__traits.hpp\n'}
[1.544740] (moveit_msgs) StdoutLine: {'line': b'-- Up-to-date: /home/yadhu/ur3e/src/install/moveit_msgs/include/moveit_msgs/moveit_msgs/srv/detail/load_map__struct.hpp\n'}
[1.544768] (moveit_msgs) StdoutLine: {'line': b'-- Up-to-date: /home/yadhu/ur3e/src/install/moveit_msgs/include/moveit_msgs/moveit_msgs/srv/detail/get_motion_plan__builder.hpp\n'}
[1.544792] (moveit_msgs) StdoutLine: {'line': b'-- Up-to-date: /home/yadhu/ur3e/src/install/moveit_msgs/include/moveit_msgs/moveit_msgs/srv/detail/get_motion_plan__traits.hpp\n'}
[1.544819] (moveit_msgs) StdoutLine: {'line': b'-- Up-to-date: /home/yadhu/ur3e/src/install/moveit_msgs/include/moveit_msgs/moveit_msgs/srv/detail/get_planning_scene__struct.hpp\n'}
[1.544843] (moveit_msgs) StdoutLine: {'line': b'-- Up-to-date: /home/yadhu/ur3e/src/install/moveit_msgs/include/moveit_msgs/moveit_msgs/srv/detail/get_motion_sequence__traits.hpp\n'}
[1.544868] (moveit_msgs) StdoutLine: {'line': b'-- Up-to-date: /home/yadhu/ur3e/src/install/moveit_msgs/include/moveit_msgs/moveit_msgs/srv/detail/get_position_ik__builder.hpp\n'}
[1.544893] (moveit_msgs) StdoutLine: {'line': b'-- Up-to-date: /home/yadhu/ur3e/src/install/moveit_msgs/include/moveit_msgs/moveit_msgs/srv/detail/list_robot_states_in_warehouse__builder.hpp\n'}
[1.544916] (moveit_msgs) StdoutLine: {'line': b'-- Up-to-date: /home/yadhu/ur3e/src/install/moveit_msgs/include/moveit_msgs/moveit_msgs/srv/detail/check_if_robot_state_exists_in_warehouse__traits.hpp\n'}
[1.544941] (moveit_msgs) StdoutLine: {'line': b'-- Up-to-date: /home/yadhu/ur3e/src/install/moveit_msgs/include/moveit_msgs/moveit_msgs/srv/rename_robot_state_in_warehouse.hpp\n'}
[1.544965] (moveit_msgs) StdoutLine: {'line': b'-- Up-to-date: /home/yadhu/ur3e/src/install/moveit_msgs/include/moveit_msgs/moveit_msgs/srv/get_planner_params.hpp\n'}
[1.544989] (moveit_msgs) StdoutLine: {'line': b'-- Up-to-date: /home/yadhu/ur3e/src/install/moveit_msgs/include/moveit_msgs/moveit_msgs/srv/get_motion_sequence.hpp\n'}
[1.545016] (moveit_msgs) StdoutLine: {'line': b'-- Up-to-date: /home/yadhu/ur3e/src/install/moveit_msgs/include/moveit_msgs/moveit_msgs/srv/get_motion_plan.hpp\n'}
[1.545041] (moveit_msgs) StdoutLine: {'line': b'-- Up-to-date: /home/yadhu/ur3e/src/install/moveit_msgs/include/moveit_msgs/moveit_msgs/srv/change_drift_dimensions.hpp\n'}
[1.545065] (moveit_msgs) StdoutLine: {'line': b'-- Up-to-date: /home/yadhu/ur3e/src/install/moveit_msgs/include/moveit_msgs/moveit_msgs/srv/get_position_ik.hpp\n'}
[1.545090] (moveit_msgs) StdoutLine: {'line': b'-- Up-to-date: /home/yadhu/ur3e/src/install/moveit_msgs/include/moveit_msgs/moveit_msgs/srv/check_if_robot_state_exists_in_warehouse.hpp\n'}
[1.545114] (moveit_msgs) StdoutLine: {'line': b'-- Up-to-date: /home/yadhu/ur3e/src/install/moveit_msgs/include/moveit_msgs/moveit_msgs/srv/load_map.hpp\n'}
[1.545139] (moveit_msgs) StdoutLine: {'line': b'-- Up-to-date: /home/yadhu/ur3e/src/install/moveit_msgs/include/moveit_msgs/moveit_msgs/srv/get_state_validity.hpp\n'}
[1.545164] (moveit_msgs) StdoutLine: {'line': b'-- Up-to-date: /home/yadhu/ur3e/src/install/moveit_msgs/include/moveit_msgs/moveit_msgs/srv/get_planning_scene.hpp\n'}
[1.545187] (moveit_msgs) StdoutLine: {'line': b'-- Up-to-date: /home/yadhu/ur3e/src/install/moveit_msgs/include/moveit_msgs/moveit_msgs/srv/save_robot_state_to_warehouse.hpp\n'}
[1.545210] (moveit_msgs) StdoutLine: {'line': b'-- Up-to-date: /home/yadhu/ur3e/src/install/moveit_msgs/include/moveit_msgs/moveit_msgs\n'}
[1.545236] (moveit_msgs) StdoutLine: {'line': b'-- Up-to-date: /home/yadhu/ur3e/src/install/moveit_msgs/include/moveit_msgs/moveit_msgs/action\n'}
[1.545263] (moveit_msgs) StdoutLine: {'line': b'-- Up-to-date: /home/yadhu/ur3e/src/install/moveit_msgs/include/moveit_msgs/moveit_msgs/action/detail\n'}
[1.545287] (moveit_msgs) StdoutLine: {'line': b'-- Up-to-date: /home/yadhu/ur3e/src/install/moveit_msgs/include/moveit_msgs/moveit_msgs/action/detail/move_group__rosidl_typesupport_fastrtps_cpp.hpp\n'}
[1.545311] (moveit_msgs) StdoutLine: {'line': b'-- Up-to-date: /home/yadhu/ur3e/src/install/moveit_msgs/include/moveit_msgs/moveit_msgs/action/detail/execute_trajectory__rosidl_typesupport_fastrtps_cpp.hpp\n'}
[1.545335] (moveit_msgs) StdoutLine: {'line': b'-- Up-to-date: /home/yadhu/ur3e/src/install/moveit_msgs/include/moveit_msgs/moveit_msgs/action/detail/dds_fastrtps\n'}
[1.545358] (moveit_msgs) StdoutLine: {'line': b'-- Up-to-date: /home/yadhu/ur3e/src/install/moveit_msgs/include/moveit_msgs/moveit_msgs/action/detail/move_group_sequence__rosidl_typesupport_fastrtps_cpp.hpp\n'}
[1.545383] (moveit_msgs) StdoutLine: {'line': b'-- Up-to-date: /home/yadhu/ur3e/src/install/moveit_msgs/include/moveit_msgs/moveit_msgs/action/detail/global_planner__rosidl_typesupport_fastrtps_cpp.hpp\n'}
[1.545407] (moveit_msgs) StdoutLine: {'line': b'-- Up-to-date: /home/yadhu/ur3e/src/install/moveit_msgs/include/moveit_msgs/moveit_msgs/action/detail/hybrid_planner__rosidl_typesupport_fastrtps_cpp.hpp\n'}
[1.545430] (moveit_msgs) StdoutLine: {'line': b'-- Up-to-date: /home/yadhu/ur3e/src/install/moveit_msgs/include/moveit_msgs/moveit_msgs/action/detail/local_planner__rosidl_typesupport_fastrtps_cpp.hpp\n'}
[1.545454] (moveit_msgs) StdoutLine: {'line': b'-- Up-to-date: /home/yadhu/ur3e/src/install/moveit_msgs/include/moveit_msgs/moveit_msgs/action/detail/pickup__rosidl_typesupport_fastrtps_cpp.hpp\n'}
[1.545478] (moveit_msgs) StdoutLine: {'line': b'-- Up-to-date: /home/yadhu/ur3e/src/install/moveit_msgs/include/moveit_msgs/moveit_msgs/action/detail/place__rosidl_typesupport_fastrtps_cpp.hpp\n'}
[1.545501] (moveit_msgs) StdoutLine: {'line': b'-- Up-to-date: /home/yadhu/ur3e/src/install/moveit_msgs/include/moveit_msgs/moveit_msgs/msg\n'}
[1.545524] (moveit_msgs) StdoutLine: {'line': b'-- Up-to-date: /home/yadhu/ur3e/src/install/moveit_msgs/include/moveit_msgs/moveit_msgs/msg/rosidl_typesupport_fastrtps_cpp__visibility_control.h\n'}
[1.545550] (moveit_msgs) StdoutLine: {'line': b'-- Up-to-date: /home/yadhu/ur3e/src/install/moveit_msgs/include/moveit_msgs/moveit_msgs/msg/detail\n'}
[1.545574] (moveit_msgs) StdoutLine: {'line': b'-- Up-to-date: /home/yadhu/ur3e/src/install/moveit_msgs/include/moveit_msgs/moveit_msgs/msg/detail/visibility_constraint__rosidl_typesupport_fastrtps_cpp.hpp\n'}
[1.545598] (moveit_msgs) StdoutLine: {'line': b'-- Up-to-date: /home/yadhu/ur3e/src/install/moveit_msgs/include/moveit_msgs/moveit_msgs/msg/detail/constraints__rosidl_typesupport_fastrtps_cpp.hpp\n'}
[1.545621] (moveit_msgs) StdoutLine: {'line': b'-- Up-to-date: /home/yadhu/ur3e/src/install/moveit_msgs/include/moveit_msgs/moveit_msgs/msg/detail/robot_state__rosidl_typesupport_fastrtps_cpp.hpp\n'}
[1.545645] (moveit_msgs) StdoutLine: {'line': b'-- Up-to-date: /home/yadhu/ur3e/src/install/moveit_msgs/include/moveit_msgs/moveit_msgs/msg/detail/planning_options__rosidl_typesupport_fastrtps_cpp.hpp\n'}
[1.545669] (moveit_msgs) StdoutLine: {'line': b'-- Up-to-date: /home/yadhu/ur3e/src/install/moveit_msgs/include/moveit_msgs/moveit_msgs/msg/detail/planner_params__rosidl_typesupport_fastrtps_cpp.hpp\n'}
[1.545692] (moveit_msgs) StdoutLine: {'line': b'-- Up-to-date: /home/yadhu/ur3e/src/install/moveit_msgs/include/moveit_msgs/moveit_msgs/msg/detail/planning_scene_components__rosidl_typesupport_fastrtps_cpp.hpp\n'}
[1.545715] (moveit_msgs) StdoutLine: {'line': b'-- Up-to-date: /home/yadhu/ur3e/src/install/moveit_msgs/include/moveit_msgs/moveit_msgs/msg/detail/workspace_parameters__rosidl_typesupport_fastrtps_cpp.hpp\n'}
[1.545739] (moveit_msgs) StdoutLine: {'line': b'-- Up-to-date: /home/yadhu/ur3e/src/install/moveit_msgs/include/moveit_msgs/moveit_msgs/msg/detail/motion_plan_detailed_response__rosidl_typesupport_fastrtps_cpp.hpp\n'}
[1.545781] (moveit_msgs) StdoutLine: {'line': b'-- Up-to-date: /home/yadhu/ur3e/src/install/moveit_msgs/include/moveit_msgs/moveit_msgs/msg/detail/collision_object__rosidl_typesupport_fastrtps_cpp.hpp\n'}
[1.545806] (moveit_msgs) StdoutLine: {'line': b'-- Up-to-date: /home/yadhu/ur3e/src/install/moveit_msgs/include/moveit_msgs/moveit_msgs/msg/detail/cartesian_point__rosidl_typesupport_fastrtps_cpp.hpp\n'}
[1.545831] (moveit_msgs) StdoutLine: {'line': b'-- Up-to-date: /home/yadhu/ur3e/src/install/moveit_msgs/include/moveit_msgs/moveit_msgs/msg/detail/display_trajectory__rosidl_typesupport_fastrtps_cpp.hpp\n'}
[1.545854] (moveit_msgs) StdoutLine: {'line': b'-- Up-to-date: /home/yadhu/ur3e/src/install/moveit_msgs/include/moveit_msgs/moveit_msgs/msg/detail/oriented_bounding_box__rosidl_typesupport_fastrtps_cpp.hpp\n'}
[1.545878] (moveit_msgs) StdoutLine: {'line': b'-- Up-to-date: /home/yadhu/ur3e/src/install/moveit_msgs/include/moveit_msgs/moveit_msgs/msg/detail/dds_fastrtps\n'}
[1.545903] (moveit_msgs) StdoutLine: {'line': b'-- Up-to-date: /home/yadhu/ur3e/src/install/moveit_msgs/include/moveit_msgs/moveit_msgs/msg/detail/bounding_volume__rosidl_typesupport_fastrtps_cpp.hpp\n'}
[1.545926] (moveit_msgs) StdoutLine: {'line': b'-- Up-to-date: /home/yadhu/ur3e/src/install/moveit_msgs/include/moveit_msgs/moveit_msgs/msg/detail/link_scale__rosidl_typesupport_fastrtps_cpp.hpp\n'}
[1.545950] (moveit_msgs) StdoutLine: {'line': b'-- Up-to-date: /home/yadhu/ur3e/src/install/moveit_msgs/include/moveit_msgs/moveit_msgs/msg/detail/attached_collision_object__rosidl_typesupport_fastrtps_cpp.hpp\n'}
[1.545974] (moveit_msgs) StdoutLine: {'line': b'-- Up-to-date: /home/yadhu/ur3e/src/install/moveit_msgs/include/moveit_msgs/moveit_msgs/msg/detail/planning_scene__rosidl_typesupport_fastrtps_cpp.hpp\n'}
[1.545997] (moveit_msgs) StdoutLine: {'line': b'-- Up-to-date: /home/yadhu/ur3e/src/install/moveit_msgs/include/moveit_msgs/moveit_msgs/msg/detail/position_constraint__rosidl_typesupport_fastrtps_cpp.hpp\n'}
[1.546021] (moveit_msgs) StdoutLine: {'line': b'-- Up-to-date: /home/yadhu/ur3e/src/install/moveit_msgs/include/moveit_msgs/moveit_msgs/msg/detail/position_ik_request__rosidl_typesupport_fastrtps_cpp.hpp\n'}
[1.546045] (moveit_msgs) StdoutLine: {'line': b'-- Up-to-date: /home/yadhu/ur3e/src/install/moveit_msgs/include/moveit_msgs/moveit_msgs/msg/detail/motion_plan_request__rosidl_typesupport_fastrtps_cpp.hpp\n'}
[1.546070] (moveit_msgs) StdoutLine: {'line': b'-- Up-to-date: /home/yadhu/ur3e/src/install/moveit_msgs/include/moveit_msgs/moveit_msgs/msg/detail/motion_sequence_request__rosidl_typesupport_fastrtps_cpp.hpp\n'}
[1.546093] (moveit_msgs) StdoutLine: {'line': b'-- Up-to-date: /home/yadhu/ur3e/src/install/moveit_msgs/include/moveit_msgs/moveit_msgs/msg/detail/object_color__rosidl_typesupport_fastrtps_cpp.hpp\n'}
[1.546118] (moveit_msgs) StdoutLine: {'line': b'-- Up-to-date: /home/yadhu/ur3e/src/install/moveit_msgs/include/moveit_msgs/moveit_msgs/msg/detail/planner_interface_description__rosidl_typesupport_fastrtps_cpp.hpp\n'}
[1.546142] (moveit_msgs) StdoutLine: {'line': b'-- Up-to-date: /home/yadhu/ur3e/src/install/moveit_msgs/include/moveit_msgs/moveit_msgs/msg/detail/planning_scene_world__rosidl_typesupport_fastrtps_cpp.hpp\n'}
[1.546168] (moveit_msgs) StdoutLine: {'line': b'-- Up-to-date: /home/yadhu/ur3e/src/install/moveit_msgs/include/moveit_msgs/moveit_msgs/msg/detail/gripper_translation__rosidl_typesupport_fastrtps_cpp.hpp\n'}
[1.546191] (moveit_msgs) StdoutLine: {'line': b'-- Up-to-date: /home/yadhu/ur3e/src/install/moveit_msgs/include/moveit_msgs/moveit_msgs/msg/detail/place_location__rosidl_typesupport_fastrtps_cpp.hpp\n'}
[1.546215] (moveit_msgs) StdoutLine: {'line': b'-- Up-to-date: /home/yadhu/ur3e/src/install/moveit_msgs/include/moveit_msgs/moveit_msgs/msg/detail/cartesian_trajectory_point__rosidl_typesupport_fastrtps_cpp.hpp\n'}
[1.546246] (moveit_msgs) StdoutLine: {'line': b'-- Up-to-date: /home/yadhu/ur3e/src/install/moveit_msgs/include/moveit_msgs/moveit_msgs/msg/detail/generic_trajectory__rosidl_typesupport_fastrtps_cpp.hpp\n'}
[1.546272] (moveit_msgs) StdoutLine: {'line': b'-- Up-to-date: /home/yadhu/ur3e/src/install/moveit_msgs/include/moveit_msgs/moveit_msgs/msg/detail/robot_trajectory__rosidl_typesupport_fastrtps_cpp.hpp\n'}
[1.546296] (moveit_msgs) StdoutLine: {'line': b'-- Up-to-date: /home/yadhu/ur3e/src/install/moveit_msgs/include/moveit_msgs/moveit_msgs/msg/detail/display_robot_state__rosidl_typesupport_fastrtps_cpp.hpp\n'}
[1.546321] (moveit_msgs) StdoutLine: {'line': b'-- Up-to-date: /home/yadhu/ur3e/src/install/moveit_msgs/include/moveit_msgs/moveit_msgs/msg/detail/move_it_error_codes__rosidl_typesupport_fastrtps_cpp.hpp\n'}
[1.546347] (moveit_msgs) StdoutLine: {'line': b'-- Up-to-date: /home/yadhu/ur3e/src/install/moveit_msgs/include/moveit_msgs/moveit_msgs/msg/detail/kinematic_solver_info__rosidl_typesupport_fastrtps_cpp.hpp\n'}
[1.546371] (moveit_msgs) StdoutLine: {'line': b'-- Up-to-date: /home/yadhu/ur3e/src/install/moveit_msgs/include/moveit_msgs/moveit_msgs/msg/detail/cost_source__rosidl_typesupport_fastrtps_cpp.hpp\n'}
[1.546397] (moveit_msgs) StdoutLine: {'line': b'-- Up-to-date: /home/yadhu/ur3e/src/install/moveit_msgs/include/moveit_msgs/moveit_msgs/msg/detail/trajectory_constraints__rosidl_typesupport_fastrtps_cpp.hpp\n'}
[1.546422] (moveit_msgs) StdoutLine: {'line': b'-- Up-to-date: /home/yadhu/ur3e/src/install/moveit_msgs/include/moveit_msgs/moveit_msgs/msg/detail/cartesian_trajectory__rosidl_typesupport_fastrtps_cpp.hpp\n'}
[1.546449] (moveit_msgs) StdoutLine: {'line': b'-- Up-to-date: /home/yadhu/ur3e/src/install/moveit_msgs/include/moveit_msgs/moveit_msgs/msg/detail/link_padding__rosidl_typesupport_fastrtps_cpp.hpp\n'}
[1.546473] (moveit_msgs) StdoutLine: {'line': b'-- Up-to-date: /home/yadhu/ur3e/src/install/moveit_msgs/include/moveit_msgs/moveit_msgs/msg/detail/grasp__rosidl_typesupport_fastrtps_cpp.hpp\n'}
[1.546497] (moveit_msgs) StdoutLine: {'line': b'-- Up-to-date: /home/yadhu/ur3e/src/install/moveit_msgs/include/moveit_msgs/moveit_msgs/msg/detail/allowed_collision_matrix__rosidl_typesupport_fastrtps_cpp.hpp\n'}
[1.546521] (moveit_msgs) StdoutLine: {'line': b'-- Up-to-date: /home/yadhu/ur3e/src/install/moveit_msgs/include/moveit_msgs/moveit_msgs/msg/detail/motion_sequence_item__rosidl_typesupport_fastrtps_cpp.hpp\n'}
[1.546545] (moveit_msgs) StdoutLine: {'line': b'-- Up-to-date: /home/yadhu/ur3e/src/install/moveit_msgs/include/moveit_msgs/moveit_msgs/msg/detail/allowed_collision_entry__rosidl_typesupport_fastrtps_cpp.hpp\n'}
[1.546569] (moveit_msgs) StdoutLine: {'line': b'-- Up-to-date: /home/yadhu/ur3e/src/install/moveit_msgs/include/moveit_msgs/moveit_msgs/msg/detail/contact_information__rosidl_typesupport_fastrtps_cpp.hpp\n'}
[1.546593] (moveit_msgs) StdoutLine: {'line': b'-- Up-to-date: /home/yadhu/ur3e/src/install/moveit_msgs/include/moveit_msgs/moveit_msgs/msg/detail/motion_sequence_response__rosidl_typesupport_fastrtps_cpp.hpp\n'}
[1.546618] (moveit_msgs) StdoutLine: {'line': b'-- Up-to-date: /home/yadhu/ur3e/src/install/moveit_msgs/include/moveit_msgs/moveit_msgs/msg/detail/joint_limits__rosidl_typesupport_fastrtps_cpp.hpp\n'}
[1.546641] (moveit_msgs) StdoutLine: {'line': b'-- Up-to-date: /home/yadhu/ur3e/src/install/moveit_msgs/include/moveit_msgs/moveit_msgs/msg/detail/constraint_eval_result__rosidl_typesupport_fastrtps_cpp.hpp\n'}
[1.546665] (moveit_msgs) StdoutLine: {'line': b'-- Up-to-date: /home/yadhu/ur3e/src/install/moveit_msgs/include/moveit_msgs/moveit_msgs/msg/detail/joint_constraint__rosidl_typesupport_fastrtps_cpp.hpp\n'}
[1.546689] (moveit_msgs) StdoutLine: {'line': b'-- Up-to-date: /home/yadhu/ur3e/src/install/moveit_msgs/include/moveit_msgs/moveit_msgs/msg/detail/motion_plan_response__rosidl_typesupport_fastrtps_cpp.hpp\n'}
[1.546713] (moveit_msgs) StdoutLine: {'line': b'-- Up-to-date: /home/yadhu/ur3e/src/install/moveit_msgs/include/moveit_msgs/moveit_msgs/msg/detail/orientation_constraint__rosidl_typesupport_fastrtps_cpp.hpp\n'}
[1.546738] (moveit_msgs) StdoutLine: {'line': b'-- Up-to-date: /home/yadhu/ur3e/src/install/moveit_msgs/include/moveit_msgs/moveit_msgs/srv\n'}
[1.546762] (moveit_msgs) StdoutLine: {'line': b'-- Up-to-date: /home/yadhu/ur3e/src/install/moveit_msgs/include/moveit_msgs/moveit_msgs/srv/detail\n'}
[1.546786] (moveit_msgs) StdoutLine: {'line': b'-- Up-to-date: /home/yadhu/ur3e/src/install/moveit_msgs/include/moveit_msgs/moveit_msgs/srv/detail/save_map__rosidl_typesupport_fastrtps_cpp.hpp\n'}
[1.546813] (moveit_msgs) StdoutLine: {'line': b'-- Up-to-date: /home/yadhu/ur3e/src/install/moveit_msgs/include/moveit_msgs/moveit_msgs/srv/detail/rename_robot_state_in_warehouse__rosidl_typesupport_fastrtps_cpp.hpp\n'}
[1.546838] (moveit_msgs) StdoutLine: {'line': b'-- Up-to-date: /home/yadhu/ur3e/src/install/moveit_msgs/include/moveit_msgs/moveit_msgs/srv/detail/get_planning_scene__rosidl_typesupport_fastrtps_cpp.hpp\n'}
[1.546862] (moveit_msgs) StdoutLine: {'line': b'-- Up-to-date: /home/yadhu/ur3e/src/install/moveit_msgs/include/moveit_msgs/moveit_msgs/srv/detail/dds_fastrtps\n'}
[1.546887] (moveit_msgs) StdoutLine: {'line': b'-- Up-to-date: /home/yadhu/ur3e/src/install/moveit_msgs/include/moveit_msgs/moveit_msgs/srv/detail/get_motion_sequence__rosidl_typesupport_fastrtps_cpp.hpp\n'}
[1.546911] (moveit_msgs) StdoutLine: {'line': b'-- Up-to-date: /home/yadhu/ur3e/src/install/moveit_msgs/include/moveit_msgs/moveit_msgs/srv/detail/get_position_ik__rosidl_typesupport_fastrtps_cpp.hpp\n'}
[1.546950] (moveit_msgs) StdoutLine: {'line': b'-- Up-to-date: /home/yadhu/ur3e/src/install/moveit_msgs/include/moveit_msgs/moveit_msgs/srv/detail/query_planner_interfaces__rosidl_typesupport_fastrtps_cpp.hpp\n'}
[1.546973] (moveit_msgs) StdoutLine: {'line': b'-- Up-to-date: /home/yadhu/ur3e/src/install/moveit_msgs/include/moveit_msgs/moveit_msgs/srv/detail/get_planner_params__rosidl_typesupport_fastrtps_cpp.hpp\n'}
[1.546997] (moveit_msgs) StdoutLine: {'line': b'-- Up-to-date: /home/yadhu/ur3e/src/install/moveit_msgs/include/moveit_msgs/moveit_msgs/srv/detail/change_control_dimensions__rosidl_typesupport_fastrtps_cpp.hpp\n'}
[1.547021] (moveit_msgs) StdoutLine: {'line': b'-- Up-to-date: /home/yadhu/ur3e/src/install/moveit_msgs/include/moveit_msgs/moveit_msgs/srv/detail/update_pointcloud_octomap__rosidl_typesupport_fastrtps_cpp.hpp\n'}
[1.547044] (moveit_msgs) StdoutLine: {'line': b'-- Up-to-date: /home/yadhu/ur3e/src/install/moveit_msgs/include/moveit_msgs/moveit_msgs/srv/detail/delete_robot_state_from_warehouse__rosidl_typesupport_fastrtps_cpp.hpp\n'}
[1.547067] (moveit_msgs) StdoutLine: {'line': b'-- Up-to-date: /home/yadhu/ur3e/src/install/moveit_msgs/include/moveit_msgs/moveit_msgs/srv/detail/get_cartesian_path__rosidl_typesupport_fastrtps_cpp.hpp\n'}
[1.547090] (moveit_msgs) StdoutLine: {'line': b'-- Up-to-date: /home/yadhu/ur3e/src/install/moveit_msgs/include/moveit_msgs/moveit_msgs/srv/detail/get_state_validity__rosidl_typesupport_fastrtps_cpp.hpp\n'}
[1.547116] (moveit_msgs) StdoutLine: {'line': b'-- Up-to-date: /home/yadhu/ur3e/src/install/moveit_msgs/include/moveit_msgs/moveit_msgs/srv/detail/get_position_fk__rosidl_typesupport_fastrtps_cpp.hpp\n'}
[1.547141] (moveit_msgs) StdoutLine: {'line': b'-- Up-to-date: /home/yadhu/ur3e/src/install/moveit_msgs/include/moveit_msgs/moveit_msgs/srv/detail/list_robot_states_in_warehouse__rosidl_typesupport_fastrtps_cpp.hpp\n'}
[1.547164] (moveit_msgs) StdoutLine: {'line': b'-- Up-to-date: /home/yadhu/ur3e/src/install/moveit_msgs/include/moveit_msgs/moveit_msgs/srv/detail/get_motion_plan__rosidl_typesupport_fastrtps_cpp.hpp\n'}
[1.547188] (moveit_msgs) StdoutLine: {'line': b'-- Up-to-date: /home/yadhu/ur3e/src/install/moveit_msgs/include/moveit_msgs/moveit_msgs/srv/detail/save_robot_state_to_warehouse__rosidl_typesupport_fastrtps_cpp.hpp\n'}
[1.547211] (moveit_msgs) StdoutLine: {'line': b'-- Up-to-date: /home/yadhu/ur3e/src/install/moveit_msgs/include/moveit_msgs/moveit_msgs/srv/detail/load_map__rosidl_typesupport_fastrtps_cpp.hpp\n'}
[1.547236] (moveit_msgs) StdoutLine: {'line': b'-- Up-to-date: /home/yadhu/ur3e/src/install/moveit_msgs/include/moveit_msgs/moveit_msgs/srv/detail/get_robot_state_from_warehouse__rosidl_typesupport_fastrtps_cpp.hpp\n'}
[1.547262] (moveit_msgs) StdoutLine: {'line': b'-- Up-to-date: /home/yadhu/ur3e/src/install/moveit_msgs/include/moveit_msgs/moveit_msgs/srv/detail/change_drift_dimensions__rosidl_typesupport_fastrtps_cpp.hpp\n'}
[1.547286] (moveit_msgs) StdoutLine: {'line': b'-- Up-to-date: /home/yadhu/ur3e/src/install/moveit_msgs/include/moveit_msgs/moveit_msgs/srv/detail/set_planner_params__rosidl_typesupport_fastrtps_cpp.hpp\n'}
[1.547309] (moveit_msgs) StdoutLine: {'line': b'-- Up-to-date: /home/yadhu/ur3e/src/install/moveit_msgs/include/moveit_msgs/moveit_msgs/srv/detail/check_if_robot_state_exists_in_warehouse__rosidl_typesupport_fastrtps_cpp.hpp\n'}
[1.547335] (moveit_msgs) StdoutLine: {'line': b'-- Up-to-date: /home/yadhu/ur3e/src/install/moveit_msgs/include/moveit_msgs/moveit_msgs/srv/detail/grasp_planning__rosidl_typesupport_fastrtps_cpp.hpp\n'}
[1.547358] (moveit_msgs) StdoutLine: {'line': b'-- Up-to-date: /home/yadhu/ur3e/src/install/moveit_msgs/include/moveit_msgs/moveit_msgs/srv/detail/apply_planning_scene__rosidl_typesupport_fastrtps_cpp.hpp\n'}
[1.547384] (moveit_msgs) StdoutLine: {'line': b'-- Up-to-date: /home/yadhu/ur3e/src/install/moveit_msgs/lib/libmoveit_msgs__rosidl_typesupport_fastrtps_cpp.so\n'}
[1.547409] (moveit_msgs) StdoutLine: {'line': b'-- Up-to-date: /home/yadhu/ur3e/src/install/moveit_msgs/include/moveit_msgs/moveit_msgs\n'}
[1.547433] (moveit_msgs) StdoutLine: {'line': b'-- Up-to-date: /home/yadhu/ur3e/src/install/moveit_msgs/include/moveit_msgs/moveit_msgs/action\n'}
[1.547459] (moveit_msgs) StdoutLine: {'line': b'-- Up-to-date: /home/yadhu/ur3e/src/install/moveit_msgs/include/moveit_msgs/moveit_msgs/action/detail\n'}
[1.547483] (moveit_msgs) StdoutLine: {'line': b'-- Up-to-date: /home/yadhu/ur3e/src/install/moveit_msgs/include/moveit_msgs/moveit_msgs/action/detail/hybrid_planner__rosidl_typesupport_introspection_cpp.hpp\n'}
[1.547507] (moveit_msgs) StdoutLine: {'line': b'-- Up-to-date: /home/yadhu/ur3e/src/install/moveit_msgs/include/moveit_msgs/moveit_msgs/action/detail/place__type_support.cpp\n'}
[1.547532] (moveit_msgs) StdoutLine: {'line': b'-- Up-to-date: /home/yadhu/ur3e/src/install/moveit_msgs/include/moveit_msgs/moveit_msgs/action/detail/local_planner__rosidl_typesupport_introspection_cpp.hpp\n'}
[1.547556] (moveit_msgs) StdoutLine: {'line': b'-- Up-to-date: /home/yadhu/ur3e/src/install/moveit_msgs/include/moveit_msgs/moveit_msgs/action/detail/move_group_sequence__type_support.cpp\n'}
[1.547579] (moveit_msgs) StdoutLine: {'line': b'-- Up-to-date: /home/yadhu/ur3e/src/install/moveit_msgs/include/moveit_msgs/moveit_msgs/action/detail/hybrid_planner__type_support.cpp\n'}
[1.547602] (moveit_msgs) StdoutLine: {'line': b'-- Up-to-date: /home/yadhu/ur3e/src/install/moveit_msgs/include/moveit_msgs/moveit_msgs/action/detail/global_planner__type_support.cpp\n'}
[1.547626] (moveit_msgs) StdoutLine: {'line': b'-- Up-to-date: /home/yadhu/ur3e/src/install/moveit_msgs/include/moveit_msgs/moveit_msgs/action/detail/pickup__type_support.cpp\n'}
[1.547650] (moveit_msgs) StdoutLine: {'line': b'-- Up-to-date: /home/yadhu/ur3e/src/install/moveit_msgs/include/moveit_msgs/moveit_msgs/action/detail/pickup__rosidl_typesupport_introspection_cpp.hpp\n'}
[1.547674] (moveit_msgs) StdoutLine: {'line': b'-- Up-to-date: /home/yadhu/ur3e/src/install/moveit_msgs/include/moveit_msgs/moveit_msgs/action/detail/move_group__rosidl_typesupport_introspection_cpp.hpp\n'}
[1.547698] (moveit_msgs) StdoutLine: {'line': b'-- Up-to-date: /home/yadhu/ur3e/src/install/moveit_msgs/include/moveit_msgs/moveit_msgs/action/detail/execute_trajectory__rosidl_typesupport_introspection_cpp.hpp\n'}
[1.547722] (moveit_msgs) StdoutLine: {'line': b'-- Up-to-date: /home/yadhu/ur3e/src/install/moveit_msgs/include/moveit_msgs/moveit_msgs/action/detail/move_group_sequence__rosidl_typesupport_introspection_cpp.hpp\n'}
[1.547746] (moveit_msgs) StdoutLine: {'line': b'-- Up-to-date: /home/yadhu/ur3e/src/install/moveit_msgs/include/moveit_msgs/moveit_msgs/action/detail/place__rosidl_typesupport_introspection_cpp.hpp\n'}
[1.547770] (moveit_msgs) StdoutLine: {'line': b'-- Up-to-date: /home/yadhu/ur3e/src/install/moveit_msgs/include/moveit_msgs/moveit_msgs/action/detail/local_planner__type_support.cpp\n'}
[1.547797] (moveit_msgs) StdoutLine: {'line': b'-- Up-to-date: /home/yadhu/ur3e/src/install/moveit_msgs/include/moveit_msgs/moveit_msgs/action/detail/global_planner__rosidl_typesupport_introspection_cpp.hpp\n'}
[1.547821] (moveit_msgs) StdoutLine: {'line': b'-- Up-to-date: /home/yadhu/ur3e/src/install/moveit_msgs/include/moveit_msgs/moveit_msgs/action/detail/execute_trajectory__type_support.cpp\n'}
[1.547845] (moveit_msgs) StdoutLine: {'line': b'-- Up-to-date: /home/yadhu/ur3e/src/install/moveit_msgs/include/moveit_msgs/moveit_msgs/action/detail/move_group__type_support.cpp\n'}
[1.547869] (moveit_msgs) StdoutLine: {'line': b'-- Up-to-date: /home/yadhu/ur3e/src/install/moveit_msgs/include/moveit_msgs/moveit_msgs/msg\n'}
[1.547893] (moveit_msgs) StdoutLine: {'line': b'-- Up-to-date: /home/yadhu/ur3e/src/install/moveit_msgs/include/moveit_msgs/moveit_msgs/msg/detail\n'}
[1.547918] (moveit_msgs) StdoutLine: {'line': b'-- Up-to-date: /home/yadhu/ur3e/src/install/moveit_msgs/include/moveit_msgs/moveit_msgs/msg/detail/workspace_parameters__type_support.cpp\n'}
[1.547942] (moveit_msgs) StdoutLine: {'line': b'-- Up-to-date: /home/yadhu/ur3e/src/install/moveit_msgs/include/moveit_msgs/moveit_msgs/msg/detail/trajectory_constraints__rosidl_typesupport_introspection_cpp.hpp\n'}
[1.547967] (moveit_msgs) StdoutLine: {'line': b'-- Up-to-date: /home/yadhu/ur3e/src/install/moveit_msgs/include/moveit_msgs/moveit_msgs/msg/detail/motion_sequence_item__type_support.cpp\n'}
[1.547991] (moveit_msgs) StdoutLine: {'line': b'-- Up-to-date: /home/yadhu/ur3e/src/install/moveit_msgs/include/moveit_msgs/moveit_msgs/msg/detail/planning_options__rosidl_typesupport_introspection_cpp.hpp\n'}
[1.548015] (moveit_msgs) StdoutLine: {'line': b'-- Up-to-date: /home/yadhu/ur3e/src/install/moveit_msgs/include/moveit_msgs/moveit_msgs/msg/detail/cartesian_trajectory_point__type_support.cpp\n'}
[1.548040] (moveit_msgs) StdoutLine: {'line': b'-- Up-to-date: /home/yadhu/ur3e/src/install/moveit_msgs/include/moveit_msgs/moveit_msgs/msg/detail/display_trajectory__type_support.cpp\n'}
[1.548064] (moveit_msgs) StdoutLine: {'line': b'-- Up-to-date: /home/yadhu/ur3e/src/install/moveit_msgs/include/moveit_msgs/moveit_msgs/msg/detail/planning_scene_world__type_support.cpp\n'}
[1.548088] (moveit_msgs) StdoutLine: {'line': b'-- Up-to-date: /home/yadhu/ur3e/src/install/moveit_msgs/include/moveit_msgs/moveit_msgs/msg/detail/planning_scene_components__type_support.cpp\n'}
[1.548120] (moveit_msgs) StdoutLine: {'line': b'-- Up-to-date: /home/yadhu/ur3e/src/install/moveit_msgs/include/moveit_msgs/moveit_msgs/msg/detail/visibility_constraint__rosidl_typesupport_introspection_cpp.hpp\n'}
[1.548144] (moveit_msgs) StdoutLine: {'line': b'-- Up-to-date: /home/yadhu/ur3e/src/install/moveit_msgs/include/moveit_msgs/moveit_msgs/msg/detail/constraints__type_support.cpp\n'}
[1.548168] (moveit_msgs) StdoutLine: {'line': b'-- Up-to-date: /home/yadhu/ur3e/src/install/moveit_msgs/include/moveit_msgs/moveit_msgs/msg/detail/cost_source__type_support.cpp\n'}
[1.548192] (moveit_msgs) StdoutLine: {'line': b'-- Up-to-date: /home/yadhu/ur3e/src/install/moveit_msgs/include/moveit_msgs/moveit_msgs/msg/detail/planner_interface_description__rosidl_typesupport_introspection_cpp.hpp\n'}
[1.548216] (moveit_msgs) StdoutLine: {'line': b'-- Up-to-date: /home/yadhu/ur3e/src/install/moveit_msgs/include/moveit_msgs/moveit_msgs/msg/detail/position_constraint__rosidl_typesupport_introspection_cpp.hpp\n'}
[1.548244] (moveit_msgs) StdoutLine: {'line': b'-- Up-to-date: /home/yadhu/ur3e/src/install/moveit_msgs/include/moveit_msgs/moveit_msgs/msg/detail/joint_constraint__type_support.cpp\n'}
[1.548271] (moveit_msgs) StdoutLine: {'line': b'-- Up-to-date: /home/yadhu/ur3e/src/install/moveit_msgs/include/moveit_msgs/moveit_msgs/msg/detail/motion_plan_detailed_response__type_support.cpp\n'}
[1.548295] (moveit_msgs) StdoutLine: {'line': b'-- Up-to-date: /home/yadhu/ur3e/src/install/moveit_msgs/include/moveit_msgs/moveit_msgs/msg/detail/attached_collision_object__rosidl_typesupport_introspection_cpp.hpp\n'}
[1.548320] (moveit_msgs) StdoutLine: {'line': b'-- Up-to-date: /home/yadhu/ur3e/src/install/moveit_msgs/include/moveit_msgs/moveit_msgs/msg/detail/display_robot_state__rosidl_typesupport_introspection_cpp.hpp\n'}
[1.548344] (moveit_msgs) StdoutLine: {'line': b'-- Up-to-date: /home/yadhu/ur3e/src/install/moveit_msgs/include/moveit_msgs/moveit_msgs/msg/detail/motion_plan_request__rosidl_typesupport_introspection_cpp.hpp\n'}
[1.548368] (moveit_msgs) StdoutLine: {'line': b'-- Up-to-date: /home/yadhu/ur3e/src/install/moveit_msgs/include/moveit_msgs/moveit_msgs/msg/detail/object_color__rosidl_typesupport_introspection_cpp.hpp\n'}
[1.548393] (moveit_msgs) StdoutLine: {'line': b'-- Up-to-date: /home/yadhu/ur3e/src/install/moveit_msgs/include/moveit_msgs/moveit_msgs/msg/detail/orientation_constraint__rosidl_typesupport_introspection_cpp.hpp\n'}
[1.548419] (moveit_msgs) StdoutLine: {'line': b'-- Up-to-date: /home/yadhu/ur3e/src/install/moveit_msgs/include/moveit_msgs/moveit_msgs/msg/detail/kinematic_solver_info__rosidl_typesupport_introspection_cpp.hpp\n'}
[1.548443] (moveit_msgs) StdoutLine: {'line': b'-- Up-to-date: /home/yadhu/ur3e/src/install/moveit_msgs/include/moveit_msgs/moveit_msgs/msg/detail/position_ik_request__type_support.cpp\n'}
[1.548467] (moveit_msgs) StdoutLine: {'line': b'-- Up-to-date: /home/yadhu/ur3e/src/install/moveit_msgs/include/moveit_msgs/moveit_msgs/msg/detail/bounding_volume__rosidl_typesupport_introspection_cpp.hpp\n'}
[1.548494] (moveit_msgs) StdoutLine: {'line': b'-- Up-to-date: /home/yadhu/ur3e/src/install/moveit_msgs/include/moveit_msgs/moveit_msgs/msg/detail/allowed_collision_entry__rosidl_typesupport_introspection_cpp.hpp\n'}
[1.548517] (moveit_msgs) StdoutLine: {'line': b'-- Up-to-date: /home/yadhu/ur3e/src/install/moveit_msgs/include/moveit_msgs/moveit_msgs/msg/detail/oriented_bounding_box__type_support.cpp\n'}
[1.548542] (moveit_msgs) StdoutLine: {'line': b'-- Up-to-date: /home/yadhu/ur3e/src/install/moveit_msgs/include/moveit_msgs/moveit_msgs/msg/detail/planner_params__type_support.cpp\n'}
[1.548566] (moveit_msgs) StdoutLine: {'line': b'-- Up-to-date: /home/yadhu/ur3e/src/install/moveit_msgs/include/moveit_msgs/moveit_msgs/msg/detail/gripper_translation__type_support.cpp\n'}
[1.548590] (moveit_msgs) StdoutLine: {'line': b'-- Up-to-date: /home/yadhu/ur3e/src/install/moveit_msgs/include/moveit_msgs/moveit_msgs/msg/detail/motion_sequence_response__rosidl_typesupport_introspection_cpp.hpp\n'}
[1.548614] (moveit_msgs) StdoutLine: {'line': b'-- Up-to-date: /home/yadhu/ur3e/src/install/moveit_msgs/include/moveit_msgs/moveit_msgs/msg/detail/robot_state__type_support.cpp\n'}
[1.548639] (moveit_msgs) StdoutLine: {'line': b'-- Up-to-date: /home/yadhu/ur3e/src/install/moveit_msgs/include/moveit_msgs/moveit_msgs/msg/detail/move_it_error_codes__type_support.cpp\n'}
[1.548665] (moveit_msgs) StdoutLine: {'line': b'-- Up-to-date: /home/yadhu/ur3e/src/install/moveit_msgs/include/moveit_msgs/moveit_msgs/msg/detail/gripper_translation__rosidl_typesupport_introspection_cpp.hpp\n'}
[1.548690] (moveit_msgs) StdoutLine: {'line': b'-- Up-to-date: /home/yadhu/ur3e/src/install/moveit_msgs/include/moveit_msgs/moveit_msgs/msg/detail/motion_sequence_response__type_support.cpp\n'}
[1.548714] (moveit_msgs) StdoutLine: {'line': b'-- Up-to-date: /home/yadhu/ur3e/src/install/moveit_msgs/include/moveit_msgs/moveit_msgs/msg/detail/grasp__type_support.cpp\n'}
[1.548738] (moveit_msgs) StdoutLine: {'line': b'-- Up-to-date: /home/yadhu/ur3e/src/install/moveit_msgs/include/moveit_msgs/moveit_msgs/msg/detail/joint_limits__rosidl_typesupport_introspection_cpp.hpp\n'}
[1.548763] (moveit_msgs) StdoutLine: {'line': b'-- Up-to-date: /home/yadhu/ur3e/src/install/moveit_msgs/include/moveit_msgs/moveit_msgs/msg/detail/joint_constraint__rosidl_typesupport_introspection_cpp.hpp\n'}
[1.548795] (moveit_msgs) StdoutLine: {'line': b'-- Up-to-date: /home/yadhu/ur3e/src/install/moveit_msgs/include/moveit_msgs/moveit_msgs/msg/detail/planning_options__type_support.cpp\n'}
[1.548819] (moveit_msgs) StdoutLine: {'line': b'-- Up-to-date: /home/yadhu/ur3e/src/install/moveit_msgs/include/moveit_msgs/moveit_msgs/msg/detail/cartesian_point__type_support.cpp\n'}
[1.548844] (moveit_msgs) StdoutLine: {'line': b'-- Up-to-date: /home/yadhu/ur3e/src/install/moveit_msgs/include/moveit_msgs/moveit_msgs/msg/detail/cartesian_trajectory_point__rosidl_typesupport_introspection_cpp.hpp\n'}
[1.548867] (moveit_msgs) StdoutLine: {'line': b'-- Up-to-date: /home/yadhu/ur3e/src/install/moveit_msgs/include/moveit_msgs/moveit_msgs/msg/detail/motion_sequence_request__type_support.cpp\n'}
[1.548891] (moveit_msgs) StdoutLine: {'line': b'-- Up-to-date: /home/yadhu/ur3e/src/install/moveit_msgs/include/moveit_msgs/moveit_msgs/msg/detail/position_ik_request__rosidl_typesupport_introspection_cpp.hpp\n'}
[1.548915] (moveit_msgs) StdoutLine: {'line': b'-- Up-to-date: /home/yadhu/ur3e/src/install/moveit_msgs/include/moveit_msgs/moveit_msgs/msg/detail/allowed_collision_matrix__rosidl_typesupport_introspection_cpp.hpp\n'}
[1.548941] (moveit_msgs) StdoutLine: {'line': b'-- Up-to-date: /home/yadhu/ur3e/src/install/moveit_msgs/include/moveit_msgs/moveit_msgs/msg/detail/robot_state__rosidl_typesupport_introspection_cpp.hpp\n'}
[1.548967] (moveit_msgs) StdoutLine: {'line': b'-- Up-to-date: /home/yadhu/ur3e/src/install/moveit_msgs/include/moveit_msgs/moveit_msgs/msg/detail/place_location__type_support.cpp\n'}
[1.548991] (moveit_msgs) StdoutLine: {'line': b'-- Up-to-date: /home/yadhu/ur3e/src/install/moveit_msgs/include/moveit_msgs/moveit_msgs/msg/detail/robot_trajectory__rosidl_typesupport_introspection_cpp.hpp\n'}
[1.549016] (moveit_msgs) StdoutLine: {'line': b'-- Up-to-date: /home/yadhu/ur3e/src/install/moveit_msgs/include/moveit_msgs/moveit_msgs/msg/detail/joint_limits__type_support.cpp\n'}
[1.549040] (moveit_msgs) StdoutLine: {'line': b'-- Up-to-date: /home/yadhu/ur3e/src/install/moveit_msgs/include/moveit_msgs/moveit_msgs/msg/detail/bounding_volume__type_support.cpp\n'}
[1.549065] (moveit_msgs) StdoutLine: {'line': b'-- Up-to-date: /home/yadhu/ur3e/src/install/moveit_msgs/include/moveit_msgs/moveit_msgs/msg/detail/link_padding__rosidl_typesupport_introspection_cpp.hpp\n'}
[1.549089] (moveit_msgs) StdoutLine: {'line': b'-- Up-to-date: /home/yadhu/ur3e/src/install/moveit_msgs/include/moveit_msgs/moveit_msgs/msg/detail/grasp__rosidl_typesupport_introspection_cpp.hpp\n'}
[1.549113] (moveit_msgs) StdoutLine: {'line': b'-- Up-to-date: /home/yadhu/ur3e/src/install/moveit_msgs/include/moveit_msgs/moveit_msgs/msg/detail/motion_plan_response__rosidl_typesupport_introspection_cpp.hpp\n'}
[1.549139] (moveit_msgs) StdoutLine: {'line': b'-- Up-to-date: /home/yadhu/ur3e/src/install/moveit_msgs/include/moveit_msgs/moveit_msgs/msg/detail/link_scale__type_support.cpp\n'}
[1.549164] (moveit_msgs) StdoutLine: {'line': b'-- Up-to-date: /home/yadhu/ur3e/src/install/moveit_msgs/include/moveit_msgs/moveit_msgs/msg/detail/planner_params__rosidl_typesupport_introspection_cpp.hpp\n'}
[1.549192] (moveit_msgs) StdoutLine: {'line': b'-- Up-to-date: /home/yadhu/ur3e/src/install/moveit_msgs/include/moveit_msgs/moveit_msgs/msg/detail/planning_scene_world__rosidl_typesupport_introspection_cpp.hpp\n'}
[1.549216] (moveit_msgs) StdoutLine: {'line': b'-- Up-to-date: /home/yadhu/ur3e/src/install/moveit_msgs/include/moveit_msgs/moveit_msgs/msg/detail/contact_information__rosidl_typesupport_introspection_cpp.hpp\n'}
[1.549242] (moveit_msgs) StdoutLine: {'line': b'-- Up-to-date: /home/yadhu/ur3e/src/install/moveit_msgs/include/moveit_msgs/moveit_msgs/msg/detail/position_constraint__type_support.cpp\n'}
[1.549269] (moveit_msgs) StdoutLine: {'line': b'-- Up-to-date: /home/yadhu/ur3e/src/install/moveit_msgs/include/moveit_msgs/moveit_msgs/msg/detail/workspace_parameters__rosidl_typesupport_introspection_cpp.hpp\n'}
[1.549294] (moveit_msgs) StdoutLine: {'line': b'-- Up-to-date: /home/yadhu/ur3e/src/install/moveit_msgs/include/moveit_msgs/moveit_msgs/msg/detail/planning_scene_components__rosidl_typesupport_introspection_cpp.hpp\n'}
[1.549318] (moveit_msgs) StdoutLine: {'line': b'-- Up-to-date: /home/yadhu/ur3e/src/install/moveit_msgs/include/moveit_msgs/moveit_msgs/msg/detail/motion_sequence_item__rosidl_typesupport_introspection_cpp.hpp\n'}
[1.549342] (moveit_msgs) StdoutLine: {'line': b'-- Up-to-date: /home/yadhu/ur3e/src/install/moveit_msgs/include/moveit_msgs/moveit_msgs/msg/detail/robot_trajectory__type_support.cpp\n'}
[1.549366] (moveit_msgs) StdoutLine: {'line': b'-- Up-to-date: /home/yadhu/ur3e/src/install/moveit_msgs/include/moveit_msgs/moveit_msgs/msg/detail/contact_information__type_support.cpp\n'}
[1.549390] (moveit_msgs) StdoutLine: {'line': b'-- Up-to-date: /home/yadhu/ur3e/src/install/moveit_msgs/include/moveit_msgs/moveit_msgs/msg/detail/collision_object__type_support.cpp\n'}
[1.549415] (moveit_msgs) StdoutLine: {'line': b'-- Up-to-date: /home/yadhu/ur3e/src/install/moveit_msgs/include/moveit_msgs/moveit_msgs/msg/detail/display_robot_state__type_support.cpp\n'}
[1.549441] (moveit_msgs) StdoutLine: {'line': b'-- Up-to-date: /home/yadhu/ur3e/src/install/moveit_msgs/include/moveit_msgs/moveit_msgs/msg/detail/collision_object__rosidl_typesupport_introspection_cpp.hpp\n'}
[1.549466] (moveit_msgs) StdoutLine: {'line': b'-- Up-to-date: /home/yadhu/ur3e/src/install/moveit_msgs/include/moveit_msgs/moveit_msgs/msg/detail/motion_plan_detailed_response__rosidl_typesupport_introspection_cpp.hpp\n'}
[1.549490] (moveit_msgs) StdoutLine: {'line': b'-- Up-to-date: /home/yadhu/ur3e/src/install/moveit_msgs/include/moveit_msgs/moveit_msgs/msg/detail/generic_trajectory__rosidl_typesupport_introspection_cpp.hpp\n'}
[1.549514] (moveit_msgs) StdoutLine: {'line': b'-- Up-to-date: /home/yadhu/ur3e/src/install/moveit_msgs/include/moveit_msgs/moveit_msgs/msg/detail/motion_plan_request__type_support.cpp\n'}
[1.549538] (moveit_msgs) StdoutLine: {'line': b'-- Up-to-date: /home/yadhu/ur3e/src/install/moveit_msgs/include/moveit_msgs/moveit_msgs/msg/detail/kinematic_solver_info__type_support.cpp\n'}
[1.549562] (moveit_msgs) StdoutLine: {'line': b'-- Up-to-date: /home/yadhu/ur3e/src/install/moveit_msgs/include/moveit_msgs/moveit_msgs/msg/detail/oriented_bounding_box__rosidl_typesupport_introspection_cpp.hpp\n'}
[1.549586] (moveit_msgs) StdoutLine: {'line': b'-- Up-to-date: /home/yadhu/ur3e/src/install/moveit_msgs/include/moveit_msgs/moveit_msgs/msg/detail/orientation_constraint__type_support.cpp\n'}
[1.549610] (moveit_msgs) StdoutLine: {'line': b'-- Up-to-date: /home/yadhu/ur3e/src/install/moveit_msgs/include/moveit_msgs/moveit_msgs/msg/detail/motion_plan_response__type_support.cpp\n'}
[1.549634] (moveit_msgs) StdoutLine: {'line': b'-- Up-to-date: /home/yadhu/ur3e/src/install/moveit_msgs/include/moveit_msgs/moveit_msgs/msg/detail/constraint_eval_result__type_support.cpp\n'}
[1.549658] (moveit_msgs) StdoutLine: {'line': b'-- Up-to-date: /home/yadhu/ur3e/src/install/moveit_msgs/include/moveit_msgs/moveit_msgs/msg/detail/move_it_error_codes__rosidl_typesupport_introspection_cpp.hpp\n'}
[1.549683] (moveit_msgs) StdoutLine: {'line': b'-- Up-to-date: /home/yadhu/ur3e/src/install/moveit_msgs/include/moveit_msgs/moveit_msgs/msg/detail/cartesian_trajectory__rosidl_typesupport_introspection_cpp.hpp\n'}
[1.549707] (moveit_msgs) StdoutLine: {'line': b'-- Up-to-date: /home/yadhu/ur3e/src/install/moveit_msgs/include/moveit_msgs/moveit_msgs/msg/detail/trajectory_constraints__type_support.cpp\n'}
[1.549731] (moveit_msgs) StdoutLine: {'line': b'-- Up-to-date: /home/yadhu/ur3e/src/install/moveit_msgs/include/moveit_msgs/moveit_msgs/msg/detail/motion_sequence_request__rosidl_typesupport_introspection_cpp.hpp\n'}
[1.549755] (moveit_msgs) StdoutLine: {'line': b'-- Up-to-date: /home/yadhu/ur3e/src/install/moveit_msgs/include/moveit_msgs/moveit_msgs/msg/detail/display_trajectory__rosidl_typesupport_introspection_cpp.hpp\n'}
[1.549779] (moveit_msgs) StdoutLine: {'line': b'-- Up-to-date: /home/yadhu/ur3e/src/install/moveit_msgs/include/moveit_msgs/moveit_msgs/msg/detail/constraint_eval_result__rosidl_typesupport_introspection_cpp.hpp\n'}
[1.549802] (moveit_msgs) StdoutLine: {'line': b'-- Up-to-date: /home/yadhu/ur3e/src/install/moveit_msgs/include/moveit_msgs/moveit_msgs/msg/detail/attached_collision_object__type_support.cpp\n'}
[1.549828] (moveit_msgs) StdoutLine: {'line': b'-- Up-to-date: /home/yadhu/ur3e/src/install/moveit_msgs/include/moveit_msgs/moveit_msgs/msg/detail/planner_interface_description__type_support.cpp\n'}
[1.549856] (moveit_msgs) StdoutLine: {'line': b'-- Up-to-date: /home/yadhu/ur3e/src/install/moveit_msgs/include/moveit_msgs/moveit_msgs/msg/detail/allowed_collision_matrix__type_support.cpp\n'}
[1.549881] (moveit_msgs) StdoutLine: {'line': b'-- Up-to-date: /home/yadhu/ur3e/src/install/moveit_msgs/include/moveit_msgs/moveit_msgs/msg/detail/cost_source__rosidl_typesupport_introspection_cpp.hpp\n'}
[1.549905] (moveit_msgs) StdoutLine: {'line': b'-- Up-to-date: /home/yadhu/ur3e/src/install/moveit_msgs/include/moveit_msgs/moveit_msgs/msg/detail/visibility_constraint__type_support.cpp\n'}
[1.549931] (moveit_msgs) StdoutLine: {'line': b'-- Up-to-date: /home/yadhu/ur3e/src/install/moveit_msgs/include/moveit_msgs/moveit_msgs/msg/detail/planning_scene__type_support.cpp\n'}
[1.549953] (moveit_msgs) StdoutLine: {'line': b'-- Up-to-date: /home/yadhu/ur3e/src/install/moveit_msgs/include/moveit_msgs/moveit_msgs/msg/detail/link_padding__type_support.cpp\n'}
[1.549977] (moveit_msgs) StdoutLine: {'line': b'-- Up-to-date: /home/yadhu/ur3e/src/install/moveit_msgs/include/moveit_msgs/moveit_msgs/msg/detail/object_color__type_support.cpp\n'}
[1.550001] (moveit_msgs) StdoutLine: {'line': b'-- Up-to-date: /home/yadhu/ur3e/src/install/moveit_msgs/include/moveit_msgs/moveit_msgs/msg/detail/link_scale__rosidl_typesupport_introspection_cpp.hpp\n'}
[1.550024] (moveit_msgs) StdoutLine: {'line': b'-- Up-to-date: /home/yadhu/ur3e/src/install/moveit_msgs/include/moveit_msgs/moveit_msgs/msg/detail/cartesian_point__rosidl_typesupport_introspection_cpp.hpp\n'}
[1.550049] (moveit_msgs) StdoutLine: {'line': b'-- Up-to-date: /home/yadhu/ur3e/src/install/moveit_msgs/include/moveit_msgs/moveit_msgs/msg/detail/generic_trajectory__type_support.cpp\n'}
[1.550073] (moveit_msgs) StdoutLine: {'line': b'-- Up-to-date: /home/yadhu/ur3e/src/install/moveit_msgs/include/moveit_msgs/moveit_msgs/msg/detail/allowed_collision_entry__type_support.cpp\n'}
[1.550098] (moveit_msgs) StdoutLine: {'line': b'-- Up-to-date: /home/yadhu/ur3e/src/install/moveit_msgs/include/moveit_msgs/moveit_msgs/msg/detail/constraints__rosidl_typesupport_introspection_cpp.hpp\n'}
[1.550122] (moveit_msgs) StdoutLine: {'line': b'-- Up-to-date: /home/yadhu/ur3e/src/install/moveit_msgs/include/moveit_msgs/moveit_msgs/msg/detail/place_location__rosidl_typesupport_introspection_cpp.hpp\n'}
[1.550146] (moveit_msgs) StdoutLine: {'line': b'-- Up-to-date: /home/yadhu/ur3e/src/install/moveit_msgs/include/moveit_msgs/moveit_msgs/msg/detail/planning_scene__rosidl_typesupport_introspection_cpp.hpp\n'}
[1.550170] (moveit_msgs) StdoutLine: {'line': b'-- Up-to-date: /home/yadhu/ur3e/src/install/moveit_msgs/include/moveit_msgs/moveit_msgs/msg/detail/cartesian_trajectory__type_support.cpp\n'}
[1.550194] (moveit_msgs) StdoutLine: {'line': b'-- Up-to-date: /home/yadhu/ur3e/src/install/moveit_msgs/include/moveit_msgs/moveit_msgs/srv\n'}
[1.550218] (moveit_msgs) StdoutLine: {'line': b'-- Up-to-date: /home/yadhu/ur3e/src/install/moveit_msgs/include/moveit_msgs/moveit_msgs/srv/detail\n'}
[1.550247] (moveit_msgs) StdoutLine: {'line': b'-- Up-to-date: /home/yadhu/ur3e/src/install/moveit_msgs/include/moveit_msgs/moveit_msgs/srv/detail/get_motion_plan__rosidl_typesupport_introspection_cpp.hpp\n'}
[1.550272] (moveit_msgs) StdoutLine: {'line': b'-- Up-to-date: /home/yadhu/ur3e/src/install/moveit_msgs/include/moveit_msgs/moveit_msgs/srv/detail/check_if_robot_state_exists_in_warehouse__type_support.cpp\n'}
[1.550294] (moveit_msgs) StdoutLine: {'line': b'-- Up-to-date: /home/yadhu/ur3e/src/install/moveit_msgs/include/moveit_msgs/moveit_msgs/srv/detail/update_pointcloud_octomap__type_support.cpp\n'}
[1.550318] (moveit_msgs) StdoutLine: {'line': b'-- Up-to-date: /home/yadhu/ur3e/src/install/moveit_msgs/include/moveit_msgs/moveit_msgs/srv/detail/get_state_validity__type_support.cpp\n'}
[1.550341] (moveit_msgs) StdoutLine: {'line': b'-- Up-to-date: /home/yadhu/ur3e/src/install/moveit_msgs/include/moveit_msgs/moveit_msgs/srv/detail/get_motion_sequence__rosidl_typesupport_introspection_cpp.hpp\n'}
[1.550366] (moveit_msgs) StdoutLine: {'line': b'-- Up-to-date: /home/yadhu/ur3e/src/install/moveit_msgs/include/moveit_msgs/moveit_msgs/srv/detail/change_drift_dimensions__type_support.cpp\n'}
[1.550389] (moveit_msgs) StdoutLine: {'line': b'-- Up-to-date: /home/yadhu/ur3e/src/install/moveit_msgs/include/moveit_msgs/moveit_msgs/srv/detail/get_planner_params__rosidl_typesupport_introspection_cpp.hpp\n'}
[1.550412] (moveit_msgs) StdoutLine: {'line': b'-- Up-to-date: /home/yadhu/ur3e/src/install/moveit_msgs/include/moveit_msgs/moveit_msgs/srv/detail/apply_planning_scene__rosidl_typesupport_introspection_cpp.hpp\n'}
[1.550435] (moveit_msgs) StdoutLine: {'line': b'-- Up-to-date: /home/yadhu/ur3e/src/install/moveit_msgs/include/moveit_msgs/moveit_msgs/srv/detail/save_map__type_support.cpp\n'}
[1.550460] (moveit_msgs) StdoutLine: {'line': b'-- Up-to-date: /home/yadhu/ur3e/src/install/moveit_msgs/include/moveit_msgs/moveit_msgs/srv/detail/save_robot_state_to_warehouse__type_support.cpp\n'}
[1.550482] (moveit_msgs) StdoutLine: {'line': b'-- Up-to-date: /home/yadhu/ur3e/src/install/moveit_msgs/include/moveit_msgs/moveit_msgs/srv/detail/get_cartesian_path__type_support.cpp\n'}
[1.550506] (moveit_msgs) StdoutLine: {'line': b'-- Up-to-date: /home/yadhu/ur3e/src/install/moveit_msgs/include/moveit_msgs/moveit_msgs/srv/detail/get_cartesian_path__rosidl_typesupport_introspection_cpp.hpp\n'}
[1.550530] (moveit_msgs) StdoutLine: {'line': b'-- Up-to-date: /home/yadhu/ur3e/src/install/moveit_msgs/include/moveit_msgs/moveit_msgs/srv/detail/list_robot_states_in_warehouse__type_support.cpp\n'}
[1.550556] (moveit_msgs) StdoutLine: {'line': b'-- Up-to-date: /home/yadhu/ur3e/src/install/moveit_msgs/include/moveit_msgs/moveit_msgs/srv/detail/change_control_dimensions__type_support.cpp\n'}
[1.550579] (moveit_msgs) StdoutLine: {'line': b'-- Up-to-date: /home/yadhu/ur3e/src/install/moveit_msgs/include/moveit_msgs/moveit_msgs/srv/detail/load_map__rosidl_typesupport_introspection_cpp.hpp\n'}
[1.550602] (moveit_msgs) StdoutLine: {'line': b'-- Up-to-date: /home/yadhu/ur3e/src/install/moveit_msgs/include/moveit_msgs/moveit_msgs/srv/detail/query_planner_interfaces__rosidl_typesupport_introspection_cpp.hpp\n'}
[1.550627] (moveit_msgs) StdoutLine: {'line': b'-- Up-to-date: /home/yadhu/ur3e/src/install/moveit_msgs/include/moveit_msgs/moveit_msgs/srv/detail/grasp_planning__rosidl_typesupport_introspection_cpp.hpp\n'}
[1.550650] (moveit_msgs) StdoutLine: {'line': b'-- Up-to-date: /home/yadhu/ur3e/src/install/moveit_msgs/include/moveit_msgs/moveit_msgs/srv/detail/save_robot_state_to_warehouse__rosidl_typesupport_introspection_cpp.hpp\n'}
[1.550675] (moveit_msgs) StdoutLine: {'line': b'-- Up-to-date: /home/yadhu/ur3e/src/install/moveit_msgs/include/moveit_msgs/moveit_msgs/srv/detail/get_planning_scene__type_support.cpp\n'}
[1.550700] (moveit_msgs) StdoutLine: {'line': b'-- Up-to-date: /home/yadhu/ur3e/src/install/moveit_msgs/include/moveit_msgs/moveit_msgs/srv/detail/save_map__rosidl_typesupport_introspection_cpp.hpp\n'}
[1.550722] (moveit_msgs) StdoutLine: {'line': b'-- Up-to-date: /home/yadhu/ur3e/src/install/moveit_msgs/include/moveit_msgs/moveit_msgs/srv/detail/set_planner_params__rosidl_typesupport_introspection_cpp.hpp\n'}
[1.550745] (moveit_msgs) StdoutLine: {'line': b'-- Up-to-date: /home/yadhu/ur3e/src/install/moveit_msgs/include/moveit_msgs/moveit_msgs/srv/detail/get_motion_plan__type_support.cpp\n'}
[1.550769] (moveit_msgs) StdoutLine: {'line': b'-- Up-to-date: /home/yadhu/ur3e/src/install/moveit_msgs/include/moveit_msgs/moveit_msgs/srv/detail/get_robot_state_from_warehouse__type_support.cpp\n'}
[1.550793] (moveit_msgs) StdoutLine: {'line': b'-- Up-to-date: /home/yadhu/ur3e/src/install/moveit_msgs/include/moveit_msgs/moveit_msgs/srv/detail/rename_robot_state_in_warehouse__type_support.cpp\n'}
[1.550816] (moveit_msgs) StdoutLine: {'line': b'-- Up-to-date: /home/yadhu/ur3e/src/install/moveit_msgs/include/moveit_msgs/moveit_msgs/srv/detail/get_state_validity__rosidl_typesupport_introspection_cpp.hpp\n'}
[1.550840] (moveit_msgs) StdoutLine: {'line': b'-- Up-to-date: /home/yadhu/ur3e/src/install/moveit_msgs/include/moveit_msgs/moveit_msgs/srv/detail/get_motion_sequence__type_support.cpp\n'}
[1.550863] (moveit_msgs) StdoutLine: {'line': b'-- Up-to-date: /home/yadhu/ur3e/src/install/moveit_msgs/include/moveit_msgs/moveit_msgs/srv/detail/apply_planning_scene__type_support.cpp\n'}
[1.550887] (moveit_msgs) StdoutLine: {'line': b'-- Up-to-date: /home/yadhu/ur3e/src/install/moveit_msgs/include/moveit_msgs/moveit_msgs/srv/detail/grasp_planning__type_support.cpp\n'}
[1.550910] (moveit_msgs) StdoutLine: {'line': b'-- Up-to-date: /home/yadhu/ur3e/src/install/moveit_msgs/include/moveit_msgs/moveit_msgs/srv/detail/get_robot_state_from_warehouse__rosidl_typesupport_introspection_cpp.hpp\n'}
[1.550943] (moveit_msgs) StdoutLine: {'line': b'-- Up-to-date: /home/yadhu/ur3e/src/install/moveit_msgs/include/moveit_msgs/moveit_msgs/srv/detail/delete_robot_state_from_warehouse__rosidl_typesupport_introspection_cpp.hpp\n'}
[1.550966] (moveit_msgs) StdoutLine: {'line': b'-- Up-to-date: /home/yadhu/ur3e/src/install/moveit_msgs/include/moveit_msgs/moveit_msgs/srv/detail/change_drift_dimensions__rosidl_typesupport_introspection_cpp.hpp\n'}
[1.550990] (moveit_msgs) StdoutLine: {'line': b'-- Up-to-date: /home/yadhu/ur3e/src/install/moveit_msgs/include/moveit_msgs/moveit_msgs/srv/detail/delete_robot_state_from_warehouse__type_support.cpp\n'}
[1.551013] (moveit_msgs) StdoutLine: {'line': b'-- Up-to-date: /home/yadhu/ur3e/src/install/moveit_msgs/include/moveit_msgs/moveit_msgs/srv/detail/change_control_dimensions__rosidl_typesupport_introspection_cpp.hpp\n'}
[1.551035] (moveit_msgs) StdoutLine: {'line': b'-- Up-to-date: /home/yadhu/ur3e/src/install/moveit_msgs/include/moveit_msgs/moveit_msgs/srv/detail/get_position_fk__rosidl_typesupport_introspection_cpp.hpp\n'}
[1.551058] (moveit_msgs) StdoutLine: {'line': b'-- Up-to-date: /home/yadhu/ur3e/src/install/moveit_msgs/include/moveit_msgs/moveit_msgs/srv/detail/get_position_ik__type_support.cpp\n'}
[1.551083] (moveit_msgs) StdoutLine: {'line': b'-- Up-to-date: /home/yadhu/ur3e/src/install/moveit_msgs/include/moveit_msgs/moveit_msgs/srv/detail/get_position_ik__rosidl_typesupport_introspection_cpp.hpp\n'}
[1.551106] (moveit_msgs) StdoutLine: {'line': b'-- Up-to-date: /home/yadhu/ur3e/src/install/moveit_msgs/include/moveit_msgs/moveit_msgs/srv/detail/get_position_fk__type_support.cpp\n'}
[1.551129] (moveit_msgs) StdoutLine: {'line': b'-- Up-to-date: /home/yadhu/ur3e/src/install/moveit_msgs/include/moveit_msgs/moveit_msgs/srv/detail/get_planning_scene__rosidl_typesupport_introspection_cpp.hpp\n'}
[1.551151] (moveit_msgs) StdoutLine: {'line': b'-- Up-to-date: /home/yadhu/ur3e/src/install/moveit_msgs/include/moveit_msgs/moveit_msgs/srv/detail/list_robot_states_in_warehouse__rosidl_typesupport_introspection_cpp.hpp\n'}
[1.551174] (moveit_msgs) StdoutLine: {'line': b'-- Up-to-date: /home/yadhu/ur3e/src/install/moveit_msgs/include/moveit_msgs/moveit_msgs/srv/detail/get_planner_params__type_support.cpp\n'}
[1.551200] (moveit_msgs) StdoutLine: {'line': b'-- Up-to-date: /home/yadhu/ur3e/src/install/moveit_msgs/include/moveit_msgs/moveit_msgs/srv/detail/update_pointcloud_octomap__rosidl_typesupport_introspection_cpp.hpp\n'}
[1.551224] (moveit_msgs) StdoutLine: {'line': b'-- Up-to-date: /home/yadhu/ur3e/src/install/moveit_msgs/include/moveit_msgs/moveit_msgs/srv/detail/query_planner_interfaces__type_support.cpp\n'}
[1.551250] (moveit_msgs) StdoutLine: {'line': b'-- Up-to-date: /home/yadhu/ur3e/src/install/moveit_msgs/include/moveit_msgs/moveit_msgs/srv/detail/set_planner_params__type_support.cpp\n'}
[1.551275] (moveit_msgs) StdoutLine: {'line': b'-- Up-to-date: /home/yadhu/ur3e/src/install/moveit_msgs/include/moveit_msgs/moveit_msgs/srv/detail/load_map__type_support.cpp\n'}
[1.551300] (moveit_msgs) StdoutLine: {'line': b'-- Up-to-date: /home/yadhu/ur3e/src/install/moveit_msgs/include/moveit_msgs/moveit_msgs/srv/detail/rename_robot_state_in_warehouse__rosidl_typesupport_introspection_cpp.hpp\n'}
[1.551323] (moveit_msgs) StdoutLine: {'line': b'-- Up-to-date: /home/yadhu/ur3e/src/install/moveit_msgs/include/moveit_msgs/moveit_msgs/srv/detail/check_if_robot_state_exists_in_warehouse__rosidl_typesupport_introspection_cpp.hpp\n'}
[1.551346] (moveit_msgs) StdoutLine: {'line': b'-- Up-to-date: /home/yadhu/ur3e/src/install/moveit_msgs/lib/libmoveit_msgs__rosidl_typesupport_introspection_cpp.so\n'}
[1.551371] (moveit_msgs) StdoutLine: {'line': b'-- Up-to-date: /home/yadhu/ur3e/src/install/moveit_msgs/lib/libmoveit_msgs__rosidl_typesupport_cpp.so\n'}
[1.551394] (moveit_msgs) StdoutLine: {'line': b'-- Up-to-date: /home/yadhu/ur3e/src/install/moveit_msgs/share/moveit_msgs/environment/pythonpath.sh\n'}
[1.551418] (moveit_msgs) StdoutLine: {'line': b'-- Up-to-date: /home/yadhu/ur3e/src/install/moveit_msgs/share/moveit_msgs/environment/pythonpath.dsv\n'}
[1.551443] (moveit_msgs) StdoutLine: {'line': b'-- Up-to-date: /home/yadhu/ur3e/src/install/moveit_msgs/local/lib/python3.10/dist-packages/moveit_msgs-2.2.1-py3.10.egg-info\n'}
[1.551466] (moveit_msgs) StdoutLine: {'line': b'-- Installing: /home/yadhu/ur3e/src/install/moveit_msgs/local/lib/python3.10/dist-packages/moveit_msgs-2.2.1-py3.10.egg-info/top_level.txt\n'}
[1.551490] (moveit_msgs) StdoutLine: {'line': b'-- Installing: /home/yadhu/ur3e/src/install/moveit_msgs/local/lib/python3.10/dist-packages/moveit_msgs-2.2.1-py3.10.egg-info/PKG-INFO\n'}
[1.551513] (moveit_msgs) StdoutLine: {'line': b'-- Installing: /home/yadhu/ur3e/src/install/moveit_msgs/local/lib/python3.10/dist-packages/moveit_msgs-2.2.1-py3.10.egg-info/dependency_links.txt\n'}
[1.551537] (moveit_msgs) StdoutLine: {'line': b'-- Installing: /home/yadhu/ur3e/src/install/moveit_msgs/local/lib/python3.10/dist-packages/moveit_msgs-2.2.1-py3.10.egg-info/SOURCES.txt\n'}
[1.551560] (moveit_msgs) StdoutLine: {'line': b'-- Up-to-date: /home/yadhu/ur3e/src/install/moveit_msgs/local/lib/python3.10/dist-packages/moveit_msgs\n'}
[1.551583] (moveit_msgs) StdoutLine: {'line': b'-- Up-to-date: /home/yadhu/ur3e/src/install/moveit_msgs/local/lib/python3.10/dist-packages/moveit_msgs/_moveit_msgs_s.ep.rosidl_typesupport_c.c\n'}
[1.551606] (moveit_msgs) StdoutLine: {'line': b'-- Up-to-date: /home/yadhu/ur3e/src/install/moveit_msgs/local/lib/python3.10/dist-packages/moveit_msgs/moveit_msgs_s__rosidl_typesupport_c.cpython-310-x86_64-linux-gnu.so\n'}
[1.551630] (moveit_msgs) StdoutLine: {'line': b'-- Up-to-date: /home/yadhu/ur3e/src/install/moveit_msgs/local/lib/python3.10/dist-packages/moveit_msgs/action\n'}
[1.551654] (moveit_msgs) StdoutLine: {'line': b'-- Up-to-date: /home/yadhu/ur3e/src/install/moveit_msgs/local/lib/python3.10/dist-packages/moveit_msgs/action/_hybrid_planner_s.c\n'}
[1.551678] (moveit_msgs) StdoutLine: {'line': b'-- Up-to-date: /home/yadhu/ur3e/src/install/moveit_msgs/local/lib/python3.10/dist-packages/moveit_msgs/action/_hybrid_planner.py\n'}
[1.551702] (moveit_msgs) StdoutLine: {'line': b'-- Up-to-date: /home/yadhu/ur3e/src/install/moveit_msgs/local/lib/python3.10/dist-packages/moveit_msgs/action/_pickup.py\n'}
[1.551725] (moveit_msgs) StdoutLine: {'line': b'-- Up-to-date: /home/yadhu/ur3e/src/install/moveit_msgs/local/lib/python3.10/dist-packages/moveit_msgs/action/_local_planner.py\n'}
[1.551748] (moveit_msgs) StdoutLine: {'line': b'-- Up-to-date: /home/yadhu/ur3e/src/install/moveit_msgs/local/lib/python3.10/dist-packages/moveit_msgs/action/_execute_trajectory.py\n'}
[1.551771] (moveit_msgs) StdoutLine: {'line': b'-- Up-to-date: /home/yadhu/ur3e/src/install/moveit_msgs/local/lib/python3.10/dist-packages/moveit_msgs/action/_global_planner_s.c\n'}
[1.551794] (moveit_msgs) StdoutLine: {'line': b'-- Up-to-date: /home/yadhu/ur3e/src/install/moveit_msgs/local/lib/python3.10/dist-packages/moveit_msgs/action/_move_group_sequence.py\n'}
[1.551816] (moveit_msgs) StdoutLine: {'line': b'-- Up-to-date: /home/yadhu/ur3e/src/install/moveit_msgs/local/lib/python3.10/dist-packages/moveit_msgs/action/_move_group_sequence_s.c\n'}
[1.551840] (moveit_msgs) StdoutLine: {'line': b'-- Up-to-date: /home/yadhu/ur3e/src/install/moveit_msgs/local/lib/python3.10/dist-packages/moveit_msgs/action/_pickup_s.c\n'}
[1.551863] (moveit_msgs) StdoutLine: {'line': b'-- Up-to-date: /home/yadhu/ur3e/src/install/moveit_msgs/local/lib/python3.10/dist-packages/moveit_msgs/action/_place_s.c\n'}
[1.551886] (moveit_msgs) StdoutLine: {'line': b'-- Up-to-date: /home/yadhu/ur3e/src/install/moveit_msgs/local/lib/python3.10/dist-packages/moveit_msgs/action/_global_planner.py\n'}
[1.551908] (moveit_msgs) StdoutLine: {'line': b'-- Up-to-date: /home/yadhu/ur3e/src/install/moveit_msgs/local/lib/python3.10/dist-packages/moveit_msgs/action/_place.py\n'}
[1.551934] (moveit_msgs) StdoutLine: {'line': b'-- Up-to-date: /home/yadhu/ur3e/src/install/moveit_msgs/local/lib/python3.10/dist-packages/moveit_msgs/action/_local_planner_s.c\n'}
[1.551958] (moveit_msgs) StdoutLine: {'line': b'-- Up-to-date: /home/yadhu/ur3e/src/install/moveit_msgs/local/lib/python3.10/dist-packages/moveit_msgs/action/_execute_trajectory_s.c\n'}
[1.551981] (moveit_msgs) StdoutLine: {'line': b'-- Up-to-date: /home/yadhu/ur3e/src/install/moveit_msgs/local/lib/python3.10/dist-packages/moveit_msgs/action/__init__.py\n'}
[1.552005] (moveit_msgs) StdoutLine: {'line': b'-- Up-to-date: /home/yadhu/ur3e/src/install/moveit_msgs/local/lib/python3.10/dist-packages/moveit_msgs/action/_move_group.py\n'}
[1.552030] (moveit_msgs) StdoutLine: {'line': b'-- Up-to-date: /home/yadhu/ur3e/src/install/moveit_msgs/local/lib/python3.10/dist-packages/moveit_msgs/action/_move_group_s.c\n'}
[1.552053] (moveit_msgs) StdoutLine: {'line': b'-- Up-to-date: /home/yadhu/ur3e/src/install/moveit_msgs/local/lib/python3.10/dist-packages/moveit_msgs/moveit_msgs_s__rosidl_typesupport_fastrtps_c.cpython-310-x86_64-linux-gnu.so\n'}
[1.552076] (moveit_msgs) StdoutLine: {'line': b'-- Up-to-date: /home/yadhu/ur3e/src/install/moveit_msgs/local/lib/python3.10/dist-packages/moveit_msgs/libmoveit_msgs__rosidl_generator_py.so\n'}
[1.552100] (moveit_msgs) StdoutLine: {'line': b'-- Up-to-date: /home/yadhu/ur3e/src/install/moveit_msgs/local/lib/python3.10/dist-packages/moveit_msgs/msg\n'}
[1.552123] (moveit_msgs) StdoutLine: {'line': b'-- Up-to-date: /home/yadhu/ur3e/src/install/moveit_msgs/local/lib/python3.10/dist-packages/moveit_msgs/msg/_visibility_constraint_s.c\n'}
[1.552147] (moveit_msgs) StdoutLine: {'line': b'-- Up-to-date: /home/yadhu/ur3e/src/install/moveit_msgs/local/lib/python3.10/dist-packages/moveit_msgs/msg/_planner_interface_description_s.c\n'}
[1.552171] (moveit_msgs) StdoutLine: {'line': b'-- Up-to-date: /home/yadhu/ur3e/src/install/moveit_msgs/local/lib/python3.10/dist-packages/moveit_msgs/msg/_constraint_eval_result.py\n'}
[1.552194] (moveit_msgs) StdoutLine: {'line': b'-- Up-to-date: /home/yadhu/ur3e/src/install/moveit_msgs/local/lib/python3.10/dist-packages/moveit_msgs/msg/_motion_sequence_item_s.c\n'}
[1.552217] (moveit_msgs) StdoutLine: {'line': b'-- Up-to-date: /home/yadhu/ur3e/src/install/moveit_msgs/local/lib/python3.10/dist-packages/moveit_msgs/msg/_allowed_collision_entry.py\n'}
[1.552244] (moveit_msgs) StdoutLine: {'line': b'-- Up-to-date: /home/yadhu/ur3e/src/install/moveit_msgs/local/lib/python3.10/dist-packages/moveit_msgs/msg/_robot_state.py\n'}
[1.552268] (moveit_msgs) StdoutLine: {'line': b'-- Up-to-date: /home/yadhu/ur3e/src/install/moveit_msgs/local/lib/python3.10/dist-packages/moveit_msgs/msg/_display_trajectory_s.c\n'}
[1.552292] (moveit_msgs) StdoutLine: {'line': b'-- Up-to-date: /home/yadhu/ur3e/src/install/moveit_msgs/local/lib/python3.10/dist-packages/moveit_msgs/msg/_motion_sequence_request_s.c\n'}
[1.552316] (moveit_msgs) StdoutLine: {'line': b'-- Up-to-date: /home/yadhu/ur3e/src/install/moveit_msgs/local/lib/python3.10/dist-packages/moveit_msgs/msg/_move_it_error_codes_s.c\n'}
[1.552339] (moveit_msgs) StdoutLine: {'line': b'-- Up-to-date: /home/yadhu/ur3e/src/install/moveit_msgs/local/lib/python3.10/dist-packages/moveit_msgs/msg/_trajectory_constraints_s.c\n'}
[1.552362] (moveit_msgs) StdoutLine: {'line': b'-- Up-to-date: /home/yadhu/ur3e/src/install/moveit_msgs/local/lib/python3.10/dist-packages/moveit_msgs/msg/_motion_sequence_response_s.c\n'}
[1.552386] (moveit_msgs) StdoutLine: {'line': b'-- Up-to-date: /home/yadhu/ur3e/src/install/moveit_msgs/local/lib/python3.10/dist-packages/moveit_msgs/msg/_workspace_parameters.py\n'}
[1.552409] (moveit_msgs) StdoutLine: {'line': b'-- Up-to-date: /home/yadhu/ur3e/src/install/moveit_msgs/local/lib/python3.10/dist-packages/moveit_msgs/msg/_planning_options.py\n'}
[1.552432] (moveit_msgs) StdoutLine: {'line': b'-- Up-to-date: /home/yadhu/ur3e/src/install/moveit_msgs/local/lib/python3.10/dist-packages/moveit_msgs/msg/_motion_sequence_request.py\n'}
[1.552456] (moveit_msgs) StdoutLine: {'line': b'-- Up-to-date: /home/yadhu/ur3e/src/install/moveit_msgs/local/lib/python3.10/dist-packages/moveit_msgs/msg/_motion_plan_response.py\n'}
[1.552481] (moveit_msgs) StdoutLine: {'line': b'-- Up-to-date: /home/yadhu/ur3e/src/install/moveit_msgs/local/lib/python3.10/dist-packages/moveit_msgs/msg/_planning_scene_world_s.c\n'}
[1.552505] (moveit_msgs) StdoutLine: {'line': b'-- Up-to-date: /home/yadhu/ur3e/src/install/moveit_msgs/local/lib/python3.10/dist-packages/moveit_msgs/msg/_motion_plan_request.py\n'}
[1.552529] (moveit_msgs) StdoutLine: {'line': b'-- Up-to-date: /home/yadhu/ur3e/src/install/moveit_msgs/local/lib/python3.10/dist-packages/moveit_msgs/msg/_cost_source.py\n'}
[1.552553] (moveit_msgs) StdoutLine: {'line': b'-- Up-to-date: /home/yadhu/ur3e/src/install/moveit_msgs/local/lib/python3.10/dist-packages/moveit_msgs/msg/_link_padding.py\n'}
[1.552577] (moveit_msgs) StdoutLine: {'line': b'-- Up-to-date: /home/yadhu/ur3e/src/install/moveit_msgs/local/lib/python3.10/dist-packages/moveit_msgs/msg/_allowed_collision_matrix_s.c\n'}
[1.552600] (moveit_msgs) StdoutLine: {'line': b'-- Up-to-date: /home/yadhu/ur3e/src/install/moveit_msgs/local/lib/python3.10/dist-packages/moveit_msgs/msg/_robot_trajectory_s.c\n'}
[1.552623] (moveit_msgs) StdoutLine: {'line': b'-- Up-to-date: /home/yadhu/ur3e/src/install/moveit_msgs/local/lib/python3.10/dist-packages/moveit_msgs/msg/_planning_scene_s.c\n'}
[1.552646] (moveit_msgs) StdoutLine: {'line': b'-- Up-to-date: /home/yadhu/ur3e/src/install/moveit_msgs/local/lib/python3.10/dist-packages/moveit_msgs/msg/_position_constraint.py\n'}
[1.552672] (moveit_msgs) StdoutLine: {'line': b'-- Up-to-date: /home/yadhu/ur3e/src/install/moveit_msgs/local/lib/python3.10/dist-packages/moveit_msgs/msg/_orientation_constraint.py\n'}
[1.552697] (moveit_msgs) StdoutLine: {'line': b'-- Up-to-date: /home/yadhu/ur3e/src/install/moveit_msgs/local/lib/python3.10/dist-packages/moveit_msgs/msg/_workspace_parameters_s.c\n'}
[1.552721] (moveit_msgs) StdoutLine: {'line': b'-- Up-to-date: /home/yadhu/ur3e/src/install/moveit_msgs/local/lib/python3.10/dist-packages/moveit_msgs/msg/_motion_sequence_response.py\n'}
[1.552754] (moveit_msgs) StdoutLine: {'line': b'-- Up-to-date: /home/yadhu/ur3e/src/install/moveit_msgs/local/lib/python3.10/dist-packages/moveit_msgs/msg/_bounding_volume.py\n'}
[1.552780] (moveit_msgs) StdoutLine: {'line': b'-- Up-to-date: /home/yadhu/ur3e/src/install/moveit_msgs/local/lib/python3.10/dist-packages/moveit_msgs/msg/_motion_plan_detailed_response_s.c\n'}
[1.552806] (moveit_msgs) StdoutLine: {'line': b'-- Up-to-date: /home/yadhu/ur3e/src/install/moveit_msgs/local/lib/python3.10/dist-packages/moveit_msgs/msg/_planning_scene_world.py\n'}
[1.552833] (moveit_msgs) StdoutLine: {'line': b'-- Up-to-date: /home/yadhu/ur3e/src/install/moveit_msgs/local/lib/python3.10/dist-packages/moveit_msgs/msg/_planning_options_s.c\n'}
[1.552858] (moveit_msgs) StdoutLine: {'line': b'-- Up-to-date: /home/yadhu/ur3e/src/install/moveit_msgs/local/lib/python3.10/dist-packages/moveit_msgs/msg/_joint_limits_s.c\n'}
[1.552885] (moveit_msgs) StdoutLine: {'line': b'-- Up-to-date: /home/yadhu/ur3e/src/install/moveit_msgs/local/lib/python3.10/dist-packages/moveit_msgs/msg/_oriented_bounding_box_s.c\n'}
[1.552912] (moveit_msgs) StdoutLine: {'line': b'-- Up-to-date: /home/yadhu/ur3e/src/install/moveit_msgs/local/lib/python3.10/dist-packages/moveit_msgs/msg/_attached_collision_object_s.c\n'}
[1.552938] (moveit_msgs) StdoutLine: {'line': b'-- Up-to-date: /home/yadhu/ur3e/src/install/moveit_msgs/local/lib/python3.10/dist-packages/moveit_msgs/msg/_bounding_volume_s.c\n'}
[1.552963] (moveit_msgs) StdoutLine: {'line': b'-- Up-to-date: /home/yadhu/ur3e/src/install/moveit_msgs/local/lib/python3.10/dist-packages/moveit_msgs/msg/_move_it_error_codes.py\n'}
[1.552989] (moveit_msgs) StdoutLine: {'line': b'-- Up-to-date: /home/yadhu/ur3e/src/install/moveit_msgs/local/lib/python3.10/dist-packages/moveit_msgs/msg/_display_robot_state.py\n'}
[1.553016] (moveit_msgs) StdoutLine: {'line': b'-- Up-to-date: /home/yadhu/ur3e/src/install/moveit_msgs/local/lib/python3.10/dist-packages/moveit_msgs/msg/_position_constraint_s.c\n'}
[1.553041] (moveit_msgs) StdoutLine: {'line': b'-- Up-to-date: /home/yadhu/ur3e/src/install/moveit_msgs/local/lib/python3.10/dist-packages/moveit_msgs/msg/_robot_state_s.c\n'}
[1.553141] (moveit_msgs) StdoutLine: {'line': b'-- Up-to-date: /home/yadhu/ur3e/src/install/moveit_msgs/local/lib/python3.10/dist-packages/moveit_msgs/msg/_link_scale.py\n'}
[1.553166] (moveit_msgs) StdoutLine: {'line': b'-- Up-to-date: /home/yadhu/ur3e/src/install/moveit_msgs/local/lib/python3.10/dist-packages/moveit_msgs/msg/_object_color.py\n'}
[1.553190] (moveit_msgs) StdoutLine: {'line': b'-- Up-to-date: /home/yadhu/ur3e/src/install/moveit_msgs/local/lib/python3.10/dist-packages/moveit_msgs/msg/_contact_information.py\n'}
[1.553214] (moveit_msgs) StdoutLine: {'line': b'-- Up-to-date: /home/yadhu/ur3e/src/install/moveit_msgs/local/lib/python3.10/dist-packages/moveit_msgs/msg/_object_color_s.c\n'}
[1.553245] (moveit_msgs) StdoutLine: {'line': b'-- Up-to-date: /home/yadhu/ur3e/src/install/moveit_msgs/local/lib/python3.10/dist-packages/moveit_msgs/msg/_cartesian_point.py\n'}
[1.553270] (moveit_msgs) StdoutLine: {'line': b'-- Up-to-date: /home/yadhu/ur3e/src/install/moveit_msgs/local/lib/python3.10/dist-packages/moveit_msgs/msg/_cartesian_trajectory.py\n'}
[1.553295] (moveit_msgs) StdoutLine: {'line': b'-- Up-to-date: /home/yadhu/ur3e/src/install/moveit_msgs/local/lib/python3.10/dist-packages/moveit_msgs/msg/_gripper_translation.py\n'}
[1.553318] (moveit_msgs) StdoutLine: {'line': b'-- Up-to-date: /home/yadhu/ur3e/src/install/moveit_msgs/local/lib/python3.10/dist-packages/moveit_msgs/msg/_collision_object.py\n'}
[1.553341] (moveit_msgs) StdoutLine: {'line': b'-- Up-to-date: /home/yadhu/ur3e/src/install/moveit_msgs/local/lib/python3.10/dist-packages/moveit_msgs/msg/_generic_trajectory_s.c\n'}
[1.553364] (moveit_msgs) StdoutLine: {'line': b'-- Up-to-date: /home/yadhu/ur3e/src/install/moveit_msgs/local/lib/python3.10/dist-packages/moveit_msgs/msg/_planner_params_s.c\n'}
[1.553388] (moveit_msgs) StdoutLine: {'line': b'-- Up-to-date: /home/yadhu/ur3e/src/install/moveit_msgs/local/lib/python3.10/dist-packages/moveit_msgs/msg/_planning_scene_components_s.c\n'}
[1.553412] (moveit_msgs) StdoutLine: {'line': b'-- Up-to-date: /home/yadhu/ur3e/src/install/moveit_msgs/local/lib/python3.10/dist-packages/moveit_msgs/msg/_collision_object_s.c\n'}
[1.553436] (moveit_msgs) StdoutLine: {'line': b'-- Up-to-date: /home/yadhu/ur3e/src/install/moveit_msgs/local/lib/python3.10/dist-packages/moveit_msgs/msg/_allowed_collision_matrix.py\n'}
[1.553459] (moveit_msgs) StdoutLine: {'line': b'-- Up-to-date: /home/yadhu/ur3e/src/install/moveit_msgs/local/lib/python3.10/dist-packages/moveit_msgs/msg/_planner_interface_description.py\n'}
[1.553483] (moveit_msgs) StdoutLine: {'line': b'-- Up-to-date: /home/yadhu/ur3e/src/install/moveit_msgs/local/lib/python3.10/dist-packages/moveit_msgs/msg/_cartesian_trajectory_point_s.c\n'}
[1.553507] (moveit_msgs) StdoutLine: {'line': b'-- Up-to-date: /home/yadhu/ur3e/src/install/moveit_msgs/local/lib/python3.10/dist-packages/moveit_msgs/msg/_trajectory_constraints.py\n'}
[1.553534] (moveit_msgs) StdoutLine: {'line': b'-- Up-to-date: /home/yadhu/ur3e/src/install/moveit_msgs/local/lib/python3.10/dist-packages/moveit_msgs/msg/_kinematic_solver_info.py\n'}
[1.553556] (moveit_msgs) StdoutLine: {'line': b'-- Up-to-date: /home/yadhu/ur3e/src/install/moveit_msgs/local/lib/python3.10/dist-packages/moveit_msgs/msg/_motion_plan_request_s.c\n'}
[1.553580] (moveit_msgs) StdoutLine: {'line': b'-- Up-to-date: /home/yadhu/ur3e/src/install/moveit_msgs/local/lib/python3.10/dist-packages/moveit_msgs/msg/_position_ik_request_s.c\n'}
[1.553604] (moveit_msgs) StdoutLine: {'line': b'-- Up-to-date: /home/yadhu/ur3e/src/install/moveit_msgs/local/lib/python3.10/dist-packages/moveit_msgs/msg/_planner_params.py\n'}
[1.553627] (moveit_msgs) StdoutLine: {'line': b'-- Up-to-date: /home/yadhu/ur3e/src/install/moveit_msgs/local/lib/python3.10/dist-packages/moveit_msgs/msg/_motion_plan_detailed_response.py\n'}
[1.553651] (moveit_msgs) StdoutLine: {'line': b'-- Up-to-date: /home/yadhu/ur3e/src/install/moveit_msgs/local/lib/python3.10/dist-packages/moveit_msgs/msg/_link_scale_s.c\n'}
[1.553676] (moveit_msgs) StdoutLine: {'line': b'-- Up-to-date: /home/yadhu/ur3e/src/install/moveit_msgs/local/lib/python3.10/dist-packages/moveit_msgs/msg/_constraints.py\n'}
[1.553700] (moveit_msgs) StdoutLine: {'line': b'-- Up-to-date: /home/yadhu/ur3e/src/install/moveit_msgs/local/lib/python3.10/dist-packages/moveit_msgs/msg/_allowed_collision_entry_s.c\n'}
[1.553725] (moveit_msgs) StdoutLine: {'line': b'-- Up-to-date: /home/yadhu/ur3e/src/install/moveit_msgs/local/lib/python3.10/dist-packages/moveit_msgs/msg/__init__.py\n'}
[1.553748] (moveit_msgs) StdoutLine: {'line': b'-- Up-to-date: /home/yadhu/ur3e/src/install/moveit_msgs/local/lib/python3.10/dist-packages/moveit_msgs/msg/_visibility_constraint.py\n'}
[1.553771] (moveit_msgs) StdoutLine: {'line': b'-- Up-to-date: /home/yadhu/ur3e/src/install/moveit_msgs/local/lib/python3.10/dist-packages/moveit_msgs/msg/_planning_scene.py\n'}
[1.553794] (moveit_msgs) StdoutLine: {'line': b'-- Up-to-date: /home/yadhu/ur3e/src/install/moveit_msgs/local/lib/python3.10/dist-packages/moveit_msgs/msg/_joint_limits.py\n'}
[1.553817] (moveit_msgs) StdoutLine: {'line': b'-- Up-to-date: /home/yadhu/ur3e/src/install/moveit_msgs/local/lib/python3.10/dist-packages/moveit_msgs/msg/_joint_constraint.py\n'}
[1.553841] (moveit_msgs) StdoutLine: {'line': b'-- Up-to-date: /home/yadhu/ur3e/src/install/moveit_msgs/local/lib/python3.10/dist-packages/moveit_msgs/msg/_place_location_s.c\n'}
[1.553865] (moveit_msgs) StdoutLine: {'line': b'-- Up-to-date: /home/yadhu/ur3e/src/install/moveit_msgs/local/lib/python3.10/dist-packages/moveit_msgs/msg/_generic_trajectory.py\n'}
[1.553889] (moveit_msgs) StdoutLine: {'line': b'-- Up-to-date: /home/yadhu/ur3e/src/install/moveit_msgs/local/lib/python3.10/dist-packages/moveit_msgs/msg/_cartesian_trajectory_point.py\n'}
[1.553913] (moveit_msgs) StdoutLine: {'line': b'-- Up-to-date: /home/yadhu/ur3e/src/install/moveit_msgs/local/lib/python3.10/dist-packages/moveit_msgs/msg/_cartesian_point_s.c\n'}
[1.553936] (moveit_msgs) StdoutLine: {'line': b'-- Up-to-date: /home/yadhu/ur3e/src/install/moveit_msgs/local/lib/python3.10/dist-packages/moveit_msgs/msg/_planning_scene_components.py\n'}
[1.553959] (moveit_msgs) StdoutLine: {'line': b'-- Up-to-date: /home/yadhu/ur3e/src/install/moveit_msgs/local/lib/python3.10/dist-packages/moveit_msgs/msg/_contact_information_s.c\n'}
[1.553983] (moveit_msgs) StdoutLine: {'line': b'-- Up-to-date: /home/yadhu/ur3e/src/install/moveit_msgs/local/lib/python3.10/dist-packages/moveit_msgs/msg/_oriented_bounding_box.py\n'}
[1.554008] (moveit_msgs) StdoutLine: {'line': b'-- Up-to-date: /home/yadhu/ur3e/src/install/moveit_msgs/local/lib/python3.10/dist-packages/moveit_msgs/msg/_gripper_translation_s.c\n'}
[1.554031] (moveit_msgs) StdoutLine: {'line': b'-- Up-to-date: /home/yadhu/ur3e/src/install/moveit_msgs/local/lib/python3.10/dist-packages/moveit_msgs/msg/_place_location.py\n'}
[1.554055] (moveit_msgs) StdoutLine: {'line': b'-- Up-to-date: /home/yadhu/ur3e/src/install/moveit_msgs/local/lib/python3.10/dist-packages/moveit_msgs/msg/_cartesian_trajectory_s.c\n'}
[1.554079] (moveit_msgs) StdoutLine: {'line': b'-- Up-to-date: /home/yadhu/ur3e/src/install/moveit_msgs/local/lib/python3.10/dist-packages/moveit_msgs/msg/_orientation_constraint_s.c\n'}
[1.554103] (moveit_msgs) StdoutLine: {'line': b'-- Up-to-date: /home/yadhu/ur3e/src/install/moveit_msgs/local/lib/python3.10/dist-packages/moveit_msgs/msg/_joint_constraint_s.c\n'}
[1.554127] (moveit_msgs) StdoutLine: {'line': b'-- Up-to-date: /home/yadhu/ur3e/src/install/moveit_msgs/local/lib/python3.10/dist-packages/moveit_msgs/msg/_display_robot_state_s.c\n'}
[1.554150] (moveit_msgs) StdoutLine: {'line': b'-- Up-to-date: /home/yadhu/ur3e/src/install/moveit_msgs/local/lib/python3.10/dist-packages/moveit_msgs/msg/_link_padding_s.c\n'}
[1.554173] (moveit_msgs) StdoutLine: {'line': b'-- Up-to-date: /home/yadhu/ur3e/src/install/moveit_msgs/local/lib/python3.10/dist-packages/moveit_msgs/msg/_robot_trajectory.py\n'}
[1.554200] (moveit_msgs) StdoutLine: {'line': b'-- Up-to-date: /home/yadhu/ur3e/src/install/moveit_msgs/local/lib/python3.10/dist-packages/moveit_msgs/msg/_attached_collision_object.py\n'}
[1.554224] (moveit_msgs) StdoutLine: {'line': b'-- Up-to-date: /home/yadhu/ur3e/src/install/moveit_msgs/local/lib/python3.10/dist-packages/moveit_msgs/msg/_grasp_s.c\n'}
[1.554253] (moveit_msgs) StdoutLine: {'line': b'-- Up-to-date: /home/yadhu/ur3e/src/install/moveit_msgs/local/lib/python3.10/dist-packages/moveit_msgs/msg/_position_ik_request.py\n'}
[1.554278] (moveit_msgs) StdoutLine: {'line': b'-- Up-to-date: /home/yadhu/ur3e/src/install/moveit_msgs/local/lib/python3.10/dist-packages/moveit_msgs/msg/_constraints_s.c\n'}
[1.554305] (moveit_msgs) StdoutLine: {'line': b'-- Up-to-date: /home/yadhu/ur3e/src/install/moveit_msgs/local/lib/python3.10/dist-packages/moveit_msgs/msg/_cost_source_s.c\n'}
[1.554329] (moveit_msgs) StdoutLine: {'line': b'-- Up-to-date: /home/yadhu/ur3e/src/install/moveit_msgs/local/lib/python3.10/dist-packages/moveit_msgs/msg/_motion_sequence_item.py\n'}
[1.554353] (moveit_msgs) StdoutLine: {'line': b'-- Up-to-date: /home/yadhu/ur3e/src/install/moveit_msgs/local/lib/python3.10/dist-packages/moveit_msgs/msg/_display_trajectory.py\n'}
[1.554376] (moveit_msgs) StdoutLine: {'line': b'-- Up-to-date: /home/yadhu/ur3e/src/install/moveit_msgs/local/lib/python3.10/dist-packages/moveit_msgs/msg/_motion_plan_response_s.c\n'}
[1.554400] (moveit_msgs) StdoutLine: {'line': b'-- Up-to-date: /home/yadhu/ur3e/src/install/moveit_msgs/local/lib/python3.10/dist-packages/moveit_msgs/msg/_kinematic_solver_info_s.c\n'}
[1.554424] (moveit_msgs) StdoutLine: {'line': b'-- Up-to-date: /home/yadhu/ur3e/src/install/moveit_msgs/local/lib/python3.10/dist-packages/moveit_msgs/msg/_constraint_eval_result_s.c\n'}
[1.554447] (moveit_msgs) StdoutLine: {'line': b'-- Up-to-date: /home/yadhu/ur3e/src/install/moveit_msgs/local/lib/python3.10/dist-packages/moveit_msgs/msg/_grasp.py\n'}
[1.554470] (moveit_msgs) StdoutLine: {'line': b'-- Up-to-date: /home/yadhu/ur3e/src/install/moveit_msgs/local/lib/python3.10/dist-packages/moveit_msgs/srv\n'}
[1.554493] (moveit_msgs) StdoutLine: {'line': b'-- Up-to-date: /home/yadhu/ur3e/src/install/moveit_msgs/local/lib/python3.10/dist-packages/moveit_msgs/srv/_change_drift_dimensions_s.c\n'}
[1.554516] (moveit_msgs) StdoutLine: {'line': b'-- Up-to-date: /home/yadhu/ur3e/src/install/moveit_msgs/local/lib/python3.10/dist-packages/moveit_msgs/srv/_delete_robot_state_from_warehouse.py\n'}
[1.554539] (moveit_msgs) StdoutLine: {'line': b'-- Up-to-date: /home/yadhu/ur3e/src/install/moveit_msgs/local/lib/python3.10/dist-packages/moveit_msgs/srv/_update_pointcloud_octomap_s.c\n'}
[1.554563] (moveit_msgs) StdoutLine: {'line': b'-- Up-to-date: /home/yadhu/ur3e/src/install/moveit_msgs/local/lib/python3.10/dist-packages/moveit_msgs/srv/_get_position_fk_s.c\n'}
[1.554586] (moveit_msgs) StdoutLine: {'line': b'-- Up-to-date: /home/yadhu/ur3e/src/install/moveit_msgs/local/lib/python3.10/dist-packages/moveit_msgs/srv/_get_state_validity.py\n'}
[1.554609] (moveit_msgs) StdoutLine: {'line': b'-- Up-to-date: /home/yadhu/ur3e/src/install/moveit_msgs/local/lib/python3.10/dist-packages/moveit_msgs/srv/_grasp_planning.py\n'}
[1.554632] (moveit_msgs) StdoutLine: {'line': b'-- Up-to-date: /home/yadhu/ur3e/src/install/moveit_msgs/local/lib/python3.10/dist-packages/moveit_msgs/srv/_grasp_planning_s.c\n'}
[1.554655] (moveit_msgs) StdoutLine: {'line': b'-- Up-to-date: /home/yadhu/ur3e/src/install/moveit_msgs/local/lib/python3.10/dist-packages/moveit_msgs/srv/_get_robot_state_from_warehouse.py\n'}
[1.554678] (moveit_msgs) StdoutLine: {'line': b'-- Up-to-date: /home/yadhu/ur3e/src/install/moveit_msgs/local/lib/python3.10/dist-packages/moveit_msgs/srv/_check_if_robot_state_exists_in_warehouse.py\n'}
[1.554700] (moveit_msgs) StdoutLine: {'line': b'-- Up-to-date: /home/yadhu/ur3e/src/install/moveit_msgs/local/lib/python3.10/dist-packages/moveit_msgs/srv/_change_control_dimensions_s.c\n'}
[1.554724] (moveit_msgs) StdoutLine: {'line': b'-- Up-to-date: /home/yadhu/ur3e/src/install/moveit_msgs/local/lib/python3.10/dist-packages/moveit_msgs/srv/_set_planner_params.py\n'}
[1.554748] (moveit_msgs) StdoutLine: {'line': b'-- Up-to-date: /home/yadhu/ur3e/src/install/moveit_msgs/local/lib/python3.10/dist-packages/moveit_msgs/srv/_get_motion_sequence.py\n'}
[1.554771] (moveit_msgs) StdoutLine: {'line': b'-- Up-to-date: /home/yadhu/ur3e/src/install/moveit_msgs/local/lib/python3.10/dist-packages/moveit_msgs/srv/_update_pointcloud_octomap.py\n'}
[1.554795] (moveit_msgs) StdoutLine: {'line': b'-- Up-to-date: /home/yadhu/ur3e/src/install/moveit_msgs/local/lib/python3.10/dist-packages/moveit_msgs/srv/_get_planner_params.py\n'}
[1.554818] (moveit_msgs) StdoutLine: {'line': b'-- Up-to-date: /home/yadhu/ur3e/src/install/moveit_msgs/local/lib/python3.10/dist-packages/moveit_msgs/srv/_save_map.py\n'}
[1.554842] (moveit_msgs) StdoutLine: {'line': b'-- Up-to-date: /home/yadhu/ur3e/src/install/moveit_msgs/local/lib/python3.10/dist-packages/moveit_msgs/srv/_rename_robot_state_in_warehouse.py\n'}
[1.554865] (moveit_msgs) StdoutLine: {'line': b'-- Up-to-date: /home/yadhu/ur3e/src/install/moveit_msgs/local/lib/python3.10/dist-packages/moveit_msgs/srv/_get_position_ik.py\n'}
[1.554887] (moveit_msgs) StdoutLine: {'line': b'-- Up-to-date: /home/yadhu/ur3e/src/install/moveit_msgs/local/lib/python3.10/dist-packages/moveit_msgs/srv/_load_map.py\n'}
[1.554912] (moveit_msgs) StdoutLine: {'line': b'-- Up-to-date: /home/yadhu/ur3e/src/install/moveit_msgs/local/lib/python3.10/dist-packages/moveit_msgs/srv/_apply_planning_scene.py\n'}
[1.554935] (moveit_msgs) StdoutLine: {'line': b'-- Up-to-date: /home/yadhu/ur3e/src/install/moveit_msgs/local/lib/python3.10/dist-packages/moveit_msgs/srv/_rename_robot_state_in_warehouse_s.c\n'}
[1.554958] (moveit_msgs) StdoutLine: {'line': b'-- Up-to-date: /home/yadhu/ur3e/src/install/moveit_msgs/local/lib/python3.10/dist-packages/moveit_msgs/srv/_get_position_fk.py\n'}
[1.554981] (moveit_msgs) StdoutLine: {'line': b'-- Up-to-date: /home/yadhu/ur3e/src/install/moveit_msgs/local/lib/python3.10/dist-packages/moveit_msgs/srv/_get_cartesian_path_s.c\n'}
[1.555005] (moveit_msgs) StdoutLine: {'line': b'-- Up-to-date: /home/yadhu/ur3e/src/install/moveit_msgs/local/lib/python3.10/dist-packages/moveit_msgs/srv/_get_motion_plan_s.c\n'}
[1.555030] (moveit_msgs) StdoutLine: {'line': b'-- Up-to-date: /home/yadhu/ur3e/src/install/moveit_msgs/local/lib/python3.10/dist-packages/moveit_msgs/srv/_get_planner_params_s.c\n'}
[1.555054] (moveit_msgs) StdoutLine: {'line': b'-- Up-to-date: /home/yadhu/ur3e/src/install/moveit_msgs/local/lib/python3.10/dist-packages/moveit_msgs/srv/_save_robot_state_to_warehouse_s.c\n'}
[1.555077] (moveit_msgs) StdoutLine: {'line': b'-- Up-to-date: /home/yadhu/ur3e/src/install/moveit_msgs/local/lib/python3.10/dist-packages/moveit_msgs/srv/_get_state_validity_s.c\n'}
[1.555101] (moveit_msgs) StdoutLine: {'line': b'-- Up-to-date: /home/yadhu/ur3e/src/install/moveit_msgs/local/lib/python3.10/dist-packages/moveit_msgs/srv/_delete_robot_state_from_warehouse_s.c\n'}
[1.555124] (moveit_msgs) StdoutLine: {'line': b'-- Up-to-date: /home/yadhu/ur3e/src/install/moveit_msgs/local/lib/python3.10/dist-packages/moveit_msgs/srv/_query_planner_interfaces_s.c\n'}
[1.555148] (moveit_msgs) StdoutLine: {'line': b'-- Up-to-date: /home/yadhu/ur3e/src/install/moveit_msgs/local/lib/python3.10/dist-packages/moveit_msgs/srv/__init__.py\n'}
[1.555172] (moveit_msgs) StdoutLine: {'line': b'-- Up-to-date: /home/yadhu/ur3e/src/install/moveit_msgs/local/lib/python3.10/dist-packages/moveit_msgs/srv/_check_if_robot_state_exists_in_warehouse_s.c\n'}
[1.555195] (moveit_msgs) StdoutLine: {'line': b'-- Up-to-date: /home/yadhu/ur3e/src/install/moveit_msgs/local/lib/python3.10/dist-packages/moveit_msgs/srv/_list_robot_states_in_warehouse.py\n'}
[1.555218] (moveit_msgs) StdoutLine: {'line': b'-- Up-to-date: /home/yadhu/ur3e/src/install/moveit_msgs/local/lib/python3.10/dist-packages/moveit_msgs/srv/_get_position_ik_s.c\n'}
[1.555246] (moveit_msgs) StdoutLine: {'line': b'-- Up-to-date: /home/yadhu/ur3e/src/install/moveit_msgs/local/lib/python3.10/dist-packages/moveit_msgs/srv/_get_planning_scene.py\n'}
[1.555271] (moveit_msgs) StdoutLine: {'line': b'-- Up-to-date: /home/yadhu/ur3e/src/install/moveit_msgs/local/lib/python3.10/dist-packages/moveit_msgs/srv/_save_robot_state_to_warehouse.py\n'}
[1.555295] (moveit_msgs) StdoutLine: {'line': b'-- Up-to-date: /home/yadhu/ur3e/src/install/moveit_msgs/local/lib/python3.10/dist-packages/moveit_msgs/srv/_get_motion_plan.py\n'}
[1.555319] (moveit_msgs) StdoutLine: {'line': b'-- Up-to-date: /home/yadhu/ur3e/src/install/moveit_msgs/local/lib/python3.10/dist-packages/moveit_msgs/srv/_get_motion_sequence_s.c\n'}
[1.555343] (moveit_msgs) StdoutLine: {'line': b'-- Up-to-date: /home/yadhu/ur3e/src/install/moveit_msgs/local/lib/python3.10/dist-packages/moveit_msgs/srv/_list_robot_states_in_warehouse_s.c\n'}
[1.555366] (moveit_msgs) StdoutLine: {'line': b'-- Up-to-date: /home/yadhu/ur3e/src/install/moveit_msgs/local/lib/python3.10/dist-packages/moveit_msgs/srv/_change_control_dimensions.py\n'}
[1.555390] (moveit_msgs) StdoutLine: {'line': b'-- Up-to-date: /home/yadhu/ur3e/src/install/moveit_msgs/local/lib/python3.10/dist-packages/moveit_msgs/srv/_load_map_s.c\n'}
[1.555414] (moveit_msgs) StdoutLine: {'line': b'-- Up-to-date: /home/yadhu/ur3e/src/install/moveit_msgs/local/lib/python3.10/dist-packages/moveit_msgs/srv/_get_robot_state_from_warehouse_s.c\n'}
[1.555437] (moveit_msgs) StdoutLine: {'line': b'-- Up-to-date: /home/yadhu/ur3e/src/install/moveit_msgs/local/lib/python3.10/dist-packages/moveit_msgs/srv/_change_drift_dimensions.py\n'}
[1.555460] (moveit_msgs) StdoutLine: {'line': b'-- Up-to-date: /home/yadhu/ur3e/src/install/moveit_msgs/local/lib/python3.10/dist-packages/moveit_msgs/srv/_apply_planning_scene_s.c\n'}
[1.555483] (moveit_msgs) StdoutLine: {'line': b'-- Up-to-date: /home/yadhu/ur3e/src/install/moveit_msgs/local/lib/python3.10/dist-packages/moveit_msgs/srv/_get_cartesian_path.py\n'}
[1.555505] (moveit_msgs) StdoutLine: {'line': b'-- Up-to-date: /home/yadhu/ur3e/src/install/moveit_msgs/local/lib/python3.10/dist-packages/moveit_msgs/srv/_query_planner_interfaces.py\n'}
[1.555529] (moveit_msgs) StdoutLine: {'line': b'-- Up-to-date: /home/yadhu/ur3e/src/install/moveit_msgs/local/lib/python3.10/dist-packages/moveit_msgs/srv/_get_planning_scene_s.c\n'}
[1.555554] (moveit_msgs) StdoutLine: {'line': b'-- Up-to-date: /home/yadhu/ur3e/src/install/moveit_msgs/local/lib/python3.10/dist-packages/moveit_msgs/srv/_set_planner_params_s.c\n'}
[1.555578] (moveit_msgs) StdoutLine: {'line': b'-- Up-to-date: /home/yadhu/ur3e/src/install/moveit_msgs/local/lib/python3.10/dist-packages/moveit_msgs/srv/_save_map_s.c\n'}
[1.555602] (moveit_msgs) StdoutLine: {'line': b'-- Up-to-date: /home/yadhu/ur3e/src/install/moveit_msgs/local/lib/python3.10/dist-packages/moveit_msgs/_moveit_msgs_s.ep.rosidl_typesupport_fastrtps_c.c\n'}
[1.555629] (moveit_msgs) StdoutLine: {'line': b'-- Up-to-date: /home/yadhu/ur3e/src/install/moveit_msgs/local/lib/python3.10/dist-packages/moveit_msgs/__init__.py\n'}
[1.555654] (moveit_msgs) StdoutLine: {'line': b'-- Up-to-date: /home/yadhu/ur3e/src/install/moveit_msgs/local/lib/python3.10/dist-packages/moveit_msgs/moveit_msgs_s__rosidl_typesupport_introspection_c.cpython-310-x86_64-linux-gnu.so\n'}
[1.555679] (moveit_msgs) StdoutLine: {'line': b'-- Up-to-date: /home/yadhu/ur3e/src/install/moveit_msgs/local/lib/python3.10/dist-packages/moveit_msgs/_moveit_msgs_s.ep.rosidl_typesupport_introspection_c.c\n'}
[1.555706] (moveit_msgs) StdoutLine: {'line': b"Listing '/home/yadhu/ur3e/src/install/moveit_msgs/local/lib/python3.10/dist-packages/moveit_msgs'...\n"}
[1.555731] (moveit_msgs) StdoutLine: {'line': b"Listing '/home/yadhu/ur3e/src/install/moveit_msgs/local/lib/python3.10/dist-packages/moveit_msgs/action'...\n"}
[1.555785] (moveit_msgs) StdoutLine: {'line': b"Listing '/home/yadhu/ur3e/src/install/moveit_msgs/local/lib/python3.10/dist-packages/moveit_msgs/msg'...\n"}
[1.555810] (moveit_msgs) StdoutLine: {'line': b"Listing '/home/yadhu/ur3e/src/install/moveit_msgs/local/lib/python3.10/dist-packages/moveit_msgs/srv'...\n"}
[1.555835] (moveit_msgs) StdoutLine: {'line': b'-- Up-to-date: /home/yadhu/ur3e/src/install/moveit_msgs/local/lib/python3.10/dist-packages/moveit_msgs/moveit_msgs_s__rosidl_typesupport_fastrtps_c.cpython-310-x86_64-linux-gnu.so\n'}
[1.555888] (moveit_msgs) StdoutLine: {'line': b'-- Up-to-date: /home/yadhu/ur3e/src/install/moveit_msgs/local/lib/python3.10/dist-packages/moveit_msgs/moveit_msgs_s__rosidl_typesupport_introspection_c.cpython-310-x86_64-linux-gnu.so\n'}
[1.556093] (moveit_msgs) StdoutLine: {'line': b'-- Up-to-date: /home/yadhu/ur3e/src/install/moveit_msgs/local/lib/python3.10/dist-packages/moveit_msgs/moveit_msgs_s__rosidl_typesupport_c.cpython-310-x86_64-linux-gnu.so\n'}
[1.556406] (moveit_msgs) StdoutLine: {'line': b'-- Up-to-date: /home/yadhu/ur3e/src/install/moveit_msgs/lib/libmoveit_msgs__rosidl_generator_py.so\n'}
[1.556515] (moveit_msgs) StdoutLine: {'line': b'-- Up-to-date: /home/yadhu/ur3e/src/install/moveit_msgs/share/moveit_msgs/msg/AllowedCollisionEntry.idl\n'}
[1.556572] (moveit_msgs) StdoutLine: {'line': b'-- Up-to-date: /home/yadhu/ur3e/src/install/moveit_msgs/share/moveit_msgs/msg/AllowedCollisionMatrix.idl\n'}
[1.556704] (moveit_msgs) StdoutLine: {'line': b'-- Up-to-date: /home/yadhu/ur3e/src/install/moveit_msgs/share/moveit_msgs/msg/AttachedCollisionObject.idl\n'}
[1.556780] (moveit_msgs) StdoutLine: {'line': b'-- Up-to-date: /home/yadhu/ur3e/src/install/moveit_msgs/share/moveit_msgs/msg/BoundingVolume.idl\n'}
[1.556849] (moveit_msgs) StdoutLine: {'line': b'-- Up-to-date: /home/yadhu/ur3e/src/install/moveit_msgs/share/moveit_msgs/msg/CartesianPoint.idl\n'}
[1.556902] (moveit_msgs) StdoutLine: {'line': b'-- Up-to-date: /home/yadhu/ur3e/src/install/moveit_msgs/share/moveit_msgs/msg/CartesianTrajectory.idl\n'}
[1.556965] (moveit_msgs) StdoutLine: {'line': b'-- Up-to-date: /home/yadhu/ur3e/src/install/moveit_msgs/share/moveit_msgs/msg/CartesianTrajectoryPoint.idl\n'}
[1.557035] (moveit_msgs) StdoutLine: {'line': b'-- Up-to-date: /home/yadhu/ur3e/src/install/moveit_msgs/share/moveit_msgs/msg/CollisionObject.idl\n'}
[1.557105] (moveit_msgs) StdoutLine: {'line': b'-- Up-to-date: /home/yadhu/ur3e/src/install/moveit_msgs/share/moveit_msgs/msg/ConstraintEvalResult.idl\n'}
[1.557160] (moveit_msgs) StdoutLine: {'line': b'-- Up-to-date: /home/yadhu/ur3e/src/install/moveit_msgs/share/moveit_msgs/msg/Constraints.idl\n'}
[1.557271] (moveit_msgs) StdoutLine: {'line': b'-- Up-to-date: /home/yadhu/ur3e/src/install/moveit_msgs/share/moveit_msgs/msg/CostSource.idl\n'}
[1.557339] (moveit_msgs) StdoutLine: {'line': b'-- Up-to-date: /home/yadhu/ur3e/src/install/moveit_msgs/share/moveit_msgs/msg/ContactInformation.idl\n'}
[1.557402] (moveit_msgs) StdoutLine: {'line': b'-- Up-to-date: /home/yadhu/ur3e/src/install/moveit_msgs/share/moveit_msgs/msg/DisplayTrajectory.idl\n'}
[1.557457] (moveit_msgs) StdoutLine: {'line': b'-- Up-to-date: /home/yadhu/ur3e/src/install/moveit_msgs/share/moveit_msgs/msg/DisplayRobotState.idl\n'}
[1.557562] (moveit_msgs) StdoutLine: {'line': b'-- Up-to-date: /home/yadhu/ur3e/src/install/moveit_msgs/share/moveit_msgs/msg/GenericTrajectory.idl\n'}
[1.557625] (moveit_msgs) StdoutLine: {'line': b'-- Up-to-date: /home/yadhu/ur3e/src/install/moveit_msgs/share/moveit_msgs/msg/Grasp.idl\n'}
[1.557743] (moveit_msgs) StdoutLine: {'line': b'-- Up-to-date: /home/yadhu/ur3e/src/install/moveit_msgs/share/moveit_msgs/msg/GripperTranslation.idl\n'}
[1.557828] (moveit_msgs) StdoutLine: {'line': b'-- Up-to-date: /home/yadhu/ur3e/src/install/moveit_msgs/share/moveit_msgs/msg/JointConstraint.idl\n'}
[1.557927] (moveit_msgs) StdoutLine: {'line': b'-- Up-to-date: /home/yadhu/ur3e/src/install/moveit_msgs/share/moveit_msgs/msg/JointLimits.idl\n'}
[1.558037] (moveit_msgs) StdoutLine: {'line': b'-- Up-to-date: /home/yadhu/ur3e/src/install/moveit_msgs/share/moveit_msgs/msg/LinkPadding.idl\n'}
[1.558062] (moveit_msgs) StdoutLine: {'line': b'-- Up-to-date: /home/yadhu/ur3e/src/install/moveit_msgs/share/moveit_msgs/msg/LinkScale.idl\n'}
[1.558154] (moveit_msgs) StdoutLine: {'line': b'-- Up-to-date: /home/yadhu/ur3e/src/install/moveit_msgs/share/moveit_msgs/msg/MotionPlanRequest.idl\n'}
[1.558259] (moveit_msgs) StdoutLine: {'line': b'-- Up-to-date: /home/yadhu/ur3e/src/install/moveit_msgs/share/moveit_msgs/msg/MotionPlanResponse.idl\n'}
[1.558307] (moveit_msgs) StdoutLine: {'line': b'-- Up-to-date: /home/yadhu/ur3e/src/install/moveit_msgs/share/moveit_msgs/msg/MotionPlanDetailedResponse.idl\n'}
[1.558346] (moveit_msgs) StdoutLine: {'line': b'-- Up-to-date: /home/yadhu/ur3e/src/install/moveit_msgs/share/moveit_msgs/msg/MotionSequenceItem.idl\n'}
[1.558403] (moveit_msgs) StdoutLine: {'line': b'-- Up-to-date: /home/yadhu/ur3e/src/install/moveit_msgs/share/moveit_msgs/msg/MotionSequenceRequest.idl\n'}
[1.558504] (moveit_msgs) StdoutLine: {'line': b'-- Up-to-date: /home/yadhu/ur3e/src/install/moveit_msgs/share/moveit_msgs/msg/MotionSequenceResponse.idl\n'}
[1.558569] (moveit_msgs) StdoutLine: {'line': b'-- Up-to-date: /home/yadhu/ur3e/src/install/moveit_msgs/share/moveit_msgs/msg/MoveItErrorCodes.idl\n'}
[1.558630] (moveit_msgs) StdoutLine: {'line': b'-- Up-to-date: /home/yadhu/ur3e/src/install/moveit_msgs/share/moveit_msgs/msg/TrajectoryConstraints.idl\n'}
[1.558686] (moveit_msgs) StdoutLine: {'line': b'-- Up-to-date: /home/yadhu/ur3e/src/install/moveit_msgs/share/moveit_msgs/msg/ObjectColor.idl\n'}
[1.558788] (moveit_msgs) StdoutLine: {'line': b'-- Up-to-date: /home/yadhu/ur3e/src/install/moveit_msgs/share/moveit_msgs/msg/OrientationConstraint.idl\n'}
[1.558851] (moveit_msgs) StdoutLine: {'line': b'-- Up-to-date: /home/yadhu/ur3e/src/install/moveit_msgs/share/moveit_msgs/msg/OrientedBoundingBox.idl\n'}
[1.558912] (moveit_msgs) StdoutLine: {'line': b'-- Up-to-date: /home/yadhu/ur3e/src/install/moveit_msgs/share/moveit_msgs/msg/PlaceLocation.idl\n'}
[1.558967] (moveit_msgs) StdoutLine: {'line': b'-- Up-to-date: /home/yadhu/ur3e/src/install/moveit_msgs/share/moveit_msgs/msg/PlannerInterfaceDescription.idl\n'}
[1.559067] (moveit_msgs) StdoutLine: {'line': b'-- Up-to-date: /home/yadhu/ur3e/src/install/moveit_msgs/share/moveit_msgs/msg/PlannerParams.idl\n'}
[1.559134] (moveit_msgs) StdoutLine: {'line': b'-- Up-to-date: /home/yadhu/ur3e/src/install/moveit_msgs/share/moveit_msgs/msg/PlanningScene.idl\n'}
[1.559198] (moveit_msgs) StdoutLine: {'line': b'-- Up-to-date: /home/yadhu/ur3e/src/install/moveit_msgs/share/moveit_msgs/msg/PlanningSceneComponents.idl\n'}
[1.559259] (moveit_msgs) StdoutLine: {'line': b'-- Up-to-date: /home/yadhu/ur3e/src/install/moveit_msgs/share/moveit_msgs/msg/PlanningSceneWorld.idl\n'}
[1.559365] (moveit_msgs) StdoutLine: {'line': b'-- Up-to-date: /home/yadhu/ur3e/src/install/moveit_msgs/share/moveit_msgs/msg/PlanningOptions.idl\n'}
[1.559430] (moveit_msgs) StdoutLine: {'line': b'-- Up-to-date: /home/yadhu/ur3e/src/install/moveit_msgs/share/moveit_msgs/msg/PositionConstraint.idl\n'}
[1.559510] (moveit_msgs) StdoutLine: {'line': b'-- Up-to-date: /home/yadhu/ur3e/src/install/moveit_msgs/share/moveit_msgs/msg/RobotState.idl\n'}
[1.559550] (moveit_msgs) StdoutLine: {'line': b'-- Up-to-date: /home/yadhu/ur3e/src/install/moveit_msgs/share/moveit_msgs/msg/RobotTrajectory.idl\n'}
[1.559655] (moveit_msgs) StdoutLine: {'line': b'-- Up-to-date: /home/yadhu/ur3e/src/install/moveit_msgs/share/moveit_msgs/msg/VisibilityConstraint.idl\n'}
[1.559880] (moveit_msgs) StdoutLine: {'line': b'-- Up-to-date: /home/yadhu/ur3e/src/install/moveit_msgs/share/moveit_msgs/msg/WorkspaceParameters.idl\n'}
[1.559908] (moveit_msgs) StdoutLine: {'line': b'-- Up-to-date: /home/yadhu/ur3e/src/install/moveit_msgs/share/moveit_msgs/msg/KinematicSolverInfo.idl\n'}
[1.559944] (moveit_msgs) StdoutLine: {'line': b'-- Up-to-date: /home/yadhu/ur3e/src/install/moveit_msgs/share/moveit_msgs/msg/PositionIKRequest.idl\n'}
[1.560046] (moveit_msgs) StdoutLine: {'line': b'-- Up-to-date: /home/yadhu/ur3e/src/install/moveit_msgs/share/moveit_msgs/srv/GetMotionPlan.idl\n'}
[1.560126] (moveit_msgs) StdoutLine: {'line': b'-- Up-to-date: /home/yadhu/ur3e/src/install/moveit_msgs/share/moveit_msgs/srv/GetStateValidity.idl\n'}
[1.560151] (moveit_msgs) StdoutLine: {'line': b'-- Up-to-date: /home/yadhu/ur3e/src/install/moveit_msgs/share/moveit_msgs/srv/GetCartesianPath.idl\n'}
[1.560189] (moveit_msgs) StdoutLine: {'line': b'-- Up-to-date: /home/yadhu/ur3e/src/install/moveit_msgs/share/moveit_msgs/srv/GetPlanningScene.idl\n'}
[1.560339] (moveit_msgs) StdoutLine: {'line': b'-- Up-to-date: /home/yadhu/ur3e/src/install/moveit_msgs/share/moveit_msgs/srv/GraspPlanning.idl\n'}
[1.560379] (moveit_msgs) StdoutLine: {'line': b'-- Up-to-date: /home/yadhu/ur3e/src/install/moveit_msgs/share/moveit_msgs/srv/ApplyPlanningScene.idl\n'}
[1.560416] (moveit_msgs) StdoutLine: {'line': b'-- Up-to-date: /home/yadhu/ur3e/src/install/moveit_msgs/share/moveit_msgs/srv/QueryPlannerInterfaces.idl\n'}
[1.560476] (moveit_msgs) StdoutLine: {'line': b'-- Up-to-date: /home/yadhu/ur3e/src/install/moveit_msgs/share/moveit_msgs/srv/GetMotionSequence.idl\n'}
[1.560589] (moveit_msgs) StdoutLine: {'line': b'-- Up-to-date: /home/yadhu/ur3e/src/install/moveit_msgs/share/moveit_msgs/srv/GetPositionFK.idl\n'}
[1.560656] (moveit_msgs) StdoutLine: {'line': b'-- Up-to-date: /home/yadhu/ur3e/src/install/moveit_msgs/share/moveit_msgs/srv/GetPositionIK.idl\n'}
[1.560717] (moveit_msgs) StdoutLine: {'line': b'-- Up-to-date: /home/yadhu/ur3e/src/install/moveit_msgs/share/moveit_msgs/srv/GetPlannerParams.idl\n'}
[1.560774] (moveit_msgs) StdoutLine: {'line': b'-- Up-to-date: /home/yadhu/ur3e/src/install/moveit_msgs/share/moveit_msgs/srv/SetPlannerParams.idl\n'}
[1.560877] (moveit_msgs) StdoutLine: {'line': b'-- Up-to-date: /home/yadhu/ur3e/src/install/moveit_msgs/share/moveit_msgs/srv/UpdatePointcloudOctomap.idl\n'}
[1.560941] (moveit_msgs) StdoutLine: {'line': b'-- Up-to-date: /home/yadhu/ur3e/src/install/moveit_msgs/share/moveit_msgs/srv/SaveMap.idl\n'}
[1.561004] (moveit_msgs) StdoutLine: {'line': b'-- Up-to-date: /home/yadhu/ur3e/src/install/moveit_msgs/share/moveit_msgs/srv/LoadMap.idl\n'}
[1.561061] (moveit_msgs) StdoutLine: {'line': b'-- Up-to-date: /home/yadhu/ur3e/src/install/moveit_msgs/share/moveit_msgs/srv/SaveRobotStateToWarehouse.idl\n'}
[1.561179] (moveit_msgs) StdoutLine: {'line': b'-- Up-to-date: /home/yadhu/ur3e/src/install/moveit_msgs/share/moveit_msgs/srv/ListRobotStatesInWarehouse.idl\n'}
[1.561253] (moveit_msgs) StdoutLine: {'line': b'-- Up-to-date: /home/yadhu/ur3e/src/install/moveit_msgs/share/moveit_msgs/srv/GetRobotStateFromWarehouse.idl\n'}
[1.561313] (moveit_msgs) StdoutLine: {'line': b'-- Up-to-date: /home/yadhu/ur3e/src/install/moveit_msgs/share/moveit_msgs/srv/CheckIfRobotStateExistsInWarehouse.idl\n'}
[1.561371] (moveit_msgs) StdoutLine: {'line': b'-- Up-to-date: /home/yadhu/ur3e/src/install/moveit_msgs/share/moveit_msgs/srv/RenameRobotStateInWarehouse.idl\n'}
[1.561481] (moveit_msgs) StdoutLine: {'line': b'-- Up-to-date: /home/yadhu/ur3e/src/install/moveit_msgs/share/moveit_msgs/srv/DeleteRobotStateFromWarehouse.idl\n'}
[1.561585] (moveit_msgs) StdoutLine: {'line': b'-- Up-to-date: /home/yadhu/ur3e/src/install/moveit_msgs/share/moveit_msgs/srv/ChangeControlDimensions.idl\n'}
[1.561622] (moveit_msgs) StdoutLine: {'line': b'-- Up-to-date: /home/yadhu/ur3e/src/install/moveit_msgs/share/moveit_msgs/srv/ChangeDriftDimensions.idl\n'}
[1.561706] (moveit_msgs) StdoutLine: {'line': b'-- Up-to-date: /home/yadhu/ur3e/src/install/moveit_msgs/share/moveit_msgs/action/ExecuteTrajectory.idl\n'}
[1.561812] (moveit_msgs) StdoutLine: {'line': b'-- Up-to-date: /home/yadhu/ur3e/src/install/moveit_msgs/share/moveit_msgs/action/MoveGroup.idl\n'}
[1.561876] (moveit_msgs) StdoutLine: {'line': b'-- Up-to-date: /home/yadhu/ur3e/src/install/moveit_msgs/share/moveit_msgs/action/MoveGroupSequence.idl\n'}
[1.561956] (moveit_msgs) StdoutLine: {'line': b'-- Up-to-date: /home/yadhu/ur3e/src/install/moveit_msgs/share/moveit_msgs/action/Pickup.idl\n'}
[1.562025] (moveit_msgs) StdoutLine: {'line': b'-- Up-to-date: /home/yadhu/ur3e/src/install/moveit_msgs/share/moveit_msgs/action/Place.idl\n'}
[1.562131] (moveit_msgs) StdoutLine: {'line': b'-- Up-to-date: /home/yadhu/ur3e/src/install/moveit_msgs/share/moveit_msgs/action/LocalPlanner.idl\n'}
[1.562196] (moveit_msgs) StdoutLine: {'line': b'-- Up-to-date: /home/yadhu/ur3e/src/install/moveit_msgs/share/moveit_msgs/action/GlobalPlanner.idl\n'}
[1.562263] (moveit_msgs) StdoutLine: {'line': b'-- Up-to-date: /home/yadhu/ur3e/src/install/moveit_msgs/share/moveit_msgs/action/HybridPlanner.idl\n'}
[1.562322] (moveit_msgs) StdoutLine: {'line': b'-- Up-to-date: /home/yadhu/ur3e/src/install/moveit_msgs/share/moveit_msgs/msg/AllowedCollisionEntry.msg\n'}
[1.562427] (moveit_msgs) StdoutLine: {'line': b'-- Up-to-date: /home/yadhu/ur3e/src/install/moveit_msgs/share/moveit_msgs/msg/AllowedCollisionMatrix.msg\n'}
[1.562490] (moveit_msgs) StdoutLine: {'line': b'-- Up-to-date: /home/yadhu/ur3e/src/install/moveit_msgs/share/moveit_msgs/msg/AttachedCollisionObject.msg\n'}
[1.562548] (moveit_msgs) StdoutLine: {'line': b'-- Up-to-date: /home/yadhu/ur3e/src/install/moveit_msgs/share/moveit_msgs/msg/BoundingVolume.msg\n'}
[1.562652] (moveit_msgs) StdoutLine: {'line': b'-- Up-to-date: /home/yadhu/ur3e/src/install/moveit_msgs/share/moveit_msgs/msg/CartesianPoint.msg\n'}
[1.562717] (moveit_msgs) StdoutLine: {'line': b'-- Up-to-date: /home/yadhu/ur3e/src/install/moveit_msgs/share/moveit_msgs/msg/CartesianTrajectory.msg\n'}
[1.562778] (moveit_msgs) StdoutLine: {'line': b'-- Up-to-date: /home/yadhu/ur3e/src/install/moveit_msgs/share/moveit_msgs/msg/CartesianTrajectoryPoint.msg\n'}
[1.562837] (moveit_msgs) StdoutLine: {'line': b'-- Up-to-date: /home/yadhu/ur3e/src/install/moveit_msgs/share/moveit_msgs/msg/CollisionObject.msg\n'}
[1.562938] (moveit_msgs) StdoutLine: {'line': b'-- Up-to-date: /home/yadhu/ur3e/src/install/moveit_msgs/share/moveit_msgs/msg/ConstraintEvalResult.msg\n'}
[1.563004] (moveit_msgs) StdoutLine: {'line': b'-- Up-to-date: /home/yadhu/ur3e/src/install/moveit_msgs/share/moveit_msgs/msg/Constraints.msg\n'}
[1.563065] (moveit_msgs) StdoutLine: {'line': b'-- Up-to-date: /home/yadhu/ur3e/src/install/moveit_msgs/share/moveit_msgs/msg/CostSource.msg\n'}
[1.563125] (moveit_msgs) StdoutLine: {'line': b'-- Up-to-date: /home/yadhu/ur3e/src/install/moveit_msgs/share/moveit_msgs/msg/ContactInformation.msg\n'}
[1.563236] (moveit_msgs) StdoutLine: {'line': b'-- Up-to-date: /home/yadhu/ur3e/src/install/moveit_msgs/share/moveit_msgs/msg/DisplayTrajectory.msg\n'}
[1.563357] (moveit_msgs) StdoutLine: {'line': b'-- Up-to-date: /home/yadhu/ur3e/src/install/moveit_msgs/share/moveit_msgs/msg/DisplayRobotState.msg\n'}
[1.563396] (moveit_msgs) StdoutLine: {'line': b'-- Up-to-date: /home/yadhu/ur3e/src/install/moveit_msgs/share/moveit_msgs/msg/GenericTrajectory.msg\n'}
[1.563528] (moveit_msgs) StdoutLine: {'line': b'-- Up-to-date: /home/yadhu/ur3e/src/install/moveit_msgs/share/moveit_msgs/msg/Grasp.msg\n'}
[1.563680] (moveit_msgs) StdoutLine: {'line': b'-- Up-to-date: /home/yadhu/ur3e/src/install/moveit_msgs/share/moveit_msgs/msg/GripperTranslation.msg\n'}
[1.563761] (moveit_msgs) StdoutLine: {'line': b'-- Up-to-date: /home/yadhu/ur3e/src/install/moveit_msgs/share/moveit_msgs/msg/JointConstraint.msg\n'}
[1.563822] (moveit_msgs) StdoutLine: {'line': b'-- Up-to-date: /home/yadhu/ur3e/src/install/moveit_msgs/share/moveit_msgs/msg/JointLimits.msg\n'}
[1.563884] (moveit_msgs) StdoutLine: {'line': b'-- Up-to-date: /home/yadhu/ur3e/src/install/moveit_msgs/share/moveit_msgs/msg/LinkPadding.msg\n'}
[1.564023] (moveit_msgs) StdoutLine: {'line': b'-- Up-to-date: /home/yadhu/ur3e/src/install/moveit_msgs/share/moveit_msgs/msg/LinkScale.msg\n'}
[1.564085] (moveit_msgs) StdoutLine: {'line': b'-- Up-to-date: /home/yadhu/ur3e/src/install/moveit_msgs/share/moveit_msgs/msg/MotionPlanRequest.msg\n'}
[1.564138] (moveit_msgs) StdoutLine: {'line': b'-- Up-to-date: /home/yadhu/ur3e/src/install/moveit_msgs/share/moveit_msgs/msg/MotionPlanResponse.msg\n'}
[1.564184] (moveit_msgs) StdoutLine: {'line': b'-- Up-to-date: /home/yadhu/ur3e/src/install/moveit_msgs/share/moveit_msgs/msg/MotionPlanDetailedResponse.msg\n'}
[1.564293] (moveit_msgs) StdoutLine: {'line': b'-- Up-to-date: /home/yadhu/ur3e/src/install/moveit_msgs/share/moveit_msgs/msg/MotionSequenceItem.msg\n'}
[1.564356] (moveit_msgs) StdoutLine: {'line': b'-- Up-to-date: /home/yadhu/ur3e/src/install/moveit_msgs/share/moveit_msgs/msg/MotionSequenceRequest.msg\n'}
[1.564421] (moveit_msgs) StdoutLine: {'line': b'-- Up-to-date: /home/yadhu/ur3e/src/install/moveit_msgs/share/moveit_msgs/msg/MotionSequenceResponse.msg\n'}
[1.564483] (moveit_msgs) StdoutLine: {'line': b'-- Up-to-date: /home/yadhu/ur3e/src/install/moveit_msgs/share/moveit_msgs/msg/MoveItErrorCodes.msg\n'}
[1.564598] (moveit_msgs) StdoutLine: {'line': b'-- Up-to-date: /home/yadhu/ur3e/src/install/moveit_msgs/share/moveit_msgs/msg/TrajectoryConstraints.msg\n'}
[1.564666] (moveit_msgs) StdoutLine: {'line': b'-- Up-to-date: /home/yadhu/ur3e/src/install/moveit_msgs/share/moveit_msgs/msg/ObjectColor.msg\n'}
[1.564727] (moveit_msgs) StdoutLine: {'line': b'-- Up-to-date: /home/yadhu/ur3e/src/install/moveit_msgs/share/moveit_msgs/msg/OrientationConstraint.msg\n'}
[1.564784] (moveit_msgs) StdoutLine: {'line': b'-- Up-to-date: /home/yadhu/ur3e/src/install/moveit_msgs/share/moveit_msgs/msg/OrientedBoundingBox.msg\n'}
[1.564893] (moveit_msgs) StdoutLine: {'line': b'-- Up-to-date: /home/yadhu/ur3e/src/install/moveit_msgs/share/moveit_msgs/msg/PlaceLocation.msg\n'}
[1.564959] (moveit_msgs) StdoutLine: {'line': b'-- Up-to-date: /home/yadhu/ur3e/src/install/moveit_msgs/share/moveit_msgs/msg/PlannerInterfaceDescription.msg\n'}
[1.565020] (moveit_msgs) StdoutLine: {'line': b'-- Up-to-date: /home/yadhu/ur3e/src/install/moveit_msgs/share/moveit_msgs/msg/PlannerParams.msg\n'}
[1.565080] (moveit_msgs) StdoutLine: {'line': b'-- Up-to-date: /home/yadhu/ur3e/src/install/moveit_msgs/share/moveit_msgs/msg/PlanningScene.msg\n'}
[1.565190] (moveit_msgs) StdoutLine: {'line': b'-- Up-to-date: /home/yadhu/ur3e/src/install/moveit_msgs/share/moveit_msgs/msg/PlanningSceneComponents.msg\n'}
[1.565309] (moveit_msgs) StdoutLine: {'line': b'-- Up-to-date: /home/yadhu/ur3e/src/install/moveit_msgs/share/moveit_msgs/msg/PlanningSceneWorld.msg\n'}
[1.565354] (moveit_msgs) StdoutLine: {'line': b'-- Up-to-date: /home/yadhu/ur3e/src/install/moveit_msgs/share/moveit_msgs/msg/PlanningOptions.msg\n'}
[1.565432] (moveit_msgs) StdoutLine: {'line': b'-- Up-to-date: /home/yadhu/ur3e/src/install/moveit_msgs/share/moveit_msgs/msg/PositionConstraint.msg\n'}
[1.565536] (moveit_msgs) StdoutLine: {'line': b'-- Up-to-date: /home/yadhu/ur3e/src/install/moveit_msgs/share/moveit_msgs/msg/RobotState.msg\n'}
[1.565600] (moveit_msgs) StdoutLine: {'line': b'-- Up-to-date: /home/yadhu/ur3e/src/install/moveit_msgs/share/moveit_msgs/msg/RobotTrajectory.msg\n'}
[1.565661] (moveit_msgs) StdoutLine: {'line': b'-- Up-to-date: /home/yadhu/ur3e/src/install/moveit_msgs/share/moveit_msgs/msg/VisibilityConstraint.msg\n'}
[1.565722] (moveit_msgs) StdoutLine: {'line': b'-- Up-to-date: /home/yadhu/ur3e/src/install/moveit_msgs/share/moveit_msgs/msg/WorkspaceParameters.msg\n'}
[1.565829] (moveit_msgs) StdoutLine: {'line': b'-- Up-to-date: /home/yadhu/ur3e/src/install/moveit_msgs/share/moveit_msgs/msg/KinematicSolverInfo.msg\n'}
[1.565896] (moveit_msgs) StdoutLine: {'line': b'-- Up-to-date: /home/yadhu/ur3e/src/install/moveit_msgs/share/moveit_msgs/msg/PositionIKRequest.msg\n'}
[1.565959] (moveit_msgs) StdoutLine: {'line': b'-- Up-to-date: /home/yadhu/ur3e/src/install/moveit_msgs/share/moveit_msgs/srv/GetMotionPlan.srv\n'}
[1.566020] (moveit_msgs) StdoutLine: {'line': b'-- Up-to-date: /home/yadhu/ur3e/src/install/moveit_msgs/share/moveit_msgs/srv/GetMotionPlan_Request.msg\n'}
[1.566121] (moveit_msgs) StdoutLine: {'line': b'-- Up-to-date: /home/yadhu/ur3e/src/install/moveit_msgs/share/moveit_msgs/srv/GetMotionPlan_Response.msg\n'}
[1.566189] (moveit_msgs) StdoutLine: {'line': b'-- Up-to-date: /home/yadhu/ur3e/src/install/moveit_msgs/share/moveit_msgs/srv/GetStateValidity.srv\n'}
[1.566276] (moveit_msgs) StdoutLine: {'line': b'-- Up-to-date: /home/yadhu/ur3e/src/install/moveit_msgs/share/moveit_msgs/srv/GetStateValidity_Request.msg\n'}
[1.566336] (moveit_msgs) StdoutLine: {'line': b'-- Up-to-date: /home/yadhu/ur3e/src/install/moveit_msgs/share/moveit_msgs/srv/GetStateValidity_Response.msg\n'}
[1.566443] (moveit_msgs) StdoutLine: {'line': b'-- Up-to-date: /home/yadhu/ur3e/src/install/moveit_msgs/share/moveit_msgs/srv/GetCartesianPath.srv\n'}
[1.566512] (moveit_msgs) StdoutLine: {'line': b'-- Up-to-date: /home/yadhu/ur3e/src/install/moveit_msgs/share/moveit_msgs/srv/GetCartesianPath_Request.msg\n'}
[1.566572] (moveit_msgs) StdoutLine: {'line': b'-- Up-to-date: /home/yadhu/ur3e/src/install/moveit_msgs/share/moveit_msgs/srv/GetCartesianPath_Response.msg\n'}
[1.566631] (moveit_msgs) StdoutLine: {'line': b'-- Up-to-date: /home/yadhu/ur3e/src/install/moveit_msgs/share/moveit_msgs/srv/GetPlanningScene.srv\n'}
[1.566739] (moveit_msgs) StdoutLine: {'line': b'-- Up-to-date: /home/yadhu/ur3e/src/install/moveit_msgs/share/moveit_msgs/srv/GetPlanningScene_Request.msg\n'}
[1.566805] (moveit_msgs) StdoutLine: {'line': b'-- Up-to-date: /home/yadhu/ur3e/src/install/moveit_msgs/share/moveit_msgs/srv/GetPlanningScene_Response.msg\n'}
[1.566868] (moveit_msgs) StdoutLine: {'line': b'-- Up-to-date: /home/yadhu/ur3e/src/install/moveit_msgs/share/moveit_msgs/srv/GraspPlanning.srv\n'}
[1.566930] (moveit_msgs) StdoutLine: {'line': b'-- Up-to-date: /home/yadhu/ur3e/src/install/moveit_msgs/share/moveit_msgs/srv/GraspPlanning_Request.msg\n'}
[1.567059] (moveit_msgs) StdoutLine: {'line': b'-- Up-to-date: /home/yadhu/ur3e/src/install/moveit_msgs/share/moveit_msgs/srv/GraspPlanning_Response.msg\n'}
[1.567158] (moveit_msgs) StdoutLine: {'line': b'-- Up-to-date: /home/yadhu/ur3e/src/install/moveit_msgs/share/moveit_msgs/srv/ApplyPlanningScene.srv\n'}
[1.567203] (moveit_msgs) StdoutLine: {'line': b'-- Up-to-date: /home/yadhu/ur3e/src/install/moveit_msgs/share/moveit_msgs/srv/ApplyPlanningScene_Request.msg\n'}
[1.567292] (moveit_msgs) StdoutLine: {'line': b'-- Up-to-date: /home/yadhu/ur3e/src/install/moveit_msgs/share/moveit_msgs/srv/ApplyPlanningScene_Response.msg\n'}
[1.567387] (moveit_msgs) StdoutLine: {'line': b'-- Up-to-date: /home/yadhu/ur3e/src/install/moveit_msgs/share/moveit_msgs/srv/QueryPlannerInterfaces.srv\n'}
[1.567456] (moveit_msgs) StdoutLine: {'line': b'-- Up-to-date: /home/yadhu/ur3e/src/install/moveit_msgs/share/moveit_msgs/srv/QueryPlannerInterfaces_Request.msg\n'}
[1.567520] (moveit_msgs) StdoutLine: {'line': b'-- Up-to-date: /home/yadhu/ur3e/src/install/moveit_msgs/share/moveit_msgs/srv/QueryPlannerInterfaces_Response.msg\n'}
[1.567579] (moveit_msgs) StdoutLine: {'line': b'-- Up-to-date: /home/yadhu/ur3e/src/install/moveit_msgs/share/moveit_msgs/srv/GetMotionSequence.srv\n'}
[1.567687] (moveit_msgs) StdoutLine: {'line': b'-- Up-to-date: /home/yadhu/ur3e/src/install/moveit_msgs/share/moveit_msgs/srv/GetMotionSequence_Request.msg\n'}
[1.567753] (moveit_msgs) StdoutLine: {'line': b'-- Up-to-date: /home/yadhu/ur3e/src/install/moveit_msgs/share/moveit_msgs/srv/GetMotionSequence_Response.msg\n'}
[1.567817] (moveit_msgs) StdoutLine: {'line': b'-- Up-to-date: /home/yadhu/ur3e/src/install/moveit_msgs/share/moveit_msgs/srv/GetPositionFK.srv\n'}
[1.567877] (moveit_msgs) StdoutLine: {'line': b'-- Up-to-date: /home/yadhu/ur3e/src/install/moveit_msgs/share/moveit_msgs/srv/GetPositionFK_Request.msg\n'}
[1.567987] (moveit_msgs) StdoutLine: {'line': b'-- Up-to-date: /home/yadhu/ur3e/src/install/moveit_msgs/share/moveit_msgs/srv/GetPositionFK_Response.msg\n'}
[1.568054] (moveit_msgs) StdoutLine: {'line': b'-- Up-to-date: /home/yadhu/ur3e/src/install/moveit_msgs/share/moveit_msgs/srv/GetPositionIK.srv\n'}
[1.568117] (moveit_msgs) StdoutLine: {'line': b'-- Up-to-date: /home/yadhu/ur3e/src/install/moveit_msgs/share/moveit_msgs/srv/GetPositionIK_Request.msg\n'}
[1.568177] (moveit_msgs) StdoutLine: {'line': b'-- Up-to-date: /home/yadhu/ur3e/src/install/moveit_msgs/share/moveit_msgs/srv/GetPositionIK_Response.msg\n'}
[1.568286] (moveit_msgs) StdoutLine: {'line': b'-- Up-to-date: /home/yadhu/ur3e/src/install/moveit_msgs/share/moveit_msgs/srv/GetPlannerParams.srv\n'}
[1.568354] (moveit_msgs) StdoutLine: {'line': b'-- Up-to-date: /home/yadhu/ur3e/src/install/moveit_msgs/share/moveit_msgs/srv/GetPlannerParams_Request.msg\n'}
[1.568417] (moveit_msgs) StdoutLine: {'line': b'-- Up-to-date: /home/yadhu/ur3e/src/install/moveit_msgs/share/moveit_msgs/srv/GetPlannerParams_Response.msg\n'}
[1.568480] (moveit_msgs) StdoutLine: {'line': b'-- Up-to-date: /home/yadhu/ur3e/src/install/moveit_msgs/share/moveit_msgs/srv/SetPlannerParams.srv\n'}
[1.568588] (moveit_msgs) StdoutLine: {'line': b'-- Up-to-date: /home/yadhu/ur3e/src/install/moveit_msgs/share/moveit_msgs/srv/SetPlannerParams_Request.msg\n'}
[1.568654] (moveit_msgs) StdoutLine: {'line': b'-- Up-to-date: /home/yadhu/ur3e/src/install/moveit_msgs/share/moveit_msgs/srv/SetPlannerParams_Response.msg\n'}
[1.568719] (moveit_msgs) StdoutLine: {'line': b'-- Up-to-date: /home/yadhu/ur3e/src/install/moveit_msgs/share/moveit_msgs/srv/UpdatePointcloudOctomap.srv\n'}
[1.568780] (moveit_msgs) StdoutLine: {'line': b'-- Up-to-date: /home/yadhu/ur3e/src/install/moveit_msgs/share/moveit_msgs/srv/UpdatePointcloudOctomap_Request.msg\n'}
[1.568892] (moveit_msgs) StdoutLine: {'line': b'-- Up-to-date: /home/yadhu/ur3e/src/install/moveit_msgs/share/moveit_msgs/srv/UpdatePointcloudOctomap_Response.msg\n'}
[1.568999] (moveit_msgs) StdoutLine: {'line': b'-- Up-to-date: /home/yadhu/ur3e/src/install/moveit_msgs/share/moveit_msgs/srv/SaveMap.srv\n'}
[1.569033] (moveit_msgs) StdoutLine: {'line': b'-- Up-to-date: /home/yadhu/ur3e/src/install/moveit_msgs/share/moveit_msgs/srv/SaveMap_Request.msg\n'}
[1.569126] (moveit_msgs) StdoutLine: {'line': b'-- Up-to-date: /home/yadhu/ur3e/src/install/moveit_msgs/share/moveit_msgs/srv/SaveMap_Response.msg\n'}
[1.569237] (moveit_msgs) StdoutLine: {'line': b'-- Up-to-date: /home/yadhu/ur3e/src/install/moveit_msgs/share/moveit_msgs/srv/LoadMap.srv\n'}
[1.569302] (moveit_msgs) StdoutLine: {'line': b'-- Up-to-date: /home/yadhu/ur3e/src/install/moveit_msgs/share/moveit_msgs/srv/LoadMap_Request.msg\n'}
[1.569366] (moveit_msgs) StdoutLine: {'line': b'-- Up-to-date: /home/yadhu/ur3e/src/install/moveit_msgs/share/moveit_msgs/srv/LoadMap_Response.msg\n'}
[1.569427] (moveit_msgs) StdoutLine: {'line': b'-- Up-to-date: /home/yadhu/ur3e/src/install/moveit_msgs/share/moveit_msgs/srv/SaveRobotStateToWarehouse.srv\n'}
[1.569535] (moveit_msgs) StdoutLine: {'line': b'-- Up-to-date: /home/yadhu/ur3e/src/install/moveit_msgs/share/moveit_msgs/srv/SaveRobotStateToWarehouse_Request.msg\n'}
[1.569601] (moveit_msgs) StdoutLine: {'line': b'-- Up-to-date: /home/yadhu/ur3e/src/install/moveit_msgs/share/moveit_msgs/srv/SaveRobotStateToWarehouse_Response.msg\n'}
[1.569666] (moveit_msgs) StdoutLine: {'line': b'-- Up-to-date: /home/yadhu/ur3e/src/install/moveit_msgs/share/moveit_msgs/srv/ListRobotStatesInWarehouse.srv\n'}
[1.569728] (moveit_msgs) StdoutLine: {'line': b'-- Up-to-date: /home/yadhu/ur3e/src/install/moveit_msgs/share/moveit_msgs/srv/ListRobotStatesInWarehouse_Request.msg\n'}
[1.569837] (moveit_msgs) StdoutLine: {'line': b'-- Up-to-date: /home/yadhu/ur3e/src/install/moveit_msgs/share/moveit_msgs/srv/ListRobotStatesInWarehouse_Response.msg\n'}
[1.569906] (moveit_msgs) StdoutLine: {'line': b'-- Up-to-date: /home/yadhu/ur3e/src/install/moveit_msgs/share/moveit_msgs/srv/GetRobotStateFromWarehouse.srv\n'}
[1.569969] (moveit_msgs) StdoutLine: {'line': b'-- Up-to-date: /home/yadhu/ur3e/src/install/moveit_msgs/share/moveit_msgs/srv/GetRobotStateFromWarehouse_Request.msg\n'}
[1.570031] (moveit_msgs) StdoutLine: {'line': b'-- Up-to-date: /home/yadhu/ur3e/src/install/moveit_msgs/share/moveit_msgs/srv/GetRobotStateFromWarehouse_Response.msg\n'}
[1.570137] (moveit_msgs) StdoutLine: {'line': b'-- Up-to-date: /home/yadhu/ur3e/src/install/moveit_msgs/share/moveit_msgs/srv/CheckIfRobotStateExistsInWarehouse.srv\n'}
[1.570206] (moveit_msgs) StdoutLine: {'line': b'-- Up-to-date: /home/yadhu/ur3e/src/install/moveit_msgs/share/moveit_msgs/srv/CheckIfRobotStateExistsInWarehouse_Request.msg\n'}
[1.570274] (moveit_msgs) StdoutLine: {'line': b'-- Up-to-date: /home/yadhu/ur3e/src/install/moveit_msgs/share/moveit_msgs/srv/CheckIfRobotStateExistsInWarehouse_Response.msg\n'}
[1.570336] (moveit_msgs) StdoutLine: {'line': b'-- Up-to-date: /home/yadhu/ur3e/src/install/moveit_msgs/share/moveit_msgs/srv/RenameRobotStateInWarehouse.srv\n'}
[1.570449] (moveit_msgs) StdoutLine: {'line': b'-- Up-to-date: /home/yadhu/ur3e/src/install/moveit_msgs/share/moveit_msgs/srv/RenameRobotStateInWarehouse_Request.msg\n'}
[1.570559] (moveit_msgs) StdoutLine: {'line': b'-- Up-to-date: /home/yadhu/ur3e/src/install/moveit_msgs/share/moveit_msgs/srv/RenameRobotStateInWarehouse_Response.msg\n'}
[1.570596] (moveit_msgs) StdoutLine: {'line': b'-- Up-to-date: /home/yadhu/ur3e/src/install/moveit_msgs/share/moveit_msgs/srv/DeleteRobotStateFromWarehouse.srv\n'}
[1.570687] (moveit_msgs) StdoutLine: {'line': b'-- Up-to-date: /home/yadhu/ur3e/src/install/moveit_msgs/share/moveit_msgs/srv/DeleteRobotStateFromWarehouse_Request.msg\n'}
[1.570794] (moveit_msgs) StdoutLine: {'line': b'-- Up-to-date: /home/yadhu/ur3e/src/install/moveit_msgs/share/moveit_msgs/srv/DeleteRobotStateFromWarehouse_Response.msg\n'}
[1.570863] (moveit_msgs) StdoutLine: {'line': b'-- Up-to-date: /home/yadhu/ur3e/src/install/moveit_msgs/share/moveit_msgs/srv/ChangeControlDimensions.srv\n'}
[1.570936] (moveit_msgs) StdoutLine: {'line': b'-- Up-to-date: /home/yadhu/ur3e/src/install/moveit_msgs/share/moveit_msgs/srv/ChangeControlDimensions_Request.msg\n'}
[1.570998] (moveit_msgs) StdoutLine: {'line': b'-- Up-to-date: /home/yadhu/ur3e/src/install/moveit_msgs/share/moveit_msgs/srv/ChangeControlDimensions_Response.msg\n'}
[1.571100] (moveit_msgs) StdoutLine: {'line': b'-- Up-to-date: /home/yadhu/ur3e/src/install/moveit_msgs/share/moveit_msgs/srv/ChangeDriftDimensions.srv\n'}
[1.571167] (moveit_msgs) StdoutLine: {'line': b'-- Up-to-date: /home/yadhu/ur3e/src/install/moveit_msgs/share/moveit_msgs/srv/ChangeDriftDimensions_Request.msg\n'}
[1.571235] (moveit_msgs) StdoutLine: {'line': b'-- Up-to-date: /home/yadhu/ur3e/src/install/moveit_msgs/share/moveit_msgs/srv/ChangeDriftDimensions_Response.msg\n'}
[1.571301] (moveit_msgs) StdoutLine: {'line': b'-- Up-to-date: /home/yadhu/ur3e/src/install/moveit_msgs/share/moveit_msgs/action/ExecuteTrajectory.action\n'}
[1.571408] (moveit_msgs) StdoutLine: {'line': b'-- Up-to-date: /home/yadhu/ur3e/src/install/moveit_msgs/share/moveit_msgs/action/MoveGroup.action\n'}
[1.571476] (moveit_msgs) StdoutLine: {'line': b'-- Up-to-date: /home/yadhu/ur3e/src/install/moveit_msgs/share/moveit_msgs/action/MoveGroupSequence.action\n'}
[1.571543] (moveit_msgs) StdoutLine: {'line': b'-- Up-to-date: /home/yadhu/ur3e/src/install/moveit_msgs/share/moveit_msgs/action/Pickup.action\n'}
[1.571605] (moveit_msgs) StdoutLine: {'line': b'-- Up-to-date: /home/yadhu/ur3e/src/install/moveit_msgs/share/moveit_msgs/action/Place.action\n'}
[1.571712] (moveit_msgs) StdoutLine: {'line': b'-- Up-to-date: /home/yadhu/ur3e/src/install/moveit_msgs/share/moveit_msgs/action/LocalPlanner.action\n'}
[1.571782] (moveit_msgs) StdoutLine: {'line': b'-- Up-to-date: /home/yadhu/ur3e/src/install/moveit_msgs/share/moveit_msgs/action/GlobalPlanner.action\n'}
[1.571847] (moveit_msgs) StdoutLine: {'line': b'-- Up-to-date: /home/yadhu/ur3e/src/install/moveit_msgs/share/moveit_msgs/action/HybridPlanner.action\n'}
[1.571918] (moveit_msgs) StdoutLine: {'line': b'-- Up-to-date: /home/yadhu/ur3e/src/install/moveit_msgs/share/ament_index/resource_index/package_run_dependencies/moveit_msgs\n'}
[1.572029] (moveit_msgs) StdoutLine: {'line': b'-- Up-to-date: /home/yadhu/ur3e/src/install/moveit_msgs/share/ament_index/resource_index/parent_prefix_path/moveit_msgs\n'}
[1.572106] (moveit_msgs) StdoutLine: {'line': b'-- Up-to-date: /home/yadhu/ur3e/src/install/moveit_msgs/share/moveit_msgs/environment/ament_prefix_path.sh\n'}
[1.572175] (moveit_msgs) StdoutLine: {'line': b'-- Up-to-date: /home/yadhu/ur3e/src/install/moveit_msgs/share/moveit_msgs/environment/ament_prefix_path.dsv\n'}
[1.572248] (moveit_msgs) StdoutLine: {'line': b'-- Up-to-date: /home/yadhu/ur3e/src/install/moveit_msgs/share/moveit_msgs/environment/path.sh\n'}
[1.572355] (moveit_msgs) StdoutLine: {'line': b'-- Up-to-date: /home/yadhu/ur3e/src/install/moveit_msgs/share/moveit_msgs/environment/path.dsv\n'}
[1.572467] (moveit_msgs) StdoutLine: {'line': b'-- Up-to-date: /home/yadhu/ur3e/src/install/moveit_msgs/share/moveit_msgs/local_setup.bash\n'}
[1.572504] (moveit_msgs) StdoutLine: {'line': b'-- Up-to-date: /home/yadhu/ur3e/src/install/moveit_msgs/share/moveit_msgs/local_setup.sh\n'}
[1.572594] (moveit_msgs) StdoutLine: {'line': b'-- Up-to-date: /home/yadhu/ur3e/src/install/moveit_msgs/share/moveit_msgs/local_setup.zsh\n'}
[1.572702] (moveit_msgs) StdoutLine: {'line': b'-- Up-to-date: /home/yadhu/ur3e/src/install/moveit_msgs/share/moveit_msgs/local_setup.dsv\n'}
[1.572770] (moveit_msgs) StdoutLine: {'line': b'-- Installing: /home/yadhu/ur3e/src/install/moveit_msgs/share/moveit_msgs/package.dsv\n'}
[1.572952] (moveit_msgs) StdoutLine: {'line': b'-- Up-to-date: /home/yadhu/ur3e/src/install/moveit_msgs/share/ament_index/resource_index/packages/moveit_msgs\n'}
[1.573061] (moveit_msgs) StdoutLine: {'line': b'-- Up-to-date: /home/yadhu/ur3e/src/install/moveit_msgs/share/moveit_msgs/cmake/export_moveit_msgs__rosidl_generator_cExport.cmake\n'}
[1.573181] (moveit_msgs) StdoutLine: {'line': b'-- Up-to-date: /home/yadhu/ur3e/src/install/moveit_msgs/share/moveit_msgs/cmake/export_moveit_msgs__rosidl_generator_cExport-noconfig.cmake\n'}
[1.573317] (moveit_msgs) StdoutLine: {'line': b'-- Up-to-date: /home/yadhu/ur3e/src/install/moveit_msgs/share/moveit_msgs/cmake/export_moveit_msgs__rosidl_typesupport_fastrtps_cExport.cmake\n'}
[1.573371] (moveit_msgs) StdoutLine: {'line': b'-- Up-to-date: /home/yadhu/ur3e/src/install/moveit_msgs/share/moveit_msgs/cmake/export_moveit_msgs__rosidl_typesupport_fastrtps_cExport-noconfig.cmake\n'}
[1.573478] (moveit_msgs) StdoutLine: {'line': b'-- Up-to-date: /home/yadhu/ur3e/src/install/moveit_msgs/share/moveit_msgs/cmake/moveit_msgs__rosidl_typesupport_introspection_cExport.cmake\n'}
[1.573578] (moveit_msgs) StdoutLine: {'line': b'-- Up-to-date: /home/yadhu/ur3e/src/install/moveit_msgs/share/moveit_msgs/cmake/moveit_msgs__rosidl_typesupport_introspection_cExport-noconfig.cmake\n'}
[1.573673] (moveit_msgs) StdoutLine: {'line': b'-- Up-to-date: /home/yadhu/ur3e/src/install/moveit_msgs/share/moveit_msgs/cmake/moveit_msgs__rosidl_typesupport_cExport.cmake\n'}
[1.573739] (moveit_msgs) StdoutLine: {'line': b'-- Up-to-date: /home/yadhu/ur3e/src/install/moveit_msgs/share/moveit_msgs/cmake/moveit_msgs__rosidl_typesupport_cExport-noconfig.cmake\n'}
[1.573828] (moveit_msgs) StdoutLine: {'line': b'-- Up-to-date: /home/yadhu/ur3e/src/install/moveit_msgs/share/moveit_msgs/cmake/export_moveit_msgs__rosidl_generator_cppExport.cmake\n'}
[1.573959] (moveit_msgs) StdoutLine: {'line': b'-- Up-to-date: /home/yadhu/ur3e/src/install/moveit_msgs/share/moveit_msgs/cmake/export_moveit_msgs__rosidl_typesupport_fastrtps_cppExport.cmake\n'}
[1.574032] (moveit_msgs) StdoutLine: {'line': b'-- Up-to-date: /home/yadhu/ur3e/src/install/moveit_msgs/share/moveit_msgs/cmake/export_moveit_msgs__rosidl_typesupport_fastrtps_cppExport-noconfig.cmake\n'}
[1.574122] (moveit_msgs) StdoutLine: {'line': b'-- Up-to-date: /home/yadhu/ur3e/src/install/moveit_msgs/share/moveit_msgs/cmake/moveit_msgs__rosidl_typesupport_introspection_cppExport.cmake\n'}
[1.574185] (moveit_msgs) StdoutLine: {'line': b'-- Up-to-date: /home/yadhu/ur3e/src/install/moveit_msgs/share/moveit_msgs/cmake/moveit_msgs__rosidl_typesupport_introspection_cppExport-noconfig.cmake\n'}
[1.574342] (moveit_msgs) StdoutLine: {'line': b'-- Up-to-date: /home/yadhu/ur3e/src/install/moveit_msgs/share/moveit_msgs/cmake/moveit_msgs__rosidl_typesupport_cppExport.cmake\n'}
[1.574454] (moveit_msgs) StdoutLine: {'line': b'-- Up-to-date: /home/yadhu/ur3e/src/install/moveit_msgs/share/moveit_msgs/cmake/moveit_msgs__rosidl_typesupport_cppExport-noconfig.cmake\n'}
[1.574521] (moveit_msgs) StdoutLine: {'line': b'-- Up-to-date: /home/yadhu/ur3e/src/install/moveit_msgs/share/moveit_msgs/cmake/export_moveit_msgs__rosidl_generator_pyExport.cmake\n'}
[1.574633] (moveit_msgs) StdoutLine: {'line': b'-- Up-to-date: /home/yadhu/ur3e/src/install/moveit_msgs/share/moveit_msgs/cmake/export_moveit_msgs__rosidl_generator_pyExport-noconfig.cmake\n'}
[1.574721] (moveit_msgs) StdoutLine: {'line': b'-- Up-to-date: /home/yadhu/ur3e/src/install/moveit_msgs/share/moveit_msgs/cmake/rosidl_cmake-extras.cmake\n'}
[1.574811] (moveit_msgs) StdoutLine: {'line': b'-- Up-to-date: /home/yadhu/ur3e/src/install/moveit_msgs/share/moveit_msgs/cmake/ament_cmake_export_dependencies-extras.cmake\n'}
[1.574859] (moveit_msgs) StdoutLine: {'line': b'-- Up-to-date: /home/yadhu/ur3e/src/install/moveit_msgs/share/moveit_msgs/cmake/ament_cmake_export_include_directories-extras.cmake\n'}
[1.574924] (moveit_msgs) StdoutLine: {'line': b'-- Up-to-date: /home/yadhu/ur3e/src/install/moveit_msgs/share/moveit_msgs/cmake/ament_cmake_export_libraries-extras.cmake\n'}
[1.575037] (moveit_msgs) StdoutLine: {'line': b'-- Up-to-date: /home/yadhu/ur3e/src/install/moveit_msgs/share/moveit_msgs/cmake/ament_cmake_export_targets-extras.cmake\n'}
[1.575107] (moveit_msgs) StdoutLine: {'line': b'-- Up-to-date: /home/yadhu/ur3e/src/install/moveit_msgs/share/moveit_msgs/cmake/rosidl_cmake_export_typesupport_targets-extras.cmake\n'}
[1.575176] (moveit_msgs) StdoutLine: {'line': b'-- Up-to-date: /home/yadhu/ur3e/src/install/moveit_msgs/share/moveit_msgs/cmake/rosidl_cmake_export_typesupport_libraries-extras.cmake\n'}
[1.575244] (moveit_msgs) StdoutLine: {'line': b'-- Up-to-date: /home/yadhu/ur3e/src/install/moveit_msgs/share/moveit_msgs/cmake/moveit_msgsConfig.cmake\n'}
[1.575310] (moveit_msgs) StdoutLine: {'line': b'-- Up-to-date: /home/yadhu/ur3e/src/install/moveit_msgs/share/moveit_msgs/cmake/moveit_msgsConfig-version.cmake\n'}
[1.575384] (moveit_msgs) StdoutLine: {'line': b'-- Up-to-date: /home/yadhu/ur3e/src/install/moveit_msgs/share/moveit_msgs/package.xml\n'}
[1.577533] (moveit_msgs) CommandEnded: {'returncode': 0}
[1.601944] (-) TimerEvent: {}
[1.702250] (-) TimerEvent: {}
[1.802445] (-) TimerEvent: {}
[1.902636] (-) TimerEvent: {}
[2.002870] (-) TimerEvent: {}
[2.103086] (-) TimerEvent: {}
[2.203283] (-) TimerEvent: {}
[2.303525] (-) TimerEvent: {}
[2.403782] (-) TimerEvent: {}
[2.503998] (-) TimerEvent: {}
[2.604214] (-) TimerEvent: {}
[2.615331] (moveit_msgs) JobEnded: {'identifier': 'moveit_msgs', 'rc': 0}
[2.616013] (unity_ros_msgs) JobStarted: {'identifier': 'unity_ros_msgs'}
[2.618760] (ur_robotiq) JobStarted: {'identifier': 'ur_robotiq'}
[2.625620] (unity_ros_msgs) JobProgress: {'identifier': 'unity_ros_msgs', 'progress': 'cmake'}
[2.626176] (unity_ros_msgs) JobProgress: {'identifier': 'unity_ros_msgs', 'progress': 'build'}
[2.626523] (unity_ros_msgs) Command: {'cmd': ['/usr/bin/cmake', '--build', '/home/yadhu/ur3e/src/build/unity_ros_msgs', '--', '-j16', '-l16'], 'cwd': '/home/yadhu/ur3e/src/build/unity_ros_msgs', 'env': OrderedDict([('HOSTNAME', 'yadhuk'), ('GIT_ASKPASS', '/vscode/vscode-server/bin/linux-x64/e54c774e0add60467559eb0d1e229c6452cf8447/extensions/git/dist/askpass.sh'), ('SHLVL', '2'), ('LD_LIBRARY_PATH', '/home/yadhu/ur3e/src/install/moveit_msgs/lib:/usr/lib/x86_64-linux-gnu/gazebo-11/plugins:/opt/ros/humble/opt/rviz_ogre_vendor/lib:/opt/ros/humble/lib/x86_64-linux-gnu:/opt/ros/humble/lib'), ('BROWSER', '/vscode/vscode-server/bin/linux-x64/e54c774e0add60467559eb0d1e229c6452cf8447/bin/helpers/browser.sh'), ('HOME', '/home/yadhu'), ('OLDPWD', '/home/yadhu/ur3e'), ('TERM_PROGRAM_VERSION', '1.97.2'), ('VSCODE_IPC_HOOK_CLI', '/tmp/vscode-ipc-191d809e-ad6a-48a3-8c83-2991c7349be6.sock'), ('DEBUGPY_ADAPTER_ENDPOINTS', '/home/yadhu/.vscode-server/extensions/ms-python.debugpy-2025.0.1-linux-x64/.noConfigDebugAdapterEndpoints/endpoint-00e5a96652343ffc.txt'), ('ROS_PYTHON_VERSION', '3'), ('VSCODE_GIT_ASKPASS_MAIN', '/vscode/vscode-server/bin/linux-x64/e54c774e0add60467559eb0d1e229c6452cf8447/extensions/git/dist/askpass-main.js'), ('VSCODE_GIT_ASKPASS_NODE', '/vscode/vscode-server/bin/linux-x64/e54c774e0add60467559eb0d1e229c6452cf8447/node'), ('PYDEVD_DISABLE_FILE_VALIDATION', '1'), ('BUNDLED_DEBUGPY_PATH', '/home/yadhu/.vscode-server/extensions/ms-python.debugpy-2025.0.1-linux-x64/bundled/libs/debugpy'), ('COLORTERM', 'truecolor'), ('REMOTE_CONTAINERS', 'true'), ('ROS_DISTRO', 'humble'), ('REMOTE_CONTAINERS_IPC', '/tmp/vscode-remote-containers-ipc-3b15b7cf-88ad-4a56-828c-69c61a495d31.sock'), ('_', '/usr/bin/colcon'), ('ROS_VERSION', '2'), ('TERM', 'xterm-256color'), ('ROS_LOCALHOST_ONLY', '0'), ('PATH', '/vscode/vscode-server/bin/linux-x64/e54c774e0add60467559eb0d1e229c6452cf8447/bin/remote-cli:/opt/ros/humble/bin:/usr/local/sbin:/usr/local/bin:/usr/sbin:/usr/bin:/sbin:/bin:/home/yadhu/.vscode-server/extensions/ms-python.debugpy-2025.0.1-linux-x64/bundled/scripts/noConfigScripts'), ('REMOTE_CONTAINERS_SOCKETS', '["/tmp/vscode-ssh-auth-3b15b7cf-88ad-4a56-828c-69c61a495d31.sock","/home/yadhu/.gnupg/S.gpg-agent"]'), ('DISPLAY', ':1'), ('LANG', 'C.UTF-8'), ('RMW_IMPLEMENTATION', 'rmw_cyclonedds_cpp'), ('LS_COLORS', 'rs=0:di=01;34:ln=01;36:mh=00:pi=40;33:so=01;35:do=01;35:bd=40;33;01:cd=40;33;01:or=40;31;01:mi=00:su=37;41:sg=30;43:ca=30;41:tw=30;42:ow=34;42:st=37;44:ex=01;32:*.tar=01;31:*.tgz=01;31:*.arc=01;31:*.arj=01;31:*.taz=01;31:*.lha=01;31:*.lz4=01;31:*.lzh=01;31:*.lzma=01;31:*.tlz=01;31:*.txz=01;31:*.tzo=01;31:*.t7z=01;31:*.zip=01;31:*.z=01;31:*.dz=01;31:*.gz=01;31:*.lrz=01;31:*.lz=01;31:*.lzo=01;31:*.xz=01;31:*.zst=01;31:*.tzst=01;31:*.bz2=01;31:*.bz=01;31:*.tbz=01;31:*.tbz2=01;31:*.tz=01;31:*.deb=01;31:*.rpm=01;31:*.jar=01;31:*.war=01;31:*.ear=01;31:*.sar=01;31:*.rar=01;31:*.alz=01;31:*.ace=01;31:*.zoo=01;31:*.cpio=01;31:*.7z=01;31:*.rz=01;31:*.cab=01;31:*.wim=01;31:*.swm=01;31:*.dwm=01;31:*.esd=01;31:*.jpg=01;35:*.jpeg=01;35:*.mjpg=01;35:*.mjpeg=01;35:*.gif=01;35:*.bmp=01;35:*.pbm=01;35:*.pgm=01;35:*.ppm=01;35:*.tga=01;35:*.xbm=01;35:*.xpm=01;35:*.tif=01;35:*.tiff=01;35:*.png=01;35:*.svg=01;35:*.svgz=01;35:*.mng=01;35:*.pcx=01;35:*.mov=01;35:*.mpg=01;35:*.mpeg=01;35:*.m2v=01;35:*.mkv=01;35:*.webm=01;35:*.webp=01;35:*.ogm=01;35:*.mp4=01;35:*.m4v=01;35:*.mp4v=01;35:*.vob=01;35:*.qt=01;35:*.nuv=01;35:*.wmv=01;35:*.asf=01;35:*.rm=01;35:*.rmvb=01;35:*.flc=01;35:*.avi=01;35:*.fli=01;35:*.flv=01;35:*.gl=01;35:*.dl=01;35:*.xcf=01;35:*.xwd=01;35:*.yuv=01;35:*.cgm=01;35:*.emf=01;35:*.ogv=01;35:*.ogx=01;35:*.aac=00;36:*.au=00;36:*.flac=00;36:*.m4a=00;36:*.mid=00;36:*.midi=00;36:*.mka=00;36:*.mp3=00;36:*.mpc=00;36:*.ogg=00;36:*.ra=00;36:*.wav=00;36:*.oga=00;36:*.opus=00;36:*.spx=00;36:*.xspf=00;36:'), ('VSCODE_GIT_IPC_HANDLE', '/tmp/vscode-git-09c052f1c4.sock'), ('TERM_PROGRAM', 'vscode'), ('SSH_AUTH_SOCK', '/tmp/vscode-ssh-auth-3b15b7cf-88ad-4a56-828c-69c61a495d31.sock'), ('ROS_DOMAIN_ID', '42'), ('AMENT_PREFIX_PATH', '/home/yadhu/ur3e/src/install/moveit_msgs:/opt/ros/humble'), ('SHELL', '/bin/bash'), ('ROS_AUTOMATIC_DISCOVERY_RANGE', 'LOCALHOST'), ('VSCODE_GIT_ASKPASS_EXTRA_ARGS', ''), ('PWD', '/home/yadhu/ur3e/src/build/unity_ros_msgs'), ('LC_ALL', 'C.UTF-8'), ('PYTHONPATH', '/home/yadhu/ur3e/src/install/moveit_msgs/local/lib/python3.10/dist-packages:/opt/ros/humble/lib/python3.10/site-packages:/opt/ros/humble/local/lib/python3.10/dist-packages'), ('COLCON', '1'), ('CMAKE_PREFIX_PATH', '/home/yadhu/ur3e/src/install/moveit_msgs:/opt/ros/humble')]), 'shell': False}
[2.628511] (ur_robotiq) JobProgress: {'identifier': 'ur_robotiq', 'progress': 'cmake'}
[2.628706] (ur_robotiq) JobProgress: {'identifier': 'ur_robotiq', 'progress': 'build'}
[2.628965] (ur_robotiq) Command: {'cmd': ['/usr/bin/cmake', '--build', '/home/yadhu/ur3e/src/build/ur_robotiq', '--', '-j16', '-l16'], 'cwd': '/home/yadhu/ur3e/src/build/ur_robotiq', 'env': OrderedDict([('HOSTNAME', 'yadhuk'), ('GIT_ASKPASS', '/vscode/vscode-server/bin/linux-x64/e54c774e0add60467559eb0d1e229c6452cf8447/extensions/git/dist/askpass.sh'), ('SHLVL', '2'), ('LD_LIBRARY_PATH', '/home/yadhu/ur3e/src/install/moveit_msgs/lib:/usr/lib/x86_64-linux-gnu/gazebo-11/plugins:/opt/ros/humble/opt/rviz_ogre_vendor/lib:/opt/ros/humble/lib/x86_64-linux-gnu:/opt/ros/humble/lib'), ('BROWSER', '/vscode/vscode-server/bin/linux-x64/e54c774e0add60467559eb0d1e229c6452cf8447/bin/helpers/browser.sh'), ('HOME', '/home/yadhu'), ('OLDPWD', '/home/yadhu/ur3e'), ('TERM_PROGRAM_VERSION', '1.97.2'), ('VSCODE_IPC_HOOK_CLI', '/tmp/vscode-ipc-191d809e-ad6a-48a3-8c83-2991c7349be6.sock'), ('DEBUGPY_ADAPTER_ENDPOINTS', '/home/yadhu/.vscode-server/extensions/ms-python.debugpy-2025.0.1-linux-x64/.noConfigDebugAdapterEndpoints/endpoint-00e5a96652343ffc.txt'), ('ROS_PYTHON_VERSION', '3'), ('VSCODE_GIT_ASKPASS_MAIN', '/vscode/vscode-server/bin/linux-x64/e54c774e0add60467559eb0d1e229c6452cf8447/extensions/git/dist/askpass-main.js'), ('VSCODE_GIT_ASKPASS_NODE', '/vscode/vscode-server/bin/linux-x64/e54c774e0add60467559eb0d1e229c6452cf8447/node'), ('PYDEVD_DISABLE_FILE_VALIDATION', '1'), ('BUNDLED_DEBUGPY_PATH', '/home/yadhu/.vscode-server/extensions/ms-python.debugpy-2025.0.1-linux-x64/bundled/libs/debugpy'), ('COLORTERM', 'truecolor'), ('REMOTE_CONTAINERS', 'true'), ('ROS_DISTRO', 'humble'), ('REMOTE_CONTAINERS_IPC', '/tmp/vscode-remote-containers-ipc-3b15b7cf-88ad-4a56-828c-69c61a495d31.sock'), ('_', '/usr/bin/colcon'), ('ROS_VERSION', '2'), ('TERM', 'xterm-256color'), ('ROS_LOCALHOST_ONLY', '0'), ('PATH', '/vscode/vscode-server/bin/linux-x64/e54c774e0add60467559eb0d1e229c6452cf8447/bin/remote-cli:/opt/ros/humble/bin:/usr/local/sbin:/usr/local/bin:/usr/sbin:/usr/bin:/sbin:/bin:/home/yadhu/.vscode-server/extensions/ms-python.debugpy-2025.0.1-linux-x64/bundled/scripts/noConfigScripts'), ('REMOTE_CONTAINERS_SOCKETS', '["/tmp/vscode-ssh-auth-3b15b7cf-88ad-4a56-828c-69c61a495d31.sock","/home/yadhu/.gnupg/S.gpg-agent"]'), ('DISPLAY', ':1'), ('LANG', 'C.UTF-8'), ('RMW_IMPLEMENTATION', 'rmw_cyclonedds_cpp'), ('LS_COLORS', 'rs=0:di=01;34:ln=01;36:mh=00:pi=40;33:so=01;35:do=01;35:bd=40;33;01:cd=40;33;01:or=40;31;01:mi=00:su=37;41:sg=30;43:ca=30;41:tw=30;42:ow=34;42:st=37;44:ex=01;32:*.tar=01;31:*.tgz=01;31:*.arc=01;31:*.arj=01;31:*.taz=01;31:*.lha=01;31:*.lz4=01;31:*.lzh=01;31:*.lzma=01;31:*.tlz=01;31:*.txz=01;31:*.tzo=01;31:*.t7z=01;31:*.zip=01;31:*.z=01;31:*.dz=01;31:*.gz=01;31:*.lrz=01;31:*.lz=01;31:*.lzo=01;31:*.xz=01;31:*.zst=01;31:*.tzst=01;31:*.bz2=01;31:*.bz=01;31:*.tbz=01;31:*.tbz2=01;31:*.tz=01;31:*.deb=01;31:*.rpm=01;31:*.jar=01;31:*.war=01;31:*.ear=01;31:*.sar=01;31:*.rar=01;31:*.alz=01;31:*.ace=01;31:*.zoo=01;31:*.cpio=01;31:*.7z=01;31:*.rz=01;31:*.cab=01;31:*.wim=01;31:*.swm=01;31:*.dwm=01;31:*.esd=01;31:*.jpg=01;35:*.jpeg=01;35:*.mjpg=01;35:*.mjpeg=01;35:*.gif=01;35:*.bmp=01;35:*.pbm=01;35:*.pgm=01;35:*.ppm=01;35:*.tga=01;35:*.xbm=01;35:*.xpm=01;35:*.tif=01;35:*.tiff=01;35:*.png=01;35:*.svg=01;35:*.svgz=01;35:*.mng=01;35:*.pcx=01;35:*.mov=01;35:*.mpg=01;35:*.mpeg=01;35:*.m2v=01;35:*.mkv=01;35:*.webm=01;35:*.webp=01;35:*.ogm=01;35:*.mp4=01;35:*.m4v=01;35:*.mp4v=01;35:*.vob=01;35:*.qt=01;35:*.nuv=01;35:*.wmv=01;35:*.asf=01;35:*.rm=01;35:*.rmvb=01;35:*.flc=01;35:*.avi=01;35:*.fli=01;35:*.flv=01;35:*.gl=01;35:*.dl=01;35:*.xcf=01;35:*.xwd=01;35:*.yuv=01;35:*.cgm=01;35:*.emf=01;35:*.ogv=01;35:*.ogx=01;35:*.aac=00;36:*.au=00;36:*.flac=00;36:*.m4a=00;36:*.mid=00;36:*.midi=00;36:*.mka=00;36:*.mp3=00;36:*.mpc=00;36:*.ogg=00;36:*.ra=00;36:*.wav=00;36:*.oga=00;36:*.opus=00;36:*.spx=00;36:*.xspf=00;36:'), ('VSCODE_GIT_IPC_HANDLE', '/tmp/vscode-git-09c052f1c4.sock'), ('TERM_PROGRAM', 'vscode'), ('SSH_AUTH_SOCK', '/tmp/vscode-ssh-auth-3b15b7cf-88ad-4a56-828c-69c61a495d31.sock'), ('ROS_DOMAIN_ID', '42'), ('AMENT_PREFIX_PATH', '/home/yadhu/ur3e/src/install/moveit_msgs:/opt/ros/humble'), ('SHELL', '/bin/bash'), ('ROS_AUTOMATIC_DISCOVERY_RANGE', 'LOCALHOST'), ('VSCODE_GIT_ASKPASS_EXTRA_ARGS', ''), ('PWD', '/home/yadhu/ur3e/src/build/ur_robotiq'), ('LC_ALL', 'C.UTF-8'), ('PYTHONPATH', '/home/yadhu/ur3e/src/install/moveit_msgs/local/lib/python3.10/dist-packages:/opt/ros/humble/lib/python3.10/site-packages:/opt/ros/humble/local/lib/python3.10/dist-packages'), ('COLCON', '1'), ('CMAKE_PREFIX_PATH', '/home/yadhu/ur3e/src/install/moveit_msgs:/opt/ros/humble')]), 'shell': False}
[2.665345] (ur_robotiq) StdoutLine: {'line': b'[ 10%] Built target ur_robotiq__rosidl_generator_c\n'}
[2.665629] (unity_ros_msgs) StdoutLine: {'line': b'[ 10%] Built target unity_ros_msgs__rosidl_generator_c\n'}
[2.668339] (ur_robotiq) StdoutLine: {'line': b'[ 12%] Built target ur_robotiq__cpp\n'}
[2.668493] (unity_ros_msgs) StdoutLine: {'line': b'[ 12%] Built target unity_ros_msgs__cpp\n'}
[2.670670] (ur_robotiq) StdoutLine: {'line': b'[ 12%] Built target ament_cmake_python_copy_ur_robotiq\n'}
[2.672418] (unity_ros_msgs) StdoutLine: {'line': b'[ 12%] Built target ament_cmake_python_copy_unity_ros_msgs\n'}
[2.684125] (ur_robotiq) StdoutLine: {'line': b'[ 23%] Built target ur_robotiq__rosidl_typesupport_introspection_c\n'}
[2.684809] (ur_robotiq) StdoutLine: {'line': b'[ 34%] Built target ur_robotiq__rosidl_typesupport_c\n'}
[2.684999] (unity_ros_msgs) StdoutLine: {'line': b'[ 23%] Built target unity_ros_msgs__rosidl_typesupport_c\n'}
[2.687166] (unity_ros_msgs) StdoutLine: {'line': b'[ 34%] Built target unity_ros_msgs__rosidl_typesupport_fastrtps_c\n'}
[2.687415] (ur_robotiq) StdoutLine: {'line': b'[ 45%] Built target ur_robotiq__rosidl_typesupport_fastrtps_c\n'}
[2.690956] (ur_robotiq) StdoutLine: {'line': b'[ 56%] Built target ur_robotiq__rosidl_typesupport_cpp\n'}
[2.691144] (unity_ros_msgs) StdoutLine: {'line': b'[ 45%] Built target unity_ros_msgs__rosidl_typesupport_introspection_cpp\n'}
[2.691219] (unity_ros_msgs) StdoutLine: {'line': b'[ 56%] Built target unity_ros_msgs__rosidl_typesupport_introspection_c\n'}
[2.691534] (ur_robotiq) StdoutLine: {'line': b'[ 67%] Built target ur_robotiq__rosidl_typesupport_fastrtps_cpp\n'}
[2.691722] (unity_ros_msgs) StdoutLine: {'line': b'[ 67%] Built target unity_ros_msgs__rosidl_typesupport_cpp\n'}
[2.692744] (ur_robotiq) StdoutLine: {'line': b'[ 78%] Built target ur_robotiq__rosidl_typesupport_introspection_cpp\n'}
[2.693407] (unity_ros_msgs) StdoutLine: {'line': b'[ 78%] Built target unity_ros_msgs__rosidl_typesupport_fastrtps_cpp\n'}
[2.704291] (-) TimerEvent: {}
[2.709027] (unity_ros_msgs) StdoutLine: {'line': b'[ 78%] Built target unity_ros_msgs\n'}
[2.710069] (ur_robotiq) StdoutLine: {'line': b'[ 78%] Built target ur_robotiq\n'}
[2.728870] (ur_robotiq) StdoutLine: {'line': b'[ 80%] Built target ur_robotiq__py\n'}
[2.729300] (unity_ros_msgs) StdoutLine: {'line': b'[ 80%] Built target unity_ros_msgs__py\n'}
[2.746313] (unity_ros_msgs) StdoutLine: {'line': b'[ 89%] Built target unity_ros_msgs__rosidl_generator_py\n'}
[2.746491] (ur_robotiq) StdoutLine: {'line': b'[ 89%] Built target ur_robotiq__rosidl_generator_py\n'}
[2.762791] (ur_robotiq) StdoutLine: {'line': b'[ 92%] Built target ur_robotiq__rosidl_typesupport_c__pyext\n'}
[2.763243] (ur_robotiq) StdoutLine: {'line': b'[ 96%] Built target ur_robotiq__rosidl_typesupport_fastrtps_c__pyext\n'}
[2.763446] (unity_ros_msgs) StdoutLine: {'line': b'[ 92%] Built target unity_ros_msgs__rosidl_typesupport_fastrtps_c__pyext\n'}
[2.764046] (unity_ros_msgs) StdoutLine: {'line': b'[ 96%] Built target unity_ros_msgs__rosidl_typesupport_c__pyext\n'}
[2.764199] (unity_ros_msgs) StdoutLine: {'line': b'[100%] Built target unity_ros_msgs__rosidl_typesupport_introspection_c__pyext\n'}
[2.765676] (ur_robotiq) StdoutLine: {'line': b'[100%] Built target ur_robotiq__rosidl_typesupport_introspection_c__pyext\n'}
[2.804368] (-) TimerEvent: {}
[2.817408] (unity_ros_msgs) StdoutLine: {'line': b'running egg_info\n'}
[2.817802] (unity_ros_msgs) StdoutLine: {'line': b'writing unity_ros_msgs.egg-info/PKG-INFO\n'}
[2.817936] (ur_robotiq) StdoutLine: {'line': b'running egg_info\n'}
[2.818055] (unity_ros_msgs) StdoutLine: {'line': b'writing dependency_links to unity_ros_msgs.egg-info/dependency_links.txt\n'}
[2.818123] (unity_ros_msgs) StdoutLine: {'line': b'writing top-level names to unity_ros_msgs.egg-info/top_level.txt\n'}
[2.818574] (ur_robotiq) StdoutLine: {'line': b'writing ur_robotiq.egg-info/PKG-INFO\n'}
[2.818703] (ur_robotiq) StdoutLine: {'line': b'writing dependency_links to ur_robotiq.egg-info/dependency_links.txt\n'}
[2.818802] (ur_robotiq) StdoutLine: {'line': b'writing top-level names to ur_robotiq.egg-info/top_level.txt\n'}
[2.819557] (unity_ros_msgs) StdoutLine: {'line': b"reading manifest file 'unity_ros_msgs.egg-info/SOURCES.txt'\n"}
[2.820025] (unity_ros_msgs) StdoutLine: {'line': b"writing manifest file 'unity_ros_msgs.egg-info/SOURCES.txt'\n"}
[2.820609] (ur_robotiq) StdoutLine: {'line': b"reading manifest file 'ur_robotiq.egg-info/SOURCES.txt'\n"}
[2.821193] (ur_robotiq) StdoutLine: {'line': b"writing manifest file 'ur_robotiq.egg-info/SOURCES.txt'\n"}
[2.840770] (ur_robotiq) StdoutLine: {'line': b'[100%] Built target ament_cmake_python_build_ur_robotiq_egg\n'}
[2.841990] (unity_ros_msgs) StdoutLine: {'line': b'[100%] Built target ament_cmake_python_build_unity_ros_msgs_egg\n'}
[2.847847] (ur_robotiq) CommandEnded: {'returncode': 0}
[2.848938] (unity_ros_msgs) CommandEnded: {'returncode': 0}
[2.904454] (-) TimerEvent: {}
[2.927153] (unity_ros_msgs) JobProgress: {'identifier': 'unity_ros_msgs', 'progress': 'install'}
[2.927518] (unity_ros_msgs) Command: {'cmd': ['/usr/bin/cmake', '--install', '/home/yadhu/ur3e/src/build/unity_ros_msgs'], 'cwd': '/home/yadhu/ur3e/src/build/unity_ros_msgs', 'env': OrderedDict([('HOSTNAME', 'yadhuk'), ('GIT_ASKPASS', '/vscode/vscode-server/bin/linux-x64/e54c774e0add60467559eb0d1e229c6452cf8447/extensions/git/dist/askpass.sh'), ('SHLVL', '2'), ('LD_LIBRARY_PATH', '/home/yadhu/ur3e/src/install/moveit_msgs/lib:/usr/lib/x86_64-linux-gnu/gazebo-11/plugins:/opt/ros/humble/opt/rviz_ogre_vendor/lib:/opt/ros/humble/lib/x86_64-linux-gnu:/opt/ros/humble/lib'), ('BROWSER', '/vscode/vscode-server/bin/linux-x64/e54c774e0add60467559eb0d1e229c6452cf8447/bin/helpers/browser.sh'), ('HOME', '/home/yadhu'), ('OLDPWD', '/home/yadhu/ur3e'), ('TERM_PROGRAM_VERSION', '1.97.2'), ('VSCODE_IPC_HOOK_CLI', '/tmp/vscode-ipc-191d809e-ad6a-48a3-8c83-2991c7349be6.sock'), ('DEBUGPY_ADAPTER_ENDPOINTS', '/home/yadhu/.vscode-server/extensions/ms-python.debugpy-2025.0.1-linux-x64/.noConfigDebugAdapterEndpoints/endpoint-00e5a96652343ffc.txt'), ('ROS_PYTHON_VERSION', '3'), ('VSCODE_GIT_ASKPASS_MAIN', '/vscode/vscode-server/bin/linux-x64/e54c774e0add60467559eb0d1e229c6452cf8447/extensions/git/dist/askpass-main.js'), ('VSCODE_GIT_ASKPASS_NODE', '/vscode/vscode-server/bin/linux-x64/e54c774e0add60467559eb0d1e229c6452cf8447/node'), ('PYDEVD_DISABLE_FILE_VALIDATION', '1'), ('BUNDLED_DEBUGPY_PATH', '/home/yadhu/.vscode-server/extensions/ms-python.debugpy-2025.0.1-linux-x64/bundled/libs/debugpy'), ('COLORTERM', 'truecolor'), ('REMOTE_CONTAINERS', 'true'), ('ROS_DISTRO', 'humble'), ('REMOTE_CONTAINERS_IPC', '/tmp/vscode-remote-containers-ipc-3b15b7cf-88ad-4a56-828c-69c61a495d31.sock'), ('_', '/usr/bin/colcon'), ('ROS_VERSION', '2'), ('TERM', 'xterm-256color'), ('ROS_LOCALHOST_ONLY', '0'), ('PATH', '/vscode/vscode-server/bin/linux-x64/e54c774e0add60467559eb0d1e229c6452cf8447/bin/remote-cli:/opt/ros/humble/bin:/usr/local/sbin:/usr/local/bin:/usr/sbin:/usr/bin:/sbin:/bin:/home/yadhu/.vscode-server/extensions/ms-python.debugpy-2025.0.1-linux-x64/bundled/scripts/noConfigScripts'), ('REMOTE_CONTAINERS_SOCKETS', '["/tmp/vscode-ssh-auth-3b15b7cf-88ad-4a56-828c-69c61a495d31.sock","/home/yadhu/.gnupg/S.gpg-agent"]'), ('DISPLAY', ':1'), ('LANG', 'C.UTF-8'), ('RMW_IMPLEMENTATION', 'rmw_cyclonedds_cpp'), ('LS_COLORS', 'rs=0:di=01;34:ln=01;36:mh=00:pi=40;33:so=01;35:do=01;35:bd=40;33;01:cd=40;33;01:or=40;31;01:mi=00:su=37;41:sg=30;43:ca=30;41:tw=30;42:ow=34;42:st=37;44:ex=01;32:*.tar=01;31:*.tgz=01;31:*.arc=01;31:*.arj=01;31:*.taz=01;31:*.lha=01;31:*.lz4=01;31:*.lzh=01;31:*.lzma=01;31:*.tlz=01;31:*.txz=01;31:*.tzo=01;31:*.t7z=01;31:*.zip=01;31:*.z=01;31:*.dz=01;31:*.gz=01;31:*.lrz=01;31:*.lz=01;31:*.lzo=01;31:*.xz=01;31:*.zst=01;31:*.tzst=01;31:*.bz2=01;31:*.bz=01;31:*.tbz=01;31:*.tbz2=01;31:*.tz=01;31:*.deb=01;31:*.rpm=01;31:*.jar=01;31:*.war=01;31:*.ear=01;31:*.sar=01;31:*.rar=01;31:*.alz=01;31:*.ace=01;31:*.zoo=01;31:*.cpio=01;31:*.7z=01;31:*.rz=01;31:*.cab=01;31:*.wim=01;31:*.swm=01;31:*.dwm=01;31:*.esd=01;31:*.jpg=01;35:*.jpeg=01;35:*.mjpg=01;35:*.mjpeg=01;35:*.gif=01;35:*.bmp=01;35:*.pbm=01;35:*.pgm=01;35:*.ppm=01;35:*.tga=01;35:*.xbm=01;35:*.xpm=01;35:*.tif=01;35:*.tiff=01;35:*.png=01;35:*.svg=01;35:*.svgz=01;35:*.mng=01;35:*.pcx=01;35:*.mov=01;35:*.mpg=01;35:*.mpeg=01;35:*.m2v=01;35:*.mkv=01;35:*.webm=01;35:*.webp=01;35:*.ogm=01;35:*.mp4=01;35:*.m4v=01;35:*.mp4v=01;35:*.vob=01;35:*.qt=01;35:*.nuv=01;35:*.wmv=01;35:*.asf=01;35:*.rm=01;35:*.rmvb=01;35:*.flc=01;35:*.avi=01;35:*.fli=01;35:*.flv=01;35:*.gl=01;35:*.dl=01;35:*.xcf=01;35:*.xwd=01;35:*.yuv=01;35:*.cgm=01;35:*.emf=01;35:*.ogv=01;35:*.ogx=01;35:*.aac=00;36:*.au=00;36:*.flac=00;36:*.m4a=00;36:*.mid=00;36:*.midi=00;36:*.mka=00;36:*.mp3=00;36:*.mpc=00;36:*.ogg=00;36:*.ra=00;36:*.wav=00;36:*.oga=00;36:*.opus=00;36:*.spx=00;36:*.xspf=00;36:'), ('VSCODE_GIT_IPC_HANDLE', '/tmp/vscode-git-09c052f1c4.sock'), ('TERM_PROGRAM', 'vscode'), ('SSH_AUTH_SOCK', '/tmp/vscode-ssh-auth-3b15b7cf-88ad-4a56-828c-69c61a495d31.sock'), ('ROS_DOMAIN_ID', '42'), ('AMENT_PREFIX_PATH', '/home/yadhu/ur3e/src/install/moveit_msgs:/opt/ros/humble'), ('SHELL', '/bin/bash'), ('ROS_AUTOMATIC_DISCOVERY_RANGE', 'LOCALHOST'), ('VSCODE_GIT_ASKPASS_EXTRA_ARGS', ''), ('PWD', '/home/yadhu/ur3e/src/build/unity_ros_msgs'), ('LC_ALL', 'C.UTF-8'), ('PYTHONPATH', '/home/yadhu/ur3e/src/install/moveit_msgs/local/lib/python3.10/dist-packages:/opt/ros/humble/lib/python3.10/site-packages:/opt/ros/humble/local/lib/python3.10/dist-packages'), ('COLCON', '1'), ('CMAKE_PREFIX_PATH', '/home/yadhu/ur3e/src/install/moveit_msgs:/opt/ros/humble')]), 'shell': False}
[2.928676] (ur_robotiq) JobProgress: {'identifier': 'ur_robotiq', 'progress': 'install'}
[2.928954] (ur_robotiq) Command: {'cmd': ['/usr/bin/cmake', '--install', '/home/yadhu/ur3e/src/build/ur_robotiq'], 'cwd': '/home/yadhu/ur3e/src/build/ur_robotiq', 'env': OrderedDict([('HOSTNAME', 'yadhuk'), ('GIT_ASKPASS', '/vscode/vscode-server/bin/linux-x64/e54c774e0add60467559eb0d1e229c6452cf8447/extensions/git/dist/askpass.sh'), ('SHLVL', '2'), ('LD_LIBRARY_PATH', '/home/yadhu/ur3e/src/install/moveit_msgs/lib:/usr/lib/x86_64-linux-gnu/gazebo-11/plugins:/opt/ros/humble/opt/rviz_ogre_vendor/lib:/opt/ros/humble/lib/x86_64-linux-gnu:/opt/ros/humble/lib'), ('BROWSER', '/vscode/vscode-server/bin/linux-x64/e54c774e0add60467559eb0d1e229c6452cf8447/bin/helpers/browser.sh'), ('HOME', '/home/yadhu'), ('OLDPWD', '/home/yadhu/ur3e'), ('TERM_PROGRAM_VERSION', '1.97.2'), ('VSCODE_IPC_HOOK_CLI', '/tmp/vscode-ipc-191d809e-ad6a-48a3-8c83-2991c7349be6.sock'), ('DEBUGPY_ADAPTER_ENDPOINTS', '/home/yadhu/.vscode-server/extensions/ms-python.debugpy-2025.0.1-linux-x64/.noConfigDebugAdapterEndpoints/endpoint-00e5a96652343ffc.txt'), ('ROS_PYTHON_VERSION', '3'), ('VSCODE_GIT_ASKPASS_MAIN', '/vscode/vscode-server/bin/linux-x64/e54c774e0add60467559eb0d1e229c6452cf8447/extensions/git/dist/askpass-main.js'), ('VSCODE_GIT_ASKPASS_NODE', '/vscode/vscode-server/bin/linux-x64/e54c774e0add60467559eb0d1e229c6452cf8447/node'), ('PYDEVD_DISABLE_FILE_VALIDATION', '1'), ('BUNDLED_DEBUGPY_PATH', '/home/yadhu/.vscode-server/extensions/ms-python.debugpy-2025.0.1-linux-x64/bundled/libs/debugpy'), ('COLORTERM', 'truecolor'), ('REMOTE_CONTAINERS', 'true'), ('ROS_DISTRO', 'humble'), ('REMOTE_CONTAINERS_IPC', '/tmp/vscode-remote-containers-ipc-3b15b7cf-88ad-4a56-828c-69c61a495d31.sock'), ('_', '/usr/bin/colcon'), ('ROS_VERSION', '2'), ('TERM', 'xterm-256color'), ('ROS_LOCALHOST_ONLY', '0'), ('PATH', '/vscode/vscode-server/bin/linux-x64/e54c774e0add60467559eb0d1e229c6452cf8447/bin/remote-cli:/opt/ros/humble/bin:/usr/local/sbin:/usr/local/bin:/usr/sbin:/usr/bin:/sbin:/bin:/home/yadhu/.vscode-server/extensions/ms-python.debugpy-2025.0.1-linux-x64/bundled/scripts/noConfigScripts'), ('REMOTE_CONTAINERS_SOCKETS', '["/tmp/vscode-ssh-auth-3b15b7cf-88ad-4a56-828c-69c61a495d31.sock","/home/yadhu/.gnupg/S.gpg-agent"]'), ('DISPLAY', ':1'), ('LANG', 'C.UTF-8'), ('RMW_IMPLEMENTATION', 'rmw_cyclonedds_cpp'), ('LS_COLORS', 'rs=0:di=01;34:ln=01;36:mh=00:pi=40;33:so=01;35:do=01;35:bd=40;33;01:cd=40;33;01:or=40;31;01:mi=00:su=37;41:sg=30;43:ca=30;41:tw=30;42:ow=34;42:st=37;44:ex=01;32:*.tar=01;31:*.tgz=01;31:*.arc=01;31:*.arj=01;31:*.taz=01;31:*.lha=01;31:*.lz4=01;31:*.lzh=01;31:*.lzma=01;31:*.tlz=01;31:*.txz=01;31:*.tzo=01;31:*.t7z=01;31:*.zip=01;31:*.z=01;31:*.dz=01;31:*.gz=01;31:*.lrz=01;31:*.lz=01;31:*.lzo=01;31:*.xz=01;31:*.zst=01;31:*.tzst=01;31:*.bz2=01;31:*.bz=01;31:*.tbz=01;31:*.tbz2=01;31:*.tz=01;31:*.deb=01;31:*.rpm=01;31:*.jar=01;31:*.war=01;31:*.ear=01;31:*.sar=01;31:*.rar=01;31:*.alz=01;31:*.ace=01;31:*.zoo=01;31:*.cpio=01;31:*.7z=01;31:*.rz=01;31:*.cab=01;31:*.wim=01;31:*.swm=01;31:*.dwm=01;31:*.esd=01;31:*.jpg=01;35:*.jpeg=01;35:*.mjpg=01;35:*.mjpeg=01;35:*.gif=01;35:*.bmp=01;35:*.pbm=01;35:*.pgm=01;35:*.ppm=01;35:*.tga=01;35:*.xbm=01;35:*.xpm=01;35:*.tif=01;35:*.tiff=01;35:*.png=01;35:*.svg=01;35:*.svgz=01;35:*.mng=01;35:*.pcx=01;35:*.mov=01;35:*.mpg=01;35:*.mpeg=01;35:*.m2v=01;35:*.mkv=01;35:*.webm=01;35:*.webp=01;35:*.ogm=01;35:*.mp4=01;35:*.m4v=01;35:*.mp4v=01;35:*.vob=01;35:*.qt=01;35:*.nuv=01;35:*.wmv=01;35:*.asf=01;35:*.rm=01;35:*.rmvb=01;35:*.flc=01;35:*.avi=01;35:*.fli=01;35:*.flv=01;35:*.gl=01;35:*.dl=01;35:*.xcf=01;35:*.xwd=01;35:*.yuv=01;35:*.cgm=01;35:*.emf=01;35:*.ogv=01;35:*.ogx=01;35:*.aac=00;36:*.au=00;36:*.flac=00;36:*.m4a=00;36:*.mid=00;36:*.midi=00;36:*.mka=00;36:*.mp3=00;36:*.mpc=00;36:*.ogg=00;36:*.ra=00;36:*.wav=00;36:*.oga=00;36:*.opus=00;36:*.spx=00;36:*.xspf=00;36:'), ('VSCODE_GIT_IPC_HANDLE', '/tmp/vscode-git-09c052f1c4.sock'), ('TERM_PROGRAM', 'vscode'), ('SSH_AUTH_SOCK', '/tmp/vscode-ssh-auth-3b15b7cf-88ad-4a56-828c-69c61a495d31.sock'), ('ROS_DOMAIN_ID', '42'), ('AMENT_PREFIX_PATH', '/home/yadhu/ur3e/src/install/moveit_msgs:/opt/ros/humble'), ('SHELL', '/bin/bash'), ('ROS_AUTOMATIC_DISCOVERY_RANGE', 'LOCALHOST'), ('VSCODE_GIT_ASKPASS_EXTRA_ARGS', ''), ('PWD', '/home/yadhu/ur3e/src/build/ur_robotiq'), ('LC_ALL', 'C.UTF-8'), ('PYTHONPATH', '/home/yadhu/ur3e/src/install/moveit_msgs/local/lib/python3.10/dist-packages:/opt/ros/humble/lib/python3.10/site-packages:/opt/ros/humble/local/lib/python3.10/dist-packages'), ('COLCON', '1'), ('CMAKE_PREFIX_PATH', '/home/yadhu/ur3e/src/install/moveit_msgs:/opt/ros/humble')]), 'shell': False}
[2.933396] (unity_ros_msgs) StdoutLine: {'line': b'-- Install configuration: ""\n'}
[2.933500] (unity_ros_msgs) StdoutLine: {'line': b'-- Up-to-date: /home/yadhu/ur3e/src/install/unity_ros_msgs/share/ament_index/resource_index/rosidl_interfaces/unity_ros_msgs\n'}
[2.933536] (unity_ros_msgs) StdoutLine: {'line': b'-- Up-to-date: /home/yadhu/ur3e/src/install/unity_ros_msgs/include/unity_ros_msgs/unity_ros_msgs\n'}
[2.933589] (unity_ros_msgs) StdoutLine: {'line': b'-- Up-to-date: /home/yadhu/ur3e/src/install/unity_ros_msgs/include/unity_ros_msgs/unity_ros_msgs/msg\n'}
[2.933663] (unity_ros_msgs) StdoutLine: {'line': b'-- Up-to-date: /home/yadhu/ur3e/src/install/unity_ros_msgs/include/unity_ros_msgs/unity_ros_msgs/msg/rosidl_generator_c__visibility_control.h\n'}
[2.933696] (unity_ros_msgs) StdoutLine: {'line': b'-- Up-to-date: /home/yadhu/ur3e/src/install/unity_ros_msgs/include/unity_ros_msgs/unity_ros_msgs/msg/ur3e_moveit_joints.h\n'}
[2.933725] (unity_ros_msgs) StdoutLine: {'line': b'-- Up-to-date: /home/yadhu/ur3e/src/install/unity_ros_msgs/include/unity_ros_msgs/unity_ros_msgs/msg/detail\n'}
[2.933755] (unity_ros_msgs) StdoutLine: {'line': b'-- Up-to-date: /home/yadhu/ur3e/src/install/unity_ros_msgs/include/unity_ros_msgs/unity_ros_msgs/msg/detail/ur3e_gripper__type_support.h\n'}
[2.933784] (unity_ros_msgs) StdoutLine: {'line': b'-- Up-to-date: /home/yadhu/ur3e/src/install/unity_ros_msgs/include/unity_ros_msgs/unity_ros_msgs/msg/detail/ur3e_trajectory__struct.h\n'}
[2.933813] (unity_ros_msgs) StdoutLine: {'line': b'-- Up-to-date: /home/yadhu/ur3e/src/install/unity_ros_msgs/include/unity_ros_msgs/unity_ros_msgs/msg/detail/ur3e_trajectory__functions.c\n'}
[2.933872] (unity_ros_msgs) StdoutLine: {'line': b'-- Up-to-date: /home/yadhu/ur3e/src/install/unity_ros_msgs/include/unity_ros_msgs/unity_ros_msgs/msg/detail/ur3e_moveit_joints__functions.h\n'}
[2.933906] (unity_ros_msgs) StdoutLine: {'line': b'-- Up-to-date: /home/yadhu/ur3e/src/install/unity_ros_msgs/include/unity_ros_msgs/unity_ros_msgs/msg/detail/ur3e_moveit_joints__type_support.h\n'}
[2.933935] (unity_ros_msgs) StdoutLine: {'line': b'-- Up-to-date: /home/yadhu/ur3e/src/install/unity_ros_msgs/include/unity_ros_msgs/unity_ros_msgs/msg/detail/ur3e_gripper__struct.h\n'}
[2.933964] (unity_ros_msgs) StdoutLine: {'line': b'-- Up-to-date: /home/yadhu/ur3e/src/install/unity_ros_msgs/include/unity_ros_msgs/unity_ros_msgs/msg/detail/ur3e_trajectory__functions.h\n'}
[2.934027] (unity_ros_msgs) StdoutLine: {'line': b'-- Up-to-date: /home/yadhu/ur3e/src/install/unity_ros_msgs/include/unity_ros_msgs/unity_ros_msgs/msg/detail/ur3e_moveit_joints__struct.h\n'}
[2.934056] (unity_ros_msgs) StdoutLine: {'line': b'-- Up-to-date: /home/yadhu/ur3e/src/install/unity_ros_msgs/include/unity_ros_msgs/unity_ros_msgs/msg/detail/ur3e_moveit_joints__functions.c\n'}
[2.934084] (unity_ros_msgs) StdoutLine: {'line': b'-- Up-to-date: /home/yadhu/ur3e/src/install/unity_ros_msgs/include/unity_ros_msgs/unity_ros_msgs/msg/detail/ur3e_trajectory__type_support.h\n'}
[2.934113] (unity_ros_msgs) StdoutLine: {'line': b'-- Up-to-date: /home/yadhu/ur3e/src/install/unity_ros_msgs/include/unity_ros_msgs/unity_ros_msgs/msg/detail/ur3e_gripper__functions.h\n'}
[2.934140] (unity_ros_msgs) StdoutLine: {'line': b'-- Up-to-date: /home/yadhu/ur3e/src/install/unity_ros_msgs/include/unity_ros_msgs/unity_ros_msgs/msg/detail/ur3e_gripper__functions.c\n'}
[2.934170] (unity_ros_msgs) StdoutLine: {'line': b'-- Up-to-date: /home/yadhu/ur3e/src/install/unity_ros_msgs/include/unity_ros_msgs/unity_ros_msgs/msg/ur3e_trajectory.h\n'}
[2.934199] (unity_ros_msgs) StdoutLine: {'line': b'-- Up-to-date: /home/yadhu/ur3e/src/install/unity_ros_msgs/include/unity_ros_msgs/unity_ros_msgs/msg/ur3e_gripper.h\n'}
[2.934229] (unity_ros_msgs) StdoutLine: {'line': b'-- Up-to-date: /home/yadhu/ur3e/src/install/unity_ros_msgs/include/unity_ros_msgs/unity_ros_msgs/srv\n'}
[2.934264] (unity_ros_msgs) StdoutLine: {'line': b'-- Up-to-date: /home/yadhu/ur3e/src/install/unity_ros_msgs/include/unity_ros_msgs/unity_ros_msgs/srv/ur_mover_service.h\n'}
[2.934480] (unity_ros_msgs) StdoutLine: {'line': b'-- Up-to-date: /home/yadhu/ur3e/src/install/unity_ros_msgs/include/unity_ros_msgs/unity_ros_msgs/srv/detail\n'}
[2.934536] (unity_ros_msgs) StdoutLine: {'line': b'-- Up-to-date: /home/yadhu/ur3e/src/install/unity_ros_msgs/include/unity_ros_msgs/unity_ros_msgs/srv/detail/ur_mover_service__functions.c\n'}
[2.934571] (unity_ros_msgs) StdoutLine: {'line': b'-- Up-to-date: /home/yadhu/ur3e/src/install/unity_ros_msgs/include/unity_ros_msgs/unity_ros_msgs/srv/detail/ur_mover_service__struct.h\n'}
[2.934603] (unity_ros_msgs) StdoutLine: {'line': b'-- Up-to-date: /home/yadhu/ur3e/src/install/unity_ros_msgs/include/unity_ros_msgs/unity_ros_msgs/srv/detail/ur_mover_service__type_support.h\n'}
[2.934633] (unity_ros_msgs) StdoutLine: {'line': b'-- Up-to-date: /home/yadhu/ur3e/src/install/unity_ros_msgs/include/unity_ros_msgs/unity_ros_msgs/srv/detail/ur_mover_service__functions.h\n'}
[2.934663] (unity_ros_msgs) StdoutLine: {'line': b'-- Up-to-date: /home/yadhu/ur3e/src/install/unity_ros_msgs/share/unity_ros_msgs/environment/library_path.sh\n'}
[2.934694] (unity_ros_msgs) StdoutLine: {'line': b'-- Up-to-date: /home/yadhu/ur3e/src/install/unity_ros_msgs/share/unity_ros_msgs/environment/library_path.dsv\n'}
[2.934724] (unity_ros_msgs) StdoutLine: {'line': b'-- Up-to-date: /home/yadhu/ur3e/src/install/unity_ros_msgs/lib/libunity_ros_msgs__rosidl_generator_c.so\n'}
[2.934753] (unity_ros_msgs) StdoutLine: {'line': b'-- Up-to-date: /home/yadhu/ur3e/src/install/unity_ros_msgs/include/unity_ros_msgs/unity_ros_msgs\n'}
[2.934782] (ur_robotiq) StdoutLine: {'line': b'-- Install configuration: ""\n'}
[2.934956] (unity_ros_msgs) StdoutLine: {'line': b'-- Up-to-date: /home/yadhu/ur3e/src/install/unity_ros_msgs/include/unity_ros_msgs/unity_ros_msgs/msg\n'}
[2.934993] (unity_ros_msgs) StdoutLine: {'line': b'-- Up-to-date: /home/yadhu/ur3e/src/install/unity_ros_msgs/include/unity_ros_msgs/unity_ros_msgs/msg/rosidl_typesupport_fastrtps_c__visibility_control.h\n'}
[2.935025] (unity_ros_msgs) StdoutLine: {'line': b'-- Up-to-date: /home/yadhu/ur3e/src/install/unity_ros_msgs/include/unity_ros_msgs/unity_ros_msgs/msg/detail\n'}
[2.935056] (unity_ros_msgs) StdoutLine: {'line': b'-- Up-to-date: /home/yadhu/ur3e/src/install/unity_ros_msgs/include/unity_ros_msgs/unity_ros_msgs/msg/detail/ur3e_gripper__rosidl_typesupport_fastrtps_c.h\n'}
[2.935496] (unity_ros_msgs) StdoutLine: {'line': b'-- Up-to-date: /home/yadhu/ur3e/src/install/unity_ros_msgs/include/unity_ros_msgs/unity_ros_msgs/msg/detail/ur3e_trajectory__rosidl_typesupport_fastrtps_c.h\n'}
[2.935620] (unity_ros_msgs) StdoutLine: {'line': b'-- Up-to-date: /home/yadhu/ur3e/src/install/unity_ros_msgs/include/unity_ros_msgs/unity_ros_msgs/msg/detail/ur3e_moveit_joints__rosidl_typesupport_fastrtps_c.h\n'}
[2.935704] (unity_ros_msgs) StdoutLine: {'line': b'-- Up-to-date: /home/yadhu/ur3e/src/install/unity_ros_msgs/include/unity_ros_msgs/unity_ros_msgs/srv\n'}
[2.936007] (unity_ros_msgs) StdoutLine: {'line': b'-- Up-to-date: /home/yadhu/ur3e/src/install/unity_ros_msgs/include/unity_ros_msgs/unity_ros_msgs/srv/detail\n'}
[2.936105] (unity_ros_msgs) StdoutLine: {'line': b'-- Up-to-date: /home/yadhu/ur3e/src/install/unity_ros_msgs/include/unity_ros_msgs/unity_ros_msgs/srv/detail/ur_mover_service__rosidl_typesupport_fastrtps_c.h\n'}
[2.936163] (unity_ros_msgs) StdoutLine: {'line': b'-- Up-to-date: /home/yadhu/ur3e/src/install/unity_ros_msgs/lib/libunity_ros_msgs__rosidl_typesupport_fastrtps_c.so\n'}
[2.936204] (unity_ros_msgs) StdoutLine: {'line': b'-- Up-to-date: /home/yadhu/ur3e/src/install/unity_ros_msgs/include/unity_ros_msgs/unity_ros_msgs\n'}
[2.936245] (unity_ros_msgs) StdoutLine: {'line': b'-- Up-to-date: /home/yadhu/ur3e/src/install/unity_ros_msgs/include/unity_ros_msgs/unity_ros_msgs/msg\n'}
[2.936279] (unity_ros_msgs) StdoutLine: {'line': b'-- Up-to-date: /home/yadhu/ur3e/src/install/unity_ros_msgs/include/unity_ros_msgs/unity_ros_msgs/msg/detail\n'}
[2.936308] (unity_ros_msgs) StdoutLine: {'line': b'-- Up-to-date: /home/yadhu/ur3e/src/install/unity_ros_msgs/include/unity_ros_msgs/unity_ros_msgs/msg/detail/ur3e_trajectory__rosidl_typesupport_introspection_c.h\n'}
[2.936338] (unity_ros_msgs) StdoutLine: {'line': b'-- Up-to-date: /home/yadhu/ur3e/src/install/unity_ros_msgs/include/unity_ros_msgs/unity_ros_msgs/msg/detail/ur3e_gripper__rosidl_typesupport_introspection_c.h\n'}
[2.936365] (unity_ros_msgs) StdoutLine: {'line': b'-- Up-to-date: /home/yadhu/ur3e/src/install/unity_ros_msgs/include/unity_ros_msgs/unity_ros_msgs/msg/detail/ur3e_gripper__type_support.c\n'}
[2.936395] (unity_ros_msgs) StdoutLine: {'line': b'-- Up-to-date: /home/yadhu/ur3e/src/install/unity_ros_msgs/include/unity_ros_msgs/unity_ros_msgs/msg/detail/ur3e_trajectory__type_support.c\n'}
[2.936423] (unity_ros_msgs) StdoutLine: {'line': b'-- Up-to-date: /home/yadhu/ur3e/src/install/unity_ros_msgs/include/unity_ros_msgs/unity_ros_msgs/msg/detail/ur3e_moveit_joints__rosidl_typesupport_introspection_c.h\n'}
[2.936452] (unity_ros_msgs) StdoutLine: {'line': b'-- Up-to-date: /home/yadhu/ur3e/src/install/unity_ros_msgs/include/unity_ros_msgs/unity_ros_msgs/msg/detail/ur3e_moveit_joints__type_support.c\n'}
[2.936480] (unity_ros_msgs) StdoutLine: {'line': b'-- Up-to-date: /home/yadhu/ur3e/src/install/unity_ros_msgs/include/unity_ros_msgs/unity_ros_msgs/msg/rosidl_typesupport_introspection_c__visibility_control.h\n'}
[2.936509] (unity_ros_msgs) StdoutLine: {'line': b'-- Up-to-date: /home/yadhu/ur3e/src/install/unity_ros_msgs/include/unity_ros_msgs/unity_ros_msgs/srv\n'}
[2.936537] (ur_robotiq) StdoutLine: {'line': b'-- Up-to-date: /home/yadhu/ur3e/src/install/ur_robotiq/share/ament_index/resource_index/rosidl_interfaces/ur_robotiq\n'}
[2.936670] (unity_ros_msgs) StdoutLine: {'line': b'-- Up-to-date: /home/yadhu/ur3e/src/install/unity_ros_msgs/include/unity_ros_msgs/unity_ros_msgs/srv/detail\n'}
[2.936714] (unity_ros_msgs) StdoutLine: {'line': b'-- Up-to-date: /home/yadhu/ur3e/src/install/unity_ros_msgs/include/unity_ros_msgs/unity_ros_msgs/srv/detail/ur_mover_service__type_support.c\n'}
[2.936776] (unity_ros_msgs) StdoutLine: {'line': b'-- Up-to-date: /home/yadhu/ur3e/src/install/unity_ros_msgs/include/unity_ros_msgs/unity_ros_msgs/srv/detail/ur_mover_service__rosidl_typesupport_introspection_c.h\n'}
[2.936808] (unity_ros_msgs) StdoutLine: {'line': b'-- Up-to-date: /home/yadhu/ur3e/src/install/unity_ros_msgs/lib/libunity_ros_msgs__rosidl_typesupport_introspection_c.so\n'}
[2.936856] (unity_ros_msgs) StdoutLine: {'line': b'-- Up-to-date: /home/yadhu/ur3e/src/install/unity_ros_msgs/lib/libunity_ros_msgs__rosidl_typesupport_c.so\n'}
[2.936886] (unity_ros_msgs) StdoutLine: {'line': b'-- Up-to-date: /home/yadhu/ur3e/src/install/unity_ros_msgs/include/unity_ros_msgs/unity_ros_msgs\n'}
[2.936916] (unity_ros_msgs) StdoutLine: {'line': b'-- Up-to-date: /home/yadhu/ur3e/src/install/unity_ros_msgs/include/unity_ros_msgs/unity_ros_msgs/msg\n'}
[2.936945] (unity_ros_msgs) StdoutLine: {'line': b'-- Up-to-date: /home/yadhu/ur3e/src/install/unity_ros_msgs/include/unity_ros_msgs/unity_ros_msgs/msg/ur3e_moveit_joints.hpp\n'}
[2.936979] (unity_ros_msgs) StdoutLine: {'line': b'-- Up-to-date: /home/yadhu/ur3e/src/install/unity_ros_msgs/include/unity_ros_msgs/unity_ros_msgs/msg/ur3e_trajectory.hpp\n'}
[2.937008] (unity_ros_msgs) StdoutLine: {'line': b'-- Up-to-date: /home/yadhu/ur3e/src/install/unity_ros_msgs/include/unity_ros_msgs/unity_ros_msgs/msg/detail\n'}
[2.937037] (unity_ros_msgs) StdoutLine: {'line': b'-- Up-to-date: /home/yadhu/ur3e/src/install/unity_ros_msgs/include/unity_ros_msgs/unity_ros_msgs/msg/detail/ur3e_trajectory__builder.hpp\n'}
[2.937066] (unity_ros_msgs) StdoutLine: {'line': b'-- Up-to-date: /home/yadhu/ur3e/src/install/unity_ros_msgs/include/unity_ros_msgs/unity_ros_msgs/msg/detail/ur3e_moveit_joints__builder.hpp\n'}
[2.937093] (unity_ros_msgs) StdoutLine: {'line': b'-- Up-to-date: /home/yadhu/ur3e/src/install/unity_ros_msgs/include/unity_ros_msgs/unity_ros_msgs/msg/detail/ur3e_trajectory__struct.hpp\n'}
[2.937122] (unity_ros_msgs) StdoutLine: {'line': b'-- Up-to-date: /home/yadhu/ur3e/src/install/unity_ros_msgs/include/unity_ros_msgs/unity_ros_msgs/msg/detail/ur3e_gripper__traits.hpp\n'}
[2.937150] (unity_ros_msgs) StdoutLine: {'line': b'-- Up-to-date: /home/yadhu/ur3e/src/install/unity_ros_msgs/include/unity_ros_msgs/unity_ros_msgs/msg/detail/ur3e_moveit_joints__traits.hpp\n'}
[2.937178] (unity_ros_msgs) StdoutLine: {'line': b'-- Up-to-date: /home/yadhu/ur3e/src/install/unity_ros_msgs/include/unity_ros_msgs/unity_ros_msgs/msg/detail/ur3e_moveit_joints__struct.hpp\n'}
[2.937207] (unity_ros_msgs) StdoutLine: {'line': b'-- Up-to-date: /home/yadhu/ur3e/src/install/unity_ros_msgs/include/unity_ros_msgs/unity_ros_msgs/msg/detail/ur3e_trajectory__traits.hpp\n'}
[2.937265] (ur_robotiq) StdoutLine: {'line': b'-- Up-to-date: /home/yadhu/ur3e/src/install/ur_robotiq/include/ur_robotiq/ur_robotiq\n'}
[2.937360] (ur_robotiq) StdoutLine: {'line': b'-- Up-to-date: /home/yadhu/ur3e/src/install/ur_robotiq/include/ur_robotiq/ur_robotiq/msg\n'}
[2.937391] (ur_robotiq) StdoutLine: {'line': b'-- Up-to-date: /home/yadhu/ur3e/src/install/ur_robotiq/include/ur_robotiq/ur_robotiq/msg/rosidl_generator_c__visibility_control.h\n'}
[2.937422] (ur_robotiq) StdoutLine: {'line': b'-- Up-to-date: /home/yadhu/ur3e/src/install/ur_robotiq/include/ur_robotiq/ur_robotiq/msg/ur3e_moveit_joints.h\n'}
[2.937451] (ur_robotiq) StdoutLine: {'line': b'-- Up-to-date: /home/yadhu/ur3e/src/install/ur_robotiq/include/ur_robotiq/ur_robotiq/msg/detail\n'}
[2.937479] (ur_robotiq) StdoutLine: {'line': b'-- Up-to-date: /home/yadhu/ur3e/src/install/ur_robotiq/include/ur_robotiq/ur_robotiq/msg/detail/ur3e_gripper__type_support.h\n'}
[2.937509] (ur_robotiq) StdoutLine: {'line': b'-- Up-to-date: /home/yadhu/ur3e/src/install/ur_robotiq/include/ur_robotiq/ur_robotiq/msg/detail/ur3e_trajectory__struct.h\n'}
[2.937536] (ur_robotiq) StdoutLine: {'line': b'-- Up-to-date: /home/yadhu/ur3e/src/install/ur_robotiq/include/ur_robotiq/ur_robotiq/msg/detail/ur3e_trajectory__functions.c\n'}
[2.937562] (ur_robotiq) StdoutLine: {'line': b'-- Up-to-date: /home/yadhu/ur3e/src/install/ur_robotiq/include/ur_robotiq/ur_robotiq/msg/detail/ur3e_moveit_joints__functions.h\n'}
[2.937590] (ur_robotiq) StdoutLine: {'line': b'-- Up-to-date: /home/yadhu/ur3e/src/install/ur_robotiq/include/ur_robotiq/ur_robotiq/msg/detail/ur3e_moveit_joints__type_support.h\n'}
[2.937642] (ur_robotiq) StdoutLine: {'line': b'-- Up-to-date: /home/yadhu/ur3e/src/install/ur_robotiq/include/ur_robotiq/ur_robotiq/msg/detail/ur3e_gripper__struct.h\n'}
[2.937672] (ur_robotiq) StdoutLine: {'line': b'-- Up-to-date: /home/yadhu/ur3e/src/install/ur_robotiq/include/ur_robotiq/ur_robotiq/msg/detail/ur3e_trajectory__functions.h\n'}
[2.937697] (ur_robotiq) StdoutLine: {'line': b'-- Up-to-date: /home/yadhu/ur3e/src/install/ur_robotiq/include/ur_robotiq/ur_robotiq/msg/detail/ur3e_moveit_joints__struct.h\n'}
[2.937721] (ur_robotiq) StdoutLine: {'line': b'-- Up-to-date: /home/yadhu/ur3e/src/install/ur_robotiq/include/ur_robotiq/ur_robotiq/msg/detail/ur3e_moveit_joints__functions.c\n'}
[2.937746] (ur_robotiq) StdoutLine: {'line': b'-- Up-to-date: /home/yadhu/ur3e/src/install/ur_robotiq/include/ur_robotiq/ur_robotiq/msg/detail/ur3e_trajectory__type_support.h\n'}
[2.937770] (ur_robotiq) StdoutLine: {'line': b'-- Up-to-date: /home/yadhu/ur3e/src/install/ur_robotiq/include/ur_robotiq/ur_robotiq/msg/detail/ur3e_gripper__functions.h\n'}
[2.937795] (ur_robotiq) StdoutLine: {'line': b'-- Up-to-date: /home/yadhu/ur3e/src/install/ur_robotiq/include/ur_robotiq/ur_robotiq/msg/detail/ur3e_gripper__functions.c\n'}
[2.937819] (ur_robotiq) StdoutLine: {'line': b'-- Up-to-date: /home/yadhu/ur3e/src/install/ur_robotiq/include/ur_robotiq/ur_robotiq/msg/ur3e_trajectory.h\n'}
[2.937845] (ur_robotiq) StdoutLine: {'line': b'-- Up-to-date: /home/yadhu/ur3e/src/install/ur_robotiq/include/ur_robotiq/ur_robotiq/msg/ur3e_gripper.h\n'}
[2.937870] (ur_robotiq) StdoutLine: {'line': b'-- Up-to-date: /home/yadhu/ur3e/src/install/ur_robotiq/include/ur_robotiq/ur_robotiq/srv\n'}
[2.937895] (ur_robotiq) StdoutLine: {'line': b'-- Up-to-date: /home/yadhu/ur3e/src/install/ur_robotiq/include/ur_robotiq/ur_robotiq/srv/ur_mover_service.h\n'}
[2.937919] (ur_robotiq) StdoutLine: {'line': b'-- Up-to-date: /home/yadhu/ur3e/src/install/ur_robotiq/include/ur_robotiq/ur_robotiq/srv/detail\n'}
[2.937944] (ur_robotiq) StdoutLine: {'line': b'-- Up-to-date: /home/yadhu/ur3e/src/install/ur_robotiq/include/ur_robotiq/ur_robotiq/srv/detail/ur_mover_service__functions.c\n'}
[2.937967] (ur_robotiq) StdoutLine: {'line': b'-- Up-to-date: /home/yadhu/ur3e/src/install/ur_robotiq/include/ur_robotiq/ur_robotiq/srv/detail/ur_mover_service__struct.h\n'}
[2.937996] (ur_robotiq) StdoutLine: {'line': b'-- Up-to-date: /home/yadhu/ur3e/src/install/ur_robotiq/include/ur_robotiq/ur_robotiq/srv/detail/ur_mover_service__type_support.h\n'}
[2.938019] (ur_robotiq) StdoutLine: {'line': b'-- Up-to-date: /home/yadhu/ur3e/src/install/ur_robotiq/include/ur_robotiq/ur_robotiq/srv/detail/ur_mover_service__functions.h\n'}
[2.938044] (ur_robotiq) StdoutLine: {'line': b'-- Up-to-date: /home/yadhu/ur3e/src/install/ur_robotiq/share/ur_robotiq/environment/library_path.sh\n'}
[2.938068] (ur_robotiq) StdoutLine: {'line': b'-- Up-to-date: /home/yadhu/ur3e/src/install/ur_robotiq/share/ur_robotiq/environment/library_path.dsv\n'}
[2.938093] (ur_robotiq) StdoutLine: {'line': b'-- Up-to-date: /home/yadhu/ur3e/src/install/ur_robotiq/lib/libur_robotiq__rosidl_generator_c.so\n'}
[2.938118] (unity_ros_msgs) StdoutLine: {'line': b'-- Up-to-date: /home/yadhu/ur3e/src/install/unity_ros_msgs/include/unity_ros_msgs/unity_ros_msgs/msg/detail/ur3e_gripper__builder.hpp\n'}
[2.938145] (unity_ros_msgs) StdoutLine: {'line': b'-- Up-to-date: /home/yadhu/ur3e/src/install/unity_ros_msgs/include/unity_ros_msgs/unity_ros_msgs/msg/detail/ur3e_gripper__struct.hpp\n'}
[2.938169] (unity_ros_msgs) StdoutLine: {'line': b'-- Up-to-date: /home/yadhu/ur3e/src/install/unity_ros_msgs/include/unity_ros_msgs/unity_ros_msgs/msg/ur3e_gripper.hpp\n'}
[2.938194] (unity_ros_msgs) StdoutLine: {'line': b'-- Up-to-date: /home/yadhu/ur3e/src/install/unity_ros_msgs/include/unity_ros_msgs/unity_ros_msgs/srv\n'}
[2.938218] (unity_ros_msgs) StdoutLine: {'line': b'-- Up-to-date: /home/yadhu/ur3e/src/install/unity_ros_msgs/include/unity_ros_msgs/unity_ros_msgs/srv/detail\n'}
[2.938248] (unity_ros_msgs) StdoutLine: {'line': b'-- Up-to-date: /home/yadhu/ur3e/src/install/unity_ros_msgs/include/unity_ros_msgs/unity_ros_msgs/srv/detail/ur_mover_service__traits.hpp\n'}
[2.938275] (unity_ros_msgs) StdoutLine: {'line': b'-- Up-to-date: /home/yadhu/ur3e/src/install/unity_ros_msgs/include/unity_ros_msgs/unity_ros_msgs/srv/detail/ur_mover_service__struct.hpp\n'}
[2.938301] (unity_ros_msgs) StdoutLine: {'line': b'-- Up-to-date: /home/yadhu/ur3e/src/install/unity_ros_msgs/include/unity_ros_msgs/unity_ros_msgs/srv/detail/ur_mover_service__builder.hpp\n'}
[2.938325] (unity_ros_msgs) StdoutLine: {'line': b'-- Up-to-date: /home/yadhu/ur3e/src/install/unity_ros_msgs/include/unity_ros_msgs/unity_ros_msgs/srv/ur_mover_service.hpp\n'}
[2.938350] (unity_ros_msgs) StdoutLine: {'line': b'-- Up-to-date: /home/yadhu/ur3e/src/install/unity_ros_msgs/include/unity_ros_msgs/unity_ros_msgs\n'}
[2.938375] (unity_ros_msgs) StdoutLine: {'line': b'-- Up-to-date: /home/yadhu/ur3e/src/install/unity_ros_msgs/include/unity_ros_msgs/unity_ros_msgs/msg\n'}
[2.938399] (unity_ros_msgs) StdoutLine: {'line': b'-- Up-to-date: /home/yadhu/ur3e/src/install/unity_ros_msgs/include/unity_ros_msgs/unity_ros_msgs/msg/rosidl_typesupport_fastrtps_cpp__visibility_control.h\n'}
[2.938423] (unity_ros_msgs) StdoutLine: {'line': b'-- Up-to-date: /home/yadhu/ur3e/src/install/unity_ros_msgs/include/unity_ros_msgs/unity_ros_msgs/msg/detail\n'}
[2.938447] (unity_ros_msgs) StdoutLine: {'line': b'-- Up-to-date: /home/yadhu/ur3e/src/install/unity_ros_msgs/include/unity_ros_msgs/unity_ros_msgs/msg/detail/ur3e_moveit_joints__rosidl_typesupport_fastrtps_cpp.hpp\n'}
[2.938471] (unity_ros_msgs) StdoutLine: {'line': b'-- Up-to-date: /home/yadhu/ur3e/src/install/unity_ros_msgs/include/unity_ros_msgs/unity_ros_msgs/msg/detail/dds_fastrtps\n'}
[2.938495] (unity_ros_msgs) StdoutLine: {'line': b'-- Up-to-date: /home/yadhu/ur3e/src/install/unity_ros_msgs/include/unity_ros_msgs/unity_ros_msgs/msg/detail/ur3e_trajectory__rosidl_typesupport_fastrtps_cpp.hpp\n'}
[2.938519] (unity_ros_msgs) StdoutLine: {'line': b'-- Up-to-date: /home/yadhu/ur3e/src/install/unity_ros_msgs/include/unity_ros_msgs/unity_ros_msgs/msg/detail/ur3e_gripper__rosidl_typesupport_fastrtps_cpp.hpp\n'}
[2.938547] (ur_robotiq) StdoutLine: {'line': b'-- Up-to-date: /home/yadhu/ur3e/src/install/ur_robotiq/include/ur_robotiq/ur_robotiq\n'}
[2.938574] (ur_robotiq) StdoutLine: {'line': b'-- Up-to-date: /home/yadhu/ur3e/src/install/ur_robotiq/include/ur_robotiq/ur_robotiq/msg\n'}
[2.938599] (ur_robotiq) StdoutLine: {'line': b'-- Up-to-date: /home/yadhu/ur3e/src/install/ur_robotiq/include/ur_robotiq/ur_robotiq/msg/rosidl_typesupport_fastrtps_c__visibility_control.h\n'}
[2.938622] (ur_robotiq) StdoutLine: {'line': b'-- Up-to-date: /home/yadhu/ur3e/src/install/ur_robotiq/include/ur_robotiq/ur_robotiq/msg/detail\n'}
[2.938646] (ur_robotiq) StdoutLine: {'line': b'-- Up-to-date: /home/yadhu/ur3e/src/install/ur_robotiq/include/ur_robotiq/ur_robotiq/msg/detail/ur3e_gripper__rosidl_typesupport_fastrtps_c.h\n'}
[2.938670] (ur_robotiq) StdoutLine: {'line': b'-- Up-to-date: /home/yadhu/ur3e/src/install/ur_robotiq/include/ur_robotiq/ur_robotiq/msg/detail/ur3e_trajectory__rosidl_typesupport_fastrtps_c.h\n'}
[2.938694] (ur_robotiq) StdoutLine: {'line': b'-- Up-to-date: /home/yadhu/ur3e/src/install/ur_robotiq/include/ur_robotiq/ur_robotiq/msg/detail/ur3e_moveit_joints__rosidl_typesupport_fastrtps_c.h\n'}
[2.938718] (ur_robotiq) StdoutLine: {'line': b'-- Up-to-date: /home/yadhu/ur3e/src/install/ur_robotiq/include/ur_robotiq/ur_robotiq/srv\n'}
[2.938742] (ur_robotiq) StdoutLine: {'line': b'-- Up-to-date: /home/yadhu/ur3e/src/install/ur_robotiq/include/ur_robotiq/ur_robotiq/srv/detail\n'}
[2.938766] (ur_robotiq) StdoutLine: {'line': b'-- Up-to-date: /home/yadhu/ur3e/src/install/ur_robotiq/include/ur_robotiq/ur_robotiq/srv/detail/ur_mover_service__rosidl_typesupport_fastrtps_c.h\n'}
[2.938790] (unity_ros_msgs) StdoutLine: {'line': b'-- Up-to-date: /home/yadhu/ur3e/src/install/unity_ros_msgs/include/unity_ros_msgs/unity_ros_msgs/srv\n'}
[2.938814] (unity_ros_msgs) StdoutLine: {'line': b'-- Up-to-date: /home/yadhu/ur3e/src/install/unity_ros_msgs/include/unity_ros_msgs/unity_ros_msgs/srv/detail\n'}
[2.938841] (unity_ros_msgs) StdoutLine: {'line': b'-- Up-to-date: /home/yadhu/ur3e/src/install/unity_ros_msgs/include/unity_ros_msgs/unity_ros_msgs/srv/detail/ur_mover_service__rosidl_typesupport_fastrtps_cpp.hpp\n'}
[2.938865] (unity_ros_msgs) StdoutLine: {'line': b'-- Up-to-date: /home/yadhu/ur3e/src/install/unity_ros_msgs/include/unity_ros_msgs/unity_ros_msgs/srv/detail/dds_fastrtps\n'}
[2.938889] (ur_robotiq) StdoutLine: {'line': b'-- Up-to-date: /home/yadhu/ur3e/src/install/ur_robotiq/lib/libur_robotiq__rosidl_typesupport_fastrtps_c.so\n'}
[2.938920] (unity_ros_msgs) StdoutLine: {'line': b'-- Up-to-date: /home/yadhu/ur3e/src/install/unity_ros_msgs/lib/libunity_ros_msgs__rosidl_typesupport_fastrtps_cpp.so\n'}
[2.938949] (ur_robotiq) StdoutLine: {'line': b'-- Up-to-date: /home/yadhu/ur3e/src/install/ur_robotiq/include/ur_robotiq/ur_robotiq\n'}
[2.938974] (ur_robotiq) StdoutLine: {'line': b'-- Up-to-date: /home/yadhu/ur3e/src/install/ur_robotiq/include/ur_robotiq/ur_robotiq/msg\n'}
[2.938999] (ur_robotiq) StdoutLine: {'line': b'-- Up-to-date: /home/yadhu/ur3e/src/install/ur_robotiq/include/ur_robotiq/ur_robotiq/msg/detail\n'}
[2.939025] (ur_robotiq) StdoutLine: {'line': b'-- Up-to-date: /home/yadhu/ur3e/src/install/ur_robotiq/include/ur_robotiq/ur_robotiq/msg/detail/ur3e_trajectory__rosidl_typesupport_introspection_c.h\n'}
[2.939049] (ur_robotiq) StdoutLine: {'line': b'-- Up-to-date: /home/yadhu/ur3e/src/install/ur_robotiq/include/ur_robotiq/ur_robotiq/msg/detail/ur3e_gripper__rosidl_typesupport_introspection_c.h\n'}
[2.939074] (ur_robotiq) StdoutLine: {'line': b'-- Up-to-date: /home/yadhu/ur3e/src/install/ur_robotiq/include/ur_robotiq/ur_robotiq/msg/detail/ur3e_gripper__type_support.c\n'}
[2.939099] (ur_robotiq) StdoutLine: {'line': b'-- Up-to-date: /home/yadhu/ur3e/src/install/ur_robotiq/include/ur_robotiq/ur_robotiq/msg/detail/ur3e_trajectory__type_support.c\n'}
[2.939123] (ur_robotiq) StdoutLine: {'line': b'-- Up-to-date: /home/yadhu/ur3e/src/install/ur_robotiq/include/ur_robotiq/ur_robotiq/msg/detail/ur3e_moveit_joints__rosidl_typesupport_introspection_c.h\n'}
[2.939148] (ur_robotiq) StdoutLine: {'line': b'-- Up-to-date: /home/yadhu/ur3e/src/install/ur_robotiq/include/ur_robotiq/ur_robotiq/msg/detail/ur3e_moveit_joints__type_support.c\n'}
[2.939173] (ur_robotiq) StdoutLine: {'line': b'-- Up-to-date: /home/yadhu/ur3e/src/install/ur_robotiq/include/ur_robotiq/ur_robotiq/msg/rosidl_typesupport_introspection_c__visibility_control.h\n'}
[2.939198] (ur_robotiq) StdoutLine: {'line': b'-- Up-to-date: /home/yadhu/ur3e/src/install/ur_robotiq/include/ur_robotiq/ur_robotiq/srv\n'}
[2.939222] (ur_robotiq) StdoutLine: {'line': b'-- Up-to-date: /home/yadhu/ur3e/src/install/ur_robotiq/include/ur_robotiq/ur_robotiq/srv/detail\n'}
[2.939252] (ur_robotiq) StdoutLine: {'line': b'-- Up-to-date: /home/yadhu/ur3e/src/install/ur_robotiq/include/ur_robotiq/ur_robotiq/srv/detail/ur_mover_service__type_support.c\n'}
[2.939277] (ur_robotiq) StdoutLine: {'line': b'-- Up-to-date: /home/yadhu/ur3e/src/install/ur_robotiq/include/ur_robotiq/ur_robotiq/srv/detail/ur_mover_service__rosidl_typesupport_introspection_c.h\n'}
[2.939301] (ur_robotiq) StdoutLine: {'line': b'-- Up-to-date: /home/yadhu/ur3e/src/install/ur_robotiq/lib/libur_robotiq__rosidl_typesupport_introspection_c.so\n'}
[2.939325] (unity_ros_msgs) StdoutLine: {'line': b'-- Up-to-date: /home/yadhu/ur3e/src/install/unity_ros_msgs/include/unity_ros_msgs/unity_ros_msgs\n'}
[2.939352] (unity_ros_msgs) StdoutLine: {'line': b'-- Up-to-date: /home/yadhu/ur3e/src/install/unity_ros_msgs/include/unity_ros_msgs/unity_ros_msgs/msg\n'}
[2.939376] (unity_ros_msgs) StdoutLine: {'line': b'-- Up-to-date: /home/yadhu/ur3e/src/install/unity_ros_msgs/include/unity_ros_msgs/unity_ros_msgs/msg/detail\n'}
[2.939401] (unity_ros_msgs) StdoutLine: {'line': b'-- Up-to-date: /home/yadhu/ur3e/src/install/unity_ros_msgs/include/unity_ros_msgs/unity_ros_msgs/msg/detail/ur3e_trajectory__rosidl_typesupport_introspection_cpp.hpp\n'}
[2.939426] (unity_ros_msgs) StdoutLine: {'line': b'-- Up-to-date: /home/yadhu/ur3e/src/install/unity_ros_msgs/include/unity_ros_msgs/unity_ros_msgs/msg/detail/ur3e_trajectory__type_support.cpp\n'}
[2.939453] (unity_ros_msgs) StdoutLine: {'line': b'-- Up-to-date: /home/yadhu/ur3e/src/install/unity_ros_msgs/include/unity_ros_msgs/unity_ros_msgs/msg/detail/ur3e_gripper__type_support.cpp\n'}
[2.939477] (unity_ros_msgs) StdoutLine: {'line': b'-- Up-to-date: /home/yadhu/ur3e/src/install/unity_ros_msgs/include/unity_ros_msgs/unity_ros_msgs/msg/detail/ur3e_moveit_joints__type_support.cpp\n'}
[2.939501] (unity_ros_msgs) StdoutLine: {'line': b'-- Up-to-date: /home/yadhu/ur3e/src/install/unity_ros_msgs/include/unity_ros_msgs/unity_ros_msgs/msg/detail/ur3e_moveit_joints__rosidl_typesupport_introspection_cpp.hpp\n'}
[2.939527] (unity_ros_msgs) StdoutLine: {'line': b'-- Up-to-date: /home/yadhu/ur3e/src/install/unity_ros_msgs/include/unity_ros_msgs/unity_ros_msgs/msg/detail/ur3e_gripper__rosidl_typesupport_introspection_cpp.hpp\n'}
[2.939552] (unity_ros_msgs) StdoutLine: {'line': b'-- Up-to-date: /home/yadhu/ur3e/src/install/unity_ros_msgs/include/unity_ros_msgs/unity_ros_msgs/srv\n'}
[2.939577] (unity_ros_msgs) StdoutLine: {'line': b'-- Up-to-date: /home/yadhu/ur3e/src/install/unity_ros_msgs/include/unity_ros_msgs/unity_ros_msgs/srv/detail\n'}
[2.939602] (unity_ros_msgs) StdoutLine: {'line': b'-- Up-to-date: /home/yadhu/ur3e/src/install/unity_ros_msgs/include/unity_ros_msgs/unity_ros_msgs/srv/detail/ur_mover_service__type_support.cpp\n'}
[2.939627] (unity_ros_msgs) StdoutLine: {'line': b'-- Up-to-date: /home/yadhu/ur3e/src/install/unity_ros_msgs/include/unity_ros_msgs/unity_ros_msgs/srv/detail/ur_mover_service__rosidl_typesupport_introspection_cpp.hpp\n'}
[2.939651] (unity_ros_msgs) StdoutLine: {'line': b'-- Up-to-date: /home/yadhu/ur3e/src/install/unity_ros_msgs/lib/libunity_ros_msgs__rosidl_typesupport_introspection_cpp.so\n'}
[2.939675] (unity_ros_msgs) StdoutLine: {'line': b'-- Up-to-date: /home/yadhu/ur3e/src/install/unity_ros_msgs/lib/libunity_ros_msgs__rosidl_typesupport_cpp.so\n'}
[2.939699] (unity_ros_msgs) StdoutLine: {'line': b'-- Up-to-date: /home/yadhu/ur3e/src/install/unity_ros_msgs/share/unity_ros_msgs/environment/pythonpath.sh\n'}
[2.939722] (ur_robotiq) StdoutLine: {'line': b'-- Up-to-date: /home/yadhu/ur3e/src/install/ur_robotiq/lib/libur_robotiq__rosidl_typesupport_c.so\n'}
[2.939747] (ur_robotiq) StdoutLine: {'line': b'-- Up-to-date: /home/yadhu/ur3e/src/install/ur_robotiq/include/ur_robotiq/ur_robotiq\n'}
[2.939770] (ur_robotiq) StdoutLine: {'line': b'-- Up-to-date: /home/yadhu/ur3e/src/install/ur_robotiq/include/ur_robotiq/ur_robotiq/msg\n'}
[2.939796] (ur_robotiq) StdoutLine: {'line': b'-- Up-to-date: /home/yadhu/ur3e/src/install/ur_robotiq/include/ur_robotiq/ur_robotiq/msg/ur3e_moveit_joints.hpp\n'}
[2.939820] (ur_robotiq) StdoutLine: {'line': b'-- Up-to-date: /home/yadhu/ur3e/src/install/ur_robotiq/include/ur_robotiq/ur_robotiq/msg/ur3e_trajectory.hpp\n'}
[2.939847] (ur_robotiq) StdoutLine: {'line': b'-- Up-to-date: /home/yadhu/ur3e/src/install/ur_robotiq/include/ur_robotiq/ur_robotiq/msg/detail\n'}
[2.939871] (ur_robotiq) StdoutLine: {'line': b'-- Up-to-date: /home/yadhu/ur3e/src/install/ur_robotiq/include/ur_robotiq/ur_robotiq/msg/detail/ur3e_trajectory__builder.hpp\n'}
[2.939895] (ur_robotiq) StdoutLine: {'line': b'-- Up-to-date: /home/yadhu/ur3e/src/install/ur_robotiq/include/ur_robotiq/ur_robotiq/msg/detail/ur3e_moveit_joints__builder.hpp\n'}
[2.939918] (ur_robotiq) StdoutLine: {'line': b'-- Up-to-date: /home/yadhu/ur3e/src/install/ur_robotiq/include/ur_robotiq/ur_robotiq/msg/detail/ur3e_trajectory__struct.hpp\n'}
[2.939942] (ur_robotiq) StdoutLine: {'line': b'-- Up-to-date: /home/yadhu/ur3e/src/install/ur_robotiq/include/ur_robotiq/ur_robotiq/msg/detail/ur3e_gripper__traits.hpp\n'}
[2.939966] (unity_ros_msgs) StdoutLine: {'line': b'-- Up-to-date: /home/yadhu/ur3e/src/install/unity_ros_msgs/share/unity_ros_msgs/environment/pythonpath.dsv\n'}
[2.939992] (unity_ros_msgs) StdoutLine: {'line': b'-- Up-to-date: /home/yadhu/ur3e/src/install/unity_ros_msgs/local/lib/python3.10/dist-packages/unity_ros_msgs-0.0.0-py3.10.egg-info\n'}
[2.940017] (unity_ros_msgs) StdoutLine: {'line': b'-- Installing: /home/yadhu/ur3e/src/install/unity_ros_msgs/local/lib/python3.10/dist-packages/unity_ros_msgs-0.0.0-py3.10.egg-info/top_level.txt\n'}
[2.940042] (ur_robotiq) StdoutLine: {'line': b'-- Up-to-date: /home/yadhu/ur3e/src/install/ur_robotiq/include/ur_robotiq/ur_robotiq/msg/detail/ur3e_moveit_joints__traits.hpp\n'}
[2.940066] (ur_robotiq) StdoutLine: {'line': b'-- Up-to-date: /home/yadhu/ur3e/src/install/ur_robotiq/include/ur_robotiq/ur_robotiq/msg/detail/ur3e_moveit_joints__struct.hpp\n'}
[2.940090] (ur_robotiq) StdoutLine: {'line': b'-- Up-to-date: /home/yadhu/ur3e/src/install/ur_robotiq/include/ur_robotiq/ur_robotiq/msg/detail/ur3e_trajectory__traits.hpp\n'}
[2.940114] (ur_robotiq) StdoutLine: {'line': b'-- Up-to-date: /home/yadhu/ur3e/src/install/ur_robotiq/include/ur_robotiq/ur_robotiq/msg/detail/ur3e_gripper__builder.hpp\n'}
[2.940138] (ur_robotiq) StdoutLine: {'line': b'-- Up-to-date: /home/yadhu/ur3e/src/install/ur_robotiq/include/ur_robotiq/ur_robotiq/msg/detail/ur3e_gripper__struct.hpp\n'}
[2.940162] (ur_robotiq) StdoutLine: {'line': b'-- Up-to-date: /home/yadhu/ur3e/src/install/ur_robotiq/include/ur_robotiq/ur_robotiq/msg/ur3e_gripper.hpp\n'}
[2.940186] (ur_robotiq) StdoutLine: {'line': b'-- Up-to-date: /home/yadhu/ur3e/src/install/ur_robotiq/include/ur_robotiq/ur_robotiq/srv\n'}
[2.940210] (ur_robotiq) StdoutLine: {'line': b'-- Up-to-date: /home/yadhu/ur3e/src/install/ur_robotiq/include/ur_robotiq/ur_robotiq/srv/detail\n'}
[2.940237] (ur_robotiq) StdoutLine: {'line': b'-- Up-to-date: /home/yadhu/ur3e/src/install/ur_robotiq/include/ur_robotiq/ur_robotiq/srv/detail/ur_mover_service__traits.hpp\n'}
[2.940267] (unity_ros_msgs) StdoutLine: {'line': b'-- Installing: /home/yadhu/ur3e/src/install/unity_ros_msgs/local/lib/python3.10/dist-packages/unity_ros_msgs-0.0.0-py3.10.egg-info/PKG-INFO\n'}
[2.940294] (unity_ros_msgs) StdoutLine: {'line': b'-- Installing: /home/yadhu/ur3e/src/install/unity_ros_msgs/local/lib/python3.10/dist-packages/unity_ros_msgs-0.0.0-py3.10.egg-info/dependency_links.txt\n'}
[2.940320] (ur_robotiq) StdoutLine: {'line': b'-- Up-to-date: /home/yadhu/ur3e/src/install/ur_robotiq/include/ur_robotiq/ur_robotiq/srv/detail/ur_mover_service__struct.hpp\n'}
[2.940345] (ur_robotiq) StdoutLine: {'line': b'-- Up-to-date: /home/yadhu/ur3e/src/install/ur_robotiq/include/ur_robotiq/ur_robotiq/srv/detail/ur_mover_service__builder.hpp\n'}
[2.940368] (ur_robotiq) StdoutLine: {'line': b'-- Up-to-date: /home/yadhu/ur3e/src/install/ur_robotiq/include/ur_robotiq/ur_robotiq/srv/ur_mover_service.hpp\n'}
[2.940393] (unity_ros_msgs) StdoutLine: {'line': b'-- Installing: /home/yadhu/ur3e/src/install/unity_ros_msgs/local/lib/python3.10/dist-packages/unity_ros_msgs-0.0.0-py3.10.egg-info/SOURCES.txt\n'}
[2.940417] (ur_robotiq) StdoutLine: {'line': b'-- Up-to-date: /home/yadhu/ur3e/src/install/ur_robotiq/include/ur_robotiq/ur_robotiq\n'}
[2.940441] (ur_robotiq) StdoutLine: {'line': b'-- Up-to-date: /home/yadhu/ur3e/src/install/ur_robotiq/include/ur_robotiq/ur_robotiq/msg\n'}
[2.940464] (ur_robotiq) StdoutLine: {'line': b'-- Up-to-date: /home/yadhu/ur3e/src/install/ur_robotiq/include/ur_robotiq/ur_robotiq/msg/rosidl_typesupport_fastrtps_cpp__visibility_control.h\n'}
[2.940488] (ur_robotiq) StdoutLine: {'line': b'-- Up-to-date: /home/yadhu/ur3e/src/install/ur_robotiq/include/ur_robotiq/ur_robotiq/msg/detail\n'}
[2.940512] (ur_robotiq) StdoutLine: {'line': b'-- Up-to-date: /home/yadhu/ur3e/src/install/ur_robotiq/include/ur_robotiq/ur_robotiq/msg/detail/ur3e_moveit_joints__rosidl_typesupport_fastrtps_cpp.hpp\n'}
[2.940536] (ur_robotiq) StdoutLine: {'line': b'-- Up-to-date: /home/yadhu/ur3e/src/install/ur_robotiq/include/ur_robotiq/ur_robotiq/msg/detail/dds_fastrtps\n'}
[2.940560] (ur_robotiq) StdoutLine: {'line': b'-- Up-to-date: /home/yadhu/ur3e/src/install/ur_robotiq/include/ur_robotiq/ur_robotiq/msg/detail/ur3e_trajectory__rosidl_typesupport_fastrtps_cpp.hpp\n'}
[2.940585] (unity_ros_msgs) StdoutLine: {'line': b'-- Up-to-date: /home/yadhu/ur3e/src/install/unity_ros_msgs/local/lib/python3.10/dist-packages/unity_ros_msgs\n'}
[2.940611] (ur_robotiq) StdoutLine: {'line': b'-- Up-to-date: /home/yadhu/ur3e/src/install/ur_robotiq/include/ur_robotiq/ur_robotiq/msg/detail/ur3e_gripper__rosidl_typesupport_fastrtps_cpp.hpp\n'}
[2.940634] (ur_robotiq) StdoutLine: {'line': b'-- Up-to-date: /home/yadhu/ur3e/src/install/ur_robotiq/include/ur_robotiq/ur_robotiq/srv\n'}
[2.940659] (ur_robotiq) StdoutLine: {'line': b'-- Up-to-date: /home/yadhu/ur3e/src/install/ur_robotiq/include/ur_robotiq/ur_robotiq/srv/detail\n'}
[2.940683] (ur_robotiq) StdoutLine: {'line': b'-- Up-to-date: /home/yadhu/ur3e/src/install/ur_robotiq/include/ur_robotiq/ur_robotiq/srv/detail/ur_mover_service__rosidl_typesupport_fastrtps_cpp.hpp\n'}
[2.940707] (ur_robotiq) StdoutLine: {'line': b'-- Up-to-date: /home/yadhu/ur3e/src/install/ur_robotiq/include/ur_robotiq/ur_robotiq/srv/detail/dds_fastrtps\n'}
[2.940730] (ur_robotiq) StdoutLine: {'line': b'-- Up-to-date: /home/yadhu/ur3e/src/install/ur_robotiq/lib/libur_robotiq__rosidl_typesupport_fastrtps_cpp.so\n'}
[2.940754] (ur_robotiq) StdoutLine: {'line': b'-- Up-to-date: /home/yadhu/ur3e/src/install/ur_robotiq/include/ur_robotiq/ur_robotiq\n'}
[2.940778] (ur_robotiq) StdoutLine: {'line': b'-- Up-to-date: /home/yadhu/ur3e/src/install/ur_robotiq/include/ur_robotiq/ur_robotiq/msg\n'}
[2.940801] (ur_robotiq) StdoutLine: {'line': b'-- Up-to-date: /home/yadhu/ur3e/src/install/ur_robotiq/include/ur_robotiq/ur_robotiq/msg/detail\n'}
[2.940825] (ur_robotiq) StdoutLine: {'line': b'-- Up-to-date: /home/yadhu/ur3e/src/install/ur_robotiq/include/ur_robotiq/ur_robotiq/msg/detail/ur3e_trajectory__rosidl_typesupport_introspection_cpp.hpp\n'}
[2.940849] (ur_robotiq) StdoutLine: {'line': b'-- Up-to-date: /home/yadhu/ur3e/src/install/ur_robotiq/include/ur_robotiq/ur_robotiq/msg/detail/ur3e_trajectory__type_support.cpp\n'}
[2.940876] (ur_robotiq) StdoutLine: {'line': b'-- Up-to-date: /home/yadhu/ur3e/src/install/ur_robotiq/include/ur_robotiq/ur_robotiq/msg/detail/ur3e_gripper__type_support.cpp\n'}
[2.940900] (ur_robotiq) StdoutLine: {'line': b'-- Up-to-date: /home/yadhu/ur3e/src/install/ur_robotiq/include/ur_robotiq/ur_robotiq/msg/detail/ur3e_moveit_joints__type_support.cpp\n'}
[2.940924] (ur_robotiq) StdoutLine: {'line': b'-- Up-to-date: /home/yadhu/ur3e/src/install/ur_robotiq/include/ur_robotiq/ur_robotiq/msg/detail/ur3e_moveit_joints__rosidl_typesupport_introspection_cpp.hpp\n'}
[2.940947] (ur_robotiq) StdoutLine: {'line': b'-- Up-to-date: /home/yadhu/ur3e/src/install/ur_robotiq/include/ur_robotiq/ur_robotiq/msg/detail/ur3e_gripper__rosidl_typesupport_introspection_cpp.hpp\n'}
[2.940971] (ur_robotiq) StdoutLine: {'line': b'-- Up-to-date: /home/yadhu/ur3e/src/install/ur_robotiq/include/ur_robotiq/ur_robotiq/srv\n'}
[2.940995] (ur_robotiq) StdoutLine: {'line': b'-- Up-to-date: /home/yadhu/ur3e/src/install/ur_robotiq/include/ur_robotiq/ur_robotiq/srv/detail\n'}
[2.941019] (ur_robotiq) StdoutLine: {'line': b'-- Up-to-date: /home/yadhu/ur3e/src/install/ur_robotiq/include/ur_robotiq/ur_robotiq/srv/detail/ur_mover_service__type_support.cpp\n'}
[2.941043] (ur_robotiq) StdoutLine: {'line': b'-- Up-to-date: /home/yadhu/ur3e/src/install/ur_robotiq/include/ur_robotiq/ur_robotiq/srv/detail/ur_mover_service__rosidl_typesupport_introspection_cpp.hpp\n'}
[2.941065] (ur_robotiq) StdoutLine: {'line': b'-- Up-to-date: /home/yadhu/ur3e/src/install/ur_robotiq/lib/libur_robotiq__rosidl_typesupport_introspection_cpp.so\n'}
[2.941090] (unity_ros_msgs) StdoutLine: {'line': b'-- Up-to-date: /home/yadhu/ur3e/src/install/unity_ros_msgs/local/lib/python3.10/dist-packages/unity_ros_msgs/_unity_ros_msgs_s.ep.rosidl_typesupport_c.c\n'}
[2.941115] (unity_ros_msgs) StdoutLine: {'line': b'-- Up-to-date: /home/yadhu/ur3e/src/install/unity_ros_msgs/local/lib/python3.10/dist-packages/unity_ros_msgs/unity_ros_msgs_s__rosidl_typesupport_c.cpython-310-x86_64-linux-gnu.so\n'}
[2.941139] (unity_ros_msgs) StdoutLine: {'line': b'-- Up-to-date: /home/yadhu/ur3e/src/install/unity_ros_msgs/local/lib/python3.10/dist-packages/unity_ros_msgs/msg\n'}
[2.941165] (unity_ros_msgs) StdoutLine: {'line': b'-- Up-to-date: /home/yadhu/ur3e/src/install/unity_ros_msgs/local/lib/python3.10/dist-packages/unity_ros_msgs/msg/_ur3e_gripper_s.c\n'}
[2.941191] (unity_ros_msgs) StdoutLine: {'line': b'-- Up-to-date: /home/yadhu/ur3e/src/install/unity_ros_msgs/local/lib/python3.10/dist-packages/unity_ros_msgs/msg/_ur3e_moveit_joints_s.c\n'}
[2.941216] (unity_ros_msgs) StdoutLine: {'line': b'-- Up-to-date: /home/yadhu/ur3e/src/install/unity_ros_msgs/local/lib/python3.10/dist-packages/unity_ros_msgs/msg/_ur3e_moveit_joints.py\n'}
[2.941249] (unity_ros_msgs) StdoutLine: {'line': b'-- Up-to-date: /home/yadhu/ur3e/src/install/unity_ros_msgs/local/lib/python3.10/dist-packages/unity_ros_msgs/msg/_ur3e_gripper.py\n'}
[2.941276] (unity_ros_msgs) StdoutLine: {'line': b'-- Up-to-date: /home/yadhu/ur3e/src/install/unity_ros_msgs/local/lib/python3.10/dist-packages/unity_ros_msgs/msg/_ur3e_trajectory.py\n'}
[2.941299] (unity_ros_msgs) StdoutLine: {'line': b'-- Up-to-date: /home/yadhu/ur3e/src/install/unity_ros_msgs/local/lib/python3.10/dist-packages/unity_ros_msgs/msg/__init__.py\n'}
[2.941323] (unity_ros_msgs) StdoutLine: {'line': b'-- Up-to-date: /home/yadhu/ur3e/src/install/unity_ros_msgs/local/lib/python3.10/dist-packages/unity_ros_msgs/msg/_ur3e_trajectory_s.c\n'}
[2.941347] (unity_ros_msgs) StdoutLine: {'line': b'-- Up-to-date: /home/yadhu/ur3e/src/install/unity_ros_msgs/local/lib/python3.10/dist-packages/unity_ros_msgs/srv\n'}
[2.941371] (unity_ros_msgs) StdoutLine: {'line': b'-- Up-to-date: /home/yadhu/ur3e/src/install/unity_ros_msgs/local/lib/python3.10/dist-packages/unity_ros_msgs/srv/_ur_mover_service_s.c\n'}
[2.941395] (unity_ros_msgs) StdoutLine: {'line': b'-- Up-to-date: /home/yadhu/ur3e/src/install/unity_ros_msgs/local/lib/python3.10/dist-packages/unity_ros_msgs/srv/_ur_mover_service.py\n'}
[2.941422] (unity_ros_msgs) StdoutLine: {'line': b'-- Up-to-date: /home/yadhu/ur3e/src/install/unity_ros_msgs/local/lib/python3.10/dist-packages/unity_ros_msgs/srv/__init__.py\n'}
[2.941446] (unity_ros_msgs) StdoutLine: {'line': b'-- Up-to-date: /home/yadhu/ur3e/src/install/unity_ros_msgs/local/lib/python3.10/dist-packages/unity_ros_msgs/_unity_ros_msgs_s.ep.rosidl_typesupport_fastrtps_c.c\n'}
[2.941470] (unity_ros_msgs) StdoutLine: {'line': b'-- Up-to-date: /home/yadhu/ur3e/src/install/unity_ros_msgs/local/lib/python3.10/dist-packages/unity_ros_msgs/_unity_ros_msgs_s.ep.rosidl_typesupport_introspection_c.c\n'}
[2.941495] (unity_ros_msgs) StdoutLine: {'line': b'-- Up-to-date: /home/yadhu/ur3e/src/install/unity_ros_msgs/local/lib/python3.10/dist-packages/unity_ros_msgs/__init__.py\n'}
[2.941519] (unity_ros_msgs) StdoutLine: {'line': b'-- Up-to-date: /home/yadhu/ur3e/src/install/unity_ros_msgs/local/lib/python3.10/dist-packages/unity_ros_msgs/libunity_ros_msgs__rosidl_generator_py.so\n'}
[2.941545] (unity_ros_msgs) StdoutLine: {'line': b'-- Up-to-date: /home/yadhu/ur3e/src/install/unity_ros_msgs/local/lib/python3.10/dist-packages/unity_ros_msgs/unity_ros_msgs_s__rosidl_typesupport_fastrtps_c.cpython-310-x86_64-linux-gnu.so\n'}
[2.941573] (unity_ros_msgs) StdoutLine: {'line': b'-- Up-to-date: /home/yadhu/ur3e/src/install/unity_ros_msgs/local/lib/python3.10/dist-packages/unity_ros_msgs/unity_ros_msgs_s__rosidl_typesupport_introspection_c.cpython-310-x86_64-linux-gnu.so\n'}
[2.941604] (ur_robotiq) StdoutLine: {'line': b'-- Up-to-date: /home/yadhu/ur3e/src/install/ur_robotiq/lib/libur_robotiq__rosidl_typesupport_cpp.so\n'}
[2.941632] (ur_robotiq) StdoutLine: {'line': b'-- Up-to-date: /home/yadhu/ur3e/src/install/ur_robotiq/share/ur_robotiq/environment/pythonpath.sh\n'}
[2.941657] (ur_robotiq) StdoutLine: {'line': b'-- Up-to-date: /home/yadhu/ur3e/src/install/ur_robotiq/share/ur_robotiq/environment/pythonpath.dsv\n'}
[2.941685] (ur_robotiq) StdoutLine: {'line': b'-- Up-to-date: /home/yadhu/ur3e/src/install/ur_robotiq/local/lib/python3.10/dist-packages/ur_robotiq-0.0.0-py3.10.egg-info\n'}
[2.941709] (ur_robotiq) StdoutLine: {'line': b'-- Installing: /home/yadhu/ur3e/src/install/ur_robotiq/local/lib/python3.10/dist-packages/ur_robotiq-0.0.0-py3.10.egg-info/top_level.txt\n'}
[2.941734] (ur_robotiq) StdoutLine: {'line': b'-- Installing: /home/yadhu/ur3e/src/install/ur_robotiq/local/lib/python3.10/dist-packages/ur_robotiq-0.0.0-py3.10.egg-info/PKG-INFO\n'}
[2.941758] (ur_robotiq) StdoutLine: {'line': b'-- Installing: /home/yadhu/ur3e/src/install/ur_robotiq/local/lib/python3.10/dist-packages/ur_robotiq-0.0.0-py3.10.egg-info/dependency_links.txt\n'}
[2.941782] (ur_robotiq) StdoutLine: {'line': b'-- Installing: /home/yadhu/ur3e/src/install/ur_robotiq/local/lib/python3.10/dist-packages/ur_robotiq-0.0.0-py3.10.egg-info/SOURCES.txt\n'}
[2.941806] (ur_robotiq) StdoutLine: {'line': b'-- Up-to-date: /home/yadhu/ur3e/src/install/ur_robotiq/local/lib/python3.10/dist-packages/ur_robotiq\n'}
[2.941829] (ur_robotiq) StdoutLine: {'line': b'-- Up-to-date: /home/yadhu/ur3e/src/install/ur_robotiq/local/lib/python3.10/dist-packages/ur_robotiq/ur_robotiq_s__rosidl_typesupport_introspection_c.cpython-310-x86_64-linux-gnu.so\n'}
[2.941855] (ur_robotiq) StdoutLine: {'line': b'-- Up-to-date: /home/yadhu/ur3e/src/install/ur_robotiq/local/lib/python3.10/dist-packages/ur_robotiq/libur_robotiq__rosidl_generator_py.so\n'}
[2.941880] (ur_robotiq) StdoutLine: {'line': b'-- Up-to-date: /home/yadhu/ur3e/src/install/ur_robotiq/local/lib/python3.10/dist-packages/ur_robotiq/_ur_robotiq_s.ep.rosidl_typesupport_introspection_c.c\n'}
[2.941906] (ur_robotiq) StdoutLine: {'line': b'-- Up-to-date: /home/yadhu/ur3e/src/install/ur_robotiq/local/lib/python3.10/dist-packages/ur_robotiq/ur_robotiq_s__rosidl_typesupport_fastrtps_c.cpython-310-x86_64-linux-gnu.so\n'}
[2.941936] (ur_robotiq) StdoutLine: {'line': b'-- Up-to-date: /home/yadhu/ur3e/src/install/ur_robotiq/local/lib/python3.10/dist-packages/ur_robotiq/_ur_robotiq_s.ep.rosidl_typesupport_fastrtps_c.c\n'}
[2.941970] (ur_robotiq) StdoutLine: {'line': b'-- Up-to-date: /home/yadhu/ur3e/src/install/ur_robotiq/local/lib/python3.10/dist-packages/ur_robotiq/msg\n'}
[2.941996] (ur_robotiq) StdoutLine: {'line': b'-- Up-to-date: /home/yadhu/ur3e/src/install/ur_robotiq/local/lib/python3.10/dist-packages/ur_robotiq/msg/_ur3e_gripper_s.c\n'}
[2.942020] (ur_robotiq) StdoutLine: {'line': b'-- Up-to-date: /home/yadhu/ur3e/src/install/ur_robotiq/local/lib/python3.10/dist-packages/ur_robotiq/msg/_ur3e_moveit_joints_s.c\n'}
[2.942045] (ur_robotiq) StdoutLine: {'line': b'-- Up-to-date: /home/yadhu/ur3e/src/install/ur_robotiq/local/lib/python3.10/dist-packages/ur_robotiq/msg/_ur3e_moveit_joints.py\n'}
[2.942072] (ur_robotiq) StdoutLine: {'line': b'-- Up-to-date: /home/yadhu/ur3e/src/install/ur_robotiq/local/lib/python3.10/dist-packages/ur_robotiq/msg/_ur3e_gripper.py\n'}
[2.942098] (ur_robotiq) StdoutLine: {'line': b'-- Up-to-date: /home/yadhu/ur3e/src/install/ur_robotiq/local/lib/python3.10/dist-packages/ur_robotiq/msg/_ur3e_trajectory.py\n'}
[2.942124] (ur_robotiq) StdoutLine: {'line': b'-- Up-to-date: /home/yadhu/ur3e/src/install/ur_robotiq/local/lib/python3.10/dist-packages/ur_robotiq/msg/__init__.py\n'}
[2.942149] (ur_robotiq) StdoutLine: {'line': b'-- Up-to-date: /home/yadhu/ur3e/src/install/ur_robotiq/local/lib/python3.10/dist-packages/ur_robotiq/msg/_ur3e_trajectory_s.c\n'}
[2.942174] (ur_robotiq) StdoutLine: {'line': b'-- Up-to-date: /home/yadhu/ur3e/src/install/ur_robotiq/local/lib/python3.10/dist-packages/ur_robotiq/srv\n'}
[2.942201] (ur_robotiq) StdoutLine: {'line': b'-- Up-to-date: /home/yadhu/ur3e/src/install/ur_robotiq/local/lib/python3.10/dist-packages/ur_robotiq/srv/_ur_mover_service_s.c\n'}
[2.942226] (ur_robotiq) StdoutLine: {'line': b'-- Up-to-date: /home/yadhu/ur3e/src/install/ur_robotiq/local/lib/python3.10/dist-packages/ur_robotiq/srv/_ur_mover_service.py\n'}
[2.942263] (ur_robotiq) StdoutLine: {'line': b'-- Up-to-date: /home/yadhu/ur3e/src/install/ur_robotiq/local/lib/python3.10/dist-packages/ur_robotiq/srv/__init__.py\n'}
[2.942292] (ur_robotiq) StdoutLine: {'line': b'-- Up-to-date: /home/yadhu/ur3e/src/install/ur_robotiq/local/lib/python3.10/dist-packages/ur_robotiq/__init__.py\n'}
[2.942321] (ur_robotiq) StdoutLine: {'line': b'-- Up-to-date: /home/yadhu/ur3e/src/install/ur_robotiq/local/lib/python3.10/dist-packages/ur_robotiq/ur_robotiq_s__rosidl_typesupport_c.cpython-310-x86_64-linux-gnu.so\n'}
[2.942348] (ur_robotiq) StdoutLine: {'line': b'-- Up-to-date: /home/yadhu/ur3e/src/install/ur_robotiq/local/lib/python3.10/dist-packages/ur_robotiq/_ur_robotiq_s.ep.rosidl_typesupport_c.c\n'}
[2.955511] (unity_ros_msgs) StdoutLine: {'line': b"Listing '/home/yadhu/ur3e/src/install/unity_ros_msgs/local/lib/python3.10/dist-packages/unity_ros_msgs'...\n"}
[2.955614] (unity_ros_msgs) StdoutLine: {'line': b"Listing '/home/yadhu/ur3e/src/install/unity_ros_msgs/local/lib/python3.10/dist-packages/unity_ros_msgs/msg'...\n"}
[2.955645] (unity_ros_msgs) StdoutLine: {'line': b"Listing '/home/yadhu/ur3e/src/install/unity_ros_msgs/local/lib/python3.10/dist-packages/unity_ros_msgs/srv'...\n"}
[2.956345] (ur_robotiq) StdoutLine: {'line': b"Listing '/home/yadhu/ur3e/src/install/ur_robotiq/local/lib/python3.10/dist-packages/ur_robotiq'...\n"}
[2.956424] (ur_robotiq) StdoutLine: {'line': b"Listing '/home/yadhu/ur3e/src/install/ur_robotiq/local/lib/python3.10/dist-packages/ur_robotiq/msg'...\n"}
[2.956452] (ur_robotiq) StdoutLine: {'line': b"Listing '/home/yadhu/ur3e/src/install/ur_robotiq/local/lib/python3.10/dist-packages/ur_robotiq/srv'...\n"}
[2.958285] (unity_ros_msgs) StdoutLine: {'line': b'-- Up-to-date: /home/yadhu/ur3e/src/install/unity_ros_msgs/local/lib/python3.10/dist-packages/unity_ros_msgs/unity_ros_msgs_s__rosidl_typesupport_fastrtps_c.cpython-310-x86_64-linux-gnu.so\n'}
[2.958507] (unity_ros_msgs) StdoutLine: {'line': b'-- Up-to-date: /home/yadhu/ur3e/src/install/unity_ros_msgs/local/lib/python3.10/dist-packages/unity_ros_msgs/unity_ros_msgs_s__rosidl_typesupport_introspection_c.cpython-310-x86_64-linux-gnu.so\n'}
[2.958722] (unity_ros_msgs) StdoutLine: {'line': b'-- Up-to-date: /home/yadhu/ur3e/src/install/unity_ros_msgs/local/lib/python3.10/dist-packages/unity_ros_msgs/unity_ros_msgs_s__rosidl_typesupport_c.cpython-310-x86_64-linux-gnu.so\n'}
[2.958936] (unity_ros_msgs) StdoutLine: {'line': b'-- Up-to-date: /home/yadhu/ur3e/src/install/unity_ros_msgs/lib/libunity_ros_msgs__rosidl_generator_py.so\n'}
[2.959100] (ur_robotiq) StdoutLine: {'line': b'-- Up-to-date: /home/yadhu/ur3e/src/install/ur_robotiq/local/lib/python3.10/dist-packages/ur_robotiq/ur_robotiq_s__rosidl_typesupport_fastrtps_c.cpython-310-x86_64-linux-gnu.so\n'}
[2.959142] (unity_ros_msgs) StdoutLine: {'line': b'-- Up-to-date: /home/yadhu/ur3e/src/install/unity_ros_msgs/share/unity_ros_msgs/msg/UR3eGripper.idl\n'}
[2.959172] (unity_ros_msgs) StdoutLine: {'line': b'-- Up-to-date: /home/yadhu/ur3e/src/install/unity_ros_msgs/share/unity_ros_msgs/msg/UR3eMoveitJoints.idl\n'}
[2.959215] (ur_robotiq) StdoutLine: {'line': b'-- Up-to-date: /home/yadhu/ur3e/src/install/ur_robotiq/local/lib/python3.10/dist-packages/ur_robotiq/ur_robotiq_s__rosidl_typesupport_introspection_c.cpython-310-x86_64-linux-gnu.so\n'}
[2.959268] (unity_ros_msgs) StdoutLine: {'line': b'-- Up-to-date: /home/yadhu/ur3e/src/install/unity_ros_msgs/share/unity_ros_msgs/msg/UR3eTrajectory.idl\n'}
[2.959297] (unity_ros_msgs) StdoutLine: {'line': b'-- Up-to-date: /home/yadhu/ur3e/src/install/unity_ros_msgs/share/unity_ros_msgs/srv/UrMoverService.idl\n'}
[2.959332] (unity_ros_msgs) StdoutLine: {'line': b'-- Up-to-date: /home/yadhu/ur3e/src/install/unity_ros_msgs/share/unity_ros_msgs/msg/UR3eGripper.msg\n'}
[2.959360] (unity_ros_msgs) StdoutLine: {'line': b'-- Up-to-date: /home/yadhu/ur3e/src/install/unity_ros_msgs/share/unity_ros_msgs/msg/UR3eMoveitJoints.msg\n'}
[2.959421] (ur_robotiq) StdoutLine: {'line': b'-- Up-to-date: /home/yadhu/ur3e/src/install/ur_robotiq/local/lib/python3.10/dist-packages/ur_robotiq/ur_robotiq_s__rosidl_typesupport_c.cpython-310-x86_64-linux-gnu.so\n'}
[2.959451] (unity_ros_msgs) StdoutLine: {'line': b'-- Up-to-date: /home/yadhu/ur3e/src/install/unity_ros_msgs/share/unity_ros_msgs/msg/UR3eTrajectory.msg\n'}
[2.959493] (unity_ros_msgs) StdoutLine: {'line': b'-- Up-to-date: /home/yadhu/ur3e/src/install/unity_ros_msgs/share/unity_ros_msgs/srv/UrMoverService.srv\n'}
[2.959554] (unity_ros_msgs) StdoutLine: {'line': b'-- Up-to-date: /home/yadhu/ur3e/src/install/unity_ros_msgs/share/unity_ros_msgs/srv/UrMoverService_Request.msg\n'}
[2.959581] (unity_ros_msgs) StdoutLine: {'line': b'-- Up-to-date: /home/yadhu/ur3e/src/install/unity_ros_msgs/share/unity_ros_msgs/srv/UrMoverService_Response.msg\n'}
[2.959608] (unity_ros_msgs) StdoutLine: {'line': b'-- Up-to-date: /home/yadhu/ur3e/src/install/unity_ros_msgs/share/ament_index/resource_index/package_run_dependencies/unity_ros_msgs\n'}
[2.959635] (unity_ros_msgs) StdoutLine: {'line': b'-- Up-to-date: /home/yadhu/ur3e/src/install/unity_ros_msgs/share/ament_index/resource_index/parent_prefix_path/unity_ros_msgs\n'}
[2.959662] (unity_ros_msgs) StdoutLine: {'line': b'-- Up-to-date: /home/yadhu/ur3e/src/install/unity_ros_msgs/share/unity_ros_msgs/environment/ament_prefix_path.sh\n'}
[2.959688] (ur_robotiq) StdoutLine: {'line': b'-- Up-to-date: /home/yadhu/ur3e/src/install/ur_robotiq/lib/libur_robotiq__rosidl_generator_py.so\n'}
[2.959720] (ur_robotiq) StdoutLine: {'line': b'-- Up-to-date: /home/yadhu/ur3e/src/install/ur_robotiq/share/ur_robotiq/msg/UR3eGripper.idl\n'}
[2.959793] (unity_ros_msgs) StdoutLine: {'line': b'-- Up-to-date: /home/yadhu/ur3e/src/install/unity_ros_msgs/share/unity_ros_msgs/environment/ament_prefix_path.dsv\n'}
[2.959823] (unity_ros_msgs) StdoutLine: {'line': b'-- Up-to-date: /home/yadhu/ur3e/src/install/unity_ros_msgs/share/unity_ros_msgs/environment/path.sh\n'}
[2.959866] (unity_ros_msgs) StdoutLine: {'line': b'-- Up-to-date: /home/yadhu/ur3e/src/install/unity_ros_msgs/share/unity_ros_msgs/environment/path.dsv\n'}
[2.959958] (unity_ros_msgs) StdoutLine: {'line': b'-- Up-to-date: /home/yadhu/ur3e/src/install/unity_ros_msgs/share/unity_ros_msgs/local_setup.bash\n'}
[2.959992] (unity_ros_msgs) StdoutLine: {'line': b'-- Up-to-date: /home/yadhu/ur3e/src/install/unity_ros_msgs/share/unity_ros_msgs/local_setup.sh\n'}
[2.960025] (unity_ros_msgs) StdoutLine: {'line': b'-- Up-to-date: /home/yadhu/ur3e/src/install/unity_ros_msgs/share/unity_ros_msgs/local_setup.zsh\n'}
[2.960056] (unity_ros_msgs) StdoutLine: {'line': b'-- Up-to-date: /home/yadhu/ur3e/src/install/unity_ros_msgs/share/unity_ros_msgs/local_setup.dsv\n'}
[2.960085] (unity_ros_msgs) StdoutLine: {'line': b'-- Installing: /home/yadhu/ur3e/src/install/unity_ros_msgs/share/unity_ros_msgs/package.dsv\n'}
[2.960115] (unity_ros_msgs) StdoutLine: {'line': b'-- Up-to-date: /home/yadhu/ur3e/src/install/unity_ros_msgs/share/ament_index/resource_index/packages/unity_ros_msgs\n'}
[2.960145] (ur_robotiq) StdoutLine: {'line': b'-- Up-to-date: /home/yadhu/ur3e/src/install/ur_robotiq/share/ur_robotiq/msg/UR3eMoveitJoints.idl\n'}
[2.960175] (unity_ros_msgs) StdoutLine: {'line': b'-- Up-to-date: /home/yadhu/ur3e/src/install/unity_ros_msgs/share/unity_ros_msgs/cmake/export_unity_ros_msgs__rosidl_generator_cExport.cmake\n'}
[2.960205] (ur_robotiq) StdoutLine: {'line': b'-- Up-to-date: /home/yadhu/ur3e/src/install/ur_robotiq/share/ur_robotiq/msg/UR3eTrajectory.idl\n'}
[2.960240] (ur_robotiq) StdoutLine: {'line': b'-- Up-to-date: /home/yadhu/ur3e/src/install/ur_robotiq/share/ur_robotiq/srv/UrMoverService.idl\n'}
[2.960314] (ur_robotiq) StdoutLine: {'line': b'-- Up-to-date: /home/yadhu/ur3e/src/install/ur_robotiq/share/ur_robotiq/msg/UR3eGripper.msg\n'}
[2.960347] (ur_robotiq) StdoutLine: {'line': b'-- Up-to-date: /home/yadhu/ur3e/src/install/ur_robotiq/share/ur_robotiq/msg/UR3eMoveitJoints.msg\n'}
[2.960378] (ur_robotiq) StdoutLine: {'line': b'-- Up-to-date: /home/yadhu/ur3e/src/install/ur_robotiq/share/ur_robotiq/msg/UR3eTrajectory.msg\n'}
[2.960407] (ur_robotiq) StdoutLine: {'line': b'-- Up-to-date: /home/yadhu/ur3e/src/install/ur_robotiq/share/ur_robotiq/srv/UrMoverService.srv\n'}
[2.960436] (ur_robotiq) StdoutLine: {'line': b'-- Up-to-date: /home/yadhu/ur3e/src/install/ur_robotiq/share/ur_robotiq/srv/UrMoverService_Request.msg\n'}
[2.960465] (ur_robotiq) StdoutLine: {'line': b'-- Up-to-date: /home/yadhu/ur3e/src/install/ur_robotiq/share/ur_robotiq/srv/UrMoverService_Response.msg\n'}
[2.960527] (ur_robotiq) StdoutLine: {'line': b'-- Up-to-date: /home/yadhu/ur3e/src/install/ur_robotiq/share/ament_index/resource_index/package_run_dependencies/ur_robotiq\n'}
[2.960560] (ur_robotiq) StdoutLine: {'line': b'-- Up-to-date: /home/yadhu/ur3e/src/install/ur_robotiq/share/ament_index/resource_index/parent_prefix_path/ur_robotiq\n'}
[2.960591] (ur_robotiq) StdoutLine: {'line': b'-- Up-to-date: /home/yadhu/ur3e/src/install/ur_robotiq/share/ur_robotiq/environment/ament_prefix_path.sh\n'}
[2.960622] (unity_ros_msgs) StdoutLine: {'line': b'-- Up-to-date: /home/yadhu/ur3e/src/install/unity_ros_msgs/share/unity_ros_msgs/cmake/export_unity_ros_msgs__rosidl_generator_cExport-noconfig.cmake\n'}
[2.960718] (unity_ros_msgs) StdoutLine: {'line': b'-- Up-to-date: /home/yadhu/ur3e/src/install/unity_ros_msgs/share/unity_ros_msgs/cmake/export_unity_ros_msgs__rosidl_typesupport_fastrtps_cExport.cmake\n'}
[2.960747] (unity_ros_msgs) StdoutLine: {'line': b'-- Up-to-date: /home/yadhu/ur3e/src/install/unity_ros_msgs/share/unity_ros_msgs/cmake/export_unity_ros_msgs__rosidl_typesupport_fastrtps_cExport-noconfig.cmake\n'}
[2.960773] (ur_robotiq) StdoutLine: {'line': b'-- Up-to-date: /home/yadhu/ur3e/src/install/ur_robotiq/share/ur_robotiq/environment/ament_prefix_path.dsv\n'}
[2.960798] (ur_robotiq) StdoutLine: {'line': b'-- Up-to-date: /home/yadhu/ur3e/src/install/ur_robotiq/share/ur_robotiq/environment/path.sh\n'}
[2.960823] (ur_robotiq) StdoutLine: {'line': b'-- Up-to-date: /home/yadhu/ur3e/src/install/ur_robotiq/share/ur_robotiq/environment/path.dsv\n'}
[2.960848] (ur_robotiq) StdoutLine: {'line': b'-- Up-to-date: /home/yadhu/ur3e/src/install/ur_robotiq/share/ur_robotiq/local_setup.bash\n'}
[2.960873] (ur_robotiq) StdoutLine: {'line': b'-- Up-to-date: /home/yadhu/ur3e/src/install/ur_robotiq/share/ur_robotiq/local_setup.sh\n'}
[2.960897] (ur_robotiq) StdoutLine: {'line': b'-- Up-to-date: /home/yadhu/ur3e/src/install/ur_robotiq/share/ur_robotiq/local_setup.zsh\n'}
[2.960921] (ur_robotiq) StdoutLine: {'line': b'-- Up-to-date: /home/yadhu/ur3e/src/install/ur_robotiq/share/ur_robotiq/local_setup.dsv\n'}
[2.960944] (ur_robotiq) StdoutLine: {'line': b'-- Installing: /home/yadhu/ur3e/src/install/ur_robotiq/share/ur_robotiq/package.dsv\n'}
[2.960967] (ur_robotiq) StdoutLine: {'line': b'-- Up-to-date: /home/yadhu/ur3e/src/install/ur_robotiq/share/ament_index/resource_index/packages/ur_robotiq\n'}
[2.960991] (unity_ros_msgs) StdoutLine: {'line': b'-- Up-to-date: /home/yadhu/ur3e/src/install/unity_ros_msgs/share/unity_ros_msgs/cmake/unity_ros_msgs__rosidl_typesupport_introspection_cExport.cmake\n'}
[2.961015] (ur_robotiq) StdoutLine: {'line': b'-- Up-to-date: /home/yadhu/ur3e/src/install/ur_robotiq/share/ur_robotiq/cmake/export_ur_robotiq__rosidl_generator_cExport.cmake\n'}
[2.961040] (ur_robotiq) StdoutLine: {'line': b'-- Up-to-date: /home/yadhu/ur3e/src/install/ur_robotiq/share/ur_robotiq/cmake/export_ur_robotiq__rosidl_generator_cExport-noconfig.cmake\n'}
[2.961068] (ur_robotiq) StdoutLine: {'line': b'-- Up-to-date: /home/yadhu/ur3e/src/install/ur_robotiq/share/ur_robotiq/cmake/export_ur_robotiq__rosidl_typesupport_fastrtps_cExport.cmake\n'}
[2.961093] (ur_robotiq) StdoutLine: {'line': b'-- Up-to-date: /home/yadhu/ur3e/src/install/ur_robotiq/share/ur_robotiq/cmake/export_ur_robotiq__rosidl_typesupport_fastrtps_cExport-noconfig.cmake\n'}
[2.961118] (ur_robotiq) StdoutLine: {'line': b'-- Up-to-date: /home/yadhu/ur3e/src/install/ur_robotiq/share/ur_robotiq/cmake/ur_robotiq__rosidl_typesupport_introspection_cExport.cmake\n'}
[2.961142] (ur_robotiq) StdoutLine: {'line': b'-- Up-to-date: /home/yadhu/ur3e/src/install/ur_robotiq/share/ur_robotiq/cmake/ur_robotiq__rosidl_typesupport_introspection_cExport-noconfig.cmake\n'}
[2.961165] (ur_robotiq) StdoutLine: {'line': b'-- Up-to-date: /home/yadhu/ur3e/src/install/ur_robotiq/share/ur_robotiq/cmake/ur_robotiq__rosidl_typesupport_cExport.cmake\n'}
[2.961189] (ur_robotiq) StdoutLine: {'line': b'-- Up-to-date: /home/yadhu/ur3e/src/install/ur_robotiq/share/ur_robotiq/cmake/ur_robotiq__rosidl_typesupport_cExport-noconfig.cmake\n'}
[2.961218] (ur_robotiq) StdoutLine: {'line': b'-- Up-to-date: /home/yadhu/ur3e/src/install/ur_robotiq/share/ur_robotiq/cmake/export_ur_robotiq__rosidl_generator_cppExport.cmake\n'}
[2.961252] (unity_ros_msgs) StdoutLine: {'line': b'-- Up-to-date: /home/yadhu/ur3e/src/install/unity_ros_msgs/share/unity_ros_msgs/cmake/unity_ros_msgs__rosidl_typesupport_introspection_cExport-noconfig.cmake\n'}
[2.961279] (unity_ros_msgs) StdoutLine: {'line': b'-- Up-to-date: /home/yadhu/ur3e/src/install/unity_ros_msgs/share/unity_ros_msgs/cmake/unity_ros_msgs__rosidl_typesupport_cExport.cmake\n'}
[2.961304] (unity_ros_msgs) StdoutLine: {'line': b'-- Up-to-date: /home/yadhu/ur3e/src/install/unity_ros_msgs/share/unity_ros_msgs/cmake/unity_ros_msgs__rosidl_typesupport_cExport-noconfig.cmake\n'}
[2.961328] (unity_ros_msgs) StdoutLine: {'line': b'-- Up-to-date: /home/yadhu/ur3e/src/install/unity_ros_msgs/share/unity_ros_msgs/cmake/export_unity_ros_msgs__rosidl_generator_cppExport.cmake\n'}
[2.961351] (unity_ros_msgs) StdoutLine: {'line': b'-- Up-to-date: /home/yadhu/ur3e/src/install/unity_ros_msgs/share/unity_ros_msgs/cmake/export_unity_ros_msgs__rosidl_typesupport_fastrtps_cppExport.cmake\n'}
[2.961378] (unity_ros_msgs) StdoutLine: {'line': b'-- Up-to-date: /home/yadhu/ur3e/src/install/unity_ros_msgs/share/unity_ros_msgs/cmake/export_unity_ros_msgs__rosidl_typesupport_fastrtps_cppExport-noconfig.cmake\n'}
[2.961403] (unity_ros_msgs) StdoutLine: {'line': b'-- Up-to-date: /home/yadhu/ur3e/src/install/unity_ros_msgs/share/unity_ros_msgs/cmake/unity_ros_msgs__rosidl_typesupport_introspection_cppExport.cmake\n'}
[2.961428] (unity_ros_msgs) StdoutLine: {'line': b'-- Up-to-date: /home/yadhu/ur3e/src/install/unity_ros_msgs/share/unity_ros_msgs/cmake/unity_ros_msgs__rosidl_typesupport_introspection_cppExport-noconfig.cmake\n'}
[2.961454] (unity_ros_msgs) StdoutLine: {'line': b'-- Up-to-date: /home/yadhu/ur3e/src/install/unity_ros_msgs/share/unity_ros_msgs/cmake/unity_ros_msgs__rosidl_typesupport_cppExport.cmake\n'}
[2.961480] (unity_ros_msgs) StdoutLine: {'line': b'-- Up-to-date: /home/yadhu/ur3e/src/install/unity_ros_msgs/share/unity_ros_msgs/cmake/unity_ros_msgs__rosidl_typesupport_cppExport-noconfig.cmake\n'}
[2.961506] (ur_robotiq) StdoutLine: {'line': b'-- Up-to-date: /home/yadhu/ur3e/src/install/ur_robotiq/share/ur_robotiq/cmake/export_ur_robotiq__rosidl_typesupport_fastrtps_cppExport.cmake\n'}
[2.961603] (ur_robotiq) StdoutLine: {'line': b'-- Up-to-date: /home/yadhu/ur3e/src/install/ur_robotiq/share/ur_robotiq/cmake/export_ur_robotiq__rosidl_typesupport_fastrtps_cppExport-noconfig.cmake\n'}
[2.961631] (ur_robotiq) StdoutLine: {'line': b'-- Up-to-date: /home/yadhu/ur3e/src/install/ur_robotiq/share/ur_robotiq/cmake/ur_robotiq__rosidl_typesupport_introspection_cppExport.cmake\n'}
[2.961658] (ur_robotiq) StdoutLine: {'line': b'-- Up-to-date: /home/yadhu/ur3e/src/install/ur_robotiq/share/ur_robotiq/cmake/ur_robotiq__rosidl_typesupport_introspection_cppExport-noconfig.cmake\n'}
[2.961683] (ur_robotiq) StdoutLine: {'line': b'-- Up-to-date: /home/yadhu/ur3e/src/install/ur_robotiq/share/ur_robotiq/cmake/ur_robotiq__rosidl_typesupport_cppExport.cmake\n'}
[2.961709] (ur_robotiq) StdoutLine: {'line': b'-- Up-to-date: /home/yadhu/ur3e/src/install/ur_robotiq/share/ur_robotiq/cmake/ur_robotiq__rosidl_typesupport_cppExport-noconfig.cmake\n'}
[2.961734] (unity_ros_msgs) StdoutLine: {'line': b'-- Up-to-date: /home/yadhu/ur3e/src/install/unity_ros_msgs/share/unity_ros_msgs/cmake/export_unity_ros_msgs__rosidl_generator_pyExport.cmake\n'}
[2.961760] (unity_ros_msgs) StdoutLine: {'line': b'-- Up-to-date: /home/yadhu/ur3e/src/install/unity_ros_msgs/share/unity_ros_msgs/cmake/export_unity_ros_msgs__rosidl_generator_pyExport-noconfig.cmake\n'}
[2.961879] (unity_ros_msgs) StdoutLine: {'line': b'-- Up-to-date: /home/yadhu/ur3e/src/install/unity_ros_msgs/share/unity_ros_msgs/cmake/rosidl_cmake-extras.cmake\n'}
[2.961909] (unity_ros_msgs) StdoutLine: {'line': b'-- Up-to-date: /home/yadhu/ur3e/src/install/unity_ros_msgs/share/unity_ros_msgs/cmake/ament_cmake_export_dependencies-extras.cmake\n'}
[2.962008] (unity_ros_msgs) StdoutLine: {'line': b'-- Up-to-date: /home/yadhu/ur3e/src/install/unity_ros_msgs/share/unity_ros_msgs/cmake/ament_cmake_export_include_directories-extras.cmake\n'}
[2.962038] (unity_ros_msgs) StdoutLine: {'line': b'-- Up-to-date: /home/yadhu/ur3e/src/install/unity_ros_msgs/share/unity_ros_msgs/cmake/ament_cmake_export_libraries-extras.cmake\n'}
[2.962070] (unity_ros_msgs) StdoutLine: {'line': b'-- Up-to-date: /home/yadhu/ur3e/src/install/unity_ros_msgs/share/unity_ros_msgs/cmake/ament_cmake_export_targets-extras.cmake\n'}
[2.962100] (unity_ros_msgs) StdoutLine: {'line': b'-- Up-to-date: /home/yadhu/ur3e/src/install/unity_ros_msgs/share/unity_ros_msgs/cmake/rosidl_cmake_export_typesupport_targets-extras.cmake\n'}
[2.962150] (unity_ros_msgs) StdoutLine: {'line': b'-- Up-to-date: /home/yadhu/ur3e/src/install/unity_ros_msgs/share/unity_ros_msgs/cmake/rosidl_cmake_export_typesupport_libraries-extras.cmake\n'}
[2.962189] (unity_ros_msgs) StdoutLine: {'line': b'-- Up-to-date: /home/yadhu/ur3e/src/install/unity_ros_msgs/share/unity_ros_msgs/cmake/unity_ros_msgsConfig.cmake\n'}
[2.962218] (unity_ros_msgs) StdoutLine: {'line': b'-- Up-to-date: /home/yadhu/ur3e/src/install/unity_ros_msgs/share/unity_ros_msgs/cmake/unity_ros_msgsConfig-version.cmake\n'}
[2.962253] (unity_ros_msgs) StdoutLine: {'line': b'-- Up-to-date: /home/yadhu/ur3e/src/install/unity_ros_msgs/share/unity_ros_msgs/package.xml\n'}
[2.962328] (ur_robotiq) StdoutLine: {'line': b'-- Up-to-date: /home/yadhu/ur3e/src/install/ur_robotiq/share/ur_robotiq/cmake/export_ur_robotiq__rosidl_generator_pyExport.cmake\n'}
[2.962360] (ur_robotiq) StdoutLine: {'line': b'-- Up-to-date: /home/yadhu/ur3e/src/install/ur_robotiq/share/ur_robotiq/cmake/export_ur_robotiq__rosidl_generator_pyExport-noconfig.cmake\n'}
[2.962387] (ur_robotiq) StdoutLine: {'line': b'-- Up-to-date: /home/yadhu/ur3e/src/install/ur_robotiq/share/ur_robotiq/cmake/rosidl_cmake-extras.cmake\n'}
[2.962413] (ur_robotiq) StdoutLine: {'line': b'-- Up-to-date: /home/yadhu/ur3e/src/install/ur_robotiq/share/ur_robotiq/cmake/ament_cmake_export_dependencies-extras.cmake\n'}
[2.962445] (ur_robotiq) StdoutLine: {'line': b'-- Up-to-date: /home/yadhu/ur3e/src/install/ur_robotiq/share/ur_robotiq/cmake/ament_cmake_export_include_directories-extras.cmake\n'}
[2.962484] (ur_robotiq) StdoutLine: {'line': b'-- Up-to-date: /home/yadhu/ur3e/src/install/ur_robotiq/share/ur_robotiq/cmake/ament_cmake_export_libraries-extras.cmake\n'}
[2.962513] (ur_robotiq) StdoutLine: {'line': b'-- Up-to-date: /home/yadhu/ur3e/src/install/ur_robotiq/share/ur_robotiq/cmake/ament_cmake_export_targets-extras.cmake\n'}
[2.962545] (ur_robotiq) StdoutLine: {'line': b'-- Up-to-date: /home/yadhu/ur3e/src/install/ur_robotiq/share/ur_robotiq/cmake/rosidl_cmake_export_typesupport_targets-extras.cmake\n'}
[2.962580] (ur_robotiq) StdoutLine: {'line': b'-- Up-to-date: /home/yadhu/ur3e/src/install/ur_robotiq/share/ur_robotiq/cmake/rosidl_cmake_export_typesupport_libraries-extras.cmake\n'}
[2.962612] (ur_robotiq) StdoutLine: {'line': b'-- Up-to-date: /home/yadhu/ur3e/src/install/ur_robotiq/share/ur_robotiq/cmake/ur_robotiqConfig.cmake\n'}
[2.962640] (ur_robotiq) StdoutLine: {'line': b'-- Up-to-date: /home/yadhu/ur3e/src/install/ur_robotiq/share/ur_robotiq/cmake/ur_robotiqConfig-version.cmake\n'}
[2.962665] (ur_robotiq) StdoutLine: {'line': b'-- Up-to-date: /home/yadhu/ur3e/src/install/ur_robotiq/share/ur_robotiq/package.xml\n'}
[2.963177] (ur_robotiq) CommandEnded: {'returncode': 0}
[2.969838] (unity_ros_msgs) CommandEnded: {'returncode': 0}
[3.004530] (-) TimerEvent: {}
[3.057241] (ur_robotiq) JobEnded: {'identifier': 'ur_robotiq', 'rc': 0}
[3.064729] (unity_ros_msgs) JobEnded: {'identifier': 'unity_ros_msgs', 'rc': 0}
[3.065416] (cppfile) JobStarted: {'identifier': 'cppfile'}
[3.076585] (cppfile) JobProgress: {'identifier': 'cppfile', 'progress': 'cmake'}
[3.077047] (cppfile) JobProgress: {'identifier': 'cppfile', 'progress': 'build'}
[3.077237] (cppfile) Command: {'cmd': ['/usr/bin/cmake', '--build', '/home/yadhu/ur3e/src/build/cppfile', '--', '-j16', '-l16'], 'cwd': '/home/yadhu/ur3e/src/build/cppfile', 'env': OrderedDict([('HOSTNAME', 'yadhuk'), ('GIT_ASKPASS', '/vscode/vscode-server/bin/linux-x64/e54c774e0add60467559eb0d1e229c6452cf8447/extensions/git/dist/askpass.sh'), ('SHLVL', '2'), ('LD_LIBRARY_PATH', '/home/yadhu/ur3e/src/install/ur_robotiq/lib:/home/yadhu/ur3e/src/install/unity_ros_msgs/lib:/home/yadhu/ur3e/src/install/unity_robotics_demo_msgs/lib:/home/yadhu/ur3e/src/install/moveit_msgs/lib:/usr/lib/x86_64-linux-gnu/gazebo-11/plugins:/opt/ros/humble/opt/rviz_ogre_vendor/lib:/opt/ros/humble/lib/x86_64-linux-gnu:/opt/ros/humble/lib'), ('BROWSER', '/vscode/vscode-server/bin/linux-x64/e54c774e0add60467559eb0d1e229c6452cf8447/bin/helpers/browser.sh'), ('HOME', '/home/yadhu'), ('OLDPWD', '/home/yadhu/ur3e'), ('TERM_PROGRAM_VERSION', '1.97.2'), ('VSCODE_IPC_HOOK_CLI', '/tmp/vscode-ipc-191d809e-ad6a-48a3-8c83-2991c7349be6.sock'), ('DEBUGPY_ADAPTER_ENDPOINTS', '/home/yadhu/.vscode-server/extensions/ms-python.debugpy-2025.0.1-linux-x64/.noConfigDebugAdapterEndpoints/endpoint-00e5a96652343ffc.txt'), ('ROS_PYTHON_VERSION', '3'), ('VSCODE_GIT_ASKPASS_MAIN', '/vscode/vscode-server/bin/linux-x64/e54c774e0add60467559eb0d1e229c6452cf8447/extensions/git/dist/askpass-main.js'), ('VSCODE_GIT_ASKPASS_NODE', '/vscode/vscode-server/bin/linux-x64/e54c774e0add60467559eb0d1e229c6452cf8447/node'), ('PYDEVD_DISABLE_FILE_VALIDATION', '1'), ('BUNDLED_DEBUGPY_PATH', '/home/yadhu/.vscode-server/extensions/ms-python.debugpy-2025.0.1-linux-x64/bundled/libs/debugpy'), ('COLORTERM', 'truecolor'), ('REMOTE_CONTAINERS', 'true'), ('ROS_DISTRO', 'humble'), ('REMOTE_CONTAINERS_IPC', '/tmp/vscode-remote-containers-ipc-3b15b7cf-88ad-4a56-828c-69c61a495d31.sock'), ('_', '/usr/bin/colcon'), ('ROS_VERSION', '2'), ('TERM', 'xterm-256color'), ('ROS_LOCALHOST_ONLY', '0'), ('PATH', '/vscode/vscode-server/bin/linux-x64/e54c774e0add60467559eb0d1e229c6452cf8447/bin/remote-cli:/opt/ros/humble/bin:/usr/local/sbin:/usr/local/bin:/usr/sbin:/usr/bin:/sbin:/bin:/home/yadhu/.vscode-server/extensions/ms-python.debugpy-2025.0.1-linux-x64/bundled/scripts/noConfigScripts'), ('REMOTE_CONTAINERS_SOCKETS', '["/tmp/vscode-ssh-auth-3b15b7cf-88ad-4a56-828c-69c61a495d31.sock","/home/yadhu/.gnupg/S.gpg-agent"]'), ('DISPLAY', ':1'), ('LANG', 'C.UTF-8'), ('RMW_IMPLEMENTATION', 'rmw_cyclonedds_cpp'), ('LS_COLORS', 'rs=0:di=01;34:ln=01;36:mh=00:pi=40;33:so=01;35:do=01;35:bd=40;33;01:cd=40;33;01:or=40;31;01:mi=00:su=37;41:sg=30;43:ca=30;41:tw=30;42:ow=34;42:st=37;44:ex=01;32:*.tar=01;31:*.tgz=01;31:*.arc=01;31:*.arj=01;31:*.taz=01;31:*.lha=01;31:*.lz4=01;31:*.lzh=01;31:*.lzma=01;31:*.tlz=01;31:*.txz=01;31:*.tzo=01;31:*.t7z=01;31:*.zip=01;31:*.z=01;31:*.dz=01;31:*.gz=01;31:*.lrz=01;31:*.lz=01;31:*.lzo=01;31:*.xz=01;31:*.zst=01;31:*.tzst=01;31:*.bz2=01;31:*.bz=01;31:*.tbz=01;31:*.tbz2=01;31:*.tz=01;31:*.deb=01;31:*.rpm=01;31:*.jar=01;31:*.war=01;31:*.ear=01;31:*.sar=01;31:*.rar=01;31:*.alz=01;31:*.ace=01;31:*.zoo=01;31:*.cpio=01;31:*.7z=01;31:*.rz=01;31:*.cab=01;31:*.wim=01;31:*.swm=01;31:*.dwm=01;31:*.esd=01;31:*.jpg=01;35:*.jpeg=01;35:*.mjpg=01;35:*.mjpeg=01;35:*.gif=01;35:*.bmp=01;35:*.pbm=01;35:*.pgm=01;35:*.ppm=01;35:*.tga=01;35:*.xbm=01;35:*.xpm=01;35:*.tif=01;35:*.tiff=01;35:*.png=01;35:*.svg=01;35:*.svgz=01;35:*.mng=01;35:*.pcx=01;35:*.mov=01;35:*.mpg=01;35:*.mpeg=01;35:*.m2v=01;35:*.mkv=01;35:*.webm=01;35:*.webp=01;35:*.ogm=01;35:*.mp4=01;35:*.m4v=01;35:*.mp4v=01;35:*.vob=01;35:*.qt=01;35:*.nuv=01;35:*.wmv=01;35:*.asf=01;35:*.rm=01;35:*.rmvb=01;35:*.flc=01;35:*.avi=01;35:*.fli=01;35:*.flv=01;35:*.gl=01;35:*.dl=01;35:*.xcf=01;35:*.xwd=01;35:*.yuv=01;35:*.cgm=01;35:*.emf=01;35:*.ogv=01;35:*.ogx=01;35:*.aac=00;36:*.au=00;36:*.flac=00;36:*.m4a=00;36:*.mid=00;36:*.midi=00;36:*.mka=00;36:*.mp3=00;36:*.mpc=00;36:*.ogg=00;36:*.ra=00;36:*.wav=00;36:*.oga=00;36:*.opus=00;36:*.spx=00;36:*.xspf=00;36:'), ('VSCODE_GIT_IPC_HANDLE', '/tmp/vscode-git-09c052f1c4.sock'), ('TERM_PROGRAM', 'vscode'), ('SSH_AUTH_SOCK', '/tmp/vscode-ssh-auth-3b15b7cf-88ad-4a56-828c-69c61a495d31.sock'), ('ROS_DOMAIN_ID', '42'), ('AMENT_PREFIX_PATH', '/home/yadhu/ur3e/src/install/ur_robotiq:/home/yadhu/ur3e/src/install/ur_description:/home/yadhu/ur3e/src/install/unity_ros_msgs:/home/yadhu/ur3e/src/install/unity_robotics_demo_msgs:/home/yadhu/ur3e/src/install/robotiq_description:/home/yadhu/ur3e/src/install/moveit_msgs:/opt/ros/humble'), ('SHELL', '/bin/bash'), ('ROS_AUTOMATIC_DISCOVERY_RANGE', 'LOCALHOST'), ('VSCODE_GIT_ASKPASS_EXTRA_ARGS', ''), ('PWD', '/home/yadhu/ur3e/src/build/cppfile'), ('LC_ALL', 'C.UTF-8'), ('PYTHONPATH', '/home/yadhu/ur3e/src/install/ur_robotiq/local/lib/python3.10/dist-packages:/home/yadhu/ur3e/src/install/unity_ros_msgs/local/lib/python3.10/dist-packages:/home/yadhu/ur3e/src/install/unity_robotics_demo_msgs/local/lib/python3.10/dist-packages:/home/yadhu/ur3e/src/install/moveit_msgs/local/lib/python3.10/dist-packages:/opt/ros/humble/lib/python3.10/site-packages:/opt/ros/humble/local/lib/python3.10/dist-packages'), ('COLCON', '1'), ('CMAKE_PREFIX_PATH', '/home/yadhu/ur3e/src/install/ur_robotiq:/home/yadhu/ur3e/src/install/ur_description:/home/yadhu/ur3e/src/install/unity_ros_msgs:/home/yadhu/ur3e/src/install/unity_robotics_demo_msgs:/home/yadhu/ur3e/src/install/robotiq_description:/home/yadhu/ur3e/src/install/moveit_msgs:/opt/ros/humble')]), 'shell': False}
[3.104656] (-) TimerEvent: {}
[3.116480] (cppfile) StdoutLine: {'line': b'\x1b[35m\x1b[1mConsolidate compiler generated dependencies of target position_pub\x1b[0m\n'}
[3.118139] (cppfile) StdoutLine: {'line': b'\x1b[35m\x1b[1mConsolidate compiler generated dependencies of target position_publisher\x1b[0m\n'}
[3.132596] (cppfile) StdoutLine: {'line': b'[ 33%] Built target simple_moveit_interface\n'}
[3.135005] (cppfile) StdoutLine: {'line': b'[ 66%] Built target position_pub\n'}
[3.137886] (cppfile) StdoutLine: {'line': b'[ 83%] \x1b[32mBuilding CXX object CMakeFiles/position_publisher.dir/src/position_publisher.cpp.o\x1b[0m\n'}
[3.204779] (-) TimerEvent: {}
[3.305046] (-) TimerEvent: {}
[3.405384] (-) TimerEvent: {}
[3.505649] (-) TimerEvent: {}
[3.605907] (-) TimerEvent: {}
[3.706159] (-) TimerEvent: {}
[3.806484] (-) TimerEvent: {}
[3.906770] (-) TimerEvent: {}
[4.007017] (-) TimerEvent: {}
[4.107333] (-) TimerEvent: {}
[4.207623] (-) TimerEvent: {}
[4.307852] (-) TimerEvent: {}
[4.408138] (-) TimerEvent: {}
[4.508399] (-) TimerEvent: {}
[4.608644] (-) TimerEvent: {}
[4.708952] (-) TimerEvent: {}
[4.809214] (-) TimerEvent: {}
[4.909456] (-) TimerEvent: {}
[5.009714] (-) TimerEvent: {}
[5.109958] (-) TimerEvent: {}
[5.210224] (-) TimerEvent: {}
[5.310468] (-) TimerEvent: {}
[5.410729] (-) TimerEvent: {}
[5.510967] (-) TimerEvent: {}
[5.611241] (-) TimerEvent: {}
[5.711509] (-) TimerEvent: {}
[5.811773] (-) TimerEvent: {}
[5.912023] (-) TimerEvent: {}
[6.012258] (-) TimerEvent: {}
[6.112500] (-) TimerEvent: {}
[6.121081] (cppfile) StderrLine: {'line': b'\x1b[01m\x1b[K/home/yadhu/ur3e/src/cppfile/src/position_publisher.cpp:85:31:\x1b[m\x1b[K \x1b[01;31m\x1b[Kerror: \x1b[m\x1b[K\xe2\x80\x98\x1b[01m\x1b[Kunity_ros_msgs\x1b[m\x1b[K\xe2\x80\x99 was not declared in this scope\n'}
[6.121222] (cppfile) StderrLine: {'line': b'   85 |         const std::shared_ptr<\x1b[01;31m\x1b[Kunity_ros_msgs\x1b[m\x1b[K::srv::UrMoverService::Request> request,\n'}
[6.121269] (cppfile) StderrLine: {'line': b'      |                               \x1b[01;31m\x1b[K^~~~~~~~~~~~~~\x1b[m\x1b[K\n'}
[6.121298] (cppfile) StderrLine: {'line': b'\x1b[01m\x1b[K/home/yadhu/ur3e/src/cppfile/src/position_publisher.cpp:85:75:\x1b[m\x1b[K \x1b[01;31m\x1b[Kerror: \x1b[m\x1b[Ktemplate argument 1 is invalid\n'}
[6.121325] (cppfile) StderrLine: {'line': b'   85 |         const std::shared_ptr<unity_ros_msgs::srv::UrMoverService::Request\x1b[01;31m\x1b[K>\x1b[m\x1b[K request,\n'}
[6.121350] (cppfile) StderrLine: {'line': b'      |                                                                           \x1b[01;31m\x1b[K^\x1b[m\x1b[K\n'}
[6.131164] (cppfile) StderrLine: {'line': b'\x1b[01m\x1b[K/home/yadhu/ur3e/src/cppfile/src/position_publisher.cpp:85:31:\x1b[m\x1b[K \x1b[01;31m\x1b[Kerror: \x1b[m\x1b[K\xe2\x80\x98\x1b[01m\x1b[Kunity_ros_msgs\x1b[m\x1b[K\xe2\x80\x99 was not declared in this scope\n'}
[6.131331] (cppfile) StderrLine: {'line': b'   85 |         const std::shared_ptr<\x1b[01;31m\x1b[Kunity_ros_msgs\x1b[m\x1b[K::srv::UrMoverService::Request> request,\n'}
[6.131380] (cppfile) StderrLine: {'line': b'      |                               \x1b[01;31m\x1b[K^~~~~~~~~~~~~~\x1b[m\x1b[K\n'}
[6.131421] (cppfile) StderrLine: {'line': b'\x1b[01m\x1b[K/home/yadhu/ur3e/src/cppfile/src/position_publisher.cpp:85:75:\x1b[m\x1b[K \x1b[01;31m\x1b[Kerror: \x1b[m\x1b[Ktemplate argument 1 is invalid\n'}
[6.131462] (cppfile) StderrLine: {'line': b'   85 |         const std::shared_ptr<unity_ros_msgs::srv::UrMoverService::Request\x1b[01;31m\x1b[K>\x1b[m\x1b[K request,\n'}
[6.131499] (cppfile) StderrLine: {'line': b'      |                                                                           \x1b[01;31m\x1b[K^\x1b[m\x1b[K\n'}
[6.140548] (cppfile) StderrLine: {'line': b'\x1b[01m\x1b[K/home/yadhu/ur3e/src/cppfile/src/position_publisher.cpp:85:31:\x1b[m\x1b[K \x1b[01;31m\x1b[Kerror: \x1b[m\x1b[K\xe2\x80\x98\x1b[01m\x1b[Kunity_ros_msgs\x1b[m\x1b[K\xe2\x80\x99 was not declared in this scope\n'}
[6.140702] (cppfile) StderrLine: {'line': b'   85 |         const std::shared_ptr<\x1b[01;31m\x1b[Kunity_ros_msgs\x1b[m\x1b[K::srv::UrMoverService::Request> request,\n'}
[6.140738] (cppfile) StderrLine: {'line': b'      |                               \x1b[01;31m\x1b[K^~~~~~~~~~~~~~\x1b[m\x1b[K\n'}
[6.140765] (cppfile) StderrLine: {'line': b'\x1b[01m\x1b[K/home/yadhu/ur3e/src/cppfile/src/position_publisher.cpp:85:75:\x1b[m\x1b[K \x1b[01;31m\x1b[Kerror: \x1b[m\x1b[Ktemplate argument 1 is invalid\n'}
[6.140792] (cppfile) StderrLine: {'line': b'   85 |         const std::shared_ptr<unity_ros_msgs::srv::UrMoverService::Request\x1b[01;31m\x1b[K>\x1b[m\x1b[K request,\n'}
[6.140818] (cppfile) StderrLine: {'line': b'      |                                                                           \x1b[01;31m\x1b[K^\x1b[m\x1b[K\n'}
[6.140844] (cppfile) StderrLine: {'line': b'\x1b[01m\x1b[K/home/yadhu/ur3e/src/cppfile/src/position_publisher.cpp:85:15:\x1b[m\x1b[K \x1b[01;31m\x1b[Kerror: \x1b[m\x1b[Kinvalid template-id\n'}
[6.140869] (cppfile) StderrLine: {'line': b'   85 |         const \x1b[01;31m\x1b[Kstd\x1b[m\x1b[K::shared_ptr<unity_ros_msgs::srv::UrMoverService::Request> request,\n'}
[6.140900] (cppfile) StderrLine: {'line': b'      |               \x1b[01;31m\x1b[K^~~\x1b[m\x1b[K\n'}
[6.140925] (cppfile) StderrLine: {'line': b'\x1b[01m\x1b[K/home/yadhu/ur3e/src/cppfile/src/position_publisher.cpp:85:31:\x1b[m\x1b[K \x1b[01;31m\x1b[Kerror: \x1b[m\x1b[K\xe2\x80\x98\x1b[01m\x1b[Kunity_ros_msgs\x1b[m\x1b[K\xe2\x80\x99 has not been declared\n'}
[6.140951] (cppfile) StderrLine: {'line': b'   85 |         const std::shared_ptr<\x1b[01;31m\x1b[Kunity_ros_msgs\x1b[m\x1b[K::srv::UrMoverService::Request> request,\n'}
[6.140976] (cppfile) StderrLine: {'line': b'      |                               \x1b[01;31m\x1b[K^~~~~~~~~~~~~~\x1b[m\x1b[K\n'}
[6.141000] (cppfile) StderrLine: {'line': b'\x1b[01m\x1b[K/home/yadhu/ur3e/src/cppfile/src/position_publisher.cpp:85:9:\x1b[m\x1b[K \x1b[01;31m\x1b[Kerror: \x1b[m\x1b[Kclass template placeholder \xe2\x80\x98\x1b[01m\x1b[Kstd::shared_ptr\x1b[m\x1b[K\xe2\x80\x99 not permitted in this context\n'}
[6.141027] (cppfile) StderrLine: {'line': b'   85 |         \x1b[01;31m\x1b[Kconst\x1b[m\x1b[K std::shared_ptr<unity_ros_msgs::srv::UrMoverService::Request> request,\n'}
[6.141051] (cppfile) StderrLine: {'line': b'      |         \x1b[01;31m\x1b[K^~~~~\x1b[m\x1b[K\n'}
[6.149537] (cppfile) StderrLine: {'line': b'\x1b[01m\x1b[K/home/yadhu/ur3e/src/cppfile/src/position_publisher.cpp:86:31:\x1b[m\x1b[K \x1b[01;31m\x1b[Kerror: \x1b[m\x1b[K\xe2\x80\x98\x1b[01m\x1b[Kunity_ros_msgs\x1b[m\x1b[K\xe2\x80\x99 was not declared in this scope\n'}
[6.149660] (cppfile) StderrLine: {'line': b'   86 |         const std::shared_ptr<\x1b[01;31m\x1b[Kunity_ros_msgs\x1b[m\x1b[K::srv::UrMoverService::Response> response)\n'}
[6.149698] (cppfile) StderrLine: {'line': b'      |                               \x1b[01;31m\x1b[K^~~~~~~~~~~~~~\x1b[m\x1b[K\n'}
[6.149726] (cppfile) StderrLine: {'line': b'\x1b[01m\x1b[K/home/yadhu/ur3e/src/cppfile/src/position_publisher.cpp:86:76:\x1b[m\x1b[K \x1b[01;31m\x1b[Kerror: \x1b[m\x1b[Ktemplate argument 1 is invalid\n'}
[6.149754] (cppfile) StderrLine: {'line': b'   86 |         const std::shared_ptr<unity_ros_msgs::srv::UrMoverService::Response\x1b[01;31m\x1b[K>\x1b[m\x1b[K response)\n'}
[6.149779] (cppfile) StderrLine: {'line': b'      |                                                                            \x1b[01;31m\x1b[K^\x1b[m\x1b[K\n'}
[6.158221] (cppfile) StderrLine: {'line': b'\x1b[01m\x1b[K/home/yadhu/ur3e/src/cppfile/src/position_publisher.cpp:86:31:\x1b[m\x1b[K \x1b[01;31m\x1b[Kerror: \x1b[m\x1b[K\xe2\x80\x98\x1b[01m\x1b[Kunity_ros_msgs\x1b[m\x1b[K\xe2\x80\x99 was not declared in this scope\n'}
[6.158384] (cppfile) StderrLine: {'line': b'   86 |         const std::shared_ptr<\x1b[01;31m\x1b[Kunity_ros_msgs\x1b[m\x1b[K::srv::UrMoverService::Response> response)\n'}
[6.158451] (cppfile) StderrLine: {'line': b'      |                               \x1b[01;31m\x1b[K^~~~~~~~~~~~~~\x1b[m\x1b[K\n'}
[6.158497] (cppfile) StderrLine: {'line': b'\x1b[01m\x1b[K/home/yadhu/ur3e/src/cppfile/src/position_publisher.cpp:86:76:\x1b[m\x1b[K \x1b[01;31m\x1b[Kerror: \x1b[m\x1b[Ktemplate argument 1 is invalid\n'}
[6.158549] (cppfile) StderrLine: {'line': b'   86 |         const std::shared_ptr<unity_ros_msgs::srv::UrMoverService::Response\x1b[01;31m\x1b[K>\x1b[m\x1b[K response)\n'}
[6.158592] (cppfile) StderrLine: {'line': b'      |                                                                            \x1b[01;31m\x1b[K^\x1b[m\x1b[K\n'}
[6.166328] (cppfile) StderrLine: {'line': b'\x1b[01m\x1b[K/home/yadhu/ur3e/src/cppfile/src/position_publisher.cpp:86:31:\x1b[m\x1b[K \x1b[01;31m\x1b[Kerror: \x1b[m\x1b[K\xe2\x80\x98\x1b[01m\x1b[Kunity_ros_msgs\x1b[m\x1b[K\xe2\x80\x99 was not declared in this scope\n'}
[6.166467] (cppfile) StderrLine: {'line': b'   86 |         const std::shared_ptr<\x1b[01;31m\x1b[Kunity_ros_msgs\x1b[m\x1b[K::srv::UrMoverService::Response> response)\n'}
[6.166531] (cppfile) StderrLine: {'line': b'      |                               \x1b[01;31m\x1b[K^~~~~~~~~~~~~~\x1b[m\x1b[K\n'}
[6.166576] (cppfile) StderrLine: {'line': b'\x1b[01m\x1b[K/home/yadhu/ur3e/src/cppfile/src/position_publisher.cpp:86:76:\x1b[m\x1b[K \x1b[01;31m\x1b[Kerror: \x1b[m\x1b[Ktemplate argument 1 is invalid\n'}
[6.166622] (cppfile) StderrLine: {'line': b'   86 |         const std::shared_ptr<unity_ros_msgs::srv::UrMoverService::Response\x1b[01;31m\x1b[K>\x1b[m\x1b[K response)\n'}
[6.166666] (cppfile) StderrLine: {'line': b'      |                                                                            \x1b[01;31m\x1b[K^\x1b[m\x1b[K\n'}
[6.166709] (cppfile) StderrLine: {'line': b'\x1b[01m\x1b[K/home/yadhu/ur3e/src/cppfile/src/position_publisher.cpp:86:15:\x1b[m\x1b[K \x1b[01;31m\x1b[Kerror: \x1b[m\x1b[Kinvalid template-id\n'}
[6.166751] (cppfile) StderrLine: {'line': b'   86 |         const \x1b[01;31m\x1b[Kstd\x1b[m\x1b[K::shared_ptr<unity_ros_msgs::srv::UrMoverService::Response> response)\n'}
[6.166793] (cppfile) StderrLine: {'line': b'      |               \x1b[01;31m\x1b[K^~~\x1b[m\x1b[K\n'}
[6.166836] (cppfile) StderrLine: {'line': b'\x1b[01m\x1b[K/home/yadhu/ur3e/src/cppfile/src/position_publisher.cpp:86:31:\x1b[m\x1b[K \x1b[01;31m\x1b[Kerror: \x1b[m\x1b[K\xe2\x80\x98\x1b[01m\x1b[Kunity_ros_msgs\x1b[m\x1b[K\xe2\x80\x99 has not been declared\n'}
[6.166880] (cppfile) StderrLine: {'line': b'   86 |         const std::shared_ptr<\x1b[01;31m\x1b[Kunity_ros_msgs\x1b[m\x1b[K::srv::UrMoverService::Response> response)\n'}
[6.166923] (cppfile) StderrLine: {'line': b'      |                               \x1b[01;31m\x1b[K^~~~~~~~~~~~~~\x1b[m\x1b[K\n'}
[6.166964] (cppfile) StderrLine: {'line': b'\x1b[01m\x1b[K/home/yadhu/ur3e/src/cppfile/src/position_publisher.cpp:86:9:\x1b[m\x1b[K \x1b[01;31m\x1b[Kerror: \x1b[m\x1b[Kclass template placeholder \xe2\x80\x98\x1b[01m\x1b[Kstd::shared_ptr\x1b[m\x1b[K\xe2\x80\x99 not permitted in this context\n'}
[6.167016] (cppfile) StderrLine: {'line': b'   86 |         \x1b[01;31m\x1b[Kconst\x1b[m\x1b[K std::shared_ptr<unity_ros_msgs::srv::UrMoverService::Response> response)\n'}
[6.167061] (cppfile) StderrLine: {'line': b'      |         \x1b[01;31m\x1b[K^~~~~\x1b[m\x1b[K\n'}
[6.177929] (cppfile) StderrLine: {'line': b'\x1b[01m\x1b[K/home/yadhu/ur3e/src/cppfile/src/position_publisher.cpp:174:21:\x1b[m\x1b[K \x1b[01;31m\x1b[Kerror: \x1b[m\x1b[K\xe2\x80\x98\x1b[01m\x1b[Kunity_ros_msgs\x1b[m\x1b[K\xe2\x80\x99 was not declared in this scope\n'}
[6.178103] (cppfile) StderrLine: {'line': b'  174 |     rclcpp::Service<\x1b[01;31m\x1b[Kunity_ros_msgs\x1b[m\x1b[K::srv::UrMoverService>::SharedPtr service_;\n'}
[6.178163] (cppfile) StderrLine: {'line': b'      |                     \x1b[01;31m\x1b[K^~~~~~~~~~~~~~\x1b[m\x1b[K\n'}
[6.178210] (cppfile) StderrLine: {'line': b'\x1b[01m\x1b[K/home/yadhu/ur3e/src/cppfile/src/position_publisher.cpp:174:56:\x1b[m\x1b[K \x1b[01;31m\x1b[Kerror: \x1b[m\x1b[Ktemplate argument 1 is invalid\n'}
[6.178265] (cppfile) StderrLine: {'line': b'  174 |     rclcpp::Service<unity_ros_msgs::srv::UrMoverService\x1b[01;31m\x1b[K>\x1b[m\x1b[K::SharedPtr service_;\n'}
[6.178310] (cppfile) StderrLine: {'line': b'      |                                                        \x1b[01;31m\x1b[K^\x1b[m\x1b[K\n'}
[6.178353] (cppfile) StderrLine: {'line': b'\x1b[01m\x1b[K/home/yadhu/ur3e/src/cppfile/src/position_publisher.cpp:174:59:\x1b[m\x1b[K \x1b[01;31m\x1b[Kerror: \x1b[m\x1b[Kexpected \xe2\x80\x98\x1b[01m\x1b[K;\x1b[m\x1b[K\xe2\x80\x99 at end of member declaration\n'}
[6.178398] (cppfile) StderrLine: {'line': b'  174 |     rclcpp::Service<unity_ros_msgs::srv::UrMoverService>::\x1b[01;31m\x1b[KSharedPtr\x1b[m\x1b[K service_;\n'}
[6.178441] (cppfile) StderrLine: {'line': b'      |                                                           \x1b[01;31m\x1b[K^~~~~~~~~\x1b[m\x1b[K\n'}
[6.178483] (cppfile) StderrLine: {'line': b'      |                                                                    \x1b[32m\x1b[K;\x1b[m\x1b[K\n'}
[6.179931] (cppfile) StderrLine: {'line': b'\x1b[01m\x1b[K/home/yadhu/ur3e/src/cppfile/src/position_publisher.cpp:174:69:\x1b[m\x1b[K \x1b[01;31m\x1b[Kerror: \x1b[m\x1b[K\xe2\x80\x98\x1b[01m\x1b[Kservice_\x1b[m\x1b[K\xe2\x80\x99 does not name a type\n'}
[6.180029] (cppfile) StderrLine: {'line': b'  174 |     rclcpp::Service<unity_ros_msgs::srv::UrMoverService>::SharedPtr \x1b[01;31m\x1b[Kservice_\x1b[m\x1b[K;\n'}
[6.180079] (cppfile) StderrLine: {'line': b'      |                                                                     \x1b[01;31m\x1b[K^~~~~~~~\x1b[m\x1b[K\n'}
[6.186504] (cppfile) StderrLine: {'line': b'\x1b[01m\x1b[K/home/yadhu/ur3e/src/cppfile/src/position_publisher.cpp:\x1b[m\x1b[K In constructor \xe2\x80\x98\x1b[01m\x1b[KUR3eMoveItServer::UR3eMoveItServer()\x1b[m\x1b[K\xe2\x80\x99:\n'}
[6.186639] (cppfile) StderrLine: {'line': b'\x1b[01m\x1b[K/home/yadhu/ur3e/src/cppfile/src/position_publisher.cpp:16:9:\x1b[m\x1b[K \x1b[01;31m\x1b[Kerror: \x1b[m\x1b[K\xe2\x80\x98\x1b[01m\x1b[Kservice_\x1b[m\x1b[K\xe2\x80\x99 was not declared in this scope\n'}
[6.186702] (cppfile) StderrLine: {'line': b'   16 |         \x1b[01;31m\x1b[Kservice_\x1b[m\x1b[K = create_service<unity_ros_msgs::srv::UrMoverService>(\n'}
[6.186761] (cppfile) StderrLine: {'line': b'      |         \x1b[01;31m\x1b[K^~~~~~~~\x1b[m\x1b[K\n'}
[6.194957] (cppfile) StderrLine: {'line': b'\x1b[01m\x1b[K/home/yadhu/ur3e/src/cppfile/src/position_publisher.cpp:16:35:\x1b[m\x1b[K \x1b[01;31m\x1b[Kerror: \x1b[m\x1b[K\xe2\x80\x98\x1b[01m\x1b[Kunity_ros_msgs\x1b[m\x1b[K\xe2\x80\x99 was not declared in this scope\n'}
[6.195068] (cppfile) StderrLine: {'line': b'   16 |         service_ = create_service<\x1b[01;31m\x1b[Kunity_ros_msgs\x1b[m\x1b[K::srv::UrMoverService>(\n'}
[6.195107] (cppfile) StderrLine: {'line': b'      |                                   \x1b[01;31m\x1b[K^~~~~~~~~~~~~~\x1b[m\x1b[K\n'}
[6.195137] (cppfile) StderrLine: {'line': b'\x1b[01m\x1b[K/home/yadhu/ur3e/src/cppfile/src/position_publisher.cpp:16:20:\x1b[m\x1b[K \x1b[01;31m\x1b[Kerror: \x1b[m\x1b[Kparse error in template argument list\n'}
[6.195165] (cppfile) StderrLine: {'line': b'   16 |         service_ = \x1b[01;31m\x1b[Kcreate_service<unity_ros_msgs::srv::UrMoverService>\x1b[m\x1b[K(\n'}
[6.195190] (cppfile) StderrLine: {'line': b'      |                    \x1b[01;31m\x1b[K^~~~~~~~~~~~~~~~~~~~~~~~~~~~~~~~~~~~~~~~~~~~~~~~~~~\x1b[m\x1b[K\n'}
[6.198906] (cppfile) StderrLine: {'line': b'\x1b[01m\x1b[K/home/yadhu/ur3e/src/cppfile/src/position_publisher.cpp:16:71:\x1b[m\x1b[K \x1b[01;31m\x1b[Kerror: \x1b[m\x1b[Kno matching function for call to \xe2\x80\x98\x1b[01m\x1b[KUR3eMoveItServer::create_service<<expression error> >(const char [12], std::_Bind_helper<false, void (UR3eMoveItServer::*)(...), UR3eMoveItServer*, const std::_Placeholder<1>&, const std::_Placeholder<2>&>::type)\x1b[m\x1b[K\xe2\x80\x99\n'}
[6.199057] (cppfile) StderrLine: {'line': b'   16 |         service_ = \x1b[01;31m\x1b[Kcreate_service<unity_ros_msgs::srv::UrMoverService>(\x1b[m\x1b[K\n'}
[6.199093] (cppfile) StderrLine: {'line': b'      |                    \x1b[01;31m\x1b[K~~~~~~~~~~~~~~~~~~~~~~~~~~~~~~~~~~~~~~~~~~~~~~~~~~~^\x1b[m\x1b[K\n'}
[6.199119] (cppfile) StderrLine: {'line': b'   17 | \x1b[01;31m\x1b[K            "ur3e_moveit",\x1b[m\x1b[K\n'}
[6.199146] (cppfile) StderrLine: {'line': b'      |             \x1b[01;31m\x1b[K~~~~~~~~~~~~~~\x1b[m\x1b[K                                             \n'}
[6.199173] (cppfile) StderrLine: {'line': b'   18 | \x1b[01;31m\x1b[K            std::bind(&UR3eMoveItServer::handleServiceRequest, this,\x1b[m\x1b[K\n'}
[6.199203] (cppfile) StderrLine: {'line': b'      |             \x1b[01;31m\x1b[K~~~~~~~~~~~~~~~~~~~~~~~~~~~~~~~~~~~~~~~~~~~~~~~~~~~~~~~~\x1b[m\x1b[K   \n'}
[6.199241] (cppfile) StderrLine: {'line': b'   19 | \x1b[01;31m\x1b[K                     std::placeholders::_1, std::placeholders::_2))\x1b[m\x1b[K;\n'}
[6.199268] (cppfile) StderrLine: {'line': b'      |                      \x1b[01;31m\x1b[K~~~~~~~~~~~~~~~~~~~~~~~~~~~~~~~~~~~~~~~~~~~~~~\x1b[m\x1b[K    \n'}
[6.199292] (cppfile) StderrLine: {'line': b'In file included from \x1b[01m\x1b[K/opt/ros/humble/include/rclcpp/rclcpp/executors/single_threaded_executor.hpp:28\x1b[m\x1b[K,\n'}
[6.199323] (cppfile) StderrLine: {'line': b'                 from \x1b[01m\x1b[K/opt/ros/humble/include/rclcpp/rclcpp/executors.hpp:22\x1b[m\x1b[K,\n'}
[6.199348] (cppfile) StderrLine: {'line': b'                 from \x1b[01m\x1b[K/opt/ros/humble/include/rclcpp/rclcpp/rclcpp.hpp:155\x1b[m\x1b[K,\n'}
[6.199372] (cppfile) StderrLine: {'line': b'                 from \x1b[01m\x1b[K/home/yadhu/ur3e/src/cppfile/src/position_publisher.cpp:1\x1b[m\x1b[K:\n'}
[6.199397] (cppfile) StderrLine: {'line': b'\x1b[01m\x1b[K/opt/ros/humble/include/rclcpp/rclcpp/node.hpp:267:3:\x1b[m\x1b[K \x1b[01;36m\x1b[Knote: \x1b[m\x1b[Kcandidate: \xe2\x80\x98\x1b[01m\x1b[Ktemplate<class ServiceT, class CallbackT> typename rclcpp::Service<ServiceT>::SharedPtr rclcpp::Node::create_service(const string&, CallbackT&&, const rmw_qos_profile_t&, rclcpp::CallbackGroup::SharedPtr)\x1b[m\x1b[K\xe2\x80\x99\n'}
[6.199433] (cppfile) StderrLine: {'line': b'  267 |   \x1b[01;36m\x1b[Kcreate_service\x1b[m\x1b[K(\n'}
[6.199458] (cppfile) StderrLine: {'line': b'      |   \x1b[01;36m\x1b[K^~~~~~~~~~~~~~\x1b[m\x1b[K\n'}
[6.199482] (cppfile) StderrLine: {'line': b'\x1b[01m\x1b[K/opt/ros/humble/include/rclcpp/rclcpp/node.hpp:267:3:\x1b[m\x1b[K \x1b[01;36m\x1b[Knote: \x1b[m\x1b[K  template argument deduction/substitution failed:\n'}
[6.199507] (cppfile) StderrLine: {'line': b'\x1b[01m\x1b[K/home/yadhu/ur3e/src/cppfile/src/position_publisher.cpp:16:71:\x1b[m\x1b[K \x1b[01;31m\x1b[Kerror: \x1b[m\x1b[Ktemplate argument 1 is invalid\n'}
[6.199531] (cppfile) StderrLine: {'line': b'   16 |         service_ = \x1b[01;31m\x1b[Kcreate_service<unity_ros_msgs::srv::UrMoverService>(\x1b[m\x1b[K\n'}
[6.199557] (cppfile) StderrLine: {'line': b'      |                    \x1b[01;31m\x1b[K~~~~~~~~~~~~~~~~~~~~~~~~~~~~~~~~~~~~~~~~~~~~~~~~~~~^\x1b[m\x1b[K\n'}
[6.199580] (cppfile) StderrLine: {'line': b'   17 | \x1b[01;31m\x1b[K            "ur3e_moveit",\x1b[m\x1b[K\n'}
[6.199604] (cppfile) StderrLine: {'line': b'      |             \x1b[01;31m\x1b[K~~~~~~~~~~~~~~\x1b[m\x1b[K                                             \n'}
[6.199629] (cppfile) StderrLine: {'line': b'   18 | \x1b[01;31m\x1b[K            std::bind(&UR3eMoveItServer::handleServiceRequest, this,\x1b[m\x1b[K\n'}
[6.199658] (cppfile) StderrLine: {'line': b'      |             \x1b[01;31m\x1b[K~~~~~~~~~~~~~~~~~~~~~~~~~~~~~~~~~~~~~~~~~~~~~~~~~~~~~~~~\x1b[m\x1b[K   \n'}
[6.199682] (cppfile) StderrLine: {'line': b'   19 | \x1b[01;31m\x1b[K                     std::placeholders::_1, std::placeholders::_2))\x1b[m\x1b[K;\n'}
[6.199705] (cppfile) StderrLine: {'line': b'      |                      \x1b[01;31m\x1b[K~~~~~~~~~~~~~~~~~~~~~~~~~~~~~~~~~~~~~~~~~~~~~~\x1b[m\x1b[K    \n'}
[6.208237] (cppfile) StderrLine: {'line': b'\x1b[01m\x1b[K/home/yadhu/ur3e/src/cppfile/src/position_publisher.cpp:\x1b[m\x1b[K In member function \xe2\x80\x98\x1b[01m\x1b[Kvoid UR3eMoveItServer::handleServiceRequest(...)\x1b[m\x1b[K\xe2\x80\x99:\n'}
[6.208331] (cppfile) StderrLine: {'line': b'\x1b[01m\x1b[K/home/yadhu/ur3e/src/cppfile/src/position_publisher.cpp:92:13:\x1b[m\x1b[K \x1b[01;31m\x1b[Kerror: \x1b[m\x1b[K\xe2\x80\x98\x1b[01m\x1b[Krequest\x1b[m\x1b[K\xe2\x80\x99 was not declared in this scope\n'}
[6.208363] (cppfile) StderrLine: {'line': b'   92 |             \x1b[01;31m\x1b[Krequest\x1b[m\x1b[K->joints_input.joints.begin(),\n'}
[6.208389] (cppfile) StderrLine: {'line': b'      |             \x1b[01;31m\x1b[K^~~~~~~\x1b[m\x1b[K\n'}
[6.212574] (-) TimerEvent: {}
[6.215467] (cppfile) StderrLine: {'line': b'\x1b[01m\x1b[K/home/yadhu/ur3e/src/cppfile/src/position_publisher.cpp:161:13:\x1b[m\x1b[K \x1b[01;31m\x1b[Kerror: \x1b[m\x1b[K\xe2\x80\x98\x1b[01m\x1b[Kresponse\x1b[m\x1b[K\xe2\x80\x99 was not declared in this scope\n'}
[6.215542] (cppfile) StderrLine: {'line': b'  161 |             \x1b[01;31m\x1b[Kresponse\x1b[m\x1b[K->trajectories.push_back(pre_grasp_plan.trajectory_);\n'}
[6.215575] (cppfile) StderrLine: {'line': b'      |             \x1b[01;31m\x1b[K^~~~~~~~\x1b[m\x1b[K\n'}
[6.312691] (-) TimerEvent: {}
[6.412989] (-) TimerEvent: {}
[6.513338] (-) TimerEvent: {}
[6.613616] (-) TimerEvent: {}
[6.713981] (-) TimerEvent: {}
[6.814291] (-) TimerEvent: {}
[6.914554] (-) TimerEvent: {}
[7.014858] (-) TimerEvent: {}
[7.115123] (-) TimerEvent: {}
[7.215484] (-) TimerEvent: {}
[7.315827] (-) TimerEvent: {}
[7.416106] (-) TimerEvent: {}
[7.516352] (-) TimerEvent: {}
[7.616660] (-) TimerEvent: {}
[7.716907] (-) TimerEvent: {}
[7.811389] (cppfile) StderrLine: {'line': b'gmake[2]: *** [CMakeFiles/position_publisher.dir/build.make:76: CMakeFiles/position_publisher.dir/src/position_publisher.cpp.o] Error 1\n'}
[7.811639] (cppfile) StderrLine: {'line': b'gmake[1]: *** [CMakeFiles/Makefile2:167: CMakeFiles/position_publisher.dir/all] Error 2\n'}
[7.811732] (cppfile) StderrLine: {'line': b'gmake: *** [Makefile:146: all] Error 2\n'}
[7.813500] (cppfile) CommandEnded: {'returncode': 2}
[7.816993] (-) TimerEvent: {}
[7.840299] (cppfile) JobEnded: {'identifier': 'cppfile', 'rc': 2}
[7.850809] (-) EventReactorShutdown: {}
