[0.000000] (-) TimerEvent: {}
[0.000521] (robotiq_description) JobQueued: {'identifier': 'robotiq_description', 'dependencies': OrderedDict()}
[0.000723] (ur_description) JobQueued: {'identifier': 'ur_description', 'dependencies': OrderedDict()}
[0.000742] (ur_gripper_gazebo) JobQueued: {'identifier': 'ur_gripper_gazebo', 'dependencies': OrderedDict([('ur_description', '/home/yadhu/ur3e/install/ur_description')])}
[0.000759] (cppfile) JobQueued: {'identifier': 'cppfile', 'dependencies': OrderedDict([('ur_description', '/home/yadhu/ur3e/install/ur_description'), ('ur_gripper_gazebo', '/home/yadhu/ur3e/install/ur_gripper_gazebo')])}
[0.000774] (pyfile) JobQueued: {'identifier': 'pyfile', 'dependencies': OrderedDict([('ur_description', '/home/yadhu/ur3e/install/ur_description'), ('ur_gripper_gazebo', '/home/yadhu/ur3e/install/ur_gripper_gazebo')])}
[0.000860] (ur_moveit_config) JobQueued: {'identifier': 'ur_moveit_config', 'dependencies': OrderedDict([('robotiq_description', '/home/yadhu/ur3e/install/robotiq_description'), ('ur_description', '/home/yadhu/ur3e/install/ur_description'), ('ur_gripper_gazebo', '/home/yadhu/ur3e/install/ur_gripper_gazebo')])}
[0.000881] (ur_description) JobStarted: {'identifier': 'ur_description'}
[0.007473] (robotiq_description) JobStarted: {'identifier': 'robotiq_description'}
[0.012216] (ur_description) JobProgress: {'identifier': 'ur_description', 'progress': 'cmake'}
[0.012295] (ur_description) JobProgress: {'identifier': 'ur_description', 'progress': 'build'}
[0.012927] (ur_description) Command: {'cmd': ['/usr/bin/cmake', '--build', '/home/yadhu/ur3e/build/ur_description', '--', '-j16', '-l16'], 'cwd': '/home/yadhu/ur3e/build/ur_description', 'env': OrderedDict([('HOSTNAME', 'yadhuk'), ('GIT_ASKPASS', '/vscode/vscode-server/bin/linux-x64/138f619c86f1199955d53b4166bef66ef252935c/extensions/git/dist/askpass.sh'), ('SHLVL', '2'), ('LD_LIBRARY_PATH', '/usr/lib/x86_64-linux-gnu/gazebo-11/plugins:/opt/ros/humble/opt/rviz_ogre_vendor/lib:/opt/ros/humble/lib/x86_64-linux-gnu:/opt/ros/humble/lib'), ('BROWSER', '/vscode/vscode-server/bin/linux-x64/138f619c86f1199955d53b4166bef66ef252935c/bin/helpers/browser.sh'), ('HOME', '/home/yadhu'), ('TERM_PROGRAM_VERSION', '1.96.0'), ('VSCODE_IPC_HOOK_CLI', '/tmp/vscode-ipc-171a4022-fd1d-4aac-a031-e9fb1361d7a9.sock'), ('ROS_PYTHON_VERSION', '3'), ('VSCODE_GIT_ASKPASS_MAIN', '/vscode/vscode-server/bin/linux-x64/138f619c86f1199955d53b4166bef66ef252935c/extensions/git/dist/askpass-main.js'), ('VSCODE_GIT_ASKPASS_NODE', '/vscode/vscode-server/bin/linux-x64/138f619c86f1199955d53b4166bef66ef252935c/node'), ('COLORTERM', 'truecolor'), ('REMOTE_CONTAINERS', 'true'), ('COLCON_PREFIX_PATH', '/home/yadhu/ur3e/install'), ('ROS_DISTRO', 'humble'), ('REMOTE_CONTAINERS_IPC', '/tmp/vscode-remote-containers-ipc-be85f09e-c009-429d-9537-292811278ff2.sock'), ('_', '/usr/bin/colcon'), ('ROS_VERSION', '2'), ('TERM', 'xterm-256color'), ('ROS_LOCALHOST_ONLY', '0'), ('PATH', '/vscode/vscode-server/bin/linux-x64/138f619c86f1199955d53b4166bef66ef252935c/bin/remote-cli:/opt/ros/humble/bin:/usr/local/sbin:/usr/local/bin:/usr/sbin:/usr/bin:/sbin:/bin'), ('REMOTE_CONTAINERS_SOCKETS', '["/tmp/vscode-ssh-auth-be85f09e-c009-429d-9537-292811278ff2.sock","/home/yadhu/.gnupg/S.gpg-agent"]'), ('DISPLAY', ':1'), ('LANG', 'C.UTF-8'), ('RMW_IMPLEMENTATION', 'rmw_cyclonedds_cpp'), ('LS_COLORS', 'rs=0:di=01;34:ln=01;36:mh=00:pi=40;33:so=01;35:do=01;35:bd=40;33;01:cd=40;33;01:or=40;31;01:mi=00:su=37;41:sg=30;43:ca=30;41:tw=30;42:ow=34;42:st=37;44:ex=01;32:*.tar=01;31:*.tgz=01;31:*.arc=01;31:*.arj=01;31:*.taz=01;31:*.lha=01;31:*.lz4=01;31:*.lzh=01;31:*.lzma=01;31:*.tlz=01;31:*.txz=01;31:*.tzo=01;31:*.t7z=01;31:*.zip=01;31:*.z=01;31:*.dz=01;31:*.gz=01;31:*.lrz=01;31:*.lz=01;31:*.lzo=01;31:*.xz=01;31:*.zst=01;31:*.tzst=01;31:*.bz2=01;31:*.bz=01;31:*.tbz=01;31:*.tbz2=01;31:*.tz=01;31:*.deb=01;31:*.rpm=01;31:*.jar=01;31:*.war=01;31:*.ear=01;31:*.sar=01;31:*.rar=01;31:*.alz=01;31:*.ace=01;31:*.zoo=01;31:*.cpio=01;31:*.7z=01;31:*.rz=01;31:*.cab=01;31:*.wim=01;31:*.swm=01;31:*.dwm=01;31:*.esd=01;31:*.jpg=01;35:*.jpeg=01;35:*.mjpg=01;35:*.mjpeg=01;35:*.gif=01;35:*.bmp=01;35:*.pbm=01;35:*.pgm=01;35:*.ppm=01;35:*.tga=01;35:*.xbm=01;35:*.xpm=01;35:*.tif=01;35:*.tiff=01;35:*.png=01;35:*.svg=01;35:*.svgz=01;35:*.mng=01;35:*.pcx=01;35:*.mov=01;35:*.mpg=01;35:*.mpeg=01;35:*.m2v=01;35:*.mkv=01;35:*.webm=01;35:*.webp=01;35:*.ogm=01;35:*.mp4=01;35:*.m4v=01;35:*.mp4v=01;35:*.vob=01;35:*.qt=01;35:*.nuv=01;35:*.wmv=01;35:*.asf=01;35:*.rm=01;35:*.rmvb=01;35:*.flc=01;35:*.avi=01;35:*.fli=01;35:*.flv=01;35:*.gl=01;35:*.dl=01;35:*.xcf=01;35:*.xwd=01;35:*.yuv=01;35:*.cgm=01;35:*.emf=01;35:*.ogv=01;35:*.ogx=01;35:*.aac=00;36:*.au=00;36:*.flac=00;36:*.m4a=00;36:*.mid=00;36:*.midi=00;36:*.mka=00;36:*.mp3=00;36:*.mpc=00;36:*.ogg=00;36:*.ra=00;36:*.wav=00;36:*.oga=00;36:*.opus=00;36:*.spx=00;36:*.xspf=00;36:'), ('VSCODE_GIT_IPC_HANDLE', '/tmp/vscode-git-09c052f1c4.sock'), ('TERM_PROGRAM', 'vscode'), ('SSH_AUTH_SOCK', '/tmp/vscode-ssh-auth-be85f09e-c009-429d-9537-292811278ff2.sock'), ('ROS_DOMAIN_ID', '42'), ('AMENT_PREFIX_PATH', '/home/yadhu/ur3e/install/ur_moveit_config:/home/yadhu/ur3e/install/pyfile:/home/yadhu/ur3e/install/cppfile:/home/yadhu/ur3e/install/ur_gripper_gazebo:/home/yadhu/ur3e/install/ur_description:/home/yadhu/ur3e/install/robotiq_description:/opt/ros/humble'), ('SHELL', '/bin/bash'), ('ROS_AUTOMATIC_DISCOVERY_RANGE', 'LOCALHOST'), ('VSCODE_GIT_ASKPASS_EXTRA_ARGS', ''), ('PWD', '/home/yadhu/ur3e/build/ur_description'), ('LC_ALL', 'C.UTF-8'), ('PYTHONPATH', '/home/yadhu/ur3e/install/ur_moveit_config/local/lib/python3.10/dist-packages:/home/yadhu/ur3e/install/pyfile/lib/python3.10/site-packages:/opt/ros/humble/lib/python3.10/site-packages:/opt/ros/humble/local/lib/python3.10/dist-packages'), ('COLCON', '1'), ('CMAKE_PREFIX_PATH', '/home/yadhu/ur3e/install/ur_moveit_config:/home/yadhu/ur3e/install/cppfile:/home/yadhu/ur3e/install/ur_gripper_gazebo:/home/yadhu/ur3e/install/ur_description:/home/yadhu/ur3e/install/robotiq_description:/home/yadhu/ur3e/install/pyfile:/opt/ros/humble')]), 'shell': False}
[0.016274] (robotiq_description) JobProgress: {'identifier': 'robotiq_description', 'progress': 'cmake'}
[0.016668] (robotiq_description) JobProgress: {'identifier': 'robotiq_description', 'progress': 'build'}
[0.017546] (robotiq_description) Command: {'cmd': ['/usr/bin/cmake', '--build', '/home/yadhu/ur3e/build/robotiq_description', '--', '-j16', '-l16'], 'cwd': '/home/yadhu/ur3e/build/robotiq_description', 'env': OrderedDict([('HOSTNAME', 'yadhuk'), ('GIT_ASKPASS', '/vscode/vscode-server/bin/linux-x64/138f619c86f1199955d53b4166bef66ef252935c/extensions/git/dist/askpass.sh'), ('SHLVL', '2'), ('LD_LIBRARY_PATH', '/usr/lib/x86_64-linux-gnu/gazebo-11/plugins:/opt/ros/humble/opt/rviz_ogre_vendor/lib:/opt/ros/humble/lib/x86_64-linux-gnu:/opt/ros/humble/lib'), ('BROWSER', '/vscode/vscode-server/bin/linux-x64/138f619c86f1199955d53b4166bef66ef252935c/bin/helpers/browser.sh'), ('HOME', '/home/yadhu'), ('TERM_PROGRAM_VERSION', '1.96.0'), ('VSCODE_IPC_HOOK_CLI', '/tmp/vscode-ipc-171a4022-fd1d-4aac-a031-e9fb1361d7a9.sock'), ('ROS_PYTHON_VERSION', '3'), ('VSCODE_GIT_ASKPASS_MAIN', '/vscode/vscode-server/bin/linux-x64/138f619c86f1199955d53b4166bef66ef252935c/extensions/git/dist/askpass-main.js'), ('VSCODE_GIT_ASKPASS_NODE', '/vscode/vscode-server/bin/linux-x64/138f619c86f1199955d53b4166bef66ef252935c/node'), ('COLORTERM', 'truecolor'), ('REMOTE_CONTAINERS', 'true'), ('COLCON_PREFIX_PATH', '/home/yadhu/ur3e/install'), ('ROS_DISTRO', 'humble'), ('REMOTE_CONTAINERS_IPC', '/tmp/vscode-remote-containers-ipc-be85f09e-c009-429d-9537-292811278ff2.sock'), ('_', '/usr/bin/colcon'), ('ROS_VERSION', '2'), ('TERM', 'xterm-256color'), ('ROS_LOCALHOST_ONLY', '0'), ('PATH', '/vscode/vscode-server/bin/linux-x64/138f619c86f1199955d53b4166bef66ef252935c/bin/remote-cli:/opt/ros/humble/bin:/usr/local/sbin:/usr/local/bin:/usr/sbin:/usr/bin:/sbin:/bin'), ('REMOTE_CONTAINERS_SOCKETS', '["/tmp/vscode-ssh-auth-be85f09e-c009-429d-9537-292811278ff2.sock","/home/yadhu/.gnupg/S.gpg-agent"]'), ('DISPLAY', ':1'), ('LANG', 'C.UTF-8'), ('RMW_IMPLEMENTATION', 'rmw_cyclonedds_cpp'), ('LS_COLORS', 'rs=0:di=01;34:ln=01;36:mh=00:pi=40;33:so=01;35:do=01;35:bd=40;33;01:cd=40;33;01:or=40;31;01:mi=00:su=37;41:sg=30;43:ca=30;41:tw=30;42:ow=34;42:st=37;44:ex=01;32:*.tar=01;31:*.tgz=01;31:*.arc=01;31:*.arj=01;31:*.taz=01;31:*.lha=01;31:*.lz4=01;31:*.lzh=01;31:*.lzma=01;31:*.tlz=01;31:*.txz=01;31:*.tzo=01;31:*.t7z=01;31:*.zip=01;31:*.z=01;31:*.dz=01;31:*.gz=01;31:*.lrz=01;31:*.lz=01;31:*.lzo=01;31:*.xz=01;31:*.zst=01;31:*.tzst=01;31:*.bz2=01;31:*.bz=01;31:*.tbz=01;31:*.tbz2=01;31:*.tz=01;31:*.deb=01;31:*.rpm=01;31:*.jar=01;31:*.war=01;31:*.ear=01;31:*.sar=01;31:*.rar=01;31:*.alz=01;31:*.ace=01;31:*.zoo=01;31:*.cpio=01;31:*.7z=01;31:*.rz=01;31:*.cab=01;31:*.wim=01;31:*.swm=01;31:*.dwm=01;31:*.esd=01;31:*.jpg=01;35:*.jpeg=01;35:*.mjpg=01;35:*.mjpeg=01;35:*.gif=01;35:*.bmp=01;35:*.pbm=01;35:*.pgm=01;35:*.ppm=01;35:*.tga=01;35:*.xbm=01;35:*.xpm=01;35:*.tif=01;35:*.tiff=01;35:*.png=01;35:*.svg=01;35:*.svgz=01;35:*.mng=01;35:*.pcx=01;35:*.mov=01;35:*.mpg=01;35:*.mpeg=01;35:*.m2v=01;35:*.mkv=01;35:*.webm=01;35:*.webp=01;35:*.ogm=01;35:*.mp4=01;35:*.m4v=01;35:*.mp4v=01;35:*.vob=01;35:*.qt=01;35:*.nuv=01;35:*.wmv=01;35:*.asf=01;35:*.rm=01;35:*.rmvb=01;35:*.flc=01;35:*.avi=01;35:*.fli=01;35:*.flv=01;35:*.gl=01;35:*.dl=01;35:*.xcf=01;35:*.xwd=01;35:*.yuv=01;35:*.cgm=01;35:*.emf=01;35:*.ogv=01;35:*.ogx=01;35:*.aac=00;36:*.au=00;36:*.flac=00;36:*.m4a=00;36:*.mid=00;36:*.midi=00;36:*.mka=00;36:*.mp3=00;36:*.mpc=00;36:*.ogg=00;36:*.ra=00;36:*.wav=00;36:*.oga=00;36:*.opus=00;36:*.spx=00;36:*.xspf=00;36:'), ('VSCODE_GIT_IPC_HANDLE', '/tmp/vscode-git-09c052f1c4.sock'), ('TERM_PROGRAM', 'vscode'), ('SSH_AUTH_SOCK', '/tmp/vscode-ssh-auth-be85f09e-c009-429d-9537-292811278ff2.sock'), ('ROS_DOMAIN_ID', '42'), ('AMENT_PREFIX_PATH', '/home/yadhu/ur3e/install/ur_moveit_config:/home/yadhu/ur3e/install/pyfile:/home/yadhu/ur3e/install/cppfile:/home/yadhu/ur3e/install/ur_gripper_gazebo:/home/yadhu/ur3e/install/ur_description:/home/yadhu/ur3e/install/robotiq_description:/opt/ros/humble'), ('SHELL', '/bin/bash'), ('ROS_AUTOMATIC_DISCOVERY_RANGE', 'LOCALHOST'), ('VSCODE_GIT_ASKPASS_EXTRA_ARGS', ''), ('PWD', '/home/yadhu/ur3e/build/robotiq_description'), ('LC_ALL', 'C.UTF-8'), ('PYTHONPATH', '/home/yadhu/ur3e/install/ur_moveit_config/local/lib/python3.10/dist-packages:/home/yadhu/ur3e/install/pyfile/lib/python3.10/site-packages:/opt/ros/humble/lib/python3.10/site-packages:/opt/ros/humble/local/lib/python3.10/dist-packages'), ('COLCON', '1'), ('CMAKE_PREFIX_PATH', '/home/yadhu/ur3e/install/ur_moveit_config:/home/yadhu/ur3e/install/cppfile:/home/yadhu/ur3e/install/ur_gripper_gazebo:/home/yadhu/ur3e/install/ur_description:/home/yadhu/ur3e/install/robotiq_description:/home/yadhu/ur3e/install/pyfile:/opt/ros/humble')]), 'shell': False}
[0.048945] (ur_description) CommandEnded: {'returncode': 0}
[0.050891] (robotiq_description) CommandEnded: {'returncode': 0}
[0.068960] (ur_description) JobProgress: {'identifier': 'ur_description', 'progress': 'install'}
[0.075643] (ur_description) Command: {'cmd': ['/usr/bin/cmake', '--install', '/home/yadhu/ur3e/build/ur_description'], 'cwd': '/home/yadhu/ur3e/build/ur_description', 'env': OrderedDict([('HOSTNAME', 'yadhuk'), ('GIT_ASKPASS', '/vscode/vscode-server/bin/linux-x64/138f619c86f1199955d53b4166bef66ef252935c/extensions/git/dist/askpass.sh'), ('SHLVL', '2'), ('LD_LIBRARY_PATH', '/usr/lib/x86_64-linux-gnu/gazebo-11/plugins:/opt/ros/humble/opt/rviz_ogre_vendor/lib:/opt/ros/humble/lib/x86_64-linux-gnu:/opt/ros/humble/lib'), ('BROWSER', '/vscode/vscode-server/bin/linux-x64/138f619c86f1199955d53b4166bef66ef252935c/bin/helpers/browser.sh'), ('HOME', '/home/yadhu'), ('TERM_PROGRAM_VERSION', '1.96.0'), ('VSCODE_IPC_HOOK_CLI', '/tmp/vscode-ipc-171a4022-fd1d-4aac-a031-e9fb1361d7a9.sock'), ('ROS_PYTHON_VERSION', '3'), ('VSCODE_GIT_ASKPASS_MAIN', '/vscode/vscode-server/bin/linux-x64/138f619c86f1199955d53b4166bef66ef252935c/extensions/git/dist/askpass-main.js'), ('VSCODE_GIT_ASKPASS_NODE', '/vscode/vscode-server/bin/linux-x64/138f619c86f1199955d53b4166bef66ef252935c/node'), ('COLORTERM', 'truecolor'), ('REMOTE_CONTAINERS', 'true'), ('COLCON_PREFIX_PATH', '/home/yadhu/ur3e/install'), ('ROS_DISTRO', 'humble'), ('REMOTE_CONTAINERS_IPC', '/tmp/vscode-remote-containers-ipc-be85f09e-c009-429d-9537-292811278ff2.sock'), ('_', '/usr/bin/colcon'), ('ROS_VERSION', '2'), ('TERM', 'xterm-256color'), ('ROS_LOCALHOST_ONLY', '0'), ('PATH', '/vscode/vscode-server/bin/linux-x64/138f619c86f1199955d53b4166bef66ef252935c/bin/remote-cli:/opt/ros/humble/bin:/usr/local/sbin:/usr/local/bin:/usr/sbin:/usr/bin:/sbin:/bin'), ('REMOTE_CONTAINERS_SOCKETS', '["/tmp/vscode-ssh-auth-be85f09e-c009-429d-9537-292811278ff2.sock","/home/yadhu/.gnupg/S.gpg-agent"]'), ('DISPLAY', ':1'), ('LANG', 'C.UTF-8'), ('RMW_IMPLEMENTATION', 'rmw_cyclonedds_cpp'), ('LS_COLORS', 'rs=0:di=01;34:ln=01;36:mh=00:pi=40;33:so=01;35:do=01;35:bd=40;33;01:cd=40;33;01:or=40;31;01:mi=00:su=37;41:sg=30;43:ca=30;41:tw=30;42:ow=34;42:st=37;44:ex=01;32:*.tar=01;31:*.tgz=01;31:*.arc=01;31:*.arj=01;31:*.taz=01;31:*.lha=01;31:*.lz4=01;31:*.lzh=01;31:*.lzma=01;31:*.tlz=01;31:*.txz=01;31:*.tzo=01;31:*.t7z=01;31:*.zip=01;31:*.z=01;31:*.dz=01;31:*.gz=01;31:*.lrz=01;31:*.lz=01;31:*.lzo=01;31:*.xz=01;31:*.zst=01;31:*.tzst=01;31:*.bz2=01;31:*.bz=01;31:*.tbz=01;31:*.tbz2=01;31:*.tz=01;31:*.deb=01;31:*.rpm=01;31:*.jar=01;31:*.war=01;31:*.ear=01;31:*.sar=01;31:*.rar=01;31:*.alz=01;31:*.ace=01;31:*.zoo=01;31:*.cpio=01;31:*.7z=01;31:*.rz=01;31:*.cab=01;31:*.wim=01;31:*.swm=01;31:*.dwm=01;31:*.esd=01;31:*.jpg=01;35:*.jpeg=01;35:*.mjpg=01;35:*.mjpeg=01;35:*.gif=01;35:*.bmp=01;35:*.pbm=01;35:*.pgm=01;35:*.ppm=01;35:*.tga=01;35:*.xbm=01;35:*.xpm=01;35:*.tif=01;35:*.tiff=01;35:*.png=01;35:*.svg=01;35:*.svgz=01;35:*.mng=01;35:*.pcx=01;35:*.mov=01;35:*.mpg=01;35:*.mpeg=01;35:*.m2v=01;35:*.mkv=01;35:*.webm=01;35:*.webp=01;35:*.ogm=01;35:*.mp4=01;35:*.m4v=01;35:*.mp4v=01;35:*.vob=01;35:*.qt=01;35:*.nuv=01;35:*.wmv=01;35:*.asf=01;35:*.rm=01;35:*.rmvb=01;35:*.flc=01;35:*.avi=01;35:*.fli=01;35:*.flv=01;35:*.gl=01;35:*.dl=01;35:*.xcf=01;35:*.xwd=01;35:*.yuv=01;35:*.cgm=01;35:*.emf=01;35:*.ogv=01;35:*.ogx=01;35:*.aac=00;36:*.au=00;36:*.flac=00;36:*.m4a=00;36:*.mid=00;36:*.midi=00;36:*.mka=00;36:*.mp3=00;36:*.mpc=00;36:*.ogg=00;36:*.ra=00;36:*.wav=00;36:*.oga=00;36:*.opus=00;36:*.spx=00;36:*.xspf=00;36:'), ('VSCODE_GIT_IPC_HANDLE', '/tmp/vscode-git-09c052f1c4.sock'), ('TERM_PROGRAM', 'vscode'), ('SSH_AUTH_SOCK', '/tmp/vscode-ssh-auth-be85f09e-c009-429d-9537-292811278ff2.sock'), ('ROS_DOMAIN_ID', '42'), ('AMENT_PREFIX_PATH', '/home/yadhu/ur3e/install/ur_moveit_config:/home/yadhu/ur3e/install/pyfile:/home/yadhu/ur3e/install/cppfile:/home/yadhu/ur3e/install/ur_gripper_gazebo:/home/yadhu/ur3e/install/ur_description:/home/yadhu/ur3e/install/robotiq_description:/opt/ros/humble'), ('SHELL', '/bin/bash'), ('ROS_AUTOMATIC_DISCOVERY_RANGE', 'LOCALHOST'), ('VSCODE_GIT_ASKPASS_EXTRA_ARGS', ''), ('PWD', '/home/yadhu/ur3e/build/ur_description'), ('LC_ALL', 'C.UTF-8'), ('PYTHONPATH', '/home/yadhu/ur3e/install/ur_moveit_config/local/lib/python3.10/dist-packages:/home/yadhu/ur3e/install/pyfile/lib/python3.10/site-packages:/opt/ros/humble/lib/python3.10/site-packages:/opt/ros/humble/local/lib/python3.10/dist-packages'), ('COLCON', '1'), ('CMAKE_PREFIX_PATH', '/home/yadhu/ur3e/install/ur_moveit_config:/home/yadhu/ur3e/install/cppfile:/home/yadhu/ur3e/install/ur_gripper_gazebo:/home/yadhu/ur3e/install/ur_description:/home/yadhu/ur3e/install/robotiq_description:/home/yadhu/ur3e/install/pyfile:/opt/ros/humble')]), 'shell': False}
[0.077059] (robotiq_description) JobProgress: {'identifier': 'robotiq_description', 'progress': 'install'}
[0.077572] (robotiq_description) Command: {'cmd': ['/usr/bin/cmake', '--install', '/home/yadhu/ur3e/build/robotiq_description'], 'cwd': '/home/yadhu/ur3e/build/robotiq_description', 'env': OrderedDict([('HOSTNAME', 'yadhuk'), ('GIT_ASKPASS', '/vscode/vscode-server/bin/linux-x64/138f619c86f1199955d53b4166bef66ef252935c/extensions/git/dist/askpass.sh'), ('SHLVL', '2'), ('LD_LIBRARY_PATH', '/usr/lib/x86_64-linux-gnu/gazebo-11/plugins:/opt/ros/humble/opt/rviz_ogre_vendor/lib:/opt/ros/humble/lib/x86_64-linux-gnu:/opt/ros/humble/lib'), ('BROWSER', '/vscode/vscode-server/bin/linux-x64/138f619c86f1199955d53b4166bef66ef252935c/bin/helpers/browser.sh'), ('HOME', '/home/yadhu'), ('TERM_PROGRAM_VERSION', '1.96.0'), ('VSCODE_IPC_HOOK_CLI', '/tmp/vscode-ipc-171a4022-fd1d-4aac-a031-e9fb1361d7a9.sock'), ('ROS_PYTHON_VERSION', '3'), ('VSCODE_GIT_ASKPASS_MAIN', '/vscode/vscode-server/bin/linux-x64/138f619c86f1199955d53b4166bef66ef252935c/extensions/git/dist/askpass-main.js'), ('VSCODE_GIT_ASKPASS_NODE', '/vscode/vscode-server/bin/linux-x64/138f619c86f1199955d53b4166bef66ef252935c/node'), ('COLORTERM', 'truecolor'), ('REMOTE_CONTAINERS', 'true'), ('COLCON_PREFIX_PATH', '/home/yadhu/ur3e/install'), ('ROS_DISTRO', 'humble'), ('REMOTE_CONTAINERS_IPC', '/tmp/vscode-remote-containers-ipc-be85f09e-c009-429d-9537-292811278ff2.sock'), ('_', '/usr/bin/colcon'), ('ROS_VERSION', '2'), ('TERM', 'xterm-256color'), ('ROS_LOCALHOST_ONLY', '0'), ('PATH', '/vscode/vscode-server/bin/linux-x64/138f619c86f1199955d53b4166bef66ef252935c/bin/remote-cli:/opt/ros/humble/bin:/usr/local/sbin:/usr/local/bin:/usr/sbin:/usr/bin:/sbin:/bin'), ('REMOTE_CONTAINERS_SOCKETS', '["/tmp/vscode-ssh-auth-be85f09e-c009-429d-9537-292811278ff2.sock","/home/yadhu/.gnupg/S.gpg-agent"]'), ('DISPLAY', ':1'), ('LANG', 'C.UTF-8'), ('RMW_IMPLEMENTATION', 'rmw_cyclonedds_cpp'), ('LS_COLORS', 'rs=0:di=01;34:ln=01;36:mh=00:pi=40;33:so=01;35:do=01;35:bd=40;33;01:cd=40;33;01:or=40;31;01:mi=00:su=37;41:sg=30;43:ca=30;41:tw=30;42:ow=34;42:st=37;44:ex=01;32:*.tar=01;31:*.tgz=01;31:*.arc=01;31:*.arj=01;31:*.taz=01;31:*.lha=01;31:*.lz4=01;31:*.lzh=01;31:*.lzma=01;31:*.tlz=01;31:*.txz=01;31:*.tzo=01;31:*.t7z=01;31:*.zip=01;31:*.z=01;31:*.dz=01;31:*.gz=01;31:*.lrz=01;31:*.lz=01;31:*.lzo=01;31:*.xz=01;31:*.zst=01;31:*.tzst=01;31:*.bz2=01;31:*.bz=01;31:*.tbz=01;31:*.tbz2=01;31:*.tz=01;31:*.deb=01;31:*.rpm=01;31:*.jar=01;31:*.war=01;31:*.ear=01;31:*.sar=01;31:*.rar=01;31:*.alz=01;31:*.ace=01;31:*.zoo=01;31:*.cpio=01;31:*.7z=01;31:*.rz=01;31:*.cab=01;31:*.wim=01;31:*.swm=01;31:*.dwm=01;31:*.esd=01;31:*.jpg=01;35:*.jpeg=01;35:*.mjpg=01;35:*.mjpeg=01;35:*.gif=01;35:*.bmp=01;35:*.pbm=01;35:*.pgm=01;35:*.ppm=01;35:*.tga=01;35:*.xbm=01;35:*.xpm=01;35:*.tif=01;35:*.tiff=01;35:*.png=01;35:*.svg=01;35:*.svgz=01;35:*.mng=01;35:*.pcx=01;35:*.mov=01;35:*.mpg=01;35:*.mpeg=01;35:*.m2v=01;35:*.mkv=01;35:*.webm=01;35:*.webp=01;35:*.ogm=01;35:*.mp4=01;35:*.m4v=01;35:*.mp4v=01;35:*.vob=01;35:*.qt=01;35:*.nuv=01;35:*.wmv=01;35:*.asf=01;35:*.rm=01;35:*.rmvb=01;35:*.flc=01;35:*.avi=01;35:*.fli=01;35:*.flv=01;35:*.gl=01;35:*.dl=01;35:*.xcf=01;35:*.xwd=01;35:*.yuv=01;35:*.cgm=01;35:*.emf=01;35:*.ogv=01;35:*.ogx=01;35:*.aac=00;36:*.au=00;36:*.flac=00;36:*.m4a=00;36:*.mid=00;36:*.midi=00;36:*.mka=00;36:*.mp3=00;36:*.mpc=00;36:*.ogg=00;36:*.ra=00;36:*.wav=00;36:*.oga=00;36:*.opus=00;36:*.spx=00;36:*.xspf=00;36:'), ('VSCODE_GIT_IPC_HANDLE', '/tmp/vscode-git-09c052f1c4.sock'), ('TERM_PROGRAM', 'vscode'), ('SSH_AUTH_SOCK', '/tmp/vscode-ssh-auth-be85f09e-c009-429d-9537-292811278ff2.sock'), ('ROS_DOMAIN_ID', '42'), ('AMENT_PREFIX_PATH', '/home/yadhu/ur3e/install/ur_moveit_config:/home/yadhu/ur3e/install/pyfile:/home/yadhu/ur3e/install/cppfile:/home/yadhu/ur3e/install/ur_gripper_gazebo:/home/yadhu/ur3e/install/ur_description:/home/yadhu/ur3e/install/robotiq_description:/opt/ros/humble'), ('SHELL', '/bin/bash'), ('ROS_AUTOMATIC_DISCOVERY_RANGE', 'LOCALHOST'), ('VSCODE_GIT_ASKPASS_EXTRA_ARGS', ''), ('PWD', '/home/yadhu/ur3e/build/robotiq_description'), ('LC_ALL', 'C.UTF-8'), ('PYTHONPATH', '/home/yadhu/ur3e/install/ur_moveit_config/local/lib/python3.10/dist-packages:/home/yadhu/ur3e/install/pyfile/lib/python3.10/site-packages:/opt/ros/humble/lib/python3.10/site-packages:/opt/ros/humble/local/lib/python3.10/dist-packages'), ('COLCON', '1'), ('CMAKE_PREFIX_PATH', '/home/yadhu/ur3e/install/ur_moveit_config:/home/yadhu/ur3e/install/cppfile:/home/yadhu/ur3e/install/ur_gripper_gazebo:/home/yadhu/ur3e/install/ur_description:/home/yadhu/ur3e/install/robotiq_description:/home/yadhu/ur3e/install/pyfile:/opt/ros/humble')]), 'shell': False}
[0.082725] (ur_description) StdoutLine: {'line': b'-- Install configuration: ""\n'}
[0.083079] (ur_description) StdoutLine: {'line': b'-- Up-to-date: /home/yadhu/ur3e/install/ur_description/share/ur_description/config\n'}
[0.083156] (ur_description) StdoutLine: {'line': b'-- Up-to-date: /home/yadhu/ur3e/install/ur_description/share/ur_description/config/ur_controllers.yaml\n'}
[0.083213] (ur_description) StdoutLine: {'line': b'-- Up-to-date: /home/yadhu/ur3e/install/ur_description/share/ur_description/config/ur10e\n'}
[0.083261] (ur_description) StdoutLine: {'line': b'-- Up-to-date: /home/yadhu/ur3e/install/ur_description/share/ur_description/config/ur10e/joint_limits.yaml\n'}
[0.083307] (ur_description) StdoutLine: {'line': b'-- Up-to-date: /home/yadhu/ur3e/install/ur_description/share/ur_description/config/ur10e/visual_parameters.yaml\n'}
[0.083350] (ur_description) StdoutLine: {'line': b'-- Up-to-date: /home/yadhu/ur3e/install/ur_description/share/ur_description/config/ur10e/physical_parameters.yaml\n'}
[0.083393] (ur_description) StdoutLine: {'line': b'-- Up-to-date: /home/yadhu/ur3e/install/ur_description/share/ur_description/config/ur10e/default_kinematics.yaml\n'}
[0.083435] (ur_description) StdoutLine: {'line': b'-- Up-to-date: /home/yadhu/ur3e/install/ur_description/share/ur_description/config/ur30\n'}
[0.083476] (ur_description) StdoutLine: {'line': b'-- Up-to-date: /home/yadhu/ur3e/install/ur_description/share/ur_description/config/ur30/joint_limits.yaml\n'}
[0.083517] (ur_description) StdoutLine: {'line': b'-- Up-to-date: /home/yadhu/ur3e/install/ur_description/share/ur_description/config/ur30/visual_parameters.yaml\n'}
[0.083560] (ur_description) StdoutLine: {'line': b'-- Up-to-date: /home/yadhu/ur3e/install/ur_description/share/ur_description/config/ur30/physical_parameters.yaml\n'}
[0.083599] (ur_description) StdoutLine: {'line': b'-- Up-to-date: /home/yadhu/ur3e/install/ur_description/share/ur_description/config/ur30/default_kinematics.yaml\n'}
[0.083637] (ur_description) StdoutLine: {'line': b'-- Up-to-date: /home/yadhu/ur3e/install/ur_description/share/ur_description/config/ur5e\n'}
[0.083674] (ur_description) StdoutLine: {'line': b'-- Up-to-date: /home/yadhu/ur3e/install/ur_description/share/ur_description/config/ur5e/joint_limits.yaml\n'}
[0.083705] (ur_description) StdoutLine: {'line': b'-- Up-to-date: /home/yadhu/ur3e/install/ur_description/share/ur_description/config/ur5e/visual_parameters.yaml\n'}
[0.083736] (ur_description) StdoutLine: {'line': b'-- Up-to-date: /home/yadhu/ur3e/install/ur_description/share/ur_description/config/ur5e/physical_parameters.yaml\n'}
[0.083787] (ur_description) StdoutLine: {'line': b'-- Up-to-date: /home/yadhu/ur3e/install/ur_description/share/ur_description/config/ur5e/default_kinematics.yaml\n'}
[0.084025] (ur_description) StdoutLine: {'line': b'-- Up-to-date: /home/yadhu/ur3e/install/ur_description/share/ur_description/config/ur5\n'}
[0.084196] (ur_description) StdoutLine: {'line': b'-- Up-to-date: /home/yadhu/ur3e/install/ur_description/share/ur_description/config/ur5/joint_limits.yaml\n'}
[0.084431] (ur_description) StdoutLine: {'line': b'-- Up-to-date: /home/yadhu/ur3e/install/ur_description/share/ur_description/config/ur5/visual_parameters.yaml\n'}
[0.084499] (ur_description) StdoutLine: {'line': b'-- Up-to-date: /home/yadhu/ur3e/install/ur_description/share/ur_description/config/ur5/physical_parameters.yaml\n'}
[0.084553] (ur_description) StdoutLine: {'line': b'-- Up-to-date: /home/yadhu/ur3e/install/ur_description/share/ur_description/config/ur5/default_kinematics.yaml\n'}
[0.084606] (ur_description) StdoutLine: {'line': b'-- Up-to-date: /home/yadhu/ur3e/install/ur_description/share/ur_description/config/ur3e\n'}
[0.084657] (ur_description) StdoutLine: {'line': b'-- Up-to-date: /home/yadhu/ur3e/install/ur_description/share/ur_description/config/ur3e/joint_limits.yaml\n'}
[0.084797] (ur_description) StdoutLine: {'line': b'-- Up-to-date: /home/yadhu/ur3e/install/ur_description/share/ur_description/config/ur3e/visual_parameters.yaml\n'}
[0.085674] (ur_description) StdoutLine: {'line': b'-- Up-to-date: /home/yadhu/ur3e/install/ur_description/share/ur_description/config/ur3e/physical_parameters.yaml\n'}
[0.085757] (ur_description) StdoutLine: {'line': b'-- Up-to-date: /home/yadhu/ur3e/install/ur_description/share/ur_description/config/ur3e/default_kinematics.yaml\n'}
[0.085811] (ur_description) StdoutLine: {'line': b'-- Up-to-date: /home/yadhu/ur3e/install/ur_description/share/ur_description/config/ur10\n'}
[0.085863] (ur_description) StdoutLine: {'line': b'-- Up-to-date: /home/yadhu/ur3e/install/ur_description/share/ur_description/config/ur10/joint_limits.yaml\n'}
[0.085915] (ur_description) StdoutLine: {'line': b'-- Up-to-date: /home/yadhu/ur3e/install/ur_description/share/ur_description/config/ur10/visual_parameters.yaml\n'}
[0.085991] (ur_description) StdoutLine: {'line': b'-- Up-to-date: /home/yadhu/ur3e/install/ur_description/share/ur_description/config/ur10/physical_parameters.yaml\n'}
[0.086036] (ur_description) StdoutLine: {'line': b'-- Up-to-date: /home/yadhu/ur3e/install/ur_description/share/ur_description/config/ur10/default_kinematics.yaml\n'}
[0.086079] (ur_description) StdoutLine: {'line': b'-- Up-to-date: /home/yadhu/ur3e/install/ur_description/share/ur_description/config/initial_positions.yaml\n'}
[0.086113] (ur_description) StdoutLine: {'line': b'-- Up-to-date: /home/yadhu/ur3e/install/ur_description/share/ur_description/config/ur20\n'}
[0.086155] (ur_description) StdoutLine: {'line': b'-- Up-to-date: /home/yadhu/ur3e/install/ur_description/share/ur_description/config/ur20/joint_limits.yaml\n'}
[0.086191] (ur_description) StdoutLine: {'line': b'-- Up-to-date: /home/yadhu/ur3e/install/ur_description/share/ur_description/config/ur20/visual_parameters.yaml\n'}
[0.086227] (ur_description) StdoutLine: {'line': b'-- Up-to-date: /home/yadhu/ur3e/install/ur_description/share/ur_description/config/ur20/physical_parameters.yaml\n'}
[0.086262] (ur_description) StdoutLine: {'line': b'-- Up-to-date: /home/yadhu/ur3e/install/ur_description/share/ur_description/config/ur20/default_kinematics.yaml\n'}
[0.086296] (ur_description) StdoutLine: {'line': b'-- Up-to-date: /home/yadhu/ur3e/install/ur_description/share/ur_description/config/ur3\n'}
[0.086372] (ur_description) StdoutLine: {'line': b'-- Up-to-date: /home/yadhu/ur3e/install/ur_description/share/ur_description/config/ur3/joint_limits.yaml\n'}
[0.086408] (ur_description) StdoutLine: {'line': b'-- Up-to-date: /home/yadhu/ur3e/install/ur_description/share/ur_description/config/ur3/visual_parameters.yaml\n'}
[0.086442] (ur_description) StdoutLine: {'line': b'-- Up-to-date: /home/yadhu/ur3e/install/ur_description/share/ur_description/config/ur3/physical_parameters.yaml\n'}
[0.086476] (ur_description) StdoutLine: {'line': b'-- Up-to-date: /home/yadhu/ur3e/install/ur_description/share/ur_description/config/ur3/default_kinematics.yaml\n'}
[0.086509] (ur_description) StdoutLine: {'line': b'-- Up-to-date: /home/yadhu/ur3e/install/ur_description/share/ur_description/config/ur16e\n'}
[0.086541] (ur_description) StdoutLine: {'line': b'-- Up-to-date: /home/yadhu/ur3e/install/ur_description/share/ur_description/config/ur16e/joint_limits.yaml\n'}
[0.086573] (ur_description) StdoutLine: {'line': b'-- Up-to-date: /home/yadhu/ur3e/install/ur_description/share/ur_description/config/ur16e/visual_parameters.yaml\n'}
[0.086604] (ur_description) StdoutLine: {'line': b'-- Up-to-date: /home/yadhu/ur3e/install/ur_description/share/ur_description/config/ur16e/physical_parameters.yaml\n'}
[0.086635] (ur_description) StdoutLine: {'line': b'-- Up-to-date: /home/yadhu/ur3e/install/ur_description/share/ur_description/config/ur16e/default_kinematics.yaml\n'}
[0.086669] (ur_description) StdoutLine: {'line': b'-- Up-to-date: /home/yadhu/ur3e/install/ur_description/share/ur_description/launch\n'}
[0.086700] (ur_description) StdoutLine: {'line': b'-- Up-to-date: /home/yadhu/ur3e/install/ur_description/share/ur_description/launch/gazebo.launch.py\n'}
[0.086731] (ur_description) StdoutLine: {'line': b'-- Up-to-date: /home/yadhu/ur3e/install/ur_description/share/ur_description/launch/view_ur.launch.py\n'}
[0.086763] (ur_description) StdoutLine: {'line': b'-- Up-to-date: /home/yadhu/ur3e/install/ur_description/share/ur_description/meshes\n'}
[0.086793] (ur_description) StdoutLine: {'line': b'-- Up-to-date: /home/yadhu/ur3e/install/ur_description/share/ur_description/meshes/ur10e\n'}
[0.086824] (ur_description) StdoutLine: {'line': b'-- Up-to-date: /home/yadhu/ur3e/install/ur_description/share/ur_description/meshes/ur10e/collision\n'}
[0.086855] (ur_description) StdoutLine: {'line': b'-- Up-to-date: /home/yadhu/ur3e/install/ur_description/share/ur_description/meshes/ur10e/collision/wrist2.stl\n'}
[0.086885] (ur_description) StdoutLine: {'line': b'-- Up-to-date: /home/yadhu/ur3e/install/ur_description/share/ur_description/meshes/ur10e/collision/base.stl\n'}
[0.086970] (ur_description) StdoutLine: {'line': b'-- Up-to-date: /home/yadhu/ur3e/install/ur_description/share/ur_description/meshes/ur10e/collision/upperarm.stl\n'}
[0.087008] (ur_description) StdoutLine: {'line': b'-- Up-to-date: /home/yadhu/ur3e/install/ur_description/share/ur_description/meshes/ur10e/collision/forearm.stl\n'}
[0.087042] (ur_description) StdoutLine: {'line': b'-- Up-to-date: /home/yadhu/ur3e/install/ur_description/share/ur_description/meshes/ur10e/collision/wrist1.stl\n'}
[0.087096] (ur_description) StdoutLine: {'line': b'-- Up-to-date: /home/yadhu/ur3e/install/ur_description/share/ur_description/meshes/ur10e/collision/shoulder.stl\n'}
[0.087131] (ur_description) StdoutLine: {'line': b'-- Up-to-date: /home/yadhu/ur3e/install/ur_description/share/ur_description/meshes/ur10e/collision/wrist3.stl\n'}
[0.087164] (ur_description) StdoutLine: {'line': b'-- Up-to-date: /home/yadhu/ur3e/install/ur_description/share/ur_description/meshes/ur10e/visual\n'}
[0.087194] (ur_description) StdoutLine: {'line': b'-- Up-to-date: /home/yadhu/ur3e/install/ur_description/share/ur_description/meshes/ur10e/visual/wrist2.dae\n'}
[0.087227] (ur_description) StdoutLine: {'line': b'-- Up-to-date: /home/yadhu/ur3e/install/ur_description/share/ur_description/meshes/ur10e/visual/base.dae\n'}
[0.087261] (ur_description) StdoutLine: {'line': b'-- Up-to-date: /home/yadhu/ur3e/install/ur_description/share/ur_description/meshes/ur10e/visual/wrist3.dae\n'}
[0.087293] (ur_description) StdoutLine: {'line': b'-- Up-to-date: /home/yadhu/ur3e/install/ur_description/share/ur_description/meshes/ur10e/visual/upperarm.dae\n'}
[0.087325] (ur_description) StdoutLine: {'line': b'-- Up-to-date: /home/yadhu/ur3e/install/ur_description/share/ur_description/meshes/ur10e/visual/wrist1.dae\n'}
[0.087353] (ur_description) StdoutLine: {'line': b'-- Up-to-date: /home/yadhu/ur3e/install/ur_description/share/ur_description/meshes/ur10e/visual/forearm.dae\n'}
[0.087387] (ur_description) StdoutLine: {'line': b'-- Up-to-date: /home/yadhu/ur3e/install/ur_description/share/ur_description/meshes/ur10e/visual/shoulder.dae\n'}
[0.087536] (ur_description) StdoutLine: {'line': b'-- Up-to-date: /home/yadhu/ur3e/install/ur_description/share/ur_description/meshes/ur30\n'}
[0.087574] (robotiq_description) StdoutLine: {'line': b'-- Install configuration: ""\n'}
[0.087773] (ur_description) StdoutLine: {'line': b'-- Up-to-date: /home/yadhu/ur3e/install/ur_description/share/ur_description/meshes/ur30/LICENSE.txt\n'}
[0.087816] (ur_description) StdoutLine: {'line': b'-- Up-to-date: /home/yadhu/ur3e/install/ur_description/share/ur_description/meshes/ur30/collision\n'}
[0.087863] (ur_description) StdoutLine: {'line': b'-- Up-to-date: /home/yadhu/ur3e/install/ur_description/share/ur_description/meshes/ur30/collision/upperarm.stl\n'}
[0.087912] (ur_description) StdoutLine: {'line': b'-- Up-to-date: /home/yadhu/ur3e/install/ur_description/share/ur_description/meshes/ur30/collision/forearm.stl\n'}
[0.087960] (ur_description) StdoutLine: {'line': b'-- Up-to-date: /home/yadhu/ur3e/install/ur_description/share/ur_description/meshes/ur30/visual\n'}
[0.088008] (ur_description) StdoutLine: {'line': b'-- Up-to-date: /home/yadhu/ur3e/install/ur_description/share/ur_description/meshes/ur30/visual/UR30_DIFF_8bit_2K.png\n'}
[0.088053] (ur_description) StdoutLine: {'line': b'-- Up-to-date: /home/yadhu/ur3e/install/ur_description/share/ur_description/meshes/ur30/visual/upperarm.dae\n'}
[0.088698] (ur_description) StdoutLine: {'line': b'-- Up-to-date: /home/yadhu/ur3e/install/ur_description/share/ur_description/meshes/ur30/visual/forearm.dae\n'}
[0.088859] (ur_description) StdoutLine: {'line': b'-- Up-to-date: /home/yadhu/ur3e/install/ur_description/share/ur_description/meshes/ur5e\n'}
[0.088911] (ur_description) StdoutLine: {'line': b'-- Up-to-date: /home/yadhu/ur3e/install/ur_description/share/ur_description/meshes/ur5e/collision\n'}
[0.088958] (ur_description) StdoutLine: {'line': b'-- Up-to-date: /home/yadhu/ur3e/install/ur_description/share/ur_description/meshes/ur5e/collision/wrist2.stl\n'}
[0.089000] (ur_description) StdoutLine: {'line': b'-- Up-to-date: /home/yadhu/ur3e/install/ur_description/share/ur_description/meshes/ur5e/collision/base.stl\n'}
[0.089042] (ur_description) StdoutLine: {'line': b'-- Up-to-date: /home/yadhu/ur3e/install/ur_description/share/ur_description/meshes/ur5e/collision/upperarm.stl\n'}
[0.089081] (ur_description) StdoutLine: {'line': b'-- Up-to-date: /home/yadhu/ur3e/install/ur_description/share/ur_description/meshes/ur5e/collision/forearm.stl\n'}
[0.089120] (ur_description) StdoutLine: {'line': b'-- Up-to-date: /home/yadhu/ur3e/install/ur_description/share/ur_description/meshes/ur5e/collision/wrist1.stl\n'}
[0.089167] (ur_description) StdoutLine: {'line': b'-- Up-to-date: /home/yadhu/ur3e/install/ur_description/share/ur_description/meshes/ur5e/collision/shoulder.stl\n'}
[0.089209] (ur_description) StdoutLine: {'line': b'-- Up-to-date: /home/yadhu/ur3e/install/ur_description/share/ur_description/meshes/ur5e/collision/wrist3.stl\n'}
[0.089255] (ur_description) StdoutLine: {'line': b'-- Up-to-date: /home/yadhu/ur3e/install/ur_description/share/ur_description/meshes/ur5e/visual\n'}
[0.089301] (ur_description) StdoutLine: {'line': b'-- Up-to-date: /home/yadhu/ur3e/install/ur_description/share/ur_description/meshes/ur5e/visual/wrist2.dae\n'}
[0.089350] (ur_description) StdoutLine: {'line': b'-- Up-to-date: /home/yadhu/ur3e/install/ur_description/share/ur_description/meshes/ur5e/visual/base.dae\n'}
[0.089397] (ur_description) StdoutLine: {'line': b'-- Up-to-date: /home/yadhu/ur3e/install/ur_description/share/ur_description/meshes/ur5e/visual/wrist3.dae\n'}
[0.089443] (ur_description) StdoutLine: {'line': b'-- Up-to-date: /home/yadhu/ur3e/install/ur_description/share/ur_description/meshes/ur5e/visual/upperarm.dae\n'}
[0.089491] (ur_description) StdoutLine: {'line': b'-- Up-to-date: /home/yadhu/ur3e/install/ur_description/share/ur_description/meshes/ur5e/visual/wrist1.dae\n'}
[0.089532] (ur_description) StdoutLine: {'line': b'-- Up-to-date: /home/yadhu/ur3e/install/ur_description/share/ur_description/meshes/ur5e/visual/forearm.dae\n'}
[0.089573] (ur_description) StdoutLine: {'line': b'-- Up-to-date: /home/yadhu/ur3e/install/ur_description/share/ur_description/meshes/ur5e/visual/shoulder.dae\n'}
[0.089614] (ur_description) StdoutLine: {'line': b'-- Up-to-date: /home/yadhu/ur3e/install/ur_description/share/ur_description/meshes/ur5\n'}
[0.089657] (ur_description) StdoutLine: {'line': b'-- Up-to-date: /home/yadhu/ur3e/install/ur_description/share/ur_description/meshes/ur5/collision\n'}
[0.089698] (robotiq_description) StdoutLine: {'line': b'-- Up-to-date: /home/yadhu/ur3e/install/robotiq_description/share/robotiq_description/config\n'}
[0.089751] (ur_description) StdoutLine: {'line': b'-- Up-to-date: /home/yadhu/ur3e/install/ur_description/share/ur_description/meshes/ur5/collision/wrist2.stl\n'}
[0.089786] (ur_description) StdoutLine: {'line': b'-- Up-to-date: /home/yadhu/ur3e/install/ur_description/share/ur_description/meshes/ur5/collision/base.stl\n'}
[0.089816] (ur_description) StdoutLine: {'line': b'-- Up-to-date: /home/yadhu/ur3e/install/ur_description/share/ur_description/meshes/ur5/collision/upperarm.stl\n'}
[0.089846] (ur_description) StdoutLine: {'line': b'-- Up-to-date: /home/yadhu/ur3e/install/ur_description/share/ur_description/meshes/ur5/collision/forearm.stl\n'}
[0.089982] (ur_description) StdoutLine: {'line': b'-- Up-to-date: /home/yadhu/ur3e/install/ur_description/share/ur_description/meshes/ur5/collision/wrist1.stl\n'}
[0.090021] (robotiq_description) StdoutLine: {'line': b'-- Up-to-date: /home/yadhu/ur3e/install/robotiq_description/share/robotiq_description/config/robotiq_controllers.yaml\n'}
[0.090050] (robotiq_description) StdoutLine: {'line': b'-- Up-to-date: /home/yadhu/ur3e/install/robotiq_description/share/robotiq_description/launch\n'}
[0.090079] (robotiq_description) StdoutLine: {'line': b'-- Up-to-date: /home/yadhu/ur3e/install/robotiq_description/share/robotiq_description/launch/robotiq_control.launch.py\n'}
[0.090107] (robotiq_description) StdoutLine: {'line': b'-- Up-to-date: /home/yadhu/ur3e/install/robotiq_description/share/robotiq_description/launch/view_gripper.launch.py\n'}
[0.090170] (robotiq_description) StdoutLine: {'line': b'-- Up-to-date: /home/yadhu/ur3e/install/robotiq_description/share/robotiq_description/meshes\n'}
[0.090208] (robotiq_description) StdoutLine: {'line': b'-- Up-to-date: /home/yadhu/ur3e/install/robotiq_description/share/robotiq_description/meshes/collision\n'}
[0.090246] (robotiq_description) StdoutLine: {'line': b'-- Up-to-date: /home/yadhu/ur3e/install/robotiq_description/share/robotiq_description/meshes/collision/2f_85\n'}
[0.090277] (ur_description) StdoutLine: {'line': b'-- Up-to-date: /home/yadhu/ur3e/install/ur_description/share/ur_description/meshes/ur5/collision/shoulder.stl\n'}
[0.090310] (ur_description) StdoutLine: {'line': b'-- Up-to-date: /home/yadhu/ur3e/install/ur_description/share/ur_description/meshes/ur5/collision/wrist3.stl\n'}
[0.090342] (ur_description) StdoutLine: {'line': b'-- Up-to-date: /home/yadhu/ur3e/install/ur_description/share/ur_description/meshes/ur5/visual\n'}
[0.090373] (ur_description) StdoutLine: {'line': b'-- Up-to-date: /home/yadhu/ur3e/install/ur_description/share/ur_description/meshes/ur5/visual/wrist2.dae\n'}
[0.090405] (ur_description) StdoutLine: {'line': b'-- Up-to-date: /home/yadhu/ur3e/install/ur_description/share/ur_description/meshes/ur5/visual/base.dae\n'}
[0.090435] (ur_description) StdoutLine: {'line': b'-- Up-to-date: /home/yadhu/ur3e/install/ur_description/share/ur_description/meshes/ur5/visual/wrist3.dae\n'}
[0.090464] (ur_description) StdoutLine: {'line': b'-- Up-to-date: /home/yadhu/ur3e/install/ur_description/share/ur_description/meshes/ur5/visual/upperarm.dae\n'}
[0.090496] (ur_description) StdoutLine: {'line': b'-- Up-to-date: /home/yadhu/ur3e/install/ur_description/share/ur_description/meshes/ur5/visual/wrist1.dae\n'}
[0.090525] (ur_description) StdoutLine: {'line': b'-- Up-to-date: /home/yadhu/ur3e/install/ur_description/share/ur_description/meshes/ur5/visual/forearm.dae\n'}
[0.090557] (ur_description) StdoutLine: {'line': b'-- Up-to-date: /home/yadhu/ur3e/install/ur_description/share/ur_description/meshes/ur5/visual/shoulder.dae\n'}
[0.090589] (ur_description) StdoutLine: {'line': b'-- Up-to-date: /home/yadhu/ur3e/install/ur_description/share/ur_description/meshes/ur3e\n'}
[0.090621] (robotiq_description) StdoutLine: {'line': b'-- Up-to-date: /home/yadhu/ur3e/install/robotiq_description/share/robotiq_description/meshes/collision/2f_85/ur_to_robotiq_adapter.stl\n'}
[0.090654] (robotiq_description) StdoutLine: {'line': b'-- Up-to-date: /home/yadhu/ur3e/install/robotiq_description/share/robotiq_description/meshes/collision/2f_85/right_finger_tip.stl\n'}
[0.090687] (ur_description) StdoutLine: {'line': b'-- Up-to-date: /home/yadhu/ur3e/install/ur_description/share/ur_description/meshes/ur3e/collision\n'}
[0.090720] (ur_description) StdoutLine: {'line': b'-- Up-to-date: /home/yadhu/ur3e/install/ur_description/share/ur_description/meshes/ur3e/collision/wrist2.stl\n'}
[0.090751] (ur_description) StdoutLine: {'line': b'-- Up-to-date: /home/yadhu/ur3e/install/ur_description/share/ur_description/meshes/ur3e/collision/base.stl\n'}
[0.090781] (robotiq_description) StdoutLine: {'line': b'-- Up-to-date: /home/yadhu/ur3e/install/robotiq_description/share/robotiq_description/meshes/collision/2f_85/left_inner_knuckle.stl\n'}
[0.090822] (robotiq_description) StdoutLine: {'line': b'-- Up-to-date: /home/yadhu/ur3e/install/robotiq_description/share/robotiq_description/meshes/collision/2f_85/right_knuckle.stl\n'}
[0.090853] (robotiq_description) StdoutLine: {'line': b'-- Up-to-date: /home/yadhu/ur3e/install/robotiq_description/share/robotiq_description/meshes/collision/2f_85/left_knuckle.stl\n'}
[0.090886] (robotiq_description) StdoutLine: {'line': b'-- Up-to-date: /home/yadhu/ur3e/install/robotiq_description/share/robotiq_description/meshes/collision/2f_85/left_finger_tip.stl\n'}
[0.090917] (robotiq_description) StdoutLine: {'line': b'-- Up-to-date: /home/yadhu/ur3e/install/robotiq_description/share/robotiq_description/meshes/collision/2f_85/right_inner_knuckle.stl\n'}
[0.090948] (robotiq_description) StdoutLine: {'line': b'-- Up-to-date: /home/yadhu/ur3e/install/robotiq_description/share/robotiq_description/meshes/collision/2f_85/robotiq_base.stl\n'}
[0.090980] (robotiq_description) StdoutLine: {'line': b'-- Up-to-date: /home/yadhu/ur3e/install/robotiq_description/share/robotiq_description/meshes/collision/2f_85/left_finger.stl\n'}
[0.091012] (robotiq_description) StdoutLine: {'line': b'-- Up-to-date: /home/yadhu/ur3e/install/robotiq_description/share/robotiq_description/meshes/collision/2f_85/right_finger.stl\n'}
[0.091041] (robotiq_description) StdoutLine: {'line': b'-- Up-to-date: /home/yadhu/ur3e/install/robotiq_description/share/robotiq_description/meshes/visual\n'}
[0.091071] (ur_description) StdoutLine: {'line': b'-- Up-to-date: /home/yadhu/ur3e/install/ur_description/share/ur_description/meshes/ur3e/collision/upperarm.stl\n'}
[0.091103] (ur_description) StdoutLine: {'line': b'-- Up-to-date: /home/yadhu/ur3e/install/ur_description/share/ur_description/meshes/ur3e/collision/forearm.stl\n'}
[0.091157] (ur_description) StdoutLine: {'line': b'-- Up-to-date: /home/yadhu/ur3e/install/ur_description/share/ur_description/meshes/ur3e/collision/wrist1.stl\n'}
[0.091331] (ur_description) StdoutLine: {'line': b'-- Up-to-date: /home/yadhu/ur3e/install/ur_description/share/ur_description/meshes/ur3e/collision/shoulder.stl\n'}
[0.091371] (ur_description) StdoutLine: {'line': b'-- Up-to-date: /home/yadhu/ur3e/install/ur_description/share/ur_description/meshes/ur3e/collision/wrist3.stl\n'}
[0.091405] (ur_description) StdoutLine: {'line': b'-- Up-to-date: /home/yadhu/ur3e/install/ur_description/share/ur_description/meshes/ur3e/visual\n'}
[0.091438] (ur_description) StdoutLine: {'line': b'-- Up-to-date: /home/yadhu/ur3e/install/ur_description/share/ur_description/meshes/ur3e/visual/wrist2.dae\n'}
[0.091472] (ur_description) StdoutLine: {'line': b'-- Up-to-date: /home/yadhu/ur3e/install/ur_description/share/ur_description/meshes/ur3e/visual/base.dae\n'}
[0.091504] (ur_description) StdoutLine: {'line': b'-- Up-to-date: /home/yadhu/ur3e/install/ur_description/share/ur_description/meshes/ur3e/visual/wrist3.dae\n'}
[0.091535] (ur_description) StdoutLine: {'line': b'-- Up-to-date: /home/yadhu/ur3e/install/ur_description/share/ur_description/meshes/ur3e/visual/upperarm.dae\n'}
[0.091564] (ur_description) StdoutLine: {'line': b'-- Up-to-date: /home/yadhu/ur3e/install/ur_description/share/ur_description/meshes/ur3e/visual/wrist1.dae\n'}
[0.091593] (ur_description) StdoutLine: {'line': b'-- Up-to-date: /home/yadhu/ur3e/install/ur_description/share/ur_description/meshes/ur3e/visual/forearm.dae\n'}
[0.091622] (ur_description) StdoutLine: {'line': b'-- Up-to-date: /home/yadhu/ur3e/install/ur_description/share/ur_description/meshes/ur3e/visual/shoulder.dae\n'}
[0.091651] (ur_description) StdoutLine: {'line': b'-- Up-to-date: /home/yadhu/ur3e/install/ur_description/share/ur_description/meshes/ur10\n'}
[0.091678] (ur_description) StdoutLine: {'line': b'-- Up-to-date: /home/yadhu/ur3e/install/ur_description/share/ur_description/meshes/ur10/collision\n'}
[0.091706] (ur_description) StdoutLine: {'line': b'-- Up-to-date: /home/yadhu/ur3e/install/ur_description/share/ur_description/meshes/ur10/collision/wrist2.stl\n'}
[0.091751] (ur_description) StdoutLine: {'line': b'-- Up-to-date: /home/yadhu/ur3e/install/ur_description/share/ur_description/meshes/ur10/collision/base.stl\n'}
[0.091778] (ur_description) StdoutLine: {'line': b'-- Up-to-date: /home/yadhu/ur3e/install/ur_description/share/ur_description/meshes/ur10/collision/upperarm.stl\n'}
[0.091805] (ur_description) StdoutLine: {'line': b'-- Up-to-date: /home/yadhu/ur3e/install/ur_description/share/ur_description/meshes/ur10/collision/forearm.stl\n'}
[0.091834] (ur_description) StdoutLine: {'line': b'-- Up-to-date: /home/yadhu/ur3e/install/ur_description/share/ur_description/meshes/ur10/collision/wrist1.stl\n'}
[0.091861] (ur_description) StdoutLine: {'line': b'-- Up-to-date: /home/yadhu/ur3e/install/ur_description/share/ur_description/meshes/ur10/collision/shoulder.stl\n'}
[0.091889] (ur_description) StdoutLine: {'line': b'-- Up-to-date: /home/yadhu/ur3e/install/ur_description/share/ur_description/meshes/ur10/collision/wrist3.stl\n'}
[0.091926] (ur_description) StdoutLine: {'line': b'-- Up-to-date: /home/yadhu/ur3e/install/ur_description/share/ur_description/meshes/ur10/visual\n'}
[0.091954] (ur_description) StdoutLine: {'line': b'-- Up-to-date: /home/yadhu/ur3e/install/ur_description/share/ur_description/meshes/ur10/visual/wrist2.dae\n'}
[0.091982] (ur_description) StdoutLine: {'line': b'-- Up-to-date: /home/yadhu/ur3e/install/ur_description/share/ur_description/meshes/ur10/visual/base.dae\n'}
[0.092012] (ur_description) StdoutLine: {'line': b'-- Up-to-date: /home/yadhu/ur3e/install/ur_description/share/ur_description/meshes/ur10/visual/wrist3.dae\n'}
[0.092038] (ur_description) StdoutLine: {'line': b'-- Up-to-date: /home/yadhu/ur3e/install/ur_description/share/ur_description/meshes/ur10/visual/upperarm.dae\n'}
[0.092065] (ur_description) StdoutLine: {'line': b'-- Up-to-date: /home/yadhu/ur3e/install/ur_description/share/ur_description/meshes/ur10/visual/wrist1.dae\n'}
[0.092092] (ur_description) StdoutLine: {'line': b'-- Up-to-date: /home/yadhu/ur3e/install/ur_description/share/ur_description/meshes/ur10/visual/forearm.dae\n'}
[0.092120] (ur_description) StdoutLine: {'line': b'-- Up-to-date: /home/yadhu/ur3e/install/ur_description/share/ur_description/meshes/ur10/visual/shoulder.dae\n'}
[0.092181] (ur_description) StdoutLine: {'line': b'-- Up-to-date: /home/yadhu/ur3e/install/ur_description/share/ur_description/meshes/ur20\n'}
[0.092214] (ur_description) StdoutLine: {'line': b'-- Up-to-date: /home/yadhu/ur3e/install/ur_description/share/ur_description/meshes/ur20/LICENSE.txt\n'}
[0.092247] (ur_description) StdoutLine: {'line': b'-- Up-to-date: /home/yadhu/ur3e/install/ur_description/share/ur_description/meshes/ur20/collision\n'}
[0.092279] (ur_description) StdoutLine: {'line': b'-- Up-to-date: /home/yadhu/ur3e/install/ur_description/share/ur_description/meshes/ur20/collision/wrist2.stl\n'}
[0.092309] (ur_description) StdoutLine: {'line': b'-- Up-to-date: /home/yadhu/ur3e/install/ur_description/share/ur_description/meshes/ur20/collision/base.stl\n'}
[0.092341] (ur_description) StdoutLine: {'line': b'-- Up-to-date: /home/yadhu/ur3e/install/ur_description/share/ur_description/meshes/ur20/collision/upperarm.stl\n'}
[0.092374] (ur_description) StdoutLine: {'line': b'-- Up-to-date: /home/yadhu/ur3e/install/ur_description/share/ur_description/meshes/ur20/collision/forearm.stl\n'}
[0.092406] (ur_description) StdoutLine: {'line': b'-- Up-to-date: /home/yadhu/ur3e/install/ur_description/share/ur_description/meshes/ur20/collision/wrist1.stl\n'}
[0.092439] (ur_description) StdoutLine: {'line': b'-- Up-to-date: /home/yadhu/ur3e/install/ur_description/share/ur_description/meshes/ur20/collision/shoulder.stl\n'}
[0.092469] (robotiq_description) StdoutLine: {'line': b'-- Up-to-date: /home/yadhu/ur3e/install/robotiq_description/share/robotiq_description/meshes/visual/2f_85\n'}
[0.092521] (robotiq_description) StdoutLine: {'line': b'-- Up-to-date: /home/yadhu/ur3e/install/robotiq_description/share/robotiq_description/meshes/visual/2f_85/right_finger.dae\n'}
[0.092551] (robotiq_description) StdoutLine: {'line': b'-- Up-to-date: /home/yadhu/ur3e/install/robotiq_description/share/robotiq_description/meshes/visual/2f_85/left_finger_tip.dae\n'}
[0.092592] (robotiq_description) StdoutLine: {'line': b'-- Up-to-date: /home/yadhu/ur3e/install/robotiq_description/share/robotiq_description/meshes/visual/2f_85/right_inner_knuckle.dae\n'}
[0.092621] (robotiq_description) StdoutLine: {'line': b'-- Up-to-date: /home/yadhu/ur3e/install/robotiq_description/share/robotiq_description/meshes/visual/2f_85/right_knuckle.dae\n'}
[0.092649] (robotiq_description) StdoutLine: {'line': b'-- Up-to-date: /home/yadhu/ur3e/install/robotiq_description/share/robotiq_description/meshes/visual/2f_85/right_finger_tip.dae\n'}
[0.092677] (robotiq_description) StdoutLine: {'line': b'-- Up-to-date: /home/yadhu/ur3e/install/robotiq_description/share/robotiq_description/meshes/visual/2f_85/ur_to_robotiq_adapter.dae\n'}
[0.092730] (robotiq_description) StdoutLine: {'line': b'-- Up-to-date: /home/yadhu/ur3e/install/robotiq_description/share/robotiq_description/meshes/visual/2f_85/left_inner_knuckle.dae\n'}
[0.092758] (robotiq_description) StdoutLine: {'line': b'-- Up-to-date: /home/yadhu/ur3e/install/robotiq_description/share/robotiq_description/meshes/visual/2f_85/left_finger.dae\n'}
[0.092787] (robotiq_description) StdoutLine: {'line': b'-- Up-to-date: /home/yadhu/ur3e/install/robotiq_description/share/robotiq_description/meshes/visual/2f_85/left_knuckle.dae\n'}
[0.092815] (robotiq_description) StdoutLine: {'line': b'-- Up-to-date: /home/yadhu/ur3e/install/robotiq_description/share/robotiq_description/meshes/visual/2f_85/robotiq_base.dae\n'}
[0.092841] (robotiq_description) StdoutLine: {'line': b'-- Up-to-date: /home/yadhu/ur3e/install/robotiq_description/share/robotiq_description/rviz\n'}
[0.092868] (robotiq_description) StdoutLine: {'line': b'-- Up-to-date: /home/yadhu/ur3e/install/robotiq_description/share/robotiq_description/rviz/view_urdf.rviz\n'}
[0.092897] (robotiq_description) StdoutLine: {'line': b'-- Up-to-date: /home/yadhu/ur3e/install/robotiq_description/share/robotiq_description/urdf\n'}
[0.092937] (robotiq_description) StdoutLine: {'line': b'-- Up-to-date: /home/yadhu/ur3e/install/robotiq_description/share/robotiq_description/urdf/robotiq_2f_85_macro.urdf.xacro\n'}
[0.092977] (robotiq_description) StdoutLine: {'line': b'-- Up-to-date: /home/yadhu/ur3e/install/robotiq_description/share/robotiq_description/urdf/2f_85.ros2_control.xacro\n'}
[0.093042] (robotiq_description) StdoutLine: {'line': b'-- Up-to-date: /home/yadhu/ur3e/install/robotiq_description/share/robotiq_description/urdf/robotiq_2f_85_gripper.urdf.xacro\n'}
[0.093083] (robotiq_description) StdoutLine: {'line': b'-- Up-to-date: /home/yadhu/ur3e/install/robotiq_description/share/robotiq_description/urdf/ur_to_robotiq_adapter.urdf.xacro\n'}
[0.093131] (robotiq_description) StdoutLine: {'line': b'-- Up-to-date: /home/yadhu/ur3e/install/robotiq_description/share/ament_index/resource_index/package_run_dependencies/robotiq_description\n'}
[0.093246] (robotiq_description) StdoutLine: {'line': b'-- Up-to-date: /home/yadhu/ur3e/install/robotiq_description/share/ament_index/resource_index/parent_prefix_path/robotiq_description\n'}
[0.093287] (robotiq_description) StdoutLine: {'line': b'-- Up-to-date: /home/yadhu/ur3e/install/robotiq_description/share/robotiq_description/environment/ament_prefix_path.sh\n'}
[0.093327] (robotiq_description) StdoutLine: {'line': b'-- Up-to-date: /home/yadhu/ur3e/install/robotiq_description/share/robotiq_description/environment/ament_prefix_path.dsv\n'}
[0.093366] (robotiq_description) StdoutLine: {'line': b'-- Up-to-date: /home/yadhu/ur3e/install/robotiq_description/share/robotiq_description/environment/path.sh\n'}
[0.093398] (robotiq_description) StdoutLine: {'line': b'-- Up-to-date: /home/yadhu/ur3e/install/robotiq_description/share/robotiq_description/environment/path.dsv\n'}
[0.093428] (robotiq_description) StdoutLine: {'line': b'-- Up-to-date: /home/yadhu/ur3e/install/robotiq_description/share/robotiq_description/local_setup.bash\n'}
[0.093466] (robotiq_description) StdoutLine: {'line': b'-- Up-to-date: /home/yadhu/ur3e/install/robotiq_description/share/robotiq_description/local_setup.sh\n'}
[0.093495] (robotiq_description) StdoutLine: {'line': b'-- Up-to-date: /home/yadhu/ur3e/install/robotiq_description/share/robotiq_description/local_setup.zsh\n'}
[0.093523] (robotiq_description) StdoutLine: {'line': b'-- Up-to-date: /home/yadhu/ur3e/install/robotiq_description/share/robotiq_description/local_setup.dsv\n'}
[0.093553] (robotiq_description) StdoutLine: {'line': b'-- Up-to-date: /home/yadhu/ur3e/install/robotiq_description/share/robotiq_description/package.dsv\n'}
[0.093582] (robotiq_description) StdoutLine: {'line': b'-- Up-to-date: /home/yadhu/ur3e/install/robotiq_description/share/ament_index/resource_index/packages/robotiq_description\n'}
[0.093611] (robotiq_description) StdoutLine: {'line': b'-- Up-to-date: /home/yadhu/ur3e/install/robotiq_description/share/robotiq_description/cmake/robotiq_descriptionConfig.cmake\n'}
[0.093641] (robotiq_description) StdoutLine: {'line': b'-- Up-to-date: /home/yadhu/ur3e/install/robotiq_description/share/robotiq_description/cmake/robotiq_descriptionConfig-version.cmake\n'}
[0.093670] (robotiq_description) StdoutLine: {'line': b'-- Up-to-date: /home/yadhu/ur3e/install/robotiq_description/share/robotiq_description/package.xml\n'}
[0.093700] (ur_description) StdoutLine: {'line': b'-- Up-to-date: /home/yadhu/ur3e/install/ur_description/share/ur_description/meshes/ur20/collision/wrist3.stl\n'}
[0.093770] (ur_description) StdoutLine: {'line': b'-- Up-to-date: /home/yadhu/ur3e/install/ur_description/share/ur_description/meshes/ur20/visual\n'}
[0.093798] (ur_description) StdoutLine: {'line': b'-- Up-to-date: /home/yadhu/ur3e/install/ur_description/share/ur_description/meshes/ur20/visual/wrist2.dae\n'}
[0.093826] (ur_description) StdoutLine: {'line': b'-- Up-to-date: /home/yadhu/ur3e/install/ur_description/share/ur_description/meshes/ur20/visual/base.dae\n'}
[0.093853] (ur_description) StdoutLine: {'line': b'-- Up-to-date: /home/yadhu/ur3e/install/ur_description/share/ur_description/meshes/ur20/visual/wrist3.dae\n'}
[0.093881] (ur_description) StdoutLine: {'line': b'-- Up-to-date: /home/yadhu/ur3e/install/ur_description/share/ur_description/meshes/ur20/visual/upperarm.dae\n'}
[0.093909] (ur_description) StdoutLine: {'line': b'-- Up-to-date: /home/yadhu/ur3e/install/ur_description/share/ur_description/meshes/ur20/visual/wrist1.dae\n'}
[0.093937] (ur_description) StdoutLine: {'line': b'-- Up-to-date: /home/yadhu/ur3e/install/ur_description/share/ur_description/meshes/ur20/visual/forearm.dae\n'}
[0.093966] (ur_description) StdoutLine: {'line': b'-- Up-to-date: /home/yadhu/ur3e/install/ur_description/share/ur_description/meshes/ur20/visual/UR20_DIFF_8bit_2K.png\n'}
[0.093995] (ur_description) StdoutLine: {'line': b'-- Up-to-date: /home/yadhu/ur3e/install/ur_description/share/ur_description/meshes/ur20/visual/shoulder.dae\n'}
[0.094024] (ur_description) StdoutLine: {'line': b'-- Up-to-date: /home/yadhu/ur3e/install/ur_description/share/ur_description/meshes/ur3\n'}
[0.094053] (ur_description) StdoutLine: {'line': b'-- Up-to-date: /home/yadhu/ur3e/install/ur_description/share/ur_description/meshes/ur3/collision\n'}
[0.094081] (ur_description) StdoutLine: {'line': b'-- Up-to-date: /home/yadhu/ur3e/install/ur_description/share/ur_description/meshes/ur3/collision/wrist2.stl\n'}
[0.094109] (ur_description) StdoutLine: {'line': b'-- Up-to-date: /home/yadhu/ur3e/install/ur_description/share/ur_description/meshes/ur3/collision/base.stl\n'}
[0.094142] (ur_description) StdoutLine: {'line': b'-- Up-to-date: /home/yadhu/ur3e/install/ur_description/share/ur_description/meshes/ur3/collision/upperarm.stl\n'}
[0.094175] (ur_description) StdoutLine: {'line': b'-- Up-to-date: /home/yadhu/ur3e/install/ur_description/share/ur_description/meshes/ur3/collision/forearm.stl\n'}
[0.094204] (ur_description) StdoutLine: {'line': b'-- Up-to-date: /home/yadhu/ur3e/install/ur_description/share/ur_description/meshes/ur3/collision/wrist1.stl\n'}
[0.094238] (ur_description) StdoutLine: {'line': b'-- Up-to-date: /home/yadhu/ur3e/install/ur_description/share/ur_description/meshes/ur3/collision/shoulder.stl\n'}
[0.094281] (ur_description) StdoutLine: {'line': b'-- Up-to-date: /home/yadhu/ur3e/install/ur_description/share/ur_description/meshes/ur3/collision/wrist3.stl\n'}
[0.094317] (ur_description) StdoutLine: {'line': b'-- Up-to-date: /home/yadhu/ur3e/install/ur_description/share/ur_description/meshes/ur3/visual\n'}
[0.094351] (ur_description) StdoutLine: {'line': b'-- Up-to-date: /home/yadhu/ur3e/install/ur_description/share/ur_description/meshes/ur3/visual/wrist2.dae\n'}
[0.094381] (ur_description) StdoutLine: {'line': b'-- Up-to-date: /home/yadhu/ur3e/install/ur_description/share/ur_description/meshes/ur3/visual/base.dae\n'}
[0.094416] (ur_description) StdoutLine: {'line': b'-- Up-to-date: /home/yadhu/ur3e/install/ur_description/share/ur_description/meshes/ur3/visual/wrist3.dae\n'}
[0.094449] (ur_description) StdoutLine: {'line': b'-- Up-to-date: /home/yadhu/ur3e/install/ur_description/share/ur_description/meshes/ur3/visual/upperarm.dae\n'}
[0.094482] (ur_description) StdoutLine: {'line': b'-- Up-to-date: /home/yadhu/ur3e/install/ur_description/share/ur_description/meshes/ur3/visual/wrist1.dae\n'}
[0.094511] (ur_description) StdoutLine: {'line': b'-- Up-to-date: /home/yadhu/ur3e/install/ur_description/share/ur_description/meshes/ur3/visual/forearm.dae\n'}
[0.094541] (ur_description) StdoutLine: {'line': b'-- Up-to-date: /home/yadhu/ur3e/install/ur_description/share/ur_description/meshes/ur3/visual/shoulder.dae\n'}
[0.094571] (ur_description) StdoutLine: {'line': b'-- Up-to-date: /home/yadhu/ur3e/install/ur_description/share/ur_description/meshes/ur16e\n'}
[0.094602] (ur_description) StdoutLine: {'line': b'-- Up-to-date: /home/yadhu/ur3e/install/ur_description/share/ur_description/meshes/ur16e/collision\n'}
[0.094632] (ur_description) StdoutLine: {'line': b'-- Up-to-date: /home/yadhu/ur3e/install/ur_description/share/ur_description/meshes/ur16e/collision/upperarm.stl\n'}
[0.094663] (ur_description) StdoutLine: {'line': b'-- Up-to-date: /home/yadhu/ur3e/install/ur_description/share/ur_description/meshes/ur16e/collision/forearm.stl\n'}
[0.094692] (ur_description) StdoutLine: {'line': b'-- Up-to-date: /home/yadhu/ur3e/install/ur_description/share/ur_description/meshes/ur16e/visual\n'}
[0.094723] (ur_description) StdoutLine: {'line': b'-- Up-to-date: /home/yadhu/ur3e/install/ur_description/share/ur_description/meshes/ur16e/visual/upperarm.dae\n'}
[0.094754] (ur_description) StdoutLine: {'line': b'-- Up-to-date: /home/yadhu/ur3e/install/ur_description/share/ur_description/meshes/ur16e/visual/forearm.dae\n'}
[0.094786] (ur_description) StdoutLine: {'line': b'-- Up-to-date: /home/yadhu/ur3e/install/ur_description/share/ur_description/rviz\n'}
[0.094817] (ur_description) StdoutLine: {'line': b'-- Up-to-date: /home/yadhu/ur3e/install/ur_description/share/ur_description/rviz/view_robot.rviz\n'}
[0.094848] (ur_description) StdoutLine: {'line': b'-- Up-to-date: /home/yadhu/ur3e/install/ur_description/share/ur_description/urdf\n'}
[0.094878] (ur_description) StdoutLine: {'line': b'-- Up-to-date: /home/yadhu/ur3e/install/ur_description/share/ur_description/urdf/ur.ros2_control.xacro\n'}
[0.094907] (ur_description) StdoutLine: {'line': b'-- Up-to-date: /home/yadhu/ur3e/install/ur_description/share/ur_description/urdf/ur.urdf.xacro\n'}
[0.094937] (ur_description) StdoutLine: {'line': b'-- Up-to-date: /home/yadhu/ur3e/install/ur_description/share/ur_description/urdf/ur_macro.xacro\n'}
[0.094969] (ur_description) StdoutLine: {'line': b'-- Up-to-date: /home/yadhu/ur3e/install/ur_description/share/ur_description/urdf/inc\n'}
[0.095028] (ur_description) StdoutLine: {'line': b'-- Up-to-date: /home/yadhu/ur3e/install/ur_description/share/ur_description/urdf/inc/ur_common.xacro\n'}
[0.095070] (ur_description) StdoutLine: {'line': b'-- Up-to-date: /home/yadhu/ur3e/install/ur_description/share/ur_description/urdf/inc/ur_transmissions.xacro\n'}
[0.095111] (ur_description) StdoutLine: {'line': b'-- Up-to-date: /home/yadhu/ur3e/install/ur_description/share/ur_description/test\n'}
[0.095232] (ur_description) StdoutLine: {'line': b'-- Up-to-date: /home/yadhu/ur3e/install/ur_description/share/ur_description/test/test_ur_urdf_xacro.py\n'}
[0.095301] (ur_description) StdoutLine: {'line': b'-- Up-to-date: /home/yadhu/ur3e/install/ur_description/share/ur_description/test/test_view_ur_launch.py\n'}
[0.095358] (ur_description) StdoutLine: {'line': b'-- Up-to-date: /home/yadhu/ur3e/install/ur_description/share/ament_index/resource_index/package_run_dependencies/ur_description\n'}
[0.095416] (ur_description) StdoutLine: {'line': b'-- Up-to-date: /home/yadhu/ur3e/install/ur_description/share/ament_index/resource_index/parent_prefix_path/ur_description\n'}
[0.095468] (ur_description) StdoutLine: {'line': b'-- Up-to-date: /home/yadhu/ur3e/install/ur_description/share/ur_description/environment/ament_prefix_path.sh\n'}
[0.095515] (ur_description) StdoutLine: {'line': b'-- Up-to-date: /home/yadhu/ur3e/install/ur_description/share/ur_description/environment/ament_prefix_path.dsv\n'}
[0.095564] (ur_description) StdoutLine: {'line': b'-- Up-to-date: /home/yadhu/ur3e/install/ur_description/share/ur_description/environment/path.sh\n'}
[0.095658] (ur_description) StdoutLine: {'line': b'-- Up-to-date: /home/yadhu/ur3e/install/ur_description/share/ur_description/environment/path.dsv\n'}
[0.095711] (ur_description) StdoutLine: {'line': b'-- Up-to-date: /home/yadhu/ur3e/install/ur_description/share/ur_description/local_setup.bash\n'}
[0.095762] (ur_description) StdoutLine: {'line': b'-- Up-to-date: /home/yadhu/ur3e/install/ur_description/share/ur_description/local_setup.sh\n'}
[0.095813] (ur_description) StdoutLine: {'line': b'-- Up-to-date: /home/yadhu/ur3e/install/ur_description/share/ur_description/local_setup.zsh\n'}
[0.095876] (ur_description) StdoutLine: {'line': b'-- Up-to-date: /home/yadhu/ur3e/install/ur_description/share/ur_description/local_setup.dsv\n'}
[0.095940] (ur_description) StdoutLine: {'line': b'-- Up-to-date: /home/yadhu/ur3e/install/ur_description/share/ur_description/package.dsv\n'}
[0.095995] (ur_description) StdoutLine: {'line': b'-- Up-to-date: /home/yadhu/ur3e/install/ur_description/share/ament_index/resource_index/packages/ur_description\n'}
[0.096041] (ur_description) StdoutLine: {'line': b'-- Up-to-date: /home/yadhu/ur3e/install/ur_description/share/ur_description/cmake/ur_descriptionConfig.cmake\n'}
[0.096089] (ur_description) StdoutLine: {'line': b'-- Up-to-date: /home/yadhu/ur3e/install/ur_description/share/ur_description/cmake/ur_descriptionConfig-version.cmake\n'}
[0.096136] (ur_description) StdoutLine: {'line': b'-- Up-to-date: /home/yadhu/ur3e/install/ur_description/share/ur_description/package.xml\n'}
[0.096186] (robotiq_description) CommandEnded: {'returncode': 0}
[0.099797] (-) TimerEvent: {}
[0.105792] (ur_description) CommandEnded: {'returncode': 0}
[0.130938] (robotiq_description) JobEnded: {'identifier': 'robotiq_description', 'rc': 0}
[0.138295] (ur_description) JobEnded: {'identifier': 'ur_description', 'rc': 0}
[0.139109] (ur_gripper_gazebo) JobStarted: {'identifier': 'ur_gripper_gazebo'}
[0.145085] (ur_gripper_gazebo) JobProgress: {'identifier': 'ur_gripper_gazebo', 'progress': 'cmake'}
[0.145865] (ur_gripper_gazebo) JobProgress: {'identifier': 'ur_gripper_gazebo', 'progress': 'build'}
[0.146095] (ur_gripper_gazebo) Command: {'cmd': ['/usr/bin/cmake', '--build', '/home/yadhu/ur3e/build/ur_gripper_gazebo', '--', '-j16', '-l16'], 'cwd': '/home/yadhu/ur3e/build/ur_gripper_gazebo', 'env': OrderedDict([('HOSTNAME', 'yadhuk'), ('GIT_ASKPASS', '/vscode/vscode-server/bin/linux-x64/138f619c86f1199955d53b4166bef66ef252935c/extensions/git/dist/askpass.sh'), ('SHLVL', '2'), ('LD_LIBRARY_PATH', '/usr/lib/x86_64-linux-gnu/gazebo-11/plugins:/opt/ros/humble/opt/rviz_ogre_vendor/lib:/opt/ros/humble/lib/x86_64-linux-gnu:/opt/ros/humble/lib'), ('BROWSER', '/vscode/vscode-server/bin/linux-x64/138f619c86f1199955d53b4166bef66ef252935c/bin/helpers/browser.sh'), ('HOME', '/home/yadhu'), ('TERM_PROGRAM_VERSION', '1.96.0'), ('VSCODE_IPC_HOOK_CLI', '/tmp/vscode-ipc-171a4022-fd1d-4aac-a031-e9fb1361d7a9.sock'), ('ROS_PYTHON_VERSION', '3'), ('VSCODE_GIT_ASKPASS_MAIN', '/vscode/vscode-server/bin/linux-x64/138f619c86f1199955d53b4166bef66ef252935c/extensions/git/dist/askpass-main.js'), ('VSCODE_GIT_ASKPASS_NODE', '/vscode/vscode-server/bin/linux-x64/138f619c86f1199955d53b4166bef66ef252935c/node'), ('COLORTERM', 'truecolor'), ('REMOTE_CONTAINERS', 'true'), ('COLCON_PREFIX_PATH', '/home/yadhu/ur3e/install'), ('ROS_DISTRO', 'humble'), ('REMOTE_CONTAINERS_IPC', '/tmp/vscode-remote-containers-ipc-be85f09e-c009-429d-9537-292811278ff2.sock'), ('_', '/usr/bin/colcon'), ('ROS_VERSION', '2'), ('TERM', 'xterm-256color'), ('ROS_LOCALHOST_ONLY', '0'), ('PATH', '/vscode/vscode-server/bin/linux-x64/138f619c86f1199955d53b4166bef66ef252935c/bin/remote-cli:/opt/ros/humble/bin:/usr/local/sbin:/usr/local/bin:/usr/sbin:/usr/bin:/sbin:/bin'), ('REMOTE_CONTAINERS_SOCKETS', '["/tmp/vscode-ssh-auth-be85f09e-c009-429d-9537-292811278ff2.sock","/home/yadhu/.gnupg/S.gpg-agent"]'), ('DISPLAY', ':1'), ('LANG', 'C.UTF-8'), ('RMW_IMPLEMENTATION', 'rmw_cyclonedds_cpp'), ('LS_COLORS', 'rs=0:di=01;34:ln=01;36:mh=00:pi=40;33:so=01;35:do=01;35:bd=40;33;01:cd=40;33;01:or=40;31;01:mi=00:su=37;41:sg=30;43:ca=30;41:tw=30;42:ow=34;42:st=37;44:ex=01;32:*.tar=01;31:*.tgz=01;31:*.arc=01;31:*.arj=01;31:*.taz=01;31:*.lha=01;31:*.lz4=01;31:*.lzh=01;31:*.lzma=01;31:*.tlz=01;31:*.txz=01;31:*.tzo=01;31:*.t7z=01;31:*.zip=01;31:*.z=01;31:*.dz=01;31:*.gz=01;31:*.lrz=01;31:*.lz=01;31:*.lzo=01;31:*.xz=01;31:*.zst=01;31:*.tzst=01;31:*.bz2=01;31:*.bz=01;31:*.tbz=01;31:*.tbz2=01;31:*.tz=01;31:*.deb=01;31:*.rpm=01;31:*.jar=01;31:*.war=01;31:*.ear=01;31:*.sar=01;31:*.rar=01;31:*.alz=01;31:*.ace=01;31:*.zoo=01;31:*.cpio=01;31:*.7z=01;31:*.rz=01;31:*.cab=01;31:*.wim=01;31:*.swm=01;31:*.dwm=01;31:*.esd=01;31:*.jpg=01;35:*.jpeg=01;35:*.mjpg=01;35:*.mjpeg=01;35:*.gif=01;35:*.bmp=01;35:*.pbm=01;35:*.pgm=01;35:*.ppm=01;35:*.tga=01;35:*.xbm=01;35:*.xpm=01;35:*.tif=01;35:*.tiff=01;35:*.png=01;35:*.svg=01;35:*.svgz=01;35:*.mng=01;35:*.pcx=01;35:*.mov=01;35:*.mpg=01;35:*.mpeg=01;35:*.m2v=01;35:*.mkv=01;35:*.webm=01;35:*.webp=01;35:*.ogm=01;35:*.mp4=01;35:*.m4v=01;35:*.mp4v=01;35:*.vob=01;35:*.qt=01;35:*.nuv=01;35:*.wmv=01;35:*.asf=01;35:*.rm=01;35:*.rmvb=01;35:*.flc=01;35:*.avi=01;35:*.fli=01;35:*.flv=01;35:*.gl=01;35:*.dl=01;35:*.xcf=01;35:*.xwd=01;35:*.yuv=01;35:*.cgm=01;35:*.emf=01;35:*.ogv=01;35:*.ogx=01;35:*.aac=00;36:*.au=00;36:*.flac=00;36:*.m4a=00;36:*.mid=00;36:*.midi=00;36:*.mka=00;36:*.mp3=00;36:*.mpc=00;36:*.ogg=00;36:*.ra=00;36:*.wav=00;36:*.oga=00;36:*.opus=00;36:*.spx=00;36:*.xspf=00;36:'), ('VSCODE_GIT_IPC_HANDLE', '/tmp/vscode-git-09c052f1c4.sock'), ('TERM_PROGRAM', 'vscode'), ('SSH_AUTH_SOCK', '/tmp/vscode-ssh-auth-be85f09e-c009-429d-9537-292811278ff2.sock'), ('ROS_DOMAIN_ID', '42'), ('AMENT_PREFIX_PATH', '/home/yadhu/ur3e/install/ur_moveit_config:/home/yadhu/ur3e/install/pyfile:/home/yadhu/ur3e/install/cppfile:/home/yadhu/ur3e/install/ur_gripper_gazebo:/home/yadhu/ur3e/install/ur_description:/home/yadhu/ur3e/install/robotiq_description:/opt/ros/humble'), ('SHELL', '/bin/bash'), ('ROS_AUTOMATIC_DISCOVERY_RANGE', 'LOCALHOST'), ('VSCODE_GIT_ASKPASS_EXTRA_ARGS', ''), ('PWD', '/home/yadhu/ur3e/build/ur_gripper_gazebo'), ('LC_ALL', 'C.UTF-8'), ('PYTHONPATH', '/home/yadhu/ur3e/install/ur_moveit_config/local/lib/python3.10/dist-packages:/home/yadhu/ur3e/install/pyfile/lib/python3.10/site-packages:/opt/ros/humble/lib/python3.10/site-packages:/opt/ros/humble/local/lib/python3.10/dist-packages'), ('COLCON', '1'), ('CMAKE_PREFIX_PATH', '/home/yadhu/ur3e/install/ur_description:/home/yadhu/ur3e/install/ur_moveit_config:/home/yadhu/ur3e/install/cppfile:/home/yadhu/ur3e/install/ur_gripper_gazebo:/home/yadhu/ur3e/install/robotiq_description:/home/yadhu/ur3e/install/pyfile:/opt/ros/humble')]), 'shell': False}
[0.184616] (ur_gripper_gazebo) CommandEnded: {'returncode': 0}
[0.199935] (-) TimerEvent: {}
[0.205396] (ur_gripper_gazebo) JobProgress: {'identifier': 'ur_gripper_gazebo', 'progress': 'install'}
[0.205777] (ur_gripper_gazebo) Command: {'cmd': ['/usr/bin/cmake', '--install', '/home/yadhu/ur3e/build/ur_gripper_gazebo'], 'cwd': '/home/yadhu/ur3e/build/ur_gripper_gazebo', 'env': OrderedDict([('HOSTNAME', 'yadhuk'), ('GIT_ASKPASS', '/vscode/vscode-server/bin/linux-x64/138f619c86f1199955d53b4166bef66ef252935c/extensions/git/dist/askpass.sh'), ('SHLVL', '2'), ('LD_LIBRARY_PATH', '/usr/lib/x86_64-linux-gnu/gazebo-11/plugins:/opt/ros/humble/opt/rviz_ogre_vendor/lib:/opt/ros/humble/lib/x86_64-linux-gnu:/opt/ros/humble/lib'), ('BROWSER', '/vscode/vscode-server/bin/linux-x64/138f619c86f1199955d53b4166bef66ef252935c/bin/helpers/browser.sh'), ('HOME', '/home/yadhu'), ('TERM_PROGRAM_VERSION', '1.96.0'), ('VSCODE_IPC_HOOK_CLI', '/tmp/vscode-ipc-171a4022-fd1d-4aac-a031-e9fb1361d7a9.sock'), ('ROS_PYTHON_VERSION', '3'), ('VSCODE_GIT_ASKPASS_MAIN', '/vscode/vscode-server/bin/linux-x64/138f619c86f1199955d53b4166bef66ef252935c/extensions/git/dist/askpass-main.js'), ('VSCODE_GIT_ASKPASS_NODE', '/vscode/vscode-server/bin/linux-x64/138f619c86f1199955d53b4166bef66ef252935c/node'), ('COLORTERM', 'truecolor'), ('REMOTE_CONTAINERS', 'true'), ('COLCON_PREFIX_PATH', '/home/yadhu/ur3e/install'), ('ROS_DISTRO', 'humble'), ('REMOTE_CONTAINERS_IPC', '/tmp/vscode-remote-containers-ipc-be85f09e-c009-429d-9537-292811278ff2.sock'), ('_', '/usr/bin/colcon'), ('ROS_VERSION', '2'), ('TERM', 'xterm-256color'), ('ROS_LOCALHOST_ONLY', '0'), ('PATH', '/vscode/vscode-server/bin/linux-x64/138f619c86f1199955d53b4166bef66ef252935c/bin/remote-cli:/opt/ros/humble/bin:/usr/local/sbin:/usr/local/bin:/usr/sbin:/usr/bin:/sbin:/bin'), ('REMOTE_CONTAINERS_SOCKETS', '["/tmp/vscode-ssh-auth-be85f09e-c009-429d-9537-292811278ff2.sock","/home/yadhu/.gnupg/S.gpg-agent"]'), ('DISPLAY', ':1'), ('LANG', 'C.UTF-8'), ('RMW_IMPLEMENTATION', 'rmw_cyclonedds_cpp'), ('LS_COLORS', 'rs=0:di=01;34:ln=01;36:mh=00:pi=40;33:so=01;35:do=01;35:bd=40;33;01:cd=40;33;01:or=40;31;01:mi=00:su=37;41:sg=30;43:ca=30;41:tw=30;42:ow=34;42:st=37;44:ex=01;32:*.tar=01;31:*.tgz=01;31:*.arc=01;31:*.arj=01;31:*.taz=01;31:*.lha=01;31:*.lz4=01;31:*.lzh=01;31:*.lzma=01;31:*.tlz=01;31:*.txz=01;31:*.tzo=01;31:*.t7z=01;31:*.zip=01;31:*.z=01;31:*.dz=01;31:*.gz=01;31:*.lrz=01;31:*.lz=01;31:*.lzo=01;31:*.xz=01;31:*.zst=01;31:*.tzst=01;31:*.bz2=01;31:*.bz=01;31:*.tbz=01;31:*.tbz2=01;31:*.tz=01;31:*.deb=01;31:*.rpm=01;31:*.jar=01;31:*.war=01;31:*.ear=01;31:*.sar=01;31:*.rar=01;31:*.alz=01;31:*.ace=01;31:*.zoo=01;31:*.cpio=01;31:*.7z=01;31:*.rz=01;31:*.cab=01;31:*.wim=01;31:*.swm=01;31:*.dwm=01;31:*.esd=01;31:*.jpg=01;35:*.jpeg=01;35:*.mjpg=01;35:*.mjpeg=01;35:*.gif=01;35:*.bmp=01;35:*.pbm=01;35:*.pgm=01;35:*.ppm=01;35:*.tga=01;35:*.xbm=01;35:*.xpm=01;35:*.tif=01;35:*.tiff=01;35:*.png=01;35:*.svg=01;35:*.svgz=01;35:*.mng=01;35:*.pcx=01;35:*.mov=01;35:*.mpg=01;35:*.mpeg=01;35:*.m2v=01;35:*.mkv=01;35:*.webm=01;35:*.webp=01;35:*.ogm=01;35:*.mp4=01;35:*.m4v=01;35:*.mp4v=01;35:*.vob=01;35:*.qt=01;35:*.nuv=01;35:*.wmv=01;35:*.asf=01;35:*.rm=01;35:*.rmvb=01;35:*.flc=01;35:*.avi=01;35:*.fli=01;35:*.flv=01;35:*.gl=01;35:*.dl=01;35:*.xcf=01;35:*.xwd=01;35:*.yuv=01;35:*.cgm=01;35:*.emf=01;35:*.ogv=01;35:*.ogx=01;35:*.aac=00;36:*.au=00;36:*.flac=00;36:*.m4a=00;36:*.mid=00;36:*.midi=00;36:*.mka=00;36:*.mp3=00;36:*.mpc=00;36:*.ogg=00;36:*.ra=00;36:*.wav=00;36:*.oga=00;36:*.opus=00;36:*.spx=00;36:*.xspf=00;36:'), ('VSCODE_GIT_IPC_HANDLE', '/tmp/vscode-git-09c052f1c4.sock'), ('TERM_PROGRAM', 'vscode'), ('SSH_AUTH_SOCK', '/tmp/vscode-ssh-auth-be85f09e-c009-429d-9537-292811278ff2.sock'), ('ROS_DOMAIN_ID', '42'), ('AMENT_PREFIX_PATH', '/home/yadhu/ur3e/install/ur_moveit_config:/home/yadhu/ur3e/install/pyfile:/home/yadhu/ur3e/install/cppfile:/home/yadhu/ur3e/install/ur_gripper_gazebo:/home/yadhu/ur3e/install/ur_description:/home/yadhu/ur3e/install/robotiq_description:/opt/ros/humble'), ('SHELL', '/bin/bash'), ('ROS_AUTOMATIC_DISCOVERY_RANGE', 'LOCALHOST'), ('VSCODE_GIT_ASKPASS_EXTRA_ARGS', ''), ('PWD', '/home/yadhu/ur3e/build/ur_gripper_gazebo'), ('LC_ALL', 'C.UTF-8'), ('PYTHONPATH', '/home/yadhu/ur3e/install/ur_moveit_config/local/lib/python3.10/dist-packages:/home/yadhu/ur3e/install/pyfile/lib/python3.10/site-packages:/opt/ros/humble/lib/python3.10/site-packages:/opt/ros/humble/local/lib/python3.10/dist-packages'), ('COLCON', '1'), ('CMAKE_PREFIX_PATH', '/home/yadhu/ur3e/install/ur_description:/home/yadhu/ur3e/install/ur_moveit_config:/home/yadhu/ur3e/install/cppfile:/home/yadhu/ur3e/install/ur_gripper_gazebo:/home/yadhu/ur3e/install/robotiq_description:/home/yadhu/ur3e/install/pyfile:/opt/ros/humble')]), 'shell': False}
[0.214269] (ur_gripper_gazebo) StdoutLine: {'line': b'-- Install configuration: ""\n'}
[0.214606] (ur_gripper_gazebo) StdoutLine: {'line': b'-- Up-to-date: /home/yadhu/ur3e/install/ur_gripper_gazebo/share/ur_gripper_gazebo/config\n'}
[0.214718] (ur_gripper_gazebo) StdoutLine: {'line': b'-- Up-to-date: /home/yadhu/ur3e/install/ur_gripper_gazebo/share/ur_gripper_gazebo/config/ros2control_controllers.yaml\n'}
[0.214784] (ur_gripper_gazebo) StdoutLine: {'line': b'-- Up-to-date: /home/yadhu/ur3e/install/ur_gripper_gazebo/share/ur_gripper_gazebo/launch\n'}
[0.214831] (ur_gripper_gazebo) StdoutLine: {'line': b'-- Up-to-date: /home/yadhu/ur3e/install/ur_gripper_gazebo/share/ur_gripper_gazebo/launch/gazebo.launch.py\n'}
[0.214878] (ur_gripper_gazebo) StdoutLine: {'line': b'-- Up-to-date: /home/yadhu/ur3e/install/ur_gripper_gazebo/share/ur_gripper_gazebo/launch/rviz.launch.py\n'}
[0.214924] (ur_gripper_gazebo) StdoutLine: {'line': b'-- Up-to-date: /home/yadhu/ur3e/install/ur_gripper_gazebo/share/ur_gripper_gazebo/urdf\n'}
[0.214970] (ur_gripper_gazebo) StdoutLine: {'line': b'-- Up-to-date: /home/yadhu/ur3e/install/ur_gripper_gazebo/share/ur_gripper_gazebo/urdf/ur_gripper.xacro\n'}
[0.215014] (ur_gripper_gazebo) StdoutLine: {'line': b'-- Up-to-date: /home/yadhu/ur3e/install/ur_gripper_gazebo/share/ament_index/resource_index/package_run_dependencies/ur_gripper_gazebo\n'}
[0.215060] (ur_gripper_gazebo) StdoutLine: {'line': b'-- Up-to-date: /home/yadhu/ur3e/install/ur_gripper_gazebo/share/ament_index/resource_index/parent_prefix_path/ur_gripper_gazebo\n'}
[0.215202] (ur_gripper_gazebo) StdoutLine: {'line': b'-- Up-to-date: /home/yadhu/ur3e/install/ur_gripper_gazebo/share/ur_gripper_gazebo/environment/ament_prefix_path.sh\n'}
[0.215409] (ur_gripper_gazebo) StdoutLine: {'line': b'-- Up-to-date: /home/yadhu/ur3e/install/ur_gripper_gazebo/share/ur_gripper_gazebo/environment/ament_prefix_path.dsv\n'}
[0.215538] (ur_gripper_gazebo) StdoutLine: {'line': b'-- Up-to-date: /home/yadhu/ur3e/install/ur_gripper_gazebo/share/ur_gripper_gazebo/environment/path.sh\n'}
[0.215637] (ur_gripper_gazebo) StdoutLine: {'line': b'-- Up-to-date: /home/yadhu/ur3e/install/ur_gripper_gazebo/share/ur_gripper_gazebo/environment/path.dsv\n'}
[0.215728] (ur_gripper_gazebo) StdoutLine: {'line': b'-- Up-to-date: /home/yadhu/ur3e/install/ur_gripper_gazebo/share/ur_gripper_gazebo/local_setup.bash\n'}
[0.215843] (ur_gripper_gazebo) StdoutLine: {'line': b'-- Up-to-date: /home/yadhu/ur3e/install/ur_gripper_gazebo/share/ur_gripper_gazebo/local_setup.sh\n'}
[0.215951] (ur_gripper_gazebo) StdoutLine: {'line': b'-- Up-to-date: /home/yadhu/ur3e/install/ur_gripper_gazebo/share/ur_gripper_gazebo/local_setup.zsh\n'}
[0.216103] (ur_gripper_gazebo) StdoutLine: {'line': b'-- Up-to-date: /home/yadhu/ur3e/install/ur_gripper_gazebo/share/ur_gripper_gazebo/local_setup.dsv\n'}
[0.217332] (ur_gripper_gazebo) StdoutLine: {'line': b'-- Up-to-date: /home/yadhu/ur3e/install/ur_gripper_gazebo/share/ur_gripper_gazebo/package.dsv\n'}
[0.217633] (ur_gripper_gazebo) StdoutLine: {'line': b'-- Up-to-date: /home/yadhu/ur3e/install/ur_gripper_gazebo/share/ament_index/resource_index/packages/ur_gripper_gazebo\n'}
[0.217767] (ur_gripper_gazebo) StdoutLine: {'line': b'-- Up-to-date: /home/yadhu/ur3e/install/ur_gripper_gazebo/share/ur_gripper_gazebo/cmake/ur_gripper_gazeboConfig.cmake\n'}
[0.217882] (ur_gripper_gazebo) StdoutLine: {'line': b'-- Up-to-date: /home/yadhu/ur3e/install/ur_gripper_gazebo/share/ur_gripper_gazebo/cmake/ur_gripper_gazeboConfig-version.cmake\n'}
[0.217981] (ur_gripper_gazebo) StdoutLine: {'line': b'-- Up-to-date: /home/yadhu/ur3e/install/ur_gripper_gazebo/share/ur_gripper_gazebo/package.xml\n'}
[0.218252] (ur_gripper_gazebo) CommandEnded: {'returncode': 0}
[0.256582] (ur_gripper_gazebo) JobEnded: {'identifier': 'ur_gripper_gazebo', 'rc': 0}
[0.257885] (cppfile) JobStarted: {'identifier': 'cppfile'}
[0.261440] (pyfile) JobStarted: {'identifier': 'pyfile'}
[0.275947] (ur_moveit_config) JobStarted: {'identifier': 'ur_moveit_config'}
[0.281511] (cppfile) JobProgress: {'identifier': 'cppfile', 'progress': 'cmake'}
[0.281985] (cppfile) JobProgress: {'identifier': 'cppfile', 'progress': 'build'}
[0.282734] (cppfile) Command: {'cmd': ['/usr/bin/cmake', '--build', '/home/yadhu/ur3e/build/cppfile', '--', '-j16', '-l16'], 'cwd': '/home/yadhu/ur3e/build/cppfile', 'env': OrderedDict([('HOSTNAME', 'yadhuk'), ('GIT_ASKPASS', '/vscode/vscode-server/bin/linux-x64/138f619c86f1199955d53b4166bef66ef252935c/extensions/git/dist/askpass.sh'), ('SHLVL', '2'), ('LD_LIBRARY_PATH', '/usr/lib/x86_64-linux-gnu/gazebo-11/plugins:/opt/ros/humble/opt/rviz_ogre_vendor/lib:/opt/ros/humble/lib/x86_64-linux-gnu:/opt/ros/humble/lib'), ('BROWSER', '/vscode/vscode-server/bin/linux-x64/138f619c86f1199955d53b4166bef66ef252935c/bin/helpers/browser.sh'), ('HOME', '/home/yadhu'), ('TERM_PROGRAM_VERSION', '1.96.0'), ('VSCODE_IPC_HOOK_CLI', '/tmp/vscode-ipc-171a4022-fd1d-4aac-a031-e9fb1361d7a9.sock'), ('ROS_PYTHON_VERSION', '3'), ('VSCODE_GIT_ASKPASS_MAIN', '/vscode/vscode-server/bin/linux-x64/138f619c86f1199955d53b4166bef66ef252935c/extensions/git/dist/askpass-main.js'), ('VSCODE_GIT_ASKPASS_NODE', '/vscode/vscode-server/bin/linux-x64/138f619c86f1199955d53b4166bef66ef252935c/node'), ('COLORTERM', 'truecolor'), ('REMOTE_CONTAINERS', 'true'), ('COLCON_PREFIX_PATH', '/home/yadhu/ur3e/install'), ('ROS_DISTRO', 'humble'), ('REMOTE_CONTAINERS_IPC', '/tmp/vscode-remote-containers-ipc-be85f09e-c009-429d-9537-292811278ff2.sock'), ('_', '/usr/bin/colcon'), ('ROS_VERSION', '2'), ('TERM', 'xterm-256color'), ('ROS_LOCALHOST_ONLY', '0'), ('PATH', '/vscode/vscode-server/bin/linux-x64/138f619c86f1199955d53b4166bef66ef252935c/bin/remote-cli:/opt/ros/humble/bin:/usr/local/sbin:/usr/local/bin:/usr/sbin:/usr/bin:/sbin:/bin'), ('REMOTE_CONTAINERS_SOCKETS', '["/tmp/vscode-ssh-auth-be85f09e-c009-429d-9537-292811278ff2.sock","/home/yadhu/.gnupg/S.gpg-agent"]'), ('DISPLAY', ':1'), ('LANG', 'C.UTF-8'), ('RMW_IMPLEMENTATION', 'rmw_cyclonedds_cpp'), ('LS_COLORS', 'rs=0:di=01;34:ln=01;36:mh=00:pi=40;33:so=01;35:do=01;35:bd=40;33;01:cd=40;33;01:or=40;31;01:mi=00:su=37;41:sg=30;43:ca=30;41:tw=30;42:ow=34;42:st=37;44:ex=01;32:*.tar=01;31:*.tgz=01;31:*.arc=01;31:*.arj=01;31:*.taz=01;31:*.lha=01;31:*.lz4=01;31:*.lzh=01;31:*.lzma=01;31:*.tlz=01;31:*.txz=01;31:*.tzo=01;31:*.t7z=01;31:*.zip=01;31:*.z=01;31:*.dz=01;31:*.gz=01;31:*.lrz=01;31:*.lz=01;31:*.lzo=01;31:*.xz=01;31:*.zst=01;31:*.tzst=01;31:*.bz2=01;31:*.bz=01;31:*.tbz=01;31:*.tbz2=01;31:*.tz=01;31:*.deb=01;31:*.rpm=01;31:*.jar=01;31:*.war=01;31:*.ear=01;31:*.sar=01;31:*.rar=01;31:*.alz=01;31:*.ace=01;31:*.zoo=01;31:*.cpio=01;31:*.7z=01;31:*.rz=01;31:*.cab=01;31:*.wim=01;31:*.swm=01;31:*.dwm=01;31:*.esd=01;31:*.jpg=01;35:*.jpeg=01;35:*.mjpg=01;35:*.mjpeg=01;35:*.gif=01;35:*.bmp=01;35:*.pbm=01;35:*.pgm=01;35:*.ppm=01;35:*.tga=01;35:*.xbm=01;35:*.xpm=01;35:*.tif=01;35:*.tiff=01;35:*.png=01;35:*.svg=01;35:*.svgz=01;35:*.mng=01;35:*.pcx=01;35:*.mov=01;35:*.mpg=01;35:*.mpeg=01;35:*.m2v=01;35:*.mkv=01;35:*.webm=01;35:*.webp=01;35:*.ogm=01;35:*.mp4=01;35:*.m4v=01;35:*.mp4v=01;35:*.vob=01;35:*.qt=01;35:*.nuv=01;35:*.wmv=01;35:*.asf=01;35:*.rm=01;35:*.rmvb=01;35:*.flc=01;35:*.avi=01;35:*.fli=01;35:*.flv=01;35:*.gl=01;35:*.dl=01;35:*.xcf=01;35:*.xwd=01;35:*.yuv=01;35:*.cgm=01;35:*.emf=01;35:*.ogv=01;35:*.ogx=01;35:*.aac=00;36:*.au=00;36:*.flac=00;36:*.m4a=00;36:*.mid=00;36:*.midi=00;36:*.mka=00;36:*.mp3=00;36:*.mpc=00;36:*.ogg=00;36:*.ra=00;36:*.wav=00;36:*.oga=00;36:*.opus=00;36:*.spx=00;36:*.xspf=00;36:'), ('VSCODE_GIT_IPC_HANDLE', '/tmp/vscode-git-09c052f1c4.sock'), ('TERM_PROGRAM', 'vscode'), ('SSH_AUTH_SOCK', '/tmp/vscode-ssh-auth-be85f09e-c009-429d-9537-292811278ff2.sock'), ('ROS_DOMAIN_ID', '42'), ('AMENT_PREFIX_PATH', '/home/yadhu/ur3e/install/ur_moveit_config:/home/yadhu/ur3e/install/pyfile:/home/yadhu/ur3e/install/cppfile:/home/yadhu/ur3e/install/ur_gripper_gazebo:/home/yadhu/ur3e/install/ur_description:/home/yadhu/ur3e/install/robotiq_description:/opt/ros/humble'), ('SHELL', '/bin/bash'), ('ROS_AUTOMATIC_DISCOVERY_RANGE', 'LOCALHOST'), ('VSCODE_GIT_ASKPASS_EXTRA_ARGS', ''), ('PWD', '/home/yadhu/ur3e/build/cppfile'), ('LC_ALL', 'C.UTF-8'), ('PYTHONPATH', '/home/yadhu/ur3e/install/ur_moveit_config/local/lib/python3.10/dist-packages:/home/yadhu/ur3e/install/pyfile/lib/python3.10/site-packages:/opt/ros/humble/lib/python3.10/site-packages:/opt/ros/humble/local/lib/python3.10/dist-packages'), ('COLCON', '1'), ('CMAKE_PREFIX_PATH', '/home/yadhu/ur3e/install/ur_gripper_gazebo:/home/yadhu/ur3e/install/ur_description:/home/yadhu/ur3e/install/ur_moveit_config:/home/yadhu/ur3e/install/cppfile:/home/yadhu/ur3e/install/robotiq_description:/home/yadhu/ur3e/install/pyfile:/opt/ros/humble')]), 'shell': False}
[0.300040] (-) TimerEvent: {}
[0.400354] (-) TimerEvent: {}
[0.473590] (cppfile) StdoutLine: {'line': b'\x1b[35m\x1b[1mConsolidate compiler generated dependencies of target simple_moveit_interface\x1b[0m\n'}
[0.473977] (cppfile) StdoutLine: {'line': b'[100%] Built target simple_moveit_interface\n'}
[0.474069] (ur_moveit_config) JobProgress: {'identifier': 'ur_moveit_config', 'progress': 'cmake'}
[0.474404] (ur_moveit_config) JobProgress: {'identifier': 'ur_moveit_config', 'progress': 'build'}
[0.474649] (ur_moveit_config) Command: {'cmd': ['/usr/bin/cmake', '--build', '/home/yadhu/ur3e/build/ur_moveit_config', '--', '-j16', '-l16'], 'cwd': '/home/yadhu/ur3e/build/ur_moveit_config', 'env': OrderedDict([('HOSTNAME', 'yadhuk'), ('GIT_ASKPASS', '/vscode/vscode-server/bin/linux-x64/138f619c86f1199955d53b4166bef66ef252935c/extensions/git/dist/askpass.sh'), ('SHLVL', '2'), ('LD_LIBRARY_PATH', '/usr/lib/x86_64-linux-gnu/gazebo-11/plugins:/opt/ros/humble/opt/rviz_ogre_vendor/lib:/opt/ros/humble/lib/x86_64-linux-gnu:/opt/ros/humble/lib'), ('BROWSER', '/vscode/vscode-server/bin/linux-x64/138f619c86f1199955d53b4166bef66ef252935c/bin/helpers/browser.sh'), ('HOME', '/home/yadhu'), ('TERM_PROGRAM_VERSION', '1.96.0'), ('VSCODE_IPC_HOOK_CLI', '/tmp/vscode-ipc-171a4022-fd1d-4aac-a031-e9fb1361d7a9.sock'), ('ROS_PYTHON_VERSION', '3'), ('VSCODE_GIT_ASKPASS_MAIN', '/vscode/vscode-server/bin/linux-x64/138f619c86f1199955d53b4166bef66ef252935c/extensions/git/dist/askpass-main.js'), ('VSCODE_GIT_ASKPASS_NODE', '/vscode/vscode-server/bin/linux-x64/138f619c86f1199955d53b4166bef66ef252935c/node'), ('COLORTERM', 'truecolor'), ('REMOTE_CONTAINERS', 'true'), ('COLCON_PREFIX_PATH', '/home/yadhu/ur3e/install'), ('ROS_DISTRO', 'humble'), ('REMOTE_CONTAINERS_IPC', '/tmp/vscode-remote-containers-ipc-be85f09e-c009-429d-9537-292811278ff2.sock'), ('_', '/usr/bin/colcon'), ('ROS_VERSION', '2'), ('TERM', 'xterm-256color'), ('ROS_LOCALHOST_ONLY', '0'), ('PATH', '/vscode/vscode-server/bin/linux-x64/138f619c86f1199955d53b4166bef66ef252935c/bin/remote-cli:/opt/ros/humble/bin:/usr/local/sbin:/usr/local/bin:/usr/sbin:/usr/bin:/sbin:/bin'), ('REMOTE_CONTAINERS_SOCKETS', '["/tmp/vscode-ssh-auth-be85f09e-c009-429d-9537-292811278ff2.sock","/home/yadhu/.gnupg/S.gpg-agent"]'), ('DISPLAY', ':1'), ('LANG', 'C.UTF-8'), ('RMW_IMPLEMENTATION', 'rmw_cyclonedds_cpp'), ('LS_COLORS', 'rs=0:di=01;34:ln=01;36:mh=00:pi=40;33:so=01;35:do=01;35:bd=40;33;01:cd=40;33;01:or=40;31;01:mi=00:su=37;41:sg=30;43:ca=30;41:tw=30;42:ow=34;42:st=37;44:ex=01;32:*.tar=01;31:*.tgz=01;31:*.arc=01;31:*.arj=01;31:*.taz=01;31:*.lha=01;31:*.lz4=01;31:*.lzh=01;31:*.lzma=01;31:*.tlz=01;31:*.txz=01;31:*.tzo=01;31:*.t7z=01;31:*.zip=01;31:*.z=01;31:*.dz=01;31:*.gz=01;31:*.lrz=01;31:*.lz=01;31:*.lzo=01;31:*.xz=01;31:*.zst=01;31:*.tzst=01;31:*.bz2=01;31:*.bz=01;31:*.tbz=01;31:*.tbz2=01;31:*.tz=01;31:*.deb=01;31:*.rpm=01;31:*.jar=01;31:*.war=01;31:*.ear=01;31:*.sar=01;31:*.rar=01;31:*.alz=01;31:*.ace=01;31:*.zoo=01;31:*.cpio=01;31:*.7z=01;31:*.rz=01;31:*.cab=01;31:*.wim=01;31:*.swm=01;31:*.dwm=01;31:*.esd=01;31:*.jpg=01;35:*.jpeg=01;35:*.mjpg=01;35:*.mjpeg=01;35:*.gif=01;35:*.bmp=01;35:*.pbm=01;35:*.pgm=01;35:*.ppm=01;35:*.tga=01;35:*.xbm=01;35:*.xpm=01;35:*.tif=01;35:*.tiff=01;35:*.png=01;35:*.svg=01;35:*.svgz=01;35:*.mng=01;35:*.pcx=01;35:*.mov=01;35:*.mpg=01;35:*.mpeg=01;35:*.m2v=01;35:*.mkv=01;35:*.webm=01;35:*.webp=01;35:*.ogm=01;35:*.mp4=01;35:*.m4v=01;35:*.mp4v=01;35:*.vob=01;35:*.qt=01;35:*.nuv=01;35:*.wmv=01;35:*.asf=01;35:*.rm=01;35:*.rmvb=01;35:*.flc=01;35:*.avi=01;35:*.fli=01;35:*.flv=01;35:*.gl=01;35:*.dl=01;35:*.xcf=01;35:*.xwd=01;35:*.yuv=01;35:*.cgm=01;35:*.emf=01;35:*.ogv=01;35:*.ogx=01;35:*.aac=00;36:*.au=00;36:*.flac=00;36:*.m4a=00;36:*.mid=00;36:*.midi=00;36:*.mka=00;36:*.mp3=00;36:*.mpc=00;36:*.ogg=00;36:*.ra=00;36:*.wav=00;36:*.oga=00;36:*.opus=00;36:*.spx=00;36:*.xspf=00;36:'), ('VSCODE_GIT_IPC_HANDLE', '/tmp/vscode-git-09c052f1c4.sock'), ('TERM_PROGRAM', 'vscode'), ('SSH_AUTH_SOCK', '/tmp/vscode-ssh-auth-be85f09e-c009-429d-9537-292811278ff2.sock'), ('ROS_DOMAIN_ID', '42'), ('AMENT_PREFIX_PATH', '/home/yadhu/ur3e/install/ur_moveit_config:/home/yadhu/ur3e/install/pyfile:/home/yadhu/ur3e/install/cppfile:/home/yadhu/ur3e/install/ur_gripper_gazebo:/home/yadhu/ur3e/install/ur_description:/home/yadhu/ur3e/install/robotiq_description:/opt/ros/humble'), ('SHELL', '/bin/bash'), ('ROS_AUTOMATIC_DISCOVERY_RANGE', 'LOCALHOST'), ('VSCODE_GIT_ASKPASS_EXTRA_ARGS', ''), ('PWD', '/home/yadhu/ur3e/build/ur_moveit_config'), ('LC_ALL', 'C.UTF-8'), ('PYTHONPATH', '/home/yadhu/ur3e/install/ur_moveit_config/local/lib/python3.10/dist-packages:/home/yadhu/ur3e/install/pyfile/lib/python3.10/site-packages:/opt/ros/humble/lib/python3.10/site-packages:/opt/ros/humble/local/lib/python3.10/dist-packages'), ('COLCON', '1'), ('CMAKE_PREFIX_PATH', '/home/yadhu/ur3e/install/ur_gripper_gazebo:/home/yadhu/ur3e/install/ur_description:/home/yadhu/ur3e/install/robotiq_description:/home/yadhu/ur3e/install/ur_moveit_config:/home/yadhu/ur3e/install/cppfile:/home/yadhu/ur3e/install/pyfile:/opt/ros/humble')]), 'shell': False}
[0.476594] (cppfile) CommandEnded: {'returncode': 0}
[0.499139] (cppfile) JobProgress: {'identifier': 'cppfile', 'progress': 'install'}
[0.499683] (cppfile) Command: {'cmd': ['/usr/bin/cmake', '--install', '/home/yadhu/ur3e/build/cppfile'], 'cwd': '/home/yadhu/ur3e/build/cppfile', 'env': OrderedDict([('HOSTNAME', 'yadhuk'), ('GIT_ASKPASS', '/vscode/vscode-server/bin/linux-x64/138f619c86f1199955d53b4166bef66ef252935c/extensions/git/dist/askpass.sh'), ('SHLVL', '2'), ('LD_LIBRARY_PATH', '/usr/lib/x86_64-linux-gnu/gazebo-11/plugins:/opt/ros/humble/opt/rviz_ogre_vendor/lib:/opt/ros/humble/lib/x86_64-linux-gnu:/opt/ros/humble/lib'), ('BROWSER', '/vscode/vscode-server/bin/linux-x64/138f619c86f1199955d53b4166bef66ef252935c/bin/helpers/browser.sh'), ('HOME', '/home/yadhu'), ('TERM_PROGRAM_VERSION', '1.96.0'), ('VSCODE_IPC_HOOK_CLI', '/tmp/vscode-ipc-171a4022-fd1d-4aac-a031-e9fb1361d7a9.sock'), ('ROS_PYTHON_VERSION', '3'), ('VSCODE_GIT_ASKPASS_MAIN', '/vscode/vscode-server/bin/linux-x64/138f619c86f1199955d53b4166bef66ef252935c/extensions/git/dist/askpass-main.js'), ('VSCODE_GIT_ASKPASS_NODE', '/vscode/vscode-server/bin/linux-x64/138f619c86f1199955d53b4166bef66ef252935c/node'), ('COLORTERM', 'truecolor'), ('REMOTE_CONTAINERS', 'true'), ('COLCON_PREFIX_PATH', '/home/yadhu/ur3e/install'), ('ROS_DISTRO', 'humble'), ('REMOTE_CONTAINERS_IPC', '/tmp/vscode-remote-containers-ipc-be85f09e-c009-429d-9537-292811278ff2.sock'), ('_', '/usr/bin/colcon'), ('ROS_VERSION', '2'), ('TERM', 'xterm-256color'), ('ROS_LOCALHOST_ONLY', '0'), ('PATH', '/vscode/vscode-server/bin/linux-x64/138f619c86f1199955d53b4166bef66ef252935c/bin/remote-cli:/opt/ros/humble/bin:/usr/local/sbin:/usr/local/bin:/usr/sbin:/usr/bin:/sbin:/bin'), ('REMOTE_CONTAINERS_SOCKETS', '["/tmp/vscode-ssh-auth-be85f09e-c009-429d-9537-292811278ff2.sock","/home/yadhu/.gnupg/S.gpg-agent"]'), ('DISPLAY', ':1'), ('LANG', 'C.UTF-8'), ('RMW_IMPLEMENTATION', 'rmw_cyclonedds_cpp'), ('LS_COLORS', 'rs=0:di=01;34:ln=01;36:mh=00:pi=40;33:so=01;35:do=01;35:bd=40;33;01:cd=40;33;01:or=40;31;01:mi=00:su=37;41:sg=30;43:ca=30;41:tw=30;42:ow=34;42:st=37;44:ex=01;32:*.tar=01;31:*.tgz=01;31:*.arc=01;31:*.arj=01;31:*.taz=01;31:*.lha=01;31:*.lz4=01;31:*.lzh=01;31:*.lzma=01;31:*.tlz=01;31:*.txz=01;31:*.tzo=01;31:*.t7z=01;31:*.zip=01;31:*.z=01;31:*.dz=01;31:*.gz=01;31:*.lrz=01;31:*.lz=01;31:*.lzo=01;31:*.xz=01;31:*.zst=01;31:*.tzst=01;31:*.bz2=01;31:*.bz=01;31:*.tbz=01;31:*.tbz2=01;31:*.tz=01;31:*.deb=01;31:*.rpm=01;31:*.jar=01;31:*.war=01;31:*.ear=01;31:*.sar=01;31:*.rar=01;31:*.alz=01;31:*.ace=01;31:*.zoo=01;31:*.cpio=01;31:*.7z=01;31:*.rz=01;31:*.cab=01;31:*.wim=01;31:*.swm=01;31:*.dwm=01;31:*.esd=01;31:*.jpg=01;35:*.jpeg=01;35:*.mjpg=01;35:*.mjpeg=01;35:*.gif=01;35:*.bmp=01;35:*.pbm=01;35:*.pgm=01;35:*.ppm=01;35:*.tga=01;35:*.xbm=01;35:*.xpm=01;35:*.tif=01;35:*.tiff=01;35:*.png=01;35:*.svg=01;35:*.svgz=01;35:*.mng=01;35:*.pcx=01;35:*.mov=01;35:*.mpg=01;35:*.mpeg=01;35:*.m2v=01;35:*.mkv=01;35:*.webm=01;35:*.webp=01;35:*.ogm=01;35:*.mp4=01;35:*.m4v=01;35:*.mp4v=01;35:*.vob=01;35:*.qt=01;35:*.nuv=01;35:*.wmv=01;35:*.asf=01;35:*.rm=01;35:*.rmvb=01;35:*.flc=01;35:*.avi=01;35:*.fli=01;35:*.flv=01;35:*.gl=01;35:*.dl=01;35:*.xcf=01;35:*.xwd=01;35:*.yuv=01;35:*.cgm=01;35:*.emf=01;35:*.ogv=01;35:*.ogx=01;35:*.aac=00;36:*.au=00;36:*.flac=00;36:*.m4a=00;36:*.mid=00;36:*.midi=00;36:*.mka=00;36:*.mp3=00;36:*.mpc=00;36:*.ogg=00;36:*.ra=00;36:*.wav=00;36:*.oga=00;36:*.opus=00;36:*.spx=00;36:*.xspf=00;36:'), ('VSCODE_GIT_IPC_HANDLE', '/tmp/vscode-git-09c052f1c4.sock'), ('TERM_PROGRAM', 'vscode'), ('SSH_AUTH_SOCK', '/tmp/vscode-ssh-auth-be85f09e-c009-429d-9537-292811278ff2.sock'), ('ROS_DOMAIN_ID', '42'), ('AMENT_PREFIX_PATH', '/home/yadhu/ur3e/install/ur_moveit_config:/home/yadhu/ur3e/install/pyfile:/home/yadhu/ur3e/install/cppfile:/home/yadhu/ur3e/install/ur_gripper_gazebo:/home/yadhu/ur3e/install/ur_description:/home/yadhu/ur3e/install/robotiq_description:/opt/ros/humble'), ('SHELL', '/bin/bash'), ('ROS_AUTOMATIC_DISCOVERY_RANGE', 'LOCALHOST'), ('VSCODE_GIT_ASKPASS_EXTRA_ARGS', ''), ('PWD', '/home/yadhu/ur3e/build/cppfile'), ('LC_ALL', 'C.UTF-8'), ('PYTHONPATH', '/home/yadhu/ur3e/install/ur_moveit_config/local/lib/python3.10/dist-packages:/home/yadhu/ur3e/install/pyfile/lib/python3.10/site-packages:/opt/ros/humble/lib/python3.10/site-packages:/opt/ros/humble/local/lib/python3.10/dist-packages'), ('COLCON', '1'), ('CMAKE_PREFIX_PATH', '/home/yadhu/ur3e/install/ur_gripper_gazebo:/home/yadhu/ur3e/install/ur_description:/home/yadhu/ur3e/install/ur_moveit_config:/home/yadhu/ur3e/install/cppfile:/home/yadhu/ur3e/install/robotiq_description:/home/yadhu/ur3e/install/pyfile:/opt/ros/humble')]), 'shell': False}
[0.500488] (-) TimerEvent: {}
[0.506283] (cppfile) StdoutLine: {'line': b'-- Install configuration: ""\n'}
[0.506546] (cppfile) StdoutLine: {'line': b'-- Up-to-date: /home/yadhu/ur3e/install/cppfile/lib/cppfile/simple_moveit_interface\n'}
[0.506693] (cppfile) StdoutLine: {'line': b'-- Up-to-date: /home/yadhu/ur3e/install/cppfile/share/ament_index/resource_index/package_run_dependencies/cppfile\n'}
[0.506802] (cppfile) StdoutLine: {'line': b'-- Up-to-date: /home/yadhu/ur3e/install/cppfile/share/ament_index/resource_index/parent_prefix_path/cppfile\n'}
[0.506844] (cppfile) StdoutLine: {'line': b'-- Up-to-date: /home/yadhu/ur3e/install/cppfile/share/cppfile/environment/ament_prefix_path.sh\n'}
[0.506882] (cppfile) StdoutLine: {'line': b'-- Up-to-date: /home/yadhu/ur3e/install/cppfile/share/cppfile/environment/ament_prefix_path.dsv\n'}
[0.506916] (cppfile) StdoutLine: {'line': b'-- Up-to-date: /home/yadhu/ur3e/install/cppfile/share/cppfile/environment/path.sh\n'}
[0.506983] (cppfile) StdoutLine: {'line': b'-- Up-to-date: /home/yadhu/ur3e/install/cppfile/share/cppfile/environment/path.dsv\n'}
[0.507020] (cppfile) StdoutLine: {'line': b'-- Up-to-date: /home/yadhu/ur3e/install/cppfile/share/cppfile/local_setup.bash\n'}
[0.507055] (cppfile) StdoutLine: {'line': b'-- Up-to-date: /home/yadhu/ur3e/install/cppfile/share/cppfile/local_setup.sh\n'}
[0.507090] (cppfile) StdoutLine: {'line': b'-- Up-to-date: /home/yadhu/ur3e/install/cppfile/share/cppfile/local_setup.zsh\n'}
[0.507174] (cppfile) StdoutLine: {'line': b'-- Up-to-date: /home/yadhu/ur3e/install/cppfile/share/cppfile/local_setup.dsv\n'}
[0.507212] (cppfile) StdoutLine: {'line': b'-- Installing: /home/yadhu/ur3e/install/cppfile/share/cppfile/package.dsv\n'}
[0.507250] (cppfile) StdoutLine: {'line': b'-- Up-to-date: /home/yadhu/ur3e/install/cppfile/share/ament_index/resource_index/packages/cppfile\n'}
[0.507332] (cppfile) StdoutLine: {'line': b'-- Up-to-date: /home/yadhu/ur3e/install/cppfile/share/cppfile/cmake/cppfileConfig.cmake\n'}
[0.507372] (cppfile) StdoutLine: {'line': b'-- Up-to-date: /home/yadhu/ur3e/install/cppfile/share/cppfile/cmake/cppfileConfig-version.cmake\n'}
[0.507411] (cppfile) StdoutLine: {'line': b'-- Up-to-date: /home/yadhu/ur3e/install/cppfile/share/cppfile/package.xml\n'}
[0.508466] (cppfile) CommandEnded: {'returncode': 0}
[0.523834] (ur_moveit_config) StdoutLine: {'line': b'Built target ament_cmake_python_copy_ur_moveit_config\n'}
[0.541731] (cppfile) JobEnded: {'identifier': 'cppfile', 'rc': 0}
[0.600617] (-) TimerEvent: {}
[0.700859] (-) TimerEvent: {}
[0.711709] (ur_moveit_config) StdoutLine: {'line': b'running egg_info\n'}
[0.712573] (ur_moveit_config) StdoutLine: {'line': b'writing ur_moveit_config.egg-info/PKG-INFO\n'}
[0.712740] (ur_moveit_config) StdoutLine: {'line': b'writing dependency_links to ur_moveit_config.egg-info/dependency_links.txt\n'}
[0.712880] (ur_moveit_config) StdoutLine: {'line': b'writing top-level names to ur_moveit_config.egg-info/top_level.txt\n'}
[0.714744] (ur_moveit_config) StdoutLine: {'line': b"reading manifest file 'ur_moveit_config.egg-info/SOURCES.txt'\n"}
[0.715337] (ur_moveit_config) StdoutLine: {'line': b"writing manifest file 'ur_moveit_config.egg-info/SOURCES.txt'\n"}
[0.740353] (ur_moveit_config) StdoutLine: {'line': b'Built target ament_cmake_python_build_ur_moveit_config_egg\n'}
[0.749643] (ur_moveit_config) CommandEnded: {'returncode': 0}
[0.762402] (pyfile) Command: {'cmd': ['/usr/bin/python3', '-W', 'ignore:setup.py install is deprecated', 'setup.py', 'egg_info', '--egg-base', '../../build/pyfile', 'build', '--build-base', '/home/yadhu/ur3e/build/pyfile/build', 'install', '--record', '/home/yadhu/ur3e/build/pyfile/install.log', '--single-version-externally-managed', 'install_data'], 'cwd': '/home/yadhu/ur3e/src/pyfile', 'env': {'HOSTNAME': 'yadhuk', 'GIT_ASKPASS': '/vscode/vscode-server/bin/linux-x64/138f619c86f1199955d53b4166bef66ef252935c/extensions/git/dist/askpass.sh', 'SHLVL': '2', 'LD_LIBRARY_PATH': '/usr/lib/x86_64-linux-gnu/gazebo-11/plugins:/opt/ros/humble/opt/rviz_ogre_vendor/lib:/opt/ros/humble/lib/x86_64-linux-gnu:/opt/ros/humble/lib', 'BROWSER': '/vscode/vscode-server/bin/linux-x64/138f619c86f1199955d53b4166bef66ef252935c/bin/helpers/browser.sh', 'HOME': '/home/yadhu', 'TERM_PROGRAM_VERSION': '1.96.0', 'VSCODE_IPC_HOOK_CLI': '/tmp/vscode-ipc-171a4022-fd1d-4aac-a031-e9fb1361d7a9.sock', 'ROS_PYTHON_VERSION': '3', 'VSCODE_GIT_ASKPASS_MAIN': '/vscode/vscode-server/bin/linux-x64/138f619c86f1199955d53b4166bef66ef252935c/extensions/git/dist/askpass-main.js', 'VSCODE_GIT_ASKPASS_NODE': '/vscode/vscode-server/bin/linux-x64/138f619c86f1199955d53b4166bef66ef252935c/node', 'COLORTERM': 'truecolor', 'REMOTE_CONTAINERS': 'true', 'COLCON_PREFIX_PATH': '/home/yadhu/ur3e/install', 'ROS_DISTRO': 'humble', 'REMOTE_CONTAINERS_IPC': '/tmp/vscode-remote-containers-ipc-be85f09e-c009-429d-9537-292811278ff2.sock', '_': '/usr/bin/colcon', 'ROS_VERSION': '2', 'TERM': 'xterm-256color', 'ROS_LOCALHOST_ONLY': '0', 'PATH': '/vscode/vscode-server/bin/linux-x64/138f619c86f1199955d53b4166bef66ef252935c/bin/remote-cli:/opt/ros/humble/bin:/usr/local/sbin:/usr/local/bin:/usr/sbin:/usr/bin:/sbin:/bin', 'REMOTE_CONTAINERS_SOCKETS': '["/tmp/vscode-ssh-auth-be85f09e-c009-429d-9537-292811278ff2.sock","/home/yadhu/.gnupg/S.gpg-agent"]', 'DISPLAY': ':1', 'LANG': 'C.UTF-8', 'RMW_IMPLEMENTATION': 'rmw_cyclonedds_cpp', 'LS_COLORS': 'rs=0:di=01;34:ln=01;36:mh=00:pi=40;33:so=01;35:do=01;35:bd=40;33;01:cd=40;33;01:or=40;31;01:mi=00:su=37;41:sg=30;43:ca=30;41:tw=30;42:ow=34;42:st=37;44:ex=01;32:*.tar=01;31:*.tgz=01;31:*.arc=01;31:*.arj=01;31:*.taz=01;31:*.lha=01;31:*.lz4=01;31:*.lzh=01;31:*.lzma=01;31:*.tlz=01;31:*.txz=01;31:*.tzo=01;31:*.t7z=01;31:*.zip=01;31:*.z=01;31:*.dz=01;31:*.gz=01;31:*.lrz=01;31:*.lz=01;31:*.lzo=01;31:*.xz=01;31:*.zst=01;31:*.tzst=01;31:*.bz2=01;31:*.bz=01;31:*.tbz=01;31:*.tbz2=01;31:*.tz=01;31:*.deb=01;31:*.rpm=01;31:*.jar=01;31:*.war=01;31:*.ear=01;31:*.sar=01;31:*.rar=01;31:*.alz=01;31:*.ace=01;31:*.zoo=01;31:*.cpio=01;31:*.7z=01;31:*.rz=01;31:*.cab=01;31:*.wim=01;31:*.swm=01;31:*.dwm=01;31:*.esd=01;31:*.jpg=01;35:*.jpeg=01;35:*.mjpg=01;35:*.mjpeg=01;35:*.gif=01;35:*.bmp=01;35:*.pbm=01;35:*.pgm=01;35:*.ppm=01;35:*.tga=01;35:*.xbm=01;35:*.xpm=01;35:*.tif=01;35:*.tiff=01;35:*.png=01;35:*.svg=01;35:*.svgz=01;35:*.mng=01;35:*.pcx=01;35:*.mov=01;35:*.mpg=01;35:*.mpeg=01;35:*.m2v=01;35:*.mkv=01;35:*.webm=01;35:*.webp=01;35:*.ogm=01;35:*.mp4=01;35:*.m4v=01;35:*.mp4v=01;35:*.vob=01;35:*.qt=01;35:*.nuv=01;35:*.wmv=01;35:*.asf=01;35:*.rm=01;35:*.rmvb=01;35:*.flc=01;35:*.avi=01;35:*.fli=01;35:*.flv=01;35:*.gl=01;35:*.dl=01;35:*.xcf=01;35:*.xwd=01;35:*.yuv=01;35:*.cgm=01;35:*.emf=01;35:*.ogv=01;35:*.ogx=01;35:*.aac=00;36:*.au=00;36:*.flac=00;36:*.m4a=00;36:*.mid=00;36:*.midi=00;36:*.mka=00;36:*.mp3=00;36:*.mpc=00;36:*.ogg=00;36:*.ra=00;36:*.wav=00;36:*.oga=00;36:*.opus=00;36:*.spx=00;36:*.xspf=00;36:', 'VSCODE_GIT_IPC_HANDLE': '/tmp/vscode-git-09c052f1c4.sock', 'TERM_PROGRAM': 'vscode', 'SSH_AUTH_SOCK': '/tmp/vscode-ssh-auth-be85f09e-c009-429d-9537-292811278ff2.sock', 'ROS_DOMAIN_ID': '42', 'AMENT_PREFIX_PATH': '/home/yadhu/ur3e/install/ur_moveit_config:/home/yadhu/ur3e/install/pyfile:/home/yadhu/ur3e/install/cppfile:/home/yadhu/ur3e/install/ur_gripper_gazebo:/home/yadhu/ur3e/install/ur_description:/home/yadhu/ur3e/install/robotiq_description:/opt/ros/humble', 'SHELL': '/bin/bash', 'ROS_AUTOMATIC_DISCOVERY_RANGE': 'LOCALHOST', 'VSCODE_GIT_ASKPASS_EXTRA_ARGS': '', 'PWD': '/home/yadhu/ur3e/build/pyfile', 'LC_ALL': 'C.UTF-8', 'PYTHONPATH': '/home/yadhu/ur3e/build/pyfile/prefix_override:/usr/lib/python3/dist-packages/colcon_core/task/python/colcon_distutils_commands:/home/yadhu/ur3e/install/pyfile/lib/python3.10/site-packages:/home/yadhu/ur3e/install/ur_moveit_config/local/lib/python3.10/dist-packages:/home/yadhu/ur3e/install/pyfile/lib/python3.10/site-packages:/opt/ros/humble/lib/python3.10/site-packages:/opt/ros/humble/local/lib/python3.10/dist-packages', 'COLCON': '1', 'CMAKE_PREFIX_PATH': '/home/yadhu/ur3e/install/ur_gripper_gazebo:/home/yadhu/ur3e/install/ur_description:/home/yadhu/ur3e/install/ur_moveit_config:/home/yadhu/ur3e/install/cppfile:/home/yadhu/ur3e/install/robotiq_description'}, 'shell': False}
[0.773201] (ur_moveit_config) JobProgress: {'identifier': 'ur_moveit_config', 'progress': 'install'}
[0.773552] (ur_moveit_config) Command: {'cmd': ['/usr/bin/cmake', '--install', '/home/yadhu/ur3e/build/ur_moveit_config'], 'cwd': '/home/yadhu/ur3e/build/ur_moveit_config', 'env': OrderedDict([('HOSTNAME', 'yadhuk'), ('GIT_ASKPASS', '/vscode/vscode-server/bin/linux-x64/138f619c86f1199955d53b4166bef66ef252935c/extensions/git/dist/askpass.sh'), ('SHLVL', '2'), ('LD_LIBRARY_PATH', '/usr/lib/x86_64-linux-gnu/gazebo-11/plugins:/opt/ros/humble/opt/rviz_ogre_vendor/lib:/opt/ros/humble/lib/x86_64-linux-gnu:/opt/ros/humble/lib'), ('BROWSER', '/vscode/vscode-server/bin/linux-x64/138f619c86f1199955d53b4166bef66ef252935c/bin/helpers/browser.sh'), ('HOME', '/home/yadhu'), ('TERM_PROGRAM_VERSION', '1.96.0'), ('VSCODE_IPC_HOOK_CLI', '/tmp/vscode-ipc-171a4022-fd1d-4aac-a031-e9fb1361d7a9.sock'), ('ROS_PYTHON_VERSION', '3'), ('VSCODE_GIT_ASKPASS_MAIN', '/vscode/vscode-server/bin/linux-x64/138f619c86f1199955d53b4166bef66ef252935c/extensions/git/dist/askpass-main.js'), ('VSCODE_GIT_ASKPASS_NODE', '/vscode/vscode-server/bin/linux-x64/138f619c86f1199955d53b4166bef66ef252935c/node'), ('COLORTERM', 'truecolor'), ('REMOTE_CONTAINERS', 'true'), ('COLCON_PREFIX_PATH', '/home/yadhu/ur3e/install'), ('ROS_DISTRO', 'humble'), ('REMOTE_CONTAINERS_IPC', '/tmp/vscode-remote-containers-ipc-be85f09e-c009-429d-9537-292811278ff2.sock'), ('_', '/usr/bin/colcon'), ('ROS_VERSION', '2'), ('TERM', 'xterm-256color'), ('ROS_LOCALHOST_ONLY', '0'), ('PATH', '/vscode/vscode-server/bin/linux-x64/138f619c86f1199955d53b4166bef66ef252935c/bin/remote-cli:/opt/ros/humble/bin:/usr/local/sbin:/usr/local/bin:/usr/sbin:/usr/bin:/sbin:/bin'), ('REMOTE_CONTAINERS_SOCKETS', '["/tmp/vscode-ssh-auth-be85f09e-c009-429d-9537-292811278ff2.sock","/home/yadhu/.gnupg/S.gpg-agent"]'), ('DISPLAY', ':1'), ('LANG', 'C.UTF-8'), ('RMW_IMPLEMENTATION', 'rmw_cyclonedds_cpp'), ('LS_COLORS', 'rs=0:di=01;34:ln=01;36:mh=00:pi=40;33:so=01;35:do=01;35:bd=40;33;01:cd=40;33;01:or=40;31;01:mi=00:su=37;41:sg=30;43:ca=30;41:tw=30;42:ow=34;42:st=37;44:ex=01;32:*.tar=01;31:*.tgz=01;31:*.arc=01;31:*.arj=01;31:*.taz=01;31:*.lha=01;31:*.lz4=01;31:*.lzh=01;31:*.lzma=01;31:*.tlz=01;31:*.txz=01;31:*.tzo=01;31:*.t7z=01;31:*.zip=01;31:*.z=01;31:*.dz=01;31:*.gz=01;31:*.lrz=01;31:*.lz=01;31:*.lzo=01;31:*.xz=01;31:*.zst=01;31:*.tzst=01;31:*.bz2=01;31:*.bz=01;31:*.tbz=01;31:*.tbz2=01;31:*.tz=01;31:*.deb=01;31:*.rpm=01;31:*.jar=01;31:*.war=01;31:*.ear=01;31:*.sar=01;31:*.rar=01;31:*.alz=01;31:*.ace=01;31:*.zoo=01;31:*.cpio=01;31:*.7z=01;31:*.rz=01;31:*.cab=01;31:*.wim=01;31:*.swm=01;31:*.dwm=01;31:*.esd=01;31:*.jpg=01;35:*.jpeg=01;35:*.mjpg=01;35:*.mjpeg=01;35:*.gif=01;35:*.bmp=01;35:*.pbm=01;35:*.pgm=01;35:*.ppm=01;35:*.tga=01;35:*.xbm=01;35:*.xpm=01;35:*.tif=01;35:*.tiff=01;35:*.png=01;35:*.svg=01;35:*.svgz=01;35:*.mng=01;35:*.pcx=01;35:*.mov=01;35:*.mpg=01;35:*.mpeg=01;35:*.m2v=01;35:*.mkv=01;35:*.webm=01;35:*.webp=01;35:*.ogm=01;35:*.mp4=01;35:*.m4v=01;35:*.mp4v=01;35:*.vob=01;35:*.qt=01;35:*.nuv=01;35:*.wmv=01;35:*.asf=01;35:*.rm=01;35:*.rmvb=01;35:*.flc=01;35:*.avi=01;35:*.fli=01;35:*.flv=01;35:*.gl=01;35:*.dl=01;35:*.xcf=01;35:*.xwd=01;35:*.yuv=01;35:*.cgm=01;35:*.emf=01;35:*.ogv=01;35:*.ogx=01;35:*.aac=00;36:*.au=00;36:*.flac=00;36:*.m4a=00;36:*.mid=00;36:*.midi=00;36:*.mka=00;36:*.mp3=00;36:*.mpc=00;36:*.ogg=00;36:*.ra=00;36:*.wav=00;36:*.oga=00;36:*.opus=00;36:*.spx=00;36:*.xspf=00;36:'), ('VSCODE_GIT_IPC_HANDLE', '/tmp/vscode-git-09c052f1c4.sock'), ('TERM_PROGRAM', 'vscode'), ('SSH_AUTH_SOCK', '/tmp/vscode-ssh-auth-be85f09e-c009-429d-9537-292811278ff2.sock'), ('ROS_DOMAIN_ID', '42'), ('AMENT_PREFIX_PATH', '/home/yadhu/ur3e/install/ur_moveit_config:/home/yadhu/ur3e/install/pyfile:/home/yadhu/ur3e/install/cppfile:/home/yadhu/ur3e/install/ur_gripper_gazebo:/home/yadhu/ur3e/install/ur_description:/home/yadhu/ur3e/install/robotiq_description:/opt/ros/humble'), ('SHELL', '/bin/bash'), ('ROS_AUTOMATIC_DISCOVERY_RANGE', 'LOCALHOST'), ('VSCODE_GIT_ASKPASS_EXTRA_ARGS', ''), ('PWD', '/home/yadhu/ur3e/build/ur_moveit_config'), ('LC_ALL', 'C.UTF-8'), ('PYTHONPATH', '/home/yadhu/ur3e/install/ur_moveit_config/local/lib/python3.10/dist-packages:/home/yadhu/ur3e/install/pyfile/lib/python3.10/site-packages:/opt/ros/humble/lib/python3.10/site-packages:/opt/ros/humble/local/lib/python3.10/dist-packages'), ('COLCON', '1'), ('CMAKE_PREFIX_PATH', '/home/yadhu/ur3e/install/ur_gripper_gazebo:/home/yadhu/ur3e/install/ur_description:/home/yadhu/ur3e/install/robotiq_description:/home/yadhu/ur3e/install/ur_moveit_config:/home/yadhu/ur3e/install/cppfile:/home/yadhu/ur3e/install/pyfile:/opt/ros/humble')]), 'shell': False}
[0.779795] (ur_moveit_config) StdoutLine: {'line': b'-- Install configuration: ""\n'}
[0.779942] (ur_moveit_config) StdoutLine: {'line': b'-- Up-to-date: /home/yadhu/ur3e/install/ur_moveit_config/share/ur_moveit_config/config\n'}
[0.779991] (ur_moveit_config) StdoutLine: {'line': b'-- Up-to-date: /home/yadhu/ur3e/install/ur_moveit_config/share/ur_moveit_config/config/controllers.yaml\n'}
[0.780034] (ur_moveit_config) StdoutLine: {'line': b'-- Up-to-date: /home/yadhu/ur3e/install/ur_moveit_config/share/ur_moveit_config/config/kinematics.yaml\n'}
[0.780075] (ur_moveit_config) StdoutLine: {'line': b'-- Up-to-date: /home/yadhu/ur3e/install/ur_moveit_config/share/ur_moveit_config/config/joint_limits.yaml\n'}
[0.780112] (ur_moveit_config) StdoutLine: {'line': b'-- Up-to-date: /home/yadhu/ur3e/install/ur_moveit_config/share/ur_moveit_config/config/ur3e\n'}
[0.780223] (ur_moveit_config) StdoutLine: {'line': b'-- Up-to-date: /home/yadhu/ur3e/install/ur_moveit_config/share/ur_moveit_config/config/ur3e/joint_limits.yaml\n'}
[0.780282] (ur_moveit_config) StdoutLine: {'line': b'-- Up-to-date: /home/yadhu/ur3e/install/ur_moveit_config/share/ur_moveit_config/config/ur3e/visual_parameters.yaml\n'}
[0.780338] (ur_moveit_config) StdoutLine: {'line': b'-- Up-to-date: /home/yadhu/ur3e/install/ur_moveit_config/share/ur_moveit_config/config/ur3e/physical_parameters.yaml\n'}
[0.780393] (ur_moveit_config) StdoutLine: {'line': b'-- Up-to-date: /home/yadhu/ur3e/install/ur_moveit_config/share/ur_moveit_config/config/ur3e/default_kinematics.yaml\n'}
[0.780440] (ur_moveit_config) StdoutLine: {'line': b'-- Up-to-date: /home/yadhu/ur3e/install/ur_moveit_config/share/ur_moveit_config/config/ur_servo.yaml\n'}
[0.780477] (ur_moveit_config) StdoutLine: {'line': b'-- Up-to-date: /home/yadhu/ur3e/install/ur_moveit_config/share/ur_moveit_config/config/ompl_planning.yaml\n'}
[0.780514] (ur_moveit_config) StdoutLine: {'line': b'-- Up-to-date: /home/yadhu/ur3e/install/ur_moveit_config/share/ur_moveit_config/launch\n'}
[0.780602] (ur_moveit_config) StdoutLine: {'line': b'-- Up-to-date: /home/yadhu/ur3e/install/ur_moveit_config/share/ur_moveit_config/launch/ur_moveit.launch.py\n'}
[0.780644] (ur_moveit_config) StdoutLine: {'line': b'-- Up-to-date: /home/yadhu/ur3e/install/ur_moveit_config/share/ur_moveit_config/rviz\n'}
[0.780681] (ur_moveit_config) StdoutLine: {'line': b'-- Up-to-date: /home/yadhu/ur3e/install/ur_moveit_config/share/ur_moveit_config/rviz/view_robot.rviz\n'}
[0.780716] (ur_moveit_config) StdoutLine: {'line': b'-- Up-to-date: /home/yadhu/ur3e/install/ur_moveit_config/share/ur_moveit_config/srdf\n'}
[0.780752] (ur_moveit_config) StdoutLine: {'line': b'-- Up-to-date: /home/yadhu/ur3e/install/ur_moveit_config/share/ur_moveit_config/srdf/ur_macro.srdf.xacro\n'}
[0.780819] (ur_moveit_config) StdoutLine: {'line': b'-- Up-to-date: /home/yadhu/ur3e/install/ur_moveit_config/share/ur_moveit_config/srdf/ur.srdf.xacro\n'}
[0.780850] (ur_moveit_config) StdoutLine: {'line': b'-- Up-to-date: /home/yadhu/ur3e/install/ur_moveit_config/share/ur_moveit_config/environment/pythonpath.sh\n'}
[0.780882] (ur_moveit_config) StdoutLine: {'line': b'-- Up-to-date: /home/yadhu/ur3e/install/ur_moveit_config/share/ur_moveit_config/environment/pythonpath.dsv\n'}
[0.780913] (ur_moveit_config) StdoutLine: {'line': b'-- Up-to-date: /home/yadhu/ur3e/install/ur_moveit_config/local/lib/python3.10/dist-packages/ur_moveit_config-2.2.16-py3.10.egg-info\n'}
[0.780949] (ur_moveit_config) StdoutLine: {'line': b'-- Installing: /home/yadhu/ur3e/install/ur_moveit_config/local/lib/python3.10/dist-packages/ur_moveit_config-2.2.16-py3.10.egg-info/top_level.txt\n'}
[0.780981] (ur_moveit_config) StdoutLine: {'line': b'-- Installing: /home/yadhu/ur3e/install/ur_moveit_config/local/lib/python3.10/dist-packages/ur_moveit_config-2.2.16-py3.10.egg-info/PKG-INFO\n'}
[0.781014] (ur_moveit_config) StdoutLine: {'line': b'-- Installing: /home/yadhu/ur3e/install/ur_moveit_config/local/lib/python3.10/dist-packages/ur_moveit_config-2.2.16-py3.10.egg-info/dependency_links.txt\n'}
[0.781049] (ur_moveit_config) StdoutLine: {'line': b'-- Installing: /home/yadhu/ur3e/install/ur_moveit_config/local/lib/python3.10/dist-packages/ur_moveit_config-2.2.16-py3.10.egg-info/SOURCES.txt\n'}
[0.781082] (ur_moveit_config) StdoutLine: {'line': b'-- Up-to-date: /home/yadhu/ur3e/install/ur_moveit_config/local/lib/python3.10/dist-packages/ur_moveit_config\n'}
[0.781117] (ur_moveit_config) StdoutLine: {'line': b'-- Up-to-date: /home/yadhu/ur3e/install/ur_moveit_config/local/lib/python3.10/dist-packages/ur_moveit_config/launch_common.py\n'}
[0.781186] (ur_moveit_config) StdoutLine: {'line': b'-- Up-to-date: /home/yadhu/ur3e/install/ur_moveit_config/local/lib/python3.10/dist-packages/ur_moveit_config/__init__.py\n'}
[0.801002] (-) TimerEvent: {}
[0.807445] (ur_moveit_config) StdoutLine: {'line': b"Listing '/home/yadhu/ur3e/install/ur_moveit_config/local/lib/python3.10/dist-packages/ur_moveit_config'...\n"}
[0.811266] (ur_moveit_config) StdoutLine: {'line': b'-- Up-to-date: /home/yadhu/ur3e/install/ur_moveit_config/local/lib/python3.10/dist-packages/launch_common.py\n'}
[0.842562] (ur_moveit_config) StdoutLine: {'line': b'-- Up-to-date: /home/yadhu/ur3e/install/ur_moveit_config/share/ament_index/resource_index/package_run_dependencies/ur_moveit_config\n'}
[0.842771] (ur_moveit_config) StdoutLine: {'line': b'-- Up-to-date: /home/yadhu/ur3e/install/ur_moveit_config/share/ament_index/resource_index/parent_prefix_path/ur_moveit_config\n'}
[0.842836] (ur_moveit_config) StdoutLine: {'line': b'-- Up-to-date: /home/yadhu/ur3e/install/ur_moveit_config/share/ur_moveit_config/environment/ament_prefix_path.sh\n'}
[0.842918] (ur_moveit_config) StdoutLine: {'line': b'-- Up-to-date: /home/yadhu/ur3e/install/ur_moveit_config/share/ur_moveit_config/environment/ament_prefix_path.dsv\n'}
[0.842963] (ur_moveit_config) StdoutLine: {'line': b'-- Up-to-date: /home/yadhu/ur3e/install/ur_moveit_config/share/ur_moveit_config/environment/path.sh\n'}
[0.843000] (ur_moveit_config) StdoutLine: {'line': b'-- Up-to-date: /home/yadhu/ur3e/install/ur_moveit_config/share/ur_moveit_config/environment/path.dsv\n'}
[0.843035] (ur_moveit_config) StdoutLine: {'line': b'-- Up-to-date: /home/yadhu/ur3e/install/ur_moveit_config/share/ur_moveit_config/local_setup.bash\n'}
[0.843069] (ur_moveit_config) StdoutLine: {'line': b'-- Up-to-date: /home/yadhu/ur3e/install/ur_moveit_config/share/ur_moveit_config/local_setup.sh\n'}
[0.843102] (ur_moveit_config) StdoutLine: {'line': b'-- Up-to-date: /home/yadhu/ur3e/install/ur_moveit_config/share/ur_moveit_config/local_setup.zsh\n'}
[0.843144] (ur_moveit_config) StdoutLine: {'line': b'-- Up-to-date: /home/yadhu/ur3e/install/ur_moveit_config/share/ur_moveit_config/local_setup.dsv\n'}
[0.843179] (ur_moveit_config) StdoutLine: {'line': b'-- Up-to-date: /home/yadhu/ur3e/install/ur_moveit_config/share/ur_moveit_config/package.dsv\n'}
[0.843212] (ur_moveit_config) StdoutLine: {'line': b'-- Up-to-date: /home/yadhu/ur3e/install/ur_moveit_config/share/ament_index/resource_index/packages/ur_moveit_config\n'}
[0.843244] (ur_moveit_config) StdoutLine: {'line': b'-- Up-to-date: /home/yadhu/ur3e/install/ur_moveit_config/share/ur_moveit_config/cmake/ur_moveit_configConfig.cmake\n'}
[0.843278] (ur_moveit_config) StdoutLine: {'line': b'-- Up-to-date: /home/yadhu/ur3e/install/ur_moveit_config/share/ur_moveit_config/cmake/ur_moveit_configConfig-version.cmake\n'}
[0.843311] (ur_moveit_config) StdoutLine: {'line': b'-- Up-to-date: /home/yadhu/ur3e/install/ur_moveit_config/share/ur_moveit_config/package.xml\n'}
[0.844639] (ur_moveit_config) CommandEnded: {'returncode': 0}
[0.878332] (ur_moveit_config) JobEnded: {'identifier': 'ur_moveit_config', 'rc': 0}
[0.901143] (-) TimerEvent: {}
[0.936330] (pyfile) StdoutLine: {'line': b'running egg_info\n'}
[0.936930] (pyfile) StdoutLine: {'line': b'writing ../../build/pyfile/pyfile.egg-info/PKG-INFO\n'}
[0.937094] (pyfile) StdoutLine: {'line': b'writing dependency_links to ../../build/pyfile/pyfile.egg-info/dependency_links.txt\n'}
[0.937211] (pyfile) StdoutLine: {'line': b'writing entry points to ../../build/pyfile/pyfile.egg-info/entry_points.txt\n'}
[0.937301] (pyfile) StdoutLine: {'line': b'writing requirements to ../../build/pyfile/pyfile.egg-info/requires.txt\n'}
[0.937338] (pyfile) StdoutLine: {'line': b'writing top-level names to ../../build/pyfile/pyfile.egg-info/top_level.txt\n'}
[0.938651] (pyfile) StdoutLine: {'line': b"reading manifest file '../../build/pyfile/pyfile.egg-info/SOURCES.txt'\n"}
[0.939081] (pyfile) StdoutLine: {'line': b"writing manifest file '../../build/pyfile/pyfile.egg-info/SOURCES.txt'\n"}
[0.939214] (pyfile) StdoutLine: {'line': b'running build\n'}
[0.939263] (pyfile) StdoutLine: {'line': b'running build_py\n'}
[0.939316] (pyfile) StdoutLine: {'line': b'running install\n'}
[0.939613] (pyfile) StdoutLine: {'line': b'running install_lib\n'}
[0.940356] (pyfile) StdoutLine: {'line': b'running install_data\n'}
[0.940449] (pyfile) StdoutLine: {'line': b'running install_egg_info\n'}
[0.941470] (pyfile) StdoutLine: {'line': b"removing '/home/yadhu/ur3e/install/pyfile/lib/python3.10/site-packages/pyfile-0.0.0-py3.10.egg-info' (and everything under it)\n"}
[0.941555] (pyfile) StdoutLine: {'line': b'Copying ../../build/pyfile/pyfile.egg-info to /home/yadhu/ur3e/install/pyfile/lib/python3.10/site-packages/pyfile-0.0.0-py3.10.egg-info\n'}
[0.942096] (pyfile) StdoutLine: {'line': b'running install_scripts\n'}
[0.958324] (pyfile) StdoutLine: {'line': b'Installing move_bot script to /home/yadhu/ur3e/install/pyfile/lib/pyfile\n'}
[0.958495] (pyfile) StdoutLine: {'line': b"writing list of installed files to '/home/yadhu/ur3e/build/pyfile/install.log'\n"}
[0.977116] (pyfile) CommandEnded: {'returncode': 0}
[0.982098] (pyfile) JobEnded: {'identifier': 'pyfile', 'rc': 0}
[0.982586] (-) EventReactorShutdown: {}
